# q  S_avg  S_stderr  n_modes
5.000000000000000104e-04 6.075000000000000000e+03 0.000000000000000000e+00 1.000000000000000000e+00
2.050000000000000086e-02 5.671984999999999388e-01 4.271604999999999985e-01 2.000000000000000000e+00
2.949999999999999845e-02 2.878994666666666813e+00 1.695875986632015220e+00 3.000000000000000000e+00
3.650000000000000466e-02 1.243659999999999988e+00 0.000000000000000000e+00 1.000000000000000000e+00
4.150000000000000216e-02 3.198605000000000143e+00 1.934197073342062589e+00 3.000000000000000000e+00
4.649999999999999967e-02 4.441869999999998875e+00 1.173139853904895835e+00 6.000000000000000000e+00
5.150000000000000411e-02 1.419252000000000180e+00 2.758079993111149930e-01 3.000000000000000000e+00
5.949999999999999734e-02 1.255968000000000018e+01 2.171144314810356857e+00 3.000000000000000000e+00
6.250000000000000000e-02 6.658359999999999168e+00 1.488717553428677398e+00 6.000000000000000000e+00
6.650000000000000355e-02 1.048018433333333199e+01 6.553235969452351206e+00 6.000000000000000000e+00
6.950000000000000622e-02 6.486659999999999648e+00 2.868638166540585566e+00 3.000000000000000000e+00
7.250000000000000888e-02 9.365560000000000329e+00 0.000000000000000000e+00 1.000000000000000000e+00
7.549999999999999767e-02 1.923049999999999571e+01 2.953039313430599666e+00 6.000000000000000000e+00
7.850000000000000033e-02 8.038685000000000969e+00 3.325504155828356900e+00 6.000000000000000000e+00
8.350000000000000477e-02 1.513564000000000043e+01 7.664117297047326360e+00 3.000000000000000000e+00
8.650000000000000744e-02 1.823675666666666473e+01 2.650316462946767704e+00 9.000000000000000000e+00
8.849999999999999534e-02 1.871338049999999953e+01 6.036132694978928903e+00 6.000000000000000000e+00
9.149999999999999800e-02 1.330587666666666813e+01 5.862321539072876675e+00 3.000000000000000000e+00
9.349999999999999978e-02 2.392194333333333134e+01 4.702097689047351814e+00 6.000000000000000000e+00
9.550000000000000155e-02 1.979329333333333096e+01 6.430585921919644399e+00 6.000000000000000000e+00
9.850000000000000422e-02 3.852991999999999706e+01 2.479247199406303537e+01 3.000000000000000000e+00
1.025000000000000078e-01 1.517870333333333122e+01 5.461143692061622090e+00 3.000000000000000000e+00
1.045000000000000095e-01 1.114379444444444545e+01 3.094798332088911863e+00 9.000000000000000000e+00
1.064999999999999974e-01 2.091303416666666593e+01 3.744255291627359927e+00 1.200000000000000000e+01
1.084999999999999992e-01 9.160849999999999937e+00 2.999141168918195710e+00 4.000000000000000000e+00
1.125000000000000028e-01 2.067417833333333377e+01 8.747975609905399352e+00 1.200000000000000000e+01
1.145000000000000046e-01 1.782176333333333318e+01 5.227203119605274395e+00 6.000000000000000000e+00
1.185000000000000081e-01 1.784868666666666925e+01 7.117966395596740270e+00 3.000000000000000000e+00
1.204999999999999960e-01 1.656882333333333079e+01 3.701643145362760734e+00 6.000000000000000000e+00
1.224999999999999978e-01 1.604451000000000249e+01 3.304853107761035247e+00 9.000000000000000000e+00
1.234999999999999987e-01 8.610016666666666652e+00 1.857809372742830867e+00 6.000000000000000000e+00
1.255000000000000004e-01 1.273241333333333358e+01 3.692233822306551616e+00 6.000000000000000000e+00
1.275000000000000022e-01 6.405258333333333276e+00 1.402683426425736624e+00 6.000000000000000000e+00
1.295000000000000040e-01 1.145232777777777677e+01 1.820930243947198379e+00 9.000000000000000000e+00
1.325000000000000067e-01 1.937504166666666450e+01 4.217823952000538945e+00 6.000000000000000000e+00
1.345000000000000084e-01 1.610906999999999911e+01 3.038617968199640806e+00 1.500000000000000000e+01
1.355000000000000093e-01 6.959186666666666632e+00 1.670075630721887805e+00 6.000000000000000000e+00
1.375000000000000111e-01 1.208774000000000193e+01 5.784882346853161827e+00 3.000000000000000000e+00
1.385000000000000120e-01 1.090032999999999852e+01 3.067535557560824522e+00 3.000000000000000000e+00
1.405000000000000138e-01 1.343908500000000039e+01 2.995465389188045169e+00 1.200000000000000000e+01
1.425000000000000155e-01 8.763841666666666086e+00 2.988782995724086788e+00 6.000000000000000000e+00
1.454999999999999905e-01 1.149680000000000035e+01 0.000000000000000000e+00 1.000000000000000000e+00
1.464999999999999913e-01 7.523602222222223190e+00 2.426565985725493757e+00 9.000000000000000000e+00
1.484999999999999931e-01 1.004748533333333071e+01 2.152015697299331620e+00 1.500000000000000000e+01
1.494999999999999940e-01 8.119284999999999641e+00 1.433230622009242561e+00 6.000000000000000000e+00
1.514999999999999958e-01 6.987661666666667770e+00 2.486087943554983415e+00 6.000000000000000000e+00
1.524999999999999967e-01 7.490082500000000643e+00 1.140430645514657115e+00 1.200000000000000000e+01
1.534999999999999976e-01 6.330965833333333848e+00 1.166973357395920674e+00 1.200000000000000000e+01
1.565000000000000002e-01 6.380446666666666822e+00 1.068135960701840803e+00 6.000000000000000000e+00
1.585000000000000020e-01 8.239151666666666429e+00 2.166896701365674804e+00 6.000000000000000000e+00
1.595000000000000029e-01 9.080688333333332807e+00 2.171066453436216737e+00 6.000000000000000000e+00
1.605000000000000038e-01 4.743571111111111627e+00 7.679163069802820152e-01 9.000000000000000000e+00
1.635000000000000064e-01 5.833487500000000381e+00 1.318620795274552115e+00 1.200000000000000000e+01
1.645000000000000073e-01 6.799550833333332100e+00 1.258856101569907571e+00 1.200000000000000000e+01
1.675000000000000100e-01 3.964779999999999749e+00 9.856572857912295760e-01 3.000000000000000000e+00
1.685000000000000109e-01 6.240961388888889516e+00 1.571085478075869846e+00 1.800000000000000000e+01
1.705000000000000127e-01 5.587466666666667692e+00 7.345678286092972575e-01 1.200000000000000000e+01
1.715000000000000135e-01 4.933796666666666830e+00 1.733086288834010835e+00 3.000000000000000000e+00
1.725000000000000144e-01 4.742778888888889099e+00 6.766251026816935132e-01 9.000000000000000000e+00
1.735000000000000153e-01 5.339337499999999181e+00 1.459049006587138875e+00 1.200000000000000000e+01
1.754999999999999893e-01 4.534878333333333345e+00 7.624268123101680672e-01 6.000000000000000000e+00
1.774999999999999911e-01 3.580238333333333856e+00 9.450165733270387003e-01 6.000000000000000000e+00
1.784999999999999920e-01 5.583645555555555084e+00 1.616563071171461807e+00 9.000000000000000000e+00
1.804999999999999938e-01 4.819043888888888461e+00 6.972551817153093134e-01 1.800000000000000000e+01
1.814999999999999947e-01 4.949231428571429170e+00 6.860962031787717352e-01 7.000000000000000000e+00
1.824999999999999956e-01 4.197339999999999627e+00 3.515292164718791246e-01 3.000000000000000000e+00
1.834999999999999964e-01 4.629878083333332839e+00 1.184396913628904091e+00 1.200000000000000000e+01
1.844999999999999973e-01 3.898581666666666390e+00 9.059976472501338751e-01 6.000000000000000000e+00
1.875000000000000000e-01 3.036818333333333175e+00 4.349182982232921435e-01 6.000000000000000000e+00
1.885000000000000009e-01 4.164678666666666196e+00 7.340213479832252697e-01 1.500000000000000000e+01
1.895000000000000018e-01 3.768791111111111203e+00 3.388855129335489047e-01 9.000000000000000000e+00
1.905000000000000027e-01 4.174068888888888829e+00 9.300678564304454277e-01 9.000000000000000000e+00
1.915000000000000036e-01 5.255971666666666486e+00 1.140639447492550751e+00 6.000000000000000000e+00
1.935000000000000053e-01 5.454092499999998900e+00 1.435571294215632898e+00 1.200000000000000000e+01
1.945000000000000062e-01 3.912514133333333088e+00 6.517249875176963636e-01 1.500000000000000000e+01
1.965000000000000080e-01 4.153966666666666363e+00 1.345995639793994725e+00 3.000000000000000000e+00
1.975000000000000089e-01 2.779720476190476131e+00 3.113917813313365479e-01 2.100000000000000000e+01
1.985000000000000098e-01 3.064311166666666697e+00 4.079866096856599733e-01 1.800000000000000000e+01
1.995000000000000107e-01 2.755253333333333554e+00 4.022316250260676296e-01 6.000000000000000000e+00
2.015000000000000124e-01 2.348493333333333322e+00 4.265370795188203057e-01 6.000000000000000000e+00
2.035000000000000142e-01 3.415721666666666767e+00 6.927989751372781724e-01 1.200000000000000000e+01
2.055000000000000160e-01 2.940560000000000063e+00 9.649181308795063972e-01 3.000000000000000000e+00
2.065000000000000169e-01 4.118193999999999022e+00 8.732767180684737340e-01 9.000000000000000000e+00
2.075000000000000178e-01 2.540888000000000257e+00 3.335189267981225614e-01 1.500000000000000000e+01
2.085000000000000187e-01 4.764881111111111345e+00 1.066826486527584494e+00 9.000000000000000000e+00
2.094999999999999918e-01 3.482705555555555499e+00 8.340565837521508596e-01 9.000000000000000000e+00
2.104999999999999927e-01 3.330371666666666730e+00 3.316954106494296450e-01 2.400000000000000000e+01
2.114999999999999936e-01 3.976876666666666171e+00 1.388636620710320235e+00 6.000000000000000000e+00
2.134999999999999953e-01 2.411887499999999740e+00 3.726702416003078722e-01 1.200000000000000000e+01
2.144999999999999962e-01 3.108584166666666704e+00 4.473425712496069684e-01 1.200000000000000000e+01
2.154999999999999971e-01 3.102579166666666666e+00 3.099172873219522284e-01 1.200000000000000000e+01
2.164999999999999980e-01 2.758141111111111154e+00 5.031858361465044727e-01 9.000000000000000000e+00
2.174999999999999989e-01 1.547052749999999977e+00 3.055884514384706319e-01 4.000000000000000000e+00
2.184999999999999998e-01 2.824079999999999924e+00 2.789303879242556738e-01 1.200000000000000000e+01
2.195000000000000007e-01 2.287552388888888899e+00 2.862414820010848460e-01 1.800000000000000000e+01
2.225000000000000033e-01 2.912197866666667245e+00 5.294115100599717794e-01 1.500000000000000000e+01
2.235000000000000042e-01 2.082247500000000251e+00 3.174777919126785530e-01 1.200000000000000000e+01
2.245000000000000051e-01 2.413030000000000452e+00 3.854355143211378176e-01 6.000000000000000000e+00
2.255000000000000060e-01 1.773356666666666470e+00 2.138746670058627730e-01 1.200000000000000000e+01
2.265000000000000069e-01 2.420982555555555749e+00 3.153460918461109541e-01 1.800000000000000000e+01
2.275000000000000078e-01 1.789084000000000119e+00 3.348770661543409854e-01 9.000000000000000000e+00
2.295000000000000095e-01 2.477368333333333172e+00 2.241657243561359925e-01 6.000000000000000000e+00
2.305000000000000104e-01 2.426596749999999858e+00 4.396900057316057153e-01 1.200000000000000000e+01
2.315000000000000113e-01 1.784852277777777552e+00 1.556276461205345629e-01 1.800000000000000000e+01
2.325000000000000122e-01 2.398761666666666681e+00 3.909641239416277170e-01 6.000000000000000000e+00
2.345000000000000140e-01 1.891064041666666640e+00 1.592294217063888462e-01 2.400000000000000000e+01
2.355000000000000149e-01 1.644367444444444271e+00 1.798716512039935933e-01 1.800000000000000000e+01
2.365000000000000158e-01 7.756833333333332803e-01 2.454810580081032978e-01 3.000000000000000000e+00
2.375000000000000167e-01 1.828819888888889134e+00 1.230087696890124344e-01 1.800000000000000000e+01
2.385000000000000175e-01 1.689753999999999978e+00 2.647349736795959751e-01 1.200000000000000000e+01
2.394999999999999907e-01 2.584729933333333562e+00 4.354068734834937171e-01 1.500000000000000000e+01
2.404999999999999916e-01 1.755397000000000096e+00 2.038629857976512194e-01 6.000000000000000000e+00
2.414999999999999925e-01 2.037210333333333789e+00 1.052954964100385915e+00 6.000000000000000000e+00
2.424999999999999933e-01 1.736064809523809371e+00 1.853040117067551174e-01 2.100000000000000000e+01
2.444999999999999951e-01 2.034793111111111497e+00 5.771595377279300498e-01 9.000000000000000000e+00
2.454999999999999960e-01 1.564835799999999999e+00 1.900309882842970699e-01 1.500000000000000000e+01
2.464999999999999969e-01 1.613727428571428701e+00 1.256935588928120850e-01 2.100000000000000000e+01
2.474999999999999978e-01 1.938491333333333344e+00 3.199790080100742284e-01 6.000000000000000000e+00
2.484999999999999987e-01 2.113448583333333186e+00 3.309830659039654233e-01 1.200000000000000000e+01
2.494999999999999996e-01 1.350275166666666804e+00 1.362435281448668156e-01 6.000000000000000000e+00
2.515000000000000013e-01 1.832964999999999733e+00 2.983066643880645241e-01 6.000000000000000000e+00
2.525000000000000022e-01 1.504846611111111176e+00 1.779647322164979173e-01 1.800000000000000000e+01
2.535000000000000031e-01 1.594089147058823430e+00 1.435492752517954773e-01 3.400000000000000000e+01
2.545000000000000040e-01 1.041744333333333383e+00 1.181051661589976459e-01 6.000000000000000000e+00
2.555000000000000049e-01 1.175527749999999871e+00 1.336368903545671061e-01 2.400000000000000000e+01
2.565000000000000058e-01 1.358353200000000260e+00 1.545773325984733382e-01 1.500000000000000000e+01
2.585000000000000075e-01 1.415585777777777832e+00 2.732705818599527881e-01 9.000000000000000000e+00
2.595000000000000084e-01 1.246115060606060698e+00 1.014686524597709499e-01 3.300000000000000000e+01
2.605000000000000093e-01 1.386991000000000085e+00 1.865936676286771012e-01 1.200000000000000000e+01
2.625000000000000111e-01 1.007157916666666431e+00 1.094619874265517767e-01 1.200000000000000000e+01
2.635000000000000120e-01 1.156005250000000206e+00 1.980400114665814837e-01 1.200000000000000000e+01
2.645000000000000129e-01 1.034872333333333394e+00 7.530583782180799712e-02 6.000000000000000000e+00
2.655000000000000138e-01 1.067281333333333304e+00 1.089044952852698811e-01 2.400000000000000000e+01
2.665000000000000147e-01 1.165370200000000356e+00 1.471872674356492494e-01 1.500000000000000000e+01
2.675000000000000155e-01 1.068075666666666645e+00 1.816972370055319752e-01 3.000000000000000000e+00
2.685000000000000164e-01 1.146098666666666821e+00 1.023286217058349407e-01 1.500000000000000000e+01
2.695000000000000173e-01 1.143419296296296350e+00 9.261293985240337534e-02 2.700000000000000000e+01
2.715000000000000191e-01 9.469658333333333955e-01 1.874151845995794818e-01 6.000000000000000000e+00
2.725000000000000200e-01 1.001034266666666728e+00 8.269776943392910529e-02 1.500000000000000000e+01
2.735000000000000209e-01 1.046480820512820431e+00 6.526765894098549015e-02 3.900000000000000000e+01
2.745000000000000218e-01 8.125476666666665571e-01 1.336438740163989058e-01 3.000000000000000000e+00
2.755000000000000226e-01 1.038292333333333373e+00 7.747051606597041284e-02 2.400000000000000000e+01
2.765000000000000235e-01 1.203739944444444543e+00 1.261738024702193928e-01 1.800000000000000000e+01
2.775000000000000244e-01 1.556610000000000049e+00 1.619960342107176765e-01 3.000000000000000000e+00
2.785000000000000253e-01 1.051824833333333098e+00 2.071321250278698733e-01 6.000000000000000000e+00
2.795000000000000262e-01 9.034253333333333025e-01 8.529981185395800469e-02 1.500000000000000000e+01
2.805000000000000271e-01 1.042183333333333461e+00 7.601240651860251274e-02 2.700000000000000000e+01
2.815000000000000280e-01 1.095580055555555488e+00 1.224001356912580440e-01 1.800000000000000000e+01
2.825000000000000289e-01 1.000252888888889080e+00 8.315109111349824889e-02 1.800000000000000000e+01
2.845000000000000306e-01 8.923222777777777281e-01 6.833610843018443626e-02 3.600000000000000000e+01
2.855000000000000315e-01 9.199670555555558016e-01 8.729777476307623574e-02 1.800000000000000000e+01
2.865000000000000324e-01 9.986410000000000009e-01 1.575770730977913148e-01 6.000000000000000000e+00
2.875000000000000333e-01 8.338727083333333789e-01 8.734605779635010170e-02 2.400000000000000000e+01
2.884999999999999787e-01 9.804331666666667999e-01 1.851834095381147405e-01 6.000000000000000000e+00
2.904999999999999805e-01 8.807944000000000884e-01 1.002932629029266165e-01 1.000000000000000000e+01
2.914999999999999813e-01 9.257005454545453871e-01 6.319679034772225645e-02 3.300000000000000000e+01
2.924999999999999822e-01 9.226837500000000247e-01 1.309680270227400467e-01 1.200000000000000000e+01
2.934999999999999831e-01 8.535604814814815589e-01 6.679821213482035891e-02 2.700000000000000000e+01
2.944999999999999840e-01 9.251145333333333776e-01 1.358493563088617184e-01 1.500000000000000000e+01
2.964999999999999858e-01 8.361348484848484253e-01 5.653315372783480203e-02 3.300000000000000000e+01
2.974999999999999867e-01 7.704527500000000195e-01 8.485886375794678138e-02 1.200000000000000000e+01
2.984999999999999876e-01 7.398129166666667089e-01 4.828910249130787674e-02 1.200000000000000000e+01
2.994999999999999885e-01 6.785030833333332012e-01 5.056049884698028685e-02 2.400000000000000000e+01
3.004999999999999893e-01 6.795136999999999983e-01 5.484229044312993046e-02 3.000000000000000000e+01
3.024999999999999911e-01 7.595408055555555871e-01 5.948686992117471761e-02 3.600000000000000000e+01
3.034999999999999920e-01 8.159409166666667934e-01 9.305362951964674112e-02 1.200000000000000000e+01
3.044999999999999929e-01 7.255881428571429037e-01 4.683403515882977874e-02 2.100000000000000000e+01
3.054999999999999938e-01 6.452264166666666911e-01 9.231055786381184292e-02 1.200000000000000000e+01
3.064999999999999947e-01 7.942149999999998933e-01 9.845595789658101449e-02 9.000000000000000000e+00
3.074999999999999956e-01 9.021089166666667047e-01 9.088631236092456489e-02 1.200000000000000000e+01
3.084999999999999964e-01 6.768650833333332839e-01 6.186643213425270516e-02 1.200000000000000000e+01
3.094999999999999973e-01 7.126385666666666951e-01 6.053070536878742136e-02 3.000000000000000000e+01
3.114999999999999991e-01 6.549410666666666270e-01 4.428583213115987183e-02 3.000000000000000000e+01
3.125000000000000000e-01 5.848330555555555366e-01 3.715118741172516309e-02 1.800000000000000000e+01
3.135000000000000009e-01 7.265936666666665822e-01 1.336086203473080825e-01 6.000000000000000000e+00
3.145000000000000018e-01 7.473763076923076731e-01 3.747241916339300039e-02 3.900000000000000000e+01
3.155000000000000027e-01 6.227888000000000313e-01 5.524610346795854471e-02 1.500000000000000000e+01
3.165000000000000036e-01 6.222132500000000510e-01 4.941665400153502641e-02 2.400000000000000000e+01
3.175000000000000044e-01 6.322129666666665981e-01 4.046011122070620331e-02 3.000000000000000000e+01
3.195000000000000062e-01 5.520934074074074216e-01 3.502292035579845919e-02 2.700000000000000000e+01
3.205000000000000071e-01 6.619730000000001446e-01 5.161724835839230641e-02 3.000000000000000000e+01
3.215000000000000080e-01 5.618941333333332677e-01 4.015254214069931965e-02 1.500000000000000000e+01
3.225000000000000089e-01 5.875521111111111638e-01 5.293531277420152059e-02 1.800000000000000000e+01
3.235000000000000098e-01 6.725765000000000216e-01 7.260035201940077954e-02 1.200000000000000000e+01
3.255000000000000115e-01 5.882075384615383928e-01 3.792678762014162902e-02 3.900000000000000000e+01
3.265000000000000124e-01 6.159654615384615450e-01 6.895367323629048029e-02 1.300000000000000000e+01
3.275000000000000133e-01 6.258804444444443504e-01 3.452120811270983219e-02 3.600000000000000000e+01
3.285000000000000142e-01 5.745529999999999804e-01 5.603176658399122712e-02 1.800000000000000000e+01
3.295000000000000151e-01 5.848159166666666575e-01 5.642293739741310876e-02 1.200000000000000000e+01
3.305000000000000160e-01 6.020471666666666888e-01 5.827979691314073840e-02 1.800000000000000000e+01
3.315000000000000169e-01 5.517240222222221657e-01 3.191011541805236634e-02 4.500000000000000000e+01
3.335000000000000187e-01 5.674390666666666583e-01 4.704347909765327351e-02 3.000000000000000000e+01
3.355000000000000204e-01 5.930446666666667754e-01 3.758047876207770005e-02 3.000000000000000000e+01
3.365000000000000213e-01 5.707238333333332081e-01 8.130989197460367079e-02 1.200000000000000000e+01
3.375000000000000222e-01 5.653223333333332601e-01 4.104313189544595702e-02 3.000000000000000000e+01
3.385000000000000231e-01 5.285879333333333152e-01 3.362124379894879111e-02 3.000000000000000000e+01
3.395000000000000240e-01 6.423584444444444541e-01 6.190926571382759230e-02 9.000000000000000000e+00
3.405000000000000249e-01 5.346846333333332701e-01 3.566416319428002135e-02 3.000000000000000000e+01
3.415000000000000258e-01 5.140496333333333112e-01 3.128812156440040348e-02 3.000000000000000000e+01
3.425000000000000266e-01 5.056925555555555896e-01 6.383215763432320555e-02 9.000000000000000000e+00
3.435000000000000275e-01 4.694475555555554513e-01 3.017645242399329478e-02 3.600000000000000000e+01
3.445000000000000284e-01 5.698082916666666886e-01 2.804143026802259631e-02 2.400000000000000000e+01
3.455000000000000293e-01 5.982809999999999517e-01 6.583649577298800182e-02 9.000000000000000000e+00
3.465000000000000302e-01 5.255097575757576855e-01 2.954654356249792821e-02 3.300000000000000000e+01
3.475000000000000311e-01 4.940471851851851448e-01 3.424583378745254397e-02 2.700000000000000000e+01
3.485000000000000320e-01 4.776268333333333893e-01 3.999480080070887816e-02 1.200000000000000000e+01
3.495000000000000329e-01 5.140630952380951246e-01 4.075101871188854114e-02 2.100000000000000000e+01
3.505000000000000338e-01 4.305298333333332228e-01 4.669011397103007416e-02 6.000000000000000000e+00
3.515000000000000346e-01 5.060928666666666409e-01 2.765017568873257003e-02 4.500000000000000000e+01
3.524999999999999800e-01 3.801204444444444275e-01 4.086656054707235586e-02 9.000000000000000000e+00
3.534999999999999809e-01 4.594714583333333047e-01 4.060180752272297272e-02 2.400000000000000000e+01
3.544999999999999818e-01 4.655222777777777710e-01 3.638065036201847818e-02 1.800000000000000000e+01
3.554999999999999827e-01 5.687601666666666222e-01 5.151533877944617507e-02 6.000000000000000000e+00
3.564999999999999836e-01 4.629409629629629985e-01 2.299648001442356968e-02 5.400000000000000000e+01
3.574999999999999845e-01 5.153670000000000195e-01 3.901315032219142276e-02 2.100000000000000000e+01
3.584999999999999853e-01 5.227296333333333322e-01 2.627509044539627636e-02 3.000000000000000000e+01
3.594999999999999862e-01 4.816672380952380372e-01 2.589018621251291952e-02 2.100000000000000000e+01
3.604999999999999871e-01 4.781679523809523880e-01 2.724075698261719386e-02 4.200000000000000000e+01
3.614999999999999880e-01 5.311474166666666497e-01 5.305797976991322162e-02 1.200000000000000000e+01
3.624999999999999889e-01 4.879039677419355625e-01 2.499941826839236630e-02 3.100000000000000000e+01
3.634999999999999898e-01 4.995750333333333626e-01 2.342859668534991863e-02 3.000000000000000000e+01
3.654999999999999916e-01 4.983586060606061130e-01 2.768093215533973944e-02 3.300000000000000000e+01
3.664999999999999925e-01 4.701403809523809763e-01 2.382024336023760153e-02 4.200000000000000000e+01
3.674999999999999933e-01 4.915493333333333381e-01 4.203814287541900868e-02 1.200000000000000000e+01
3.684999999999999942e-01 4.776990333333333560e-01 2.586157755722255994e-02 3.000000000000000000e+01
3.694999999999999951e-01 4.804759999999999587e-01 9.710341861300936239e-02 6.000000000000000000e+00
3.704999999999999960e-01 4.338203333333333633e-01 3.247491554689215659e-02 1.500000000000000000e+01
3.714999999999999969e-01 4.682954333333332886e-01 2.398923515663238179e-02 6.000000000000000000e+01
3.724999999999999978e-01 4.414906666666666424e-01 2.950190573029061805e-02 1.800000000000000000e+01
3.734999999999999987e-01 5.156361666666665622e-01 4.095575252717247039e-02 1.800000000000000000e+01
3.744999999999999996e-01 4.126316666666667299e-01 2.850384604419393952e-02 6.000000000000000000e+00
3.755000000000000004e-01 4.944866190476190360e-01 2.582415523738740629e-02 4.200000000000000000e+01
3.765000000000000013e-01 4.832636666666666470e-01 2.438133134463234958e-02 2.700000000000000000e+01
3.775000000000000022e-01 4.667438999999999893e-01 2.406331999276841230e-02 3.000000000000000000e+01
3.785000000000000031e-01 4.510689393939394387e-01 3.117488650771362002e-02 3.300000000000000000e+01
3.795000000000000040e-01 4.887141999999999320e-01 2.581480787908248600e-02 4.500000000000000000e+01
3.805000000000000049e-01 4.540604999999999780e-01 3.419114546471635485e-02 1.200000000000000000e+01
3.815000000000000058e-01 4.156816111111110712e-01 2.863774252467195594e-02 1.800000000000000000e+01
3.825000000000000067e-01 4.435674722222222033e-01 2.359966233325444529e-02 3.600000000000000000e+01
3.835000000000000075e-01 5.414926666666666222e-01 7.403033712862437665e-02 6.000000000000000000e+00
3.845000000000000084e-01 4.135912666666666238e-01 2.995303420745577469e-02 1.500000000000000000e+01
3.855000000000000093e-01 4.648341111111111146e-01 2.112930299973877352e-02 4.500000000000000000e+01
3.865000000000000102e-01 4.407512592592592315e-01 2.020250041721931289e-02 5.400000000000000000e+01
3.875000000000000111e-01 4.287844444444443015e-01 2.243734676861760050e-02 2.700000000000000000e+01
3.885000000000000120e-01 4.436585333333333825e-01 4.482303377780612330e-02 1.500000000000000000e+01
3.895000000000000129e-01 4.597696333333332608e-01 2.440042686594215068e-02 3.000000000000000000e+01
3.905000000000000138e-01 4.917104666666666790e-01 4.862653045346323338e-02 1.500000000000000000e+01
3.915000000000000147e-01 4.702485370370370621e-01 1.824545215941623250e-02 5.400000000000000000e+01
3.925000000000000155e-01 3.823143333333333671e-01 2.783709241481787180e-02 3.000000000000000000e+00
3.935000000000000164e-01 4.862187037037037363e-01 3.411905545037381693e-02 2.700000000000000000e+01
3.945000000000000173e-01 4.155942222222222537e-01 2.113856241399436273e-02 3.600000000000000000e+01
3.955000000000000182e-01 5.071820303030303290e-01 3.004339783570054295e-02 3.300000000000000000e+01
3.965000000000000191e-01 5.034892222222222546e-01 5.142045750201032495e-02 9.000000000000000000e+00
3.975000000000000200e-01 4.652658333333332674e-01 2.174854046847121344e-02 3.600000000000000000e+01
3.985000000000000209e-01 4.727514999999999912e-01 2.298743362820042380e-02 3.000000000000000000e+01
3.995000000000000218e-01 4.067919999999999869e-01 3.140406773974255272e-02 1.900000000000000000e+01
4.005000000000000226e-01 4.548249999999999793e-01 2.120414716884250206e-02 5.400000000000000000e+01
4.025000000000000244e-01 4.418825714285714579e-01 1.763505725300607008e-02 6.300000000000000000e+01
4.035000000000000253e-01 4.714615999999999807e-01 2.673738257311567001e-02 3.000000000000000000e+01
4.045000000000000262e-01 4.421438888888888363e-01 3.521443623625376829e-02 1.800000000000000000e+01
4.055000000000000271e-01 4.726721190476190770e-01 2.241932729062132146e-02 4.200000000000000000e+01
4.065000000000000280e-01 4.681736666666666546e-01 2.171716884223772251e-02 4.200000000000000000e+01
4.075000000000000289e-01 4.310740303030303200e-01 2.283129942911989174e-02 3.300000000000000000e+01
4.085000000000000298e-01 4.137283666666665694e-01 2.587847643796938046e-02 3.000000000000000000e+01
4.095000000000000306e-01 4.547745000000000259e-01 2.874278887338000202e-02 1.200000000000000000e+01
4.105000000000000315e-01 4.363850666666665434e-01 2.617021057095746464e-02 1.500000000000000000e+01
4.115000000000000324e-01 4.472373636363636273e-01 2.243335720186005744e-02 3.300000000000000000e+01
4.125000000000000333e-01 4.457110000000000238e-01 3.424534698489624385e-02 2.400000000000000000e+01
4.135000000000000342e-01 4.346773166666666466e-01 1.787581250725761919e-02 6.000000000000000000e+01
4.145000000000000351e-01 4.440092000000000483e-01 3.236328265829892248e-02 1.500000000000000000e+01
4.155000000000000360e-01 4.282820277777777962e-01 2.327519097964325656e-02 3.600000000000000000e+01
4.164999999999999813e-01 4.834494848484848784e-01 2.279583091967501279e-02 3.300000000000000000e+01
4.174999999999999822e-01 4.606627857142857607e-01 2.148598700337810835e-02 4.200000000000000000e+01
4.184999999999999831e-01 4.343317777777777611e-01 4.689134025855762333e-02 9.000000000000000000e+00
4.194999999999999840e-01 4.320087719298245088e-01 1.859721001864135873e-02 5.700000000000000000e+01
4.204999999999999849e-01 4.586115666666666368e-01 2.539333305610200209e-02 3.000000000000000000e+01
4.214999999999999858e-01 4.327704333333333708e-01 2.742833012305892840e-02 3.000000000000000000e+01
4.224999999999999867e-01 4.133179166666666737e-01 3.225187730593281898e-02 2.400000000000000000e+01
4.234999999999999876e-01 4.312741818181818343e-01 2.195725210923172091e-02 3.300000000000000000e+01
4.244999999999999885e-01 4.577153124999999712e-01 2.270522417285282535e-02 4.800000000000000000e+01
4.254999999999999893e-01 4.139276000000000066e-01 2.503689606434894230e-02 3.000000000000000000e+01
4.264999999999999902e-01 4.310236333333333225e-01 2.479960085758163915e-02 3.000000000000000000e+01
4.274999999999999911e-01 3.480167333333332724e-01 1.608894573172734224e-02 3.000000000000000000e+01
4.284999999999999920e-01 4.390673999999998856e-01 2.675057478098435623e-02 3.900000000000000000e+01
4.294999999999999929e-01 4.471647333333332863e-01 3.133797852607912021e-02 3.000000000000000000e+01
4.304999999999999938e-01 4.271692666666666027e-01 3.332002020271306042e-02 1.500000000000000000e+01
4.314999999999999947e-01 4.374496349206349333e-01 1.903454069809555269e-02 6.300000000000000000e+01
4.324999999999999956e-01 4.129073095238093849e-01 1.982835134128550780e-02 4.200000000000000000e+01
4.334999999999999964e-01 4.120920909090909356e-01 2.523325282025367863e-02 3.300000000000000000e+01
4.344999999999999973e-01 4.558176111111110207e-01 3.359410379883141784e-02 1.800000000000000000e+01
4.354999999999999982e-01 4.745112800000000353e-01 2.749364279056281529e-02 2.500000000000000000e+01
4.364999999999999991e-01 4.456905833333332789e-01 2.085494381065547062e-02 4.800000000000000000e+01
4.375000000000000000e-01 4.340704047619048378e-01 1.962460011813787347e-02 4.200000000000000000e+01
4.385000000000000009e-01 4.990623333333333300e-01 6.226192353085974879e-02 1.200000000000000000e+01
4.395000000000000018e-01 4.244592777777777548e-01 1.849823374828043696e-02 5.400000000000000000e+01
4.405000000000000027e-01 4.181739696969696829e-01 2.319468690649460069e-02 3.300000000000000000e+01
4.415000000000000036e-01 4.294234444444444687e-01 3.841690554255385026e-02 1.800000000000000000e+01
4.425000000000000044e-01 4.322093958333333430e-01 2.362318196368364334e-02 4.800000000000000000e+01
4.435000000000000053e-01 4.285454848484848700e-01 2.466074931852207941e-02 3.300000000000000000e+01
4.445000000000000062e-01 4.294997777777777581e-01 2.049051582086059559e-02 5.400000000000000000e+01
4.455000000000000071e-01 4.176504848484848265e-01 2.642477780027280287e-02 3.300000000000000000e+01
4.465000000000000080e-01 4.574574285714285149e-01 3.279638762545216552e-02 2.100000000000000000e+01
4.475000000000000089e-01 4.901824814814814690e-01 3.103332370423943914e-02 2.700000000000000000e+01
4.485000000000000098e-01 4.191790151515151774e-01 1.653456390269921958e-02 6.600000000000000000e+01
4.495000000000000107e-01 5.030255925925926075e-01 2.206641417699510901e-02 5.400000000000000000e+01
4.505000000000000115e-01 3.919244166666666640e-01 4.834005203095492059e-02 1.200000000000000000e+01
4.515000000000000124e-01 4.385983055555555676e-01 2.382411734309355586e-02 3.600000000000000000e+01
4.525000000000000133e-01 4.623043055555555725e-01 2.584326735528111665e-02 3.600000000000000000e+01
4.535000000000000142e-01 4.417021428571428210e-01 1.857434455999501174e-02 4.200000000000000000e+01
4.545000000000000151e-01 4.455878999999999812e-01 3.093189877272104621e-02 3.000000000000000000e+01
4.555000000000000160e-01 4.462204561403508851e-01 1.573368141773981779e-02 5.700000000000000000e+01
4.565000000000000169e-01 4.538361333333333913e-01 4.249207929080280749e-02 1.500000000000000000e+01
4.575000000000000178e-01 4.285624523809523634e-01 1.804273191643563506e-02 4.200000000000000000e+01
4.585000000000000187e-01 5.438823333333332455e-01 4.458831088126623265e-02 6.000000000000000000e+00
4.595000000000000195e-01 4.746558888888889327e-01 1.807120899002167061e-02 6.300000000000000000e+01
4.605000000000000204e-01 4.743644999999999112e-01 2.078751309035989717e-02 2.400000000000000000e+01
4.615000000000000213e-01 4.469937866666666149e-01 1.558889336380917499e-02 7.500000000000000000e+01
4.625000000000000222e-01 5.062329444444444437e-01 2.780459655614778494e-02 1.800000000000000000e+01
4.635000000000000231e-01 4.761017592592591829e-01 2.244560070562364937e-02 5.400000000000000000e+01
4.645000000000000240e-01 4.472713939393939686e-01 2.682454973932811917e-02 3.300000000000000000e+01
4.655000000000000249e-01 4.501813787878788387e-01 1.483050177756132203e-02 6.600000000000000000e+01
4.665000000000000258e-01 4.373372222222221550e-01 1.728885285728382765e-02 3.600000000000000000e+01
4.675000000000000266e-01 4.343229999999999591e-01 2.866084660780610083e-02 2.100000000000000000e+01
4.685000000000000275e-01 4.577873541666666601e-01 2.224521378361652910e-02 4.800000000000000000e+01
4.695000000000000284e-01 4.431468095238095817e-01 3.559450693506747282e-02 2.100000000000000000e+01
4.705000000000000293e-01 4.564876388888889358e-01 2.072198977162860792e-02 3.600000000000000000e+01
4.715000000000000302e-01 4.539259636363636718e-01 1.859143946580656473e-02 5.500000000000000000e+01
4.725000000000000311e-01 4.623226805555555874e-01 1.680027115368016438e-02 7.200000000000000000e+01
4.735000000000000320e-01 4.935060000000000002e-01 6.800754055985264168e-02 3.000000000000000000e+00
4.745000000000000329e-01 4.626448039215685926e-01 2.010022018868800470e-02 5.100000000000000000e+01
4.755000000000000338e-01 4.478639444444444395e-01 1.903443978190645300e-02 3.600000000000000000e+01
4.765000000000000346e-01 4.650960000000000094e-01 1.922117569060623546e-02 4.200000000000000000e+01
4.775000000000000355e-01 5.221892499999999382e-01 5.217146348080688167e-02 1.200000000000000000e+01
4.785000000000000364e-01 4.755204523809524186e-01 1.825522317713766315e-02 8.400000000000000000e+01
4.795000000000000373e-01 4.657877999999999741e-01 1.977350235002552081e-02 4.500000000000000000e+01
4.804999999999999827e-01 4.361956666666666482e-01 2.679566481764555572e-02 1.800000000000000000e+01
4.814999999999999836e-01 4.551045185185184638e-01 2.617496612576252629e-02 2.700000000000000000e+01
4.824999999999999845e-01 4.827977466666665829e-01 1.869926516979005665e-02 7.500000000000000000e+01
4.834999999999999853e-01 4.499888166666667355e-01 1.995803073773879180e-02 6.000000000000000000e+01
4.844999999999999862e-01 5.139829523809522627e-01 3.290559340428283325e-02 2.100000000000000000e+01
4.854999999999999871e-01 5.073670000000000124e-01 3.051198709042643106e-02 3.600000000000000000e+01
4.864999999999999880e-01 5.012409259259259509e-01 3.246966659866219046e-02 2.700000000000000000e+01
4.874999999999999889e-01 4.883835370370370188e-01 2.360460275437764599e-02 5.400000000000000000e+01
4.884999999999999898e-01 4.676268460317459796e-01 2.026400005273702731e-02 6.300000000000000000e+01
4.894999999999999907e-01 5.122283111111111120e-01 2.397382563871223310e-02 4.500000000000000000e+01
4.904999999999999916e-01 4.623358095238095378e-01 2.185282391527748266e-02 6.300000000000000000e+01
4.914999999999999925e-01 4.802554761904759828e-01 2.336406538414016049e-02 2.100000000000000000e+01
4.924999999999999933e-01 4.822902333333333180e-01 2.353291571669394178e-02 6.000000000000000000e+01
4.934999999999999942e-01 4.648956666666667070e-01 3.481209092236922653e-02 2.100000000000000000e+01
4.944999999999999951e-01 4.792883939393939308e-01 1.893330071956478983e-02 6.600000000000000000e+01
4.954999999999999960e-01 4.727741666666667175e-01 3.890600486421658816e-02 6.000000000000000000e+00
4.964999999999999969e-01 4.790552575757576204e-01 2.130461142651148346e-02 6.600000000000000000e+01
4.974999999999999978e-01 4.772837777777778068e-01 2.395705625688211368e-02 3.600000000000000000e+01
4.984999999999999987e-01 4.879982444444445622e-01 2.098877407987219390e-02 4.500000000000000000e+01
4.994999999999999996e-01 5.024938596491228537e-01 1.920393531810678581e-02 5.700000000000000000e+01
5.004999999999999449e-01 4.870147948717948316e-01 2.764389117305713836e-02 3.900000000000000000e+01
5.015000000000000568e-01 4.593785208333333592e-01 1.601834226222483004e-02 4.800000000000000000e+01
5.024999999999999467e-01 5.304758333333333686e-01 9.714443978578725380e-02 6.000000000000000000e+00
5.035000000000000586e-01 4.916330289855072033e-01 1.853250367679045926e-02 6.900000000000000000e+01
5.044999999999999485e-01 4.836378333333333779e-01 2.203602946632564341e-02 6.000000000000000000e+01
5.055000000000000604e-01 4.409390416666666979e-01 2.339209181078821115e-02 2.400000000000000000e+01
5.064999999999999503e-01 4.947647979797979989e-01 1.452304183257429292e-02 9.900000000000000000e+01
5.075000000000000622e-01 4.829454642857143321e-01 3.421510476373466891e-02 2.800000000000000000e+01
5.084999999999999520e-01 5.102821666666667033e-01 2.140297241688528598e-02 5.400000000000000000e+01
5.095000000000000639e-01 5.660068333333333479e-01 7.121727302905134227e-02 6.000000000000000000e+00
5.104999999999999538e-01 5.046907575757575426e-01 1.451812005622752332e-02 9.900000000000000000e+01
5.115000000000000657e-01 5.343776428571429538e-01 2.600229898421230895e-02 4.200000000000000000e+01
5.124999999999999556e-01 4.832228333333332682e-01 3.075584053201615639e-02 1.200000000000000000e+01
5.135000000000000675e-01 5.161700357142857687e-01 1.968007615648590877e-02 8.400000000000000000e+01
5.144999999999999574e-01 4.762201333333333508e-01 4.010759523081295491e-02 1.500000000000000000e+01
5.155000000000000693e-01 5.180407666666666522e-01 2.048133916080638328e-02 6.000000000000000000e+01
5.164999999999999591e-01 4.514288787878787956e-01 2.480122579325517648e-02 3.300000000000000000e+01
5.175000000000000711e-01 4.797955555555554752e-01 1.793550992684333004e-02 5.400000000000000000e+01
5.184999999999999609e-01 5.070310777777777833e-01 1.746955124922347155e-02 9.000000000000000000e+01
5.195000000000000728e-01 5.597025833333333367e-01 6.063529323220454015e-02 1.200000000000000000e+01
5.204999999999999627e-01 4.941073076923078178e-01 1.960750199852953971e-02 3.900000000000000000e+01
5.215000000000000746e-01 5.163656133333334175e-01 2.001190391017885345e-02 7.500000000000000000e+01
5.224999999999999645e-01 5.650755555555555532e-01 4.334811370761119248e-02 1.800000000000000000e+01
5.235000000000000764e-01 5.116806296296295686e-01 3.007097372504757143e-02 2.700000000000000000e+01
5.244999999999999662e-01 5.156078641975310184e-01 1.882421220699876524e-02 8.100000000000000000e+01
5.255000000000000782e-01 5.070405000000000051e-01 1.685116454911161216e-02 9.000000000000000000e+01
5.264999999999999680e-01 4.848754761904762178e-01 2.938199186928981341e-02 4.200000000000000000e+01
5.275000000000000799e-01 5.325658333333334049e-01 2.669430813607194530e-02 5.400000000000000000e+01
5.284999999999999698e-01 5.227572500000000622e-01 3.258027831796819762e-02 2.400000000000000000e+01
5.295000000000000817e-01 5.599932500000001090e-01 2.207517000442816082e-02 3.600000000000000000e+01
5.304999999999999716e-01 5.399341739130435469e-01 1.696274270578639401e-02 6.900000000000000000e+01
5.315000000000000835e-01 5.134391052631578356e-01 1.919751256744922641e-02 5.700000000000000000e+01
5.324999999999999734e-01 5.504408749999999406e-01 3.577814252436654907e-02 2.400000000000000000e+01
5.335000000000000853e-01 5.283236969696970542e-01 1.806449963668464026e-02 9.900000000000000000e+01
5.344999999999999751e-01 5.402199629629630406e-01 3.192588842499168716e-02 2.700000000000000000e+01
5.355000000000000870e-01 5.155858636363636061e-01 1.904756843012199441e-02 6.600000000000000000e+01
5.364999999999999769e-01 5.641455208333333582e-01 3.246623480085879254e-02 4.800000000000000000e+01
5.375000000000000888e-01 5.277110000000001522e-01 2.543813302173163204e-02 4.500000000000000000e+01
5.384999999999999787e-01 5.296883066666666640e-01 2.311055155132556854e-02 7.500000000000000000e+01
5.395000000000000906e-01 6.064983999999999931e-01 3.851014079481131225e-02 1.500000000000000000e+01
5.404999999999999805e-01 5.327930833333333061e-01 1.550402992351424848e-02 9.600000000000000000e+01
5.415000000000000924e-01 4.898726111111111337e-01 3.940505665331013596e-02 1.800000000000000000e+01
5.424999999999999822e-01 5.032142916666666466e-01 3.237752061529364928e-02 2.400000000000000000e+01
5.435000000000000941e-01 5.784960833333331331e-01 2.352096411735218884e-02 6.000000000000000000e+01
5.444999999999999840e-01 5.430080769230770654e-01 1.914077053772481052e-02 9.100000000000000000e+01
5.455000000000000959e-01 5.301022000000000789e-01 3.287604087608447107e-02 3.000000000000000000e+01
5.464999999999999858e-01 5.031200555555555010e-01 1.815416158069333916e-02 7.200000000000000000e+01
5.475000000000000977e-01 5.362381333333332556e-01 3.598512367228619280e-02 3.000000000000000000e+01
5.484999999999999876e-01 5.618542916666666720e-01 1.998593987735075225e-02 7.200000000000000000e+01
5.495000000000000995e-01 5.527421884057972523e-01 2.181057838562431780e-02 6.900000000000000000e+01
5.504999999999999893e-01 5.486207619047620554e-01 2.329958955436338408e-02 6.300000000000000000e+01
5.515000000000001013e-01 5.540683137254902579e-01 2.750975609858294368e-02 5.100000000000000000e+01
5.524999999999999911e-01 5.662591388888889021e-01 2.945616584369652180e-02 3.600000000000000000e+01
5.535000000000001030e-01 5.305863749999999435e-01 1.974910006205664662e-02 7.200000000000000000e+01
5.544999999999999929e-01 5.545232820512819849e-01 1.891418771531137508e-02 7.800000000000000000e+01
5.555000000000001048e-01 7.354593333333333538e-01 9.726462401841920458e-02 3.000000000000000000e+00
5.564999999999999947e-01 5.386905698924732144e-01 1.523665825496942419e-02 9.300000000000000000e+01
5.575000000000001066e-01 5.971477083333333047e-01 3.631711274643461412e-02 2.400000000000000000e+01
5.584999999999999964e-01 5.374528253968254843e-01 2.187014882105197885e-02 6.300000000000000000e+01
5.595000000000001084e-01 5.467633333333333789e-01 2.191674727879282594e-02 7.200000000000000000e+01
5.604999999999999982e-01 5.392467058823529058e-01 2.357489019323262200e-02 5.100000000000000000e+01
5.615000000000001101e-01 5.561120666666666823e-01 3.236636134350349969e-02 3.000000000000000000e+01
5.625000000000000000e-01 5.561682222222222860e-01 2.257175198273270178e-02 5.400000000000000000e+01
5.635000000000001119e-01 5.776040952380953053e-01 1.819743744112300998e-02 8.400000000000000000e+01
5.645000000000000018e-01 5.540160303030301492e-01 3.977910845137840046e-02 3.300000000000000000e+01
5.655000000000001137e-01 5.597871785714285675e-01 1.958250494634572458e-02 8.400000000000000000e+01
5.665000000000000036e-01 5.805246666666666888e-01 2.443066598326198643e-02 3.600000000000000000e+01
5.675000000000001155e-01 5.512482738095237922e-01 2.071782145204194639e-02 8.400000000000000000e+01
5.685000000000000053e-01 5.431208840579709873e-01 2.048369820983175771e-02 6.900000000000000000e+01
5.695000000000001172e-01 6.015939777777777886e-01 3.244631634789946900e-02 4.500000000000000000e+01
5.705000000000000071e-01 5.716425625000000066e-01 2.213745756606387560e-02 4.800000000000000000e+01
5.715000000000001190e-01 6.081721458333333441e-01 2.800138872108646343e-02 4.800000000000000000e+01
5.725000000000000089e-01 5.618166133333334367e-01 2.163327488773370694e-02 7.500000000000000000e+01
5.735000000000001208e-01 5.873050952380951539e-01 2.025489896996766209e-02 8.400000000000000000e+01
5.745000000000000107e-01 5.091292777777778333e-01 3.512680336335974318e-02 1.800000000000000000e+01
5.755000000000001226e-01 5.851842291666665696e-01 1.729777599769844604e-02 9.600000000000000000e+01
5.765000000000000124e-01 5.848086470588235164e-01 2.620013354635659583e-02 5.100000000000000000e+01
5.774999999999999023e-01 5.884394927536232833e-01 2.368563193957630778e-02 6.900000000000000000e+01
5.785000000000000142e-01 6.156430333333333671e-01 3.305500942113004381e-02 3.000000000000000000e+01
5.794999999999999041e-01 5.704825555555554928e-01 2.148704833259552568e-02 7.200000000000000000e+01
5.805000000000000160e-01 6.521231764705881506e-01 3.110753093423469090e-02 3.400000000000000000e+01
5.814999999999999059e-01 5.866655466666667040e-01 1.898478356193293581e-02 7.500000000000000000e+01
5.825000000000000178e-01 6.002481034482758382e-01 2.069796329430717563e-02 8.700000000000000000e+01
5.834999999999999076e-01 6.081402982456139972e-01 2.198856191392662210e-02 5.700000000000000000e+01
5.845000000000000195e-01 5.927450757575757345e-01 2.373882293951249875e-02 6.600000000000000000e+01
5.854999999999999094e-01 5.772316060606059729e-01 2.400364555628064708e-02 6.600000000000000000e+01
5.865000000000000213e-01 6.357592564102565458e-01 3.288530476079164211e-02 3.900000000000000000e+01
5.874999999999999112e-01 5.964011403508773235e-01 2.623339329863372954e-02 5.700000000000000000e+01
5.885000000000000231e-01 5.896002361111111201e-01 2.105073588524741801e-02 7.200000000000000000e+01
5.894999999999999130e-01 5.947273030303030783e-01 3.452949091621156097e-02 3.300000000000000000e+01
5.905000000000000249e-01 5.790442435897436013e-01 2.381369168620584703e-02 7.800000000000000000e+01
5.914999999999999147e-01 5.923628194444444661e-01 2.105788585906510565e-02 7.200000000000000000e+01
5.925000000000000266e-01 5.984674722222221854e-01 2.588392455186349847e-02 7.200000000000000000e+01
5.934999999999999165e-01 6.069330579710146001e-01 2.091169504808886373e-02 6.900000000000000000e+01
5.945000000000000284e-01 6.200264393939394214e-01 2.256502873533808642e-02 6.600000000000000000e+01
5.954999999999999183e-01 5.890390634920635859e-01 2.293378883188058534e-02 6.300000000000000000e+01
5.965000000000000302e-01 6.016064367816092995e-01 1.949328305216314894e-02 8.700000000000000000e+01
5.974999999999999201e-01 6.264522222222222991e-01 3.209349869658149196e-02 3.600000000000000000e+01
5.985000000000000320e-01 6.745887499999999593e-01 5.099630515246967449e-02 2.400000000000000000e+01
5.994999999999999218e-01 6.120598924731183166e-01 2.009806789550127454e-02 9.300000000000000000e+01
6.005000000000000338e-01 5.653175384615385379e-01 1.920997763317014093e-02 7.800000000000000000e+01
6.014999999999999236e-01 5.878403111111111246e-01 1.891137553621025438e-02 9.000000000000000000e+01
6.025000000000000355e-01 5.721833809523809711e-01 3.246951207095784275e-02 2.100000000000000000e+01
6.034999999999999254e-01 6.135673787878788144e-01 2.262633537516509433e-02 6.600000000000000000e+01
6.045000000000000373e-01 6.213473333333334736e-01 2.225517908671466316e-02 7.500000000000000000e+01
6.054999999999999272e-01 6.009299027777778024e-01 2.189650393915650028e-02 7.200000000000000000e+01
6.065000000000000391e-01 5.613063333333333516e-01 4.137766896869059241e-02 2.100000000000000000e+01
6.074999999999999289e-01 6.012237160493827393e-01 2.082945040526171937e-02 8.100000000000000000e+01
6.085000000000000409e-01 6.174885802469136653e-01 1.763753120411676659e-02 8.100000000000000000e+01
6.094999999999999307e-01 6.440386249999998647e-01 2.378741158610001016e-02 7.200000000000000000e+01
6.105000000000000426e-01 6.231497207207207234e-01 1.948762354852192138e-02 1.110000000000000000e+02
6.114999999999999325e-01 5.964324333333334005e-01 3.070237376403326876e-02 3.000000000000000000e+01
6.125000000000000444e-01 6.227957599999999205e-01 2.733043288745053492e-02 7.500000000000000000e+01
6.134999999999999343e-01 5.872458437499999961e-01 1.994650053441380730e-02 9.600000000000000000e+01
6.145000000000000462e-01 6.017433333333334078e-01 2.883955487739027143e-02 4.800000000000000000e+01
6.154999999999999361e-01 6.490512857142857195e-01 3.147559676845929771e-02 4.200000000000000000e+01
6.165000000000000480e-01 5.933978409090908679e-01 1.840470259207803438e-02 8.800000000000000000e+01
6.174999999999999378e-01 6.564623928571428069e-01 2.327463663168086519e-02 8.400000000000000000e+01
6.185000000000000497e-01 6.140226862745098435e-01 2.483115884676600355e-02 5.100000000000000000e+01
6.194999999999999396e-01 6.367588333333333850e-01 2.659471682665654271e-02 7.800000000000000000e+01
6.205000000000000515e-01 6.383484374999999211e-01 3.106939772831574659e-02 4.800000000000000000e+01
6.214999999999999414e-01 6.172566349206349834e-01 2.560182251745387466e-02 6.300000000000000000e+01
6.225000000000000533e-01 5.990213580246913638e-01 2.011972851039978832e-02 8.100000000000000000e+01
6.234999999999999432e-01 6.488314603174604178e-01 2.281423428248179758e-02 6.300000000000000000e+01
6.245000000000000551e-01 6.313871428571429245e-01 2.085079361528039202e-02 8.400000000000000000e+01
6.254999999999999449e-01 6.030033623188405523e-01 2.358521643682988389e-02 6.900000000000000000e+01
6.265000000000000568e-01 6.339839375000000388e-01 2.670661990015762294e-02 4.800000000000000000e+01
6.274999999999999467e-01 5.826974367816091238e-01 2.054071305663023386e-02 8.700000000000000000e+01
6.285000000000000586e-01 6.639528484848485901e-01 2.859599396863470380e-02 6.600000000000000000e+01
6.294999999999999485e-01 6.151148245614035392e-01 2.448810567874043151e-02 5.700000000000000000e+01
6.305000000000000604e-01 6.098049569892473043e-01 2.047094903633732768e-02 9.300000000000000000e+01
6.314999999999999503e-01 6.489751333333332317e-01 1.831909684672480138e-02 1.050000000000000000e+02
6.325000000000000622e-01 6.644737499999999741e-01 3.357347130646641531e-02 2.400000000000000000e+01
6.334999999999999520e-01 6.565025656565656176e-01 2.296070832280312085e-02 9.900000000000000000e+01
6.345000000000000639e-01 6.014553148148147343e-01 2.760144523418927437e-02 5.400000000000000000e+01
6.354999999999999538e-01 6.460040444444444807e-01 2.140470000318142954e-02 9.000000000000000000e+01
6.365000000000000657e-01 6.454607166666668228e-01 2.568922860307322822e-02 6.000000000000000000e+01
6.374999999999999556e-01 6.156489666666665750e-01 2.889755547565126675e-02 6.000000000000000000e+01
6.385000000000000675e-01 6.505790101010101578e-01 1.883775226548784626e-02 9.900000000000000000e+01
6.394999999999999574e-01 6.637666515151514623e-01 2.534774190313820313e-02 6.600000000000000000e+01
6.405000000000000693e-01 6.403223768115943182e-01 2.429591997369783679e-02 6.900000000000000000e+01
6.414999999999999591e-01 6.181285555555554589e-01 2.079662162055903943e-02 8.100000000000000000e+01
6.425000000000000711e-01 6.796736354166666993e-01 2.188465955494833109e-02 9.600000000000000000e+01
6.434999999999999609e-01 6.384711578947367405e-01 3.106560666299780157e-02 5.700000000000000000e+01
6.445000000000000728e-01 6.185802631578948274e-01 2.518984890467895060e-02 5.700000000000000000e+01
6.454999999999999627e-01 6.301759655172415320e-01 2.136444853619989467e-02 8.700000000000000000e+01
6.465000000000000746e-01 6.538777387387386675e-01 1.935693909977297469e-02 1.110000000000000000e+02
6.474999999999999645e-01 6.450594444444444076e-01 3.498605238793284916e-02 3.600000000000000000e+01
6.485000000000000764e-01 7.122592499999998994e-01 3.742092878968653058e-02 2.400000000000000000e+01
6.494999999999999662e-01 6.470187352941177972e-01 2.239618877025533958e-02 1.020000000000000000e+02
6.505000000000000782e-01 6.420895736434107937e-01 1.785254601742724753e-02 1.290000000000000000e+02
6.514999999999999680e-01 6.335005555555556223e-01 2.659380998774597132e-02 5.400000000000000000e+01
6.525000000000000799e-01 6.233877439024390066e-01 2.287148722055825853e-02 8.200000000000000000e+01
6.534999999999999698e-01 6.337833888888888545e-01 2.435707348513752729e-02 7.200000000000000000e+01
6.545000000000000817e-01 6.736496913580247714e-01 2.230348936277561436e-02 8.100000000000000000e+01
6.554999999999999716e-01 6.673077291666666966e-01 2.148196891644939960e-02 9.600000000000000000e+01
6.565000000000000835e-01 6.209230000000000027e-01 3.483105661876947229e-02 3.300000000000000000e+01
6.574999999999999734e-01 6.944467753623188022e-01 1.961201745613052119e-02 1.380000000000000000e+02
6.585000000000000853e-01 6.883801388888889372e-01 1.967982325109748909e-02 1.080000000000000000e+02
6.594999999999999751e-01 6.791360999999999093e-01 4.234012691029769015e-02 3.000000000000000000e+01
6.605000000000000870e-01 7.061760909090910587e-01 3.092401081203573557e-02 6.600000000000000000e+01
6.614999999999999769e-01 6.229365714285713951e-01 2.537902576469062629e-02 6.300000000000000000e+01
6.625000000000000888e-01 6.694057777777778773e-01 2.345694763267767990e-02 1.080000000000000000e+02
6.634999999999999787e-01 6.065156842105263735e-01 2.650972854626372846e-02 5.700000000000000000e+01
6.645000000000000906e-01 7.209388999999999381e-01 4.126232488272130183e-02 3.000000000000000000e+01
6.654999999999999805e-01 6.580995726495727505e-01 2.093070228175382061e-02 1.170000000000000000e+02
6.665000000000000924e-01 6.764678279569892316e-01 2.187363411282378448e-02 9.300000000000000000e+01
6.674999999999999822e-01 6.775629999999999153e-01 2.857111982440452627e-02 6.300000000000000000e+01
6.685000000000000941e-01 6.806014637681158108e-01 2.216624951695103651e-02 6.900000000000000000e+01
6.694999999999999840e-01 6.408801547619047412e-01 2.100841101008188092e-02 8.400000000000000000e+01
6.705000000000000959e-01 7.102254083333332524e-01 2.129979330122382455e-02 1.200000000000000000e+02
6.714999999999999858e-01 6.611313448275862870e-01 2.325938645348761200e-02 8.700000000000000000e+01
6.725000000000000977e-01 7.118242666666667606e-01 3.243516408357729336e-02 3.000000000000000000e+01
6.734999999999999876e-01 6.788507521367521669e-01 2.032944023957499943e-02 1.170000000000000000e+02
6.745000000000000995e-01 6.985165757575758638e-01 3.005262785257305225e-02 6.600000000000000000e+01
6.754999999999999893e-01 6.813511527777778021e-01 2.873319316691341080e-02 7.200000000000000000e+01
6.765000000000001013e-01 6.801198933333333363e-01 2.664776188812735189e-02 7.500000000000000000e+01
6.774999999999999911e-01 6.475975747126436755e-01 2.174122556243932372e-02 8.700000000000000000e+01
6.785000000000001030e-01 6.840285555555556396e-01 2.004891031864943982e-02 1.350000000000000000e+02
6.794999999999999929e-01 7.066378846153846816e-01 2.370703117177154137e-02 7.800000000000000000e+01
6.805000000000001048e-01 6.996974166666667383e-01 3.120337111723603743e-02 3.600000000000000000e+01
6.814999999999999947e-01 7.069224933333333460e-01 2.649104199904355264e-02 7.500000000000000000e+01
6.825000000000001066e-01 7.060493448275861894e-01 2.020222380251527131e-02 8.700000000000000000e+01
6.834999999999999964e-01 6.468567222222222357e-01 2.141045388710715799e-02 9.000000000000000000e+01
6.845000000000001084e-01 6.921947777777778255e-01 2.331443548581900449e-02 9.000000000000000000e+01
6.854999999999999982e-01 7.198206315789474896e-01 3.093548014720905528e-02 5.700000000000000000e+01
6.865000000000001101e-01 6.990839459459459171e-01 2.394502893692095069e-02 1.110000000000000000e+02
6.875000000000000000e-01 7.018151212121211957e-01 2.071616732702129607e-02 9.900000000000000000e+01
6.885000000000001119e-01 6.976479166666668119e-01 2.350709515146223380e-02 8.400000000000000000e+01
6.895000000000000018e-01 7.248404925373133079e-01 2.940904938170686711e-02 6.700000000000000000e+01
6.905000000000001137e-01 7.212370588235291757e-01 3.131206421263230816e-02 5.100000000000000000e+01
6.915000000000000036e-01 7.287336746031746193e-01 2.040531459553078172e-02 1.260000000000000000e+02
6.925000000000001155e-01 7.054244637681158503e-01 2.780409321691520996e-02 6.900000000000000000e+01
6.935000000000000053e-01 6.664237051282051461e-01 1.908932761155758551e-02 7.800000000000000000e+01
6.945000000000001172e-01 7.208723414634145010e-01 2.239717060758985787e-02 1.230000000000000000e+02
6.955000000000000071e-01 7.609953095238095599e-01 3.239106150054069794e-02 4.200000000000000000e+01
6.965000000000001190e-01 7.049872348484848006e-01 2.077981114339310861e-02 1.320000000000000000e+02
6.975000000000000089e-01 6.978768947368420017e-01 1.984804531167248462e-02 1.140000000000000000e+02
6.985000000000001208e-01 6.897139777777776537e-01 3.428627293871071291e-02 4.500000000000000000e+01
6.995000000000000107e-01 7.287787555555554908e-01 2.365703913038479100e-02 9.000000000000000000e+01
7.005000000000001226e-01 7.214886666666665560e-01 2.708633261537373577e-02 6.000000000000000000e+01
7.015000000000000124e-01 6.968656095238094927e-01 2.149613112948014007e-02 1.050000000000000000e+02
7.025000000000001243e-01 6.941058412698412061e-01 2.032351383916782342e-02 1.260000000000000000e+02
7.035000000000000142e-01 7.506913846153846492e-01 3.301711965426402939e-02 3.900000000000000000e+01
7.044999999999999041e-01 7.518676530612243836e-01 1.840212834655877150e-02 1.470000000000000000e+02
7.055000000000000160e-01 7.674579999999999735e-01 3.652925522157995930e-02 5.400000000000000000e+01
7.064999999999999059e-01 7.357953434343436072e-01 2.283320567735199619e-02 9.900000000000000000e+01
7.075000000000000178e-01 7.077189080459770354e-01 2.324791672521903801e-02 8.700000000000000000e+01
7.084999999999999076e-01 6.551560333333333874e-01 2.930156404747415178e-02 6.000000000000000000e+01
7.095000000000000195e-01 7.172925222222221731e-01 1.957718358103636633e-02 9.000000000000000000e+01
7.104999999999999094e-01 6.998944444444445967e-01 3.522766009317661318e-02 3.600000000000000000e+01
7.115000000000000213e-01 7.180003115942028558e-01 1.916949104428276179e-02 1.380000000000000000e+02
7.124999999999999112e-01 7.241571372549021612e-01 2.367625284258254026e-02 1.020000000000000000e+02
7.135000000000000231e-01 7.247202460317461181e-01 2.198180445079755269e-02 1.260000000000000000e+02
7.144999999999999130e-01 7.428296811594201632e-01 2.804986938629160792e-02 6.900000000000000000e+01
7.155000000000000249e-01 7.186496825396825328e-01 3.012606960759996871e-02 6.300000000000000000e+01
7.164999999999999147e-01 7.211720697674417480e-01 1.947084930612154666e-02 1.290000000000000000e+02
7.175000000000000266e-01 7.198704144144142392e-01 2.259465140502444486e-02 1.110000000000000000e+02
7.184999999999999165e-01 7.320560634920635357e-01 3.269742456386297985e-02 6.300000000000000000e+01
7.195000000000000284e-01 7.083832564102564566e-01 2.186778545939318738e-02 1.170000000000000000e+02
7.204999999999999183e-01 7.102468749999999442e-01 2.403111359320076260e-02 7.200000000000000000e+01
7.215000000000000302e-01 7.232454999999999856e-01 2.228504374329925986e-02 9.000000000000000000e+01
7.224999999999999201e-01 7.616368854166667424e-01 2.357388621996876071e-02 9.600000000000000000e+01
7.235000000000000320e-01 7.659251531531532375e-01 2.189369549594859937e-02 1.110000000000000000e+02
7.244999999999999218e-01 7.136131458333333510e-01 2.409959589519786172e-02 9.600000000000000000e+01
7.255000000000000338e-01 8.242933529411765603e-01 4.970328651153682609e-02 3.400000000000000000e+01
7.264999999999999236e-01 7.784594347826087057e-01 3.112915174468728480e-02 6.900000000000000000e+01
7.275000000000000355e-01 7.492602653061224416e-01 1.882208833051318697e-02 1.470000000000000000e+02
7.284999999999999254e-01 7.395445724637681462e-01 1.748505750446062088e-02 1.380000000000000000e+02
7.295000000000000373e-01 7.158829615384615375e-01 2.718095704688295450e-02 7.800000000000000000e+01
7.304999999999999272e-01 7.752130777777775927e-01 2.300019186757743667e-02 9.000000000000000000e+01
7.315000000000000391e-01 7.484725937499998594e-01 2.575321740296333470e-02 9.600000000000000000e+01
7.324999999999999289e-01 7.334139411764704075e-01 3.607932648493590577e-02 5.100000000000000000e+01
7.335000000000000409e-01 6.858748809523809165e-01 1.978546034793950831e-02 1.260000000000000000e+02
7.344999999999999307e-01 7.796536875000000810e-01 2.562842471146202852e-02 9.600000000000000000e+01
7.355000000000000426e-01 7.370173111111112396e-01 2.212541802491400575e-02 9.000000000000000000e+01
7.364999999999999325e-01 7.681052411347517594e-01 2.008800573375470189e-02 1.410000000000000000e+02
7.375000000000000444e-01 7.508500000000000174e-01 3.406418467433607739e-02 6.600000000000000000e+01
7.384999999999999343e-01 6.999607870370370133e-01 2.350928172402669616e-02 1.080000000000000000e+02
7.395000000000000462e-01 7.754596999999999740e-01 4.733230812006487126e-02 3.000000000000000000e+01
7.404999999999999361e-01 7.763039371069181405e-01 1.809035659335113053e-02 1.590000000000000000e+02
7.415000000000000480e-01 7.506366262626261721e-01 2.016846014737009099e-02 9.900000000000000000e+01
7.424999999999999378e-01 7.766643020833332578e-01 2.577570460760804719e-02 9.600000000000000000e+01
7.435000000000000497e-01 6.840243535353535131e-01 2.160908061817326184e-02 9.900000000000000000e+01
7.444999999999999396e-01 7.749665614035087247e-01 2.276423660863714782e-02 1.140000000000000000e+02
7.455000000000000515e-01 7.497918095238095271e-01 2.629641065699518665e-02 8.400000000000000000e+01
7.464999999999999414e-01 7.714122708333333023e-01 2.299298595841040016e-02 9.600000000000000000e+01
7.475000000000000533e-01 7.254017301587302180e-01 2.017548836691082301e-02 1.260000000000000000e+02
7.484999999999999432e-01 7.938222976190474345e-01 2.962799767785466790e-02 8.400000000000000000e+01
7.495000000000000551e-01 7.325285238095238238e-01 2.629052233816488518e-02 6.300000000000000000e+01
7.504999999999999449e-01 6.966950459770114845e-01 2.263229054191065112e-02 8.700000000000000000e+01
7.515000000000000568e-01 7.633829679487179609e-01 1.874987990775198524e-02 1.560000000000000000e+02
7.524999999999999467e-01 8.077615079365079165e-01 3.610658241139787228e-02 6.300000000000000000e+01
7.535000000000000586e-01 8.103043118279569246e-01 2.813746623009834649e-02 9.300000000000000000e+01
7.544999999999999485e-01 7.730020645161289616e-01 2.624592088733266812e-02 9.300000000000000000e+01
7.555000000000000604e-01 7.975505606060605546e-01 1.993039976579349948e-02 1.320000000000000000e+02
7.564999999999999503e-01 7.682539302325581687e-01 2.002454805756939335e-02 1.290000000000000000e+02
7.575000000000000622e-01 7.628200144927537174e-01 2.912492119522535478e-02 6.900000000000000000e+01
7.584999999999999520e-01 7.196411714285715355e-01 2.057590971369320509e-02 1.050000000000000000e+02
7.595000000000000639e-01 8.007660387596899909e-01 2.268728614889870682e-02 1.290000000000000000e+02
7.604999999999999538e-01 7.763126140350877780e-01 3.117109509778384982e-02 5.700000000000000000e+01
7.615000000000000657e-01 7.750098571428571947e-01 2.031935995154686425e-02 1.330000000000000000e+02
7.624999999999999556e-01 7.484728226950353447e-01 2.344416156579130772e-02 1.410000000000000000e+02
7.635000000000000675e-01 7.228140404040404032e-01 2.324323585252021512e-02 9.900000000000000000e+01
7.644999999999999574e-01 8.178535227272728525e-01 2.238646092842483740e-02 1.320000000000000000e+02
7.655000000000000693e-01 7.862632777777778248e-01 3.209465900913949926e-02 5.400000000000000000e+01
7.664999999999999591e-01 7.845826249999999780e-01 2.246454848758036235e-02 1.200000000000000000e+02
7.675000000000000711e-01 8.114918055555555565e-01 4.551089666511973220e-02 3.600000000000000000e+01
7.684999999999999609e-01 7.548027407407409406e-01 2.012368152678529684e-02 1.080000000000000000e+02
7.695000000000000728e-01 7.943871805555554610e-01 2.337077227836105789e-02 1.440000000000000000e+02
7.704999999999999627e-01 8.357792682926828975e-01 2.633170884408409657e-02 1.230000000000000000e+02
7.715000000000000746e-01 8.589651666666667795e-01 3.203011865322282631e-02 7.800000000000000000e+01
7.724999999999999645e-01 7.732616453900708064e-01 2.172205616534654202e-02 1.410000000000000000e+02
7.735000000000000764e-01 8.123534761904762647e-01 3.052644086123953993e-02 8.400000000000000000e+01
7.744999999999999662e-01 7.840430229885057001e-01 2.740924487242588081e-02 8.700000000000000000e+01
7.755000000000000782e-01 8.218550000000000022e-01 2.344873980020140136e-02 1.080000000000000000e+02
7.764999999999999680e-01 8.550246091954022409e-01 2.741696252084431171e-02 8.700000000000000000e+01
7.775000000000000799e-01 8.236065815602836571e-01 1.970268498810870059e-02 1.410000000000000000e+02
7.784999999999999698e-01 7.836085135135135715e-01 2.315143911970682367e-02 1.110000000000000000e+02
7.795000000000000817e-01 7.992873525641025489e-01 2.004648583092258698e-02 1.560000000000000000e+02
7.804999999999999716e-01 7.944833535353537091e-01 2.399310002515755991e-02 9.900000000000000000e+01
7.815000000000000835e-01 8.351359117647058072e-01 2.611715483187541931e-02 1.020000000000000000e+02
7.824999999999999734e-01 8.793547916666666353e-01 2.993960126007829542e-02 9.600000000000000000e+01
7.835000000000000853e-01 8.623149411764704508e-01 2.838032115123126711e-02 1.020000000000000000e+02
7.844999999999999751e-01 7.768180000000000085e-01 3.200999172050585095e-02 6.600000000000000000e+01
7.855000000000000870e-01 8.176028018018017818e-01 2.824130810541187683e-02 1.110000000000000000e+02
7.864999999999999769e-01 7.668651623931623806e-01 2.166999796664598188e-02 1.170000000000000000e+02
7.875000000000000888e-01 8.319807777777776803e-01 2.288477148040700057e-02 1.170000000000000000e+02
7.884999999999999787e-01 8.600320347222222273e-01 2.323167930273190365e-02 1.440000000000000000e+02
7.895000000000000906e-01 8.356002803030302406e-01 2.101596963908814938e-02 1.320000000000000000e+02
7.904999999999999805e-01 8.180058018018017130e-01 2.441754755512621014e-02 1.110000000000000000e+02
7.915000000000000924e-01 8.290732580645161498e-01 2.801280074409724652e-02 9.300000000000000000e+01
7.924999999999999822e-01 8.694027982456139503e-01 2.767275202518332256e-02 1.140000000000000000e+02
7.935000000000000941e-01 8.384008333333333729e-01 2.873184048088472248e-02 9.600000000000000000e+01
7.944999999999999840e-01 8.530306190476188988e-01 4.287036668873567963e-02 4.200000000000000000e+01
7.955000000000000959e-01 8.529711500000000113e-01 2.525430900690687000e-02 1.200000000000000000e+02
7.964999999999999858e-01 8.675091527777777367e-01 2.364027351766118459e-02 1.440000000000000000e+02
7.975000000000000977e-01 8.722646453900709806e-01 2.219725394713340308e-02 1.410000000000000000e+02
7.984999999999999876e-01 8.519426771653542119e-01 2.387642757310080854e-02 1.270000000000000000e+02
7.995000000000000995e-01 8.988298888888889282e-01 2.816441976491244198e-02 1.170000000000000000e+02
8.004999999999999893e-01 8.376062941176470877e-01 2.725645950920291966e-02 1.020000000000000000e+02
8.015000000000001013e-01 8.438084202898550323e-01 2.258948192967555682e-02 1.380000000000000000e+02
8.024999999999999911e-01 8.724979619047619206e-01 2.734247114032507808e-02 1.050000000000000000e+02
8.035000000000001030e-01 7.972027916666665215e-01 2.422266147255986921e-02 9.600000000000000000e+01
8.044999999999999929e-01 8.493424545454546504e-01 2.095117702942691021e-02 1.320000000000000000e+02
8.055000000000001048e-01 9.294467391304348514e-01 3.298966201395898273e-02 6.900000000000000000e+01
8.064999999999999947e-01 8.353986790123456574e-01 1.958749097896363839e-02 1.620000000000000000e+02
8.075000000000001066e-01 9.006380357142858006e-01 2.909397911305103973e-02 8.400000000000000000e+01
8.084999999999999964e-01 8.179132448979592462e-01 2.025644389143113275e-02 1.470000000000000000e+02
8.095000000000001084e-01 8.623499999999999499e-01 2.364563652276218189e-02 1.110000000000000000e+02
8.104999999999999982e-01 8.702778074074074555e-01 2.368750888946654851e-02 1.350000000000000000e+02
8.115000000000001101e-01 8.792906527777778480e-01 3.993226452335123244e-02 7.200000000000000000e+01
8.125000000000000000e-01 8.647506203703704264e-01 2.407806661240836921e-02 1.080000000000000000e+02
8.135000000000001119e-01 8.682040158730159884e-01 2.533003484414722215e-02 1.260000000000000000e+02
8.145000000000000018e-01 9.409522348484847809e-01 2.237742370038512535e-02 1.320000000000000000e+02
8.155000000000001137e-01 8.956594065040650587e-01 2.643432424765585279e-02 1.230000000000000000e+02
8.165000000000000036e-01 9.164798666666666982e-01 3.179194511596419165e-02 9.000000000000000000e+01
8.175000000000001155e-01 8.678005217391304704e-01 2.355351995317516225e-02 1.380000000000000000e+02
8.185000000000000053e-01 8.789227901234567542e-01 2.260145318183405180e-02 1.620000000000000000e+02
8.195000000000001172e-01 8.646463010752689637e-01 2.831916855167375402e-02 9.300000000000000000e+01
8.205000000000000071e-01 8.324573768115942629e-01 3.159528828559053648e-02 6.900000000000000000e+01
8.215000000000001190e-01 8.839197283950617212e-01 2.421422841640545956e-02 1.620000000000000000e+02
8.225000000000000089e-01 9.256537692307692522e-01 2.493839858452349956e-02 1.170000000000000000e+02
8.235000000000001208e-01 8.865545079365079184e-01 2.440345861073923289e-02 1.260000000000000000e+02
8.245000000000000107e-01 8.640528217054264104e-01 2.035548262414160758e-02 1.290000000000000000e+02
8.255000000000001226e-01 8.484486333333333130e-01 2.438043616301542593e-02 1.200000000000000000e+02
8.265000000000000124e-01 9.193195500000000964e-01 2.722012225682922046e-02 1.200000000000000000e+02
8.275000000000001243e-01 9.101323596491227574e-01 2.882759216325986654e-02 1.140000000000000000e+02
8.285000000000000142e-01 8.842077101449274945e-01 2.391552995298908829e-02 1.380000000000000000e+02
8.295000000000001261e-01 8.940030967741934287e-01 3.079740653289151503e-02 9.300000000000000000e+01
8.305000000000000160e-01 8.781111666666666649e-01 2.175067486131218239e-02 1.860000000000000000e+02
8.315000000000001279e-01 9.401683452380951156e-01 3.306403825718341738e-02 8.400000000000000000e+01
8.325000000000000178e-01 8.785558828828827771e-01 2.410349275565486574e-02 1.110000000000000000e+02
8.334999999999999076e-01 9.115923066666664631e-01 3.516103742669991761e-02 7.500000000000000000e+01
8.345000000000000195e-01 9.213963101604278894e-01 2.207706362062400104e-02 1.870000000000000000e+02
8.354999999999999094e-01 9.243988431372547332e-01 3.070350752492124677e-02 1.020000000000000000e+02
8.365000000000000213e-01 9.013522063492064307e-01 2.283954311647199212e-02 1.260000000000000000e+02
8.374999999999999112e-01 9.618931754385966482e-01 3.820454200429868052e-02 5.700000000000000000e+01
8.385000000000000231e-01 9.250270995024876264e-01 1.954505339522227131e-02 2.010000000000000000e+02
8.394999999999999130e-01 8.929551888888889177e-01 2.870403393390248692e-02 9.000000000000000000e+01
8.405000000000000249e-01 9.016765763888889840e-01 2.278983723700539477e-02 1.440000000000000000e+02
8.414999999999999147e-01 9.421020378787879901e-01 2.513565344879865535e-02 1.320000000000000000e+02
8.425000000000000266e-01 9.443190797101449485e-01 2.274501840645697798e-02 1.380000000000000000e+02
8.434999999999999165e-01 9.516803199999998020e-01 3.460565575671829125e-02 7.500000000000000000e+01
8.445000000000000284e-01 9.267439119496855282e-01 2.520133931952192596e-02 1.590000000000000000e+02
8.454999999999999183e-01 9.310110166666667464e-01 2.786958493215021052e-02 1.200000000000000000e+02
8.465000000000000302e-01 8.994355400000000333e-01 2.492752746131737807e-02 1.500000000000000000e+02
8.474999999999999201e-01 9.386216170212764442e-01 2.368820159483052065e-02 1.410000000000000000e+02
8.485000000000000320e-01 9.405123666666668214e-01 2.669823573934752142e-02 1.500000000000000000e+02
8.494999999999999218e-01 9.504744074074074067e-01 2.624007752106231536e-02 1.080000000000000000e+02
8.505000000000000338e-01 9.551594420289852838e-01 2.407423090019153097e-02 1.380000000000000000e+02
8.514999999999999236e-01 9.400483243243245024e-01 3.060876343056455340e-02 1.110000000000000000e+02
8.525000000000000355e-01 9.688941463414633137e-01 3.110369107611079403e-02 1.230000000000000000e+02
8.534999999999999254e-01 9.433411031746031794e-01 2.842070201747887159e-02 1.260000000000000000e+02
8.545000000000000373e-01 9.522383037037036591e-01 2.485746228100205527e-02 1.350000000000000000e+02
8.554999999999999272e-01 9.281073475177304966e-01 2.227015663134862197e-02 1.410000000000000000e+02
8.565000000000000391e-01 1.023280242424242426e+00 2.960881233667126897e-02 1.320000000000000000e+02
8.574999999999999289e-01 9.130993725490194057e-01 3.033392481599380894e-02 1.020000000000000000e+02
8.585000000000000409e-01 9.834390000000001741e-01 3.197999565995016114e-02 9.900000000000000000e+01
8.594999999999999307e-01 9.477987727272726426e-01 2.066866920291096990e-02 1.980000000000000000e+02
8.605000000000000426e-01 1.011786393162392939e+00 2.822733062785854133e-02 1.170000000000000000e+02
8.614999999999999325e-01 1.020358677777777778e+00 3.348924533717712732e-02 9.000000000000000000e+01
8.625000000000000444e-01 9.342829703703703359e-01 2.783954715943377789e-02 1.350000000000000000e+02
8.634999999999999343e-01 9.732907526881721116e-01 2.117375303107463594e-02 1.860000000000000000e+02
8.645000000000000462e-01 9.833698222222221341e-01 3.295325262180046066e-02 9.000000000000000000e+01
8.654999999999999361e-01 1.006621005208333308e+00 2.057835492309412553e-02 1.920000000000000000e+02
8.665000000000000480e-01 9.432616236559138168e-01 3.162179701400640724e-02 9.300000000000000000e+01
8.674999999999999378e-01 1.010547962962962787e+00 2.621231317834599867e-02 1.350000000000000000e+02
8.685000000000000497e-01 9.766736488095236757e-01 2.609607242502868379e-02 1.680000000000000000e+02
8.694999999999999396e-01 9.347940990990991628e-01 3.038164503596796698e-02 1.110000000000000000e+02
8.705000000000000515e-01 1.026922118421052854e+00 3.970334361700299936e-02 7.600000000000000000e+01
8.714999999999999414e-01 9.849686477987419364e-01 2.316529154526853623e-02 1.590000000000000000e+02
8.725000000000000533e-01 9.548947063492064791e-01 2.580693262696000939e-02 1.260000000000000000e+02
8.734999999999999432e-01 1.002535818840579740e+00 2.452947289517017071e-02 1.380000000000000000e+02
8.745000000000000551e-01 1.049750381944444477e+00 2.636964446264207160e-02 1.440000000000000000e+02
8.754999999999999449e-01 1.034355005050505261e+00 2.286788517388693709e-02 1.980000000000000000e+02
8.765000000000000568e-01 1.002058259259259287e+00 3.650020853436022894e-02 8.100000000000000000e+01
8.774999999999999467e-01 1.023904599999999832e+00 2.480680091598430267e-02 1.500000000000000000e+02
8.785000000000000586e-01 9.777630641025643055e-01 3.676645095412416075e-02 7.800000000000000000e+01
8.794999999999999485e-01 9.844071632653063064e-01 2.353541308705993373e-02 1.470000000000000000e+02
8.805000000000000604e-01 9.769031846153847232e-01 2.203945861321723529e-02 1.950000000000000000e+02
8.814999999999999503e-01 1.025684952380952364e+00 2.655380365537483855e-02 1.470000000000000000e+02
8.825000000000000622e-01 9.924649710144928250e-01 3.878141292527653716e-02 6.900000000000000000e+01
8.834999999999999520e-01 1.005340347222222208e+00 2.030448013202938023e-02 2.160000000000000000e+02
8.845000000000000639e-01 1.054344646258503326e+00 2.873898725451427827e-02 1.470000000000000000e+02
8.854999999999999538e-01 9.867212473118278648e-01 3.368726436598388357e-02 9.300000000000000000e+01
8.865000000000000657e-01 1.024004977272727324e+00 2.646243651708637262e-02 1.320000000000000000e+02
8.874999999999999556e-01 1.061316574468085028e+00 2.904518692805988650e-02 1.410000000000000000e+02
8.885000000000000675e-01 1.047020558558558578e+00 2.914823983786130404e-02 1.110000000000000000e+02
8.894999999999999574e-01 1.016922456790123386e+00 2.766569487385625928e-02 1.620000000000000000e+02
8.905000000000000693e-01 1.007749768707483007e+00 2.875773800382502854e-02 1.470000000000000000e+02
8.914999999999999591e-01 1.061448653594771141e+00 3.174552814122597044e-02 1.530000000000000000e+02
8.925000000000000711e-01 1.071597246666666781e+00 2.905944098414106613e-02 1.500000000000000000e+02
8.934999999999999609e-01 1.018274262820512810e+00 2.453255981333375343e-02 1.560000000000000000e+02
8.945000000000000728e-01 1.065035265306122358e+00 2.614093079669783937e-02 1.470000000000000000e+02
8.954999999999999627e-01 9.637918843537416347e-01 2.446949693460123004e-02 1.470000000000000000e+02
8.965000000000000746e-01 1.056386583333333240e+00 2.942892405969024794e-02 1.320000000000000000e+02
8.974999999999999645e-01 1.044079409090909127e+00 2.502381892526701554e-02 1.320000000000000000e+02
8.985000000000000764e-01 1.021026699999999954e+00 3.641730804202621824e-02 9.000000000000000000e+01
8.994999999999999662e-01 1.033623568965517325e+00 2.824553421168528658e-02 1.740000000000000000e+02
9.005000000000000782e-01 1.049940977272727061e+00 2.864521559704212572e-02 1.320000000000000000e+02
9.014999999999999680e-01 1.094297197916666464e+00 2.522200145271421071e-02 1.920000000000000000e+02
9.025000000000000799e-01 1.055409040000000020e+00 4.230521145427770108e-02 7.500000000000000000e+01
9.034999999999999698e-01 1.057245453124999957e+00 2.429516102863999230e-02 1.920000000000000000e+02
9.045000000000000817e-01 1.045318435897435894e+00 2.643633936406116283e-02 1.560000000000000000e+02
9.054999999999999716e-01 1.102588314285714466e+00 2.988838329339229757e-02 1.050000000000000000e+02
9.065000000000000835e-01 1.029382515337423420e+00 2.618062920037645194e-02 1.630000000000000000e+02
9.074999999999999734e-01 1.044619254385964702e+00 3.207300962834491037e-02 1.140000000000000000e+02
9.085000000000000853e-01 1.070682786458333258e+00 2.320154233754794654e-02 1.920000000000000000e+02
9.094999999999999751e-01 1.070843833333333439e+00 2.863181299928005408e-02 1.320000000000000000e+02
9.105000000000000870e-01 1.069969338383838453e+00 2.378656602811325335e-02 1.980000000000000000e+02
9.114999999999999769e-01 1.052742317073170675e+00 3.219713228995862292e-02 1.230000000000000000e+02
9.125000000000000888e-01 1.053792249999999875e+00 3.148037355692107769e-02 1.320000000000000000e+02
9.134999999999999787e-01 1.050497741666666762e+00 2.800980326697585440e-02 1.200000000000000000e+02
9.145000000000000906e-01 1.106302000000000119e+00 2.622764616186923706e-02 1.380000000000000000e+02
9.154999999999999805e-01 1.010029797101449356e+00 2.483281884529105199e-02 1.380000000000000000e+02
9.165000000000000924e-01 1.081039170068027078e+00 2.765654189444279390e-02 1.470000000000000000e+02
9.174999999999999822e-01 1.052828701388889066e+00 2.655469871115939684e-02 1.440000000000000000e+02
9.185000000000000941e-01 1.085005615384615485e+00 2.519574163705213740e-02 1.950000000000000000e+02
9.194999999999999840e-01 1.071483933333333471e+00 2.738050933479134474e-02 1.200000000000000000e+02
9.205000000000000959e-01 1.061118340425531770e+00 3.048977309409941355e-02 1.410000000000000000e+02
9.214999999999999858e-01 1.071699660714285685e+00 2.773752005074148208e-02 1.680000000000000000e+02
9.225000000000000977e-01 1.127152768361581847e+00 2.814870404029686662e-02 1.770000000000000000e+02
9.234999999999999876e-01 1.115067479532163786e+00 2.351014776065838210e-02 1.710000000000000000e+02
9.245000000000000995e-01 1.081031574712643550e+00 2.699489781446311534e-02 1.740000000000000000e+02
9.254999999999999893e-01 1.154724552845528107e+00 3.351908475566644369e-02 1.230000000000000000e+02
9.265000000000001013e-01 1.094051311594202991e+00 2.860318286989897360e-02 1.380000000000000000e+02
9.274999999999999911e-01 1.060545861111111154e+00 3.043390260146438750e-02 1.440000000000000000e+02
9.285000000000001030e-01 1.123300929078014043e+00 3.078486032279152337e-02 1.410000000000000000e+02
9.294999999999999929e-01 1.122306922619047631e+00 2.790735740528357475e-02 1.680000000000000000e+02
9.305000000000001048e-01 1.101212673913043671e+00 2.930379830162956403e-02 1.380000000000000000e+02
9.314999999999999947e-01 1.098743054644808703e+00 2.509939429437487574e-02 1.830000000000000000e+02
9.325000000000001066e-01 1.142754878787878958e+00 4.716032425663951172e-02 6.600000000000000000e+01
9.334999999999999964e-01 1.139700405128205141e+00 2.492405207277780671e-02 1.950000000000000000e+02
9.345000000000001084e-01 1.064057214285714537e+00 2.977143692044676229e-02 1.260000000000000000e+02
9.354999999999999982e-01 1.106228270270270153e+00 2.444562122092725984e-02 2.220000000000000000e+02
9.365000000000001101e-01 1.174523375000000147e+00 2.813633618478501852e-02 1.680000000000000000e+02
9.375000000000000000e-01 1.112959387596899052e+00 3.082317853143838604e-02 1.290000000000000000e+02
9.385000000000001119e-01 1.176705377192982516e+00 2.400004936673020076e-02 2.280000000000000000e+02
9.395000000000000018e-01 1.062158424242424237e+00 3.728349767492485090e-02 9.900000000000000000e+01
9.405000000000001137e-01 1.136057535714285915e+00 3.991713420782955213e-02 8.400000000000000000e+01
9.415000000000000036e-01 1.122026696078431307e+00 2.466137407754717681e-02 2.040000000000000000e+02
9.425000000000001155e-01 1.186014782828282765e+00 2.829016390456148139e-02 1.980000000000000000e+02
9.435000000000000053e-01 1.137559929133858505e+00 3.135758541289143664e-02 1.270000000000000000e+02
9.445000000000001172e-01 1.147450488372093069e+00 3.202924623289202938e-02 1.290000000000000000e+02
9.455000000000000071e-01 1.125385666666666618e+00 3.078781695332709692e-02 1.350000000000000000e+02
9.465000000000001190e-01 1.108425870056497065e+00 2.545794760031941384e-02 1.770000000000000000e+02
9.475000000000000089e-01 1.117546658914728708e+00 3.344689132476132143e-02 1.290000000000000000e+02
9.485000000000001208e-01 1.140354568075117481e+00 2.463184343230975445e-02 2.130000000000000000e+02
9.495000000000000107e-01 1.134482700980391945e+00 2.602641443992958353e-02 2.040000000000000000e+02
9.505000000000001226e-01 1.165948119047618858e+00 2.836269454670444987e-02 1.680000000000000000e+02
9.515000000000000124e-01 1.119634345911949769e+00 2.954461074109398719e-02 1.590000000000000000e+02
9.525000000000001243e-01 1.118708937499999889e+00 2.592112643839110039e-02 1.920000000000000000e+02
9.535000000000000142e-01 1.120543477777777852e+00 3.050101158976220236e-02 9.000000000000000000e+01
9.545000000000001261e-01 1.144154251700680192e+00 2.998754277256588524e-02 1.470000000000000000e+02
9.555000000000000160e-01 1.170747345679012286e+00 2.669517282556567450e-02 1.620000000000000000e+02
9.565000000000001279e-01 1.137080044444444216e+00 2.754503007146692772e-02 1.350000000000000000e+02
9.575000000000000178e-01 1.112230700000000017e+00 2.576417579008238173e-02 2.100000000000000000e+02
9.585000000000001297e-01 1.147382598290598299e+00 3.461132623607169473e-02 1.170000000000000000e+02
9.595000000000000195e-01 1.117915120218579084e+00 2.414092829380070498e-02 1.830000000000000000e+02
9.604999999999999094e-01 1.171119406060606272e+00 2.819392268216504641e-02 1.650000000000000000e+02
9.615000000000000213e-01 1.137851555555555505e+00 2.803526960203822985e-02 1.710000000000000000e+02
9.624999999999999112e-01 1.134693308176100590e+00 2.768890762372663850e-02 1.590000000000000000e+02
9.635000000000000231e-01 1.147432723404255173e+00 3.040519350566996126e-02 1.410000000000000000e+02
9.644999999999999130e-01 1.182848681159420323e+00 2.869788172703983606e-02 1.380000000000000000e+02
9.655000000000000249e-01 1.156950743961352668e+00 2.398231586891888187e-02 2.070000000000000000e+02
9.664999999999999147e-01 1.196330861111111199e+00 2.853931326484962505e-02 1.800000000000000000e+02
9.675000000000000266e-01 1.135285971264367921e+00 2.738575394078129194e-02 1.740000000000000000e+02
9.684999999999999165e-01 1.136297307692307745e+00 3.321723593117550249e-02 1.170000000000000000e+02
9.695000000000000284e-01 1.180272920398010017e+00 2.631668922038554043e-02 2.010000000000000000e+02
9.704999999999999183e-01 1.155342969696969702e+00 2.776864673270161565e-02 1.980000000000000000e+02
9.715000000000000302e-01 1.170454354166666766e+00 3.153495207507811537e-02 1.440000000000000000e+02
9.724999999999999201e-01 1.188191867724867734e+00 2.746017814581797403e-02 1.890000000000000000e+02
9.735000000000000320e-01 1.118359276595744856e+00 3.154487210178934936e-02 1.410000000000000000e+02
9.744999999999999218e-01 1.195547529411764565e+00 2.859631033401668562e-02 1.530000000000000000e+02
9.755000000000000338e-01 1.212637774358974463e+00 2.645974004737633098e-02 1.950000000000000000e+02
9.764999999999999236e-01 1.239954503546099263e+00 2.990699385204442784e-02 1.410000000000000000e+02
9.775000000000000355e-01 1.190101258064516054e+00 2.745158988175093809e-02 1.860000000000000000e+02
9.784999999999999254e-01 1.133449195121950970e+00 3.315868630793979144e-02 1.230000000000000000e+02
9.795000000000000373e-01 1.160923078838174360e+00 2.287748223139314530e-02 2.410000000000000000e+02
9.804999999999999272e-01 1.175375229885057493e+00 3.649198044845526623e-02 8.700000000000000000e+01
9.815000000000000391e-01 1.177675767068273149e+00 2.326450362952813336e-02 2.490000000000000000e+02
9.824999999999999289e-01 1.151625394557822979e+00 3.088957225488248026e-02 1.470000000000000000e+02
9.835000000000000409e-01 1.175963023255814033e+00 3.031861837351410363e-02 1.290000000000000000e+02
9.844999999999999307e-01 1.225475528205128395e+00 2.651856184854506013e-02 1.950000000000000000e+02
9.855000000000000426e-01 1.199095731182795666e+00 2.888397996010374016e-02 1.860000000000000000e+02
9.864999999999999325e-01 1.176948119047618979e+00 2.519868176430828735e-02 1.680000000000000000e+02
9.875000000000000444e-01 1.142362000000000100e+00 2.430101089294773795e-02 2.160000000000000000e+02
9.884999999999999343e-01 1.186027944444444371e+00 2.681864874230682066e-02 1.800000000000000000e+02
9.895000000000000462e-01 1.160855222222222149e+00 3.013468181944537264e-02 1.440000000000000000e+02
9.904999999999999361e-01 1.185928944444444300e+00 3.520071017049352519e-02 1.260000000000000000e+02
9.915000000000000480e-01 1.179994551020407956e+00 3.040770619818639747e-02 1.470000000000000000e+02
9.924999999999999378e-01 1.162088276923076924e+00 2.844150911596136921e-02 1.950000000000000000e+02
9.935000000000000497e-01 1.214502768888889195e+00 2.420599957562501875e-02 2.250000000000000000e+02
9.944999999999999396e-01 1.170840125000000009e+00 3.498742396574464064e-02 1.200000000000000000e+02
9.955000000000000515e-01 1.197960152482269613e+00 2.215530287196231310e-02 2.820000000000000000e+02
9.964999999999999414e-01 1.161629098360655643e+00 2.690101755755095955e-02 1.830000000000000000e+02
9.975000000000000533e-01 1.177328186991869918e+00 3.170281772322994934e-02 1.230000000000000000e+02
9.984999999999999432e-01 1.197244420512820540e+00 2.492043220441540058e-02 1.950000000000000000e+02
9.995000000000000551e-01 1.242489914529914419e+00 3.441152050859301592e-02 1.170000000000000000e+02
1.000500000000000167e+00 1.226464593333333353e+00 2.982026610192218402e-02 1.500000000000000000e+02
1.001500000000000057e+00 1.210782172619047525e+00 2.895677908552524854e-02 1.680000000000000000e+02
1.002499999999999947e+00 1.170689295698924770e+00 2.628574446600983813e-02 1.860000000000000000e+02
1.003500000000000059e+00 1.171897950248756315e+00 2.793199818947978211e-02 2.010000000000000000e+02
1.004500000000000171e+00 1.173909406779661158e+00 2.731699071680349436e-02 1.770000000000000000e+02
1.005500000000000060e+00 1.192097596491228151e+00 3.247054258847434371e-02 1.710000000000000000e+02
1.006499999999999950e+00 1.214560103030303040e+00 3.188607925487950412e-02 1.650000000000000000e+02
1.007500000000000062e+00 1.233503852813852886e+00 2.475925408337122796e-02 2.310000000000000000e+02
1.008500000000000174e+00 1.188406768518518453e+00 3.590737401126459921e-02 1.080000000000000000e+02
1.009500000000000064e+00 1.316257264227641999e+00 2.508416290310067076e-02 2.460000000000000000e+02
1.010499999999999954e+00 1.248630768115941647e+00 2.671499024743715159e-02 2.070000000000000000e+02
1.011500000000000066e+00 1.249787049999999899e+00 3.106116163257593640e-02 1.800000000000000000e+02
1.012500000000000178e+00 1.188928857142857121e+00 2.834082332562065307e-02 1.680000000000000000e+02
1.013500000000000068e+00 1.194542084967320283e+00 2.987643521535824145e-02 1.530000000000000000e+02
1.014499999999999957e+00 1.191828580645161173e+00 2.839422409723849766e-02 1.860000000000000000e+02
1.015500000000000069e+00 1.211414430939226516e+00 2.711034965097252822e-02 1.810000000000000000e+02
1.016500000000000181e+00 1.204757771428571544e+00 2.847356954444823021e-02 2.100000000000000000e+02
1.017500000000000071e+00 1.213155485380116971e+00 2.946968301561375680e-02 1.710000000000000000e+02
1.018499999999999961e+00 1.235620480769230811e+00 3.012056355162999119e-02 1.560000000000000000e+02
1.019500000000000073e+00 1.187435153439153401e+00 2.941859704990601801e-02 1.890000000000000000e+02
1.020500000000000185e+00 1.171572160256410422e+00 2.843793027007879975e-02 1.560000000000000000e+02
1.021500000000000075e+00 1.231878823045267302e+00 2.392150420421329526e-02 2.430000000000000000e+02
1.022499999999999964e+00 1.222038356060606068e+00 3.318154442415384431e-02 1.320000000000000000e+02
1.023500000000000076e+00 1.231987891774891875e+00 2.596535245599665073e-02 2.310000000000000000e+02
1.024499999999999966e+00 1.234062168949771721e+00 2.633257939041073331e-02 2.190000000000000000e+02
1.025500000000000078e+00 1.246122679487179807e+00 4.460188628334529892e-02 7.800000000000000000e+01
1.026499999999999968e+00 1.171438123655913932e+00 2.705500242174723596e-02 1.860000000000000000e+02
1.027499999999999858e+00 1.215847395348837123e+00 2.432394797737674405e-02 2.580000000000000000e+02
1.028499999999999970e+00 1.182333426666666965e+00 2.848963091289620844e-02 1.500000000000000000e+02
1.029500000000000082e+00 1.238872134328358188e+00 2.778374456638331089e-02 2.010000000000000000e+02
1.030499999999999972e+00 1.141163944444444356e+00 2.734198187399811131e-02 1.980000000000000000e+02
1.031499999999999861e+00 1.222639594871794744e+00 2.820075876357342956e-02 1.950000000000000000e+02
1.032499999999999973e+00 1.224485760233918086e+00 3.115959275128903083e-02 1.710000000000000000e+02
1.033500000000000085e+00 1.250829666666666729e+00 2.739823600255513261e-02 2.010000000000000000e+02
1.034499999999999975e+00 1.228167303030302859e+00 2.331538869241974593e-02 2.310000000000000000e+02
1.035499999999999865e+00 1.245187072463768141e+00 3.144031368215176314e-02 1.380000000000000000e+02
1.036499999999999977e+00 1.217375294117647000e+00 2.753665430084919694e-02 2.040000000000000000e+02
1.037500000000000089e+00 1.184648589743589886e+00 2.548710220950029318e-02 1.950000000000000000e+02
1.038499999999999979e+00 1.208314748148148432e+00 3.218994460446029243e-02 1.350000000000000000e+02
1.039499999999999869e+00 1.187038787356321734e+00 2.759915634864053280e-02 1.740000000000000000e+02
1.040499999999999980e+00 1.230659835249042322e+00 2.420539328289957395e-02 2.610000000000000000e+02
1.041500000000000092e+00 1.178803180555555663e+00 2.600522515846336730e-02 2.160000000000000000e+02
1.042499999999999982e+00 1.284035788617886142e+00 3.721401516608836141e-02 1.230000000000000000e+02
1.043499999999999872e+00 1.216085995833333211e+00 2.600629850980362701e-02 2.400000000000000000e+02
1.044499999999999984e+00 1.260108749999999889e+00 2.707060833702136862e-02 2.040000000000000000e+02
1.045500000000000096e+00 1.242520277777777737e+00 3.096603985691178187e-02 1.620000000000000000e+02
1.046499999999999986e+00 1.249514553459119437e+00 3.418766310274350823e-02 1.590000000000000000e+02
1.047499999999999876e+00 1.251432761111111125e+00 3.026941223698272759e-02 1.800000000000000000e+02
1.048499999999999988e+00 1.223646287671232624e+00 2.522590480675955885e-02 2.190000000000000000e+02
1.049500000000000099e+00 1.267522112903225695e+00 2.883254821108448968e-02 1.860000000000000000e+02
1.050499999999999989e+00 1.186874378995433688e+00 2.686032227134470610e-02 2.190000000000000000e+02
1.051499999999999879e+00 1.201173773049645233e+00 3.422799228957069256e-02 1.410000000000000000e+02
1.052499999999999991e+00 1.206140761702127362e+00 2.353897403138932587e-02 2.350000000000000000e+02
1.053500000000000103e+00 1.247084878378378336e+00 2.501786233535511009e-02 2.220000000000000000e+02
1.054499999999999993e+00 1.204163769230769176e+00 2.495484994957540906e-02 2.340000000000000000e+02
1.055499999999999883e+00 1.199670223880596964e+00 2.596385463830012952e-02 2.010000000000000000e+02
1.056499999999999995e+00 1.158213652173913033e+00 2.795017209411270256e-02 1.380000000000000000e+02
1.057500000000000107e+00 1.213707278538812551e+00 2.591293046358578503e-02 2.190000000000000000e+02
1.058499999999999996e+00 1.215335283950617296e+00 2.711463269930565120e-02 1.620000000000000000e+02
1.059499999999999886e+00 1.278203303418803172e+00 2.456605033220638640e-02 2.340000000000000000e+02
1.060499999999999998e+00 1.231059067567567666e+00 2.626302726458396714e-02 2.220000000000000000e+02
1.061500000000000110e+00 1.245510612903226066e+00 3.063161431186845959e-02 1.860000000000000000e+02
1.062500000000000000e+00 1.225654290909090838e+00 2.809180622149117998e-02 1.650000000000000000e+02
1.063499999999999890e+00 1.197306059523809640e+00 3.146220923735902619e-02 1.680000000000000000e+02
1.064500000000000002e+00 1.196655707762557030e+00 2.425090945474861828e-02 2.190000000000000000e+02
1.065500000000000114e+00 1.215564619791666745e+00 2.733290943313048185e-02 1.920000000000000000e+02
1.066500000000000004e+00 1.254565779874213804e+00 3.028735865184445375e-02 1.590000000000000000e+02
1.067499999999999893e+00 1.242507857843137220e+00 2.700389621706971235e-02 2.040000000000000000e+02
1.068500000000000005e+00 1.220824684444444586e+00 2.821292503438741633e-02 2.250000000000000000e+02
1.069500000000000117e+00 1.269217132075471710e+00 2.204403081101783887e-02 3.180000000000000000e+02
1.070500000000000007e+00 1.180508764705882285e+00 3.258483288557611351e-02 1.530000000000000000e+02
1.071499999999999897e+00 1.192984189054726363e+00 2.634861622963882710e-02 2.010000000000000000e+02
1.072500000000000009e+00 1.279675265306122300e+00 3.453971782169133059e-02 1.470000000000000000e+02
1.073500000000000121e+00 1.154694147679324878e+00 2.437309763547327104e-02 2.370000000000000000e+02
1.074500000000000011e+00 1.229417642512077080e+00 2.789224505814982477e-02 2.070000000000000000e+02
1.075499999999999901e+00 1.203248978142076542e+00 2.743249107141332299e-02 1.830000000000000000e+02
1.076500000000000012e+00 1.193198426229508335e+00 3.104291750380888670e-02 1.830000000000000000e+02
1.077500000000000124e+00 1.237230180392156820e+00 2.292226229896412310e-02 2.550000000000000000e+02
1.078500000000000014e+00 1.228470787500000050e+00 2.498286958301957142e-02 2.400000000000000000e+02
1.079499999999999904e+00 1.228414957446808620e+00 3.527361451837433826e-02 1.410000000000000000e+02
1.080500000000000016e+00 1.252491847222222177e+00 3.366481882591259439e-02 1.440000000000000000e+02
1.081500000000000128e+00 1.230410121951219349e+00 2.435733798865040434e-02 2.460000000000000000e+02
1.082500000000000018e+00 1.202144395833333101e+00 2.563491606874621770e-02 2.400000000000000000e+02
1.083499999999999908e+00 1.206005537777777636e+00 2.613583826478376587e-02 2.250000000000000000e+02
1.084500000000000020e+00 1.174013365079364934e+00 2.741159740881442264e-02 1.890000000000000000e+02
1.085500000000000131e+00 1.182832388888888975e+00 4.576212510426171803e-02 9.000000000000000000e+01
1.086500000000000021e+00 1.209126863945578112e+00 2.211121174027195699e-02 2.940000000000000000e+02
1.087499999999999911e+00 1.230992069651741128e+00 2.623482649392110816e-02 2.010000000000000000e+02
1.088500000000000023e+00 1.229779331838565026e+00 2.545276563335163028e-02 2.230000000000000000e+02
1.089500000000000135e+00 1.213560394308943025e+00 2.483464143752684219e-02 2.460000000000000000e+02
1.090500000000000025e+00 1.186857121212121280e+00 2.635074966922458170e-02 1.650000000000000000e+02
1.091499999999999915e+00 1.250076975609756058e+00 2.646453656086602407e-02 2.460000000000000000e+02
1.092500000000000027e+00 1.232424614035087851e+00 2.983413768434589261e-02 1.710000000000000000e+02
1.093500000000000139e+00 1.207322303921568585e+00 2.558176154501096838e-02 2.040000000000000000e+02
1.094500000000000028e+00 1.208129176029962393e+00 2.408820489984181759e-02 2.670000000000000000e+02
1.095499999999999918e+00 1.222666888888888970e+00 3.088286876382810575e-02 1.440000000000000000e+02
1.096500000000000030e+00 1.193643195238095256e+00 2.577292624766054641e-02 2.100000000000000000e+02
1.097500000000000142e+00 1.220439549999999818e+00 2.266958651033980365e-02 2.400000000000000000e+02
1.098500000000000032e+00 1.217204234234234406e+00 2.442277088931276569e-02 2.220000000000000000e+02
1.099499999999999922e+00 1.188056737373737626e+00 2.133172550215317251e-02 2.970000000000000000e+02
1.100500000000000034e+00 1.245022065359477015e+00 2.847708933892054498e-02 1.530000000000000000e+02
1.101500000000000146e+00 1.202441484848485009e+00 2.878814090325394065e-02 1.650000000000000000e+02
1.102500000000000036e+00 1.211038984496124016e+00 2.455785807530072584e-02 2.580000000000000000e+02
1.103499999999999925e+00 1.208180314814814915e+00 2.442387711455981658e-02 2.160000000000000000e+02
1.104500000000000037e+00 1.174429826923076847e+00 2.969154760225630602e-02 1.560000000000000000e+02
1.105500000000000149e+00 1.204543268518518673e+00 2.440691490834434943e-02 2.160000000000000000e+02
1.106500000000000039e+00 1.214309620567375791e+00 2.216019574781412371e-02 2.820000000000000000e+02
1.107499999999999929e+00 1.178648767676767628e+00 2.602699465674749441e-02 1.980000000000000000e+02
1.108500000000000041e+00 1.223155102564102759e+00 3.117561140654888374e-02 1.560000000000000000e+02
1.109500000000000153e+00 1.202864769607842943e+00 2.526459692410547297e-02 2.040000000000000000e+02
1.110500000000000043e+00 1.212421086274509729e+00 2.387582213612292337e-02 2.550000000000000000e+02
1.111499999999999932e+00 1.227509113207547076e+00 2.974425264048084425e-02 1.590000000000000000e+02
1.112500000000000044e+00 1.179132709302325388e+00 2.291952324580963374e-02 2.580000000000000000e+02
1.113500000000000156e+00 1.175012277227722945e+00 2.207188427961829028e-02 3.030000000000000000e+02
1.114500000000000046e+00 1.213547666666666469e+00 2.376549830822991330e-02 2.190000000000000000e+02
1.115499999999999936e+00 1.237362294117647199e+00 2.528186187991111195e-02 2.040000000000000000e+02
1.116500000000000048e+00 1.186986941798941819e+00 2.568201324634878172e-02 1.890000000000000000e+02
1.117500000000000160e+00 1.196256000000000208e+00 2.282169002156137286e-02 2.730000000000000000e+02
1.118500000000000050e+00 1.214295111111111103e+00 2.613772438340732432e-02 2.160000000000000000e+02
1.119499999999999940e+00 1.174507038251366042e+00 2.658739806290870422e-02 1.830000000000000000e+02
1.120500000000000052e+00 1.184280014925373159e+00 2.719943229300685744e-02 2.010000000000000000e+02
1.121500000000000163e+00 1.182259675324675463e+00 2.622256300548581054e-02 2.310000000000000000e+02
1.122500000000000053e+00 1.190354912280702004e+00 2.290212584058192238e-02 2.850000000000000000e+02
1.123499999999999943e+00 1.157453718750000027e+00 4.006908953441867122e-02 9.600000000000000000e+01
1.124500000000000055e+00 1.206131039525691895e+00 2.347037173166345581e-02 2.530000000000000000e+02
1.125500000000000167e+00 1.184218876811594212e+00 2.326040273996503663e-02 2.760000000000000000e+02
1.126500000000000057e+00 1.173672920398009856e+00 2.613129675025940152e-02 2.010000000000000000e+02
1.127499999999999947e+00 1.206252301369863167e+00 2.451200768897330087e-02 2.190000000000000000e+02
1.128500000000000059e+00 1.186393689655172334e+00 3.015148552984319233e-02 1.740000000000000000e+02
1.129500000000000171e+00 1.178148218954248261e+00 2.020611396603999924e-02 3.060000000000000000e+02
1.130500000000000060e+00 1.151487228571428600e+00 2.420473802860275553e-02 2.100000000000000000e+02
1.131499999999999950e+00 1.172795400966183621e+00 2.600419750621355344e-02 2.070000000000000000e+02
1.132500000000000062e+00 1.143964006802721034e+00 2.030368835504951092e-02 2.940000000000000000e+02
1.133500000000000174e+00 1.191037108974358771e+00 2.916818691498623481e-02 1.560000000000000000e+02
1.134500000000000064e+00 1.191384052208835254e+00 2.349890914852894794e-02 2.490000000000000000e+02
1.135499999999999954e+00 1.149838340659340874e+00 2.184757501899128526e-02 2.730000000000000000e+02
1.136500000000000066e+00 1.192484701149425286e+00 2.593605275612467440e-02 1.740000000000000000e+02
1.137500000000000178e+00 1.147801183908045974e+00 2.755074952099785188e-02 1.740000000000000000e+02
1.138500000000000068e+00 1.159870472789115370e+00 2.165681950147512955e-02 2.940000000000000000e+02
1.139499999999999957e+00 1.193828741784037639e+00 2.476301956782269581e-02 2.130000000000000000e+02
1.140500000000000069e+00 1.179544541666666557e+00 2.349978269102749942e-02 2.400000000000000000e+02
1.141500000000000181e+00 1.188842379629629464e+00 2.547047338031323965e-02 2.160000000000000000e+02
1.142500000000000071e+00 1.126781546666666634e+00 2.425893243702292174e-02 2.250000000000000000e+02
1.143499999999999961e+00 1.185199692640692470e+00 2.405097962650432422e-02 2.310000000000000000e+02
1.144500000000000073e+00 1.144434817777777891e+00 2.364069031133857884e-02 2.250000000000000000e+02
1.145500000000000185e+00 1.132544823529411770e+00 2.090867866165295116e-02 3.060000000000000000e+02
1.146500000000000075e+00 1.147334562091503418e+00 2.862631535690613599e-02 1.530000000000000000e+02
1.147499999999999964e+00 1.161027710144927561e+00 2.494896448013118884e-02 2.070000000000000000e+02
1.148500000000000076e+00 1.160749393939394025e+00 2.084618899765386044e-02 2.640000000000000000e+02
1.149500000000000188e+00 1.142984084337349326e+00 2.264806845780310482e-02 2.490000000000000000e+02
1.150500000000000078e+00 1.169204681592039829e+00 2.522798881029517798e-02 2.010000000000000000e+02
1.151499999999999968e+00 1.132499196428571331e+00 3.062068738087314959e-02 1.680000000000000000e+02
1.152500000000000080e+00 1.194847154088050534e+00 2.012787332944588128e-02 3.180000000000000000e+02
1.153499999999999970e+00 1.178574819444444310e+00 2.564432655846781220e-02 2.160000000000000000e+02
1.154500000000000082e+00 1.130259429718875497e+00 2.249086393983751320e-02 2.490000000000000000e+02
1.155499999999999972e+00 1.139530492592592426e+00 2.211621900122674386e-02 2.700000000000000000e+02
1.156499999999999861e+00 1.156633072289156461e+00 2.400609798588031890e-02 2.490000000000000000e+02
1.157499999999999973e+00 1.176192355555555569e+00 3.188381401617795818e-02 1.800000000000000000e+02
1.158500000000000085e+00 1.133289384615384643e+00 2.276867030047440357e-02 2.730000000000000000e+02
1.159499999999999975e+00 1.150386082251082520e+00 2.296613657139955772e-02 2.310000000000000000e+02
1.160499999999999865e+00 1.182855261146496861e+00 2.971368104822394787e-02 1.570000000000000000e+02
1.161499999999999977e+00 1.197051752873563135e+00 2.083256998415210573e-02 3.480000000000000000e+02
1.162500000000000089e+00 1.171078952380952387e+00 2.882625270096082770e-02 1.890000000000000000e+02
1.163499999999999979e+00 1.145048572139303555e+00 2.417587237560564484e-02 2.010000000000000000e+02
1.164499999999999869e+00 1.132770321100917466e+00 2.097384638954026895e-02 3.270000000000000000e+02
1.165499999999999980e+00 1.098565277056277045e+00 2.271041394685896497e-02 2.310000000000000000e+02
1.166500000000000092e+00 1.165324545454545335e+00 2.806436267730272327e-02 1.650000000000000000e+02
1.167499999999999982e+00 1.157831557632398756e+00 2.043681889964884743e-02 3.210000000000000000e+02
1.168499999999999872e+00 1.125912191176470456e+00 2.351323479375559689e-02 2.040000000000000000e+02
1.169499999999999984e+00 1.145486450980391924e+00 3.460906098672938969e-02 1.020000000000000000e+02
1.170500000000000096e+00 1.120469043715847102e+00 1.842844728753464598e-02 3.660000000000000000e+02
1.171499999999999986e+00 1.155176902777777848e+00 2.382978547401405633e-02 2.160000000000000000e+02
1.172499999999999876e+00 1.105441785310734337e+00 2.719004743238562921e-02 1.770000000000000000e+02
1.173499999999999988e+00 1.148957553571428702e+00 2.007226842911950110e-02 3.360000000000000000e+02
1.174500000000000099e+00 1.140293333333333159e+00 2.382199305974198530e-02 2.340000000000000000e+02
1.175499999999999989e+00 1.176842722891566329e+00 2.212925433953764204e-02 2.490000000000000000e+02
1.176499999999999879e+00 1.144712592233009918e+00 2.111011960539477261e-02 3.090000000000000000e+02
1.177499999999999991e+00 1.129092263681592101e+00 2.430200054192098794e-02 2.010000000000000000e+02
1.178500000000000103e+00 1.114101864864864844e+00 3.380309971998903679e-02 1.110000000000000000e+02
1.179499999999999993e+00 1.128448344262295233e+00 1.770833596167850285e-02 3.660000000000000000e+02
1.180499999999999883e+00 1.152505135964912553e+00 2.409013643949416139e-02 2.280000000000000000e+02
1.181499999999999995e+00 1.117561543650793521e+00 2.469351779770517091e-02 2.520000000000000000e+02
1.182500000000000107e+00 1.174381028673835203e+00 2.353799213188275882e-02 2.790000000000000000e+02
1.183499999999999996e+00 1.074411211711711722e+00 2.337732561003356968e-02 2.220000000000000000e+02
1.184499999999999886e+00 1.126832299516908220e+00 2.452794478773140038e-02 2.070000000000000000e+02
1.185499999999999998e+00 1.127321938697318116e+00 2.143494300046197218e-02 2.610000000000000000e+02
1.186500000000000110e+00 1.093181692883895328e+00 2.153393244547840285e-02 2.670000000000000000e+02
1.187500000000000000e+00 1.159986553459119385e+00 2.879616515865835238e-02 1.590000000000000000e+02
1.188499999999999890e+00 1.113649230769230725e+00 1.901575058736606691e-02 3.120000000000000000e+02
1.189500000000000002e+00 1.130438995726495532e+00 2.222002151946778775e-02 2.340000000000000000e+02
1.190500000000000114e+00 1.091937821969696909e+00 1.930540178327013953e-02 2.640000000000000000e+02
1.191500000000000004e+00 1.145845122807017669e+00 2.283818630259036586e-02 2.280000000000000000e+02
1.192499999999999893e+00 1.089099915555555631e+00 2.218386500207360224e-02 2.250000000000000000e+02
1.193500000000000005e+00 1.096562955326460420e+00 1.938188832019910324e-02 2.910000000000000000e+02
1.194500000000000117e+00 1.119549361702127710e+00 2.046584598078056427e-02 2.820000000000000000e+02
1.195500000000000007e+00 1.097838747311827845e+00 2.392788349146783566e-02 1.860000000000000000e+02
1.196499999999999897e+00 1.096117922222221930e+00 2.137786868188622930e-02 2.700000000000000000e+02
1.197500000000000009e+00 1.067781112244897912e+00 2.290482193213684917e-02 1.960000000000000000e+02
1.198500000000000121e+00 1.115341380000000049e+00 1.958810416210658017e-02 3.000000000000000000e+02
1.199500000000000011e+00 1.114445093023255895e+00 2.206342146353238581e-02 2.580000000000000000e+02
1.200499999999999901e+00 1.146603881720430040e+00 2.149998553354911385e-02 2.790000000000000000e+02
1.201500000000000012e+00 1.112197285185185347e+00 2.134753677418408171e-02 2.700000000000000000e+02
1.202500000000000124e+00 1.110653875457875417e+00 2.174871710075767378e-02 2.730000000000000000e+02
1.203500000000000014e+00 1.108377333333333548e+00 2.278757242597989618e-02 2.100000000000000000e+02
1.204499999999999904e+00 1.098144666666666547e+00 1.836692437917118725e-02 3.240000000000000000e+02
1.205500000000000016e+00 1.052288848958333523e+00 2.221742550379924436e-02 1.920000000000000000e+02
1.206500000000000128e+00 1.112248294498381807e+00 1.871678188431416534e-02 3.090000000000000000e+02
1.207500000000000018e+00 1.087663470899471019e+00 2.775769487201480354e-02 1.890000000000000000e+02
1.208499999999999908e+00 1.083894317152103604e+00 1.942960871931652400e-02 3.090000000000000000e+02
1.209500000000000020e+00 1.105775960784313616e+00 2.785943162528924100e-02 1.530000000000000000e+02
1.210500000000000131e+00 1.073962535714285682e+00 1.866702523407476333e-02 3.360000000000000000e+02
1.211500000000000021e+00 1.130818410628019244e+00 2.414313837075711053e-02 2.070000000000000000e+02
1.212499999999999911e+00 1.110528428104575083e+00 2.030331444659290788e-02 3.060000000000000000e+02
1.213500000000000023e+00 1.110005053333333436e+00 2.911019273070931598e-02 1.500000000000000000e+02
1.214500000000000135e+00 1.099308842948717890e+00 2.020589858800584879e-02 3.120000000000000000e+02
1.215500000000000025e+00 1.105638166666666589e+00 2.079276086733977333e-02 2.700000000000000000e+02
1.216499999999999915e+00 1.087037791666666697e+00 2.382739589115715276e-02 2.400000000000000000e+02
1.217500000000000027e+00 1.081416341807909687e+00 1.905557626187131051e-02 3.540000000000000000e+02
1.218500000000000139e+00 1.077706945833333485e+00 2.296224815926318011e-02 2.400000000000000000e+02
1.219500000000000028e+00 1.094074662037037182e+00 2.500050110054399810e-02 2.160000000000000000e+02
1.220499999999999918e+00 1.078165476666666622e+00 1.907013620414103883e-02 3.000000000000000000e+02
1.221500000000000030e+00 1.112852922330097138e+00 1.986591578865436886e-02 3.090000000000000000e+02
1.222500000000000142e+00 1.086310727272727261e+00 2.541129606460692039e-02 1.980000000000000000e+02
1.223500000000000032e+00 1.068116168627451179e+00 2.066329333403846974e-02 2.550000000000000000e+02
1.224499999999999922e+00 1.120939184684684786e+00 2.254473286430834153e-02 2.220000000000000000e+02
1.225500000000000034e+00 1.041605198113207509e+00 1.796829956643514886e-02 3.180000000000000000e+02
1.226500000000000146e+00 1.054062827586206730e+00 2.126737756754299574e-02 2.610000000000000000e+02
1.227500000000000036e+00 1.058931025925925695e+00 2.015038249490752609e-02 2.700000000000000000e+02
1.228499999999999925e+00 1.055827181818181693e+00 2.088646381005398664e-02 2.310000000000000000e+02
1.229500000000000037e+00 1.076804420765027359e+00 2.629664501807840379e-02 1.830000000000000000e+02
1.230500000000000149e+00 1.088357614987079947e+00 1.744311129363715351e-02 3.870000000000000000e+02
1.231500000000000039e+00 1.044307273224043708e+00 2.487479988009856646e-02 1.830000000000000000e+02
1.232499999999999929e+00 1.053006601246105900e+00 1.836066730971855354e-02 3.210000000000000000e+02
1.233500000000000041e+00 1.072779800000000172e+00 1.958466850473890644e-02 2.800000000000000000e+02
1.234500000000000153e+00 1.077377326797385626e+00 1.980899605026185950e-02 3.060000000000000000e+02
1.235500000000000043e+00 1.039010077777777763e+00 2.118463463295970628e-02 1.800000000000000000e+02
1.236499999999999932e+00 1.060547448275862115e+00 1.951846151486102618e-02 2.610000000000000000e+02
1.237500000000000044e+00 1.040225055555555445e+00 2.042932935200304431e-02 2.880000000000000000e+02
1.238500000000000156e+00 1.040591302721088240e+00 1.964167047517001094e-02 2.940000000000000000e+02
1.239500000000000046e+00 1.109714473684210612e+00 2.420582882417706555e-02 2.280000000000000000e+02
1.240499999999999936e+00 1.061497669172932312e+00 1.728390930143501938e-02 3.990000000000000000e+02
1.241500000000000048e+00 1.030331681818181799e+00 2.130247438093329365e-02 1.980000000000000000e+02
1.242500000000000160e+00 1.062929273809523734e+00 2.067559008997363681e-02 2.520000000000000000e+02
1.243500000000000050e+00 1.067507248826291111e+00 2.481158066508826546e-02 2.130000000000000000e+02
1.244499999999999940e+00 1.028079110119047623e+00 1.806065323420517552e-02 3.360000000000000000e+02
1.245500000000000052e+00 1.066722125412541189e+00 1.856919014821587291e-02 3.030000000000000000e+02
1.246500000000000163e+00 1.071338820512820478e+00 2.386896518145444068e-02 1.950000000000000000e+02
1.247500000000000053e+00 1.040348475783475779e+00 1.799498603213495543e-02 3.510000000000000000e+02
1.248499999999999943e+00 1.071382609195402180e+00 2.038793520203166509e-02 2.610000000000000000e+02
1.249500000000000055e+00 1.067340076666666748e+00 2.053803480564578982e-02 3.000000000000000000e+02
1.250500000000000167e+00 1.063750813620071733e+00 2.119077382511344240e-02 2.790000000000000000e+02
1.251500000000000057e+00 1.032176007017543862e+00 1.845208602366435469e-02 2.850000000000000000e+02
1.252499999999999947e+00 1.061615626016260139e+00 2.026058867253574189e-02 2.460000000000000000e+02
1.253500000000000059e+00 1.069139626436781620e+00 2.571781578861311035e-02 1.740000000000000000e+02
1.254500000000000171e+00 1.025876661202185902e+00 1.677214812827590440e-02 3.660000000000000000e+02
1.255500000000000060e+00 1.079755316239316087e+00 2.315669634651156342e-02 2.340000000000000000e+02
1.256499999999999950e+00 1.039804807228915440e+00 2.189182045575239696e-02 2.490000000000000000e+02
1.257500000000000062e+00 1.054691996124031084e+00 2.050585983001117912e-02 2.580000000000000000e+02
1.258500000000000174e+00 1.048084993650793662e+00 1.889462794522651923e-02 3.150000000000000000e+02
1.259500000000000064e+00 1.035258057575757284e+00 1.807230554378082277e-02 3.300000000000000000e+02
1.260499999999999954e+00 1.038480138576779011e+00 2.013194396340509118e-02 2.670000000000000000e+02
1.261500000000000066e+00 1.022370015748031324e+00 1.645035125248982266e-02 3.810000000000000000e+02
1.262500000000000178e+00 1.041475967213114862e+00 2.481744079891269258e-02 1.830000000000000000e+02
1.263500000000000068e+00 1.066490794117647134e+00 1.859576593494539562e-02 3.060000000000000000e+02
1.264499999999999957e+00 1.004630218181818080e+00 2.412836711601867509e-02 1.650000000000000000e+02
1.265500000000000069e+00 1.036737966942148592e+00 1.726703725646274237e-02 3.630000000000000000e+02
1.266500000000000181e+00 1.042342394444444320e+00 1.762797065276185127e-02 3.600000000000000000e+02
1.267500000000000071e+00 1.028295137500000012e+00 2.148331567386491461e-02 2.400000000000000000e+02
1.268499999999999961e+00 1.036858445736434042e+00 2.234736473551573316e-02 2.580000000000000000e+02
1.269500000000000073e+00 1.023257016000000075e+00 1.993524370798697640e-02 2.500000000000000000e+02
1.270500000000000185e+00 1.006681915824915841e+00 1.800800280728629549e-02 2.970000000000000000e+02
1.271500000000000075e+00 1.068428875000000167e+00 2.424022611411422862e-02 2.160000000000000000e+02
1.272499999999999964e+00 1.008586336088154400e+00 1.695813741176316683e-02 3.630000000000000000e+02
1.273500000000000076e+00 1.073605915422885415e+00 2.446424219756324070e-02 2.010000000000000000e+02
1.274500000000000188e+00 1.041811689393939311e+00 1.673044267235653665e-02 3.960000000000000000e+02
1.275500000000000078e+00 1.014060968749999958e+00 2.269850831539127131e-02 1.920000000000000000e+02
1.276499999999999968e+00 1.031920628099173509e+00 1.821836901294098324e-02 3.630000000000000000e+02
1.277500000000000080e+00 1.045258430894308921e+00 2.148693949330357164e-02 2.460000000000000000e+02
1.278500000000000192e+00 1.035933169811320775e+00 1.902771193205301734e-02 3.180000000000000000e+02
1.279500000000000082e+00 1.020962796116504645e+00 1.841828072687268572e-02 3.090000000000000000e+02
1.280499999999999972e+00 1.023212495238095210e+00 2.281251151109413983e-02 2.100000000000000000e+02
1.281499999999999861e+00 1.038336806349206443e+00 1.850595053152559108e-02 3.150000000000000000e+02
1.282499999999999973e+00 9.986036230158730209e-01 1.862443789763334676e-02 2.520000000000000000e+02
1.283500000000000085e+00 1.028447545698924825e+00 1.687860100497883334e-02 3.720000000000000000e+02
1.284499999999999975e+00 1.050729000000000246e+00 2.031362968408239461e-02 2.790000000000000000e+02
1.285499999999999865e+00 1.025734877675841039e+00 1.676736633179667577e-02 3.270000000000000000e+02
1.286499999999999977e+00 1.044946081395348836e+00 1.919277046064836803e-02 2.580000000000000000e+02
1.287500000000000089e+00 1.011599840909090942e+00 1.929370121818926864e-02 2.640000000000000000e+02
1.288499999999999979e+00 1.033490170068027236e+00 1.865910256543729454e-02 2.940000000000000000e+02
1.289499999999999869e+00 1.027251040540540616e+00 2.139162285506969810e-02 2.220000000000000000e+02
1.290499999999999980e+00 1.011262201834862262e+00 1.854265818774572874e-02 3.270000000000000000e+02
1.291500000000000092e+00 1.008869732558139498e+00 1.990704838341777333e-02 2.580000000000000000e+02
1.292499999999999982e+00 1.052295550847457406e+00 1.764499672288616025e-02 3.540000000000000000e+02
1.293499999999999872e+00 1.030580794573643599e+00 2.114434428263318663e-02 2.580000000000000000e+02
1.294499999999999984e+00 1.010949925287356388e+00 1.688781986555414408e-02 3.480000000000000000e+02
1.295500000000000096e+00 1.022318901785714163e+00 1.762310718683037652e-02 3.360000000000000000e+02
1.296499999999999986e+00 1.002778973597359791e+00 1.656827129215901473e-02 3.030000000000000000e+02
1.297499999999999876e+00 1.016682308333333173e+00 2.704538521628875591e-02 1.200000000000000000e+02
1.298499999999999988e+00 1.007820211886304884e+00 1.569589467196580088e-02 3.870000000000000000e+02
1.299500000000000099e+00 1.025327300000000053e+00 1.978247502519048587e-02 3.000000000000000000e+02
1.300499999999999989e+00 9.918545985663083098e-01 1.918011240715625232e-02 2.790000000000000000e+02
1.301499999999999879e+00 1.015162538461538588e+00 1.942078333534966519e-02 2.730000000000000000e+02
1.302499999999999991e+00 1.009004299999999965e+00 1.686327324761034349e-02 3.900000000000000000e+02
1.303500000000000103e+00 9.967072142857141825e-01 1.988116702272417838e-02 2.520000000000000000e+02
1.304499999999999993e+00 9.982122599388377759e-01 1.702929764467358414e-02 3.270000000000000000e+02
1.305499999999999883e+00 1.019129557692307619e+00 2.423000828498445003e-02 2.080000000000000000e+02
1.306499999999999995e+00 9.817250143884891367e-01 1.552808474886843357e-02 4.170000000000000000e+02
1.307500000000000107e+00 9.993115287356322263e-01 1.944810607617709561e-02 2.610000000000000000e+02
1.308499999999999996e+00 1.010123266129032249e+00 1.707643307676518646e-02 3.720000000000000000e+02
1.309499999999999886e+00 9.841210263157894600e-01 2.078410365495911988e-02 2.280000000000000000e+02
1.310499999999999998e+00 9.979180089285714095e-01 1.788084527883047892e-02 3.360000000000000000e+02
1.311500000000000110e+00 9.886701731601731380e-01 2.215299463294999674e-02 2.310000000000000000e+02
1.312500000000000000e+00 9.959982847222221825e-01 1.552243033477378187e-02 4.320000000000000000e+02
1.313499999999999890e+00 1.000088656084656025e+00 2.365978803118463578e-02 1.890000000000000000e+02
1.314500000000000002e+00 9.851778809523809022e-01 1.664764846517316835e-02 3.360000000000000000e+02
1.315500000000000114e+00 1.004475073684210518e+00 1.890325010504202360e-02 2.850000000000000000e+02
1.316500000000000004e+00 1.010217472789115778e+00 1.868648516102805815e-02 2.940000000000000000e+02
1.317499999999999893e+00 9.456293427230045845e-01 2.218679433831271391e-02 2.130000000000000000e+02
1.318500000000000005e+00 9.776423179487179205e-01 1.462882818285290466e-02 3.900000000000000000e+02
1.319500000000000117e+00 9.798568527131782391e-01 1.932533232800242792e-02 2.580000000000000000e+02
1.320500000000000007e+00 1.006155366391184636e+00 1.582073783961750191e-02 3.630000000000000000e+02
1.321499999999999897e+00 1.005323040650406341e+00 2.077506201385374493e-02 2.460000000000000000e+02
1.322500000000000009e+00 9.991063291139241631e-01 1.450252954079387507e-02 4.740000000000000000e+02
1.323500000000000121e+00 1.003835905349794277e+00 1.903148941213232345e-02 2.430000000000000000e+02
1.324500000000000011e+00 9.717089856630825029e-01 1.912343987274823381e-02 2.790000000000000000e+02
1.325499999999999901e+00 1.025746388888888916e+00 2.100651876326933842e-02 2.340000000000000000e+02
1.326500000000000012e+00 9.917764266666666551e-01 1.530362046240052454e-02 4.500000000000000000e+02
1.327500000000000124e+00 9.830909223744292991e-01 2.311406280764865054e-02 2.190000000000000000e+02
1.328500000000000014e+00 9.940069448621554615e-01 1.506798684956157063e-02 3.990000000000000000e+02
1.329499999999999904e+00 9.807497823129252001e-01 2.744980129943029243e-02 1.470000000000000000e+02
1.330500000000000016e+00 9.954806101694914089e-01 1.655339324718894251e-02 3.540000000000000000e+02
1.331500000000000128e+00 9.685502652329747164e-01 1.788847457065007029e-02 2.790000000000000000e+02
1.332500000000000018e+00 9.872669494949495306e-01 1.574565811010038285e-02 3.960000000000000000e+02
1.333499999999999908e+00 9.743505244444445879e-01 1.951917758133850725e-02 2.250000000000000000e+02
1.334500000000000020e+00 9.717177533875338558e-01 1.537716989566852849e-02 3.690000000000000000e+02
1.335500000000000131e+00 9.945191222222221628e-01 1.641524126043319293e-02 3.600000000000000000e+02
1.336500000000000021e+00 9.680332745098041425e-01 1.821659380602298414e-02 3.060000000000000000e+02
1.337499999999999911e+00 9.721322800000000708e-01 2.030249222996929198e-02 2.250000000000000000e+02
1.338500000000000023e+00 9.634072271386431296e-01 1.611622458748579803e-02 3.390000000000000000e+02
1.339500000000000135e+00 9.885995704467354095e-01 1.861438785531756984e-02 2.910000000000000000e+02
1.340500000000000025e+00 1.012136275757575810e+00 1.735111179785870511e-02 3.300000000000000000e+02
1.341499999999999915e+00 1.007878494949494996e+00 1.803983986938650225e-02 2.970000000000000000e+02
1.342500000000000027e+00 9.883834030769230727e-01 1.661128770594927015e-02 3.250000000000000000e+02
1.343500000000000139e+00 9.498642211838007610e-01 1.738672595019167752e-02 3.210000000000000000e+02
1.344500000000000028e+00 9.900272031249999216e-01 1.576342615405180655e-02 3.840000000000000000e+02
1.345499999999999918e+00 9.806898937728937282e-01 1.981658161400637330e-02 2.730000000000000000e+02
1.346500000000000030e+00 9.870436318840579704e-01 1.674315919215187479e-02 3.450000000000000000e+02
1.347500000000000142e+00 9.884499158576051103e-01 1.831185158968029816e-02 3.090000000000000000e+02
1.348500000000000032e+00 9.703780284552844249e-01 1.743691783867986483e-02 2.460000000000000000e+02
1.349499999999999922e+00 9.771749926470588710e-01 1.494770443085929011e-02 4.080000000000000000e+02
1.350500000000000034e+00 1.016606750000000003e+00 2.089369399890476584e-02 2.280000000000000000e+02
1.351500000000000146e+00 9.867129583333333898e-01 1.475536781552172494e-02 4.080000000000000000e+02
1.352500000000000036e+00 1.002404165191740582e+00 1.820826959920613872e-02 3.390000000000000000e+02
1.353499999999999925e+00 9.879665068027211339e-01 1.722436206000511547e-02 2.940000000000000000e+02
1.354500000000000037e+00 9.725084435261709404e-01 1.728726995079354553e-02 3.630000000000000000e+02
1.355500000000000149e+00 9.588845155038759893e-01 1.934620937507196964e-02 2.580000000000000000e+02
1.356500000000000039e+00 9.906246237623762552e-01 1.836426894465697374e-02 3.030000000000000000e+02
1.357499999999999929e+00 9.510325943396226167e-01 1.614594252405497296e-02 3.180000000000000000e+02
1.358500000000000041e+00 1.006717839869281095e+00 1.772297207451340936e-02 3.060000000000000000e+02
1.359500000000000153e+00 9.919093765432099863e-01 1.835025479031067441e-02 3.240000000000000000e+02
1.360500000000000043e+00 9.458921666666667560e-01 1.817090811785071827e-02 3.180000000000000000e+02
1.361499999999999932e+00 9.596723645833331595e-01 1.712320779933048862e-02 2.880000000000000000e+02
1.362500000000000044e+00 9.655802679738562100e-01 1.401472752185669961e-02 4.590000000000000000e+02
1.363500000000000156e+00 9.430798151815182884e-01 1.589966560136731738e-02 3.030000000000000000e+02
1.364500000000000046e+00 9.777434666666666718e-01 1.866696008685557809e-02 2.550000000000000000e+02
1.365499999999999936e+00 9.701426391437308894e-01 1.650699972680515215e-02 3.270000000000000000e+02
1.366500000000000048e+00 9.716466120218578695e-01 1.690007138998863429e-02 3.660000000000000000e+02
1.367500000000000160e+00 9.656799308641975665e-01 1.534928547141439781e-02 4.050000000000000000e+02
1.368500000000000050e+00 9.354745787037036520e-01 2.022080676383444797e-02 2.160000000000000000e+02
1.369499999999999940e+00 9.878816496350365517e-01 1.514529877883383571e-02 4.110000000000000000e+02
1.370500000000000052e+00 9.800684807017544520e-01 1.828570039067827988e-02 2.850000000000000000e+02
1.371500000000000163e+00 1.005714587064676646e+00 1.603232248065736970e-02 4.020000000000000000e+02
1.372500000000000053e+00 9.673015929824561043e-01 1.901926915719729175e-02 2.850000000000000000e+02
1.373499999999999943e+00 9.624971291291289921e-01 1.662622131038391307e-02 3.330000000000000000e+02
1.374500000000000055e+00 9.485576043360433030e-01 1.599463897696224227e-02 3.690000000000000000e+02
1.375500000000000167e+00 9.705606284153005525e-01 2.358624284400907128e-02 1.830000000000000000e+02
1.376500000000000057e+00 9.615112442244225788e-01 1.731305255939947357e-02 3.030000000000000000e+02
1.377499999999999947e+00 9.631416428571428767e-01 1.636715261400663660e-02 3.360000000000000000e+02
1.378500000000000059e+00 9.912993952483801774e-01 1.543865267191425750e-02 4.630000000000000000e+02
1.379500000000000171e+00 9.727169266055044616e-01 1.710934590762565669e-02 3.270000000000000000e+02
1.380500000000000060e+00 9.686706867816091693e-01 1.606756488958300047e-02 3.480000000000000000e+02
1.381499999999999950e+00 9.463437161716171664e-01 1.786428038919287212e-02 3.030000000000000000e+02
1.382500000000000062e+00 9.360250406504064813e-01 1.996613820912438927e-02 2.460000000000000000e+02
1.383500000000000174e+00 9.752402390804598697e-01 1.535665040385725440e-02 4.350000000000000000e+02
1.384500000000000064e+00 9.394055158730157951e-01 1.837658195082169169e-02 2.520000000000000000e+02
1.385499999999999954e+00 9.430567379310343945e-01 1.508456857402293468e-02 4.350000000000000000e+02
1.386500000000000066e+00 9.486232897196260616e-01 1.658515140390641462e-02 3.210000000000000000e+02
1.387500000000000178e+00 9.548354045307442250e-01 1.640961459592205074e-02 3.090000000000000000e+02
1.388500000000000068e+00 9.449234784946236587e-01 1.527595309995833511e-02 3.720000000000000000e+02
1.389499999999999957e+00 9.601787999999999990e-01 1.712201141720611289e-02 2.850000000000000000e+02
1.390500000000000069e+00 9.820761736111109919e-01 1.455977251363544007e-02 4.320000000000000000e+02
1.391500000000000181e+00 9.354980656565655694e-01 2.087039110802432762e-02 1.980000000000000000e+02
1.392500000000000071e+00 9.683146349206348535e-01 1.622958806707872764e-02 3.780000000000000000e+02
1.393499999999999961e+00 9.485872763157894294e-01 1.395746236405666016e-02 4.560000000000000000e+02
1.394500000000000073e+00 9.513706775362318346e-01 1.677922035366017500e-02 2.760000000000000000e+02
1.395500000000000185e+00 9.518548085808581360e-01 1.629690147995044650e-02 3.030000000000000000e+02
1.396500000000000075e+00 9.382730137741046583e-01 1.471630612542452858e-02 3.630000000000000000e+02
1.397499999999999964e+00 9.616304694444444134e-01 1.543278947243975456e-02 3.600000000000000000e+02
1.398500000000000076e+00 9.320235289256199041e-01 1.637804710179805584e-02 3.630000000000000000e+02
1.399500000000000188e+00 9.617453876811594693e-01 1.740687283200702609e-02 2.760000000000000000e+02
1.400500000000000078e+00 9.433920479797980319e-01 1.444867110964629872e-02 3.960000000000000000e+02
1.401499999999999968e+00 9.514113163265305317e-01 1.882235196190581300e-02 2.940000000000000000e+02
1.402500000000000080e+00 9.404936979166667044e-01 1.783480496410487157e-02 2.880000000000000000e+02
1.403500000000000192e+00 9.455188065476191062e-01 1.706174895495803437e-02 3.360000000000000000e+02
1.404500000000000082e+00 9.610058049382717016e-01 1.438594708386971982e-02 4.050000000000000000e+02
1.405499999999999972e+00 9.670451449275361266e-01 1.413523116630852408e-02 4.140000000000000000e+02
1.406500000000000083e+00 9.550205360360359830e-01 2.005524258726823147e-02 2.220000000000000000e+02
1.407499999999999973e+00 9.500559240196078115e-01 1.483800981177944497e-02 4.080000000000000000e+02
1.408500000000000085e+00 9.545192428940568741e-01 1.519031249393444465e-02 3.870000000000000000e+02
1.409499999999999975e+00 9.591602022792022897e-01 1.604289965451966005e-02 3.510000000000000000e+02
1.410499999999999865e+00 9.449268580858083411e-01 1.638425154347086105e-02 3.030000000000000000e+02
1.411499999999999977e+00 9.555019717514124933e-01 1.664083432288135031e-02 3.540000000000000000e+02
1.412500000000000089e+00 9.255551666666667066e-01 1.481013345454792497e-02 3.600000000000000000e+02
1.413499999999999979e+00 9.293230839002266652e-01 1.415439680013582356e-02 4.410000000000000000e+02
1.414499999999999869e+00 9.653601214285714160e-01 1.879658615810804803e-02 2.800000000000000000e+02
1.415499999999999980e+00 9.786577594501719712e-01 1.812470057267678500e-02 2.910000000000000000e+02
1.416500000000000092e+00 9.391140794871793984e-01 1.472467030795219546e-02 3.900000000000000000e+02
1.417499999999999982e+00 9.547127019230768896e-01 1.635276777589421068e-02 3.120000000000000000e+02
1.418499999999999872e+00 9.562478453815261847e-01 1.390023184785532662e-02 4.980000000000000000e+02
1.419499999999999984e+00 9.852224299516908479e-01 2.146512730869796354e-02 2.070000000000000000e+02
1.420500000000000096e+00 9.704929312169312539e-01 1.554566764818077380e-02 3.780000000000000000e+02
1.421499999999999986e+00 9.562884761904760778e-01 1.905750503512469024e-02 2.520000000000000000e+02
1.422499999999999876e+00 9.431890298507462633e-01 1.580648509148793041e-02 4.020000000000000000e+02
1.423499999999999988e+00 9.516141774193549452e-01 1.547218494017908383e-02 3.720000000000000000e+02
1.424500000000000099e+00 9.608162063492062810e-01 1.363874683507668509e-02 4.410000000000000000e+02
1.425499999999999989e+00 9.661782483660129595e-01 1.755292110839122566e-02 3.060000000000000000e+02
1.426499999999999879e+00 9.544355292397660451e-01 1.646942362546529107e-02 3.420000000000000000e+02
1.427499999999999991e+00 9.425920539682540733e-01 1.752834327589503777e-02 3.150000000000000000e+02
1.428500000000000103e+00 9.353625916114789440e-01 1.367924740540486968e-02 4.530000000000000000e+02
1.429499999999999993e+00 9.603441111111111761e-01 1.649975266349500147e-02 3.690000000000000000e+02
1.430499999999999883e+00 9.372779999999998335e-01 1.525302739304512829e-02 3.360000000000000000e+02
1.431499999999999995e+00 9.716669777777777739e-01 1.531439212946638685e-02 3.600000000000000000e+02
1.432500000000000107e+00 9.232496407766990210e-01 1.621025173039745623e-02 3.090000000000000000e+02
1.433499999999999996e+00 9.367764828660435361e-01 1.718798929744881285e-02 3.210000000000000000e+02
1.434499999999999886e+00 9.442648227360308510e-01 1.315270523815911634e-02 5.190000000000000000e+02
1.435499999999999998e+00 9.156702648401826572e-01 1.983381559077829204e-02 2.190000000000000000e+02
1.436500000000000110e+00 9.321830860215053471e-01 1.521218974249586436e-02 3.720000000000000000e+02
1.437500000000000000e+00 9.295046641791046005e-01 1.494888721659953616e-02 4.020000000000000000e+02
1.438499999999999890e+00 9.548348392156863484e-01 1.905023500477131052e-02 2.550000000000000000e+02
1.439500000000000002e+00 9.695421124999999973e-01 1.448660279706675234e-02 4.800000000000000000e+02
1.440500000000000114e+00 9.512432286501376622e-01 1.598846970872274537e-02 3.630000000000000000e+02
1.441500000000000004e+00 9.398034070512820692e-01 1.652362078639874401e-02 3.120000000000000000e+02
1.442499999999999893e+00 9.261640808823530246e-01 1.440423867297451962e-02 4.080000000000000000e+02
1.443500000000000005e+00 9.625487862318840016e-01 1.843017242303352995e-02 2.760000000000000000e+02
1.444500000000000117e+00 9.318636739659367230e-01 1.449738045702634454e-02 4.110000000000000000e+02
1.445500000000000007e+00 9.399250461538463108e-01 1.618994501480863421e-02 3.900000000000000000e+02
1.446499999999999897e+00 9.594541347517731023e-01 1.596093084895770439e-02 4.230000000000000000e+02
1.447500000000000009e+00 9.591478811881187783e-01 1.725024063677806432e-02 3.030000000000000000e+02
1.448500000000000121e+00 9.146190636132316421e-01 1.470762791436233327e-02 3.930000000000000000e+02
1.449500000000000011e+00 9.728824209039549364e-01 1.518457323757444605e-02 3.540000000000000000e+02
1.450499999999999901e+00 9.380325340909092535e-01 1.896776333798164127e-02 2.640000000000000000e+02
1.451500000000000012e+00 9.136058243801652434e-01 1.351140798046437420e-02 4.840000000000000000e+02
1.452500000000000124e+00 9.306267766323023105e-01 1.679896930794553059e-02 2.910000000000000000e+02
1.453500000000000014e+00 9.646162749391729019e-01 1.473627397319911790e-02 4.110000000000000000e+02
1.454499999999999904e+00 9.186287205588822280e-01 1.271853571630624305e-02 5.010000000000000000e+02
1.455500000000000016e+00 8.923607558139534657e-01 1.722517034554512175e-02 2.580000000000000000e+02
1.456500000000000128e+00 9.459661195928752431e-01 1.436305649000380220e-02 3.930000000000000000e+02
1.457500000000000018e+00 9.108469948717948794e-01 1.374160016277593301e-02 3.900000000000000000e+02
1.458499999999999908e+00 9.403290000000000814e-01 1.631226908208872201e-02 3.360000000000000000e+02
1.459500000000000020e+00 9.370373652968037037e-01 1.409280808946430583e-02 4.380000000000000000e+02
1.460500000000000131e+00 9.457578504672897735e-01 1.554204344920244278e-02 3.210000000000000000e+02
1.461500000000000021e+00 9.494123568627450549e-01 1.804365104014577989e-02 2.550000000000000000e+02
1.462499999999999911e+00 9.159739819819819884e-01 1.416051068878832093e-02 4.440000000000000000e+02
1.463500000000000023e+00 9.435326928104574851e-01 1.454373066496584578e-02 4.590000000000000000e+02
1.464500000000000135e+00 9.121010000000000506e-01 1.833350533418069694e-02 2.610000000000000000e+02
1.465500000000000025e+00 9.355554573002754504e-01 1.473076804949963355e-02 3.630000000000000000e+02
1.466499999999999915e+00 9.335627734204793304e-01 1.405391060263131223e-02 4.590000000000000000e+02
1.467500000000000027e+00 9.484282105263157625e-01 2.087203954700555739e-02 2.280000000000000000e+02
1.468500000000000139e+00 9.408182222222223334e-01 1.393223013224873137e-02 4.320000000000000000e+02
1.469500000000000028e+00 9.357552380952380844e-01 1.505860249045606718e-02 3.990000000000000000e+02
1.470499999999999918e+00 9.554232852233678353e-01 1.839386033490250302e-02 2.910000000000000000e+02
1.471500000000000030e+00 9.303755114503815538e-01 1.428464791757833550e-02 3.930000000000000000e+02
1.472500000000000142e+00 9.161442262773721312e-01 1.460529663868413187e-02 4.110000000000000000e+02
1.473500000000000032e+00 9.388343032581453196e-01 1.374342176027359107e-02 3.990000000000000000e+02
1.474499999999999922e+00 9.153240507246376279e-01 1.643409646930875725e-02 2.760000000000000000e+02
1.475500000000000034e+00 9.599412970521542521e-01 1.391045167094562274e-02 4.410000000000000000e+02
1.476500000000000146e+00 9.371431010928961136e-01 1.635120466674873721e-02 3.660000000000000000e+02
1.477500000000000036e+00 9.425052113821139610e-01 1.794428248155984992e-02 2.460000000000000000e+02
1.478499999999999925e+00 9.356747976190477045e-01 1.402754242099053285e-02 4.200000000000000000e+02
1.479500000000000037e+00 9.400449659090909238e-01 1.773077418775920178e-02 2.640000000000000000e+02
1.480500000000000149e+00 9.492544825174824563e-01 1.380338466270888270e-02 4.290000000000000000e+02
1.481500000000000039e+00 9.486469782608695223e-01 1.413731873343853328e-02 4.140000000000000000e+02
1.482499999999999929e+00 9.342908512396694842e-01 1.568154767506059477e-02 3.630000000000000000e+02
1.483500000000000041e+00 9.095000769230769944e-01 1.674773148215103966e-02 3.120000000000000000e+02
1.484500000000000153e+00 9.392216118721460338e-01 1.424539417794164556e-02 4.380000000000000000e+02
1.485500000000000043e+00 9.236723829787233386e-01 1.303618876773173993e-02 4.230000000000000000e+02
1.486499999999999932e+00 9.073347288135593658e-01 2.216455867407511604e-02 1.770000000000000000e+02
1.487500000000000044e+00 9.527552309644669037e-01 1.583603192312271410e-02 3.940000000000000000e+02
1.488500000000000156e+00 9.364467837837837649e-01 1.404900069467758875e-02 4.440000000000000000e+02
1.489500000000000046e+00 9.457390000000001073e-01 1.713916049243362216e-02 3.330000000000000000e+02
1.490499999999999936e+00 9.360728186666666950e-01 1.517854991147749195e-02 3.750000000000000000e+02
1.491500000000000048e+00 9.525215188405796729e-01 1.642525225023264146e-02 3.450000000000000000e+02
1.492500000000000160e+00 9.318627971014492584e-01 1.450999510222602401e-02 4.140000000000000000e+02
1.493500000000000050e+00 9.651928541666665584e-01 2.088524567208049909e-02 2.400000000000000000e+02
1.494499999999999940e+00 9.511826256830601123e-01 1.524839622169574943e-02 3.660000000000000000e+02
1.495500000000000052e+00 9.500146529680365548e-01 1.529309824882444692e-02 4.380000000000000000e+02
1.496500000000000163e+00 9.189306446886447155e-01 1.655131821538279729e-02 2.730000000000000000e+02
1.497500000000000053e+00 9.349864322916666692e-01 1.523403113233664022e-02 3.840000000000000000e+02
1.498499999999999943e+00 9.250681035598705693e-01 1.579090469111517001e-02 3.090000000000000000e+02
1.499500000000000055e+00 9.205754923747275775e-01 1.305437438821407427e-02 4.590000000000000000e+02
1.500500000000000167e+00 9.394817206349205252e-01 1.613544898294182184e-02 3.150000000000000000e+02
1.501500000000000057e+00 8.894816476964770846e-01 1.501403762907132025e-02 3.690000000000000000e+02
1.502499999999999947e+00 9.401967500000000255e-01 1.645671507406161471e-02 3.360000000000000000e+02
1.503500000000000059e+00 9.239641403508770390e-01 1.604610785308699036e-02 3.420000000000000000e+02
1.504500000000000171e+00 9.299646306306306176e-01 1.513674740849840078e-02 3.330000000000000000e+02
1.505500000000000060e+00 9.134672499999999529e-01 1.403286108849966483e-02 4.320000000000000000e+02
1.506499999999999950e+00 9.206668319088318064e-01 1.563775710646583827e-02 3.510000000000000000e+02
1.507500000000000062e+00 9.271364507042253456e-01 2.101300099132468596e-02 2.130000000000000000e+02
1.508500000000000174e+00 9.359639588744588234e-01 1.345837070193809173e-02 4.620000000000000000e+02
1.509500000000000064e+00 9.444515905797100652e-01 1.862759815029472327e-02 2.760000000000000000e+02
1.510499999999999954e+00 9.302148308823529055e-01 1.466267188289964440e-02 4.080000000000000000e+02
1.511500000000000066e+00 9.471242572178476538e-01 1.552289413118361668e-02 3.810000000000000000e+02
1.512500000000000178e+00 9.281394686468648070e-01 1.729828171056166028e-02 3.030000000000000000e+02
1.513500000000000068e+00 9.189043357142856472e-01 1.444607631076908101e-02 4.200000000000000000e+02
1.514499999999999957e+00 9.241697482269503050e-01 1.714245807262632440e-02 2.820000000000000000e+02
1.515500000000000069e+00 9.287006505376345089e-01 1.602130234708084786e-02 3.720000000000000000e+02
1.516500000000000181e+00 9.115272810945272974e-01 1.377825333415829377e-02 4.020000000000000000e+02
1.517500000000000071e+00 9.417132687338501951e-01 1.510360454982534115e-02 3.870000000000000000e+02
1.518499999999999961e+00 9.142875433333333968e-01 1.560710149976378414e-02 3.000000000000000000e+02
1.519500000000000073e+00 9.268465851851851456e-01 1.567776190555448049e-02 4.050000000000000000e+02
1.520500000000000185e+00 9.346579827586207756e-01 1.516689717960221714e-02 3.480000000000000000e+02
1.521500000000000075e+00 8.767663333333332032e-01 2.200605768320672978e-02 1.530000000000000000e+02
1.522499999999999964e+00 9.067520325814536486e-01 1.517376506131792348e-02 3.990000000000000000e+02
1.523500000000000076e+00 9.197022808988764009e-01 1.336614788134789233e-02 4.450000000000000000e+02
1.524500000000000188e+00 9.356173099415203698e-01 1.622313418642215566e-02 3.420000000000000000e+02
1.525500000000000078e+00 9.186711111111109940e-01 1.837367674429435035e-02 2.700000000000000000e+02
1.526499999999999968e+00 9.331073626666666065e-01 1.511114551120545761e-02 3.750000000000000000e+02
1.527500000000000080e+00 9.276108292682927470e-01 1.490914334396020724e-02 3.690000000000000000e+02
1.528500000000000192e+00 9.363038864468863354e-01 1.733384917063093139e-02 2.730000000000000000e+02
1.529500000000000082e+00 9.016143103448275298e-01 1.375257885344582411e-02 4.350000000000000000e+02
1.530499999999999972e+00 9.197187338709676974e-01 1.483161990007178174e-02 3.720000000000000000e+02
1.531500000000000083e+00 9.328933977591034044e-01 1.553957806138070268e-02 3.570000000000000000e+02
1.532500000000000195e+00 9.555091769230770193e-01 1.512443426298276314e-02 3.900000000000000000e+02
1.533500000000000085e+00 9.248066419753085965e-01 1.948269162896143838e-02 2.430000000000000000e+02
1.534499999999999975e+00 9.336103111111110353e-01 1.518923073466594068e-02 4.050000000000000000e+02
1.535500000000000087e+00 9.055109236947790352e-01 1.768619039651371516e-02 2.490000000000000000e+02
1.536499999999999977e+00 9.322834005376344768e-01 1.564673073412872414e-02 3.720000000000000000e+02
1.537500000000000089e+00 9.209329385964912795e-01 1.643252897018392111e-02 3.420000000000000000e+02
1.538499999999999979e+00 9.244103567251460429e-01 1.603023033262384461e-02 3.420000000000000000e+02
1.539499999999999869e+00 9.100759099099097194e-01 1.552734365960160151e-02 3.330000000000000000e+02
1.540499999999999980e+00 9.065016843657818235e-01 1.511324005297195669e-02 3.390000000000000000e+02
1.541500000000000092e+00 9.190537943262412357e-01 1.506658887248357379e-02 4.230000000000000000e+02
1.542499999999999982e+00 9.458302827380952182e-01 1.630322868481132864e-02 3.360000000000000000e+02
1.543499999999999872e+00 9.311405589225588697e-01 1.633087835095961213e-02 2.970000000000000000e+02
1.544499999999999984e+00 9.124761947194718337e-01 1.676473653948619066e-02 3.030000000000000000e+02
1.545500000000000096e+00 9.064880790960451185e-01 1.481331879752112099e-02 3.540000000000000000e+02
1.546499999999999986e+00 9.108659999999999535e-01 1.397115565616673105e-02 3.870000000000000000e+02
1.547499999999999876e+00 8.990930370370370239e-01 1.501470153619354798e-02 3.510000000000000000e+02
1.548499999999999988e+00 9.250363393393393752e-01 1.621111081604659915e-02 3.330000000000000000e+02
1.549500000000000099e+00 9.484453738095238728e-01 1.444810399904400064e-02 4.200000000000000000e+02
1.550499999999999989e+00 9.274020348837208605e-01 1.959395426533497991e-02 2.580000000000000000e+02
1.551499999999999879e+00 9.050206832151300729e-01 1.379113856417725492e-02 4.230000000000000000e+02
1.552499999999999991e+00 9.504747677902620762e-01 1.945257455316998230e-02 2.670000000000000000e+02
1.553500000000000103e+00 9.415125333333334012e-01 1.774370049176675346e-02 2.850000000000000000e+02
1.554499999999999993e+00 9.341601882716048522e-01 1.636035921642536167e-02 3.240000000000000000e+02
1.555499999999999883e+00 9.099134182389936321e-01 1.521059191183395283e-02 3.180000000000000000e+02
1.556499999999999995e+00 9.069961577777777562e-01 1.403861425396501703e-02 4.500000000000000000e+02
1.557500000000000107e+00 8.963951582491583858e-01 1.732640188087364308e-02 2.970000000000000000e+02
1.558499999999999996e+00 9.113302782369147037e-01 1.530559028842290968e-02 3.630000000000000000e+02
1.559499999999999886e+00 9.110826676217764764e-01 1.467938987822649775e-02 3.490000000000000000e+02
1.560499999999999998e+00 9.191706747311829684e-01 1.517399301624494656e-02 3.720000000000000000e+02
1.561500000000000110e+00 9.212436451612903143e-01 1.516170515638339163e-02 3.720000000000000000e+02
1.562500000000000000e+00 8.875039754901961064e-01 2.074997827710338763e-02 2.040000000000000000e+02
1.563499999999999890e+00 9.111679736842106525e-01 1.529651837138080138e-02 3.420000000000000000e+02
1.564500000000000002e+00 9.524265575757576707e-01 1.730684901832589551e-02 3.300000000000000000e+02
1.565500000000000114e+00 9.153775023809525013e-01 1.507393682304747871e-02 4.200000000000000000e+02
1.566500000000000004e+00 9.178544074074074244e-01 1.680936523501465329e-02 2.700000000000000000e+02
1.567499999999999893e+00 9.161506224489794903e-01 1.815746089440165717e-02 2.940000000000000000e+02
1.568500000000000005e+00 9.193902154195011667e-01 1.419088368484410466e-02 4.410000000000000000e+02
1.569500000000000117e+00 9.476718058252426857e-01 1.632050686028694436e-02 3.090000000000000000e+02
1.570500000000000007e+00 9.135974358974358056e-01 1.521894414096850584e-02 3.120000000000000000e+02
1.571499999999999897e+00 9.212838189300410763e-01 1.789420896102373107e-02 2.430000000000000000e+02
1.572500000000000009e+00 9.115253396825395704e-01 1.629131112478923726e-02 3.150000000000000000e+02
1.573500000000000121e+00 9.074272222222222739e-01 1.366344251808301533e-02 3.960000000000000000e+02
1.574500000000000011e+00 8.989500455635491827e-01 1.410597139978570988e-02 4.170000000000000000e+02
1.575499999999999901e+00 9.324613385012918698e-01 1.512402995741303491e-02 3.870000000000000000e+02
1.576500000000000012e+00 9.184898133333333492e-01 1.635344615048617278e-02 3.000000000000000000e+02
1.577500000000000124e+00 9.185099669966996228e-01 1.609322546450166549e-02 3.030000000000000000e+02
1.578500000000000014e+00 9.272117147766324452e-01 1.701827368901384988e-02 2.910000000000000000e+02
1.579499999999999904e+00 9.042620053333333408e-01 1.522199393348842855e-02 3.750000000000000000e+02
1.580500000000000016e+00 9.268857119741100714e-01 1.684044867576681842e-02 3.090000000000000000e+02
1.581500000000000128e+00 9.153499716312056833e-01 1.744455366868195856e-02 2.820000000000000000e+02
1.582500000000000018e+00 9.487663950617284403e-01 1.989357060087545981e-02 2.430000000000000000e+02
1.583499999999999908e+00 9.177828548387095831e-01 1.531763333934880490e-02 3.720000000000000000e+02
1.584500000000000020e+00 9.144021206896550957e-01 1.530305495329008399e-02 3.480000000000000000e+02
1.585500000000000131e+00 9.189274850746268486e-01 1.417408751066950162e-02 4.020000000000000000e+02
1.586500000000000021e+00 9.245821512605042480e-01 1.521366694629447402e-02 3.570000000000000000e+02
1.587499999999999911e+00 9.178701111111110533e-01 1.782045140139823861e-02 2.970000000000000000e+02
1.588500000000000023e+00 9.149653333333334082e-01 1.515253986334252206e-02 3.450000000000000000e+02
1.589500000000000135e+00 9.025349715447154031e-01 1.759152211758793424e-02 2.460000000000000000e+02
1.590500000000000025e+00 9.372358532110092177e-01 1.532373967942519608e-02 3.270000000000000000e+02
1.591499999999999915e+00 9.197308288288287281e-01 1.571952322534478710e-02 3.330000000000000000e+02
1.592500000000000027e+00 8.988530913978495240e-01 1.460118790014914951e-02 3.720000000000000000e+02
1.593500000000000139e+00 9.226226535947713581e-01 1.586208119666011537e-02 3.060000000000000000e+02
1.594500000000000028e+00 9.035525188679245367e-01 1.573245587531936496e-02 3.180000000000000000e+02
1.595499999999999918e+00 9.143833983050848602e-01 1.505868643596659957e-02 3.540000000000000000e+02
1.596500000000000030e+00 9.107537935656836448e-01 1.437833290465422194e-02 3.730000000000000000e+02
1.597500000000000142e+00 9.294972683982682948e-01 1.899538468273305469e-02 2.310000000000000000e+02
1.598500000000000032e+00 8.975598478260869983e-01 1.704418768044287796e-02 2.760000000000000000e+02
1.599499999999999922e+00 9.001987377049179839e-01 1.569085208666042008e-02 3.660000000000000000e+02
1.600500000000000034e+00 9.177659507246377357e-01 1.644531316541572932e-02 3.450000000000000000e+02
1.601500000000000146e+00 9.112803602941176306e-01 1.399074875868035715e-02 4.080000000000000000e+02
1.602500000000000036e+00 9.464825989583331989e-01 2.259005922125531182e-02 1.920000000000000000e+02
1.603499999999999925e+00 9.100739814814815531e-01 1.429819744176208385e-02 4.320000000000000000e+02
1.604500000000000037e+00 9.331613881856539727e-01 1.895975050554373625e-02 2.370000000000000000e+02
1.605500000000000149e+00 9.149019070512819374e-01 1.651094852760399967e-02 3.120000000000000000e+02
1.606500000000000039e+00 9.263281234567901645e-01 1.415699673391971822e-02 4.050000000000000000e+02
1.607499999999999929e+00 9.087523242424243586e-01 1.650939612709703339e-02 3.300000000000000000e+02
1.608500000000000041e+00 9.207505436507935626e-01 1.800835819995986326e-02 2.520000000000000000e+02
1.609500000000000153e+00 8.915276480000000614e-01 1.465660628739029990e-02 3.750000000000000000e+02
1.610500000000000043e+00 9.142462911877394793e-01 1.780368434639497538e-02 2.610000000000000000e+02
1.611499999999999932e+00 8.883688605442175978e-01 1.671757033529542788e-02 2.940000000000000000e+02
1.612500000000000044e+00 9.079023585858585488e-01 1.401884041401039484e-02 3.960000000000000000e+02
1.613500000000000156e+00 8.973985392156862417e-01 2.142792438522155007e-02 2.040000000000000000e+02
1.614500000000000046e+00 9.156271022222222111e-01 1.335173465813445891e-02 4.500000000000000000e+02
1.615499999999999936e+00 8.961471752136752622e-01 1.833899995531349664e-02 2.340000000000000000e+02
1.616500000000000048e+00 9.251345732087228324e-01 1.698931408506140425e-02 3.210000000000000000e+02
1.617500000000000160e+00 9.043266633333333360e-01 1.674641717159175425e-02 3.000000000000000000e+02
1.618500000000000050e+00 8.952546272727273102e-01 1.545092380964270887e-02 3.300000000000000000e+02
1.619499999999999940e+00 9.422077930107527477e-01 1.581329146630034571e-02 3.720000000000000000e+02
1.620500000000000052e+00 9.199477565217391017e-01 1.518496994246677258e-02 3.450000000000000000e+02
1.621500000000000163e+00 9.219894949494948921e-01 1.759540827327186682e-02 2.970000000000000000e+02
1.622500000000000053e+00 9.061074732142857524e-01 1.529051700626753336e-02 3.360000000000000000e+02
1.623499999999999943e+00 9.162398703703704683e-01 1.821593632261681375e-02 2.700000000000000000e+02
1.624500000000000055e+00 8.774485986394559012e-01 1.562780121435264694e-02 2.940000000000000000e+02
1.625500000000000167e+00 9.176940569800570158e-01 1.639997595007936654e-02 3.510000000000000000e+02
1.626500000000000057e+00 9.297074390243903474e-01 1.890590327631705425e-02 2.460000000000000000e+02
1.627499999999999947e+00 9.250812049382715063e-01 1.430822350902983056e-02 4.050000000000000000e+02
1.628500000000000059e+00 9.531506153846154294e-01 2.279820621069866826e-02 1.950000000000000000e+02
1.629500000000000171e+00 9.092928773333333048e-01 1.463830271815234549e-02 3.750000000000000000e+02
1.630500000000000060e+00 9.287510542635658561e-01 1.675970443074329547e-02 2.580000000000000000e+02
1.631499999999999950e+00 8.829788984126986096e-01 1.612403916820702443e-02 3.150000000000000000e+02
1.632500000000000062e+00 9.392261088825213378e-01 1.653763029763218734e-02 3.490000000000000000e+02
1.633500000000000174e+00 8.934276791277260266e-01 1.534087315144018124e-02 3.210000000000000000e+02
1.634500000000000064e+00 8.906113025641024805e-01 1.416239576916069123e-02 3.900000000000000000e+02
1.635499999999999954e+00 9.340258962962961764e-01 1.722831572733478367e-02 2.700000000000000000e+02
1.636500000000000066e+00 9.105526146788992525e-01 1.508564544551073590e-02 3.270000000000000000e+02
1.637500000000000178e+00 8.971149595959594381e-01 1.452134828077894860e-02 2.970000000000000000e+02
1.638500000000000068e+00 8.966947153558052497e-01 1.723774966114842086e-02 2.670000000000000000e+02
1.639499999999999957e+00 9.450034603174604086e-01 1.718951292705758402e-02 3.150000000000000000e+02
1.640500000000000069e+00 9.222199131944444073e-01 1.746110119834601293e-02 2.880000000000000000e+02
1.641500000000000181e+00 9.313763993399339913e-01 1.721492916551314867e-02 3.030000000000000000e+02
1.642500000000000071e+00 8.925085884353740617e-01 1.613728450954807561e-02 2.940000000000000000e+02
1.643499999999999961e+00 9.068694811320755500e-01 1.573356783075451071e-02 3.180000000000000000e+02
1.644500000000000073e+00 9.170296497890295662e-01 1.688737166974394951e-02 2.370000000000000000e+02
1.645500000000000185e+00 9.357242956989246796e-01 1.586435811631157350e-02 3.720000000000000000e+02
1.646500000000000075e+00 9.147663533333333374e-01 1.653316319909738791e-02 3.000000000000000000e+02
1.647499999999999964e+00 9.202489181286550579e-01 1.622613064076298961e-02 3.420000000000000000e+02
1.648500000000000076e+00 9.341857649122807805e-01 1.726850630167950026e-02 2.850000000000000000e+02
1.649500000000000188e+00 9.131554166666665528e-01 1.438022063615821723e-02 3.480000000000000000e+02
1.650500000000000078e+00 8.999044617737004259e-01 1.544365721447992987e-02 3.270000000000000000e+02
1.651499999999999968e+00 9.032699052631578684e-01 1.682229309401954420e-02 2.850000000000000000e+02
1.652500000000000080e+00 9.117069420289856119e-01 1.533241955895878021e-02 3.450000000000000000e+02
1.653500000000000192e+00 9.024001351351351730e-01 2.026044823243112331e-02 2.220000000000000000e+02
1.654500000000000082e+00 8.973246138613861778e-01 1.691593015175144044e-02 3.030000000000000000e+02
1.655499999999999972e+00 9.209213689320389085e-01 1.737096223924093977e-02 3.090000000000000000e+02
1.656500000000000083e+00 8.975295421245422789e-01 1.723153818290659722e-02 2.730000000000000000e+02
1.657500000000000195e+00 9.421372482993197739e-01 1.767221522196011849e-02 2.940000000000000000e+02
1.658500000000000085e+00 9.100098666666666114e-01 1.711339086542353755e-02 2.850000000000000000e+02
1.659499999999999975e+00 9.141370442708334210e-01 1.481337604357244910e-02 3.840000000000000000e+02
1.660500000000000087e+00 9.453264666666666427e-01 1.980201278450697752e-02 2.250000000000000000e+02
1.661500000000000199e+00 9.211083157894737194e-01 1.694761731333801341e-02 3.420000000000000000e+02
1.662500000000000089e+00 8.983078683127572184e-01 1.787428237392808816e-02 2.430000000000000000e+02
1.663499999999999979e+00 9.168933697916665793e-01 1.588969690271496357e-02 3.840000000000000000e+02
1.664500000000000091e+00 9.297947572463768351e-01 1.939858770881081398e-02 2.760000000000000000e+02
1.665499999999999980e+00 9.293017619047618805e-01 1.585151764003978406e-02 3.360000000000000000e+02
1.666500000000000092e+00 9.297783511111111787e-01 1.964915167491954051e-02 2.250000000000000000e+02
1.667499999999999982e+00 8.917612680412370096e-01 1.687914909794300047e-02 2.910000000000000000e+02
1.668499999999999872e+00 9.159171173184357251e-01 1.605623379538968429e-02 3.580000000000000000e+02
1.669499999999999984e+00 9.177003535353535080e-01 1.678233694282710298e-02 2.970000000000000000e+02
1.670500000000000096e+00 8.990563095238094382e-01 1.759868720685966656e-02 2.520000000000000000e+02
1.671499999999999986e+00 9.230284019607842838e-01 1.647101136296843377e-02 3.060000000000000000e+02
1.672499999999999876e+00 9.263689588014980547e-01 1.835507218515747968e-02 2.670000000000000000e+02
1.673499999999999988e+00 9.184875627240142171e-01 1.634850355253640239e-02 2.790000000000000000e+02
1.674500000000000099e+00 9.124890934579439339e-01 1.646927931374021423e-02 3.210000000000000000e+02
1.675499999999999989e+00 9.331667391304346859e-01 1.676289254721184674e-02 2.760000000000000000e+02
1.676499999999999879e+00 9.158163333333333433e-01 1.444146041879566279e-02 3.840000000000000000e+02
1.677499999999999991e+00 9.029232441314554158e-01 1.912175816970419079e-02 2.130000000000000000e+02
1.678500000000000103e+00 9.124642398989899483e-01 1.520063814587313544e-02 3.960000000000000000e+02
1.679499999999999993e+00 9.170463211382112734e-01 1.805894029705482420e-02 2.460000000000000000e+02
1.680499999999999883e+00 9.017979196787149210e-01 1.786054007029945143e-02 2.490000000000000000e+02
1.681499999999999995e+00 9.472202461059190393e-01 1.622317226964480052e-02 3.210000000000000000e+02
1.682500000000000107e+00 9.082218111111112213e-01 1.829979128818555803e-02 2.700000000000000000e+02
1.683499999999999996e+00 9.198878293650794014e-01 1.751480296683485816e-02 2.520000000000000000e+02
1.684499999999999886e+00 9.017636819923371405e-01 1.723461064348985952e-02 2.610000000000000000e+02
1.685499999999999998e+00 9.053970826446280373e-01 1.600521486980018698e-02 3.630000000000000000e+02
1.686500000000000110e+00 8.974027049808428469e-01 1.847741068941871276e-02 2.610000000000000000e+02
1.687500000000000000e+00 8.847656284722221764e-01 1.643888805845599571e-02 2.880000000000000000e+02
1.688499999999999890e+00 9.078599553264605770e-01 1.648775376412233915e-02 2.910000000000000000e+02
1.689500000000000002e+00 9.250384786324786779e-01 1.494093164469367969e-02 3.510000000000000000e+02
1.690500000000000114e+00 9.373715769230768213e-01 1.964010412219948862e-02 2.340000000000000000e+02
1.691500000000000004e+00 9.347839780219779904e-01 1.718564768326018982e-02 2.730000000000000000e+02
1.692499999999999893e+00 9.412239147286821650e-01 1.577848933768627449e-02 3.870000000000000000e+02
1.693500000000000005e+00 8.971654658634538038e-01 1.854466569419492561e-02 2.490000000000000000e+02
1.694500000000000117e+00 9.224201449275362119e-01 1.760739091690665184e-02 2.760000000000000000e+02
1.695500000000000007e+00 9.326295753968253388e-01 1.809780987988909504e-02 2.520000000000000000e+02
1.696499999999999897e+00 9.316293663366337352e-01 1.699936697940363298e-02 3.030000000000000000e+02
1.697500000000000009e+00 9.174308011695907483e-01 1.604576216073676925e-02 3.420000000000000000e+02
1.698500000000000121e+00 9.072858062015504155e-01 1.718979232374132429e-02 2.580000000000000000e+02
1.699500000000000011e+00 9.225553137254901559e-01 1.901083580328333245e-02 2.550000000000000000e+02
1.700499999999999901e+00 9.327199925093634381e-01 1.868901729947084617e-02 2.670000000000000000e+02
1.701500000000000012e+00 9.535764040404041131e-01 2.066537002597229958e-02 1.980000000000000000e+02
1.702500000000000124e+00 9.280453055555556441e-01 1.597118756518005681e-02 3.240000000000000000e+02
1.703500000000000014e+00 8.930517159420290341e-01 1.544626119966683100e-02 3.450000000000000000e+02
1.704499999999999904e+00 9.417982587412585538e-01 1.723139211496816856e-02 2.860000000000000000e+02
1.705500000000000016e+00 9.287031524822695339e-01 1.791579296212085157e-02 2.820000000000000000e+02
1.706500000000000128e+00 8.737734587813619225e-01 1.656617450992811658e-02 2.790000000000000000e+02
1.707500000000000018e+00 9.514752415902139049e-01 1.721542920370046012e-02 3.270000000000000000e+02
1.708499999999999908e+00 9.221442870370368805e-01 2.051895548607004377e-02 2.160000000000000000e+02
1.709500000000000020e+00 9.387380480480481681e-01 1.609030035723425442e-02 3.330000000000000000e+02
1.710500000000000131e+00 9.235027171717172800e-01 2.142906671479158365e-02 1.980000000000000000e+02
1.711500000000000021e+00 9.083777523809523080e-01 1.656587017929871120e-02 3.150000000000000000e+02
1.712499999999999911e+00 9.217471914893616836e-01 1.736036933634853632e-02 2.820000000000000000e+02
1.713500000000000023e+00 9.191257802197803084e-01 1.772990204896813041e-02 2.730000000000000000e+02
1.714500000000000135e+00 9.344035210355986498e-01 1.649628501186601454e-02 3.090000000000000000e+02
1.715500000000000025e+00 9.556337254901959843e-01 2.077992900108245264e-02 2.040000000000000000e+02
1.716499999999999915e+00 9.264222374429222917e-01 2.156755626293305889e-02 2.190000000000000000e+02
1.717500000000000027e+00 9.221253435374151541e-01 1.947725843826941458e-02 2.940000000000000000e+02
1.718500000000000139e+00 9.077496565656564265e-01 1.514283736269453687e-02 2.970000000000000000e+02
1.719500000000000028e+00 9.296915428571429496e-01 1.634184028759864959e-02 3.150000000000000000e+02
1.720499999999999918e+00 9.201744308176099674e-01 1.500229811288777623e-02 3.180000000000000000e+02
1.721500000000000030e+00 9.065881016260162184e-01 1.793331747817070859e-02 2.460000000000000000e+02
1.722500000000000142e+00 9.265021618122978309e-01 1.649805074726195392e-02 3.090000000000000000e+02
1.723500000000000032e+00 9.042218008658009509e-01 1.750767704137878855e-02 2.310000000000000000e+02
1.724499999999999922e+00 9.345081904761904923e-01 1.700762027009274785e-02 2.940000000000000000e+02
1.725500000000000034e+00 8.813960075757575341e-01 1.735693286685395520e-02 2.640000000000000000e+02
1.726500000000000146e+00 9.622728510638298705e-01 1.628282383270119801e-02 2.820000000000000000e+02
1.727500000000000036e+00 9.711764756944442079e-01 1.901216807110348711e-02 2.880000000000000000e+02
1.728499999999999925e+00 9.576745916666666858e-01 1.976313661326108487e-02 2.400000000000000000e+02
1.729500000000000037e+00 9.449629716312056837e-01 1.714786143229133850e-02 2.820000000000000000e+02
1.730500000000000149e+00 9.210613259259259333e-01 1.886800958802528627e-02 2.700000000000000000e+02
1.731500000000000039e+00 9.141840888888889127e-01 1.734236050441347043e-02 2.700000000000000000e+02
1.732499999999999929e+00 9.951611309523809012e-01 2.013990864864607586e-02 2.520000000000000000e+02
1.733500000000000041e+00 9.529130653594771738e-01 1.802779387675703185e-02 3.060000000000000000e+02
1.734500000000000153e+00 9.519700958333333629e-01 2.065786149655604240e-02 2.400000000000000000e+02
1.735500000000000043e+00 9.400346360544217239e-01 1.628263502543512292e-02 2.940000000000000000e+02
1.736499999999999932e+00 9.279633870967740616e-01 1.792705128590404637e-02 2.790000000000000000e+02
1.737500000000000044e+00 9.404811530612244841e-01 1.677075162554984150e-02 2.940000000000000000e+02
1.738500000000000156e+00 9.481365660377358839e-01 1.733808269408573105e-02 3.180000000000000000e+02
1.739500000000000046e+00 9.483909629629629912e-01 2.241419179620733962e-02 2.160000000000000000e+02
1.740499999999999936e+00 9.207849125000000523e-01 1.818631252822443950e-02 2.400000000000000000e+02
1.741500000000000048e+00 9.647091858407078613e-01 2.074047323894188596e-02 2.260000000000000000e+02
1.742500000000000160e+00 9.286164741784036503e-01 1.880331541401964249e-02 2.130000000000000000e+02
1.743500000000000050e+00 9.814649857549857526e-01 1.635769632105410140e-02 3.510000000000000000e+02
1.744499999999999940e+00 9.238065791666666415e-01 1.776328261190459473e-02 2.400000000000000000e+02
1.745500000000000052e+00 9.196334378109451979e-01 2.121737938536764206e-02 2.010000000000000000e+02
1.746500000000000163e+00 9.551556000000001045e-01 1.724784356943180261e-02 3.300000000000000000e+02
1.747500000000000053e+00 9.637244105691056273e-01 1.910035674818422180e-02 2.460000000000000000e+02
1.748499999999999943e+00 9.459649693877550947e-01 1.752835617609469973e-02 2.940000000000000000e+02
1.749500000000000055e+00 9.653093456790122762e-01 2.007164457717897435e-02 2.430000000000000000e+02
1.750500000000000167e+00 9.689901354166666758e-01 1.818063138981185212e-02 2.880000000000000000e+02
1.751500000000000057e+00 9.517251990740741574e-01 2.063440622460559551e-02 2.160000000000000000e+02
1.752499999999999947e+00 9.443158495934959040e-01 1.852196854044670105e-02 2.460000000000000000e+02
1.753500000000000059e+00 9.385695400000001465e-01 1.696149613112474253e-02 3.000000000000000000e+02
1.754500000000000171e+00 8.996086388888889784e-01 1.537488313631132052e-02 3.240000000000000000e+02
1.755500000000000060e+00 9.527642107279693517e-01 1.998241215043147431e-02 2.610000000000000000e+02
1.756499999999999950e+00 9.582360601851851456e-01 2.081493766208721355e-02 2.160000000000000000e+02
1.757500000000000062e+00 9.583694225352111795e-01 2.001686908078372656e-02 2.130000000000000000e+02
1.758500000000000174e+00 9.633811407407407712e-01 1.748547769151641978e-02 2.700000000000000000e+02
1.759500000000000064e+00 9.447283506944444964e-01 1.730058523610628410e-02 2.880000000000000000e+02
1.760499999999999954e+00 9.345548306878307399e-01 2.283609061860648881e-02 1.890000000000000000e+02
1.761500000000000066e+00 9.480886739926740470e-01 1.723401225011221213e-02 2.730000000000000000e+02
1.762500000000000178e+00 9.260458755020080091e-01 1.736786622309900371e-02 2.490000000000000000e+02
1.763500000000000068e+00 9.297503291666665559e-01 1.700327986275474573e-02 2.400000000000000000e+02
1.764499999999999957e+00 9.631985681159419554e-01 1.672793215483057983e-02 3.450000000000000000e+02
1.765500000000000069e+00 9.687642705314009062e-01 2.163215612850667713e-02 2.070000000000000000e+02
1.766500000000000181e+00 9.455400070175439264e-01 1.715612305649147351e-02 2.850000000000000000e+02
1.767500000000000071e+00 9.713418353413654227e-01 1.850027625298386255e-02 2.490000000000000000e+02
1.768499999999999961e+00 9.496422740740740887e-01 1.807454755889354933e-02 2.700000000000000000e+02
1.769500000000000073e+00 9.793204922480620578e-01 1.886498265339920169e-02 2.580000000000000000e+02
1.770500000000000185e+00 9.727379462365591811e-01 1.699230751250239979e-02 2.790000000000000000e+02
1.771500000000000075e+00 9.804235189873417022e-01 2.048037982450633121e-02 2.370000000000000000e+02
1.772499999999999964e+00 9.608622882882884575e-01 2.052966248683790393e-02 2.220000000000000000e+02
1.773500000000000076e+00 9.648415450980390995e-01 1.986211160757739985e-02 2.550000000000000000e+02
1.774500000000000188e+00 9.654379116465864330e-01 1.975594256891682193e-02 2.490000000000000000e+02
1.775500000000000078e+00 9.584230793650793112e-01 1.853264693842563565e-02 2.520000000000000000e+02
1.776499999999999968e+00 9.267476428571428393e-01 2.038658994877266817e-02 1.680000000000000000e+02
1.777500000000000080e+00 9.816289660377357507e-01 2.006620496646643187e-02 2.650000000000000000e+02
1.778500000000000192e+00 1.002740692883895113e+00 1.959127210543943134e-02 2.670000000000000000e+02
1.779500000000000082e+00 9.737374305555555054e-01 1.942316840632051997e-02 2.160000000000000000e+02
1.780499999999999972e+00 9.622288438438438840e-01 1.766565694220104121e-02 3.330000000000000000e+02
1.781500000000000083e+00 9.402216450216449584e-01 1.996703447655492902e-02 2.310000000000000000e+02
1.782500000000000195e+00 1.023163084388185817e+00 2.208547383902139533e-02 2.370000000000000000e+02
1.783500000000000085e+00 9.762762528735631218e-01 1.921021654129500059e-02 2.610000000000000000e+02
1.784499999999999975e+00 1.004485763713080182e+00 2.104512138571051558e-02 2.370000000000000000e+02
1.785500000000000087e+00 9.877014852941177203e-01 2.402665103411057851e-02 2.040000000000000000e+02
1.786500000000000199e+00 9.701943211382113574e-01 1.915543217649031543e-02 2.460000000000000000e+02
1.787500000000000089e+00 9.936819058823529449e-01 1.906722524491781881e-02 2.550000000000000000e+02
1.788499999999999979e+00 9.766078101851852766e-01 2.106711465874343964e-02 2.160000000000000000e+02
1.789500000000000091e+00 9.752731835205992184e-01 1.886688959876576047e-02 2.670000000000000000e+02
1.790500000000000203e+00 9.217965572139303898e-01 2.099328618040486802e-02 2.010000000000000000e+02
1.791500000000000092e+00 9.966629022222220913e-01 2.140429292051896151e-02 2.250000000000000000e+02
1.792499999999999982e+00 9.846535731707317662e-01 2.034728437955057173e-02 2.460000000000000000e+02
1.793499999999999872e+00 9.649438070175438975e-01 1.642846023974262742e-02 3.420000000000000000e+02
1.794499999999999984e+00 9.791246918238991626e-01 2.674852625791374061e-02 1.590000000000000000e+02
1.795500000000000096e+00 1.017535532646048235e+00 1.915856240617786616e-02 2.910000000000000000e+02
1.796499999999999986e+00 1.000356982683982654e+00 2.115574164920954944e-02 2.310000000000000000e+02
1.797499999999999876e+00 1.004588162280701580e+00 2.247167084116949085e-02 2.280000000000000000e+02
1.798499999999999988e+00 9.716250600000000404e-01 1.748446793609032338e-02 3.000000000000000000e+02
1.799500000000000099e+00 9.988816543209877441e-01 1.932326990579250406e-02 2.430000000000000000e+02
1.800499999999999989e+00 9.480464509803921969e-01 2.060229764069736180e-02 2.040000000000000000e+02
1.801499999999999879e+00 9.882426565656566853e-01 2.178491107085916978e-02 1.980000000000000000e+02
1.802499999999999991e+00 9.890507695473250704e-01 1.973999209589792636e-02 2.430000000000000000e+02
1.803500000000000103e+00 9.562814549019607036e-01 1.774777247345455181e-02 2.550000000000000000e+02
1.804499999999999993e+00 1.011846337499999970e+00 2.104167881299744483e-02 2.400000000000000000e+02
1.805499999999999883e+00 9.742401181434598989e-01 1.950410617808900904e-02 2.370000000000000000e+02
1.806499999999999995e+00 9.670264121212120978e-01 2.168363845674515025e-02 1.650000000000000000e+02
1.807500000000000107e+00 9.657114252873563176e-01 1.948276205276181297e-02 2.610000000000000000e+02
1.808499999999999996e+00 9.972645402298850881e-01 1.818518598402732445e-02 2.610000000000000000e+02
1.809499999999999886e+00 1.022306079365079334e+00 2.082899856594048332e-02 2.520000000000000000e+02
1.810499999999999998e+00 9.594380781893004917e-01 1.946294096404478993e-02 2.430000000000000000e+02
1.811500000000000110e+00 9.787823728070175200e-01 2.056010894978424139e-02 2.280000000000000000e+02
1.812500000000000000e+00 9.945605890410957883e-01 2.004470798783253987e-02 2.190000000000000000e+02
1.813499999999999890e+00 1.000928524017467236e+00 2.097606197007736636e-02 2.290000000000000000e+02
1.814500000000000002e+00 1.027467900432900594e+00 1.911059243163589286e-02 2.310000000000000000e+02
1.815500000000000114e+00 9.780679662921347717e-01 2.058544677993868338e-02 2.670000000000000000e+02
1.816500000000000004e+00 9.738727046413503396e-01 2.001300599753875337e-02 2.370000000000000000e+02
1.817499999999999893e+00 1.006135861111111085e+00 2.046944555110667349e-02 2.160000000000000000e+02
1.818500000000000005e+00 9.507929487179487271e-01 2.196227621052116927e-02 1.950000000000000000e+02
1.819500000000000117e+00 9.913380462962961825e-01 2.088893787615631048e-02 2.160000000000000000e+02
1.820500000000000007e+00 1.015869952380952457e+00 2.250389056928302906e-02 1.890000000000000000e+02
1.821499999999999897e+00 1.013790085470085423e+00 2.120487902541510344e-02 2.340000000000000000e+02
1.822500000000000009e+00 9.925947695473250620e-01 1.968262861322892660e-02 2.430000000000000000e+02
1.823500000000000121e+00 1.006040117647058807e+00 2.340054120516260258e-02 2.040000000000000000e+02
1.824500000000000011e+00 1.005832186046511367e+00 2.108733936959117372e-02 2.580000000000000000e+02
1.825499999999999901e+00 9.903401011235956064e-01 1.745856686836940244e-02 2.670000000000000000e+02
1.826500000000000012e+00 9.855608115942029457e-01 2.137518323858496327e-02 2.070000000000000000e+02
1.827500000000000124e+00 9.812885024154588409e-01 2.121186323168068946e-02 2.070000000000000000e+02
1.828500000000000014e+00 1.018347404494381880e+00 1.962059046302702670e-02 2.670000000000000000e+02
1.829499999999999904e+00 9.901565726495726860e-01 1.902966325281939611e-02 2.340000000000000000e+02
1.830500000000000016e+00 9.893673802083332580e-01 2.339097328330301540e-02 1.920000000000000000e+02
1.831500000000000128e+00 1.009292712499999967e+00 2.057765926671669202e-02 2.400000000000000000e+02
1.832500000000000018e+00 1.053733875555555644e+00 2.103137053721561289e-02 2.250000000000000000e+02
1.833499999999999908e+00 1.034573209876543221e+00 2.723181418715639110e-02 1.620000000000000000e+02
1.834500000000000020e+00 1.014768328828828947e+00 2.170745604500733464e-02 2.220000000000000000e+02
1.835500000000000131e+00 1.017494297101449341e+00 2.870304208131095255e-02 1.380000000000000000e+02
1.836500000000000021e+00 1.015737808176100820e+00 1.764580565016916555e-02 3.180000000000000000e+02
1.837499999999999911e+00 9.765630427350427967e-01 1.695598084944038506e-02 2.340000000000000000e+02
1.838500000000000023e+00 1.017657218579234968e+00 2.365310124579404066e-02 1.830000000000000000e+02
1.839500000000000135e+00 1.021966592156862585e+00 2.101302090584758128e-02 2.550000000000000000e+02
1.840500000000000025e+00 1.011236636363636254e+00 1.831299052938988731e-02 2.640000000000000000e+02
1.841499999999999915e+00 9.963879885057469465e-01 2.415026265405923606e-02 1.740000000000000000e+02
1.842500000000000027e+00 1.005593816901408477e+00 2.097484938719631348e-02 2.130000000000000000e+02
1.843500000000000139e+00 1.011452328431372560e+00 2.163754269547286252e-02 2.040000000000000000e+02
1.844500000000000028e+00 1.006231937198067694e+00 2.159526670610123836e-02 2.070000000000000000e+02
1.845499999999999918e+00 1.031237829166666620e+00 2.055090596490788749e-02 2.400000000000000000e+02
1.846500000000000030e+00 1.019220731601731433e+00 2.140800956173987551e-02 2.310000000000000000e+02
1.847500000000000142e+00 9.901590628930817539e-01 2.424638014221116439e-02 1.590000000000000000e+02
1.848500000000000032e+00 1.024567708333333327e+00 2.523762463761846514e-02 1.680000000000000000e+02
1.849499999999999922e+00 1.034401428571428472e+00 2.149753156205724131e-02 2.520000000000000000e+02
1.850500000000000034e+00 1.012555176470588236e+00 2.390242484914089152e-02 1.870000000000000000e+02
1.851500000000000146e+00 1.023838031007751947e+00 2.128515213667571751e-02 2.580000000000000000e+02
1.852500000000000036e+00 1.020454621621621483e+00 2.277984143438126913e-02 2.220000000000000000e+02
1.853499999999999925e+00 1.007515276190476206e+00 2.422187475857034977e-02 2.100000000000000000e+02
1.854500000000000037e+00 1.062997642857143044e+00 2.540135414294729041e-02 2.100000000000000000e+02
1.855500000000000149e+00 1.073330820224719151e+00 2.047622313044930240e-02 2.670000000000000000e+02
1.856500000000000039e+00 1.041915418300653373e+00 2.860724045083613484e-02 1.530000000000000000e+02
1.857499999999999929e+00 1.073456958333333322e+00 2.376573968730550518e-02 2.160000000000000000e+02
1.858500000000000041e+00 1.057869486486486377e+00 2.227837699004520458e-02 2.220000000000000000e+02
1.859500000000000153e+00 1.021903312500000105e+00 2.138478673698817473e-02 1.920000000000000000e+02
1.860500000000000043e+00 1.000258413145539871e+00 2.332052172524247749e-02 2.130000000000000000e+02
1.861499999999999932e+00 1.010034406249999961e+00 2.289764294855801616e-02 1.920000000000000000e+02
1.862500000000000044e+00 1.051775083333333249e+00 2.276422345820685797e-02 1.800000000000000000e+02
1.863500000000000156e+00 9.948520833333334146e-01 2.442777014936987207e-02 1.680000000000000000e+02
1.864500000000000046e+00 1.016822808888888874e+00 2.215617156944623550e-02 2.250000000000000000e+02
1.865499999999999936e+00 1.006238788288288388e+00 2.097673053641903318e-02 2.220000000000000000e+02
1.866500000000000048e+00 1.021651552631579030e+00 2.132563608564365040e-02 2.280000000000000000e+02
1.867500000000000160e+00 1.023321877777777944e+00 2.455029866753342255e-02 1.800000000000000000e+02
1.868500000000000050e+00 1.011781555555555601e+00 2.040484786765852515e-02 2.340000000000000000e+02
1.869499999999999940e+00 1.023327435483870840e+00 2.328419455487633002e-02 1.860000000000000000e+02
1.870500000000000052e+00 1.034892114754098369e+00 2.402337724940564745e-02 1.830000000000000000e+02
1.871500000000000163e+00 1.034364133333333324e+00 2.170870598443424421e-02 2.250000000000000000e+02
1.872500000000000053e+00 1.049973476190475985e+00 1.968700548530791239e-02 2.520000000000000000e+02
1.873499999999999943e+00 1.057513485875706261e+00 2.321971604732317451e-02 1.770000000000000000e+02
1.874500000000000055e+00 1.043580551912568266e+00 2.488368156924771271e-02 1.830000000000000000e+02
1.875500000000000167e+00 1.019828871111111201e+00 2.185039927148968789e-02 2.250000000000000000e+02
1.876500000000000057e+00 1.023967205128205160e+00 2.521381913072110945e-02 1.560000000000000000e+02
1.877499999999999947e+00 1.057594089285714301e+00 2.665799524040339888e-02 1.680000000000000000e+02
1.878500000000000059e+00 1.032829880952381041e+00 2.590356532610066723e-02 1.680000000000000000e+02
1.879500000000000171e+00 1.041693265873016028e+00 2.066409055955753526e-02 2.520000000000000000e+02
1.880500000000000060e+00 1.054534859259259383e+00 2.859452179130908198e-02 1.350000000000000000e+02
1.881499999999999950e+00 1.054169849462365471e+00 1.985156492037805712e-02 2.790000000000000000e+02
1.882500000000000062e+00 1.051998096045197784e+00 2.490856899810385203e-02 1.770000000000000000e+02
1.883500000000000174e+00 1.040121116161616177e+00 2.202309029605832580e-02 1.980000000000000000e+02
1.884500000000000064e+00 1.055743727777777696e+00 2.546614765304532069e-02 1.800000000000000000e+02
1.885499999999999954e+00 1.044171549783549757e+00 1.876514252942854816e-02 2.310000000000000000e+02
1.886500000000000066e+00 1.035306119170984473e+00 2.399248315927526506e-02 1.930000000000000000e+02
1.887500000000000178e+00 1.049023412280701617e+00 2.160081265011749158e-02 2.280000000000000000e+02
1.888500000000000068e+00 1.026512378205128417e+00 2.603709877146960852e-02 1.560000000000000000e+02
1.889499999999999957e+00 1.066469939890710261e+00 2.509225368246781676e-02 1.830000000000000000e+02
1.890500000000000069e+00 1.049940338797814121e+00 2.561787843114777391e-02 1.830000000000000000e+02
1.891500000000000181e+00 1.089278181818182034e+00 2.693109983065236634e-02 1.650000000000000000e+02
1.892500000000000071e+00 1.047960351851851879e+00 2.456657714446928292e-02 2.160000000000000000e+02
1.893499999999999961e+00 1.074314567375886265e+00 3.186282673447024538e-02 1.410000000000000000e+02
1.894500000000000073e+00 1.055948367149758482e+00 2.182447107439339923e-02 2.070000000000000000e+02
1.895500000000000185e+00 1.031093188405797001e+00 2.294933794291043397e-02 2.070000000000000000e+02
1.896500000000000075e+00 1.029744635220125826e+00 2.370005501457428734e-02 1.590000000000000000e+02
1.897499999999999964e+00 1.139682678362573087e+00 2.739688257915951636e-02 1.710000000000000000e+02
1.898500000000000076e+00 1.071744481481481381e+00 2.220903285572056740e-02 2.160000000000000000e+02
1.899500000000000188e+00 1.050777266666666598e+00 2.241982793601251384e-02 2.100000000000000000e+02
1.900500000000000078e+00 1.067782586854460147e+00 2.354604363411671314e-02 2.130000000000000000e+02
1.901499999999999968e+00 1.067973948717948707e+00 2.555821482275157444e-02 1.950000000000000000e+02
1.902500000000000080e+00 1.043614801282051197e+00 2.865234808146488107e-02 1.560000000000000000e+02
1.903500000000000192e+00 1.026332034825870654e+00 2.298797373427419882e-02 2.010000000000000000e+02
1.904500000000000082e+00 1.139688738562091297e+00 3.007295038960143899e-02 1.530000000000000000e+02
1.905499999999999972e+00 1.054685544973545053e+00 2.436122480108125418e-02 1.890000000000000000e+02
1.906500000000000083e+00 1.051896962121211976e+00 2.672750487348441589e-02 1.320000000000000000e+02
1.907500000000000195e+00 1.070637523206751096e+00 2.153277657603308581e-02 2.370000000000000000e+02
1.908500000000000085e+00 1.080863487179487326e+00 2.555697003598474473e-02 1.560000000000000000e+02
1.909499999999999975e+00 1.042407050000000002e+00 3.395238018873244362e-02 1.200000000000000000e+02
1.910500000000000087e+00 1.091068735159817393e+00 2.398384345419072097e-02 2.190000000000000000e+02
1.911500000000000199e+00 1.078030258215962434e+00 2.420107079514470516e-02 2.130000000000000000e+02
1.912500000000000089e+00 1.003844958333333315e+00 2.371768931448635029e-02 1.440000000000000000e+02
1.913499999999999979e+00 1.060420756218905636e+00 2.577738162400283403e-02 2.010000000000000000e+02
1.914500000000000091e+00 1.062113361111111098e+00 2.580780853481665776e-02 1.800000000000000000e+02
1.915500000000000203e+00 1.086824121621621675e+00 2.276039900186323239e-02 2.220000000000000000e+02
1.916500000000000092e+00 1.045883651515151280e+00 2.727963953044781203e-02 1.320000000000000000e+02
1.917499999999999982e+00 1.051789202898550712e+00 2.158615237692416630e-02 2.070000000000000000e+02
1.918500000000000094e+00 1.044471045197740144e+00 2.604132832448371668e-02 1.770000000000000000e+02
1.919499999999999984e+00 1.047571009259259167e+00 2.991233055984393943e-02 1.080000000000000000e+02
1.920500000000000096e+00 1.041481708994709265e+00 2.238419598909487454e-02 1.890000000000000000e+02
1.921499999999999986e+00 1.084539927777777857e+00 2.595386114083160153e-02 1.800000000000000000e+02
1.922499999999999876e+00 1.022996807486631132e+00 2.524038830081013624e-02 1.870000000000000000e+02
1.923499999999999988e+00 1.061618843537414758e+00 2.609267747453870162e-02 1.470000000000000000e+02
1.924500000000000099e+00 1.088187968750000012e+00 3.931796751366456455e-02 9.600000000000000000e+01
1.925499999999999989e+00 1.051847986301369886e+00 2.311280842439005986e-02 2.190000000000000000e+02
1.926499999999999879e+00 1.111372043715846969e+00 2.596394572887054941e-02 1.830000000000000000e+02
1.927499999999999991e+00 1.042054259259259208e+00 2.255993295759434539e-02 2.160000000000000000e+02
1.928500000000000103e+00 1.007175500000000001e+00 2.896195419030405185e-02 1.440000000000000000e+02
1.929499999999999993e+00 1.085902529914529735e+00 2.378284782992495447e-02 2.340000000000000000e+02
1.930499999999999883e+00 1.085221485507246175e+00 2.613441524610445391e-02 1.380000000000000000e+02
1.931499999999999995e+00 1.086042785714285808e+00 2.757985335324955947e-02 1.680000000000000000e+02
1.932500000000000107e+00 1.016562333333333346e+00 2.209207475290275377e-02 1.680000000000000000e+02
1.933499999999999996e+00 1.089471992424242197e+00 3.208277025949318739e-02 1.320000000000000000e+02
1.934499999999999886e+00 1.021065708333333211e+00 2.379128368167057750e-02 1.680000000000000000e+02
1.935499999999999998e+00 1.078936853658536643e+00 3.328357649450527922e-02 1.230000000000000000e+02
1.936500000000000110e+00 1.060318239436619736e+00 2.144351993557407077e-02 2.130000000000000000e+02
1.937500000000000000e+00 1.051944235294117513e+00 2.806527805624631569e-02 1.530000000000000000e+02
1.938499999999999890e+00 1.092192977011494204e+00 2.422206970053206523e-02 1.740000000000000000e+02
1.939500000000000002e+00 1.059969868686868599e+00 3.690345658964189896e-02 9.900000000000000000e+01
1.940500000000000114e+00 1.114202390804597709e+00 2.434980546397295942e-02 1.740000000000000000e+02
1.941500000000000004e+00 1.056255861111111027e+00 2.209229393033761493e-02 2.160000000000000000e+02
1.942499999999999893e+00 1.059494761111111183e+00 2.555011361887318116e-02 1.800000000000000000e+02
1.943500000000000005e+00 1.074341524691358130e+00 2.753108826380104221e-02 1.620000000000000000e+02
1.944500000000000117e+00 1.079829452830188607e+00 2.539807766230715858e-02 1.590000000000000000e+02
1.945500000000000007e+00 1.097028144927536086e+00 3.124401069318685775e-02 1.380000000000000000e+02
1.946499999999999897e+00 1.064146385185185117e+00 2.848111523962813807e-02 1.350000000000000000e+02
1.947500000000000009e+00 1.064638587570621464e+00 2.428873793988759605e-02 1.770000000000000000e+02
1.948500000000000121e+00 1.085882571428571364e+00 2.666875800634082444e-02 1.680000000000000000e+02
1.949500000000000011e+00 1.092433446808510622e+00 2.996839922412570384e-02 1.410000000000000000e+02
1.950499999999999901e+00 1.104641773333333132e+00 2.675693554976264765e-02 1.500000000000000000e+02
1.951500000000000012e+00 1.064514915422885677e+00 2.248408451279695908e-02 2.010000000000000000e+02
1.952500000000000124e+00 1.023693477272727304e+00 2.714145528025963677e-02 1.320000000000000000e+02
1.953500000000000014e+00 1.063358353535353462e+00 3.541454025060733479e-02 9.900000000000000000e+01
1.954499999999999904e+00 1.075977247863247888e+00 2.862831512049751267e-02 1.170000000000000000e+02
1.955500000000000016e+00 1.142022950248756219e+00 2.634457148180886082e-02 2.010000000000000000e+02
1.956500000000000128e+00 1.045889563725490135e+00 2.346658747189332359e-02 2.040000000000000000e+02
1.957500000000000018e+00 1.079215157232704225e+00 3.022440794223050023e-02 1.590000000000000000e+02
1.958499999999999908e+00 1.079647720588235327e+00 2.946188980934309753e-02 1.360000000000000000e+02
1.959500000000000020e+00 1.101155830065359664e+00 2.900314207935730110e-02 1.530000000000000000e+02
1.960500000000000131e+00 1.072896530612244881e+00 2.537964867935591298e-02 1.470000000000000000e+02
1.961500000000000021e+00 1.075518773333333122e+00 2.562371017077186980e-02 1.500000000000000000e+02
1.962499999999999911e+00 1.080036516339869301e+00 2.842717456310760171e-02 1.530000000000000000e+02
1.963500000000000023e+00 1.076462673758865174e+00 3.012015130436299787e-02 1.410000000000000000e+02
1.964500000000000135e+00 1.106381414965986520e+00 2.684164087813790261e-02 1.470000000000000000e+02
1.965500000000000025e+00 1.097603756410256315e+00 2.807742686472741375e-02 1.560000000000000000e+02
1.966499999999999915e+00 1.078196631944444484e+00 2.911211520902168282e-02 1.440000000000000000e+02
1.967500000000000027e+00 1.105005736842105346e+00 3.300815712319175171e-02 1.140000000000000000e+02
1.968500000000000139e+00 1.065189045045044969e+00 3.115524850278049776e-02 1.110000000000000000e+02
1.969500000000000028e+00 1.088819758865248177e+00 3.254008032681811324e-02 1.410000000000000000e+02
1.970499999999999918e+00 1.067531688524590017e+00 2.602490260656119270e-02 1.830000000000000000e+02
1.971500000000000030e+00 1.050141436781609094e+00 2.515611954066821615e-02 1.740000000000000000e+02
1.972500000000000142e+00 1.086688909604519582e+00 2.507645729492108400e-02 1.770000000000000000e+02
1.973500000000000032e+00 1.057344123188405982e+00 2.723396386159509727e-02 1.380000000000000000e+02
1.974499999999999922e+00 1.113862548387096751e+00 3.698021031562329086e-02 9.300000000000000000e+01
1.975500000000000034e+00 1.099243269230769204e+00 2.632137318261323217e-02 1.560000000000000000e+02
1.976500000000000146e+00 1.047902593749999944e+00 2.405280047732905740e-02 1.920000000000000000e+02
1.977500000000000036e+00 1.092767466666666687e+00 3.779137667757389435e-02 1.050000000000000000e+02
1.978499999999999925e+00 1.099219008771929795e+00 3.272651942894097554e-02 1.140000000000000000e+02
1.979500000000000037e+00 1.068429540740740480e+00 2.798038704374599880e-02 1.350000000000000000e+02
1.980500000000000149e+00 1.071143903846153878e+00 2.907270591439835641e-02 1.560000000000000000e+02
1.981500000000000039e+00 1.058905916666666558e+00 3.366367362639568345e-02 9.600000000000000000e+01
1.982499999999999929e+00 1.100521311111111178e+00 3.726903089783233786e-02 9.000000000000000000e+01
1.983500000000000041e+00 1.079542602150537656e+00 2.548016135796123474e-02 1.860000000000000000e+02
1.984500000000000153e+00 1.072059185185185282e+00 2.914860332585048411e-02 1.350000000000000000e+02
1.985500000000000043e+00 1.056813584905660353e+00 2.296361768518303398e-02 1.590000000000000000e+02
1.986499999999999932e+00 1.129997728682170299e+00 3.341975601468754470e-02 1.290000000000000000e+02
1.987500000000000044e+00 1.077417893081760836e+00 2.981612838583365052e-02 1.590000000000000000e+02
1.988500000000000156e+00 1.082530540740740621e+00 3.162944736424380676e-02 1.350000000000000000e+02
1.989500000000000046e+00 1.120310883333333285e+00 2.971420982659766716e-02 1.200000000000000000e+02
1.990499999999999936e+00 1.038918792592592677e+00 2.631498744187452457e-02 1.350000000000000000e+02
1.991500000000000048e+00 1.088863365384615367e+00 2.783415698148557910e-02 1.560000000000000000e+02
1.992500000000000160e+00 1.088309466666666836e+00 3.382898751791956621e-02 1.050000000000000000e+02
1.993500000000000050e+00 1.042799508771929951e+00 3.170803898123371323e-02 1.140000000000000000e+02
1.994499999999999940e+00 1.075211770114942178e+00 3.569605420825874148e-02 8.700000000000000000e+01
1.995500000000000052e+00 1.076474422535211195e+00 2.824393575591846450e-02 1.420000000000000000e+02
1.996500000000000163e+00 1.060897030303030286e+00 2.996832070390985023e-02 1.320000000000000000e+02
1.997500000000000053e+00 1.081470814814814885e+00 2.918207053079622734e-02 1.350000000000000000e+02
1.998499999999999943e+00 1.160418122807017838e+00 3.435743110031341807e-02 1.140000000000000000e+02
1.999500000000000055e+00 1.053007848484848630e+00 2.519905600616750146e-02 1.650000000000000000e+02
2.000499999999999723e+00 1.106707905982905915e+00 3.230537329620871562e-02 1.170000000000000000e+02
2.001500000000000057e+00 1.073208419999999830e+00 3.014023127157613308e-02 1.500000000000000000e+02
2.002500000000000391e+00 1.056048035087719494e+00 2.810191580314697762e-02 1.140000000000000000e+02
2.003499999999999837e+00 1.085544540740740915e+00 2.918233480717941780e-02 1.350000000000000000e+02
2.004500000000000171e+00 1.145490119047618993e+00 3.667106996402984265e-02 8.400000000000000000e+01
2.005500000000000060e+00 1.026289269230769019e+00 2.623202949863611896e-02 1.560000000000000000e+02
2.006499999999999950e+00 1.093384581395348665e+00 3.141214054978257869e-02 1.290000000000000000e+02
2.007500000000000284e+00 1.002210291666666642e+00 3.993332478420240361e-02 7.200000000000000000e+01
2.008499999999999730e+00 1.089277151515151587e+00 3.135940937973277776e-02 1.320000000000000000e+02
2.009500000000000064e+00 1.012322891304347827e+00 2.935083151048880137e-02 1.380000000000000000e+02
2.010500000000000398e+00 1.013730148148148213e+00 3.150421027538107682e-02 1.080000000000000000e+02
2.011499999999999844e+00 1.053579390476190314e+00 3.493086750883885733e-02 1.050000000000000000e+02
2.012500000000000178e+00 1.031451886363636383e+00 2.954766810099647076e-02 1.320000000000000000e+02
2.013500000000000068e+00 1.081173324324324225e+00 3.131498338059287428e-02 1.110000000000000000e+02
2.014499999999999957e+00 1.102128851851851943e+00 2.963131618771907075e-02 1.080000000000000000e+02
2.015500000000000291e+00 1.040690782608695741e+00 2.815217101224919832e-02 1.380000000000000000e+02
2.016499999999999737e+00 1.120740657142857311e+00 3.528240906795122173e-02 1.050000000000000000e+02
2.017500000000000071e+00 1.054095285714285568e+00 3.049411882071026772e-02 1.050000000000000000e+02
2.018500000000000405e+00 1.125138722222222221e+00 3.691729819918560668e-02 1.080000000000000000e+02
2.019499999999999851e+00 1.103927150326797335e+00 3.177796963356803450e-02 1.530000000000000000e+02
2.020500000000000185e+00 1.011293210526315711e+00 3.173301164877467134e-02 1.140000000000000000e+02
2.021500000000000075e+00 1.085186747474747415e+00 3.408089075415199343e-02 9.900000000000000000e+01
2.022499999999999964e+00 1.099923522222222116e+00 3.549196313202610670e-02 9.000000000000000000e+01
2.023500000000000298e+00 1.056220481481481510e+00 3.186549007060088257e-02 1.350000000000000000e+02
2.024499999999999744e+00 1.081776009259259208e+00 3.060169693364525254e-02 1.080000000000000000e+02
2.025500000000000078e+00 1.073046450980392086e+00 3.215914754983920792e-02 1.020000000000000000e+02
2.026500000000000412e+00 1.071934387096774355e+00 3.838236387989179405e-02 9.300000000000000000e+01
2.027499999999999858e+00 1.048963405405405336e+00 3.114428567686626168e-02 1.110000000000000000e+02
2.028500000000000192e+00 1.062217035087719141e+00 3.290456333131971250e-02 1.140000000000000000e+02
2.029500000000000082e+00 1.087029750000000128e+00 2.677141368341702868e-02 1.320000000000000000e+02
2.030499999999999972e+00 1.034252423076923222e+00 3.658257293670266752e-02 7.800000000000000000e+01
2.031500000000000306e+00 1.077575507462686488e+00 3.926906427195947513e-02 6.700000000000000000e+01
2.032499999999999751e+00 1.040480783625731043e+00 2.539178693140288837e-02 1.710000000000000000e+02
2.033500000000000085e+00 1.032121066666666698e+00 3.442287879690435204e-02 9.000000000000000000e+01
2.034500000000000419e+00 1.071015287037036856e+00 3.131262949303238036e-02 1.080000000000000000e+02
2.035499999999999865e+00 1.065454449275362370e+00 2.991931031571977082e-02 1.380000000000000000e+02
2.036500000000000199e+00 1.129743590909090933e+00 4.508559632087444369e-02 6.600000000000000000e+01
2.037500000000000089e+00 1.125120380952380872e+00 3.677058509601370540e-02 8.400000000000000000e+01
2.038499999999999979e+00 1.073694539682539473e+00 3.039400535130978159e-02 1.260000000000000000e+02
2.039500000000000313e+00 1.078633385416666757e+00 2.986557004907526569e-02 9.600000000000000000e+01
2.040499999999999758e+00 1.063748629629629461e+00 3.246213205308973865e-02 8.100000000000000000e+01
2.041500000000000092e+00 1.045539137931034590e+00 3.780000871216453173e-02 8.700000000000000000e+01
2.042500000000000426e+00 1.069284878048780252e+00 2.906744411577166093e-02 1.230000000000000000e+02
2.043499999999999872e+00 1.060458897435897274e+00 3.423331009097345390e-02 7.800000000000000000e+01
2.044500000000000206e+00 1.057002043010752734e+00 3.257865208844486909e-02 9.300000000000000000e+01
2.045500000000000096e+00 1.054571591666666475e+00 3.181972289500515499e-02 1.200000000000000000e+02
2.046499999999999986e+00 1.054869724637681250e+00 4.855978922769304401e-02 6.900000000000000000e+01
2.047500000000000320e+00 1.102632524822694915e+00 2.842199250984426412e-02 1.410000000000000000e+02
2.048499999999999766e+00 1.085884813008130223e+00 3.108480326783651798e-02 1.230000000000000000e+02
2.049500000000000099e+00 1.083233192982456128e+00 4.484255679429863944e-02 5.700000000000000000e+01
2.050499999999999989e+00 1.106270277777777755e+00 4.312324546416993615e-02 9.000000000000000000e+01
2.051499999999999879e+00 1.135560961538461644e+00 3.552229705980562702e-02 7.800000000000000000e+01
2.052500000000000213e+00 1.125869097222222059e+00 3.809333402182001754e-02 7.200000000000000000e+01
2.053499999999999659e+00 1.065889208333333338e+00 3.264784710090720687e-02 1.200000000000000000e+02
2.054499999999999993e+00 1.057100782051282106e+00 3.810242060274421361e-02 7.800000000000000000e+01
2.055500000000000327e+00 1.073001611111111142e+00 3.568321033955607763e-02 9.000000000000000000e+01
2.056499999999999773e+00 1.096803473684210495e+00 3.176654275608704892e-02 1.140000000000000000e+02
2.057500000000000107e+00 1.122579530303030149e+00 3.806173096865982791e-02 6.600000000000000000e+01
2.058499999999999996e+00 1.053978888888888799e+00 3.507583696774316945e-02 7.200000000000000000e+01
2.059499999999999886e+00 1.054621255813953384e+00 2.826235297236723634e-02 1.290000000000000000e+02
2.060500000000000220e+00 1.095617212121211992e+00 5.043415698461204549e-02 6.600000000000000000e+01
2.061499999999999666e+00 1.070293494949494884e+00 3.673842449193392978e-02 9.900000000000000000e+01
2.062500000000000000e+00 1.078116240740740972e+00 3.079489287094251335e-02 1.080000000000000000e+02
2.063500000000000334e+00 9.562265873015872719e-01 3.316963639753713750e-02 6.300000000000000000e+01
2.064499999999999780e+00 1.085392847222222068e+00 3.816458382547691791e-02 7.200000000000000000e+01
2.065500000000000114e+00 9.992056666666667697e-01 4.265365217718588425e-02 6.000000000000000000e+01
2.066500000000000004e+00 1.078815902777777724e+00 4.034725887530943994e-02 7.200000000000000000e+01
2.067499999999999893e+00 1.072154112903225931e+00 3.290084372319002082e-02 1.240000000000000000e+02
2.068500000000000227e+00 1.085691590909090953e+00 3.785800096453533631e-02 6.600000000000000000e+01
2.069499999999999673e+00 1.046165111111111212e+00 3.384218598204721817e-02 9.900000000000000000e+01
2.070500000000000007e+00 1.112833653333333395e+00 4.201222561260163635e-02 7.500000000000000000e+01
2.071500000000000341e+00 1.057937607142857228e+00 3.677437989053437134e-02 8.400000000000000000e+01
2.072499999999999787e+00 1.137285546666666480e+00 4.039628493254171504e-02 7.500000000000000000e+01
2.073500000000000121e+00 1.093827916666666455e+00 3.836763795091071433e-02 9.600000000000000000e+01
2.074500000000000011e+00 1.038137111111110844e+00 4.394941682928173859e-02 6.300000000000000000e+01
2.075499999999999901e+00 1.124284516129032019e+00 3.445391351543578701e-02 9.300000000000000000e+01
2.076500000000000234e+00 9.997637037037038210e-01 3.400710777172424870e-02 8.100000000000000000e+01
2.077499999999999680e+00 1.004698030303030176e+00 3.768568427866256232e-02 6.600000000000000000e+01
2.078500000000000014e+00 1.095105412698412772e+00 4.375259203584879603e-02 6.300000000000000000e+01
2.079500000000000348e+00 1.019460254901960683e+00 4.632769092884198719e-02 5.100000000000000000e+01
2.080499999999999794e+00 1.081252753623188623e+00 4.395779318040068245e-02 6.900000000000000000e+01
2.081500000000000128e+00 1.032516955555555560e+00 2.971007937827388826e-02 1.350000000000000000e+02
2.082500000000000018e+00 1.055297289855072318e+00 3.331190657396453092e-02 6.900000000000000000e+01
2.083499999999999908e+00 1.026671708333333433e+00 3.778709119948566592e-02 7.200000000000000000e+01
2.084500000000000242e+00 1.054123266666666447e+00 3.794740477392565675e-02 7.500000000000000000e+01
2.085499999999999687e+00 1.088248645833333361e+00 3.655243922865154121e-02 4.800000000000000000e+01
2.086500000000000021e+00 9.566734141414141579e-01 3.023371874321973893e-02 9.900000000000000000e+01
2.087500000000000355e+00 1.050780982456140267e+00 4.696829505437519203e-02 5.700000000000000000e+01
2.088499999999999801e+00 1.002854000000000134e+00 3.461506781254852089e-02 7.800000000000000000e+01
2.089500000000000135e+00 1.050843560000000121e+00 4.592568161769029073e-02 7.500000000000000000e+01
2.090500000000000025e+00 1.060676063492063559e+00 4.744992955357206499e-02 6.300000000000000000e+01
2.091499999999999915e+00 1.108390256410256569e+00 3.993380462475791537e-02 7.800000000000000000e+01
2.092500000000000249e+00 1.015096196078431268e+00 4.585438499978219257e-02 5.100000000000000000e+01
2.093499999999999694e+00 1.091069434782608649e+00 3.828025906045435384e-02 6.900000000000000000e+01
2.094500000000000028e+00 1.130661000000000138e+00 4.246164027612144010e-02 7.500000000000000000e+01
2.095500000000000362e+00 1.062273576576576506e+00 3.359342463995085293e-02 1.110000000000000000e+02
2.096499999999999808e+00 9.984832564102561481e-01 5.227332209929377860e-02 3.900000000000000000e+01
2.097500000000000142e+00 1.102008809523809418e+00 4.353994596152276075e-02 8.400000000000000000e+01
2.098500000000000032e+00 1.007948984848484830e+00 3.704587779685018095e-02 6.600000000000000000e+01
2.099499999999999922e+00 1.050807537037036887e+00 4.466875654446864075e-02 5.400000000000000000e+01
2.100500000000000256e+00 1.011998200000000070e+00 4.345133741339708006e-02 6.000000000000000000e+01
2.101499999999999702e+00 1.026600444444444538e+00 4.340604896297201032e-02 6.300000000000000000e+01
2.102500000000000036e+00 1.026504239999999957e+00 3.970779460142721123e-02 7.500000000000000000e+01
2.103500000000000369e+00 9.752166794871792721e-01 3.446691172373960582e-02 7.800000000000000000e+01
2.104499999999999815e+00 1.130364807692307627e+00 4.083439424607914620e-02 5.200000000000000000e+01
2.105500000000000149e+00 1.057575533333333206e+00 3.374594417759854692e-02 7.500000000000000000e+01
2.106500000000000039e+00 9.765516249999999232e-01 3.854746482932807500e-02 4.800000000000000000e+01
2.107499999999999929e+00 9.695948400000001799e-01 2.986592272647536905e-02 7.500000000000000000e+01
2.108500000000000263e+00 9.833330500000001528e-01 3.865326899411372641e-02 6.000000000000000000e+01
2.109499999999999709e+00 1.019098677419355115e+00 3.487176169284325611e-02 9.300000000000000000e+01
2.110500000000000043e+00 1.011366196078431479e+00 4.526043585261461943e-02 5.100000000000000000e+01
2.111500000000000377e+00 9.809096041666668375e-01 5.171966471647434366e-02 4.800000000000000000e+01
2.112499999999999822e+00 9.987173999999998664e-01 4.596045747267989839e-02 7.500000000000000000e+01
2.113500000000000156e+00 1.001122104166666693e+00 4.102471137462963824e-02 4.800000000000000000e+01
2.114500000000000046e+00 1.042514648148147982e+00 4.242724006942433235e-02 5.400000000000000000e+01
2.115499999999999936e+00 1.044340037037036817e+00 4.325842471718720217e-02 5.400000000000000000e+01
2.116500000000000270e+00 1.027370600000000023e+00 3.991318854549094630e-02 6.000000000000000000e+01
2.117499999999999716e+00 1.089579070707070940e+00 3.265411912756437801e-02 9.900000000000000000e+01
2.118500000000000050e+00 1.035740307692307738e+00 6.612960271110777943e-02 3.900000000000000000e+01
2.119500000000000384e+00 1.018582857142857234e+00 3.994405789074565588e-02 6.300000000000000000e+01
2.120499999999999829e+00 9.846720185185184882e-01 4.486733286949588090e-02 5.400000000000000000e+01
2.121500000000000163e+00 1.045586854166666635e+00 4.107777869648506636e-02 4.800000000000000000e+01
2.122500000000000053e+00 1.037990599999999652e+00 3.518227046217821397e-02 9.000000000000000000e+01
2.123499999999999943e+00 1.001548039215686137e+00 3.427125631558605029e-02 5.100000000000000000e+01
2.124500000000000277e+00 1.029017736842105402e+00 3.523967814028359374e-02 5.700000000000000000e+01
2.125499999999999723e+00 9.847364509803923083e-01 4.483671240369894312e-02 5.100000000000000000e+01
2.126500000000000057e+00 1.034380435897435779e+00 5.930903606753511886e-02 3.900000000000000000e+01
2.127500000000000391e+00 1.104161035087719345e+00 4.711353675670657687e-02 5.700000000000000000e+01
2.128499999999999837e+00 9.956462857142857059e-01 4.185286537093477199e-02 4.200000000000000000e+01
2.129500000000000171e+00 9.975388750000000471e-01 4.096764322062953351e-02 7.200000000000000000e+01
2.130500000000000060e+00 1.061479521739130405e+00 3.694908553795991230e-02 6.900000000000000000e+01
2.131499999999999950e+00 1.009788840579710190e+00 4.011638127761534001e-02 6.900000000000000000e+01
2.132500000000000284e+00 1.043758351851852062e+00 4.299901498822364387e-02 5.400000000000000000e+01
2.133499999999999730e+00 1.023813882352941018e+00 4.525489824532828026e-02 5.100000000000000000e+01
2.134500000000000064e+00 9.611990666666666572e-01 4.149377053916611380e-02 4.500000000000000000e+01
2.135500000000000398e+00 1.032563912280701768e+00 4.251184943850957326e-02 5.700000000000000000e+01
2.136499999999999844e+00 1.065032766666666575e+00 4.178053819434649624e-02 6.000000000000000000e+01
2.137500000000000178e+00 1.041605208333333366e+00 4.897594720745056251e-02 4.800000000000000000e+01
2.138500000000000068e+00 1.097363229166666621e+00 4.257845167078135734e-02 4.800000000000000000e+01
2.139499999999999957e+00 1.061041102564102667e+00 4.968093363343056151e-02 3.900000000000000000e+01
2.140500000000000291e+00 1.066570599999999924e+00 4.019423071645912560e-02 5.500000000000000000e+01
2.141499999999999737e+00 1.048667649122807077e+00 4.275685364008389999e-02 5.700000000000000000e+01
2.142500000000000071e+00 1.092595119047619079e+00 5.016718163102714539e-02 4.200000000000000000e+01
2.143500000000000405e+00 1.056607173913043596e+00 3.414120789452238652e-02 6.900000000000000000e+01
2.144499999999999851e+00 1.058079619047618936e+00 3.692118520343203036e-02 6.300000000000000000e+01
2.145500000000000185e+00 1.032120764705882321e+00 4.556276748060242299e-02 5.100000000000000000e+01
2.146500000000000075e+00 1.037366807017543691e+00 4.239441206575048776e-02 5.700000000000000000e+01
2.147499999999999964e+00 1.042623527777778003e+00 4.676690194424553554e-02 3.600000000000000000e+01
2.148500000000000298e+00 1.026559583333333414e+00 5.341688418347176337e-02 3.600000000000000000e+01
2.149499999999999744e+00 1.020902138888888810e+00 5.227896354350172747e-02 3.600000000000000000e+01
2.150500000000000078e+00 1.102410846153846213e+00 3.642977513566693359e-02 7.800000000000000000e+01
2.151500000000000412e+00 1.044779666666666662e+00 6.361443055567429783e-02 2.400000000000000000e+01
2.152499999999999858e+00 9.600442142857141814e-01 4.997760006120251230e-02 4.200000000000000000e+01
2.153500000000000192e+00 1.025390043478260793e+00 3.991128488361046778e-02 6.900000000000000000e+01
2.154500000000000082e+00 1.019850604166666619e+00 4.511373729016602413e-02 4.800000000000000000e+01
2.155499999999999972e+00 1.020549372549019562e+00 4.961332662765836204e-02 5.100000000000000000e+01
2.156500000000000306e+00 1.104781444444444372e+00 4.942890725467709995e-02 4.500000000000000000e+01
2.157499999999999751e+00 1.085712719298245643e+00 5.031612686576517751e-02 5.700000000000000000e+01
2.158500000000000085e+00 1.047711649122807120e+00 4.138735480306658665e-02 5.700000000000000000e+01
2.159500000000000419e+00 9.947378974358972448e-01 5.188626185220587134e-02 3.900000000000000000e+01
2.160499999999999865e+00 1.008848909090909185e+00 5.140169619213667829e-02 3.300000000000000000e+01
2.161500000000000199e+00 1.020455727272727264e+00 4.939624438678973800e-02 3.300000000000000000e+01
2.162500000000000089e+00 1.059655595238095049e+00 4.769060404432647754e-02 4.200000000000000000e+01
2.163499999999999979e+00 1.012267769230769110e+00 4.789318216136596168e-02 3.900000000000000000e+01
2.164500000000000313e+00 1.002633444444444466e+00 4.887394686772129210e-02 4.500000000000000000e+01
2.165499999999999758e+00 1.060333192982456207e+00 5.094227554263185132e-02 5.700000000000000000e+01
2.166500000000000092e+00 1.100463431372549206e+00 4.589727061377315426e-02 5.100000000000000000e+01
2.167500000000000426e+00 1.039394587301587292e+00 4.130315983762958970e-02 6.300000000000000000e+01
2.168499999999999872e+00 8.896265384615383853e-01 4.172900651273168948e-02 3.900000000000000000e+01
2.169500000000000206e+00 9.462677500000000741e-01 4.244032007492992697e-02 3.600000000000000000e+01
2.170500000000000096e+00 1.066800750000000075e+00 5.906749356995862760e-02 3.600000000000000000e+01
2.171499999999999986e+00 9.907599019607842283e-01 4.821178526413944648e-02 5.100000000000000000e+01
2.172500000000000320e+00 9.248445384615385789e-01 4.430012374531243358e-02 3.900000000000000000e+01
2.173499999999999766e+00 1.060577692307692388e+00 5.052804712851062530e-02 3.900000000000000000e+01
2.174500000000000099e+00 1.154963999999999880e+00 7.294370517918577490e-02 1.800000000000000000e+01
2.175500000000000433e+00 1.022281807017543898e+00 4.312405000232505392e-02 5.700000000000000000e+01
2.176499999999999879e+00 1.007166567567567395e+00 4.633899893602260595e-02 3.700000000000000000e+01
2.177500000000000213e+00 9.932790392156860548e-01 4.488362824673760437e-02 5.100000000000000000e+01
2.178499999999999659e+00 1.131069296296296267e+00 6.200950898711288933e-02 2.700000000000000000e+01
2.179499999999999993e+00 9.755056969696969116e-01 3.050913373124876718e-02 6.600000000000000000e+01
2.180500000000000327e+00 1.044460738095237984e+00 4.947686537809711793e-02 4.200000000000000000e+01
2.181499999999999773e+00 9.683055476190476352e-01 5.216182222375773808e-02 4.200000000000000000e+01
2.182500000000000107e+00 1.000990527777777750e+00 5.507079151155091362e-02 3.600000000000000000e+01
2.183499999999999996e+00 1.016451333333333373e+00 8.683733947433208700e-02 1.800000000000000000e+01
2.184499999999999886e+00 1.036082629629629714e+00 4.651830201498437928e-02 5.400000000000000000e+01
2.185500000000000220e+00 9.716164814814814976e-01 4.700484830286567883e-02 2.700000000000000000e+01
2.186499999999999666e+00 9.807863999999999471e-01 5.853495499016146686e-02 3.000000000000000000e+01
2.187500000000000000e+00 1.021512874999999987e+00 6.392222315491186135e-02 2.400000000000000000e+01
2.188500000000000334e+00 1.018511962962963091e+00 4.344784877329633394e-02 5.400000000000000000e+01
2.189499999999999780e+00 1.077763999999999944e+00 4.928047581959401485e-02 5.400000000000000000e+01
2.190500000000000114e+00 1.006294757575757703e+00 5.479452122293974187e-02 3.300000000000000000e+01
2.191500000000000004e+00 1.085355190476190446e+00 4.595174892262420679e-02 4.200000000000000000e+01
2.192499999999999893e+00 1.037497358974359019e+00 4.377304497978495856e-02 3.900000000000000000e+01
2.193500000000000227e+00 9.999613137254903528e-01 5.047510752712562609e-02 5.100000000000000000e+01
2.194499999999999673e+00 9.430192499999999756e-01 6.177173168499670852e-02 2.400000000000000000e+01
2.195500000000000007e+00 9.730355757575755993e-01 6.160932160257572010e-02 3.300000000000000000e+01
2.196500000000000341e+00 9.943321666666665726e-01 7.070333288463261090e-02 2.400000000000000000e+01
2.197499999999999787e+00 9.713229111111109093e-01 4.363062085335613766e-02 4.500000000000000000e+01
2.198500000000000121e+00 1.070588185185185282e+00 5.568955515845448734e-02 2.700000000000000000e+01
2.199500000000000011e+00 9.556739999999999124e-01 6.049102022758245933e-02 2.700000000000000000e+01
2.200499999999999901e+00 9.402387666666668364e-01 5.195805749555995612e-02 3.000000000000000000e+01
2.201500000000000234e+00 9.557247254901960476e-01 4.222128436403014412e-02 5.100000000000000000e+01
2.202499999999999680e+00 1.097902410256410111e+00 5.938968405990312921e-02 3.900000000000000000e+01
2.203500000000000014e+00 9.370059722222223719e-01 4.911289050605249090e-02 3.600000000000000000e+01
2.204500000000000348e+00 9.861428333333331908e-01 5.923026414002911105e-02 3.600000000000000000e+01
2.205499999999999794e+00 9.808136410256411697e-01 5.283462789400870940e-02 3.900000000000000000e+01
2.206500000000000128e+00 9.565226060606061287e-01 6.004252017631331317e-02 3.300000000000000000e+01
2.207500000000000018e+00 8.927433333333333332e-01 4.362122589918688426e-02 3.000000000000000000e+01
2.208499999999999908e+00 9.959993999999999792e-01 5.316816901982725913e-02 3.000000000000000000e+01
2.209500000000000242e+00 1.112808500000000089e+00 5.160754951819539194e-02 3.000000000000000000e+01
2.210499999999999687e+00 9.897662916666666311e-01 6.292692705496945316e-02 2.400000000000000000e+01
2.211500000000000021e+00 9.459543333333331194e-01 4.277830223612875266e-02 3.900000000000000000e+01
2.212500000000000355e+00 9.932680000000000398e-01 5.338980800205846838e-02 2.500000000000000000e+01
2.213499999999999801e+00 9.934452000000000282e-01 5.242604069336657263e-02 3.000000000000000000e+01
2.214500000000000135e+00 1.144298407407407403e+00 6.907495588645597151e-02 2.700000000000000000e+01
2.215500000000000025e+00 1.007418725490195843e+00 4.482228138269921808e-02 5.100000000000000000e+01
2.216499999999999915e+00 1.047009128205128148e+00 6.486879035953070638e-02 3.900000000000000000e+01
2.217500000000000249e+00 1.006209952380952455e+00 7.828930996388533403e-02 2.100000000000000000e+01
2.218499999999999694e+00 1.015520250000000013e+00 4.986004518685794445e-02 3.600000000000000000e+01
2.219500000000000028e+00 9.679984666666665571e-01 5.610723175042536121e-02 3.000000000000000000e+01
2.220500000000000362e+00 9.635324999999999029e-01 7.385207434273351190e-02 2.400000000000000000e+01
2.221499999999999808e+00 9.928458750000000999e-01 6.994897762896959414e-02 2.400000000000000000e+01
2.222500000000000142e+00 1.000778633333333278e+00 4.942929722497714506e-02 3.000000000000000000e+01
2.223500000000000032e+00 1.095092619047619120e+00 6.861673034116237690e-02 2.100000000000000000e+01
2.224499999999999922e+00 1.024401242424242797e+00 4.464541542212449587e-02 3.300000000000000000e+01
2.225500000000000256e+00 1.134374694444444609e+00 5.213371059603204988e-02 3.600000000000000000e+01
2.226499999999999702e+00 9.950302222222219273e-01 4.791135591003141403e-02 2.700000000000000000e+01
2.227500000000000036e+00 1.037746259259259451e+00 7.348484668453456048e-02 2.700000000000000000e+01
2.228500000000000369e+00 1.080790088888888834e+00 4.961811395039889688e-02 4.500000000000000000e+01
2.229499999999999815e+00 9.563140740740740942e-01 5.586178113220072183e-02 2.700000000000000000e+01
2.230500000000000149e+00 9.426995833333333685e-01 5.459219573657280583e-02 2.400000000000000000e+01
2.231500000000000039e+00 1.034571555555555467e+00 6.400696855979530475e-02 2.700000000000000000e+01
2.232499999999999929e+00 1.083076166666666618e+00 4.311692828340880912e-02 2.400000000000000000e+01
2.233500000000000263e+00 1.081887444444444402e+00 6.197518227383920497e-02 2.700000000000000000e+01
2.234499999999999709e+00 1.047482090909090724e+00 5.970034885853041373e-02 3.300000000000000000e+01
2.235500000000000043e+00 8.484496666666666576e-01 8.033550677950691832e-02 1.200000000000000000e+01
2.236500000000000377e+00 9.783525000000000693e-01 7.861664205810640904e-02 1.200000000000000000e+01
2.237499999999999822e+00 1.016195911111111183e+00 4.267988268868627005e-02 4.500000000000000000e+01
2.238500000000000156e+00 8.656608999999999554e-01 5.735769525618993753e-02 3.000000000000000000e+01
2.239500000000000046e+00 1.000012625000000099e+00 8.680163199306072108e-02 2.400000000000000000e+01
2.240499999999999936e+00 9.836837619047619219e-01 6.959902890540742293e-02 2.100000000000000000e+01
2.241500000000000270e+00 8.864099607843136663e-01 4.190880697130855426e-02 5.100000000000000000e+01
2.242499999999999716e+00 8.926173888888888630e-01 6.084046154783712829e-02 1.800000000000000000e+01
2.243500000000000050e+00 9.585633333333335449e-01 7.131547534996986182e-02 1.800000000000000000e+01
2.244500000000000384e+00 1.023918481481481457e+00 7.589179224794366518e-02 2.700000000000000000e+01
2.245499999999999829e+00 9.033014166666667455e-01 5.874582407412674151e-02 2.400000000000000000e+01
2.246500000000000163e+00 9.963483333333332803e-01 6.829660745188737003e-02 2.400000000000000000e+01
2.247500000000000053e+00 9.849079999999998947e-01 1.193225950600456942e-01 1.200000000000000000e+01
2.248499999999999943e+00 1.190321761904761910e+00 8.714325900943377390e-02 2.100000000000000000e+01
2.249500000000000277e+00 9.712098799999998588e-01 7.576588061657041351e-02 2.500000000000000000e+01
2.250499999999999723e+00 9.153774444444444658e-01 5.882515559163330188e-02 2.700000000000000000e+01
2.251500000000000057e+00 1.011391025641025454e+00 4.449692132108285653e-02 3.900000000000000000e+01
2.252500000000000391e+00 1.076495277777777648e+00 5.869463282211512256e-02 1.800000000000000000e+01
2.253499999999999837e+00 1.009404333333333348e+00 6.398008026218883482e-02 2.700000000000000000e+01
2.254500000000000171e+00 1.026922500000000182e+00 7.349758626789401617e-02 2.400000000000000000e+01
2.255500000000000060e+00 1.119246722222222434e+00 8.036921038056059341e-02 1.800000000000000000e+01
2.256499999999999950e+00 9.055171666666665953e-01 5.535526905402835679e-02 3.000000000000000000e+01
2.257500000000000284e+00 9.579639583333333652e-01 5.837063686187737160e-02 2.400000000000000000e+01
2.258499999999999730e+00 1.013738400000000039e+00 7.403097790428518621e-02 1.500000000000000000e+01
2.259500000000000064e+00 9.006168888888888002e-01 1.288848951818641897e-01 9.000000000000000000e+00
2.260500000000000398e+00 9.755510952380953560e-01 5.540553625354062428e-02 2.100000000000000000e+01
2.261499999999999844e+00 9.293502222222220777e-01 7.218540520061855759e-02 1.800000000000000000e+01
2.262500000000000178e+00 9.135173333333334034e-01 6.093971485594128212e-02 2.400000000000000000e+01
2.263500000000000068e+00 1.016785999999999968e+00 5.013331134384844262e-02 3.300000000000000000e+01
2.264499999999999957e+00 9.009159259259258423e-01 5.200491449831445151e-02 2.700000000000000000e+01
2.265500000000000291e+00 9.214748095238095571e-01 7.572608716899849324e-02 2.100000000000000000e+01
2.266499999999999737e+00 9.800206666666668731e-01 7.580765529569802319e-02 1.800000000000000000e+01
2.267500000000000071e+00 9.911890909090906865e-01 5.583885428590749933e-02 3.300000000000000000e+01
2.268500000000000405e+00 1.031139066666666881e+00 6.268548168051937819e-02 1.500000000000000000e+01
2.269499999999999851e+00 1.004788857142857150e+00 7.411711290050444767e-02 2.100000000000000000e+01
2.270500000000000185e+00 1.085476933333333172e+00 5.883569339160634598e-02 1.500000000000000000e+01
2.271500000000000075e+00 1.042702250000000053e+00 1.367804064553021226e-01 1.200000000000000000e+01
2.272499999999999964e+00 1.070493166666666829e+00 6.420313245754534492e-02 6.000000000000000000e+00
2.273500000000000298e+00 1.022219857142857347e+00 7.215607793365730327e-02 2.100000000000000000e+01
2.274499999999999744e+00 1.004585533333333336e+00 4.679990559524158794e-02 3.000000000000000000e+01
2.275500000000000078e+00 1.069256388888888853e+00 9.303491104904045017e-02 1.800000000000000000e+01
2.276500000000000412e+00 1.009737518518518451e+00 6.327097553575469768e-02 2.700000000000000000e+01
2.277499999999999858e+00 9.662912999999999641e-01 5.944265970171706825e-02 3.000000000000000000e+01
2.278500000000000192e+00 1.065521416666666665e+00 8.248665274137775838e-02 1.200000000000000000e+01
2.279500000000000082e+00 1.036063833333333184e+00 6.192948500889425278e-02 3.000000000000000000e+01
2.280499999999999972e+00 9.291905555555555196e-01 6.657370610187410276e-02 1.800000000000000000e+01
2.281500000000000306e+00 9.444635833333334674e-01 6.109016533785896486e-02 1.200000000000000000e+01
2.282499999999999751e+00 9.132483333333333286e-01 1.244831782067137294e-01 1.200000000000000000e+01
2.283500000000000085e+00 8.050464999999999982e-01 1.376680543265212664e-01 6.000000000000000000e+00
2.284500000000000419e+00 9.787514000000001602e-01 7.019854511209785985e-02 1.500000000000000000e+01
2.285499999999999865e+00 1.020784538461538382e+00 7.857122903452043450e-02 1.300000000000000000e+01
2.286500000000000199e+00 9.545214814814815263e-01 5.786155816907449789e-02 2.700000000000000000e+01
2.287500000000000089e+00 1.094882266666666659e+00 6.985512125967890951e-02 3.000000000000000000e+01
2.288499999999999979e+00 1.104100833333333531e+00 1.606069361363152703e-01 6.000000000000000000e+00
2.289500000000000313e+00 9.352187878787877606e-01 5.139919631674329248e-02 3.300000000000000000e+01
2.290499999999999758e+00 9.475519166666664939e-01 6.381020256628576470e-02 2.400000000000000000e+01
2.291500000000000092e+00 8.926566666666667649e-01 9.460367489325180457e-02 1.200000000000000000e+01
2.292500000000000426e+00 9.906189166666666823e-01 5.965801828088658498e-02 2.400000000000000000e+01
2.293499999999999872e+00 8.538981666666666248e-01 7.891114867301354807e-02 6.000000000000000000e+00
2.294500000000000206e+00 8.829660000000001396e-01 5.789910915357660004e-02 9.000000000000000000e+00
2.295500000000000096e+00 1.063736999999999933e+00 1.076910412600169398e-01 6.000000000000000000e+00
2.296499999999999986e+00 7.827969999999999651e-01 4.632301704696419054e-02 3.000000000000000000e+00
2.297500000000000320e+00 1.086969458333333360e+00 7.054966340304207051e-02 2.400000000000000000e+01
2.298499999999999766e+00 9.193479999999999430e-01 7.803807234335473353e-02 1.500000000000000000e+01
2.299500000000000099e+00 9.418297666666667345e-01 4.536207479723140812e-02 3.000000000000000000e+01
2.300500000000000433e+00 9.546680952380954821e-01 7.226500128768469089e-02 2.100000000000000000e+01
2.301499999999999879e+00 1.210092399999999957e+00 8.241240106577812918e-02 1.500000000000000000e+01
2.302500000000000213e+00 8.593016666666666303e-01 4.622663869794543801e-02 2.400000000000000000e+01
2.303500000000000103e+00 8.475322777777777317e-01 6.047057737212110234e-02 1.800000000000000000e+01
2.304499999999999993e+00 8.018588333333332985e-01 1.361283905951575501e-01 6.000000000000000000e+00
2.305500000000000327e+00 9.175661333333332559e-01 9.574855664563587665e-02 1.500000000000000000e+01
2.306499999999999773e+00 9.557963333333333589e-01 2.339646389309955610e-01 3.000000000000000000e+00
2.307500000000000107e+00 8.690866666666665630e-01 6.026999329222167134e-02 1.200000000000000000e+01
2.309499999999999886e+00 1.181996111111111247e+00 1.683306109433691244e-01 9.000000000000000000e+00
2.310500000000000220e+00 9.881051111111111007e-01 4.701388064418870333e-02 2.700000000000000000e+01
2.311499999999999666e+00 1.045869238095238130e+00 8.329224552938960247e-02 2.100000000000000000e+01
2.312500000000000000e+00 8.649481851851851255e-01 5.137440138735378109e-02 2.700000000000000000e+01
2.313500000000000334e+00 8.868421333333332823e-01 8.053659711169863789e-02 1.500000000000000000e+01
2.314499999999999780e+00 1.127091166666666977e+00 9.668681731540930413e-02 1.800000000000000000e+01
2.315500000000000114e+00 8.420250833333332574e-01 6.426486058250467648e-02 1.200000000000000000e+01
2.316500000000000004e+00 9.144883333333333475e-01 7.798471477770241300e-02 1.200000000000000000e+01
2.317499999999999893e+00 1.110547666666666489e+00 2.463278145656943863e-01 6.000000000000000000e+00
2.318500000000000227e+00 6.880359999999999809e-01 1.049883106258342746e-01 6.000000000000000000e+00
2.320500000000000007e+00 9.979877777777778070e-01 1.155640103359963505e-01 9.000000000000000000e+00
2.321500000000000341e+00 9.576002857142859037e-01 9.237216034032533218e-02 7.000000000000000000e+00
2.322499999999999787e+00 1.025725099999999834e+00 5.866541832178281263e-02 3.000000000000000000e+01
2.323500000000000121e+00 1.081829416666666654e+00 1.033254604957483946e-01 1.200000000000000000e+01
2.324500000000000011e+00 1.010027944444444437e+00 8.164266441532365415e-02 1.800000000000000000e+01
2.325499999999999901e+00 9.391749259259258853e-01 4.410254762928045996e-02 2.700000000000000000e+01
2.326500000000000234e+00 9.975483333333331482e-01 5.331582520528623664e-02 1.500000000000000000e+01
2.327499999999999680e+00 8.328971666666666884e-01 1.559553409166476445e-01 6.000000000000000000e+00
2.328500000000000014e+00 8.651211666666666078e-01 1.649672629114469213e-01 6.000000000000000000e+00
2.329500000000000348e+00 1.066376499999999838e+00 1.303781251293713306e-01 6.000000000000000000e+00
2.330499999999999794e+00 9.451782222222221419e-01 1.385364569208707153e-01 9.000000000000000000e+00
2.333499999999999908e+00 9.203875555555556254e-01 1.189728197311506336e-01 9.000000000000000000e+00
2.334500000000000242e+00 1.097513708333333282e+00 7.339444906431707993e-02 2.400000000000000000e+01
2.335499999999999687e+00 1.049788666666666703e+00 6.358841592714968571e-02 1.800000000000000000e+01
2.336500000000000021e+00 9.598327619047620773e-01 6.387803910727084256e-02 2.100000000000000000e+01
2.337500000000000355e+00 1.043156857142857330e+00 7.034230489576653866e-02 2.100000000000000000e+01
2.338499999999999801e+00 8.415896666666666803e-01 1.414785020867520560e-01 6.000000000000000000e+00
2.339500000000000135e+00 1.097298416666666609e+00 8.514575144114144845e-02 1.200000000000000000e+01
2.341499999999999915e+00 7.986739999999998840e-01 4.803840424453242886e-02 9.000000000000000000e+00
2.343499999999999694e+00 1.239203333333333434e+00 1.567542858717992926e-01 6.000000000000000000e+00
2.345500000000000362e+00 8.897826666666666107e-01 6.903207066606392717e-02 3.000000000000000000e+00
2.346499999999999808e+00 1.088892190476190347e+00 7.622261172087038683e-02 2.100000000000000000e+01
2.347500000000000142e+00 9.403972380952383414e-01 5.141672164151902397e-02 2.100000000000000000e+01
2.348500000000000032e+00 8.848285714285715198e-01 5.405757039519341889e-02 2.100000000000000000e+01
2.349499999999999922e+00 9.688695833333333951e-01 7.133189708067602663e-02 1.200000000000000000e+01
2.350500000000000256e+00 8.702722500000000805e-01 7.982914149162430306e-02 1.200000000000000000e+01
2.352500000000000036e+00 9.800194444444443320e-01 1.061453745017379297e-01 9.000000000000000000e+00
2.354499999999999815e+00 1.127097666666666775e+00 1.276433567598060093e-01 6.000000000000000000e+00
2.356500000000000039e+00 8.677646666666666286e-01 2.019290021445931393e-01 3.000000000000000000e+00
2.357499999999999929e+00 1.275290000000000035e+00 0.000000000000000000e+00 1.000000000000000000e+00
2.358500000000000263e+00 8.952697222222221196e-01 5.727193806553994987e-02 1.800000000000000000e+01
2.359499999999999709e+00 8.817567777777777227e-01 4.136557593540410999e-02 1.800000000000000000e+01
2.360500000000000043e+00 9.789970000000000061e-01 6.301876990647597987e-02 2.400000000000000000e+01
2.361500000000000377e+00 9.156179166666665870e-01 8.301254489254772384e-02 1.200000000000000000e+01
2.362499999999999822e+00 8.685950000000000060e-01 5.375246231879366593e-02 3.000000000000000000e+00
2.363500000000000156e+00 9.316620000000001012e-01 1.802638851772589701e-01 6.000000000000000000e+00
2.364500000000000046e+00 1.029200333333333495e+00 1.760619894591422263e-01 6.000000000000000000e+00
2.366500000000000270e+00 9.366243333333333920e-01 1.275663516558256938e-01 3.000000000000000000e+00
2.370499999999999829e+00 1.040660277777777587e+00 6.992870118291522052e-02 1.800000000000000000e+01
2.371500000000000163e+00 9.670965833333333705e-01 6.643055284928779669e-02 2.400000000000000000e+01
2.372500000000000053e+00 9.514828333333333887e-01 7.534286487792077325e-02 1.200000000000000000e+01
2.373499999999999943e+00 7.592929999999999957e-01 4.176289216118380526e-02 9.000000000000000000e+00
2.374500000000000277e+00 9.420520000000002225e-01 1.169267696520633060e-01 6.000000000000000000e+00
2.375499999999999723e+00 8.923786666666666534e-01 1.167373121041902218e-01 6.000000000000000000e+00
2.377500000000000391e+00 1.359635666666666687e+00 2.285736047872642118e-01 3.000000000000000000e+00
2.382500000000000284e+00 9.794915000000001815e-01 7.308420578437145598e-02 1.800000000000000000e+01
2.383499999999999730e+00 9.559541111111111711e-01 4.869175639096605390e-02 1.800000000000000000e+01
2.384500000000000064e+00 1.018290333333333297e+00 9.127202929433007872e-02 1.200000000000000000e+01
2.385500000000000398e+00 9.612647777777776348e-01 8.524270326475291704e-02 9.000000000000000000e+00
2.386499999999999844e+00 9.404645000000000366e-01 1.556685745262992859e-01 6.000000000000000000e+00
2.388500000000000068e+00 9.190849999999999298e-01 2.698329272593196979e-02 3.000000000000000000e+00
2.394499999999999851e+00 9.809561052631577960e-01 5.687839773823089029e-02 1.900000000000000000e+01
2.395500000000000185e+00 9.687205000000000954e-01 5.267199053001311165e-02 1.800000000000000000e+01
2.396500000000000075e+00 9.739682222222223462e-01 7.163623354253415010e-02 9.000000000000000000e+00
2.397499999999999964e+00 9.247673333333331636e-01 1.635077895477086429e-01 6.000000000000000000e+00
2.399499999999999744e+00 8.874770000000000714e-01 9.044321702777569083e-02 3.000000000000000000e+00
2.406500000000000306e+00 8.175841666666666674e-01 7.560813114961160986e-02 1.200000000000000000e+01
2.407499999999999751e+00 1.001063111111111015e+00 5.548010000744298814e-02 1.800000000000000000e+01
2.408500000000000085e+00 1.033404333333333147e+00 8.161177087982722511e-02 1.200000000000000000e+01
2.410499999999999865e+00 1.003660666666666756e+00 1.982206523425627531e-01 3.000000000000000000e+00
2.418499999999999872e+00 9.953727499999999173e-01 7.749302086865873795e-02 1.200000000000000000e+01
2.419500000000000206e+00 1.132173733333333265e+00 8.960687871429698359e-02 1.500000000000000000e+01
2.420500000000000096e+00 1.102592499999999864e+00 1.841424776777934591e-01 6.000000000000000000e+00
2.421499999999999986e+00 8.721139999999998338e-01 1.891942911726813559e-01 3.000000000000000000e+00
2.430500000000000327e+00 9.314927142857143405e-01 1.348871414208955566e-01 7.000000000000000000e+00
2.431499999999999773e+00 1.052147888888888660e+00 6.358503587420123726e-02 1.800000000000000000e+01
2.432500000000000107e+00 1.161611333333333329e+00 2.718721867700172323e-01 3.000000000000000000e+00
2.442499999999999893e+00 9.170373333333333710e-01 8.406715249515976651e-02 6.000000000000000000e+00
2.443500000000000227e+00 9.135680000000000467e-01 9.215187751412766415e-02 1.200000000000000000e+01
2.444499999999999673e+00 1.012189333333333385e+00 1.636404513370021685e-01 3.000000000000000000e+00
2.454500000000000348e+00 1.019691000000000125e+00 1.055596264484359170e-01 6.000000000000000000e+00
2.455499999999999794e+00 1.093127555555555519e+00 6.651414582943808440e-02 9.000000000000000000e+00
2.466499999999999915e+00 1.064321857142857208e+00 1.126035553613668472e-01 7.000000000000000000e+00
2.467500000000000249e+00 1.085817666666666570e+00 1.823081943818702644e-01 3.000000000000000000e+00
2.478500000000000369e+00 1.299194333333333340e+00 3.538323907588324935e-01 3.000000000000000000e+00
2.479499999999999815e+00 1.042398666666666474e+00 3.546723363450333122e-01 3.000000000000000000e+00
2.491500000000000270e+00 7.718806666666666594e-01 1.042575731067585804e-01 3.000000000000000000e+00
2.503499999999999837e+00 7.141720000000000290e-01 0.000000000000000000e+00 1.000000000000000000e+00
