0.0418879 0.231097
0.0628319 0.618516
0.0837758 16.156
0.10472 1.37189
0.125664 13.7988
0.146608 17.8721
0.167552 0.42464
0.188496 1.18981
0.20944 0.678653
0.230383 0.577751
0.251327 0.807622
0.272271 0.273578
0.293215 0.350343
0.314159 0.340403
0.335103 0.329114
0.356047 0.390912
0.376991 0.246561
0.397935 0.292527
0.418879 0.374638
0.439823 0.365885
0.460767 0.453965
0.481711 0.469934
0.502655 0.746193
0.523599 0.596626
0.544543 0.423666
0.565487 0.640828
0.586431 0.732482
0.607375 0.832049
0.020944 0.110215
0.0296192 0.130018
0.0468321 6.72735
0.0662306 4.64708
0.0863541 3.69612
0.106794 7.74963
0.127397 1.2148
0.148096 1.82756
0.168856 2.66286
0.189656 3.81627
0.210484 0.723078
0.231334 0.719624
0.252199 0.329998
0.273076 0.268284
0.293962 0.330065
0.314857 0.26907
0.335757 0.26274
0.356663 0.292098
0.377572 0.234413
0.398486 0.33134
0.419402 0.490134
0.440321 0.405752
0.461243 0.358276
0.482166 0.407951
0.503091 0.425546
0.524017 0.447551
0.544945 0.639114
0.565874 0.536247
0.586805 0.691277
0.607736 0.788556
0.0418879 7.24062
0.0468321 0.558269
0.0592384 2.62996
0.0755145 11.8193
0.0936642 6.20334
0.112787 4.60038
0.132461 7.99227
0.152474 1.70838
0.172708 3.87461
0.193094 1.63537
0.213587 1.69764
0.23416 0.463772
0.254794 0.488796
0.275475 0.348954
0.296192 0.268078
0.316939 0.402944
0.337711 0.273336
0.358503 0.326207
0.379311 0.284665
0.400134 0.4663
0.420968 0.419959
0.441813 0.534536
0.462667 0.417852
0.483529 0.548141
0.504397 0.535878
0.525272 0.606604
0.546151 0.613624
0.567036 0.709448
0.587925 0.627075
0.608817 0.810492
0.0628319 1.94954
0.0662306 0.897195
0.0755145 7.90713
0.0888577 33.9073
0.10472 7.4206
0.122123 20.6859
0.140496 15.3015
0.159504 1.13523
0.178945 1.55524
0.198692 1.28494
0.218661 0.876682
0.238798 0.755804
0.259062 0.650767
0.279427 0.430022
0.299872 0.339314
0.320381 0.374761
0.340943 0.349039
0.361549 0.270686
0.382191 0.244434
0.402865 0.412037
0.423565 0.507882
0.444288 0.628133
0.465031 0.439385
0.485791 0.569122
0.506567 0.516918
0.527355 0.472935
0.548156 0.693208
0.568967 0.538551
0.589787 0.635218
0.610616 1.16944
0.0837758 35.114
0.0863541 10.8654
0.0936642 11.4102
0.10472 14.4677
0.118477 15.8712
0.134107 11.5146
0.151029 3.35241
0.168856 2.0533
0.187328 1.9208
0.206274 0.552224
0.225573 0.783335
0.245143 0.224974
0.264922 1.27118
0.284869 0.422652
0.304949 0.295721
0.325138 0.359379
0.345416 0.239677
0.36577 0.293199
0.386187 0.242215
0.406658 0.369906
0.427174 0.417161
0.447731 0.412653
0.468321 0.52668
0.488941 0.514056
0.509588 0.505239
0.530258 0.510008
0.550949 0.743549
0.571659 0.767075
0.592384 0.6772
0.613125 0.744192
0.10472 52.54
0.106794 17.6831
0.112787 8.34501
0.122123 16.5642
0.134107 2.22659
0.148096 6.40039
0.163577 1.39559
0.180167 4.56232
0.197585 1.04781
0.215631 0.675781
0.23416 0.466665
0.253067 0.437921
0.272271 0.233699
0.291715 0.307973
0.311354 0.510361
0.331153 0.309738
0.351085 0.328567
0.371128 0.326135
0.391265 0.288308
0.411483 0.325362
0.431771 0.47355
0.452118 0.39382
0.472517 0.45675
0.492962 0.481069
0.513447 0.605602
0.533968 0.498333
0.554521 0.674538
0.575101 0.75646
0.595707 0.948368
0.616336 1.10938
0.125664 12.3648
0.127397 0.779166
0.132461 3.85417
0.140496 4.38006
0.151029 3.33858
0.163577 2.2563
0.177715 0.793455
0.193094 1.27466
0.20944 1.29479
0.226543 0.955589
0.244246 0.254156
0.262427 0.377915
0.280993 0.213527
0.299872 0.300721
0.319009 0.253616
0.33836 0.300646
0.35789 0.220415
0.377572 0.401264
0.397384 0.429824
0.417305 0.367572
0.437323 0.391443
0.457423 0.357673
0.477596 0.334232
0.497832 0.502749
0.518125 0.535839
0.538467 0.775342
0.558854 0.740065
0.579281 0.613979
0.599743 0.856777
0.620238 0.988189
0.146608 3.66004
0.148096 8.02753
0.152474 4.43118
0.159504 1.66582
0.168856 0.422106
0.180167 2.62353
0.193094 3.11071
0.207335 0.601507
0.222637 1.39283
0.238798 0.387724
0.255654 0.412561
0.273076 0.348083
0.290963 0.392594
0.309234 0.422156
0.327825 0.469454
0.346684 0.219221
0.36577 0.330879
0.38505 0.370478
0.404495 0.398418
0.424083 0.339445
0.443794 0.565485
0.463614 0.419814
0.483529 0.466972
0.503527 0.463969
0.523599 0.691144
0.543737 0.481561
0.563933 0.599175
0.584182 0.83098
0.604479 0.627756
0.624818 0.957085
0.167552 5.29178
0.168856 1.69462
0.172708 0.819429
0.178945 3.31342
0.187328 5.90255
0.197585 1.84003
0.20944 1.1466
0.222637 1.02814
0.236954 0.731676
0.252199 0.736926
0.268213 0.211444
0.284869 0.560737
0.302058 0.362356
0.319696 0.284461
0.337711 0.4779
0.356047 0.255294
0.374657 0.335814
0.393501 0.39374
0.412548 0.376932
0.431771 0.489365
0.451147 0.49137
0.470657 0.532733
0.490285 0.384783
0.510019 0.586697
0.529845 0.685965
0.549754 0.776215
0.569737 0.767248
0.589787 0.83172
0.609897 0.682132
0.630061 0.849089
0.188496 1.39112
0.189656 1.49158
0.193094 0.853482
0.198692 0.737783
0.206274 0.532074
0.215631 0.419765
0.226543 0.950797
0.238798 0.799684
0.252199 0.355326
0.266573 0.3062
0.281772 0.382752
0.297669 0.380662
0.314159 0.286947
0.331153 0.276196
0.348577 0.460605
0.36637 0.229751
0.38448 0.329911
0.402865 0.327524
0.421489 0.392231
0.440321 0.369625
0.459337 0.37762
0.478513 0.367326
0.497832 0.424584
0.517277 0.560245
0.536836 0.622889
0.556495 0.717021
0.576244 0.610897
0.596075 0.557881
0.61598 0.815487
0.635952 1.0601
0.20944 0.880742
0.210484 1.42392
0.213587 0.370157
0.218661 0.493763
0.225573 0.6118
0.23416 0.37661
0.244246 0.285619
0.255654 0.231876
0.268213 0.430169
0.281772 0.403063
0.296192 0.284351
0.311354 0.381605
0.327155 0.214995
0.343506 0.293246
0.360333 0.273689
0.377572 0.382035
0.39517 0.386767
0.413079 0.415878
0.431262 0.336191
0.449686 0.480904
0.468321 0.511406
0.487144 0.466303
0.506133 0.415107
0.525272 0.470711
0.544543 0.738902
0.563933 0.788783
0.583431 0.611857
0.603026 0.766292
0.622708 1.24427
0.642471 0.793987
0.230383 0.704021
0.231334 1.36592
0.23416 0.53082
0.238798 0.398899
0.245143 0.540472
0.253067 0.761389
0.262427 0.676009
0.273076 0.320398
0.284869 0.260234
0.297669 0.42897
0.311354 0.43874
0.325811 0.381731
0.340943 0.319296
0.356663 0.310264
0.372896 0.372976
0.38958 0.240353
0.406658 0.391234
0.424083 0.396028
0.441813 0.462536
0.459814 0.357677
0.478055 0.469387
0.496509 0.592605
0.515153 0.516975
0.533968 0.712564
0.552936 0.643132
0.572042 0.71418
0.591273 0.835869
0.610616 0.700724
0.630061 0.785589
0.6496 1.06016
0.251327 0.581147
0.252199 0.203869
0.254794 0.529259
0.259062 0.38638
0.264922 0.383598
0.272271 0.730783
0.280993 0.297623
0.290963 0.331219
0.302058 0.470598
0.314159 0.31848
0.327155 0.512721
0.340943 0.251431
0.355431 0.243701
0.370536 0.292516
0.386187 0.477917
0.40232 0.276097
0.418879 0.33154
0.435815 0.492109
0.453087 0.4096
0.470657 0.317192
0.488493 0.641228
0.506567 0.501178
0.524854 0.529731
0.543333 0.505616
0.561985 0.568643
0.580794 0.648905
0.599743 0.766248
0.618822 0.923366
0.638018 1.10332
0.65732 0.87887
0.272271 0.389209
0.273076 0.27522
0.275475 0.360046
0.279427 0.320004
0.284869 0.231061
0.291715 0.179579
0.299872 0.477212
0.309234 0.38999
0.319696 0.428303
0.331153 0.227872
0.343506 0.346918
0.356663 0.311684
0.370536 0.336314
0.38505 0.226423
0.400134 0.291229
0.415726 0.465446
0.431771 0.319209
0.44822 0.465201
0.465031 0.424512
0.482166 0.443612
0.499591 0.587292
0.517277 0.52967
0.535199 0.927434
0.553333 0.590813
0.571659 0.85536
0.590159 0.49238
0.608817 0.760442
0.62762 1.03806
0.646554 0.667187
0.665609 0.946486
0.293215 0.513666
0.293962 0.386222
0.296192 0.320852
0.299872 0.367007
0.304949 0.268486
0.311354 0.437138
0.319009 0.424521
0.327825 0.437531
0.337711 0.44429
0.348577 0.61509
0.360333 0.300381
0.372896 0.369403
0.386187 0.339224
0.400134 0.2242
0.414669 0.385992
0.429734 0.305316
0.445275 0.390432
0.461243 0.420236
0.477596 0.42924
0.494295 0.601561
0.511307 0.561877
0.528601 0.832883
0.546151 0.62807
0.563933 0.611169
0.581925 0.583313
0.600109 0.667984
0.618467 0.69112
0.636985 1.17395
0.655649 1.0615
0.674447 1.11359
0.314159 0.416294
0.314857 0.353223
0.316939 0.270388
0.320381 0.35694
0.325138 0.303473
0.331153 0.306667
0.33836 0.334759
0.346684 0.296863
0.356047 0.324843
0.36637 0.443296
0.377572 0.347049
0.38958 0.348253
0.40232 0.3529
0.415726 0.418307
0.429734 0.406081
0.444288 0.541103
0.459337 0.526713
0.474832 0.533402
0.490732 0.680356
0.506999 0.423918
0.523599 0.599056
0.5405 0.402901
0.557676 0.508335
0.575101 0.554326
0.592755 0.904683
0.610616 0.572296
0.628667 0.7199
0.646894 0.617487
0.66528 1.01375
0.683813 1.25104
0.335103 0.326572
0.335757 0.327837
0.337711 0.300353
0.340943 0.463879
0.345416 0.357996
0.351085 0.499579
0.35789 0.395609
0.36577 0.285052
0.374657 0.37832
0.38448 0.383719
0.39517 0.350719
0.406658 0.295229
0.418879 0.348215
0.431771 0.547649
0.445275 0.47588
0.459337 0.3486
0.473908 0.50332
0.488941 0.37491
0.504397 0.510068
0.520237 0.483401
0.536427 0.436468
0.552936 0.602882
0.569737 0.961314
0.586805 0.827389
0.604116 0.853005
0.621651 0.921057
0.639391 0.728201
0.65732 0.771192
0.675422 1.43237
0.693684 0.856667
0.356047 0.363573
0.356663 0.359966
0.358503 0.468311
0.361549 0.413325
0.36577 0.219931
0.371128 0.256237
0.377572 0.276775
0.38505 0.349682
0.393501 0.302388
0.402865 0.429263
0.413079 0.394756
0.424083 0.345952
0.435815 0.348579
0.44822 0.502926
0.461243 0.51161
0.474832 0.540437
0.488941 0.577191
0.503527 0.55167
0.518548 0.519869
0.533968 0.436245
0.549754 0.819066
0.565874 0.83438
0.582302 0.63285
0.599012 0.738726
0.61598 1.3862
0.633187 0.67554
0.650612 0.929753
0.66824 1.0475
0.686054 1.13711
0.704041 1.00828
0.376991 0.468083
0.377572 0.462475
0.379311 0.372296
0.382191 0.324485
0.386187 0.283269
0.391265 0.475842
0.397384 0.417595
0.404495 0.360967
0.412548 0.296885
0.421489 0.54927
0.431262 0.446553
0.441813 0.485111
0.453087 0.531817
0.465031 0.408762
0.477596 0.496631
0.490732 0.566845
0.504397 0.505111
0.518548 0.487522
0.533146 0.546505
0.548156 0.58167
0.563544 0.569666
0.579281 0.629736
0.595339 0.929262
0.611692 0.852783
0.628319 0.664666
0.645196 1.00219
0.662306 1.26391
0.67963 1.03885
0.697154 0.943682
0.714861 1.0015
0.397935 0.39728
0.398486 0.326132
0.400134 0.319025
0.402865 0.219444
0.406658 0.433684
0.411483 0.451856
0.417305 0.383833
0.424083 0.411188
0.431771 0.415874
0.440321 0.456754
0.449686 0.416196
0.459814 0.376595
0.470657 0.440013
0.482166 0.399787
0.494295 0.395931
0.506999 0.635838
0.520237 0.548062
0.533968 0.625774
0.548156 0.620081
0.562765 0.720762
0.577765 0.77854
0.593124 0.787366
0.608817 0.590837
0.624818 0.635378
0.641104 1.06503
0.657653 0.945463
0.674447 0.95671
0.691468 1.16332
0.708698 1.10018
0.726124 0.964325
0.418879 0.333388
0.419402 0.559061
0.420968 0.459336
0.423565 0.285317
0.427174 0.316284
0.431771 0.387197
0.437323 0.520015
0.443794 0.42112
0.451147 0.445167
0.459337 0.348418
0.468321 0.525552
0.478055 0.411028
0.488493 0.50971
0.499591 0.540637
0.511307 0.544824
0.523599 0.568994
0.536427 0.590779
0.549754 0.749548
0.563544 0.99581
0.577765 0.686385
0.592384 0.755878
0.607375 0.535517
0.622708 1.11892
0.638361 0.754999
0.65431 0.954592
0.670534 0.740491
0.687013 1.16884
0.703729 1.06234
0.720667 1.09659
0.73781 0.962506
0.439823 0.477678
0.440321 0.417604
0.441813 0.318239
0.444288 0.352608
0.447731 0.387981
0.452118 0.481075
0.457423 0.433379
0.463614 0.502966
0.470657 0.645086
0.478513 0.532399
0.487144 0.595238
0.496509 0.444182
0.506567 0.432108
0.517277 0.525097
0.528601 0.43134
0.5405 0.705209
0.552936 0.771946
0.565874 0.75971
0.579281 0.692989
0.593124 0.958806
0.607375 1.10388
0.622004 1.16162
0.636985 0.949746
0.652296 1.04441
0.667912 0.96313
0.683813 0.883315
0.699979 1.27385
0.716393 0.997464
0.733038 1.06667
0.749899 1.05605
0.460767 0.503114
0.461243 0.436012
0.462667 0.501182
0.465031 0.290849
0.468321 0.621832
0.472517 0.46059
0.477596 0.43888
0.483529 0.799602
0.490285 0.667126
0.497832 0.475095
0.506133 0.534882
0.515153 0.440436
0.524854 0.411923
0.535199 0.626973
0.546151 0.633551
0.557676 0.536685
0.569737 0.566964
0.582302 0.675639
0.595339 0.640161
0.608817 0.848977
0.622708 0.801892
0.636985 1.03311
0.651623 0.996058
0.666597 0.795731
0.681886 0.868459
0.697468 0.598659
0.713325 1.01353
0.729439 0.81248
0.745793 0.97991
0.762371 1.3343
0.481711 0.647242
0.482166 0.472825
0.483529 0.482262
0.485791 0.352422
0.488941 0.385606
0.492962 0.396774
0.497832 0.418452
0.503527 0.319872
0.510019 0.470795
0.517277 0.585585
0.525272 0.422161
0.533968 0.809732
0.543333 0.588737
0.553333 0.725253
0.563933 0.580738
0.575101 0.795302
0.586805 0.725399
0.599012 0.681417
0.611692 0.665372
0.624818 0.76647
0.638361 1.14132
0.652296 0.869278
0.666597 1.00495
0.681242 1.01852
0.696209 1.0007
0.711478 1.30303
0.72703 1.12593
0.742846 0.916328
0.758911 0.88194
0.775209 1.0241
0.502655 0.665753
0.503091 0.506594
0.504397 0.616199
0.506567 0.418274
0.509588 0.871845
0.513447 0.571097
0.518125 0.608809
0.523599 0.487646
0.529845 0.862285
0.536836 0.788372
0.544543 0.594457
0.552936 0.522248
0.561985 0.838691
0.571659 0.765688
0.581925 0.757449
0.592755 0.538249
0.604116 0.724066
0.61598 0.756347
0.628319 0.824118
0.641104 0.815865
0.65431 0.854919
0.667912 0.945101
0.681886 1.23257
0.696209 1.29137
0.710861 0.99704
0.725822 1.2169
0.741073 1.3936
0.756596 0.950434
0.772375 0.950505
0.788394 1.04117
0.523599 0.534981
0.524017 0.668102
0.525272 0.715671
0.527355 0.408693
0.530258 0.613803
0.533968 0.576289
0.538467 0.459185
0.543737 0.840631
0.549754 0.836573
0.556495 0.511427
0.563933 0.630926
0.572042 0.449375
0.580794 0.770701
0.590159 0.881561
0.600109 0.917152
0.610616 0.607472
0.621651 0.811476
0.633187 1.08881
0.645196 0.917542
0.657653 1.04269
0.670534 1.55549
0.683813 1.29254
0.697468 1.15028
0.711478 1.13674
0.725822 1.18542
0.74048 1.31717
0.755435 0.802233
0.770669 0.939639
0.786166 1.25406
0.80191 1.22136
0.544543 0.622078
0.544945 0.642848
0.546151 0.511854
0.548156 0.575326
0.550949 0.773164
0.554521 0.624336
0.558854 0.786137
0.563933 0.757965
0.569737 0.866036
0.576244 0.734303
0.583431 0.887036
0.591273 0.711196
0.599743 0.823418
0.608817 1.15393
0.618467 0.872833
0.628667 0.938014
0.639391 0.781895
0.650612 1.11309
0.662306 0.732135
0.674447 1.18824
0.687013 1.24589
0.699979 1.213
0.713325 1.01167
0.72703 0.98529
0.741073 1.2997
0.755435 1.50693
0.7701 1.39051
0.785049 1.36028
0.800267 1.14953
0.815739 1.48717
0.565487 0.463418
0.565874 0.726151
0.567036 0.93931
0.568967 0.621056
0.571659 1.01367
0.575101 1.21193
0.579281 0.768036
0.584182 0.826419
0.589787 0.934829
0.596075 0.657865
0.603026 0.839742
0.610616 0.747899
0.618822 0.670813
0.62762 0.970405
0.636985 0.841848
0.646894 0.813452
0.65732 0.919467
0.66824 1.2443
0.67963 0.924132
0.691468 0.820252
0.703729 1.28293
0.716393 1.01138
0.729439 1.0593
0.742846 1.20953
0.756596 1.1323
0.770669 1.06851
0.785049 1.06922
0.799719 1.20416
0.814663 1.18668
0.829867 0.909091
0.586431 0.713415
0.586805 0.923339
0.587925 0.882484
0.589787 0.703515
0.592384 0.672089
0.595707 0.879455
0.599743 0.571981
0.604479 0.925936
0.609897 0.878755
0.61598 0.600269
0.622708 0.866838
0.630061 1.04332
0.638018 0.886192
0.646554 0.955114
0.655649 0.859903
0.66528 0.959146
0.675422 1.08525
0.686054 0.866178
0.697154 0.90547
0.708698 0.998899
0.720667 1.12026
0.733038 1.32119
0.745793 0.828493
0.758911 1.92506
0.772375 1.32752
0.786166 1.16488
0.800267 1.29181
0.814663 1.44806
0.829338 1.22205
0.844278 1.36526
0.607375 0.893767
0.607736 0.616032
0.608817 0.603249
0.610616 1.32703
0.613125 1.0454
0.616336 0.813391
0.620238 0.741532
0.624818 0.980141
0.630061 0.59751
0.635952 0.888688
0.642471 0.997737
0.6496 0.939953
0.65732 0.924413
0.665609 0.776143
0.674447 0.812279
0.683813 1.03444
0.693684 1.0199
0.704041 1.44103
0.714861 0.894573
0.726124 1.03781
0.73781 0.839703
0.749899 1.04534
0.762371 0.738048
0.775209 1.46026
0.788394 1.32331
0.80191 1.42739
0.815739 0.937768
0.829867 1.33024
0.844278 1.70383
0.858957 1.22159
0.020944 0.345657
0.0296192 0.193977
0.0468321 4.31583
0.0662306 0.768702
0.0863541 3.37279
0.106794 15.5469
0.127397 9.04045
0.148096 3.52986
0.168856 1.24374
0.189656 1.04446
0.210484 1.3004
0.231334 1.14417
0.252199 0.36431
0.273076 0.319962
0.293962 0.321793
0.314857 0.346724
0.335757 0.432774
0.356663 0.317866
0.377572 0.291173
0.398486 0.41452
0.419402 0.388897
0.440321 0.377654
0.461243 0.467841
0.482166 0.548326
0.503091 0.317559
0.524017 0.558995
0.544945 0.496474
0.565874 0.917453
0.586805 0.729359
0.607736 0.793543
0.0296192 0.475415
0.036276 0.118876
0.051302 1.75472
0.0694632 0.465495
0.0888577 13.4008
0.108828 9.89449
0.129107 6.57762
0.14957 10.7843
0.170149 3.91745
0.190808 1.04402
0.211524 0.505864
0.23228 0.464095
0.253067 0.398353
0.273878 0.377683
0.294708 0.259686
0.315552 0.245352
0.33641 0.279085
0.357277 0.321041
0.378153 0.302692
0.399036 0.165727
0.419925 0.372406
0.440819 0.362406
0.461718 0.39694
0.482621 0.589548
0.503527 0.407101
0.524436 0.72944
0.545348 0.697885
0.566262 0.73402
0.587178 0.801694
0.608096 0.687533
0.0468321 0.861158
0.051302 4.23349
0.0628319 2.55225
0.0783651 29.6566
0.0959772 9.03517
0.114715 9.26633
0.134107 11.4349
0.153906 7.62479
0.173974 3.34122
0.194226 0.875103
0.214612 0.975353
0.235095 1.00304
0.255654 0.719237
0.27627 0.489188
0.296932 0.432048
0.317631 0.486607
0.33836 0.233004
0.359114 0.390867
0.379889 0.347902
0.400681 0.441987
0.421489 0.49093
0.442309 0.373564
0.463141 0.501703
0.483982 0.431118
0.504832 0.607361
0.525689 0.711406
0.546553 0.611582
0.567423 0.555454
0.588298 0.762079
0.609177 0.665909
0.0662306 8.01649
0.0694632 1.47101
0.0783651 41.6248
0.0912926 24.8867
0.106794 10.2495
0.123906 6.19822
0.142049 0.627178
0.160874 3.85785
0.180167 1.22764
0.199793 0.436797
0.219662 0.805268
0.239714 0.443285
0.259908 0.504326
0.280211 0.481848
0.300602 0.261326
0.321065 0.283594
0.341586 0.262351
0.362155 0.304472
0.382765 0.372679
0.403409 0.353919
0.424083 0.361824
0.444782 0.30942
0.465503 0.3655
0.486243 0.427964
0.506999 0.436878
0.527771 0.434595
0.548556 0.519324
0.569352 0.684419
0.590159 0.727975
0.610975 0.854129
0.0863541 8.76383
0.0888577 1.7681
0.0959772 4.35858
0.106794 37.6486
0.120314 8.48092
0.135732 8.65156
0.152474 0.536258
0.170149 1.28344
0.188496 1.43224
0.207335 1.74875
0.226543 0.886325
0.246036 0.509406
0.265749 0.419207
0.285637 0.342634
0.305667 0.420002
0.325811 0.339728
0.346051 0.237498
0.36637 0.464372
0.386755 0.346783
0.407197 0.447036
0.427688 0.388415
0.44822 0.584726
0.468789 0.453399
0.48939 0.440344
0.510019 0.444073
0.530672 0.655082
0.551347 0.623253
0.572042 0.548368
0.592755 0.695643
0.613483 0.912642
0.106794 35.8236
0.108828 1.78447
0.114715 21.8165
0.123906 6.44661
0.135732 3.16597
0.14957 5.68927
0.164913 0.867715
0.18138 4.49235
0.198692 0.59775
0.216646 0.482948
0.235095 0.378857
0.253932 0.335969
0.273076 0.547597
0.292466 0.251408
0.312058 0.249511
0.331815 0.310841
0.351709 0.296314
0.371718 0.327786
0.391825 0.335504
0.412016 0.2754
0.432278 0.454969
0.452603 0.505993
0.472981 0.422247
0.493407 0.379717
0.513874 0.517711
0.534379 0.431457
0.554916 0.663469
0.575482 1.00049
0.596075 0.733522
0.616692 1.11699
0.127397 4.15152
0.129107 9.63202
0.134107 7.55478
0.142049 5.0944
0.152474 9.80942
0.164913 1.53451
0.178945 1.37695
0.194226 1.28748
0.210484 0.371611
0.22751 0.379384
0.245143 0.90163
0.263261 0.372823
0.281772 0.353334
0.300602 0.3085
0.319696 0.391594
0.339007 0.272397
0.358503 0.265639
0.378153 0.232234
0.397935 0.373032
0.417831 0.343077
0.437824 0.500196
0.457902 0.324299
0.478055 0.543809
0.498272 0.383709
0.518548 0.705155
0.538874 0.867778
0.559247 0.726565
0.57966 0.68795
0.600109 0.839464
0.620592 0.964021
0.148096 2.18407
0.14957 1.28849
0.153906 3.64843
0.160874 1.154
0.170149 0.562255
0.18138 4.31945
0.194226 1.29889
0.20839 1.89029
0.22362 0.766543
0.239714 0.231455
0.25651 0.246858
0.273878 0.252643
0.291715 0.484573
0.309942 0.328384
0.328493 0.35298
0.347316 0.288691
0.36637 0.357573
0.385619 0.31294
0.405037 0.364394
0.4246 0.456
0.444288 0.309185
0.464087 0.58012
0.483982 0.494309
0.503962 0.590067
0.524017 0.359952
0.54414 0.491022
0.564322 0.711314
0.584558 0.787957
0.604842 0.736413
0.625169 0.953977
0.168856 1.60752
0.170149 2.19033
0.173974 0.302608
0.180167 0.529156
0.188496 6.16897
0.198692 1.33359
0.210484 0.633445
0.22362 0.48752
0.237878 1.11774
0.253067 0.309001
0.26903 0.277006
0.285637 0.264015
0.302783 0.238557
0.320381 0.442901
0.33836 0.362713
0.356663 0.358572
0.375242 0.364946
0.394058 0.381097
0.413079 0.346243
0.432278 0.370513
0.451632 0.409312
0.471123 0.581323
0.490732 0.486886
0.510448 0.420203
0.530258 0.573395
0.550153 0.489208
0.570122 0.604925
0.590159 0.665821
0.610257 0.837399
0.630409 0.796434
0.189656 2.13729
0.190808 1.05137
0.194226 0.904005
0.199793 0.36048
0.207335 0.96675
0.216646 0.604719
0.22751 1.23615
0.239714 0.803783
0.253067 0.374724
0.267394 0.225721
0.282549 0.324263
0.298405 0.487448
0.314857 0.234513
0.331815 0.207645
0.349205 0.311584
0.366968 0.378789
0.38505 0.429259
0.403409 0.377068
0.422009 0.396786
0.440819 0.467052
0.459814 0.288602
0.478971 0.432509
0.498272 0.475878
0.517701 0.637649
0.537244 0.520344
0.556889 0.692294
0.576625 0.708258
0.596443 0.663842
0.616336 0.690527
0.636296 0.683067
0.210484 1.71073
0.211524 1.0965
0.214612 2.63045
0.219662 0.584146
0.226543 0.492607
0.235095 0.621865
0.245143 0.472425
0.25651 0.346107
0.26903 0.317225
0.282549 0.56835
0.296932 0.271972
0.312058 0.253532
0.327825 0.320733
0.344144 0.330962
0.360942 0.423184
0.378153 0.385866
0.395724 0.309658
0.41361 0.304245
0.431771 0.391921
0.450173 0.420202
0.468789 0.422923
0.487594 0.574693
0.506567 0.54467
0.525689 0.514111
0.544945 0.459103
0.564322 0.579012
0.583807 0.708238
0.603389 0.991327
0.623061 0.861343
0.642812 0.884215
0.231334 0.314342
0.23228 0.41904
0.235095 0.638292
0.239714 0.442135
0.246036 0.466887
0.253932 0.216725
0.263261 0.298403
0.273878 0.424116
0.285637 0.312373
0.298405 0.358243
0.312058 0.343494
0.326484 0.223486
0.341586 0.430567
0.357277 0.360225
0.373484 0.33126
0.390143 0.420711
0.407197 0.255786
0.4246 0.330604
0.442309 0.453765
0.460291 0.459094
0.478513 0.459795
0.49695 0.529249
0.515579 0.643022
0.534379 0.857177
0.553333 0.519325
0.572425 0.838826
0.591643 0.806267
0.610975 0.617258
0.630409 0.891556
0.649938 1.13243
0.252199 0.906846
0.253067 0.261438
0.255654 0.365584
0.259908 0.857651
0.265749 0.26942
0.273076 0.290723
0.281772 0.343528
0.291715 0.407321
0.302783 0.448243
0.314857 0.204456
0.327825 0.379245
0.341586 0.280413
0.356047 0.287756
0.371128 0.314919
0.386755 0.301544
0.402865 0.395156
0.419402 0.444373
0.436318 0.472047
0.453571 0.494537
0.471123 0.456753
0.488941 0.563585
0.506999 0.480153
0.525272 0.696318
0.543737 0.597569
0.562375 0.660869
0.581171 0.932373
0.600109 0.598985
0.619176 0.846066
0.638361 0.953132
0.657653 0.833148
0.273076 0.402104
0.273878 0.471996
0.27627 0.340243
0.280211 0.354078
0.285637 0.359764
0.292466 0.378744
0.300602 0.463191
0.309942 0.26838
0.320381 0.465383
0.331815 0.208812
0.344144 0.632603
0.357277 0.263342
0.371128 0.282612
0.385619 0.582942
0.400681 0.339031
0.416253 0.282007
0.432278 0.384905
0.448709 0.490771
0.465503 0.413185
0.482621 0.400387
0.50003 0.424577
0.517701 0.599571
0.535609 0.77146
0.553729 0.529816
0.572042 0.763521
0.59053 0.74822
0.609177 1.02298
0.627969 0.973211
0.646894 1.38297
0.665939 0.915773
0.293962 0.433113
0.294708 0.356329
0.296932 0.33903
0.300602 0.357391
0.305667 0.60499
0.312058 0.396646
0.319696 0.34587
0.328493 0.296672
0.33836 0.277732
0.349205 0.370052
0.360942 0.397421
0.373484 0.270831
0.386755 0.33961
0.400681 0.371045
0.415198 0.415767
0.430244 0.431474
0.445767 0.375304
0.461718 0.360567
0.478055 0.545821
0.494739 0.683791
0.511736 0.628233
0.529016 0.60979
0.546553 0.609832
0.564322 0.5703
0.582302 0.983389
0.600474 0.771995
0.618822 0.636517
0.63733 0.832464
0.655984 1.04903
0.674772 1.57382
0.314857 0.288803
0.315552 0.22107
0.317631 0.238098
0.321065 0.380175
0.325811 0.518627
0.331815 0.251894
0.339007 0.473514
0.347316 0.288272
0.356663 0.299645
0.366968 0.305998
0.378153 0.290247
0.390143 0.308231
0.402865 0.401069
0.416253 0.5268
0.430244 0.441639
0.444782 0.482369
0.459814 0.518056
0.475294 0.569634
0.491179 0.443954
0.507432 0.465844
0.524017 0.481796
0.540906 0.467287
0.558069 0.594011
0.575482 0.787738
0.593124 0.823642
0.610975 0.630523
0.629016 0.771047
0.647232 0.954502
0.665609 0.779989
0.684133 0.843294
0.335757 0.339945
0.33641 0.311604
0.33836 0.378347
0.341586 0.362225
0.346051 0.378765
0.351709 0.276991
0.358503 0.337887
0.36637 0.405544
0.375242 0.344199
0.38505 0.338433
0.395724 0.406028
0.407197 0.334065
0.419402 0.342622
0.432278 0.453699
0.445767 0.384059
0.459814 0.312361
0.47437 0.38233
0.48939 0.662862
0.504832 0.415692
0.520658 0.631061
0.536836 0.728357
0.553333 0.789457
0.570122 0.776189
0.587178 0.792768
0.604479 0.617269
0.622004 0.634752
0.639734 0.996924
0.657653 1.05904
0.675747 1.18074
0.694001 1.03274
0.356663 0.262871
0.357277 0.369496
0.359114 0.447035
0.362155 0.363425
0.36637 0.339759
0.371718 0.306714
0.378153 0.305397
0.385619 0.27606
0.394058 0.337796
0.403409 0.424629
0.41361 0.350453
0.4246 0.304613
0.436318 0.414169
0.448709 0.439675
0.461718 0.393664
0.475294 0.445498
0.48939 0.487241
0.503962 0.529457
0.518971 0.543938
0.534379 0.686246
0.550153 0.562453
0.566262 0.650901
0.582679 1.0775
0.599378 0.950436
0.616336 0.792073
0.633533 0.880274
0.650949 0.894765
0.668568 0.850577
0.686374 0.817887
0.704352 1.30679
0.377572 0.31594
0.378153 0.213876
0.379889 0.356605
0.382765 0.297151
0.386755 0.397714
0.391825 0.48451
0.397935 0.275515
0.405037 0.429664
0.413079 0.354413
0.422009 0.284437
0.431771 0.276548
0.442309 0.306303
0.453571 0.374739
0.465503 0.402526
0.478055 0.480663
0.491179 0.61121
0.504832 0.496564
0.518971 0.658922
0.533557 0.604766
0.548556 0.701022
0.563933 0.65794
0.57966 0.484115
0.595707 1.08012
0.612051 0.726569
0.628667 1.02484
0.645536 0.763968
0.662637 0.981398
0.679953 1.2135
0.697468 1.26476
0.715168 1.29497
0.398486 0.402343
0.399036 0.271574
0.400681 0.28785
0.403409 0.299302
0.407197 0.294802
0.412016 0.382991
0.417831 0.370937
0.4246 0.307915
0.432278 0.429583
0.440819 0.456007
0.450173 0.374075
0.460291 0.502248
0.471123 0.473753
0.482621 0.516341
0.494739 0.588181
0.507432 0.528068
0.520658 0.522511
0.534379 0.697164
0.548556 0.69926
0.563155 0.793572
0.578144 0.701437
0.593494 0.66797
0.609177 0.86806
0.625169 0.678754
0.641446 0.676054
0.657987 1.12156
0.674772 0.686295
0.691785 1.03772
0.709008 1.10145
0.726426 0.907763
0.419402 0.336534
0.419925 0.531363
0.421489 0.312866
0.424083 0.583109
0.427688 0.28297
0.432278 0.524067
0.437824 0.433395
0.444288 0.29866
0.451632 0.361455
0.459814 0.340619
0.468789 0.433981
0.478513 0.427322
0.488941 0.562917
0.50003 0.526515
0.511736 0.573451
0.524017 0.53997
0.536836 0.728156
0.550153 0.71163
0.563933 0.64156
0.578144 0.884014
0.592755 0.944707
0.607736 1.0905
0.623061 0.730378
0.638705 0.815981
0.654645 1.16728
0.670861 1.04034
0.687332 1.05297
0.704041 0.933963
0.720971 0.824721
0.738107 1.39196
0.440321 0.392117
0.440819 0.38767
0.442309 0.428626
0.444782 0.381373
0.44822 0.404142
0.452603 0.339069
0.457902 0.660001
0.464087 0.570756
0.471123 0.47002
0.478971 0.440822
0.487594 0.748774
0.49695 0.520171
0.506999 0.575424
0.517701 0.565856
0.529016 0.600238
0.540906 0.601534
0.553333 0.541928
0.566262 0.785157
0.57966 0.550098
0.593494 0.974325
0.607736 0.752938
0.622356 0.700841
0.63733 1.13456
0.652632 0.969341
0.66824 0.984627
0.684133 0.788934
0.700293 1.16438
0.716699 1.07611
0.733337 1.05327
0.750191 0.82081
0.461243 0.391553
0.461718 0.290889
0.463141 0.448906
0.465503 0.455949
0.468789 0.471678
0.472981 0.643274
0.478055 0.394038
0.483982 0.416674
0.490732 0.601433
0.498272 0.46905
0.506567 0.566043
0.515579 0.533762
0.525272 0.540809
0.535609 0.504649
0.546553 0.702706
0.558069 0.70308
0.570122 0.674167
0.582679 0.603344
0.595707 1.06617
0.609177 0.687119
0.623061 0.81872
0.63733 0.852738
0.651959 0.776036
0.666926 1.07976
0.682207 1.02799
0.697783 0.993069
0.713633 1.15152
0.72974 0.922482
0.746087 0.975188
0.762659 0.976768
0.482166 0.449866
0.482621 0.460828
0.483982 0.300422
0.486243 0.507198
0.48939 0.596537
0.493407 0.512708
0.498272 0.613611
0.503962 0.670624
0.510448 0.492117
0.517701 0.619065
0.525689 0.773126
0.534379 0.601917
0.543737 0.602068
0.553729 0.81128
0.564322 0.762041
0.575482 0.544858
0.587178 0.714626
0.599378 0.792308
0.612051 0.716918
0.625169 0.837163
0.638705 1.10609
0.652632 0.687248
0.666926 0.859847
0.681564 1.31686
0.696524 1.35518
0.711786 0.989607
0.727331 0.918725
0.743141 1.0881
0.7592 1.30983
0.775492 1.25337
0.503091 0.535094
0.503527 0.5294
0.504832 0.513108
0.506999 0.588576
0.510019 0.529917
0.513874 0.748047
0.518548 0.487254
0.524017 0.56453
0.530258 0.827917
0.537244 0.660709
0.544945 0.880862
0.553333 0.634036
0.562375 0.717883
0.572042 0.848285
0.582302 0.659948
0.593124 0.869674
0.604479 0.772279
0.616336 0.786488
0.628667 1.00892
0.641446 0.890375
0.654645 0.91457
0.66824 0.781642
0.682207 0.989684
0.696524 0.769265
0.71117 1.18072
0.726124 1.10613
0.741369 0.99009
0.756886 1.06745
0.772659 0.766024
0.788673 0.907573
0.524017 0.627874
0.524436 0.457817
0.525689 0.82113
0.527771 0.952555
0.530672 0.550596
0.534379 0.678668
0.538874 0.482577
0.54414 0.63197
0.550153 0.600313
0.556889 0.674772
0.564322 0.738211
0.572425 0.62845
0.581171 0.652921
0.59053 0.736152
0.600474 0.808011
0.610975 0.775371
0.622004 0.667231
0.633533 0.697394
0.645536 0.867573
0.657987 1.27693
0.670861 0.787981
0.684133 1.03096
0.697783 0.869303
0.711786 1.2428
0.726124 1.15472
0.740777 0.975222
0.755726 1.06354
0.770954 1.01079
0.786445 1.1071
0.802183 1.1389
0.544945 0.636326
0.545348 0.631473
0.546553 0.448293
0.548556 0.584984
0.551347 0.604806
0.554916 0.626009
0.559247 0.586566
0.564322 0.762559
0.570122 0.610781
0.576625 0.819178
0.583807 0.819522
0.591643 0.881839
0.600109 0.710308
0.609177 0.599581
0.618822 0.974772
0.629016 1.23191
0.639734 0.959573
0.650949 1.07766
0.662637 1.08192
0.674772 1.12426
0.687332 1.02183
0.700293 0.982039
0.713633 1.13766
0.727331 1.5293
0.741369 1.16476
0.755726 0.765107
0.770384 1.37319
0.785328 0.967493
0.800541 1.01979
0.816008 1.45651
0.565874 0.880901
0.566262 0.692785
0.567423 0.611479
0.569352 0.635252
0.572042 0.807634
0.575482 0.992563
0.57966 0.744909
0.584558 0.727945
0.590159 0.66067
0.596443 0.650174
0.603389 0.829493
0.610975 0.802267
0.619176 0.965666
0.627969 0.92259
0.63733 0.942264
0.647232 0.950528
0.657653 1.09661
0.668568 1.03354
0.679953 0.78935
0.691785 1.15526
0.704041 0.93904
0.716699 1.30328
0.72974 1.21493
0.743141 0.911618
0.756886 1.04372
0.770954 1.25247
0.785328 1.07485
0.799993 1.1219
0.814932 1.34105
0.830131 1.5257
0.586805 0.72195
0.587178 0.876046
0.588298 0.839043
0.590159 0.703631
0.592755 1.05639
0.596075 0.748798
0.600109 0.839851
0.604842 1.00733
0.610257 0.741441
0.616336 0.879831
0.623061 1.09684
0.630409 0.785749
0.638361 0.919555
0.646894 0.803248
0.655984 0.567866
0.665609 1.04838
0.675747 1.09475
0.686374 1.28398
0.697468 1.2796
0.709008 1.02773
0.720971 1.35366
0.733337 0.92906
0.746087 0.847187
0.7592 1.10408
0.772659 1.37821
0.786445 0.824081
0.800541 1.16608
0.814932 0.986391
0.829603 0.873242
0.844537 1.26549
0.607736 0.813568
0.608096 0.692108
0.609177 0.920672
0.610975 0.757004
0.613483 0.940915
0.616692 0.964045
0.620592 0.734726
0.625169 0.798319
0.630409 1.13234
0.636296 0.770397
0.642812 0.781468
0.649938 0.840892
0.657653 1.10148
0.665939 1.32036
0.674772 1.11873
0.684133 0.868409
0.694001 1.51408
0.704352 0.912686
0.715168 1.03898
0.726426 1.16023
0.738107 0.907952
0.750191 0.983133
0.762659 1.01053
0.775492 1.63591
0.788673 1.46674
0.802183 1.31193
0.816008 1.01553
0.830131 1.33575
0.844537 0.573613
0.859213 1.12543
0.0418879 0.374483
0.0468321 1.09836
0.0592384 1.79211
0.0755145 15.2881
0.0936642 2.68089
0.112787 2.35127
0.132461 3.26435
0.152474 2.26252
0.172708 1.84215
0.193094 0.878706
0.213587 0.545597
0.23416 0.426234
0.254794 0.40766
0.275475 0.423047
0.296192 0.288075
0.316939 0.294721
0.337711 0.39084
0.358503 0.354987
0.379311 0.286095
0.400134 0.353897
0.420968 0.40238
0.441813 0.380497
0.462667 0.604504
0.483529 0.466285
0.504397 0.525801
0.525272 0.592701
0.546151 0.904518
0.567036 0.484572
0.587925 0.687469
0.608817 0.622645
0.0468321 1.88715
0.051302 3.27266
0.0628319 1.92443
0.0783651 9.05415
0.0959772 17.3093
0.114715 17.7483
0.134107 16.3748
0.153906 2.55161
0.173974 3.4597
0.194226 1.59849
0.214612 1.97963
0.235095 0.381425
0.255654 0.653966
0.27627 0.460217
0.296932 0.599764
0.317631 0.283085
0.33836 0.395296
0.359114 0.255287
0.379889 0.360906
0.400681 0.456325
0.421489 0.358067
0.442309 0.459818
0.463141 0.486982
0.483982 0.520384
0.504832 0.519232
0.525689 0.469055
0.546553 0.494744
0.567423 0.611768
0.588298 0.993606
0.609177 0.980797
0.0592384 0.722258
0.0628319 10.8722
0.072552 2.88584
0.0863541 57.4339
0.102604 13.0282
0.120314 9.32016
0.138926 1.12925
0.158123 0.397302
0.177715 3.41204
0.197585 1.06568
0.217656 0.950943
0.237878 0.359155
0.258214 0.748367
0.278641 0.348832
0.299139 0.244785
0.319696 0.289712
0.340299 0.330104
0.360942 0.356669
0.381617 0.362977
0.40232 0.304457
0.423047 0.572521
0.443794 0.32683
0.464559 0.377386
0.48534 0.591953
0.506133 0.413496
0.526939 0.649505
0.547755 0.586688
0.568581 0.707796
0.589415 0.549614
0.610257 0.542062
0.0755145 12.3339
0.0783651 1.91054
0.0863541 8.09863
0.0982358 17.7935
0.112787 4.31533
0.129107 7.54697
0.146608 3.20824
0.164913 4.01285
0.183782 1.95455
0.203059 2.33319
0.222637 0.747852
0.242444 0.419137
0.262427 0.390518
0.282549 0.336821
0.302783 0.335704
0.323108 0.257302
0.343506 0.258511
0.363967 0.222254
0.38448 0.323067
0.405037 0.394146
0.425631 0.388916
0.446259 0.454705
0.466914 0.426533
0.487594 0.372919
0.508295 0.610676
0.529016 0.571126
0.549754 0.769644
0.570506 0.784264
0.591273 0.706127
0.612051 0.664289
0.0936642 30.6283
0.0959772 9.41438
0.102604 3.33186
0.112787 8.59141
0.125664 9.43869
0.140496 15.7204
0.15673 3.30584
0.173974 0.704852
0.191954 1.97073
0.210484 0.485116
0.229429 0.460922
0.248696 0.472537
0.268213 0.25156
0.287932 0.26255
0.307812 0.291999
0.327825 0.312838
0.347947 0.462671
0.368161 0.412835
0.388452 0.411668
0.40881 0.657651
0.429223 0.437754
0.449686 0.403078
0.470191 0.311504
0.490732 0.293835
0.511307 0.771119
0.53191 0.660747
0.552539 0.613037
0.573191 0.694327
0.593864 0.866466
0.614554 0.87848
0.112787 1.31832
0.114715 9.3204
0.120314 5.52834
0.129107 7.17947
0.140496 3.03783
0.153906 4.39559
0.168856 3.05555
0.184972 0.991047
0.201976 2.89107
0.219662 0.430889
0.237878 0.685253
0.25651 0.490361
0.275475 0.346237
0.294708 0.485496
0.314159 0.350103
0.333792 0.388619
0.353575 0.202843
0.373484 0.419706
0.393501 0.386852
0.41361 0.427432
0.433798 0.306283
0.454054 0.507076
0.47437 0.405347
0.494739 0.574551
0.515153 0.510681
0.535609 0.522272
0.5561 0.583741
0.576625 0.693186
0.597178 0.684666
0.617758 1.15624
0.132461 14.9133
0.134107 2.48282
0.138926 0.696297
0.146608 1.36564
0.15673 0.355338
0.168856 1.34574
0.182585 1.11152
0.197585 1.94904
0.213587 0.923466
0.230383 1.01213
0.247812 0.4458
0.265749 0.496451
0.284098 0.404099
0.302783 0.224141
0.321747 0.24741
0.340943 0.263249
0.360333 0.344295
0.379889 0.285358
0.399585 0.349006
0.419402 0.390057
0.439324 0.369903
0.459337 0.360618
0.479429 0.448219
0.499591 0.624556
0.519815 0.524342
0.540094 0.703935
0.560422 0.632496
0.580794 0.849019
0.601204 1.16742
0.621651 0.823464
0.152474 4.51972
0.153906 0.949775
0.158123 0.569667
0.164913 1.09087
0.173974 1.24425
0.184972 3.46701
0.197585 0.59696
0.211524 0.508508
0.226543 0.676803
0.242444 0.353432
0.259062 0.350807
0.27627 0.410146
0.293962 0.283438
0.312058 0.470969
0.33049 0.284673
0.349205 0.357212
0.368161 0.336149
0.387322 0.324325
0.406658 0.367069
0.426146 0.423671
0.445767 0.368465
0.465503 0.387602
0.48534 0.380212
0.505266 0.534742
0.525272 0.359559
0.545348 0.480323
0.565487 0.693323
0.585682 0.684853
0.605928 0.625868
0.626221 1.10997
0.172708 2.77081
0.173974 2.60638
0.177715 1.48243
0.183782 2.26598
0.191954 1.1765
0.201976 1.01861
0.213587 0.34138
0.226543 0.649948
0.240628 0.280626
0.255654 0.775473
0.271465 0.300519
0.287932 0.299922
0.304949 0.434706
0.322428 0.368169
0.340299 0.343562
0.358503 0.36233
0.376991 0.368873
0.395724 0.341405
0.414669 0.31452
0.433798 0.356638
0.453087 0.531307
0.472517 0.452886
0.492071 0.614599
0.511736 0.616316
0.531498 0.653047
0.551347 0.704565
0.571275 0.649628
0.591273 0.628061
0.611334 0.862387
0.631452 0.770647
0.193094 1.04833
0.194226 1.28374
0.197585 0.411678
0.203059 1.00494
0.210484 0.692662
0.219662 0.522872
0.230383 0.826071
0.242444 0.630471
0.255654 0.36205
0.269844 0.254937
0.284869 0.349862
0.300602 0.284386
0.316939 0.29755
0.333792 0.501389
0.351085 0.320696
0.368756 0.337665
0.386755 0.398316
0.405037 0.375602
0.423565 0.37515
0.442309 0.77413
0.461243 0.435402
0.480343 0.479543
0.499591 0.464672
0.518971 0.588485
0.538467 0.779534
0.558069 0.509364
0.577765 0.488175
0.597545 0.902224
0.617403 0.897
0.63733 0.737729
0.213587 0.735341
0.214612 0.838197
0.217656 0.853641
0.222637 0.421143
0.229429 0.757825
0.237878 0.445905
0.247812 0.638285
0.259062 0.459896
0.271465 0.797047
0.284869 0.411101
0.299139 0.291263
0.314159 0.322254
0.329826 0.311999
0.346051 0.276108
0.36276 0.477521
0.379889 0.242213
0.397384 0.427931
0.415198 0.350446
0.433292 0.508456
0.451632 0.420602
0.470191 0.378675
0.488941 0.451901
0.507864 0.572677
0.526939 0.528229
0.546151 0.846517
0.565487 0.630431
0.584933 0.86383
0.604479 1.01718
0.624116 0.734359
0.643835 0.959111
0.23416 0.345106
0.235095 0.985453
0.237878 0.508423
0.242444 0.390661
0.248696 0.706881
0.25651 0.272456
0.265749 0.248928
0.27627 0.604882
0.287932 0.348524
0.300602 0.313453
0.314159 0.170261
0.328493 0.210252
0.343506 0.341592
0.359114 0.286449
0.375242 0.262388
0.391825 0.384676
0.40881 0.408434
0.426146 0.420748
0.443794 0.45698
0.461718 0.456715
0.479886 0.631633
0.498272 0.503744
0.516853 0.720917
0.535609 0.57177
0.554521 0.473874
0.573574 0.681788
0.592755 0.817837
0.612051 0.963258
0.631452 0.623196
0.650949 0.871538
0.254794 0.693452
0.255654 0.340854
0.258214 0.500929
0.262427 0.560281
0.268213 0.559455
0.275475 0.345137
0.284098 0.284085
0.293962 0.557111
0.304949 0.192448
0.316939 0.353192
0.329826 0.29158
0.343506 0.306562
0.35789 0.346228
0.372896 0.247131
0.388452 0.352385
0.404495 0.453244
0.420968 0.336762
0.437824 0.396056
0.455019 0.509981
0.472517 0.384088
0.490285 0.542561
0.508295 0.503123
0.526523 0.576843
0.544945 0.749988
0.563544 0.795872
0.582302 0.981908
0.601204 0.590322
0.620238 0.786482
0.639391 0.98637
0.658653 0.811779
0.275475 0.459223
0.27627 0.328282
0.278641 0.351784
0.282549 0.268049
0.287932 0.480552
0.294708 0.415026
0.302783 0.326126
0.312058 0.413217
0.322428 0.440183
0.333792 0.386115
0.346051 0.450492
0.359114 0.442072
0.372896 0.289285
0.387322 0.402966
0.40232 0.283353
0.417831 0.533006
0.433798 0.335767
0.450173 0.38972
0.466914 0.426493
0.483982 0.606143
0.501344 0.569892
0.518971 0.388062
0.536836 0.618774
0.554916 0.620948
0.573191 0.50689
0.591643 0.882114
0.610257 0.865437
0.629016 0.543458
0.64791 0.879795
0.666926 0.854369
0.296192 0.676498
0.296932 0.442753
0.299139 0.417966
0.302783 0.34892
0.307812 0.266907
0.314159 0.469116
0.321747 0.428228
0.33049 0.244423
0.340299 0.267785
0.351085 0.310823
0.36276 0.34286
0.375242 0.448303
0.388452 0.265896
0.40232 0.459402
0.416779 0.322045
0.431771 0.287747
0.44724 0.445024
0.463141 0.388574
0.479429 0.498862
0.496067 0.515104
0.51302 0.507814
0.530258 0.554336
0.547755 0.550726
0.565487 0.727448
0.583431 0.843939
0.601569 0.935481
0.619884 1.20742
0.638361 0.798332
0.656986 0.967268
0.675747 0.97626
0.316939 0.484674
0.317631 0.394997
0.319696 0.3325
0.323108 0.303653
0.327825 0.418112
0.333792 0.306933
0.340943 0.276608
0.349205 0.33988
0.358503 0.362753
0.368756 0.3274
0.379889 0.409727
0.391825 0.381198
0.404495 0.375869
0.417831 0.302017
0.431771 0.41359
0.446259 0.429133
0.461243 0.341681
0.476676 0.377146
0.492517 0.734156
0.508727 0.672905
0.525272 0.657269
0.542121 0.537451
0.559247 0.629808
0.576625 0.643125
0.594233 0.795125
0.612051 0.7073
0.630061 1.06253
0.648248 0.843009
0.666597 1.31746
0.685095 1.19517
0.337711 0.238352
0.33836 0.344524
0.340299 0.46888
0.343506 0.286965
0.347947 0.244411
0.353575 0.36547
0.360333 0.272611
0.368161 0.346455
0.376991 0.340961
0.386755 0.30276
0.397384 0.406495
0.40881 0.529091
0.420968 0.469851
0.433798 0.309539
0.44724 0.359544
0.461243 0.512012
0.475755 0.411597
0.490732 0.423131
0.506133 0.604864
0.521921 0.52656
0.53806 0.723116
0.554521 0.625585
0.571275 0.527693
0.588298 0.764986
0.605566 0.681704
0.623061 0.790725
0.640762 1.10079
0.658653 1.22657
0.67672 0.840247
0.694948 1.07759
0.358503 0.298073
0.359114 0.247128
0.360942 0.472982
0.363967 0.26587
0.368161 0.353503
0.373484 0.307084
0.379889 0.341882
0.387322 0.347978
0.395724 0.415319
0.405037 0.407608
0.415198 0.399979
0.426146 0.361267
0.437824 0.602332
0.450173 0.429307
0.463141 0.480159
0.476676 0.414053
0.490732 0.613615
0.505266 0.49726
0.520237 0.554248
0.535609 0.470059
0.551347 0.705596
0.567423 0.650037
0.583807 0.920795
0.600474 0.800614
0.617403 1.03152
0.634571 0.717508
0.651959 0.719273
0.669552 1.10136
0.687332 1.08174
0.705286 1.10242
0.379311 0.28777
0.379889 0.218164
0.381617 0.338874
0.38448 0.462727
0.388452 0.434789
0.393501 0.523731
0.399585 0.31387
0.406658 0.425561
0.414669 0.314647
0.423565 0.273939
0.433292 0.382249
0.443794 0.503551
0.455019 0.366376
0.466914 0.613764
0.479429 0.51133
0.492517 0.369394
0.506133 0.473557
0.520237 0.62544
0.534789 0.489203
0.549754 0.491376
0.565099 0.797301
0.580794 0.818115
0.596811 0.558844
0.613125 0.850996
0.629713 1.14346
0.646554 1.35499
0.663629 0.870521
0.68092 0.802212
0.698411 0.859222
0.716087 0.824089
0.400134 0.357809
0.400681 0.257183
0.40232 0.343317
0.405037 0.332371
0.40881 0.496252
0.41361 0.29845
0.419402 0.274663
0.426146 0.495842
0.433798 0.293492
0.442309 0.38005
0.451632 0.368923
0.461718 0.511435
0.472517 0.470664
0.483982 0.424259
0.496067 0.567113
0.508727 0.606654
0.521921 0.440885
0.535609 0.568743
0.549754 0.63882
0.564322 0.899273
0.579281 0.559563
0.594602 0.660508
0.610257 0.787357
0.626221 0.809293
0.642471 0.748962
0.658986 0.82156
0.675747 1.20944
0.692735 1.15035
0.709935 0.850264
0.727331 1.12389
0.420968 0.354115
0.421489 0.279727
0.423047 0.423199
0.425631 0.259361
0.429223 0.383893
0.433798 0.333091
0.439324 0.328707
0.445767 0.475178
0.453087 0.418708
0.461243 0.499089
0.470191 0.610415
0.479886 0.467621
0.490285 0.473594
0.501344 0.509962
0.51302 0.776723
0.525272 0.632971
0.53806 0.598383
0.551347 0.610229
0.565099 0.73274
0.579281 0.754646
0.593864 0.671695
0.608817 0.888915
0.624116 1.13984
0.639734 0.660155
0.655649 0.982171
0.671841 0.980501
0.688288 0.980782
0.704975 0.91992
0.721883 1.32091
0.738998 1.54985
0.441813 0.522917
0.442309 0.375651
0.443794 0.474354
0.446259 0.330254
0.449686 0.312715
0.454054 0.470617
0.459337 0.329767
0.465503 0.477959
0.472517 0.450539
0.480343 0.557698
0.488941 0.341549
0.498272 0.466228
0.508295 0.475172
0.518971 0.528045
0.530258 0.412579
0.542121 0.614602
0.554521 0.412059
0.567423 0.623155
0.580794 0.74846
0.594602 0.722517
0.608817 0.941061
0.623412 0.900486
0.638361 0.558774
0.653639 0.810616
0.669224 1.04337
0.685095 0.808249
0.701232 1.15257
0.717617 0.971767
0.734234 0.988484
0.751068 1.26945
0.462667 0.550378
0.463141 0.58051
0.464559 0.456545
0.466914 0.376872
0.470191 0.462052
0.47437 0.514611
0.479429 0.532301
0.48534 0.554091
0.492071 0.367564
0.499591 0.546021
0.507864 0.423237
0.516853 0.716717
0.526523 0.455302
0.536836 0.480196
0.547755 0.623242
0.559247 0.638509
0.571275 0.594723
0.583807 0.763361
0.596811 0.890821
0.610257 0.778909
0.624116 0.779617
0.638361 0.703307
0.652968 0.96994
0.667912 0.875502
0.683171 1.08625
0.698725 0.871538
0.714554 0.929406
0.730641 1.06017
0.746968 1.01208
0.763521 1.445
0.483529 0.452581
0.483982 0.625064
0.48534 0.33823
0.487594 0.811241
0.490732 0.51188
0.494739 0.568405
0.499591 0.639624
0.505266 0.388751
0.511736 0.695243
0.518971 0.517233
0.526939 0.504036
0.535609 0.364772
0.544945 0.597653
0.554916 0.675351
0.565487 0.684712
0.576625 0.989682
0.588298 0.878098
0.600474 0.832567
0.613125 0.689146
0.626221 1.00675
0.639734 0.717688
0.653639 0.88037
0.667912 0.884255
0.682529 0.923193
0.697468 0.992325
0.71271 1.09841
0.728235 1.27392
0.744026 1.14617
0.760066 1.17
0.77634 1.04749
0.504397 0.473522
0.504832 0.634619
0.506133 0.553502
0.508295 0.768426
0.511307 0.511156
0.515153 0.62043
0.519815 0.49866
0.525272 0.634905
0.531498 0.609048
0.538467 0.514482
0.546151 0.645422
0.554521 0.495626
0.563544 0.882802
0.573191 0.622005
0.583431 0.780478
0.594233 0.759423
0.605566 0.697682
0.617403 0.677818
0.629713 0.645176
0.642471 1.08966
0.655649 1.14744
0.669224 0.645588
0.683171 0.859586
0.697468 1.08151
0.712094 1.42777
0.72703 0.87727
0.742256 1.15132
0.757754 1.03823
0.77351 1.28726
0.789506 0.859836
0.525272 0.626024
0.525689 0.550561
0.526939 0.638278
0.529016 0.557286
0.53191 0.554388
0.535609 0.400589
0.540094 0.559382
0.545348 0.489584
0.551347 0.58232
0.558069 0.783463
0.565487 0.782586
0.573574 0.784338
0.582302 0.742877
0.591643 0.796266
0.601569 0.731805
0.612051 0.906279
0.623061 0.882193
0.634571 0.870878
0.646554 0.8554
0.658986 1.23336
0.671841 0.97451
0.685095 0.952089
0.698725 1.24282
0.71271 0.666337
0.72703 1.23209
0.741664 1.11639
0.756596 0.861778
0.771807 1.08682
0.787281 1.0893
0.803003 1.44802
0.546151 0.571961
0.546553 0.696518
0.547755 0.520285
0.549754 0.599402
0.552539 0.665815
0.5561 0.745334
0.560422 0.890415
0.565487 0.604718
0.571275 0.974959
0.577765 0.68463
0.584933 0.668651
0.592755 0.822957
0.601204 0.996971
0.610257 0.910219
0.619884 0.847571
0.630061 0.974061
0.640762 1.24875
0.651959 1.05279
0.663629 0.628333
0.675747 1.01395
0.688288 0.883701
0.701232 0.97783
0.714554 0.829851
0.728235 0.947278
0.742256 0.757045
0.756596 1.32578
0.771238 0.952097
0.786166 0.931738
0.801363 1.1774
0.816814 1.14253
0.567036 0.895729
0.567423 0.59842
0.568581 0.604692
0.570506 0.683708
0.573191 0.676443
0.576625 0.677501
0.580794 0.83636
0.585682 0.959837
0.591273 0.79528
0.597545 0.705539
0.604479 1.07758
0.612051 0.687094
0.620238 0.803241
0.629016 0.913115
0.638361 1.29421
0.648248 1.09212
0.658653 0.930224
0.669552 0.944986
0.68092 1.09595
0.692735 1.24246
0.704975 0.769624
0.717617 0.948593
0.730641 1.11543
0.744026 1.24022
0.757754 1.13159
0.771807 0.925777
0.786166 1.18175
0.800815 1.51791
0.815739 1.33929
0.830923 1.37481
0.587925 0.81373
0.588298 0.789852
0.589415 0.920322
0.591273 0.674933
0.593864 0.773129
0.597178 0.635045
0.601204 0.992235
0.605928 0.780691
0.611334 0.700145
0.617403 0.881063
0.624116 0.804939
0.631452 1.27505
0.639391 0.998478
0.64791 1.01545
0.656986 1.06395
0.666597 1.18754
0.67672 1.23745
0.687332 1.32888
0.698411 0.960633
0.709935 1.35804
0.721883 0.964233
0.734234 0.920935
0.746968 0.974012
0.760066 1.12969
0.77351 1.18555
0.787281 1.0634
0.801363 0.828834
0.815739 1.34115
0.830395 1.30702
0.845316 1.39802
0.608817 1.05565
0.609177 0.963849
0.610257 0.838049
0.612051 1.11463
0.614554 0.937379
0.617758 0.867163
0.621651 0.717741
0.626221 0.754707
0.631452 0.815201
0.63733 0.700396
0.643835 1.02509
0.650949 0.877789
0.658653 0.912811
0.666926 0.974567
0.675747 0.792886
0.685095 1.05606
0.694948 0.891498
0.705286 0.808385
0.716087 0.936919
0.727331 1.33377
0.738998 1.29301
0.751068 1.37692
0.763521 1.35137
0.77634 1.15122
0.789506 0.750313
0.803003 1.23705
0.816814 1.32258
0.830923 0.91662
0.845316 1.54065
0.859978 1.14099
0.0628319 1.9852
0.0662306 7.40774
0.0755145 53.9599
0.0888577 50.6777
0.10472 8.12699
0.122123 1.04217
0.140496 3.32525
0.159504 1.94465
0.178945 0.663123
0.198692 2.2624
0.218661 0.754697
0.238798 0.248105
0.259062 0.656359
0.279427 0.713272
0.299872 0.268838
0.320381 0.404221
0.340943 0.364001
0.361549 0.52049
0.382191 0.360696
0.402865 0.292335
0.423565 0.478171
0.444288 0.570195
0.465031 0.316514
0.485791 0.576249
0.506567 0.658702
0.527355 0.477979
0.548156 0.607919
0.568967 0.616111
0.589787 0.565522
0.610616 1.06985
0.0662306 3.19633
0.0694632 12.5541
0.0783651 9.24007
0.0912926 59.1433
0.106794 5.66034
0.123906 7.95653
0.142049 6.07073
0.160874 0.988774
0.180167 2.20974
0.199793 0.765085
0.219662 0.632331
0.239714 0.282975
0.259908 0.648668
0.280211 0.281509
0.300602 0.207928
0.321065 0.393664
0.341586 0.446327
0.362155 0.184223
0.382765 0.274026
0.403409 0.251923
0.424083 0.393476
0.444782 0.321884
0.465503 0.502189
0.486243 0.416178
0.506999 0.444694
0.527771 0.614203
0.548556 0.637185
0.569352 0.772984
0.590159 0.722552
0.610975 1.02215
0.0755145 0.394044
0.0783651 11.0947
0.0863541 4.62069
0.0982358 10.9224
0.112787 1.26045
0.129107 11.5125
0.146608 1.49254
0.164913 0.679942
0.183782 1.32238
0.203059 0.530554
0.222637 0.823097
0.242444 0.285232
0.262427 0.343745
0.282549 0.27357
0.302783 0.584258
0.323108 0.285585
0.343506 0.279062
0.363967 0.441749
0.38448 0.373
0.405037 0.350515
0.425631 0.438159
0.446259 0.393546
0.466914 0.485357
0.487594 0.878505
0.508295 0.469796
0.529016 0.523391
0.549754 0.520156
0.570506 0.782086
0.591273 0.662715
0.612051 0.923931
0.0888577 63.8066
0.0912926 1.22823
0.0982358 29.8222
0.108828 5.22483
0.122123 1.2218
0.137339 4.11004
0.153906 7.98691
0.171434 0.465641
0.189656 2.20798
0.20839 0.405332
0.22751 0.411445
0.246926 0.529838
0.266573 0.427697
0.286404 0.504261
0.306384 0.298084
0.326484 0.203361
0.346684 0.464903
0.366968 0.248203
0.387322 0.314149
0.407735 0.35635
0.4282 0.437302
0.448709 0.448149
0.469257 0.633715
0.489838 0.491114
0.510448 0.537514
0.531085 0.509577
0.551745 0.73163
0.572425 0.552597
0.593124 0.975642
0.61384 0.703668
0.10472 9.43413
0.106794 4.59231
0.112787 6.39129
0.122123 5.22114
0.134107 6.3565
0.148096 4.02176
0.163577 0.545072
0.180167 2.47136
0.197585 0.48271
0.215631 1.41233
0.23416 0.767396
0.253067 0.416854
0.272271 0.20068
0.291715 0.334946
0.311354 0.382021
0.331153 0.207459
0.351085 0.396878
0.371128 0.276831
0.391265 0.352416
0.411483 0.353364
0.431771 0.389898
0.452118 0.543815
0.472517 0.46321
0.492962 0.523091
0.513447 0.618627
0.533968 0.485138
0.554521 0.679829
0.575101 0.807759
0.595707 0.863327
0.616336 0.793553
0.122123 11.2985
0.123906 3.1385
0.129107 9.25985
0.137339 8.6185
0.148096 1.19003
0.160874 0.959573
0.17523 0.605486
0.190808 0.482251
0.207335 0.736121
0.224599 0.366067
0.242444 0.574262
0.26075 0.280124
0.279427 0.429112
0.298405 0.354532
0.317631 0.516091
0.337061 0.299131
0.356663 0.349802
0.376409 0.394234
0.396278 0.250142
0.416253 0.304182
0.436318 0.244598
0.456463 0.40208
0.476676 0.260251
0.49695 0.407925
0.517277 0.469575
0.537652 0.556882
0.558069 0.542407
0.578523 0.805891
0.599012 0.911487
0.61953 0.762227
0.140496 25.9827
0.142049 6.17857
0.146608 1.6138
0.153906 2.59352
0.163577 5.92136
0.17523 1.51912
0.188496 0.786517
0.203059 1.38493
0.218661 0.444885
0.235095 0.376365
0.252199 0.229793
0.269844 0.400997
0.287932 0.220786
0.306384 0.29366
0.325138 0.412561
0.344144 0.528442
0.363364 0.388301
0.382765 0.348248
0.40232 0.406052
0.422009 0.381601
0.441813 0.275837
0.461718 0.523652
0.481711 0.325418
0.501781 0.527063
0.521921 0.699096
0.542121 0.615063
0.562375 0.534188
0.582679 0.561158
0.603026 0.822964
0.623412 0.835982
0.159504 0.627013
0.160874 6.27476
0.164913 7.44716
0.171434 4.17995
0.180167 0.966582
0.190808 2.24033
0.203059 0.618276
0.216646 0.881239
0.231334 0.561101
0.246926 1.07139
0.263261 0.346313
0.280211 0.58337
0.297669 0.386711
0.315552 0.310134
0.333792 0.527777
0.352332 0.321415
0.371128 0.244451
0.390143 0.290197
0.409346 0.34548
0.428712 0.548658
0.44822 0.389036
0.467852 0.358264
0.487594 0.482331
0.507432 0.673199
0.527355 0.504273
0.547355 0.601895
0.567423 0.745373
0.587552 0.526798
0.607736 1.02312
0.627969 0.892802
0.178945 2.48469
0.180167 2.0186
0.183782 0.880565
0.189656 1.31727
0.197585 0.981599
0.207335 0.477744
0.218661 1.85802
0.231334 0.661864
0.245143 0.411363
0.259908 0.360804
0.275475 0.370035
0.291715 0.301923
0.308524 0.24855
0.325811 0.340628
0.343506 0.443176
0.361549 0.448203
0.379889 0.251288
0.398486 0.227292
0.417305 0.297727
0.436318 0.335452
0.455501 0.578874
0.474832 0.47967
0.494295 0.602044
0.513874 0.414034
0.533557 0.568939
0.553333 0.548889
0.573191 0.864682
0.593124 0.796498
0.613125 1.11114
0.633187 0.822284
0.198692 1.65038
0.199793 1.24829
0.203059 0.434912
0.20839 1.13521
0.215631 0.954084
0.224599 0.956184
0.235095 0.737703
0.246926 1.32527
0.259908 0.457359
0.273878 0.344701
0.288692 0.290674
0.304228 0.49174
0.320381 0.347054
0.337061 0.323559
0.354194 0.460053
0.371718 0.305511
0.38958 0.277461
0.407735 0.319427
0.426146 0.332102
0.444782 0.448445
0.463614 0.406128
0.482621 0.462597
0.501781 0.702268
0.521079 0.569599
0.5405 0.828446
0.56003 0.659717
0.57966 0.662262
0.599378 0.704957
0.619176 0.757786
0.639048 0.862237
0.218661 4.01095
0.219662 2.68542
0.222637 1.36249
0.22751 0.260115
0.23416 0.375342
0.242444 0.462416
0.252199 0.53742
0.263261 0.277227
0.275475 0.707661
0.288692 0.43742
0.302783 0.270171
0.317631 0.463464
0.333134 0.271653
0.349205 0.31257
0.36577 0.312757
0.382765 0.379062
0.400134 0.329164
0.417831 0.461305
0.435815 0.465593
0.454054 0.410791
0.472517 0.494256
0.491179 0.38592
0.510019 0.58801
0.529016 0.634568
0.548156 0.483049
0.567423 0.736878
0.586805 0.723518
0.60629 0.734539
0.62587 0.798624
0.645536 0.769701
0.238798 0.664661
0.239714 0.728687
0.242444 0.62446
0.246926 0.689634
0.253067 0.483872
0.26075 0.289256
0.269844 0.467288
0.280211 0.305855
0.291715 0.3413
0.304228 0.40592
0.317631 0.341811
0.331815 0.347726
0.346684 0.361071
0.362155 0.328158
0.378153 0.271064
0.394614 0.406928
0.411483 0.386532
0.428712 0.479002
0.446259 0.504624
0.464087 0.461072
0.482166 0.477832
0.500468 0.549897
0.518971 0.614931
0.537652 0.778817
0.556495 0.737382
0.575482 0.78771
0.594602 0.771284
0.61384 0.952208
0.633187 1.22251
0.652632 0.744505
0.259062 0.616141
0.259908 0.956011
0.262427 0.51626
0.266573 0.3269
0.272271 0.248522
0.279427 0.405096
0.287932 0.27148
0.297669 0.368105
0.308524 0.193318
0.320381 0.382132
0.333134 0.353473
0.346684 0.429568
0.360942 0.287106
0.375826 0.297129
0.391265 0.308466
0.407197 0.293059
0.423565 0.599177
0.440321 0.551149
0.457423 0.398305
0.474832 0.454882
0.492517 0.455482
0.510448 0.459377
0.528601 0.578193
0.546954 0.533114
0.565487 0.896841
0.584182 0.747089
0.603026 1.03638
0.622004 0.802523
0.641104 0.598941
0.660316 1.11522
0.279427 0.324795
0.280211 0.323676
0.282549 0.540815
0.286404 0.482119
0.291715 0.377692
0.298405 0.246577
0.306384 0.367895
0.315552 0.283754
0.325811 0.352586
0.337061 0.30444
0.349205 0.325971
0.362155 0.258215
0.375826 0.49403
0.390143 0.461237
0.405037 0.491572
0.420447 0.500901
0.436318 0.477991
0.452603 0.448939
0.469257 0.417297
0.486243 0.512462
0.503527 0.477085
0.521079 0.674987
0.538874 0.566576
0.556889 0.890343
0.575101 0.900265
0.593494 0.831383
0.612051 0.763235
0.630757 0.675034
0.6496 1.36205
0.668568 1.03242
0.299872 0.251745
0.300602 0.437288
0.302783 0.383759
0.306384 0.405209
0.311354 0.373158
0.317631 0.307022
0.325138 0.288358
0.333792 0.255762
0.343506 0.393177
0.354194 0.279784
0.36577 0.376162
0.378153 0.345919
0.391265 0.401137
0.405037 0.298556
0.419402 0.295819
0.434303 0.258483
0.449686 0.387817
0.465503 0.465042
0.481711 0.55505
0.498272 0.721962
0.515153 0.433945
0.532323 0.581147
0.549754 0.661874
0.567423 0.919305
0.585308 0.826002
0.603389 1.11344
0.621651 0.740371
0.640077 0.969959
0.658653 0.810901
0.677368 1.10376
0.320381 0.373609
0.321065 0.388044
0.323108 0.307348
0.326484 0.359438
0.331153 0.169419
0.337061 0.370728
0.344144 0.388195
0.352332 0.224074
0.361549 0.256684
0.371718 0.510412
0.382765 0.328076
0.394614 0.343011
0.407197 0.351536
0.420447 0.315668
0.434303 0.454645
0.448709 0.287052
0.463614 0.365526
0.478971 0.476401
0.494739 0.533929
0.510878 0.507333
0.527355 0.940643
0.54414 0.630544
0.561204 0.673693
0.578523 0.807892
0.596075 0.968763
0.61384 0.943412
0.6318 0.660088
0.649938 0.885127
0.66824 0.940338
0.686693 0.876349
0.340943 0.300622
0.341586 0.352182
0.343506 0.273055
0.346684 0.363272
0.351085 0.346294
0.356663 0.320261
0.363364 0.479408
0.371128 0.4331
0.379889 0.296336
0.38958 0.496724
0.400134 0.383947
0.411483 0.335626
0.423565 0.318982
0.436318 0.420125
0.449686 0.378832
0.463614 0.396882
0.478055 0.553773
0.492962 0.438149
0.508295 0.461821
0.524017 0.361296
0.540094 0.508929
0.556495 0.735602
0.573191 0.636875
0.590159 1.00931
0.607375 0.708595
0.624818 0.723103
0.642471 1.08192
0.660316 0.776434
0.678338 0.784636
0.696524 1.33585
0.361549 0.339526
0.362155 0.222684
0.363967 0.328176
0.366968 0.292428
0.371128 0.28977
0.376409 0.441849
0.382765 0.323759
0.390143 0.277854
0.398486 0.301999
0.407735 0.30084
0.417831 0.276858
0.428712 0.409692
0.440321 0.454888
0.452603 0.661091
0.465503 0.456935
0.478971 0.465228
0.492962 0.565657
0.507432 0.504036
0.522341 0.403868
0.537652 0.673541
0.553333 0.587002
0.569352 0.672753
0.585682 0.802714
0.602298 0.665566
0.619176 0.742966
0.636296 0.608874
0.653639 1.26538
0.671187 1.00126
0.688925 0.933468
0.706839 1.02559
0.382191 0.425174
0.382765 0.338489
0.38448 0.298648
0.387322 0.436306
0.391265 0.241838
0.396278 0.286789
0.40232 0.309789
0.409346 0.316108
0.417305 0.362537
0.426146 0.359437
0.435815 0.454127
0.446259 0.334363
0.457423 0.501922
0.469257 0.339082
0.481711 0.534181
0.494739 0.475475
0.508295 0.482019
0.522341 0.482448
0.536836 0.734679
0.551745 0.701358
0.567036 0.631163
0.582679 0.606867
0.598645 0.774618
0.614911 0.745233
0.631452 1.12513
0.648248 0.958815
0.66528 0.754272
0.682529 1.22438
0.699979 0.970735
0.717617 0.848757
0.402865 0.493988
0.403409 0.326994
0.405037 0.28943
0.407735 0.468532
0.411483 0.539846
0.416253 0.463953
0.422009 0.334476
0.428712 0.318556
0.436318 0.552717
0.444782 0.392579
0.454054 0.444315
0.464087 0.366736
0.474832 0.506349
0.486243 0.36169
0.498272 0.505215
0.510878 0.442841
0.524017 0.63988
0.537652 0.445145
0.551745 0.874719
0.566262 0.648347
0.581171 0.786813
0.596443 0.766339
0.612051 0.684237
0.627969 0.850438
0.644175 0.688796
0.660648 1.06606
0.677368 1.35297
0.694316 0.931601
0.711478 1.11268
0.728837 1.29144
0.423565 0.410991
0.424083 0.418239
0.425631 0.386057
0.4282 0.339367
0.431771 0.409435
0.436318 0.307288
0.441813 0.443869
0.44822 0.39884
0.455501 0.402078
0.463614 0.421741
0.472517 0.46146
0.482166 0.479139
0.492517 0.617693
0.503527 0.497354
0.515153 0.601718
0.527355 0.558544
0.540094 0.449712
0.553333 0.85217
0.567036 0.849889
0.581171 0.647015
0.595707 0.530819
0.610616 0.73044
0.62587 0.659164
0.641446 0.915082
0.65732 0.784753
0.673471 0.854416
0.68988 1.38373
0.706529 1.06063
0.723401 1.05939
0.74048 1.15356
0.444288 0.394638
0.444782 0.507367
0.446259 0.400558
0.448709 0.551469
0.452118 0.363961
0.456463 0.478716
0.461718 0.431211
0.467852 0.376809
0.474832 0.474151
0.482621 0.638413
0.491179 0.484682
0.500468 0.435938
0.510448 0.605085
0.521079 0.617048
0.532323 0.401635
0.54414 0.651628
0.556495 0.713769
0.569352 0.586316
0.582679 0.754611
0.596443 0.665711
0.610616 0.884924
0.625169 0.844612
0.640077 0.907859
0.655315 1.3084
0.670861 1.29198
0.686693 1.01733
0.702794 1.35593
0.719143 1.04444
0.735726 1.44658
0.752526 1.21904
0.465031 0.493735
0.465503 0.313063
0.466914 0.474028
0.469257 0.509863
0.472517 0.396162
0.476676 0.497863
0.481711 0.580887
0.487594 0.428828
0.494295 0.56484
0.501781 0.488355
0.510019 0.786886
0.518971 0.493057
0.528601 0.681873
0.538874 0.863119
0.549754 0.841071
0.561204 0.622279
0.573191 0.88242
0.585682 0.721362
0.598645 0.726084
0.612051 1.0615
0.62587 0.942047
0.640077 0.874751
0.654645 1.02226
0.669552 1.23025
0.684774 1.22181
0.700293 0.936289
0.716087 0.805399
0.73214 0.990918
0.748435 1.39126
0.764956 1.10035
0.485791 0.446903
0.486243 0.469727
0.487594 0.368425
0.489838 0.325238
0.492962 0.532215
0.49695 0.368654
0.501781 0.481753
0.507432 0.814285
0.513874 0.447572
0.521079 0.664541
0.529016 0.661048
0.537652 0.91974
0.546954 0.661073
0.556889 0.596232
0.567423 0.801203
0.578523 0.738885
0.590159 0.748758
0.602298 0.853338
0.614911 0.932664
0.627969 0.969046
0.641446 0.77065
0.655315 0.654178
0.669552 1.00415
0.684133 0.956464
0.699039 0.923253
0.714247 1.0409
0.72974 1.23956
0.745499 1.12951
0.761508 1.09884
0.777751 0.852815
0.506567 0.477991
0.506999 0.65966
0.508295 0.370951
0.510448 0.616698
0.513447 0.340627
0.517277 0.512193
0.521921 0.598994
0.527355 0.660681
0.533557 0.543339
0.5405 0.855095
0.548156 0.789569
0.556495 0.623034
0.565487 0.547961
0.575101 0.765284
0.585308 0.96218
0.596075 0.855385
0.607375 0.76579
0.619176 0.815273
0.631452 0.910571
0.644175 0.965531
0.65732 0.948758
0.670861 1.08196
0.684774 0.920354
0.699039 1.1626
0.713633 1.3077
0.728536 0.876976
0.743731 1.19965
0.7592 1.39814
0.774926 1.15806
0.790894 1.44627
0.527355 1.15632
0.527771 0.550789
0.529016 0.595006
0.531085 0.567063
0.533968 0.590831
0.537652 0.577195
0.542121 0.564168
0.547355 0.490367
0.553333 0.52029
0.56003 0.701252
0.567423 0.680241
0.575482 0.794288
0.584182 0.831221
0.593494 0.747065
0.603389 0.73869
0.61384 0.607104
0.624818 0.748569
0.636296 0.974115
0.648248 1.07988
0.660648 0.852753
0.673471 0.897837
0.686693 1.33282
0.700293 1.09856
0.714247 1.00064
0.728536 0.982628
0.743141 1.1644
0.758044 0.99298
0.773226 0.858526
0.788673 1.11748
0.804368 1.34834
0.548156 0.488804
0.548556 0.7434
0.549754 0.590882
0.551745 0.73062
0.554521 0.568056
0.558069 0.675131
0.562375 0.597909
0.567423 0.635527
0.573191 0.88805
0.57966 0.46086
0.586805 0.597363
0.594602 1.1667
0.603026 0.980076
0.612051 0.870055
0.621651 0.602633
0.6318 0.696207
0.642471 1.01379
0.653639 1.19802
0.66528 0.908618
0.677368 1.17655
0.68988 0.779982
0.702794 1.28957
0.716087 1.02411
0.72974 0.820408
0.743731 1.17263
0.758044 1.27699
0.772659 1.07396
0.787559 1.56569
0.80273 1.38755
0.818156 1.43803
0.568967 0.642269
0.569352 0.924953
0.570506 0.728445
0.572425 0.525622
0.575101 0.970294
0.578523 0.727663
0.582679 0.805993
0.587552 0.816577
0.593124 0.783224
0.599378 0.917585
0.60629 1.00173
0.61384 0.644975
0.622004 0.617945
0.630757 0.909991
0.640077 0.631337
0.649938 1.01174
0.660316 0.79269
0.671187 1.08009
0.682529 0.929532
0.694316 0.975366
0.706529 0.87731
0.719143 0.819404
0.73214 0.95391
0.745499 1.41509
0.7592 1.52678
0.773226 1.26587
0.787559 0.896863
0.802183 1.19071
0.817083 1.30763
0.832242 1.18456
0.589787 0.672323
0.590159 0.712785
0.591273 0.924646
0.593124 0.714035
0.595707 1.00214
0.599012 0.960565
0.603026 0.664167
0.607736 1.06123
0.613125 1.11163
0.619176 0.76555
0.62587 0.928184
0.633187 0.739676
0.641104 0.731968
0.6496 1.38821
0.658653 1.01792
0.66824 0.970698
0.678338 1.24689
0.688925 1.23611
0.699979 1.20649
0.711478 1.23501
0.723401 0.989602
0.735726 1.30376
0.748435 1.18515
0.761508 1.41477
0.774926 0.922817
0.788673 1.03172
0.80273 1.14714
0.817083 0.634588
0.831715 1.25081
0.846612 1.15888
0.610616 0.649175
0.610975 0.663589
0.612051 0.858775
0.61384 0.746655
0.616336 0.866089
0.61953 0.85706
0.623412 0.799263
0.627969 1.27326
0.633187 0.903587
0.639048 0.985125
0.645536 1.22929
0.652632 0.966295
0.660316 1.04912
0.668568 1.0044
0.677368 0.867504
0.686693 1.14878
0.696524 0.871235
0.706839 1.25816
0.717617 1.07318
0.728837 0.892116
0.74048 0.930945
0.752526 0.958806
0.764956 1.07908
0.777751 1.4986
0.790894 1.14347
0.804368 1.24032
0.818156 1.17599
0.832242 1.10271
0.846612 1.09167
0.861252 0.981584
0.0837758 7.0791
0.0863541 19.9175
0.0936642 5.25781
0.10472 1.30852
0.118477 7.48192
0.134107 9.85324
0.151029 10.0871
0.168856 2.4005
0.187328 1.17548
0.206274 0.926677
0.225573 1.01366
0.245143 0.474788
0.264922 0.373972
0.284869 0.325663
0.304949 0.388813
0.325138 0.242532
0.345416 0.202743
0.36577 0.445772
0.386187 0.471212
0.406658 0.30521
0.427174 0.472385
0.447731 0.351729
0.468321 0.464285
0.488941 0.67846
0.509588 0.449186
0.530258 0.52425
0.550949 0.572854
0.571659 0.860409
0.592384 0.649006
0.613125 0.858923
0.0863541 16.1803
0.0888577 1.27071
0.0959772 12.0565
0.106794 2.19538
0.120314 14.3905
0.135732 6.96158
0.152474 1.50491
0.170149 1.91367
0.188496 2.44433
0.207335 1.65965
0.226543 0.769994
0.246036 1.36616
0.265749 0.339605
0.285637 0.327597
0.305667 0.299785
0.325811 0.286762
0.346051 0.318763
0.36637 0.272286
0.386755 0.293726
0.407197 0.400875
0.427688 0.419999
0.44822 0.431858
0.468789 0.312601
0.48939 0.45303
0.510019 0.57384
0.530672 0.558905
0.551347 0.622517
0.572042 0.804491
0.592755 0.672102
0.613483 0.994809
0.0936642 2.50379
0.0959772 17.997
0.102604 2.90487
0.112787 15.0709
0.125664 13.5095
0.140496 4.60926
0.15673 3.45988
0.173974 2.07173
0.191954 1.17195
0.210484 0.808342
0.229429 0.657849
0.248696 0.299031
0.268213 0.534834
0.287932 0.328468
0.307812 0.486638
0.327825 0.228355
0.347947 0.333261
0.368161 0.546837
0.388452 0.413997
0.40881 0.32236
0.429223 0.410064
0.449686 0.48476
0.470191 0.44294
0.490732 0.521556
0.511307 0.543182
0.53191 0.61009
0.552539 0.730883
0.573191 0.546071
0.593864 1.14096
0.614554 0.909398
0.10472 6.04056
0.106794 19.3567
0.112787 6.32897
0.122123 24.2815
0.134107 4.12792
0.148096 19.5065
0.163577 4.73485
0.180167 0.637617
0.197585 0.578923
0.215631 0.781797
0.23416 1.91432
0.253067 0.292269
0.272271 0.654346
0.291715 0.328334
0.311354 0.2101
0.331153 0.490842
0.351085 0.735954
0.371128 0.438189
0.391265 0.353049
0.411483 0.436894
0.431771 0.369162
0.452118 0.427367
0.472517 0.574531
0.492962 0.535473
0.513447 0.665257
0.533968 0.641124
0.554521 0.603023
0.575101 0.672901
0.595707 0.591831
0.616336 0.945488
0.118477 8.48579
0.120314 3.86655
0.125664 7.70047
0.134107 9.6651
0.145104 4.40128
0.158123 3.99778
0.172708 2.80814
0.188496 4.54829
0.205208 0.654085
0.222637 0.553836
0.240628 0.422615
0.259062 0.404058
0.277853 0.354778
0.296932 0.462084
0.316247 0.383205
0.335757 0.280755
0.355431 0.356292
0.375242 0.341222
0.39517 0.34081
0.415198 0.442701
0.435312 0.314812
0.455501 0.338201
0.475755 0.42354
0.496067 0.402338
0.516429 0.462296
0.536836 0.51921
0.557282 0.593085
0.577765 0.885083
0.598279 0.623588
0.618822 0.744698
0.134107 3.02032
0.135732 7.05811
0.140496 5.98298
0.148096 1.64346
0.158123 1.7451
0.170149 2.03259
0.183782 0.856954
0.198692 0.622618
0.214612 1.09481
0.231334 0.796416
0.248696 0.369038
0.266573 0.47648
0.284869 0.313442
0.303507 0.283174
0.322428 0.305452
0.341586 0.316398
0.360942 0.3702
0.380466 0.34573
0.400134 0.312163
0.419925 0.436801
0.439823 0.413808
0.459814 0.424648
0.479886 0.676897
0.50003 0.573169
0.520237 0.745929
0.5405 0.68898
0.560813 0.618493
0.581171 0.677405
0.601569 0.899041
0.622004 0.613351
0.151029 5.24372
0.152474 1.90568
0.15673 6.83531
0.163577 1.10831
0.172708 1.40332
0.183782 1.60301
0.196472 1.49997
0.210484 1.00562
0.225573 0.589508
0.241537 0.736441
0.258214 0.451301
0.275475 0.545414
0.293215 0.393916
0.311354 0.451562
0.329826 0.367638
0.348577 0.266255
0.367565 0.306827
0.386755 0.278666
0.406118 0.44345
0.425631 0.329748
0.445275 0.341982
0.465031 0.569749
0.484888 0.440677
0.504832 0.607911
0.524854 0.332708
0.544945 0.670421
0.565099 0.579359
0.585308 0.545066
0.605566 0.757829
0.62587 1.03675
0.168856 4.39729
0.170149 1.10061
0.173974 1.31932
0.180167 0.955366
0.188496 0.661408
0.198692 4.24064
0.210484 0.531405
0.22362 1.00887
0.237878 0.634132
0.253067 0.599915
0.26903 0.443331
0.285637 0.403454
0.302783 0.428691
0.320381 0.538197
0.33836 0.223483
0.356663 0.307534
0.375242 0.480286
0.394058 0.275352
0.413079 0.544193
0.432278 0.464259
0.451632 0.449222
0.471123 0.547879
0.490732 0.624773
0.510448 0.563318
0.530258 0.483108
0.550153 0.571355
0.570122 0.618525
0.590159 0.87631
0.610257 0.781688
0.630409 0.701885
0.187328 0.849196
0.188496 0.439622
0.191954 2.43753
0.197585 2.25335
0.205208 1.01444
0.214612 0.82991
0.225573 0.365959
0.237878 0.4326
0.251327 0.423314
0.265749 0.368651
0.280993 0.55783
0.296932 0.23064
0.31346 0.381495
0.33049 0.333297
0.347947 0.430156
0.36577 0.538664
0.383909 0.339146
0.40232 0.368914
0.420968 0.421036
0.439823 0.369184
0.458859 0.492052
0.478055 0.426909
0.497391 0.397812
0.516853 0.498147
0.536427 0.665348
0.5561 0.439484
0.575863 0.812272
0.595707 0.840325
0.615624 0.733881
0.635607 1.03845
0.206274 0.779001
0.207335 1.29014
0.210484 2.34945
0.215631 0.437221
0.222637 0.543846
0.231334 1.09284
0.241537 0.626278
0.253067 0.761442
0.265749 0.297608
0.279427 0.425116
0.293962 0.208401
0.309234 0.446047
0.325138 0.259604
0.341586 0.249427
0.358503 0.351176
0.375826 0.280869
0.393501 0.430739
0.411483 0.384302
0.429734 0.466035
0.44822 0.337212
0.466914 0.528711
0.485791 0.399812
0.504832 0.534959
0.524017 0.470571
0.543333 0.669949
0.562765 0.733834
0.582302 0.802998
0.601934 0.768504
0.621651 0.949154
0.641446 1.13808
0.225573 1.35106
0.226543 0.580551
0.229429 0.731765
0.23416 0.759668
0.240628 0.709652
0.248696 0.384752
0.258214 0.426411
0.26903 0.208175
0.280993 0.341784
0.293962 0.276332
0.307812 0.246195
0.322428 0.388782
0.337711 0.277512
0.353575 0.241151
0.369944 0.294275
0.386755 0.368648
0.403952 0.289302
0.421489 0.524699
0.439324 0.371668
0.457423 0.482563
0.475755 0.413619
0.494295 0.500085
0.51302 0.814362
0.53191 0.818414
0.550949 0.675256
0.570122 1.00099
0.589415 0.871315
0.608817 0.960054
0.628319 0.989446
0.64791 0.899094
0.245143 1.01554
0.246036 0.654339
0.248696 0.583209
0.253067 0.475878
0.259062 0.608414
0.266573 0.282937
0.275475 0.306851
0.285637 0.36693
0.296932 0.369085
0.309234 0.230867
0.322428 0.320331
0.33641 0.212158
0.351085 0.349633
0.36637 0.270218
0.382191 0.369749
0.398486 0.435883
0.415198 0.384367
0.432278 0.405511
0.449686 0.358633
0.467383 0.423408
0.48534 0.504418
0.503527 0.493947
0.521921 0.422342
0.5405 0.775252
0.559247 0.565436
0.578144 0.77237
0.597178 0.59374
0.616336 0.851043
0.635607 0.773512
0.65498 0.846819
0.264922 0.802863
0.265749 0.68437
0.268213 0.292307
0.272271 0.301999
0.277853 0.543682
0.284869 0.312692
0.293215 0.349518
0.302783 0.276423
0.31346 0.290749
0.325138 0.370038
0.337711 0.394157
0.351085 0.309221
0.36517 0.457316
0.379889 0.254714
0.39517 0.270689
0.41095 0.437019
0.427174 0.551814
0.443794 0.455167
0.460767 0.478672
0.478055 0.478298
0.495624 0.602869
0.513447 0.600744
0.531498 0.635561
0.549754 0.645159
0.568195 0.485618
0.586805 1.09362
0.605566 0.692778
0.624467 1.04049
0.643494 0.683928
0.662637 0.890083
0.284869 0.320617
0.285637 0.578436
0.287932 0.440283
0.291715 0.329902
0.296932 0.292426
0.303507 0.338083
0.311354 0.478055
0.320381 0.272571
0.33049 0.340555
0.341586 0.346986
0.353575 0.433072
0.36637 0.426898
0.379889 0.196189
0.394058 0.478837
0.40881 0.35224
0.424083 0.356993
0.439823 0.574491
0.455982 0.54411
0.472517 0.524122
0.48939 0.508049
0.506567 0.377668
0.524017 0.740724
0.541716 0.597804
0.559639 0.855223
0.577765 0.704318
0.596075 0.803894
0.614554 0.764908
0.633187 0.882709
0.651959 0.645379
0.670861 1.38818
0.304949 0.287234
0.305667 0.230095
0.307812 0.293459
0.311354 0.42981
0.316247 0.576826
0.322428 0.296793
0.329826 0.314478
0.33836 0.414449
0.347947 0.31187
0.358503 0.373121
0.369944 0.294658
0.382191 0.389374
0.39517 0.436457
0.40881 0.412005
0.423047 0.368237
0.437824 0.492845
0.453087 0.53361
0.468789 0.584572
0.484888 0.46161
0.501344 0.344225
0.518125 0.462254
0.535199 0.451428
0.552539 0.651172
0.570122 1.06231
0.587925 0.802513
0.605928 0.830693
0.624116 1.00567
0.642471 1.09779
0.66098 1.20454
0.67963 1.35962
0.325138 0.361981
0.325811 0.272902
0.327825 0.327787
0.331153 0.316274
0.335757 0.301486
0.341586 0.365622
0.348577 0.361177
0.356663 0.398976
0.36577 0.39076
0.375826 0.378808
0.386755 0.428492
0.398486 0.462396
0.41095 0.456253
0.424083 0.360672
0.437824 0.459675
0.452118 0.533699
0.466914 0.495044
0.482166 0.57299
0.497832 0.554583
0.513874 0.478964
0.530258 0.70433
0.546954 0.374611
0.563933 0.624008
0.581171 0.682704
0.598645 0.843158
0.616336 0.634889
0.634225 1.17883
0.652296 1.41189
0.670534 0.94132
0.688925 1.28624
0.345416 0.268218
0.346051 0.324597
0.347947 0.351924
0.351085 0.376752
0.355431 0.276235
0.360942 0.359765
0.367565 0.284548
0.375242 0.293873
0.383909 0.422913
0.393501 0.317718
0.403952 0.380072
0.415198 0.404479
0.427174 0.354332
0.439823 0.41262
0.453087 0.398543
0.466914 0.421883
0.481255 0.415348
0.496067 0.700176
0.511307 0.523506
0.526939 0.701132
0.542929 0.657867
0.559247 0.757911
0.575863 0.759083
0.592755 0.649249
0.609897 0.73175
0.62727 0.822221
0.644856 0.79335
0.662637 1.20773
0.680598 0.820651
0.698725 1.08314
0.36577 0.329706
0.36637 0.333651
0.368161 0.30732
0.371128 0.299726
0.375242 0.299756
0.380466 0.430201
0.386755 0.375177
0.394058 0.349252
0.40232 0.504875
0.411483 0.374744
0.421489 0.43061
0.432278 0.369148
0.443794 0.472579
0.455982 0.383629
0.468789 0.551226
0.482166 0.758736
0.496067 0.640825
0.510448 0.615861
0.525272 0.66024
0.5405 0.544597
0.5561 0.715265
0.572042 0.601995
0.588298 0.982027
0.604842 0.592145
0.621651 0.912878
0.638705 1.02294
0.655984 0.602888
0.673471 0.935704
0.69115 0.950562
0.709008 0.969793
0.386187 0.32654
0.386755 0.313136
0.388452 0.282817
0.391265 0.41289
0.39517 0.371317
0.400134 0.438818
0.406118 0.518258
0.413079 0.345164
0.420968 0.310834
0.429734 0.370285
0.439324 0.378582
0.449686 0.426681
0.460767 0.484844
0.472517 0.457554
0.484888 0.416941
0.497832 0.421751
0.511307 0.803684
0.525272 0.532208
0.539688 0.664018
0.554521 0.873589
0.569737 0.911041
0.585308 0.851186
0.601204 0.913376
0.617403 0.863787
0.633879 0.598632
0.650612 0.854901
0.667583 1.19453
0.684774 0.775347
0.702169 1.01406
0.719753 1.13941
0.406658 0.478864
0.407197 0.457963
0.40881 0.554204
0.411483 0.452225
0.415198 0.34977
0.419925 0.309215
0.425631 0.446478
0.432278 0.366256
0.439823 0.440001
0.44822 0.383222
0.457423 0.377545
0.467383 0.381552
0.478055 0.735309
0.48939 0.488485
0.501344 0.4821
0.513874 0.418388
0.526939 0.592618
0.5405 0.603132
0.554521 0.700953
0.568967 0.691146
0.583807 0.780431
0.599012 0.869866
0.614554 0.588861
0.630409 0.787666
0.646554 1.08327
0.662968 1.00503
0.67963 0.749937
0.696524 1.03163
0.713633 0.951763
0.730941 1.36923
0.427174 0.383159
0.427688 0.491577
0.429223 0.306992
0.431771 0.38729
0.435312 0.605431
0.439823 0.393399
0.445275 0.621647
0.451632 0.273084
0.458859 0.50874
0.466914 0.586135
0.475755 0.411989
0.48534 0.527349
0.495624 0.463548
0.506567 0.689453
0.518125 0.571388
0.530258 0.608913
0.542929 0.571899
0.5561 0.756204
0.569737 0.587704
0.583807 0.870324
0.598279 0.800187
0.613125 0.891974
0.628319 1.09328
0.643835 1.0133
0.659651 0.812112
0.675747 0.794369
0.692102 0.742219
0.708698 1.00989
0.72552 1.05861
0.742551 0.954373
0.447731 0.320669
0.44822 0.589347
0.449686 0.326715
0.452118 0.472881
0.455501 0.317836
0.459814 0.578918
0.465031 0.377985
0.471123 0.495455
0.478055 0.401887
0.485791 0.69872
0.494295 0.384818
0.503527 0.513002
0.513447 0.565933
0.524017 0.477026
0.535199 0.452801
0.546954 0.753575
0.559247 0.478335
0.572042 0.489009
0.585308 0.679542
0.599012 0.65358
0.613125 0.807426
0.62762 0.822333
0.642471 0.960301
0.657653 0.87816
0.673145 1.05303
0.688925 0.991099
0.704975 1.11101
0.721275 1.09122
0.73781 1.02169
0.754564 0.87338
0.468321 0.450554
0.468789 0.259751
0.470191 0.44956
0.472517 0.461551
0.475755 0.368623
0.479886 0.320288
0.484888 0.449557
0.490732 0.521255
0.497391 0.422055
0.504832 0.6123
0.51302 0.484921
0.521921 0.660141
0.531498 0.498943
0.541716 0.57798
0.552539 0.728151
0.563933 0.744426
0.575863 0.494823
0.588298 0.964366
0.601204 0.83378
0.614554 1.06747
0.628319 0.78907
0.642471 1.22589
0.656986 1.02278
0.671841 0.671284
0.687013 0.908051
0.702481 0.780009
0.718228 1.36005
0.734234 0.739066
0.750483 0.946956
0.766961 1.08264
0.488941 0.463913
0.48939 0.440237
0.490732 0.447319
0.492962 0.52726
0.496067 0.510236
0.50003 0.442466
0.504832 0.645758
0.510448 0.352556
0.516853 0.561949
0.524017 0.668558
0.53191 0.673578
0.5405 0.649755
0.549754 0.543433
0.559639 0.605883
0.570122 0.484591
0.581171 0.94852
0.592755 0.837424
0.604842 0.941753
0.617403 1.18238
0.630409 0.924812
0.643835 1.34933
0.657653 0.779916
0.671841 0.973466
0.686374 0.766521
0.701232 1.32861
0.716393 1.21573
0.731841 1.46333
0.747555 1.28571
0.763521 1.1908
0.779723 1.27319
0.509588 0.881324
0.510019 0.564527
0.511307 0.689901
0.513447 0.533509
0.516429 0.428349
0.520237 0.62832
0.524854 0.592097
0.530258 0.464492
0.536427 0.659079
0.543333 0.552364
0.550949 0.846942
0.559247 0.514706
0.568195 0.670218
0.577765 0.785863
0.587925 0.648999
0.598645 0.668843
0.609897 0.853687
0.621651 1.14074
0.633879 1.03783
0.646554 0.707713
0.659651 1.0107
0.673145 0.950726
0.687013 1.12163
0.701232 0.870417
0.715781 1.03139
0.730641 1.12977
0.745793 1.19974
0.76122 1.33791
0.776905 1.23307
0.792833 1.54137
0.530258 0.601304
0.530672 0.663557
0.53191 0.82093
0.533968 0.583861
0.536836 0.808485
0.5405 0.759689
0.544945 0.684583
0.550153 0.555246
0.5561 0.869942
0.562765 0.804239
0.570122 0.590028
0.578144 0.76068
0.586805 0.876124
0.596075 0.721108
0.605928 0.636966
0.616336 0.929802
0.62727 1.28687
0.638705 0.993775
0.650612 1.02315
0.662968 1.12201
0.675747 1.30091
0.688925 1.1836
0.702481 0.924575
0.716393 1.10467
0.730641 1.05705
0.745204 0.983711
0.760066 0.966974
0.775209 1.23555
0.790617 0.824424
0.806274 0.877539
0.550949 0.607553
0.551347 0.79243
0.552539 0.805494
0.554521 0.77972
0.557282 0.624211
0.560813 0.825528
0.565099 0.879733
0.570122 0.95985
0.575863 0.756008
0.582302 0.644653
0.589415 0.853107
0.597178 0.573532
0.605566 0.703079
0.614554 0.718723
0.624116 0.970367
0.634225 0.910023
0.644856 1.20887
0.655984 1.04776
0.667583 0.887521
0.67963 1.277
0.692102 0.919194
0.704975 0.994226
0.718228 1.24052
0.731841 1.24046
0.745793 0.870725
0.760066 1.36699
0.774643 0.951746
0.789506 0.96662
0.80464 1.06427
0.82003 1.36058
0.571659 0.587761
0.572042 0.740286
0.573191 0.936811
0.575101 0.699383
0.577765 0.762152
0.581171 0.782446
0.585308 0.60222
0.590159 0.671415
0.595707 0.729286
0.601934 0.98124
0.608817 1.03794
0.616336 0.981183
0.624467 0.645023
0.633187 0.989291
0.642471 0.924703
0.652296 1.47737
0.662637 1.03982
0.673471 1.25269
0.684774 1.16426
0.696524 0.75124
0.708698 1.0415
0.721275 0.954233
0.734234 1.1781
0.747555 1.17015
0.76122 1.01439
0.775209 1.00777
0.789506 1.1878
0.804095 1.41421
0.818959 1.2825
0.834085 1.3866
0.592384 0.731465
0.592755 0.724702
0.593864 0.748085
0.595707 0.696989
0.598279 0.669603
0.601569 0.98588
0.605566 0.739545
0.610257 1.1809
0.615624 0.67189
0.621651 0.91017
0.628319 1.17572
0.635607 1.06133
0.643494 0.835718
0.651959 1.20498
0.66098 1.30219
0.670534 1.25409
0.680598 1.02235
0.69115 0.779599
0.702169 0.79853
0.713633 1.13272
0.72552 1.10798
0.73781 0.992642
0.750483 1.0648
0.763521 1.12718
0.776905 1.17734
0.790617 0.762768
0.80464 1.23062
0.818959 1.17846
0.833559 1.27006
0.848424 1.17211
0.613125 0.942259
0.613483 0.950421
0.614554 0.864968
0.616336 0.77785
0.618822 0.811354
0.622004 0.893303
0.62587 0.832686
0.630409 0.949265
0.635607 0.711558
0.641446 0.607729
0.64791 0.998868
0.65498 1.29275
0.662637 0.752202
0.670861 1.35263
0.67963 1.20007
0.688925 1.14082
0.698725 1.5264
0.709008 1.06379
0.719753 1.14634
0.730941 1.145
0.742551 1.09557
0.754564 1.46668
0.766961 1.03025
0.779723 0.979526
0.792833 1.02061
0.806274 1.2168
0.82003 1.07517
0.834085 0.967934
0.848424 1.15306
0.863033 1.50404
0.10472 23.615
0.106794 3.42587
0.112787 8.01321
0.122123 4.31169
0.134107 3.51881
0.148096 11.1983
0.163577 1.87937
0.180167 1.50202
0.197585 0.588637
0.215631 4.44495
0.23416 0.462206
0.253067 0.699811
0.272271 0.473284
0.291715 0.416152
0.311354 0.283131
0.331153 0.418037
0.351085 0.253791
0.371128 0.308502
0.391265 0.406325
0.411483 0.3571
0.431771 0.408376
0.452118 0.455674
0.472517 0.387961
0.492962 0.432718
0.513447 0.491038
0.533968 0.646638
0.554521 0.845997
0.575101 0.854957
0.595707 0.656044
0.616336 0.700818
0.106794 0.394984
0.108828 4.44843
0.114715 40.7152
0.123906 9.0112
0.135732 10.2912
0.14957 2.25952
0.164913 6.15163
0.18138 1.06099
0.198692 1.16727
0.216646 1.15198
0.235095 0.373257
0.253932 0.410335
0.273076 0.455764
0.292466 0.250209
0.312058 0.286435
0.331815 0.353255
0.351709 0.204741
0.371718 0.327844
0.391825 0.30118
0.412016 0.218535
0.432278 0.379155
0.452603 0.378559
0.472981 0.494038
0.493407 0.65206
0.513874 0.514034
0.534379 0.734869
0.554916 0.590153
0.575482 0.673162
0.596075 0.562653
0.616692 0.979914
0.112787 23.6575
0.114715 8.1633
0.120314 11.8325
0.129107 5.88287
0.140496 0.997585
0.153906 2.97572
0.168856 0.964253
0.184972 0.990944
0.201976 3.49279
0.219662 1.53374
0.237878 0.876485
0.25651 0.835759
0.275475 0.494619
0.294708 0.276385
0.314159 0.314415
0.333792 0.216567
0.353575 0.361811
0.373484 0.334915
0.393501 0.415258
0.41361 0.326723
0.433798 0.424268
0.454054 0.316614
0.47437 0.452148
0.494739 0.467532
0.515153 0.671401
0.535609 0.493052
0.5561 0.594479
0.576625 0.736737
0.597178 0.834493
0.617758 0.772864
0.122123 29.3033
0.123906 10.8238
0.129107 8.82908
0.137339 12.8686
0.148096 0.853217
0.160874 0.934545
0.17523 4.4996
0.190808 0.465627
0.207335 0.959887
0.224599 0.252038
0.242444 0.622007
0.26075 0.374201
0.279427 0.3248
0.298405 0.229727
0.317631 0.248549
0.337061 0.374162
0.356663 0.314991
0.376409 0.340178
0.396278 0.485934
0.416253 0.293087
0.436318 0.434619
0.456463 0.381426
0.476676 0.378988
0.49695 0.375957
0.517277 0.655601
0.537652 0.577404
0.558069 0.455617
0.578523 0.923295
0.599012 0.691435
0.61953 1.21134
0.134107 5.24075
0.135732 2.32189
0.140496 4.87281
0.148096 1.36525
0.158123 0.482043
0.170149 1.35433
0.183782 0.975605
0.198692 0.529657
0.214612 0.587303
0.231334 0.610357
0.248696 0.438042
0.266573 0.305889
0.284869 0.458156
0.303507 0.335495
0.322428 0.34843
0.341586 0.345212
0.360942 0.293338
0.380466 0.2967
0.400134 0.345786
0.419925 0.476538
0.439823 0.592718
0.459814 0.380939
0.479886 0.518179
0.50003 0.373227
0.520237 0.726069
0.5405 0.795576
0.560813 0.800658
0.581171 0.914019
0.601569 0.846851
0.622004 0.664961
0.148096 0.604736
0.14957 1.22066
0.153906 1.09083
0.160874 5.28152
0.170149 2.94621
0.18138 0.966921
0.194226 1.71773
0.20839 1.36932
0.22362 0.95815
0.239714 0.399637
0.25651 0.341765
0.273878 0.655289
0.291715 0.243182
0.309942 0.325484
0.328493 0.252699
0.347316 0.425574
0.36637 0.219527
0.385619 0.373189
0.405037 0.308473
0.4246 0.260131
0.444288 0.360347
0.464087 0.509899
0.483982 0.476834
0.503962 0.602427
0.524017 0.458694
0.54414 0.699677
0.564322 0.488169
0.584558 0.932534
0.604842 0.715049
0.625169 0.828326
0.163577 1.9184
0.164913 1.03245
0.168856 5.95702
0.17523 0.722544
0.183782 1.013
0.194226 1.46641
0.206274 0.656472
0.219662 0.822728
0.23416 0.925312
0.249576 0.2748
0.265749 0.307679
0.282549 0.402698
0.299872 0.445637
0.317631 0.338041
0.335757 0.278603
0.354194 0.393189
0.372896 0.380212
0.391825 0.465443
0.41095 0.452022
0.430244 0.398062
0.449686 0.341704
0.469257 0.482704
0.488941 0.422696
0.508727 0.701258
0.528601 0.73015
0.548556 0.657106
0.568581 0.842647
0.58867 0.540915
0.608817 0.884433
0.629016 0.78553
0.180167 1.50174
0.18138 1.38345
0.184972 1.38469
0.190808 1.02991
0.198692 3.0048
0.20839 0.559212
0.219662 0.476926
0.23228 0.271712
0.246036 0.403469
0.26075 0.533247
0.27627 0.546597
0.292466 0.425075
0.309234 0.197737
0.326484 0.278807
0.344144 0.346423
0.362155 0.270457
0.380466 0.39912
0.399036 0.381036
0.417831 0.4201
0.436821 0.408511
0.455982 0.434287
0.475294 0.328483
0.494739 0.627409
0.514301 0.626652
0.533968 0.655595
0.553729 0.727481
0.573574 0.732406
0.593494 0.836472
0.613483 1.02843
0.633533 1.16223
0.197585 1.77375
0.198692 0.748177
0.201976 0.975679
0.207335 0.63981
0.214612 1.32908
0.22362 0.845451
0.23416 0.383242
0.246036 0.410038
0.259062 0.627937
0.273076 0.582575
0.287932 0.427785
0.303507 0.178203
0.319696 0.389115
0.33641 0.233274
0.353575 0.411372
0.371128 0.339891
0.389017 0.308876
0.407197 0.382744
0.425631 0.432548
0.444288 0.39786
0.463141 0.410161
0.482166 0.483058
0.501344 0.441717
0.520658 0.624037
0.540094 0.454192
0.559639 0.708983
0.579281 0.609224
0.599012 0.714573
0.618822 0.846381
0.638705 0.820152
0.215631 1.43834
0.216646 0.521497
0.219662 0.433332
0.224599 0.320827
0.231334 0.475486
0.239714 0.76144
0.249576 1.50006
0.26075 0.533414
0.273076 0.377505
0.286404 0.347366
0.300602 0.360613
0.315552 0.236377
0.331153 0.286662
0.347316 0.266655
0.363967 0.232385
0.381042 0.291731
0.398486 0.451762
0.416253 0.403896
0.434303 0.350151
0.452603 0.448855
0.471123 0.373589
0.489838 0.505032
0.508727 0.609633
0.527771 0.597651
0.546954 0.655648
0.566262 0.965079
0.585682 0.625365
0.605204 0.99422
0.624818 0.750131
0.644516 0.679345
0.23416 0.394705
0.235095 0.288675
0.237878 0.495649
0.242444 0.640543
0.248696 0.598018
0.25651 0.842982
0.265749 0.303483
0.27627 0.459712
0.287932 0.321775
0.300602 0.266271
0.314159 0.423154
0.328493 0.293091
0.343506 0.352439
0.359114 0.329497
0.375242 0.264134
0.391825 0.372919
0.40881 0.427071
0.426146 0.431226
0.443794 0.419319
0.461718 0.366695
0.479886 0.45731
0.498272 0.618407
0.516853 0.466921
0.535609 0.758423
0.554521 0.723809
0.573574 0.46083
0.592755 0.989929
0.612051 0.977986
0.631452 0.867191
0.650949 0.80018
0.253067 0.468017
0.253932 0.93383
0.25651 0.768025
0.26075 0.275515
0.266573 0.450295
0.273878 0.727464
0.282549 0.450523
0.292466 0.33403
0.303507 0.265385
0.315552 0.475555
0.328493 0.270271
0.342227 0.215342
0.356663 0.271215
0.371718 0.393207
0.387322 0.303351
0.403409 0.492644
0.419925 0.291359
0.436821 0.502381
0.454054 0.358564
0.471588 0.461392
0.48939 0.36648
0.507432 0.357267
0.525689 0.661352
0.54414 0.582861
0.562765 0.619752
0.581548 0.906393
0.600474 0.767368
0.61953 0.831442
0.638705 0.773393
0.657987 0.710582
0.272271 0.424648
0.273076 0.770546
0.275475 0.381118
0.279427 0.323345
0.284869 0.239042
0.291715 0.295814
0.299872 0.259074
0.309234 0.285604
0.319696 0.471152
0.331153 0.310204
0.343506 0.237216
0.356663 0.387278
0.370536 0.379909
0.38505 0.313293
0.400134 0.281457
0.415726 0.322641
0.431771 0.371717
0.44822 0.326808
0.465031 0.62
0.482166 0.493618
0.499591 0.590965
0.517277 0.790656
0.535199 0.995486
0.553333 0.702423
0.571659 0.569905
0.590159 0.738247
0.608817 0.891943
0.62762 0.743283
0.646554 0.871032
0.665609 1.31963
0.291715 0.33772
0.292466 0.209534
0.294708 0.61048
0.298405 0.437015
0.303507 0.266107
0.309942 0.417888
0.317631 0.540964
0.326484 0.338624
0.33641 0.411429
0.347316 0.337963
0.359114 0.463904
0.371718 0.452098
0.38505 0.359522
0.399036 0.274927
0.41361 0.444137
0.428712 0.359435
0.444288 0.468997
0.460291 0.385211
0.476676 0.428896
0.493407 0.411862
0.510448 0.520931
0.527771 0.437211
0.545348 0.519582
0.563155 0.647929
0.581171 0.796224
0.599378 0.621886
0.617758 0.820414
0.636296 0.930834
0.65498 1.06545
0.673797 1.19165
0.311354 0.67082
0.312058 0.371423
0.314159 0.367074
0.317631 0.236577
0.322428 0.3392
0.328493 0.339928
0.335757 0.349449
0.344144 0.384138
0.353575 0.218106
0.363967 0.221759
0.375242 0.242851
0.387322 0.464853
0.400134 0.280513
0.41361 0.454812
0.427688 0.41352
0.442309 0.436718
0.457423 0.420601
0.472981 0.368525
0.488941 0.763877
0.505266 0.577529
0.521921 0.640673
0.538874 0.561478
0.5561 0.652115
0.573574 0.712459
0.591273 0.704614
0.609177 0.672833
0.62727 0.915977
0.645536 0.792924
0.66396 1.08153
0.682529 0.59715
0.331153 0.338704
0.331815 0.308769
0.333792 0.27384
0.337061 0.321337
0.341586 0.453511
0.347316 0.359328
0.354194 0.286643
0.362155 0.3684
0.371128 0.329889
0.381042 0.334329
0.391825 0.335996
0.403409 0.391778
0.415726 0.298643
0.428712 0.392536
0.442309 0.330668
0.456463 0.335351
0.471123 0.279117
0.486243 0.448638
0.501781 0.506329
0.517701 0.519334
0.533968 0.525647
0.550551 0.58831
0.567423 0.692677
0.584558 0.967839
0.601934 0.610884
0.61953 0.604896
0.63733 0.938462
0.655315 0.911886
0.673471 1.08824
0.691785 1.07694
0.351085 0.387056
0.351709 0.343619
0.353575 0.189284
0.356663 0.292993
0.360942 0.430308
0.36637 0.551607
0.372896 0.291207
0.380466 0.20687
0.389017 0.375199
0.398486 0.266044
0.40881 0.34019
0.419925 0.403071
0.431771 0.496963
0.444288 0.428982
0.457423 0.587339
0.471123 0.444904
0.48534 0.520316
0.50003 0.673636
0.515153 0.60161
0.530672 0.711088
0.546553 0.666258
0.562765 0.828235
0.579281 1.09834
0.596075 0.704787
0.613125 0.761677
0.630409 0.813873
0.64791 0.914353
0.665609 1.35561
0.683492 1.02042
0.701544 0.887575
0.371128 0.431536
0.371718 0.269481
0.373484 0.249787
0.376409 0.439916
0.380466 0.317582
0.385619 0.285229
0.391825 0.508784
0.399036 0.280537
0.407197 0.321901
0.416253 0.298888
0.426146 0.210577
0.436821 0.48694
0.44822 0.534569
0.460291 0.413108
0.472981 0.667589
0.486243 0.412441
0.50003 0.509561
0.514301 0.46364
0.529016 0.733126
0.54414 0.647565
0.559639 0.759881
0.575482 0.648795
0.591643 0.578887
0.608096 0.803482
0.624818 0.847264
0.641788 0.686691
0.658986 0.837725
0.676396 1.06002
0.694001 0.982832
0.711786 1.05137
0.391265 0.337161
0.391825 0.245869
0.393501 0.388798
0.396278 0.406865
0.400134 0.412018
0.405037 0.422009
0.41095 0.408046
0.417831 0.406024
0.425631 0.384045
0.434303 0.48447
0.443794 0.538556
0.454054 0.354466
0.465031 0.553972
0.476676 0.488476
0.488941 0.415395
0.501781 0.45906
0.515153 0.468295
0.529016 0.481315
0.543333 0.491083
0.558069 0.649313
0.573191 0.637046
0.58867 0.649765
0.604479 0.681696
0.620592 0.93131
0.636985 1.04999
0.653639 0.635039
0.670534 1.32981
0.687651 1.06361
0.704975 0.986137
0.72249 0.853777
0.411483 0.410371
0.412016 0.374649
0.41361 0.202963
0.416253 0.444617
0.419925 0.428633
0.4246 0.395692
0.430244 0.435678
0.436821 0.488863
0.444288 0.37938
0.452603 0.504235
0.461718 0.548189
0.471588 0.452017
0.482166 0.57638
0.493407 0.5705
0.505266 0.488502
0.517701 0.549246
0.530672 0.524248
0.54414 0.514278
0.558069 0.537824
0.572425 0.749583
0.587178 0.656288
0.602298 0.918606
0.617758 0.804817
0.633533 1.47873
0.6496 1.1392
0.665939 0.983156
0.682529 1.00868
0.699352 1.16307
0.716393 1.12648
0.733636 1.24536
0.431771 0.388439
0.432278 0.483709
0.433798 0.363696
0.436318 0.298796
0.439823 0.54822
0.444288 0.477299
0.449686 0.571695
0.455982 0.586313
0.463141 0.47635
0.471123 0.553198
0.479886 0.410151
0.48939 0.516117
0.499591 0.628113
0.510448 0.536483
0.521921 0.720319
0.533968 0.692049
0.546553 0.695644
0.559639 0.827035
0.573191 0.805935
0.587178 0.944557
0.601569 0.817877
0.616336 0.6473
0.631452 1.11332
0.646894 0.772843
0.662637 1.02411
0.678662 1.02331
0.694948 1.01206
0.711478 0.921798
0.728235 1.21315
0.745204 0.867193
0.452118 0.299974
0.452603 0.423121
0.454054 0.321428
0.456463 0.341255
0.459814 0.433466
0.464087 0.420301
0.469257 0.535628
0.475294 0.3807
0.482166 0.325083
0.489838 0.408578
0.498272 0.470318
0.507432 0.875944
0.517277 0.569036
0.527771 0.580295
0.538874 0.775459
0.550551 0.499243
0.562765 0.545879
0.575482 0.549869
0.58867 0.59072
0.602298 0.721218
0.616336 0.651711
0.630757 0.479792
0.645536 0.777897
0.660648 1.08769
0.676071 1.27075
0.691785 0.876786
0.707769 1.11535
0.724007 1.18847
0.74048 1.29773
0.757175 0.95075
0.472517 0.408449
0.472981 0.406836
0.47437 0.508077
0.476676 0.464083
0.479886 0.368222
0.483982 0.497663
0.488941 0.640788
0.494739 0.575355
0.501344 0.601623
0.508727 0.736826
0.516853 0.63843
0.525689 0.516696
0.535199 0.660886
0.545348 0.843105
0.5561 0.78094
0.567423 0.877834
0.579281 0.818903
0.591643 0.700101
0.604479 0.603373
0.617758 0.516366
0.631452 0.685041
0.645536 0.670839
0.659984 1.15789
0.674772 1.01314
0.68988 0.689528
0.705286 0.829316
0.720971 1.17304
0.736918 1.27755
0.753109 1.18747
0.76953 1.16421
0.492962 0.487449
0.493407 0.572421
0.494739 0.531888
0.49695 0.531557
0.50003 0.454615
0.503962 0.553471
0.508727 0.450826
0.514301 0.426585
0.520658 0.882549
0.527771 0.648433
0.535609 0.635529
0.54414 0.619273
0.553333 0.729694
0.563155 0.720249
0.573574 0.510268
0.584558 0.753917
0.596075 0.755492
0.608096 0.720297
0.620592 0.925609
0.633533 0.816391
0.646894 0.99431
0.660648 0.925932
0.674772 0.898793
0.689244 0.854976
0.704041 0.734135
0.719143 1.16008
0.734533 1.25303
0.750191 1.03327
0.766102 0.84916
0.78225 1.07135
0.513447 0.695436
0.513874 0.476777
0.515153 0.508741
0.517277 0.609862
0.520237 0.500298
0.524017 0.43159
0.528601 0.649775
0.533968 0.702953
0.540094 0.400983
0.546954 0.636773
0.554521 0.509173
0.562765 0.686663
0.571659 0.800784
0.581171 0.577953
0.591273 0.52196
0.601934 0.845651
0.613125 0.805127
0.624818 0.962975
0.636985 0.959239
0.6496 0.682083
0.662637 0.853093
0.676071 1.23289
0.68988 0.896746
0.704041 1.4668
0.718533 1.17103
0.733337 1.18812
0.748435 1.40111
0.763808 1.27472
0.779441 1.35147
0.795319 0.753915
0.533968 0.79789
0.534379 0.420776
0.535609 0.64477
0.537652 0.695822
0.5405 0.738867
0.54414 0.669588
0.548556 0.616415
0.553729 0.570606
0.559639 0.55369
0.566262 0.533247
0.573574 0.539205
0.581548 0.69106
0.590159 0.882673
0.599378 1.27794
0.609177 0.784401
0.61953 0.842303
0.630409 1.0521
0.641788 0.768164
0.653639 0.840359
0.665939 1.13593
0.678662 1.20962
0.691785 0.828794
0.705286 0.858046
0.719143 0.970497
0.733337 0.944099
0.747849 0.853894
0.762659 1.31584
0.777751 1.21672
0.79311 0.963786
0.808719 1.15969
0.554521 0.50162
0.554916 0.664863
0.5561 0.657162
0.558069 0.6702
0.560813 0.847635
0.564322 0.514575
0.568581 0.596979
0.573574 0.676732
0.579281 0.767075
0.585682 0.623014
0.592755 0.924778
0.600474 0.825006
0.608817 0.850399
0.617758 0.873746
0.62727 0.851244
0.63733 0.78717
0.64791 0.794277
0.658986 0.758312
0.670534 0.682013
0.682529 0.995945
0.694948 1.30066
0.707769 0.867461
0.720971 1.04
0.734533 1.45558
0.748435 1.26784
0.762659 0.718386
0.777187 1.01447
0.792003 1.14296
0.80709 1.11688
0.822434 1.44394
0.575101 0.80882
0.575482 0.664147
0.576625 0.640765
0.578523 0.710988
0.581171 0.850843
0.584558 0.661995
0.58867 0.634806
0.593494 0.834491
0.599012 0.465516
0.605204 0.986757
0.612051 0.646087
0.61953 0.679803
0.62762 0.761409
0.636296 1.10139
0.645536 0.876276
0.655315 0.917515
0.665609 0.782427
0.676396 1.13628
0.687651 0.758421
0.699352 0.932503
0.711478 1.06517
0.724007 1.17758
0.736918 1.27988
0.750191 1.26498
0.763808 0.929486
0.777751 1.16083
0.792003 1.28354
0.806546 1.25379
0.821366 1.03751
0.836448 1.11528
0.595707 0.735983
0.596075 0.907612
0.597178 0.866858
0.599012 0.764833
0.601569 0.787005
0.604842 0.908233
0.608817 0.58829
0.613483 0.63055
0.618822 0.853088
0.624818 0.772028
0.631452 1.16442
0.638705 0.766546
0.646554 0.912006
0.65498 0.937339
0.66396 0.960462
0.673471 0.759635
0.683492 1.23651
0.694001 1.04506
0.704975 1.19554
0.716393 1.14107
0.728235 1.0842
0.74048 1.10442
0.753109 1.11617
0.766102 0.87317
0.779441 0.883063
0.79311 1.26717
0.80709 1.29797
0.821366 1.10691
0.835923 0.846542
0.850747 1.17001
0.616336 0.689883
0.616692 0.686816
0.617758 0.588706
0.61953 0.82722
0.622004 0.942285
0.625169 0.993331
0.629016 0.871206
0.633533 0.996894
0.638705 0.901523
0.644516 0.990944
0.650949 0.958943
0.657987 0.988184
0.665609 0.958275
0.673797 0.841259
0.682529 1.02883
0.691785 1.30359
0.701544 0.969187
0.711786 1.01455
0.72249 0.959744
0.733636 1.28913
0.745204 0.945339
0.757175 0.75964
0.76953 1.28736
0.78225 1.40673
0.795319 1.11848
0.808719 1.21469
0.822434 1.22173
0.836448 0.796861
0.850747 1.44059
0.865317 0.845117
0.125664 6.5843
0.127397 33.0039
0.132461 7.68133
0.140496 2.84012
0.151029 1.86982
0.163577 8.18832
0.177715 3.47866
0.193094 2.23599
0.20944 0.567308
0.226543 0.353809
0.244246 0.64435
0.262427 0.402732
0.280993 0.488385
0.299872 0.384988
0.319009 0.343394
0.33836 0.245828
0.35789 0.267671
0.377572 0.724119
0.397384 0.297647
0.417305 0.53197
0.437323 0.26198
0.457423 0.589698
0.477596 0.636683
0.497832 0.536009
0.518125 0.549009
0.538467 0.599807
0.558854 0.537257
0.579281 0.696127
0.599743 0.663414
0.620238 0.891598
0.127397 2.1069
0.129107 5.89008
0.134107 2.76603
0.142049 5.82212
0.152474 0.830017
0.164913 0.938225
0.178945 2.63816
0.194226 0.592856
0.210484 1.12496
0.22751 0.78273
0.245143 1.11411
0.263261 0.222355
0.281772 0.330578
0.300602 0.394632
0.319696 0.311495
0.339007 0.426796
0.358503 0.393646
0.378153 0.357887
0.397935 0.439898
0.417831 0.24756
0.437824 0.390295
0.457902 0.446763
0.478055 0.473564
0.498272 0.469125
0.518548 0.525952
0.538874 0.68829
0.559247 0.768225
0.57966 0.592644
0.600109 0.88402
0.620592 1.06427
0.132461 1.77019
0.134107 5.876
0.138926 1.44884
0.146608 0.724513
0.15673 3.91195
0.168856 1.90067
0.182585 2.61667
0.197585 0.312104
0.213587 1.298
0.230383 0.405279
0.247812 0.376377
0.265749 0.338898
0.284098 0.323741
0.302783 0.314187
0.321747 0.377103
0.340943 0.366662
0.360333 0.34059
0.379889 0.402644
0.399585 0.318797
0.419402 0.320886
0.439324 0.503386
0.459337 0.300012
0.479429 0.352273
0.499591 0.450605
0.519815 0.489969
0.540094 0.610732
0.560422 0.574882
0.580794 0.696596
0.601204 0.728791
0.621651 0.752395
0.140496 5.40436
0.142049 1.00715
0.146608 10.2059
0.153906 1.7458
0.163577 1.13754
0.17523 0.743993
0.188496 3.66753
0.203059 0.750985
0.218661 1.42407
0.235095 0.866736
0.252199 0.698352
0.269844 0.618751
0.287932 0.26267
0.306384 0.42466
0.325138 0.285364
0.344144 0.19762
0.363364 0.526425
0.382765 0.362281
0.40232 0.377787
0.422009 0.466772
0.441813 0.419064
0.461718 0.718499
0.481711 0.465214
0.501781 0.623279
0.521921 0.50077
0.542121 0.592591
0.562375 0.657108
0.582679 0.810823
0.603026 0.768961
0.623412 0.554193
0.151029 3.87176
0.152474 0.515886
0.15673 2.96041
0.163577 7.36379
0.172708 0.75653
0.183782 1.80318
0.196472 1.20012
0.210484 1.07755
0.225573 0.252949
0.241537 1.59747
0.258214 0.337401
0.275475 0.527849
0.293215 0.381601
0.311354 0.600247
0.329826 0.384243
0.348577 0.423246
0.367565 0.152161
0.386755 0.390673
0.406118 0.308953
0.425631 0.400862
0.445275 0.319222
0.465031 0.575935
0.484888 0.587386
0.504832 0.633294
0.524854 0.581029
0.544945 0.56444
0.565099 0.40259
0.585308 0.493154
0.605566 0.709528
0.62587 0.732463
0.163577 1.02347
0.164913 4.11107
0.168856 1.24871
0.17523 0.616151
0.183782 2.62529
0.194226 1.49854
0.206274 0.679266
0.219662 0.876254
0.23416 0.479258
0.249576 0.349754
0.265749 0.404082
0.282549 0.485272
0.299872 0.360678
0.317631 0.22705
0.335757 0.281274
0.354194 0.294171
0.372896 0.307623
0.391825 0.211928
0.41095 0.496129
0.430244 0.363454
0.449686 0.456278
0.469257 0.467034
0.488941 0.496627
0.508727 0.417404
0.528601 0.486052
0.548556 0.659403
0.568581 0.700003
0.58867 0.522254
0.608817 0.834945
0.629016 1.00562
0.177715 4.91063
0.178945 1.23461
0.182585 1.3534
0.188496 2.70781
0.196472 1.20298
0.206274 0.503014
0.217656 0.887056
0.230383 0.525377
0.244246 0.620132
0.259062 0.293663
0.274677 0.484368
0.290963 0.421793
0.307812 0.347032
0.325138 0.394099
0.342867 0.311447
0.360942 0.378325
0.379311 0.360408
0.397935 0.353007
0.416779 0.422573
0.435815 0.388849
0.455019 0.504897
0.47437 0.404141
0.493851 0.5237
0.513447 0.542851
0.533146 0.482126
0.552936 0.591622
0.572808 0.788661
0.592755 0.494927
0.612767 1.02134
0.63284 1.38948
0.193094 1.16809
0.194226 1.26113
0.197585 3.8817
0.203059 0.399138
0.210484 0.761596
0.219662 0.816709
0.230383 0.305828
0.242444 1.11918
0.255654 0.25303
0.269844 0.282575
0.284869 0.426188
0.300602 0.460389
0.316939 0.325251
0.333792 0.312653
0.351085 0.32043
0.368756 0.363639
0.386755 0.270124
0.405037 0.347717
0.423565 0.346019
0.442309 0.348073
0.461243 0.35761
0.480343 0.543549
0.499591 0.447897
0.518971 0.559947
0.538467 0.834446
0.558069 0.667252
0.577765 0.788851
0.597545 0.539066
0.617403 0.935632
0.63733 0.9325
0.20944 0.983602
0.210484 0.536306
0.213587 0.816333
0.218661 0.347687
0.225573 0.991951
0.23416 0.421189
0.244246 1.48801
0.255654 0.431231
0.268213 0.226671
0.281772 0.310075
0.296192 0.285932
0.311354 0.499939
0.327155 0.442647
0.343506 0.267545
0.360333 0.373112
0.377572 0.27229
0.39517 0.348189
0.413079 0.38256
0.431262 0.377731
0.449686 0.476929
0.468321 0.272995
0.487144 0.445022
0.506133 0.458986
0.525272 0.612498
0.544543 0.76875
0.563933 0.712588
0.583431 0.587176
0.603026 0.828044
0.622708 0.829711
0.642471 0.908627
0.226543 0.460343
0.22751 0.362995
0.230383 0.796691
0.235095 0.346336
0.241537 0.382317
0.249576 0.557024
0.259062 0.320349
0.269844 0.362971
0.281772 0.435537
0.294708 0.478383
0.308524 0.437657
0.323108 0.284797
0.33836 0.329942
0.354194 0.320369
0.370536 0.320916
0.387322 0.419794
0.404495 0.418205
0.422009 0.387939
0.439823 0.454752
0.457902 0.420084
0.476216 0.541296
0.494739 0.369044
0.513447 0.52838
0.532323 0.621178
0.551347 0.404913
0.570506 0.602727
0.589787 0.553325
0.609177 0.990602
0.628667 0.749503
0.648248 1.14149
0.244246 0.299131
0.245143 0.727353
0.247812 0.492343
0.252199 0.649434
0.258214 0.307204
0.265749 0.356913
0.274677 0.362404
0.284869 0.289849
0.296192 0.548687
0.308524 0.31169
0.321747 0.403444
0.335757 0.380868
0.350459 0.17737
0.36577 0.413114
0.381617 0.382075
0.397935 0.29018
0.414669 0.368913
0.431771 0.404187
0.449198 0.34589
0.466914 0.583572
0.484888 0.576742
0.503091 0.412199
0.5215 0.542144
0.540094 0.687771
0.558854 0.561722
0.577765 0.942523
0.596811 0.720802
0.61598 0.990639
0.635261 1.09363
0.654645 1.26191
0.262427 0.257938
0.263261 0.594349
0.265749 0.602034
0.269844 0.312511
0.275475 0.260899
0.282549 0.412676
0.290963 0.267267
0.300602 0.290764
0.311354 0.441047
0.323108 0.438834
0.335757 0.460037
0.349205 0.354328
0.363364 0.264277
0.378153 0.279559
0.393501 0.264615
0.409346 0.397433
0.425631 0.311324
0.442309 0.356545
0.459337 0.3352
0.476676 0.478795
0.494295 0.473305
0.512164 0.721012
0.530258 0.795291
0.548556 0.487781
0.567036 0.459416
0.585682 0.808692
0.604479 0.860558
0.623412 0.831772
0.642471 1.05186
0.661643 0.729594
0.280993 0.292345
0.281772 0.248727
0.284098 0.335793
0.287932 0.338286
0.293215 0.419447
0.299872 0.350308
0.307812 0.649095
0.316939 0.327804
0.327155 0.407551
0.33836 0.275131
0.350459 0.279697
0.363364 0.26938
0.376991 0.339601
0.391265 0.309916
0.406118 0.500789
0.421489 0.394794
0.437323 0.548844
0.453571 0.501969
0.470191 0.45394
0.487144 0.510569
0.504397 0.509941
0.521921 0.531169
0.539688 0.404458
0.557676 0.533158
0.575863 0.833175
0.594233 0.622487
0.612767 0.859002
0.631452 0.845322
0.650275 1.06185
0.669224 1.2114
0.299872 0.401833
0.300602 0.335364
0.302783 0.396743
0.306384 0.257058
0.311354 0.325137
0.317631 0.278467
0.325138 0.317854
0.333792 0.475145
0.343506 0.278706
0.354194 0.516076
0.36577 0.259733
0.378153 0.363251
0.391265 0.347881
0.405037 0.51249
0.419402 0.373137
0.434303 0.376306
0.449686 0.338683
0.465503 0.512649
0.481711 0.577826
0.498272 0.554715
0.515153 0.550288
0.532323 0.612921
0.549754 0.67011
0.567423 0.901144
0.585308 0.767444
0.603389 0.780696
0.621651 0.842089
0.640077 0.967337
0.658653 0.755879
0.677368 1.01445
0.319009 0.268421
0.319696 0.362434
0.321747 0.352816
0.325138 0.373919
0.329826 0.31786
0.335757 0.248429
0.342867 0.325855
0.351085 0.19363
0.360333 0.326289
0.370536 0.360857
0.381617 0.319881
0.393501 0.405244
0.406118 0.358893
0.419402 0.266956
0.433292 0.359332
0.447731 0.398474
0.462667 0.435619
0.478055 0.510857
0.493851 0.454569
0.510019 0.591915
0.526523 0.525706
0.543333 0.765427
0.560422 0.59372
0.577765 0.573266
0.595339 0.894675
0.613125 0.55552
0.631105 0.536114
0.649262 0.516072
0.667583 0.702882
0.686054 1.09927
0.33836 0.333652
0.339007 0.305832
0.340943 0.314549
0.344144 0.410891
0.348577 0.398279
0.354194 0.403709
0.360942 0.32783
0.368756 0.47992
0.377572 0.260074
0.387322 0.294866
0.397935 0.294741
0.409346 0.367252
0.421489 0.436843
0.434303 0.561425
0.447731 0.487646
0.461718 0.547997
0.476216 0.471947
0.491179 0.547044
0.506567 0.546602
0.522341 0.695158
0.538467 0.596993
0.554916 0.652018
0.571659 0.898436
0.58867 0.45682
0.605928 1.03461
0.623412 0.855211
0.641104 1.31928
0.658986 1.098
0.677044 1.14248
0.695263 1.03776
0.35789 0.382253
0.358503 0.224775
0.360333 0.311825
0.363364 0.287007
0.367565 0.386555
0.372896 0.3505
0.379311 0.286447
0.386755 0.405118
0.39517 0.333865
0.404495 0.359065
0.414669 0.493443
0.425631 0.291162
0.437323 0.469624
0.449686 0.351842
0.462667 0.348837
0.476216 0.607432
0.490285 0.402891
0.504832 0.479864
0.519815 0.63323
0.535199 0.553482
0.550949 0.667958
0.567036 0.747104
0.583431 0.450105
0.600109 0.654989
0.617047 0.987295
0.634225 0.676023
0.651623 1.05293
0.669224 1.02457
0.687013 0.874837
0.704975 1.2325
0.377572 0.382502
0.378153 0.489492
0.379889 0.378827
0.382765 0.391274
0.386755 0.349969
0.391825 0.396205
0.397935 0.315358
0.405037 0.399852
0.413079 0.410663
0.422009 0.437111
0.431771 0.422771
0.442309 0.425658
0.453571 0.583003
0.465503 0.415809
0.478055 0.373593
0.491179 0.48178
0.504832 0.611445
0.518971 0.633769
0.533557 0.68137
0.548556 0.636627
0.563933 0.725668
0.57966 0.756719
0.595707 0.968205
0.612051 0.712033
0.628667 0.657349
0.645536 1.37782
0.662637 0.722896
0.679953 0.889239
0.697468 1.28272
0.715168 1.01025
0.397384 0.446898
0.397935 0.253109
0.399585 0.261258
0.40232 0.287278
0.406118 0.492196
0.41095 0.512698
0.416779 0.420995
0.423565 0.478927
0.431262 0.417305
0.439823 0.302889
0.449198 0.336627
0.459337 0.305715
0.470191 0.514033
0.481711 0.628715
0.493851 0.481223
0.506567 0.641849
0.519815 0.557626
0.533557 0.508125
0.547755 0.480904
0.562375 0.732263
0.577385 0.640585
0.592755 0.717711
0.608457 0.803333
0.624467 0.683678
0.640762 0.802453
0.65732 0.856647
0.674122 0.654399
0.69115 0.969606
0.708389 1.3057
0.725822 0.619445
0.417305 0.403883
0.417831 0.337712
0.419402 0.385631
0.422009 0.357383
0.425631 0.299418
0.430244 0.426023
0.435815 0.414006
0.442309 0.439033
0.449686 0.31972
0.457902 0.344438
0.466914 0.376133
0.476676 0.496467
0.487144 0.488113
0.498272 0.409783
0.510019 0.393716
0.522341 0.494843
0.535199 0.605004
0.548556 0.417072
0.562375 0.722026
0.576625 0.722092
0.591273 0.596318
0.60629 1.04614
0.621651 0.872744
0.63733 0.787533
0.653304 0.899633
0.669552 0.905098
0.686054 1.018
0.702794 0.901253
0.719753 1.02466
0.736918 0.851411
0.437323 0.418408
0.437824 0.356695
0.439324 0.46323
0.441813 0.419384
0.445275 0.372623
0.449686 0.535251
0.455019 0.378121
0.461243 0.553847
0.468321 0.622177
0.476216 0.576222
0.484888 0.556634
0.494295 0.513262
0.504397 0.662172
0.515153 0.585364
0.526523 0.725668
0.538467 0.730847
0.550949 0.629126
0.563933 0.827009
0.577385 0.625573
0.591273 0.866595
0.605566 0.824788
0.620238 1.05712
0.635261 0.649963
0.650612 0.895169
0.666268 0.89987
0.682207 0.814233
0.698411 1.00848
0.714861 0.926827
0.731541 1.09532
0.748435 1.16131
0.457423 0.462363
0.457902 0.471767
0.459337 0.446445
0.461718 0.358697
0.465031 0.451981
0.469257 0.424407
0.47437 0.405137
0.480343 0.547847
0.487144 0.507681
0.494739 0.523462
0.503091 0.545252
0.512164 0.715504
0.521921 0.440673
0.532323 0.459593
0.543333 0.673436
0.554916 0.673746
0.567036 0.497791
0.57966 0.534259
0.592755 0.939961
0.60629 0.897914
0.620238 0.790475
0.634571 0.919111
0.649262 0.887295
0.66429 0.857803
0.67963 1.03406
0.695263 0.879157
0.71117 1.2133
0.727331 0.99183
0.743731 1.05861
0.760355 1.01341
0.477596 0.453472
0.478055 0.473534
0.479429 0.525019
0.481711 0.479247
0.484888 0.459965
0.488941 0.434918
0.493851 0.628824
0.499591 0.577166
0.506133 0.401388
0.513447 0.62802
0.5215 0.389918
0.530258 0.678148
0.539688 0.552922
0.549754 0.669102
0.560422 0.489614
0.571659 0.733692
0.583431 0.385843
0.595707 0.699678
0.608457 0.716077
0.621651 0.889627
0.635261 0.847698
0.649262 0.689806
0.663629 0.977125
0.678338 1.00921
0.693368 0.962563
0.708698 1.07545
0.72431 1.06632
0.740184 0.833502
0.756306 1.0307
0.772659 1.19349
0.497832 0.420683
0.498272 0.456617
0.499591 0.501984
0.501781 0.520211
0.504832 0.511906
0.508727 0.464094
0.513447 0.552032
0.518971 0.664515
0.525272 0.813318
0.532323 0.506748
0.540094 0.773347
0.548556 0.553778
0.557676 0.617782
0.567423 0.659931
0.577765 0.804753
0.58867 0.974691
0.600109 1.07278
0.612051 0.575712
0.624467 0.660043
0.63733 0.931218
0.650612 0.978185
0.66429 0.695065
0.678338 1.29333
0.692735 1.00018
0.707459 0.964724
0.72249 0.641801
0.73781 0.83967
0.7534 0.907371
0.769245 1.40149
0.785328 0.952298
0.518125 0.634128
0.518548 0.728548
0.519815 0.696291
0.521921 0.593632
0.524854 0.759403
0.528601 0.697336
0.533146 0.662708
0.538467 0.628367
0.544543 0.693858
0.551347 0.825102
0.558854 0.812482
0.567036 0.730764
0.575863 0.699908
0.585308 0.64407
0.595339 0.882808
0.605928 0.739603
0.617047 1.1366
0.628667 0.962474
0.640762 0.858459
0.653304 0.723089
0.666268 0.990221
0.67963 1.32259
0.693368 0.906911
0.707459 1.06219
0.721883 1.09009
0.73662 0.876779
0.751652 0.988651
0.766961 1.18689
0.782531 1.2819
0.798346 0.849143
0.538467 0.61143
0.538874 0.396071
0.540094 0.581577
0.542121 0.531902
0.544945 0.561028
0.548556 0.621395
0.552936 0.479699
0.558069 0.690098
0.563933 0.972481
0.570506 0.641005
0.577765 0.748562
0.585682 0.877062
0.594233 0.974935
0.603389 0.788786
0.613125 0.81374
0.623412 0.914637
0.634225 0.962287
0.645536 1.05091
0.65732 1.07007
0.669552 0.925633
0.682207 1.2755
0.695263 0.875121
0.708698 0.714675
0.72249 0.994154
0.73662 1.29454
0.751068 1.04144
0.765816 1.21075
0.780847 1.07737
0.796146 1.23071
0.811696 1.56624
0.558854 0.544312
0.559247 0.64921
0.560422 0.628243
0.562375 0.680518
0.565099 0.69754
0.568581 0.598359
0.572808 0.572038
0.577765 0.970622
0.583431 0.840409
0.589787 0.853289
0.596811 0.439205
0.604479 1.22777
0.612767 0.792383
0.621651 0.823229
0.631105 0.865006
0.641104 0.73856
0.651623 0.79798
0.662637 0.944692
0.674122 0.973688
0.686054 0.969468
0.698411 0.926297
0.71117 0.93316
0.72431 1.19566
0.73781 1.09269
0.751652 1.0901
0.765816 1.15181
0.780285 1.12821
0.795043 1.46987
0.810073 1.01825
0.825362 1.20072
0.579281 0.595283
0.57966 0.750206
0.580794 0.689349
0.582679 0.625611
0.585308 0.951046
0.58867 0.816041
0.592755 0.775671
0.597545 0.69187
0.603026 0.728185
0.609177 0.901433
0.61598 0.78668
0.623412 0.98276
0.631452 0.96884
0.640077 1.14903
0.649262 0.833411
0.658986 1.19872
0.669224 0.855954
0.679953 1.24049
0.69115 0.877199
0.702794 1.10949
0.714861 1.08976
0.727331 0.951086
0.740184 0.97098
0.7534 1.26535
0.766961 1.04367
0.780847 1.2424
0.795043 1.03463
0.809532 1.16996
0.824298 1.11121
0.839327 1.26755
0.599743 0.735388
0.600109 0.851623
0.601204 0.876009
0.603026 0.834239
0.605566 0.714292
0.608817 0.863191
0.612767 1.09273
0.617403 0.923234
0.622708 0.772574
0.628667 0.804285
0.635261 0.716763
0.642471 1.06167
0.650275 0.803637
0.658653 1.15566
0.667583 1.49559
0.677044 0.884878
0.687013 0.912999
0.697468 1.08438
0.708389 0.921917
0.719753 0.936958
0.731541 1.287
0.743731 1.1402
0.756306 1.15041
0.769245 0.819664
0.782531 1.38904
0.796146 1.44995
0.810073 1.05421
0.824298 1.46457
0.838805 1.25707
0.853578 1.27275
0.620238 0.729634
0.620592 0.530588
0.621651 0.900275
0.623412 0.92694
0.62587 0.852058
0.629016 0.540232
0.63284 0.715314
0.63733 1.04611
0.642471 0.734584
0.648248 0.79968
0.654645 1.12447
0.661643 0.900692
0.669224 0.886654
0.677368 1.0076
0.686054 0.949642
0.695263 1.3486
0.704975 0.730856
0.715168 1.18175
0.725822 1.55795
0.736918 1.07696
0.748435 1.50617
0.760355 0.819885
0.772659 1.15811
0.785328 1.51396
0.798346 1.34221
0.811696 1.10484
0.825362 1.30865
0.839327 1.03145
0.853578 1.16066
0.868101 1.06577
0.146608 2.02226
0.148096 19.9698
0.152474 2.58308
0.159504 1.19721
0.168856 0.851094
0.180167 0.736509
0.193094 2.23747
0.207335 2.05078
0.222637 0.660745
0.238798 0.342305
0.255654 0.488225
0.273076 0.364953
0.290963 0.230693
0.309234 0.25539
0.327825 0.224459
0.346684 0.375652
0.36577 0.242479
0.38505 0.501303
0.404495 0.441092
0.424083 0.415796
0.443794 0.476307
0.463614 0.467936
0.483529 0.399267
0.503527 0.49222
0.523599 0.414582
0.543737 0.675689
0.563933 0.551478
0.584182 0.794821
0.604479 0.671577
0.624818 0.765921
0.148096 1.35873
0.14957 2.56991
0.153906 2.76276
0.160874 1.19482
0.170149 4.10331
0.18138 3.94579
0.194226 1.69213
0.20839 0.623632
0.22362 0.42683
0.239714 0.386889
0.25651 0.582127
0.273878 0.303693
0.291715 0.239759
0.309942 0.346741
0.328493 0.317326
0.347316 0.342196
0.36637 0.388918
0.385619 0.504146
0.405037 0.3926
0.4246 0.418475
0.444288 0.501878
0.464087 0.593886
0.483982 0.601462
0.503962 0.442468
0.524017 0.547852
0.54414 0.54566
0.564322 0.542698
0.584558 0.69118
0.604842 0.749901
0.625169 0.894111
0.152474 12.2051
0.153906 4.96624
0.158123 3.93823
0.164913 4.51037
0.173974 5.37755
0.184972 0.997392
0.197585 2.52392
0.211524 1.03
0.226543 1.05496
0.242444 0.832084
0.259062 0.478789
0.27627 0.376993
0.293962 0.519079
0.312058 0.536969
0.33049 0.26936
0.349205 0.355415
0.368161 0.290833
0.387322 0.399777
0.406658 0.505929
0.426146 0.434868
0.445767 0.542888
0.465503 0.414226
0.48534 0.482781
0.505266 0.618226
0.525272 0.504904
0.545348 0.681826
0.565487 0.68044
0.585682 0.606287
0.605928 0.899198
0.626221 0.907447
0.159504 2.18939
0.160874 0.772059
0.164913 7.30468
0.171434 5.71895
0.180167 4.18726
0.190808 1.75504
0.203059 1.70437
0.216646 2.25534
0.231334 0.387742
0.246926 0.245088
0.263261 0.342897
0.280211 0.410084
0.297669 0.327638
0.315552 0.264144
0.333792 0.322037
0.352332 0.411474
0.371128 0.278237
0.390143 0.500893
0.409346 0.388711
0.428712 0.425269
0.44822 0.334189
0.467852 0.372983
0.487594 0.422248
0.507432 0.563443
0.527355 0.732479
0.547355 0.609639
0.567423 0.560622
0.587552 0.953522
0.607736 0.731667
0.627969 0.814075
0.168856 1.26619
0.170149 3.95686
0.173974 4.86567
0.180167 4.52175
0.188496 0.450018
0.198692 0.801153
0.210484 0.894077
0.22362 1.44836
0.237878 0.458327
0.253067 0.396321
0.26903 0.393016
0.285637 0.335804
0.302783 0.282371
0.320381 0.290398
0.33836 0.369097
0.356663 0.332752
0.375242 0.237396
0.394058 0.334268
0.413079 0.241438
0.432278 0.479079
0.451632 0.472906
0.471123 0.39372
0.490732 0.481721
0.510448 0.654289
0.530258 0.53508
0.550153 0.78193
0.570122 0.642913
0.590159 0.724728
0.610257 0.897713
0.630409 0.87933
0.180167 2.89344
0.18138 1.00817
0.184972 1.00735
0.190808 3.54007
0.198692 0.813346
0.20839 0.61762
0.219662 1.88332
0.23228 0.816854
0.246036 0.779028
0.26075 0.247916
0.27627 0.569717
0.292466 0.453298
0.309234 0.220368
0.326484 0.233222
0.344144 0.302962
0.362155 0.305559
0.380466 0.375303
0.399036 0.312631
0.417831 0.291319
0.436821 0.392258
0.455982 0.416145
0.475294 0.479069
0.494739 0.603265
0.514301 0.401433
0.533968 0.479827
0.553729 0.529133
0.573574 0.725943
0.593494 0.591308
0.613483 0.84728
0.633533 1.02911
0.193094 0.698069
0.194226 2.63545
0.197585 1.3269
0.203059 0.730779
0.210484 1.29149
0.219662 0.710935
0.230383 1.41746
0.242444 0.335873
0.255654 0.462979
0.269844 0.30666
0.284869 0.572072
0.300602 0.409209
0.316939 0.562587
0.333792 0.328722
0.351085 0.383724
0.368756 0.482709
0.386755 0.383321
0.405037 0.486252
0.423565 0.423322
0.442309 0.425204
0.461243 0.450111
0.480343 0.524163
0.499591 0.412456
0.518971 0.576368
0.538467 0.472871
0.558069 0.697374
0.577765 0.618024
0.597545 0.821992
0.617403 0.861089
0.63733 0.904783
0.207335 2.81972
0.20839 2.0854
0.211524 0.680869
0.216646 0.528745
0.22362 0.483316
0.23228 0.795167
0.242444 0.541256
0.253932 0.340553
0.266573 0.332277
0.280211 0.612337
0.294708 0.304419
0.309942 0.512899
0.325811 0.265494
0.342227 0.292376
0.359114 0.352842
0.376409 0.406219
0.394058 0.430281
0.412016 0.369761
0.430244 0.383648
0.448709 0.439035
0.467383 0.4689
0.486243 0.443134
0.505266 0.610748
0.524436 0.614205
0.543737 0.599687
0.563155 0.640008
0.582679 0.635654
0.602298 0.689637
0.622004 0.869354
0.641788 0.998857
0.222637 0.765566
0.22362 0.948856
0.226543 0.332049
0.231334 0.240627
0.237878 0.655175
0.246036 0.682719
0.255654 0.320106
0.266573 0.501362
0.278641 0.570835
0.291715 0.414212
0.305667 0.380649
0.320381 0.398497
0.335757 0.34048
0.351709 0.407809
0.368161 0.430716
0.38505 0.278864
0.40232 0.266958
0.419925 0.360038
0.437824 0.458448
0.455982 0.377396
0.47437 0.501589
0.492962 0.485137
0.511736 0.474356
0.530672 0.662805
0.549754 0.543183
0.568967 0.591397
0.588298 0.568623
0.607736 0.817952
0.62727 0.997442
0.646894 0.757537
0.238798 0.403001
0.239714 0.363042
0.242444 0.613635
0.246926 0.325528
0.253067 0.388617
0.26075 0.352593
0.269844 0.409438
0.280211 0.398547
0.291715 0.334231
0.304228 0.263388
0.317631 0.43508
0.331815 0.296791
0.346684 0.444729
0.362155 0.230925
0.378153 0.52509
0.394614 0.492949
0.411483 0.2835
0.428712 0.380148
0.446259 0.488723
0.464087 0.613222
0.482166 0.550841
0.500468 0.651215
0.518971 0.687354
0.537652 0.492585
0.556495 0.538908
0.575482 0.79002
0.594602 0.828022
0.61384 0.759741
0.633187 0.481159
0.652632 0.594376
0.255654 0.436207
0.25651 0.271449
0.259062 0.435081
0.263261 0.523386
0.26903 0.353599
0.27627 0.224801
0.284869 0.594208
0.294708 0.237096
0.305667 0.181418
0.317631 0.29648
0.33049 0.27269
0.344144 0.424878
0.358503 0.288594
0.373484 0.171227
0.389017 0.458851
0.405037 0.335851
0.421489 0.315738
0.438324 0.472977
0.455501 0.715242
0.472981 0.572793
0.490732 0.445737
0.508727 0.561044
0.526939 0.743737
0.545348 0.728736
0.563933 0.745473
0.582679 0.777317
0.601569 0.937187
0.620592 1.19197
0.639734 0.892154
0.658986 0.929692
0.273076 0.34435
0.273878 0.441916
0.27627 0.4984
0.280211 0.43901
0.285637 0.247881
0.292466 0.279687
0.300602 0.359147
0.309942 0.215042
0.320381 0.282575
0.331815 0.270729
0.344144 0.299601
0.357277 0.307196
0.371128 0.372778
0.385619 0.310417
0.400681 0.429286
0.416253 0.386101
0.432278 0.443752
0.448709 0.405038
0.465503 0.503853
0.482621 0.519884
0.50003 0.603502
0.517701 0.786379
0.535609 0.688855
0.553729 0.582836
0.572042 0.674679
0.59053 0.735774
0.609177 0.743098
0.627969 0.722059
0.646894 0.92963
0.665939 0.756829
0.290963 0.321257
0.291715 0.29312
0.293962 0.236936
0.297669 0.622579
0.302783 0.383848
0.309234 0.180163
0.316939 0.266349
0.325811 0.38086
0.335757 0.535722
0.346684 0.300996
0.358503 0.37446
0.371128 0.251915
0.38448 0.430138
0.398486 0.316757
0.413079 0.45183
0.4282 0.440425
0.443794 0.37819
0.459814 0.375216
0.476216 0.406386
0.492962 0.599274
0.510019 0.609317
0.527355 0.531038
0.544945 0.610428
0.562765 0.432366
0.580794 0.817703
0.599012 0.742843
0.617403 1.0127
0.635952 1.12297
0.654645 1.38642
0.673471 1.31196
0.309234 0.30505
0.309942 0.298323
0.312058 0.378532
0.315552 0.40372
0.320381 0.27234
0.326484 0.439487
0.333792 0.438998
0.342227 0.261094
0.351709 0.255301
0.362155 0.348735
0.373484 0.374934
0.385619 0.391581
0.398486 0.423232
0.412016 0.290567
0.426146 0.284084
0.440819 0.307883
0.455982 0.455337
0.471588 0.496558
0.487594 0.511965
0.503962 0.608609
0.520658 0.479002
0.537652 0.869063
0.554916 0.730665
0.572425 0.77622
0.590159 0.955417
0.608096 0.623436
0.626221 0.950142
0.644516 1.36679
0.662968 0.931972
0.681564 1.06221
0.327825 0.282354
0.328493 0.282072
0.33049 0.293453
0.333792 0.437149
0.33836 0.265896
0.344144 0.335084
0.351085 0.281682
0.359114 0.259207
0.368161 0.489924
0.378153 0.452664
0.389017 0.238072
0.400681 0.344488
0.413079 0.695163
0.426146 0.462665
0.439823 0.603549
0.454054 0.329375
0.468789 0.47319
0.483982 0.377315
0.499591 0.403506
0.515579 0.549446
0.53191 0.57037
0.548556 0.590537
0.565487 0.56557
0.582679 0.938674
0.600109 0.742816
0.617758 0.887092
0.635607 0.887631
0.653639 1.41162
0.671841 0.997852
0.690198 1.01942
0.346684 0.291005
0.347316 0.203291
0.349205 0.390851
0.352332 0.223624
0.356663 0.305247
0.362155 0.320291
0.368756 0.256595
0.376409 0.32009
0.38505 0.354846
0.394614 0.362777
0.405037 0.293215
0.416253 0.279442
0.4282 0.415819
0.440819 0.398039
0.454054 0.448438
0.467852 0.444417
0.482166 0.691582
0.49695 0.598557
0.512164 0.591168
0.527771 0.99117
0.543737 0.562834
0.56003 0.62665
0.576625 0.832796
0.593494 0.795414
0.610616 0.976928
0.627969 0.838425
0.645536 1.13452
0.663299 1.01041
0.681242 1.05483
0.699352 1.1121
0.36577 0.283684
0.36637 0.370211
0.368161 0.31739
0.371128 0.255043
0.375242 0.442521
0.380466 0.302129
0.386755 0.343512
0.394058 0.27342
0.40232 0.36982
0.411483 0.281711
0.421489 0.331059
0.432278 0.416485
0.443794 0.387076
0.455982 0.596685
0.468789 0.564663
0.482166 0.491227
0.496067 0.556615
0.510448 0.589891
0.525272 0.504943
0.5405 0.808428
0.5561 0.497319
0.572042 0.846916
0.588298 0.769827
0.604842 0.778572
0.621651 1.04255
0.638705 0.649483
0.655984 1.08703
0.673471 0.959932
0.69115 1.3714
0.709008 1.13619
0.38505 0.376719
0.385619 0.334008
0.387322 0.29243
0.390143 0.268838
0.394058 0.363211
0.399036 0.382359
0.405037 0.340435
0.412016 0.443095
0.419925 0.440291
0.428712 0.426044
0.438324 0.405554
0.448709 0.400686
0.459814 0.504345
0.471588 0.566813
0.483982 0.559045
0.49695 0.507334
0.510448 0.365319
0.524436 0.779724
0.538874 0.505615
0.553729 0.867687
0.568967 0.730746
0.584558 0.853046
0.600474 0.685589
0.616692 0.733742
0.633187 0.898749
0.649938 1.33677
0.666926 1.18414
0.684133 1.19589
0.701544 0.942767
0.719143 0.911165
0.404495 0.303415
0.405037 0.370366
0.406658 0.246188
0.409346 0.40596
0.413079 0.374067
0.417831 0.366438
0.423565 0.420306
0.430244 0.369836
0.437824 0.406531
0.446259 0.433074
0.455501 0.518186
0.465503 0.599058
0.476216 0.548228
0.487594 0.430376
0.499591 0.39035
0.512164 0.562859
0.525272 0.623099
0.538874 0.57332
0.552936 0.359019
0.567423 0.68898
0.582302 0.71221
0.597545 0.972309
0.613125 1.08892
0.629016 0.966196
0.645196 0.788858
0.661643 1.0296
0.678338 0.933721
0.695263 1.11506
0.712402 0.962668
0.72974 1.38267
0.424083 0.451946
0.4246 0.300257
0.426146 0.372887
0.428712 0.346634
0.432278 0.523262
0.436821 0.306347
0.442309 0.311316
0.448709 0.44522
0.455982 0.401035
0.464087 0.557559
0.472981 0.45821
0.482621 0.570191
0.492962 0.366432
0.503962 0.478335
0.515579 0.741617
0.527771 0.708098
0.5405 0.461965
0.553729 0.788018
0.567423 0.467884
0.581548 0.758229
0.596075 0.91627
0.610975 0.816657
0.626221 0.93422
0.641788 0.623281
0.657653 0.980401
0.673797 0.801566
0.690198 0.981856
0.706839 0.88791
0.723704 1.27806
0.740777 1.08869
0.443794 0.405927
0.444288 0.447604
0.445767 0.469542
0.44822 0.381632
0.451632 0.259996
0.455982 0.319698
0.461243 0.485793
0.467383 0.599446
0.47437 0.452049
0.482166 0.319353
0.490732 0.651427
0.50003 0.488353
0.510019 0.62053
0.520658 0.586134
0.53191 0.456264
0.543737 0.531798
0.5561 0.689618
0.568967 0.762375
0.582302 0.709877
0.596075 0.811469
0.610257 0.732177
0.624818 1.34014
0.639734 1.00451
0.65498 0.750454
0.670534 0.837716
0.686374 1.12041
0.702481 0.880573
0.718838 1.05822
0.735428 1.03455
0.752235 1.44194
0.463614 0.45554
0.464087 0.420787
0.465503 0.406863
0.467852 0.328526
0.471123 0.445819
0.475294 0.503335
0.480343 0.425196
0.486243 0.390992
0.492962 0.483642
0.500468 0.582642
0.508727 0.44529
0.517701 0.441159
0.527355 0.693944
0.537652 0.705525
0.548556 0.453712
0.56003 0.904516
0.572042 0.656545
0.584558 0.692211
0.597545 0.839687
0.610975 0.78167
0.624818 0.659067
0.639048 0.86344
0.653639 0.843181
0.668568 1.1806
0.683813 1.33209
0.699352 1.00111
0.715168 1.37158
0.731241 1.15844
0.747555 1.2472
0.764095 1.29841
0.483529 0.468963
0.483982 0.35348
0.48534 0.455934
0.487594 0.315456
0.490732 0.616149
0.494739 0.433155
0.499591 0.462485
0.505266 0.629534
0.511736 0.547139
0.518971 0.635651
0.526939 0.417093
0.535609 0.631655
0.544945 0.843044
0.554916 0.542127
0.565487 0.700601
0.576625 1.03929
0.588298 0.787898
0.600474 0.584502
0.613125 0.914966
0.626221 0.888741
0.639734 1.14917
0.653639 1.06408
0.667912 1.17333
0.682529 0.819364
0.697468 1.20547
0.71271 1.08945
0.728235 0.85699
0.744026 1.18034
0.760066 0.779851
0.77634 1.25405
0.503527 0.708249
0.503962 0.505652
0.505266 0.476261
0.507432 0.443263
0.510448 0.656401
0.514301 0.536033
0.518971 0.428302
0.524436 0.513941
0.530672 0.691877
0.537652 0.53467
0.545348 0.606306
0.553729 0.606768
0.562765 0.705709
0.572425 0.637219
0.582679 0.943215
0.593494 0.945559
0.604842 0.654909
0.616692 0.601809
0.629016 0.893972
0.641788 1.09614
0.65498 0.763427
0.668568 1.1891
0.682529 1.14728
0.696839 1.00721
0.711478 1.5724
0.726426 0.811854
0.741664 0.964416
0.757175 1.47746
0.772942 1.03366
0.788951 1.01712
0.523599 0.550883
0.524017 0.636268
0.525272 0.54677
0.527355 0.741646
0.530258 0.521214
0.533968 0.559493
0.538467 0.482182
0.543737 0.759515
0.549754 0.58121
0.556495 0.983265
0.563933 0.79397
0.572042 0.706359
0.580794 0.694665
0.590159 0.977398
0.600109 0.918587
0.610616 0.680211
0.621651 0.779846
0.633187 0.977757
0.645196 0.760536
0.657653 0.946586
0.670534 1.22752
0.683813 1.101
0.697468 1.12492
0.711478 0.826991
0.725822 0.89083
0.74048 0.825321
0.755435 1.15578
0.770669 1.23578
0.786166 1.04957
0.80191 1.21047
0.543737 0.602454
0.54414 0.61538
0.545348 0.552369
0.547355 0.621627
0.550153 0.599891
0.553729 0.599697
0.558069 0.564728
0.563155 0.622869
0.568967 0.845108
0.575482 0.750866
0.582679 0.787462
0.59053 0.873193
0.599012 0.828307
0.608096 0.769917
0.617758 1.03558
0.627969 0.92299
0.638705 1.0995
0.649938 0.81791
0.661643 0.935353
0.673797 0.95397
0.686374 1.2354
0.699352 1.12906
0.71271 0.782541
0.726426 1.03534
0.74048 1.23915
0.754854 1.12817
0.76953 1.47649
0.78449 0.974479
0.799719 1.21296
0.815201 1.22793
0.563933 0.527324
0.564322 0.759401
0.565487 0.767392
0.567423 0.589548
0.570122 0.642027
0.573574 0.508969
0.577765 0.936871
0.582679 0.590163
0.588298 0.925784
0.594602 0.913262
0.601569 1.04007
0.609177 0.92482
0.617403 0.752261
0.626221 0.837354
0.635607 1.21633
0.645536 1.0463
0.655984 0.90301
0.666926 0.909197
0.678338 0.923442
0.690198 1.25551
0.702481 0.925516
0.715168 1.02198
0.728235 0.974425
0.741664 1.1703
0.755435 1.07833
0.76953 1.16871
0.783931 1.30517
0.798621 1.25417
0.813586 1.33565
0.828809 1.15042
0.584182 0.738327
0.584558 0.8239
0.585682 0.6971
0.587552 0.781057
0.590159 0.792517
0.593494 0.581403
0.597545 0.700184
0.602298 1.04514
0.607736 1.05185
0.61384 0.683993
0.620592 0.799897
0.627969 0.806469
0.635952 0.866808
0.644516 0.693773
0.653639 1.1449
0.663299 0.776006
0.673471 1.28552
0.684133 0.72604
0.695263 1.0902
0.706839 0.939396
0.718838 1.53796
0.731241 1.16218
0.744026 0.845075
0.757175 1.2541
0.770669 0.836827
0.78449 0.967408
0.798621 1.03453
0.813046 1.25176
0.82775 1.32654
0.842718 1.46952
0.604479 0.907728
0.604842 0.985312
0.605928 0.767003
0.607736 0.905457
0.610257 0.79092
0.613483 0.776559
0.617403 0.670702
0.622004 0.778953
0.62727 1.0223
0.633187 0.862997
0.639734 1.43649
0.646894 1.13546
0.654645 0.923827
0.662968 0.965706
0.671841 1.15954
0.681242 1.13403
0.69115 0.929466
0.701544 1.1874
0.712402 1.01682
0.723704 1.02189
0.735428 1.36503
0.747555 0.981239
0.760066 1.33863
0.772942 1.27644
0.786166 1.22836
0.799719 1.22578
0.813586 1.53845
0.82775 1.04391
0.842197 0.855876
0.856912 1.33635
0.624818 1.03947
0.625169 0.949025
0.626221 1.043
0.627969 0.724491
0.630409 0.818927
0.633533 1.01924
0.63733 0.951426
0.641788 0.887772
0.646894 0.844065
0.652632 0.594833
0.658986 1.18957
0.665939 0.713868
0.673471 0.798769
0.681564 0.991613
0.690198 1.03731
0.699352 1.27012
0.709008 0.775902
0.719143 1.2113
0.72974 1.28116
0.740777 0.918967
0.752235 1.43282
0.764095 1.23793
0.77634 1.02085
0.788951 0.795532
0.80191 0.949521
0.815201 0.835491
0.828809 1.05652
0.842718 1.32247
0.856912 1.5437
0.871379 1.38231
0.167552 1.69098
0.168856 1.72937
0.172708 1.40053
0.178945 0.942201
0.187328 0.782486
0.197585 1.40879
0.20944 1.10661
0.222637 0.412811
0.236954 1.34114
0.252199 0.684894
0.268213 0.268422
0.284869 0.255473
0.302058 0.433694
0.319696 0.278342
0.337711 0.281578
0.356047 0.300264
0.374657 0.324117
0.393501 0.3565
0.412548 0.526675
0.431771 0.376513
0.451147 0.407629
0.470657 0.424711
0.490285 0.429802
0.510019 0.546993
0.529845 0.612674
0.549754 0.68368
0.569737 0.736965
0.589787 0.970632
0.609897 0.985934
0.630061 0.949719
0.168856 3.94877
0.170149 1.05939
0.173974 2.3355
0.180167 0.935307
0.188496 3.25453
0.198692 1.12425
0.210484 1.43222
0.22362 0.567993
0.237878 0.644961
0.253067 0.467227
0.26903 0.461202
0.285637 0.281413
0.302783 0.247942
0.320381 0.363669
0.33836 0.414947
0.356663 0.543135
0.375242 0.31358
0.394058 0.306863
0.413079 0.332218
0.432278 0.513039
0.451632 0.473601
0.471123 0.491718
0.490732 0.451379
0.510448 0.690562
0.530258 0.362996
0.550153 0.612944
0.570122 0.624833
0.590159 0.66083
0.610257 0.856696
0.630409 0.876451
0.172708 1.83287
0.173974 1.1166
0.177715 0.760808
0.183782 5.10422
0.191954 0.361254
0.201976 1.26744
0.213587 1.10738
0.226543 0.566854
0.240628 1.06359
0.255654 0.572828
0.271465 0.281108
0.287932 0.470171
0.304949 0.539035
0.322428 0.230471
0.340299 0.392494
0.358503 0.357757
0.376991 0.356118
0.395724 0.441887
0.414669 0.277869
0.433798 0.34397
0.453087 0.492678
0.472517 0.668651
0.492071 0.351435
0.511736 0.346057
0.531498 0.590825
0.551347 0.623471
0.571275 0.606891
0.591273 0.792253
0.611334 0.794541
0.631452 0.889365
0.178945 0.608095
0.180167 0.590615
0.183782 0.926862
0.189656 1.09611
0.197585 0.999893
0.207335 0.917217
0.218661 0.409773
0.231334 0.650713
0.245143 0.290986
0.259908 0.351639
0.275475 0.400119
0.291715 0.37554
0.308524 0.37838
0.325811 0.485718
0.343506 0.329432
0.361549 0.38578
0.379889 0.453585
0.398486 0.290279
0.417305 0.308346
0.436318 0.431724
0.455501 0.466156
0.474832 0.459637
0.494295 0.340569
0.513874 0.460095
0.533557 0.63499
0.553333 0.645426
0.573191 0.591176
0.593124 0.701918
0.613125 0.901927
0.633187 0.838417
0.187328 1.35844
0.188496 1.073
0.191954 0.495898
0.197585 1.56933
0.205208 1.67161
0.214612 0.64801
0.225573 0.463919
0.237878 1.42903
0.251327 0.822927
0.265749 0.388557
0.280993 0.489152
0.296932 0.289361
0.31346 0.421879
0.33049 0.283558
0.347947 0.360163
0.36577 0.320884
0.383909 0.26866
0.40232 0.327109
0.420968 0.358771
0.439823 0.669486
0.458859 0.483739
0.478055 0.532161
0.497391 0.388082
0.516853 0.644973
0.536427 0.586355
0.5561 0.684088
0.575863 0.758832
0.595707 0.766512
0.615624 0.762876
0.635607 1.16057
0.197585 0.687987
0.198692 1.6935
0.201976 2.65386
0.207335 1.12134
0.214612 0.863152
0.22362 0.687179
0.23416 0.2886
0.246036 0.300624
0.259062 0.427641
0.273076 0.625177
0.287932 0.373975
0.303507 0.267676
0.319696 0.298369
0.33641 0.249914
0.353575 0.374822
0.371128 0.550289
0.389017 0.289984
0.407197 0.278405
0.425631 0.396928
0.444288 0.356101
0.463141 0.470943
0.482166 0.427045
0.501344 0.744222
0.520658 0.537236
0.540094 0.523207
0.559639 0.588843
0.579281 0.475706
0.599012 0.769354
0.618822 0.717924
0.638705 1.01502
0.20944 1.25737
0.210484 0.70501
0.213587 1.01759
0.218661 0.588998
0.225573 0.790864
0.23416 0.342118
0.244246 0.324531
0.255654 0.278525
0.268213 0.387912
0.281772 0.258444
0.296192 0.274072
0.311354 0.198984
0.327155 0.281245
0.343506 0.303989
0.360333 0.34222
0.377572 0.367292
0.39517 0.420169
0.413079 0.308595
0.431262 0.212328
0.449686 0.64507
0.468321 0.357265
0.487144 0.473529
0.506133 0.487411
0.525272 0.675045
0.544543 0.627199
0.563933 0.74455
0.583431 0.74927
0.603026 0.945727
0.622708 0.576393
0.642471 0.624591
0.222637 0.96037
0.22362 0.725776
0.226543 0.656655
0.231334 0.532154
0.237878 0.153935
0.246036 1.11792
0.255654 0.530491
0.266573 0.411089
0.278641 0.365108
0.291715 0.436609
0.305667 0.266
0.320381 0.799356
0.335757 0.382381
0.351709 0.245529
0.368161 0.347804
0.38505 0.608994
0.40232 0.334848
0.419925 0.332671
0.437824 0.400398
0.455982 0.573103
0.47437 0.594493
0.492962 0.550201
0.511736 0.508186
0.530672 0.807322
0.549754 0.766925
0.568967 0.600822
0.588298 0.887133
0.607736 1.11668
0.62727 0.61063
0.646894 1.0869
0.236954 0.615646
0.237878 0.574586
0.240628 0.723818
0.245143 0.498821
0.251327 0.450492
0.259062 0.320221
0.268213 0.444181
0.278641 0.364016
0.290208 0.304926
0.302783 0.349217
0.316247 0.2676
0.33049 0.400106
0.345416 0.550908
0.360942 0.301202
0.376991 0.686704
0.393501 0.466702
0.410416 0.452987
0.427688 0.389781
0.445275 0.379947
0.463141 0.537682
0.481255 0.481414
0.499591 0.483976
0.518125 0.424803
0.536836 0.843069
0.555706 0.654887
0.57472 0.620668
0.593864 0.932396
0.613125 0.907808
0.632493 0.867883
0.651959 0.793996
0.252199 0.176795
0.253067 0.720366
0.255654 1.04735
0.259908 0.52288
0.265749 0.356732
0.273076 0.322747
0.281772 0.352141
0.291715 0.346865
0.302783 0.350299
0.314857 0.534889
0.327825 0.334497
0.341586 0.320406
0.356047 0.250242
0.371128 0.371298
0.386755 0.354762
0.402865 0.353801
0.419402 0.403452
0.436318 0.532604
0.453571 0.501623
0.471123 0.43766
0.488941 0.400776
0.506999 0.392074
0.525272 0.653036
0.543737 0.79134
0.562375 0.505842
0.581171 0.733111
0.600109 0.796023
0.619176 1.0205
0.638361 1.16188
0.657653 0.768917
0.268213 0.261736
0.26903 0.288645
0.271465 0.440648
0.275475 0.356253
0.280993 0.319123
0.287932 0.344242
0.296192 0.38608
0.305667 0.502511
0.316247 0.317909
0.327825 0.533431
0.340299 0.312821
0.353575 0.304908
0.367565 0.469739
0.382191 0.304026
0.397384 0.386681
0.413079 0.454903
0.429223 0.34948
0.445767 0.419158
0.462667 0.454879
0.479886 0.52231
0.497391 0.516871
0.515153 0.460097
0.533146 0.655041
0.551347 0.81125
0.569737 0.824914
0.588298 0.559365
0.607013 0.758917
0.62587 0.791115
0.644856 0.819284
0.66396 1.0796
0.284869 0.305947
0.285637 0.337808
0.287932 0.290605
0.291715 0.303652
0.296932 0.291045
0.303507 0.246645
0.311354 0.24374
0.320381 0.194257
0.33049 0.215674
0.341586 0.315063
0.353575 0.484975
0.36637 0.386559
0.379889 0.351781
0.394058 0.367142
0.40881 0.407405
0.424083 0.335215
0.439823 0.280719
0.455982 0.321395
0.472517 0.530849
0.48939 0.411531
0.506567 0.481742
0.524017 0.455731
0.541716 0.660179
0.559639 0.724219
0.577765 0.869213
0.596075 1.08881
0.614554 0.737038
0.633187 0.963962
0.651959 0.970145
0.670861 1.25463
0.302058 0.341938
0.302783 0.33528
0.304949 0.333444
0.308524 0.174992
0.31346 0.467582
0.319696 0.238876
0.327155 0.30267
0.335757 0.354948
0.345416 0.280559
0.356047 0.509112
0.367565 0.358264
0.379889 0.371297
0.392943 0.324712
0.406658 0.295542
0.420968 0.411114
0.435815 0.402397
0.451147 0.480446
0.466914 0.512696
0.483075 0.425331
0.499591 0.44726
0.516429 0.496742
0.533557 0.678763
0.550949 0.537289
0.568581 0.597891
0.586431 0.611757
0.604479 0.636698
0.622708 0.577966
0.641104 0.880738
0.659651 1.27569
0.678338 0.820858
0.319696 0.456789
0.320381 0.283992
0.322428 0.446518
0.325811 0.263951
0.33049 0.18295
0.33641 0.274006
0.343506 0.263451
0.351709 0.385186
0.360942 0.35668
0.371128 0.338592
0.382191 0.321477
0.394058 0.371829
0.406658 0.245126
0.419925 0.473296
0.433798 0.548316
0.44822 0.272329
0.463141 0.425555
0.478513 0.322875
0.494295 0.499089
0.510448 0.591283
0.526939 0.658652
0.543737 0.77997
0.560813 0.636818
0.578144 0.704132
0.595707 0.667943
0.613483 1.05283
0.631452 0.657615
0.6496 0.611056
0.667912 0.817196
0.686374 0.89212
0.337711 0.442421
0.33836 0.365485
0.340299 0.426587
0.343506 0.299703
0.347947 0.539506
0.353575 0.289709
0.360333 0.289405
0.368161 0.481328
0.376991 0.313804
0.386755 0.358181
0.397384 0.319663
0.40881 0.325576
0.420968 0.326997
0.433798 0.324803
0.44724 0.423902
0.461243 0.515301
0.475755 0.623362
0.490732 0.520506
0.506133 0.523477
0.521921 0.632444
0.53806 0.634464
0.554521 0.706916
0.571275 0.669851
0.588298 0.601999
0.605566 1.08886
0.623061 0.766551
0.640762 1.00294
0.658653 1.03534
0.67672 1.04343
0.694948 1.28427
0.356047 0.367488
0.356663 0.728935
0.358503 0.34522
0.361549 0.297734
0.36577 0.277214
0.371128 0.413224
0.377572 0.458495
0.38505 0.346445
0.393501 0.273763
0.402865 0.345296
0.413079 0.357627
0.424083 0.482956
0.435815 0.467479
0.44822 0.35104
0.461243 0.368063
0.474832 0.541954
0.488941 0.430005
0.503527 0.432096
0.518548 0.382619
0.533968 0.603395
0.549754 0.547469
0.565874 0.647352
0.582302 0.653949
0.599012 0.935682
0.61598 0.865523
0.633187 0.914715
0.650612 1.3085
0.66824 1.04309
0.686054 0.645875
0.704041 0.760802
0.374657 0.304701
0.375242 0.283569
0.376991 0.384723
0.379889 0.31516
0.383909 0.23555
0.389017 0.338736
0.39517 0.339528
0.40232 0.285632
0.410416 0.368464
0.419402 0.293156
0.429223 0.492019
0.439823 0.481122
0.451147 0.401817
0.463141 0.512857
0.475755 0.460887
0.488941 0.427
0.502655 0.500916
0.516853 0.475225
0.531498 0.815785
0.546553 0.645775
0.561985 0.34328
0.577765 0.749407
0.593864 0.817782
0.610257 0.890722
0.626921 0.734171
0.643835 1.08458
0.66098 0.863036
0.678338 1.11773
0.695894 0.710057
0.713633 1.07406
0.393501 0.231413
0.394058 0.369782
0.395724 0.357088
0.398486 0.441501
0.40232 0.412723
0.407197 0.396281
0.413079 0.301005
0.419925 0.458009
0.427688 0.393218
0.436318 0.481194
0.445767 0.449068
0.455982 0.377604
0.466914 0.407468
0.478513 0.574464
0.490732 0.669073
0.503527 0.461988
0.516853 0.314344
0.530672 0.491772
0.544945 0.683353
0.559639 0.723864
0.57472 1.12424
0.590159 0.987993
0.605928 0.685453
0.622004 0.905863
0.638361 0.945252
0.65498 1.08271
0.671841 1.11662
0.688925 1.23401
0.706218 1.06362
0.723704 1.53855
0.412548 0.247543
0.413079 0.560883
0.414669 0.301646
0.417305 0.535355
0.420968 0.618839
0.425631 0.36136
0.431262 0.458546
0.437824 0.309374
0.445275 0.507269
0.453571 0.300029
0.462667 0.411707
0.472517 0.40167
0.483075 0.604038
0.494295 0.681532
0.506133 0.512256
0.518548 0.539098
0.531498 0.66126
0.544945 0.806046
0.558854 0.620178
0.573191 0.554215
0.587925 0.730861
0.603026 0.670419
0.618467 0.699082
0.634225 0.784667
0.650275 0.850899
0.666597 1.01941
0.683171 1.08578
0.699979 0.708464
0.717005 1.31385
0.734234 0.65335
0.431771 0.311635
0.432278 0.366511
0.433798 0.450912
0.436318 0.446433
0.439823 0.357018
0.444288 0.364087
0.449686 0.339795
0.455982 0.298448
0.463141 0.453313
0.471123 0.487503
0.479886 0.50821
0.48939 0.359548
0.499591 0.469381
0.510448 0.443893
0.521921 0.5089
0.533968 0.565558
0.546553 0.866455
0.559639 0.456314
0.573191 0.741141
0.587178 0.890201
0.601569 0.836341
0.616336 0.868624
0.631452 0.841923
0.646894 0.958594
0.662637 1.12174
0.678662 1.18497
0.694948 0.915005
0.711478 1.27148
0.728235 1.01636
0.745204 1.26914
0.451147 0.492449
0.451632 0.439526
0.453087 0.365199
0.455501 0.325382
0.458859 0.50471
0.463141 0.417773
0.468321 0.678234
0.47437 0.623479
0.481255 0.490835
0.488941 0.448228
0.497391 0.527973
0.506567 0.648001
0.516429 0.726887
0.526939 0.724831
0.53806 0.571753
0.549754 0.571206
0.561985 0.728235
0.57472 0.551181
0.587925 0.824844
0.601569 0.665291
0.615624 1.06361
0.630061 0.8761
0.644856 0.697863
0.659984 0.928508
0.675422 0.925221
0.69115 1.0439
0.707149 0.899647
0.723401 0.975534
0.739888 0.944335
0.756596 1.12819
0.470657 0.537534
0.471123 0.467116
0.472517 0.513994
0.474832 0.545755
0.478055 0.67162
0.482166 0.443141
0.487144 0.471245
0.492962 0.551011
0.499591 0.529626
0.506999 0.679419
0.515153 0.616279
0.524017 0.572086
0.533557 0.531224
0.543737 0.686242
0.554521 0.556742
0.565874 0.862675
0.577765 0.764785
0.590159 1.14049
0.603026 1.02324
0.616336 0.876349
0.630061 1.07568
0.644175 0.895909
0.658653 0.894606
0.673471 0.89468
0.688607 0.755968
0.704041 1.02275
0.719753 0.794021
0.735726 1.21714
0.751943 0.912746
0.768389 1.37206
0.490285 0.605936
0.490732 0.347012
0.492071 0.69641
0.494295 0.459653
0.497391 0.499141
0.501344 0.455489
0.506133 0.627723
0.511736 0.775057
0.518125 0.465443
0.525272 0.390972
0.533146 0.547361
0.541716 0.493909
0.550949 0.621102
0.560813 0.657106
0.571275 0.804735
0.582302 0.909653
0.593864 0.878212
0.605928 0.868645
0.618467 0.694802
0.631452 0.928328
0.644856 0.914739
0.658653 0.968159
0.672819 1.16206
0.687332 1.82299
0.702169 1.08467
0.717311 0.875657
0.732739 1.28683
0.748435 0.893088
0.764382 1.07646
0.780566 1.33853
0.510019 0.62894
0.510448 0.508692
0.511736 0.719875
0.513874 0.542021
0.516853 0.47352
0.520658 0.488192
0.525272 0.553649
0.530672 0.332141
0.536836 0.557334
0.543737 0.606145
0.551347 0.612075
0.559639 0.724098
0.568581 0.648638
0.578144 0.864952
0.588298 0.762871
0.599012 0.844696
0.610257 0.919916
0.622004 0.81989
0.634225 1.09237
0.646894 0.663128
0.659984 0.899615
0.673471 1.02584
0.687332 1.04946
0.701544 0.955038
0.716087 0.991295
0.730941 1.48117
0.746087 0.965238
0.761508 1.01707
0.777187 1.35294
0.79311 1.19217
0.529845 0.509355
0.530258 0.662872
0.531498 0.503227
0.533557 0.680205
0.536427 0.573086
0.540094 0.442425
0.544543 0.410557
0.549754 0.710297
0.555706 0.574222
0.562375 0.587943
0.569737 0.782075
0.577765 0.433964
0.586431 0.869821
0.595707 0.654484
0.605566 0.75273
0.61598 0.9083
0.626921 0.896179
0.638361 1.1932
0.650275 0.810755
0.662637 1.23118
0.675422 0.763706
0.688607 0.992356
0.702169 0.993079
0.716087 0.9718
0.730341 0.977887
0.74491 1.02427
0.759778 0.783912
0.774926 1.3596
0.790339 1.4819
0.806002 1.35482
0.549754 0.602245
0.550153 0.609108
0.551347 0.436129
0.553333 0.906347
0.5561 0.591576
0.559639 0.568545
0.563933 0.604334
0.568967 0.548529
0.57472 1.02768
0.581171 0.47881
0.588298 0.65088
0.596075 0.876524
0.604479 1.03587
0.613483 0.629755
0.623061 0.538922
0.633187 0.971994
0.643835 0.736517
0.65498 0.994076
0.666597 0.956642
0.678662 1.30212
0.69115 0.975216
0.704041 1.11518
0.717311 1.35844
0.730941 1.32651
0.74491 1.01293
0.7592 1.08155
0.773793 1.11541
0.788673 1.09556
0.803822 1.04332
0.819227 1.36522
0.569737 0.54465
0.570122 0.633937
0.571275 0.913991
0.573191 0.826788
0.575863 0.836083
0.579281 0.849924
0.583431 0.954606
0.588298 0.913744
0.593864 0.668702
0.600109 0.588043
0.607013 0.853132
0.614554 0.726973
0.622708 0.736312
0.631452 1.04597
0.640762 0.952936
0.650612 0.91828
0.66098 1.14566
0.671841 0.967017
0.683171 1.36628
0.694948 0.855154
0.707149 0.975696
0.719753 1.17047
0.732739 1.09684
0.746087 1.14772
0.759778 1.16543
0.773793 1.18613
0.788116 1.33931
0.80273 1.11066
0.817619 1.35234
0.832769 1.45889
0.589787 0.840198
0.590159 0.562407
0.591273 0.79443
0.593124 0.808235
0.595707 1.21252
0.599012 0.72168
0.603026 0.603127
0.607736 0.854831
0.613125 0.755489
0.619176 0.80967
0.62587 0.821566
0.633187 0.877822
0.641104 0.915955
0.6496 1.38957
0.658653 1.08596
0.66824 1.02824
0.678338 1.03175
0.688925 1.17767
0.699979 1.11864
0.711478 1.09451
0.723401 1.07642
0.735726 0.880852
0.748435 1.23674
0.761508 1.12411
0.774926 1.34965
0.788673 1.5603
0.80273 1.44699
0.817083 1.35837
0.831715 1.03126
0.846612 1.37534
0.609897 0.908403
0.610257 0.932089
0.611334 0.716255
0.613125 0.547432
0.615624 0.923859
0.618822 0.909153
0.622708 0.830328
0.62727 1.00147
0.632493 1.04135
0.638361 0.905107
0.644856 0.990655
0.651959 0.925793
0.659651 1.03972
0.667912 0.884731
0.67672 0.991494
0.686054 1.27019
0.695894 0.990618
0.706218 1.32435
0.717005 0.858136
0.728235 1.28419
0.739888 1.16514
0.751943 1.595
0.764382 0.987575
0.777187 1.55224
0.790339 1.20597
0.803822 1.3101
0.817619 1.0777
0.831715 0.973552
0.846094 0.912105
0.860743 0.993832
0.630061 1.16342
0.630409 0.734767
0.631452 0.951388
0.633187 0.625143
0.635607 0.861681
0.638705 0.818718
0.642471 0.786653
0.646894 1.25196
0.651959 1.02869
0.657653 0.859527
0.66396 0.871558
0.670861 1.14001
0.678338 1.3581
0.686374 1.09604
0.694948 0.665978
0.704041 0.93853
0.713633 1.25588
0.723704 1.20254
0.734234 1.1073
0.745204 0.996737
0.756596 0.911779
0.768389 1.22847
0.780566 1.24907
0.79311 0.832779
0.806002 1.37428
0.819227 1.07396
0.832769 1.23494
0.846612 1.22357
0.860743 1.284
0.875146 1.14551
0.188496 1.73617
0.189656 3.53592
0.193094 2.9648
0.198692 1.13722
0.206274 2.21148
0.215631 0.454976
0.226543 1.21114
0.238798 0.388969
0.252199 0.384125
0.266573 0.794347
0.281772 0.447131
0.297669 0.337051
0.314159 0.217721
0.331153 0.264384
0.348577 0.381747
0.36637 0.384426
0.38448 0.466099
0.402865 0.353062
0.421489 0.412025
0.440321 0.349153
0.459337 0.535039
0.478513 0.605105
0.497832 0.400756
0.517277 0.632502
0.536836 0.532047
0.556495 0.614488
0.576244 0.649999
0.596075 0.918127
0.61598 0.678713
0.635952 0.855137
0.189656 2.82341
0.190808 2.00909
0.194226 2.27561
0.199793 2.73453
0.207335 1.66475
0.216646 0.29316
0.22751 0.769285
0.239714 0.823503
0.253067 0.312127
0.267394 0.293981
0.282549 0.498349
0.298405 0.285707
0.314857 0.288195
0.331815 0.279208
0.349205 0.348238
0.366968 0.387069
0.38505 0.336492
0.403409 0.494823
0.422009 0.294717
0.440819 0.440696
0.459814 0.47316
0.478971 0.454921
0.498272 0.394358
0.517701 0.456225
0.537244 0.656348
0.556889 0.567045
0.576625 0.697643
0.596443 0.933257
0.616336 0.65938
0.636296 0.785873
0.193094 2.25868
0.194226 1.16922
0.197585 1.24326
0.203059 3.26331
0.210484 0.454116
0.219662 0.77195
0.230383 1.00945
0.242444 0.355205
0.255654 0.311389
0.269844 0.40775
0.284869 0.420842
0.300602 0.303711
0.316939 0.380007
0.333792 0.299021
0.351085 0.38402
0.368756 0.288491
0.386755 0.443804
0.405037 0.371115
0.423565 0.563549
0.442309 0.40495
0.461243 0.483128
0.480343 0.430212
0.499591 0.538779
0.518971 0.459442
0.538467 0.661006
0.558069 0.481079
0.577765 0.679022
0.597545 0.844891
0.617403 0.831524
0.63733 1.01376
0.198692 1.21723
0.199793 0.621317
0.203059 0.917554
0.20839 5.25813
0.215631 3.36707
0.224599 0.671365
0.235095 0.46647
0.246926 0.71816
0.259908 0.254995
0.273878 0.218181
0.288692 0.46496
0.304228 0.224977
0.320381 0.264489
0.337061 0.24776
0.354194 0.209921
0.371718 0.318399
0.38958 0.353708
0.407735 0.458617
0.426146 0.490966
0.444782 0.382388
0.463614 0.333091
0.482621 0.407399
0.501781 0.369235
0.521079 0.662627
0.5405 0.815684
0.56003 0.809743
0.57966 0.721979
0.599378 0.763877
0.619176 0.819105
0.639048 0.90896
0.206274 1.03213
0.207335 0.513104
0.210484 0.964632
0.215631 1.30829
0.222637 0.480715
0.231334 0.672531
0.241537 0.642576
0.253067 0.542014
0.265749 0.392486
0.279427 0.724344
0.293962 0.390896
0.309234 0.302856
0.325138 0.358666
0.341586 0.27925
0.358503 0.252955
0.375826 0.295101
0.393501 0.475763
0.411483 0.394746
0.429734 0.555908
0.44822 0.603051
0.466914 0.473754
0.485791 0.35493
0.504832 0.505714
0.524017 0.780266
0.543333 0.597532
0.562765 0.671923
0.582302 0.510264
0.601934 0.73876
0.621651 0.876832
0.641446 0.752244
0.215631 0.579942
0.216646 0.58755
0.219662 0.792254
0.224599 0.701718
0.231334 0.874472
0.239714 0.670526
0.249576 0.344647
0.26075 0.614461
0.273076 0.580452
0.286404 0.373858
0.300602 0.316971
0.315552 0.434333
0.331153 0.325771
0.347316 0.361356
0.363967 0.366719
0.381042 0.345481
0.398486 0.295936
0.416253 0.222256
0.434303 0.586773
0.452603 0.364299
0.471123 0.413823
0.489838 0.522876
0.508727 0.619312
0.527771 0.614681
0.546954 0.572634
0.566262 0.599977
0.585682 0.686309
0.605204 0.850642
0.624818 0.676443
0.644516 1.1654
0.226543 0.339325
0.22751 0.406965
0.230383 0.354853
0.235095 0.263725
0.241537 1.22665
0.249576 0.421255
0.259062 0.800374
0.269844 0.318314
0.281772 0.59429
0.294708 0.202619
0.308524 0.298387
0.323108 0.263034
0.33836 0.37122
0.354194 0.292774
0.370536 0.411415
0.387322 0.393564
0.404495 0.295476
0.422009 0.362101
0.439823 0.430756
0.457902 0.294935
0.476216 0.353834
0.494739 0.329591
0.513447 0.412405
0.532323 0.531872
0.551347 0.582412
0.570506 0.553269
0.589787 0.604846
0.609177 0.49972
0.628667 0.593108
0.648248 0.930392
0.238798 0.580966
0.239714 0.707863
0.242444 0.630975
0.246926 0.962285
0.253067 0.559821
0.26075 0.42271
0.269844 0.309685
0.280211 0.283957
0.291715 0.287033
0.304228 0.283203
0.317631 0.304319
0.331815 0.360655
0.346684 0.322963
0.362155 0.322491
0.378153 0.275095
0.394614 0.282448
0.411483 0.484861
0.428712 0.332269
0.446259 0.450945
0.464087 0.593231
0.482166 0.492269
0.500468 0.506975
0.518971 0.598406
0.537652 0.62182
0.556495 0.49222
0.575482 0.768257
0.594602 0.622687
0.61384 0.923166
0.633187 0.833084
0.652632 0.744719
0.252199 0.801731
0.253067 0.304238
0.255654 0.475817
0.259908 0.50373
0.265749 0.481934
0.273076 0.230007
0.281772 0.581769
0.291715 0.442911
0.302783 0.413087
0.314857 0.376412
0.327825 0.264845
0.341586 0.428365
0.356047 0.398614
0.371128 0.284378
0.386755 0.360478
0.402865 0.187149
0.419402 0.573477
0.436318 0.347996
0.453571 0.553127
0.471123 0.407842
0.488941 0.679188
0.506999 0.543104
0.525272 0.530074
0.543737 0.648386
0.562375 0.764353
0.581171 0.890403
0.600109 0.715424
0.619176 0.751668
0.638361 0.694215
0.657653 0.691724
0.266573 0.55806
0.267394 0.455782
0.269844 0.370403
0.273878 0.277579
0.279427 0.323748
0.286404 0.379834
0.294708 0.301056
0.304228 0.345548
0.314857 0.354631
0.326484 0.377317
0.339007 0.589314
0.352332 0.656426
0.36637 0.27401
0.381042 0.238938
0.396278 0.356352
0.412016 0.194929
0.4282 0.262208
0.444782 0.497756
0.461718 0.41634
0.478971 0.35932
0.496509 0.455151
0.514301 0.409656
0.532323 0.402979
0.550551 0.687664
0.568967 0.602131
0.587552 0.764891
0.60629 1.12404
0.625169 0.925533
0.644175 0.892709
0.663299 1.10777
0.281772 0.263177
0.282549 0.370659
0.284869 0.379245
0.288692 0.610025
0.293962 0.496516
0.300602 0.355689
0.308524 0.244216
0.317631 0.323355
0.327825 0.576475
0.339007 0.184639
0.351085 0.392551
0.363967 0.351903
0.377572 0.406767
0.391825 0.375617
0.406658 0.340694
0.422009 0.402816
0.437824 0.430098
0.454054 0.472267
0.470657 0.605476
0.487594 0.516815
0.504832 0.640727
0.522341 0.544052
0.540094 0.861612
0.558069 0.791714
0.576244 0.366498
0.594602 0.681662
0.613125 0.76722
0.6318 0.937564
0.650612 0.833843
0.669552 0.989779
0.297669 0.188296
0.298405 0.617889
0.300602 0.277651
0.304228 0.812012
0.309234 0.325997
0.315552 0.22649
0.323108 0.323305
0.331815 0.280668
0.341586 0.360219
0.352332 0.247976
0.363967 0.451642
0.376409 0.296144
0.38958 0.413599
0.403409 0.488944
0.417831 0.24407
0.432785 0.343578
0.44822 0.522078
0.464087 0.449783
0.480343 0.488164
0.49695 0.372642
0.513874 0.496269
0.531085 0.598871
0.548556 0.815779
0.566262 0.536987
0.584182 0.818372
0.602298 0.84435
0.620592 0.613679
0.639048 0.78286
0.657653 1.20968
0.676396 1.08857
0.314159 0.282767
0.314857 0.263281
0.316939 0.327291
0.320381 0.272595
0.325138 0.329502
0.331153 0.479989
0.33836 0.255127
0.346684 0.265693
0.356047 0.347314
0.36637 0.430688
0.377572 0.400509
0.38958 0.297383
0.40232 0.418109
0.415726 0.279611
0.429734 0.437359
0.444288 0.386354
0.459337 0.419829
0.474832 0.505051
0.490732 0.408199
0.506999 0.775687
0.523599 0.724809
0.5405 0.405872
0.557676 0.604445
0.575101 0.820019
0.592755 0.497515
0.610616 0.928323
0.628667 0.977745
0.646894 0.96519
0.66528 1.06159
0.683813 0.932862
0.331153 0.265836
0.331815 0.398004
0.333792 0.439508
0.337061 0.240809
0.341586 0.272969
0.347316 0.198725
0.354194 0.227368
0.362155 0.268642
0.371128 0.394438
0.381042 0.414656
0.391825 0.46035
0.403409 0.299965
0.415726 0.298915
0.428712 0.370803
0.442309 0.46421
0.456463 0.48928
0.471123 0.491039
0.486243 0.530146
0.501781 0.721396
0.517701 0.538104
0.533968 0.557553
0.550551 0.566753
0.567423 0.827288
0.584558 0.676036
0.601934 0.872567
0.61953 1.27561
0.63733 0.831763
0.655315 0.911953
0.673471 0.978037
0.691785 0.906328
0.348577 0.309424
0.349205 0.289935
0.351085 0.316237
0.354194 0.283687
0.358503 0.33214
0.363967 0.277593
0.370536 0.308459
0.378153 0.353125
0.386755 0.309572
0.396278 0.267937
0.406658 0.319755
0.417831 0.239118
0.429734 0.30697
0.442309 0.418178
0.455501 0.510694
0.469257 0.533777
0.483529 0.404084
0.498272 0.608327
0.513447 0.542615
0.529016 0.659847
0.544945 0.847244
0.561204 0.536749
0.577765 0.966511
0.594602 0.633356
0.611692 0.815173
0.629016 0.543714
0.646554 0.772651
0.66429 1.09314
0.682207 1.18457
0.700293 1.45495
0.36637 0.369128
0.366968 0.445944
0.368756 0.270707
0.371718 0.49473
0.375826 0.353474
0.381042 0.277048
0.387322 0.397074
0.394614 0.31444
0.402865 0.275396
0.412016 0.357019
0.422009 0.343695
0.432785 0.520901
0.444288 0.500207
0.456463 0.449051
0.469257 0.328867
0.482621 0.353833
0.496509 0.532554
0.510878 0.556561
0.525689 0.518498
0.540906 0.712828
0.556495 0.543539
0.572425 0.492272
0.58867 0.955152
0.605204 0.8609
0.622004 1.04665
0.639048 0.799415
0.656318 0.721407
0.673797 1.20246
0.691468 1.1622
0.709317 1.19617
0.38448 0.251562
0.38505 0.286226
0.386755 0.28534
0.38958 0.335901
0.393501 0.299579
0.398486 0.45866
0.404495 0.280521
0.411483 0.336756
0.419402 0.292019
0.4282 0.312486
0.437824 0.350569
0.44822 0.460521
0.459337 0.516544
0.471123 0.691616
0.483529 0.354997
0.496509 0.742209
0.510019 0.531528
0.524017 0.448062
0.538467 0.707064
0.553333 0.785804
0.568581 0.75844
0.584182 0.786381
0.600109 0.763246
0.616336 1.03719
0.63284 0.628817
0.6496 0.746076
0.666597 1.01022
0.683813 0.977204
0.701232 1.13695
0.718838 0.600269
0.402865 0.332295
0.403409 0.41393
0.405037 0.48245
0.407735 0.282078
0.411483 0.35778
0.416253 0.329356
0.422009 0.383663
0.428712 0.344033
0.436318 0.321551
0.444782 0.424876
0.454054 0.38443
0.464087 0.413476
0.474832 0.669508
0.486243 0.508019
0.498272 0.529148
0.510878 0.496256
0.524017 0.512475
0.537652 0.629313
0.551745 0.743507
0.566262 0.569214
0.581171 0.542341
0.596443 0.905078
0.612051 0.8449
0.627969 0.614486
0.644175 1.10299
0.660648 0.793464
0.677368 1.05994
0.694316 1.07437
0.711478 0.912952
0.728837 1.38283
0.421489 0.362182
0.422009 0.272454
0.423565 0.405447
0.426146 0.434645
0.429734 0.473453
0.434303 0.35129
0.439823 0.389489
0.446259 0.423797
0.453571 0.647949
0.461718 0.364378
0.470657 0.576102
0.480343 0.41243
0.490732 0.457009
0.501781 0.554374
0.513447 0.608998
0.525689 0.59693
0.538467 0.60703
0.551745 0.767331
0.565487 0.611599
0.57966 0.779982
0.594233 0.757625
0.609177 0.750515
0.624467 0.636543
0.640077 0.892036
0.655984 0.822409
0.672167 1.11243
0.688607 0.890587
0.705286 1.37135
0.722187 0.974412
0.739295 0.962146
0.440321 0.546501
0.440819 0.326328
0.442309 0.369296
0.444782 0.411144
0.44822 0.394947
0.452603 0.395439
0.457902 0.579019
0.464087 0.522194
0.471123 0.378401
0.478971 0.316638
0.487594 0.360885
0.49695 0.436332
0.506999 0.498523
0.517701 0.435814
0.529016 0.579887
0.540906 0.697901
0.553333 0.584738
0.566262 0.745871
0.57966 0.688568
0.593494 0.662364
0.607736 0.988644
0.622356 0.902159
0.63733 0.917107
0.652632 0.935675
0.66824 0.793269
0.684133 0.849131
0.700293 0.787449
0.716699 0.975203
0.733337 0.95612
0.750191 1.1989
0.459337 0.284518
0.459814 0.565547
0.461243 0.42843
0.463614 0.498664
0.466914 0.473502
0.471123 0.454745
0.476216 0.432505
0.482166 0.274647
0.488941 0.417339
0.496509 0.632699
0.504832 0.598321
0.513874 0.426997
0.523599 0.638099
0.533968 0.60206
0.544945 0.560017
0.556495 0.815699
0.568581 0.652708
0.581171 0.774259
0.594233 0.888278
0.607736 0.742867
0.621651 0.843111
0.635952 0.775157
0.650612 1.08917
0.665609 0.910665
0.68092 1.21449
0.696524 0.841334
0.712402 0.971442
0.728536 1.09778
0.74491 1.14841
0.761508 1.1211
0.478513 0.449198
0.478971 0.490511
0.480343 0.573704
0.482621 0.587428
0.485791 0.582043
0.489838 0.449459
0.494739 0.628915
0.500468 0.387514
0.506999 0.525406
0.514301 0.548586
0.522341 0.648213
0.531085 0.572942
0.5405 0.787399
0.550551 0.712253
0.561204 0.882913
0.572425 0.574212
0.584182 0.755782
0.596443 0.759815
0.609177 0.830206
0.622356 1.10223
0.635952 0.93564
0.649938 0.844718
0.66429 1.15435
0.678985 1.46531
0.694001 1.00501
0.709317 1.10187
0.724915 0.869193
0.740777 0.77311
0.756886 0.856483
0.773226 1.32172
0.497832 0.49903
0.498272 0.712041
0.499591 0.576806
0.501781 0.467086
0.504832 0.622971
0.508727 0.551691
0.513447 0.489559
0.518971 0.575153
0.525272 0.755002
0.532323 0.468432
0.540094 0.816371
0.548556 0.815678
0.557676 0.570636
0.567423 0.541263
0.577765 0.891813
0.58867 0.927957
0.600109 0.776992
0.612051 0.888097
0.624467 0.856883
0.63733 1.248
0.650612 0.875923
0.66429 1.32695
0.678338 1.34514
0.692735 0.974189
0.707459 0.953903
0.72249 1.27762
0.73781 1.06581
0.7534 1.21096
0.769245 0.86121
0.785328 1.14398
0.517277 0.409864
0.517701 0.565541
0.518971 0.529842
0.521079 0.61748
0.524017 0.674367
0.527771 0.493609
0.532323 0.686659
0.537652 0.601927
0.543737 0.708696
0.550551 0.807668
0.558069 0.825091
0.566262 1.05808
0.575101 0.848308
0.584558 0.829283
0.594602 0.749038
0.605204 0.973382
0.616336 1.00956
0.627969 0.737134
0.640077 1.05515
0.652632 0.65969
0.665609 0.879518
0.678985 1.06463
0.692735 0.965928
0.706839 0.837686
0.721275 1.07574
0.736024 0.958574
0.751068 1.0174
0.766388 1.20569
0.78197 0.993889
0.797797 0.884237
0.536836 0.751212
0.537244 0.475516
0.538467 0.412186
0.5405 0.636922
0.543333 0.699574
0.546954 0.715228
0.551347 0.847505
0.556495 0.845831
0.562375 0.592778
0.568967 0.581723
0.576244 0.554133
0.584182 0.78603
0.592755 0.914498
0.601934 0.945614
0.611692 0.862607
0.622004 0.984596
0.63284 0.622784
0.644175 1.22915
0.655984 0.820632
0.66824 0.929053
0.68092 1.42328
0.694001 0.739722
0.707459 1.13601
0.721275 1.14123
0.735428 1.06966
0.749899 1.23426
0.764669 1.11375
0.779723 1.35595
0.795043 0.898721
0.810615 1.42856
0.556495 0.555279
0.556889 0.536963
0.558069 0.530629
0.56003 0.74746
0.562765 0.75904
0.566262 0.879371
0.570506 0.790055
0.575482 0.566944
0.581171 0.771799
0.587552 0.850622
0.594602 0.815893
0.602298 0.742925
0.610616 0.656853
0.61953 0.769083
0.629016 0.984857
0.639048 0.749416
0.6496 0.730124
0.660648 1.11759
0.672167 1.04631
0.684133 1.28835
0.696524 1.07717
0.709317 1.20774
0.72249 0.849829
0.736024 1.01016
0.749899 1.07598
0.764095 1.18358
0.778597 1.04847
0.793386 1.43558
0.808447 1.20377
0.823766 0.975762
0.576244 0.653927
0.576625 0.614604
0.577765 0.69501
0.57966 0.732987
0.582302 0.844427
0.585682 0.782642
0.589787 0.64059
0.594602 0.644244
0.600109 0.9286
0.60629 0.614653
0.613125 0.92511
0.620592 0.67916
0.628667 0.913846
0.63733 0.775324
0.646554 1.3226
0.656318 1.08718
0.666597 1.16146
0.677368 1.00448
0.688607 0.706437
0.700293 1.13281
0.712402 0.915638
0.724915 1.44057
0.73781 1.54368
0.751068 1.21262
0.764669 1.16783
0.778597 1.13186
0.792833 1.02117
0.807361 1.14333
0.822167 1.20525
0.837234 1.27974
0.596075 0.548213
0.596443 0.925536
0.597545 1.0245
0.599378 0.68215
0.601934 0.747067
0.605204 0.626822
0.609177 1.15484
0.61384 0.887426
0.619176 1.17652
0.625169 1.1064
0.6318 0.608232
0.639048 1.17022
0.646894 0.928571
0.655315 0.740294
0.66429 1.29205
0.673797 0.986614
0.683813 1.01675
0.694316 1.14704
0.705286 1.18477
0.716699 1.3061
0.728536 0.897872
0.740777 1.3901
0.7534 1.19609
0.766388 1.06127
0.779723 1.30022
0.793386 0.934502
0.807361 0.887296
0.821633 1.12053
0.836186 1.0429
0.851005 1.73899
0.61598 0.875479
0.616336 0.771945
0.617403 0.714661
0.619176 0.87836
0.621651 0.522868
0.624818 0.736148
0.628667 0.970392
0.633187 0.823956
0.638361 0.764237
0.644175 0.931459
0.650612 0.815325
0.657653 0.710807
0.66528 0.69954
0.673471 1.00106
0.682207 0.931256
0.691468 0.900328
0.701232 1.07266
0.711478 1.48
0.722187 1.05182
0.733337 1.43515
0.74491 1.39976
0.756886 0.774032
0.769245 1.37305
0.78197 1.10407
0.795043 1.7031
0.808447 1.03625
0.822167 1.26577
0.836186 1.77479
0.850489 0.929529
0.865064 1.31259
0.635952 0.987713
0.636296 0.955146
0.63733 1.02511
0.639048 0.997691
0.641446 0.865865
0.644516 1.09197
0.648248 0.828031
0.652632 0.560875
0.657653 1.16272
0.663299 1.1805
0.669552 0.751513
0.676396 0.869241
0.683813 1.0312
0.691785 0.85041
0.700293 1.26357
0.709317 0.718953
0.718838 1.39289
0.728837 1.34236
0.739295 1.25936
0.750191 1.26707
0.761508 0.974089
0.773226 1.58238
0.785328 1.09159
0.797797 1.54826
0.810615 1.57746
0.823766 1.3498
0.837234 0.91298
0.851005 1.16219
0.865064 1.30345
0.879397 0.927745
0.20944 0.452517
0.210484 1.35763
0.213587 0.834572
0.218661 1.90408
0.225573 0.867262
0.23416 0.411401
0.244246 0.328206
0.255654 0.616552
0.268213 0.357393
0.281772 0.32471
0.296192 0.328269
0.311354 0.311724
0.327155 0.395769
0.343506 0.185191
0.360333 0.3311
0.377572 0.408633
0.39517 0.431977
0.413079 0.436289
0.431262 0.42404
0.449686 0.270638
0.468321 0.586204
0.487144 0.428065
0.506133 0.58709
0.525272 0.462552
0.544543 0.569937
0.563933 0.716457
0.583431 0.677035
0.603026 0.763274
0.622708 0.714851
0.642471 0.72674
0.210484 0.484412
0.211524 1.66225
0.214612 0.725349
0.219662 0.447381
0.226543 0.583073
0.235095 0.287946
0.245143 0.674293
0.25651 0.417612
0.26903 0.448072
0.282549 0.507752
0.296932 0.432001
0.312058 0.370619
0.327825 0.344245
0.344144 0.226471
0.360942 0.319492
0.378153 0.335085
0.395724 0.385863
0.41361 0.409156
0.431771 0.369311
0.450173 0.368925
0.468789 0.359845
0.487594 0.472107
0.506567 0.519428
0.525689 0.430324
0.544945 0.390634
0.564322 0.622835
0.583807 0.842237
0.603389 0.849389
0.623061 0.743105
0.642812 1.10019
0.213587 0.764783
0.214612 0.970583
0.217656 1.16992
0.222637 0.57396
0.229429 2.55242
0.237878 0.531579
0.247812 0.339575
0.259062 0.243538
0.271465 0.575103
0.284869 0.320542
0.299139 0.369246
0.314159 0.332827
0.329826 0.461217
0.346051 0.358827
0.36276 0.374019
0.379889 0.465265
0.397384 0.345958
0.415198 0.446744
0.433292 0.325371
0.451632 0.425371
0.470191 0.459387
0.488941 0.627386
0.507864 0.470123
0.526939 0.721849
0.546151 0.652027
0.565487 0.483844
0.584933 0.729239
0.604479 0.651566
0.624116 0.564868
0.643835 0.656676
0.218661 1.24822
0.219662 1.33925
0.222637 0.645665
0.22751 0.534129
0.23416 0.841943
0.242444 0.471413
0.252199 0.367412
0.263261 0.323151
0.275475 0.576907
0.288692 0.439993
0.302783 0.311626
0.317631 0.272845
0.333134 0.315568
0.349205 0.378119
0.36577 0.344433
0.382765 0.459213
0.400134 0.372843
0.417831 0.441472
0.435815 0.354135
0.454054 0.680051
0.472517 0.458979
0.491179 0.623617
0.510019 0.466018
0.529016 0.618815
0.548156 0.700347
0.567423 0.580172
0.586805 0.679707
0.60629 0.87917
0.62587 0.789372
0.645536 1.17703
0.225573 0.588999
0.226543 0.607605
0.229429 0.496258
0.23416 0.674899
0.240628 0.236816
0.248696 0.61575
0.258214 0.553765
0.26903 0.337169
0.280993 0.694589
0.293962 0.396616
0.307812 0.342683
0.322428 0.342911
0.337711 0.357805
0.353575 0.424619
0.369944 0.32517
0.386755 0.396146
0.403952 0.402002
0.421489 0.386384
0.439324 0.396273
0.457423 0.500392
0.475755 0.570132
0.494295 0.441062
0.51302 0.534364
0.53191 0.644451
0.550949 0.791532
0.570122 0.732066
0.589415 0.59516
0.608817 1.13422
0.628319 0.64151
0.64791 1.02855
0.23416 2.1687
0.235095 0.42111
0.237878 0.854487
0.242444 0.958958
0.248696 0.365496
0.25651 0.681662
0.265749 0.441981
0.27627 0.325049
0.287932 0.22508
0.300602 0.360752
0.314159 0.343795
0.328493 0.282533
0.343506 0.300156
0.359114 0.295177
0.375242 0.402823
0.391825 0.249327
0.40881 0.492325
0.426146 0.404062
0.443794 0.294685
0.461718 0.45021
0.479886 0.557699
0.498272 0.599799
0.516853 0.619498
0.535609 0.68179
0.554521 0.871706
0.573574 0.793855
0.592755 0.754839
0.612051 0.868984
0.631452 0.780641
0.650949 1.03424
0.244246 0.394127
0.245143 0.867309
0.247812 0.323658
0.252199 0.426284
0.258214 0.305367
0.265749 0.274964
0.274677 0.371424
0.284869 0.514268
0.296192 0.187824
0.308524 0.259408
0.321747 0.246874
0.335757 0.272805
0.350459 0.333534
0.36577 0.329614
0.381617 0.252841
0.397935 0.245972
0.414669 0.341522
0.431771 0.399327
0.449198 0.59096
0.466914 0.609329
0.484888 0.589997
0.503091 0.672178
0.5215 0.574607
0.540094 0.795354
0.558854 0.956346
0.577765 0.691764
0.596811 0.832989
0.61598 0.779182
0.635261 0.759717
0.654645 1.06214
0.255654 0.326495
0.25651 0.505771
0.259062 0.287388
0.263261 0.245867
0.26903 0.322606
0.27627 0.267748
0.284869 0.433279
0.294708 0.422635
0.305667 0.612784
0.317631 0.359359
0.33049 0.345967
0.344144 0.358233
0.358503 0.354673
0.373484 0.315593
0.389017 0.575585
0.405037 0.36729
0.421489 0.431047
0.438324 0.329092
0.455501 0.292087
0.472981 0.460696
0.490732 0.534876
0.508727 0.563707
0.526939 0.620032
0.545348 0.704809
0.563933 0.629479
0.582679 0.654796
0.601569 1.26547
0.620592 0.688621
0.639734 0.793316
0.658986 0.867546
0.268213 0.45605
0.26903 0.334221
0.271465 0.364041
0.275475 0.544256
0.280993 0.304222
0.287932 0.477938
0.296192 0.419085
0.305667 0.333395
0.316247 0.545536
0.327825 0.370904
0.340299 0.506439
0.353575 0.393905
0.367565 0.326232
0.382191 0.371781
0.397384 0.325144
0.413079 0.383825
0.429223 0.393131
0.445767 0.389886
0.462667 0.505928
0.479886 0.503195
0.497391 0.349702
0.515153 0.439351
0.533146 0.423975
0.551347 0.369908
0.569737 0.808316
0.588298 0.85794
0.607013 0.909587
0.62587 0.850463
0.644856 0.957258
0.66396 0.975342
0.281772 0.298307
0.282549 0.226379
0.284869 0.234497
0.288692 0.306636
0.293962 0.262406
0.300602 0.818673
0.308524 0.364172
0.317631 0.323934
0.327825 0.328931
0.339007 0.303537
0.351085 0.49915
0.363967 0.401359
0.377572 0.349118
0.391825 0.443112
0.406658 0.426621
0.422009 0.314397
0.437824 0.267762
0.454054 0.559154
0.470657 0.461049
0.487594 0.625256
0.504832 0.531988
0.522341 0.419191
0.540094 0.578374
0.558069 0.657505
0.576244 0.718372
0.594602 0.672175
0.613125 0.478359
0.6318 1.32139
0.650612 1.00462
0.669552 0.73914
0.296192 0.256001
0.296932 0.453102
0.299139 0.373452
0.302783 0.414844
0.307812 0.228626
0.314159 0.250937
0.321747 0.340402
0.33049 0.302147
0.340299 0.34836
0.351085 0.287035
0.36276 0.347003
0.375242 0.392549
0.388452 0.302322
0.40232 0.499582
0.416779 0.549183
0.431771 0.510984
0.44724 0.456938
0.463141 0.545048
0.479429 0.47088
0.496067 0.385579
0.51302 0.610417
0.530258 0.842513
0.547755 0.495256
0.565487 0.539873
0.583431 1.0425
0.601569 0.806684
0.619884 0.929609
0.638361 0.973842
0.656986 0.849898
0.675747 1.08173
0.311354 0.374452
0.312058 0.265682
0.314159 0.339756
0.317631 0.321318
0.322428 0.406268
0.328493 0.341549
0.335757 0.384642
0.344144 0.20345
0.353575 0.438941
0.363967 0.382518
0.375242 0.317847
0.387322 0.276484
0.400134 0.308521
0.41361 0.37904
0.427688 0.363702
0.442309 0.384517
0.457423 0.484015
0.472981 0.287439
0.488941 0.512655
0.505266 0.533146
0.521921 0.76852
0.538874 0.44905
0.5561 0.569443
0.573574 0.856935
0.591273 0.657453
0.609177 0.903766
0.62727 0.881879
0.645536 0.916876
0.66396 1.07255
0.682529 1.1967
0.327155 0.34133
0.327825 0.232576
0.329826 0.454487
0.333134 0.322994
0.337711 0.241166
0.343506 0.261785
0.350459 0.223543
0.358503 0.31475
0.367565 0.291443
0.377572 0.291346
0.388452 0.266978
0.400134 0.262142
0.412548 0.473521
0.425631 0.430958
0.439324 0.562755
0.453571 0.318344
0.468321 0.526253
0.483529 0.514881
0.499152 0.671063
0.515153 0.510875
0.531498 0.690765
0.548156 0.785503
0.565099 0.584401
0.582302 0.688883
0.599743 0.82608
0.617403 0.688866
0.635261 0.713538
0.653304 0.980885
0.671514 0.957745
0.68988 0.905754
0.343506 0.274874
0.344144 0.249102
0.346051 0.296844
0.349205 0.348557
0.353575 0.251403
0.359114 0.386039
0.36577 0.314033
0.373484 0.362756
0.382191 0.414903
0.391825 0.285262
0.40232 0.350341
0.41361 0.376639
0.425631 0.446513
0.438324 0.512627
0.451632 0.330811
0.465503 0.596541
0.479886 0.494723
0.494739 0.488173
0.510019 0.534016
0.525689 0.47135
0.541716 0.654823
0.558069 0.525906
0.57472 0.920429
0.591643 0.568473
0.608817 0.861832
0.626221 1.08244
0.643835 1.13471
0.661643 1.27461
0.67963 0.774793
0.697783 1.11385
0.360333 0.371536
0.360942 0.340887
0.36276 0.253628
0.36577 0.405748
0.369944 0.383074
0.375242 0.434637
0.381617 0.266741
0.389017 0.237425
0.397384 0.399853
0.406658 0.290986
0.416779 0.345598
0.427688 0.439544
0.439324 0.452999
0.451632 0.465068
0.464559 0.43531
0.478055 0.49673
0.492071 0.475651
0.506567 0.55111
0.5215 0.752818
0.536836 0.6615
0.552539 0.638623
0.568581 0.868487
0.584933 0.947626
0.601569 0.949031
0.618467 0.909543
0.635607 1.00244
0.652968 0.958971
0.670534 1.0303
0.688288 1.07117
0.706218 1.13833
0.377572 0.259222
0.378153 0.212608
0.379889 0.281356
0.382765 0.369678
0.386755 0.288613
0.391825 0.363357
0.397935 0.456031
0.405037 0.407394
0.413079 0.384588
0.422009 0.463313
0.431771 0.317399
0.442309 0.379165
0.453571 0.617914
0.465503 0.444611
0.478055 0.362966
0.491179 0.343665
0.504832 0.645327
0.518971 0.898966
0.533557 0.441457
0.548556 0.701351
0.563933 0.603557
0.57966 0.68833
0.595707 0.681013
0.612051 0.660308
0.628667 0.802461
0.645536 0.853152
0.662637 0.746876
0.679953 1.00945
0.697468 0.872833
0.715168 0.829824
0.39517 0.340334
0.395724 0.284977
0.397384 0.36665
0.400134 0.564431
0.403952 0.41891
0.40881 0.357244
0.414669 0.464142
0.421489 0.487418
0.429223 0.406671
0.437824 0.434044
0.44724 0.353914
0.457423 0.398778
0.468321 0.517052
0.479886 0.462692
0.492071 0.538374
0.504832 0.450158
0.518125 0.485323
0.53191 0.525916
0.546151 0.555374
0.560813 0.495433
0.575863 1.12851
0.591273 0.94679
0.607013 1.18354
0.623061 0.509882
0.639391 0.984461
0.655984 0.908305
0.672819 1.15478
0.68988 1.1418
0.707149 0.940737
0.724612 0.66895
0.413079 0.419645
0.41361 0.338058
0.415198 0.471458
0.417831 0.401987
0.421489 0.553928
0.426146 0.427994
0.431771 0.381012
0.438324 0.416712
0.445767 0.368135
0.454054 0.375471
0.463141 0.403674
0.472981 0.433101
0.483529 0.410852
0.494739 0.469788
0.506567 0.565983
0.518971 0.427393
0.53191 0.616633
0.545348 0.873793
0.559247 0.55374
0.573574 0.632742
0.588298 0.861112
0.603389 0.712473
0.618822 0.736074
0.634571 1.03776
0.650612 0.953591
0.666926 0.815177
0.683492 0.88044
0.700293 1.08766
0.717311 1.02133
0.734533 1.07682
0.431262 0.414237
0.431771 0.269286
0.433292 0.413044
0.435815 0.399773
0.439324 0.352263
0.443794 0.515337
0.449198 0.422751
0.455501 0.464068
0.462667 0.52798
0.470657 0.316263
0.479429 0.514156
0.488941 0.46943
0.499152 0.588924
0.510019 0.405038
0.5215 0.65147
0.533557 0.653506
0.546151 0.757244
0.559247 0.455562
0.572808 0.857771
0.586805 0.710331
0.601204 0.825131
0.61598 0.703127
0.631105 0.757792
0.646554 0.66367
0.662306 1.37188
0.678338 1.32472
0.694632 0.719208
0.71117 0.98485
0.727934 1.07887
0.74491 0.914753
0.449686 0.457948
0.450173 0.463401
0.451632 0.399676
0.454054 0.448129
0.457423 0.330319
0.461718 0.378983
0.466914 0.575743
0.472981 0.537256
0.479886 0.54298
0.487594 0.532712
0.496067 0.601039
0.505266 0.554319
0.515153 0.490273
0.525689 0.800551
0.536836 0.838542
0.548556 0.708537
0.560813 0.674687
0.573574 0.763363
0.586805 0.722923
0.600474 0.904968
0.614554 0.746821
0.629016 0.972662
0.643835 0.922374
0.658986 0.943932
0.674447 0.91371
0.690198 1.04109
0.706218 0.695703
0.72249 1.0088
0.738998 1.26819
0.755726 0.861016
0.468321 0.517893
0.468789 0.384182
0.470191 0.370174
0.472517 0.504621
0.475755 0.567023
0.479886 0.432541
0.484888 0.39288
0.490732 0.603872
0.497391 0.403862
0.504832 0.615932
0.51302 0.438013
0.521921 0.573831
0.531498 0.783611
0.541716 0.561584
0.552539 0.556617
0.563933 0.640279
0.575863 0.563529
0.588298 0.771492
0.601204 0.726647
0.614554 0.9608
0.628319 0.960924
0.642471 1.07466
0.656986 0.590551
0.671841 0.824238
0.687013 1.04684
0.702481 1.13978
0.718228 1.36892
0.734234 1.16631
0.750483 0.763147
0.766961 1.40765
0.487144 0.536091
0.487594 0.48507
0.488941 0.452169
0.491179 0.571655
0.494295 0.453119
0.498272 0.562599
0.503091 0.720661
0.508727 0.338974
0.515153 0.753882
0.522341 0.368205
0.530258 0.538736
0.538874 0.691142
0.548156 0.637446
0.558069 0.761827
0.568581 0.656626
0.57966 0.700399
0.591273 0.776456
0.603389 0.706807
0.61598 0.90318
0.629016 0.868506
0.642471 1.03613
0.656318 0.843223
0.670534 0.745335
0.685095 0.911316
0.699979 1.54202
0.715168 0.873707
0.730641 0.762255
0.746381 1.14085
0.762371 0.830317
0.778597 1.26459
0.506133 0.434094
0.506567 0.460983
0.507864 0.548397
0.510019 0.429043
0.51302 0.554672
0.516853 0.49724
0.5215 0.554685
0.526939 0.487633
0.533146 0.43837
0.540094 0.445317
0.547755 0.751671
0.5561 0.670149
0.565099 0.853813
0.57472 0.710438
0.584933 0.706832
0.595707 0.950603
0.607013 0.885132
0.618822 0.808991
0.631105 0.962472
0.643835 0.740599
0.656986 1.36193
0.670534 0.881475
0.684454 1.0104
0.698725 0.71335
0.713325 1.06595
0.728235 1.16327
0.743437 1.17083
0.758911 1.058
0.774643 1.02773
0.790617 1.08497
0.525272 0.365031
0.525689 0.531769
0.526939 0.57283
0.529016 0.617968
0.53191 0.580485
0.535609 0.671489
0.540094 0.537127
0.545348 0.626087
0.551347 0.521623
0.558069 0.590896
0.565487 0.638212
0.573574 0.879561
0.582302 0.807159
0.591643 0.708158
0.601569 0.92092
0.612051 0.82911
0.623061 0.943916
0.634571 0.783514
0.646554 0.851754
0.658986 1.29536
0.671841 1.02247
0.685095 0.80786
0.698725 1.09541
0.71271 0.923613
0.72703 1.16872
0.741664 1.02327
0.756596 1.02793
0.771807 0.883548
0.787281 1.19805
0.803003 1.55939
0.544543 0.738537
0.544945 0.522537
0.546151 0.722579
0.548156 0.477717
0.550949 0.626587
0.554521 0.462822
0.558854 0.84966
0.563933 0.708835
0.569737 0.695431
0.576244 0.4987
0.583431 0.706481
0.591273 0.869294
0.599743 0.696163
0.608817 0.672138
0.618467 0.693989
0.628667 0.698218
0.639391 1.03983
0.650612 1.22468
0.662306 0.816384
0.674447 0.784996
0.687013 0.88723
0.699979 1.31714
0.713325 1.36863
0.72703 0.808364
0.741073 1.40032
0.755435 1.27422
0.7701 1.02175
0.785049 0.806135
0.800267 1.22695
0.815739 1.49211
0.563933 0.818444
0.564322 0.534802
0.565487 0.577339
0.567423 0.572818
0.570122 0.661189
0.573574 0.859729
0.577765 0.601485
0.582679 0.776471
0.588298 0.889798
0.594602 0.888256
0.601569 0.724517
0.609177 0.583949
0.617403 0.823814
0.626221 0.999914
0.635607 0.884436
0.645536 0.780814
0.655984 0.800593
0.666926 1.04741
0.678338 1.13903
0.690198 1.25354
0.702481 0.978941
0.715168 1.23221
0.728235 1.55357
0.741664 1.29334
0.755435 1.57679
0.76953 0.964163
0.783931 1.20872
0.798621 0.978174
0.813586 1.35168
0.828809 1.3575
0.583431 0.54878
0.583807 0.745323
0.584933 0.945039
0.586805 0.955367
0.589415 0.698146
0.592755 0.656927
0.596811 0.959894
0.601569 0.383715
0.607013 0.581474
0.613125 0.931638
0.619884 0.894156
0.62727 0.929858
0.635261 1.16704
0.643835 0.886955
0.652968 0.956113
0.662637 0.872027
0.672819 1.0177
0.683492 1.29232
0.694632 1.18109
0.706218 0.93693
0.718228 1.09956
0.730641 1.05484
0.743437 0.788705
0.756596 1.04222
0.7701 1.20237
0.783931 0.958973
0.798072 1.36155
0.812507 0.992011
0.82722 1.03034
0.842197 1.09938
0.603026 1.43205
0.603389 0.674551
0.604479 0.75823
0.60629 0.84027
0.608817 0.795882
0.612051 0.871234
0.61598 0.845517
0.620592 1.06035
0.62587 0.838813
0.6318 0.687652
0.638361 0.825203
0.645536 1.09571
0.653304 0.854255
0.661643 0.729232
0.670534 0.886917
0.679953 1.23398
0.68988 0.96827
0.700293 0.749826
0.71117 0.850741
0.72249 1.05698
0.734234 1.2896
0.746381 1.07283
0.758911 0.720797
0.771807 1.14252
0.785049 1.08009
0.798621 1.26899
0.812507 1.17254
0.826689 1.14468
0.841155 0.873315
0.855888 1.75856
0.622708 0.726034
0.623061 0.829793
0.624116 0.726102
0.62587 0.618827
0.628319 0.899981
0.631452 0.952219
0.635261 0.764212
0.639734 1.08958
0.644856 0.964692
0.650612 0.986946
0.656986 1.16278
0.66396 0.963978
0.671514 0.873089
0.67963 0.916322
0.688288 1.2614
0.697468 0.880454
0.707149 0.901417
0.717311 0.883608
0.727934 0.879859
0.738998 1.18019
0.750483 1.16143
0.762371 1.32281
0.774643 0.967179
0.787281 1.24914
0.800267 0.990945
0.813586 1.83602
0.82722 1.2113
0.841155 1.14313
0.855375 1.57024
0.869868 1.01007
0.642471 0.999153
0.642812 0.596476
0.643835 0.643041
0.645536 0.84985
0.64791 0.99619
0.650949 0.896338
0.654645 0.752429
0.658986 0.828279
0.66396 1.17264
0.669552 0.847642
0.675747 0.998388
0.682529 1.05772
0.68988 0.85999
0.697783 1.13667
0.706218 0.928102
0.715168 0.996656
0.724612 1.21048
0.734533 1.23478
0.74491 1.16678
0.755726 0.851962
0.766961 1.26778
0.778597 0.95625
0.790617 1.05208
0.803003 0.90705
0.815739 1.4099
0.828809 0.941303
0.842197 1.28639
0.855888 0.917222
0.869868 1.26053
0.884123 1.40148
0.230383 0.862937
0.231334 1.23033
0.23416 0.413683
0.238798 0.568015
0.245143 0.500389
0.253067 0.497564
0.262427 0.29158
0.273076 0.310503
0.284869 0.28819
0.297669 0.247661
0.311354 0.200549
0.325811 0.184308
0.340943 0.325933
0.356663 0.394648
0.372896 0.368849
0.38958 0.318725
0.406658 0.455235
0.424083 0.326061
0.441813 0.460225
0.459814 0.431343
0.478055 0.388416
0.496509 0.588881
0.515153 0.782352
0.533968 0.581108
0.552936 0.551142
0.572042 0.541078
0.591273 0.801406
0.610616 0.810774
0.630061 1.05471
0.6496 1.53508
0.231334 0.921027
0.23228 0.929364
0.235095 0.740988
0.239714 0.303239
0.246036 0.580132
0.253932 0.325041
0.263261 0.57439
0.273878 0.350122
0.285637 0.422622
0.298405 0.196429
0.312058 0.241446
0.326484 0.386073
0.341586 0.425594
0.357277 0.241487
0.373484 0.361987
0.390143 0.298225
0.407197 0.362567
0.4246 0.528216
0.442309 0.406896
0.460291 0.348185
0.478513 0.464376
0.49695 0.474652
0.515579 0.667849
0.534379 0.97914
0.553333 0.851293
0.572425 0.641902
0.591643 0.738175
0.610975 0.834918
0.630409 0.588035
0.649938 1.193
0.23416 1.81171
0.235095 0.488689
0.237878 0.353227
0.242444 1.99439
0.248696 0.428123
0.25651 0.313333
0.265749 0.471247
0.27627 0.430113
0.287932 0.337233
0.300602 0.334889
0.314159 0.33922
0.328493 0.29362
0.343506 0.379134
0.359114 0.315489
0.375242 0.285819
0.391825 0.253598
0.40881 0.389076
0.426146 0.382318
0.443794 0.425428
0.461718 0.383884
0.479886 0.20035
0.498272 0.505159
0.516853 0.55363
0.535609 0.666344
0.554521 1.10525
0.573574 0.779598
0.592755 0.711791
0.612051 0.958954
0.631452 0.900703
0.650949 0.775516
0.238798 0.742815
0.239714 0.403739
0.242444 0.51328
0.246926 0.317626
0.253067 0.578682
0.26075 0.385607
0.269844 0.368489
0.280211 0.307229
0.291715 0.32681
0.304228 0.516363
0.317631 0.349349
0.331815 0.377847
0.346684 0.177852
0.362155 0.283452
0.378153 0.376843
0.394614 0.39531
0.411483 0.298146
0.428712 0.329218
0.446259 0.4813
0.464087 0.414105
0.482166 0.442657
0.500468 0.551055
0.518971 0.684977
0.537652 0.517816
0.556495 0.600415
0.575482 0.511588
0.594602 0.6302
0.61384 0.806611
0.633187 0.811009
0.652632 0.948821
0.245143 0.782778
0.246036 0.44133
0.248696 0.375371
0.253067 0.467439
0.259062 0.306211
0.266573 0.45129
0.275475 0.488973
0.285637 0.488793
0.296932 0.244827
0.309234 0.33906
0.322428 0.285707
0.33641 0.20347
0.351085 0.274656
0.36637 0.44296
0.382191 0.426738
0.398486 0.367363
0.415198 0.688773
0.432278 0.511211
0.449686 0.396933
0.467383 0.436768
0.48534 0.40571
0.503527 0.58084
0.521921 0.415303
0.5405 0.526202
0.559247 0.738331
0.578144 0.582645
0.597178 0.709158
0.616336 0.788065
0.635607 1.07697
0.65498 0.775797
0.253067 0.492075
0.253932 0.367152
0.25651 0.342146
0.26075 0.52003
0.266573 0.239939
0.273878 0.314564
0.282549 0.410921
0.292466 0.652808
0.303507 0.26715
0.315552 0.449149
0.328493 0.307835
0.342227 0.280466
0.356663 0.36114
0.371718 0.312012
0.387322 0.347427
0.403409 0.330926
0.419925 0.457465
0.436821 0.405561
0.454054 0.434626
0.471588 0.636382
0.48939 0.620175
0.507432 0.582083
0.525689 0.70772
0.54414 0.556995
0.562765 0.806286
0.581548 0.649704
0.600474 0.844121
0.61953 0.732866
0.638705 0.760113
0.657987 0.826256
0.262427 0.366928
0.263261 0.690969
0.265749 0.316186
0.269844 0.211552
0.275475 0.576405
0.282549 0.384392
0.290963 0.331983
0.300602 0.224208
0.311354 0.267288
0.323108 0.294354
0.335757 0.344349
0.349205 0.387733
0.363364 0.322272
0.378153 0.450688
0.393501 0.40179
0.409346 0.356802
0.425631 0.38538
0.442309 0.46656
0.459337 0.408939
0.476676 0.455333
0.494295 0.366498
0.512164 0.466688
0.530258 0.387742
0.548556 0.65554
0.567036 0.903779
0.585682 0.619391
0.604479 0.689181
0.623412 0.785229
0.642471 0.84822
0.661643 0.950491
0.273076 0.504798
0.273878 0.480108
0.27627 0.171387
0.280211 0.399507
0.285637 0.455439
0.292466 0.326973
0.300602 0.230101
0.309942 0.397686
0.320381 0.588741
0.331815 0.266721
0.344144 0.444458
0.357277 0.442059
0.371128 0.376191
0.385619 0.376424
0.400681 0.338484
0.416253 0.339001
0.432278 0.424265
0.448709 0.520037
0.465503 0.470037
0.482621 0.693142
0.50003 0.53079
0.517701 0.479395
0.535609 0.501565
0.553729 0.755754
0.572042 0.707824
0.59053 0.993536
0.609177 0.569346
0.627969 0.891129
0.646894 0.636088
0.665939 0.994595
0.284869 0.524364
0.285637 0.345235
0.287932 0.338375
0.291715 0.48997
0.296932 0.374841
0.303507 0.261422
0.311354 0.274066
0.320381 0.35226
0.33049 0.271605
0.341586 0.310756
0.353575 0.305504
0.36637 0.330564
0.379889 0.334453
0.394058 0.433485
0.40881 0.336293
0.424083 0.455898
0.439823 0.586064
0.455982 0.514262
0.472517 0.38201
0.48939 0.500672
0.506567 0.686945
0.524017 0.476034
0.541716 0.76881
0.559639 0.390839
0.577765 0.536988
0.596075 0.832309
0.614554 0.970394
0.633187 1.12092
0.651959 1.09196
0.670861 1.1512
0.297669 0.843725
0.298405 0.521178
0.300602 0.317819
0.304228 0.393845
0.309234 0.335483
0.315552 0.643823
0.323108 0.325003
0.331815 0.338179
0.341586 0.216386
0.352332 0.227627
0.363967 0.370482
0.376409 0.276519
0.38958 0.371595
0.403409 0.434494
0.417831 0.357058
0.432785 0.293091
0.44822 0.267832
0.464087 0.370198
0.480343 0.526724
0.49695 0.430394
0.513874 0.554029
0.531085 0.819289
0.548556 0.488538
0.566262 0.679969
0.584182 0.764379
0.602298 1.07065
0.620592 1.21907
0.639048 0.860255
0.657653 0.829102
0.676396 0.954026
0.311354 0.254072
0.312058 0.323213
0.314159 0.313572
0.317631 0.275625
0.322428 0.452948
0.328493 0.356902
0.335757 0.259368
0.344144 0.317202
0.353575 0.325562
0.363967 0.271536
0.375242 0.31896
0.387322 0.304792
0.400134 0.236598
0.41361 0.417924
0.427688 0.283513
0.442309 0.611922
0.457423 0.546885
0.472981 0.48162
0.488941 0.525866
0.505266 0.705212
0.521921 0.785964
0.538874 0.510475
0.5561 0.698164
0.573574 0.545789
0.591273 0.552844
0.609177 0.780738
0.62727 0.933083
0.645536 1.20128
0.66396 0.962413
0.682529 1.08804
0.325811 0.339152
0.326484 0.367053
0.328493 0.267964
0.331815 0.255259
0.33641 0.323507
0.342227 0.28984
0.349205 0.268745
0.357277 0.297723
0.36637 0.413395
0.376409 0.307393
0.387322 0.324582
0.399036 0.257062
0.411483 0.392612
0.4246 0.524694
0.438324 0.45153
0.452603 0.373841
0.467383 0.525068
0.482621 0.421966
0.498272 0.67918
0.514301 0.785828
0.530672 0.463396
0.547355 0.642816
0.564322 0.615675
0.581548 0.716969
0.599012 0.575584
0.616692 1.34589
0.634571 1.16962
0.652632 1.04553
0.670861 0.615706
0.689244 1.16032
0.340943 0.303944
0.341586 0.273744
0.343506 0.270618
0.346684 0.283357
0.351085 0.342321
0.356663 0.298874
0.363364 0.355664
0.371128 0.274232
0.379889 0.394497
0.38958 0.374753
0.400134 0.495042
0.411483 0.432479
0.423565 0.279688
0.436318 0.341902
0.449686 0.394872
0.463614 0.382422
0.478055 0.42122
0.492962 0.377727
0.508295 0.420853
0.524017 0.671624
0.540094 0.929219
0.556495 0.653123
0.573191 1.04617
0.590159 1.01624
0.607375 0.622284
0.624818 0.795098
0.642471 1.18034
0.660316 0.97149
0.678338 1.08728
0.696524 1.42407
0.356663 0.339882
0.357277 0.212738
0.359114 0.330284
0.362155 0.307563
0.36637 0.215391
0.371718 0.336762
0.378153 0.357287
0.385619 0.380154
0.394058 0.391681
0.403409 0.330639
0.41361 0.395492
0.4246 0.429591
0.436318 0.432409
0.448709 0.431461
0.461718 0.453344
0.475294 0.784618
0.48939 0.39635
0.503962 0.536176
0.518971 0.579272
0.534379 0.605423
0.550153 0.759941
0.566262 0.542764
0.582679 0.963434
0.599378 0.754276
0.616336 0.947441
0.633533 0.704984
0.650949 0.898223
0.668568 0.893999
0.686374 1.13628
0.704352 1.03674
0.372896 0.353457
0.373484 0.233799
0.375242 0.330285
0.378153 0.300191
0.382191 0.341236
0.387322 0.368583
0.393501 0.3079
0.400681 0.320331
0.40881 0.296455
0.417831 0.548828
0.427688 0.512255
0.438324 0.333121
0.449686 0.38005
0.461718 0.593127
0.47437 0.402508
0.487594 0.528549
0.501344 0.520889
0.515579 0.607937
0.530258 0.464046
0.545348 0.624298
0.560813 0.602914
0.576625 0.808062
0.592755 0.767918
0.609177 0.778658
0.62587 1.04485
0.642812 0.808934
0.659984 0.897198
0.677368 1.12382
0.694948 0.956107
0.71271 1.13424
0.38958 0.461823
0.390143 0.294729
0.391825 0.459859
0.394614 0.195445
0.398486 0.346901
0.403409 0.609365
0.409346 0.391627
0.416253 0.40561
0.424083 0.340505
0.432785 0.479296
0.442309 0.526813
0.452603 0.461097
0.463614 0.524913
0.475294 0.439558
0.487594 0.401217
0.500468 0.627096
0.513874 0.68469
0.527771 0.729323
0.542121 0.55213
0.556889 0.676894
0.572042 0.789703
0.587552 0.678519
0.603389 0.765207
0.61953 0.979353
0.635952 0.838597
0.652632 1.09724
0.669552 1.2735
0.686693 0.844237
0.704041 0.89091
0.721579 1.13445
0.406658 0.578308
0.407197 0.279475
0.40881 0.343446
0.411483 0.437525
0.415198 0.412502
0.419925 0.404406
0.425631 0.683393
0.432278 0.592466
0.439823 0.389063
0.44822 0.332704
0.457423 0.476472
0.467383 0.458248
0.478055 0.546728
0.48939 0.350542
0.501344 0.496743
0.513874 0.397554
0.526939 0.622838
0.5405 0.612624
0.554521 0.741903
0.568967 0.749585
0.583807 0.766864
0.599012 0.644798
0.614554 0.717295
0.630409 0.818706
0.646554 0.937557
0.662968 1.10931
0.67963 0.856747
0.696524 1.04285
0.713633 1.09339
0.730941 1.24678
0.424083 0.368918
0.4246 0.39321
0.426146 0.397508
0.428712 0.302958
0.432278 0.312446
0.436821 0.408097
0.442309 0.420569
0.448709 0.536066
0.455982 0.282099
0.464087 0.375732
0.472981 0.441472
0.482621 0.337958
0.492962 0.487798
0.503962 0.489437
0.515579 0.669172
0.527771 0.533485
0.5405 0.779119
0.553729 0.583711
0.567423 0.714698
0.581548 0.840983
0.596075 0.819733
0.610975 0.831173
0.626221 0.73411
0.641788 0.890099
0.657653 0.909271
0.673797 1.1222
0.690198 0.840294
0.706839 0.976458
0.723704 1.24065
0.740777 1.3362
0.441813 0.314138
0.442309 0.577024
0.443794 0.366203
0.446259 0.443692
0.449686 0.452439
0.454054 0.470466
0.459337 0.435458
0.465503 0.746399
0.472517 0.53156
0.480343 0.389421
0.488941 0.464996
0.498272 0.458075
0.508295 0.591687
0.518971 0.555401
0.530258 0.507214
0.542121 0.710096
0.554521 0.427266
0.567423 0.825312
0.580794 0.573318
0.594602 0.891574
0.608817 0.834616
0.623412 0.876962
0.638361 0.909443
0.653639 1.27745
0.669224 0.969915
0.685095 1.02941
0.701232 1.25014
0.717617 0.894334
0.734234 1.18254
0.751068 1.0324
0.459814 0.506526
0.460291 0.402217
0.461718 0.432288
0.464087 0.338348
0.467383 0.284131
0.471588 0.458592
0.476676 0.334325
0.482621 0.46735
0.48939 0.418814
0.49695 0.680505
0.505266 0.394115
0.514301 0.539091
0.524017 0.52532
0.534379 0.740113
0.545348 0.517211
0.556889 0.499576
0.568967 0.633814
0.581548 0.634948
0.594602 0.811943
0.608096 0.691771
0.622004 0.780768
0.636296 0.784908
0.650949 0.937097
0.665939 0.877538
0.681242 1.17425
0.696839 0.938382
0.71271 1.02178
0.728837 1.36178
0.745204 1.25481
0.761796 1.05214
0.478055 0.494803
0.478513 0.55436
0.479886 0.334411
0.482166 0.336087
0.48534 0.381534
0.48939 0.749574
0.494295 0.523096
0.50003 0.593467
0.506567 0.62692
0.513874 0.570725
0.521921 0.533037
0.530672 0.605274
0.540094 0.696534
0.550153 0.959893
0.560813 0.584484
0.572042 0.548642
0.583807 0.74793
0.596075 0.684459
0.608817 0.685385
0.622004 0.60884
0.635607 0.721448
0.6496 0.778102
0.66396 1.09714
0.678662 0.913755
0.693684 1.24822
0.709008 1.10473
0.724612 1.1557
0.74048 0.869553
0.756596 1.28709
0.772942 1.08009
0.496509 0.613957
0.49695 0.344508
0.498272 0.509106
0.500468 0.349611
0.503527 0.395452
0.507432 0.441817
0.512164 0.545985
0.517701 0.655602
0.524017 0.612315
0.531085 0.532964
0.538874 0.505014
0.547355 0.813749
0.556495 0.703535
0.566262 0.636087
0.576625 0.644011
0.587552 0.601176
0.599012 0.794058
0.610975 0.805529
0.623412 1.09229
0.636296 1.09002
0.6496 1.44547
0.663299 0.88013
0.677368 1.1888
0.691785 0.699704
0.706529 0.744078
0.721579 1.27854
0.736918 1.03718
0.752526 1.22906
0.768389 1.35841
0.78449 1.03134
0.515153 0.726998
0.515579 0.637224
0.516853 0.592678
0.518971 0.734224
0.521921 0.550195
0.525689 0.441624
0.530258 0.570306
0.535609 0.505574
0.541716 0.450487
0.548556 0.548561
0.5561 0.549893
0.564322 0.433715
0.573191 0.511815
0.582679 0.734485
0.592755 0.729008
0.603389 0.715172
0.614554 0.770685
0.626221 0.605546
0.638361 0.520983
0.650949 0.932272
0.66396 0.918365
0.677368 0.813889
0.69115 1.33513
0.705286 0.799689
0.719753 1.37192
0.734533 0.996938
0.749606 1.06591
0.764956 1.13223
0.780566 1.08728
0.796421 1.01524
0.533968 0.775797
0.534379 0.652748
0.535609 0.56321
0.537652 0.569182
0.5405 0.565873
0.54414 0.683439
0.548556 0.813546
0.553729 0.836529
0.559639 0.840833
0.566262 0.759728
0.573574 0.640125
0.581548 0.640582
0.590159 1.04159
0.599378 0.924731
0.609177 0.956718
0.61953 0.748152
0.630409 1.01125
0.641788 0.856374
0.653639 1.13129
0.665939 0.958741
0.678662 1.14284
0.691785 1.17999
0.705286 1.36102
0.719143 1.11404
0.733337 1.05699
0.747849 1.09962
0.762659 0.958272
0.777751 0.986625
0.79311 1.37966
0.808719 0.90174
0.552936 0.741691
0.553333 0.86611
0.554521 0.575374
0.556495 0.759984
0.559247 0.618021
0.562765 0.640806
0.567036 0.558382
0.572042 0.92144
0.577765 0.595331
0.584182 0.615122
0.591273 0.809591
0.599012 0.585366
0.607375 0.732813
0.616336 0.883937
0.62587 0.608327
0.635952 0.955987
0.646554 0.8362
0.657653 0.64438
0.669224 0.91002
0.681242 0.744686
0.693684 0.870059
0.706529 1.2279
0.719753 1.54167
0.733337 1.04877
0.747262 1.07267
0.761508 0.843821
0.776057 1.3924
0.790894 0.813528
0.806002 1.1143
0.821366 1.42581
0.572042 1.06448
0.572425 0.868534
0.573574 0.789349
0.575482 0.782176
0.578144 0.698329
0.581548 0.653936
0.585682 0.985322
0.59053 1.10791
0.596075 0.708104
0.602298 0.96103
0.609177 0.86364
0.616692 0.81415
0.624818 1.18397
0.633533 0.796623
0.642812 0.857644
0.652632 1.18005
0.662968 1.08337
0.673797 1.17538
0.685095 1.11253
0.696839 0.935517
0.709008 1.33408
0.721579 0.911425
0.734533 1.10813
0.747849 1.23543
0.761508 1.16642
0.775492 0.930487
0.789784 1.3828
0.804368 1.17
0.819227 1.05557
0.834348 1.24538
0.591273 0.655926
0.591643 0.734048
0.592755 0.826878
0.594602 0.719188
0.597178 0.698875
0.600474 0.713044
0.604479 0.855099
0.609177 0.957652
0.614554 0.701215
0.620592 0.620029
0.62727 0.860199
0.634571 0.911729
0.642471 0.850121
0.650949 0.768839
0.659984 0.595052
0.669552 1.1473
0.67963 1.26244
0.690198 0.784669
0.701232 0.818603
0.71271 1.21833
0.724612 1.04014
0.736918 1.22762
0.749606 0.837802
0.762659 0.888544
0.776057 0.99546
0.789784 0.978675
0.803822 1.10147
0.818156 1.30901
0.832769 1.21059
0.847648 1.31102
0.610616 0.71865
0.610975 0.845774
0.612051 0.833869
0.61384 0.817747
0.616336 0.987198
0.61953 0.964462
0.623412 1.00297
0.627969 0.787524
0.633187 0.987356
0.639048 1.06946
0.645536 0.981525
0.652632 0.917319
0.660316 0.884354
0.668568 1.07202
0.677368 1.05297
0.686693 1.09547
0.696524 1.13318
0.706839 1.37856
0.717617 1.39458
0.728837 0.79377
0.74048 0.945495
0.752526 1.24248
0.764956 1.25011
0.777751 1.35019
0.790894 0.955725
0.804368 1.69593
0.818156 1.40586
0.832242 1.58472
0.846612 0.855994
0.861252 0.979549
0.630061 0.807839
0.630409 0.664567
0.631452 0.970779
0.633187 0.896542
0.635607 0.929369
0.638705 1.08595
0.642471 0.773718
0.646894 1.14642
0.651959 0.934178
0.657653 1.16392
0.66396 1.1373
0.670861 1.43331
0.678338 1.1992
0.686374 1.11538
0.694948 0.743575
0.704041 0.953742
0.713633 1.24408
0.723704 0.962904
0.734234 1.28252
0.745204 0.762452
0.756596 1.18156
0.768389 1.03059
0.780566 0.666247
0.79311 0.998707
0.806002 0.806227
0.819227 0.959805
0.832769 1.34631
0.846612 1.19571
0.860743 1.06876
0.875146 1.25653
0.6496 0.963157
0.649938 1.08947
0.650949 0.953142
0.652632 1.1166
0.65498 1.03759
0.657987 1.14499
0.661643 1.08775
0.665939 1.17074
0.670861 1.13597
0.676396 1.01348
0.682529 0.880011
0.689244 1.29289
0.696524 1.47468
0.704352 1.16822
0.71271 1.07388
0.721579 0.962106
0.730941 0.934828
0.740777 0.976889
0.751068 0.833402
0.761796 1.57792
0.772942 1.01482
0.78449 0.858479
0.796421 0.751439
0.808719 1.1903
0.821366 1.22743
0.834348 1.2776
0.847648 1.32068
0.861252 0.877957
0.875146 1.36137
0.889317 1.21208
0.251327 1.06058
0.252199 0.825416
0.254794 0.476767
0.259062 0.456975
0.264922 0.270276
0.272271 0.311489
0.280993 0.329777
0.290963 0.235912
0.302058 0.393016
0.314159 0.241937
0.327155 0.369135
0.340943 0.391058
0.355431 0.391726
0.370536 0.279336
0.386187 0.401136
0.40232 0.41322
0.418879 0.255967
0.435815 0.33431
0.453087 0.348306
0.470657 0.479617
0.488493 0.50504
0.506567 0.80114
0.524854 0.490276
0.543333 0.554115
0.561985 0.566911
0.580794 0.688716
0.599743 0.709195
0.618822 0.919523
0.638018 0.917701
0.65732 1.14939
0.252199 0.572203
0.253067 0.533683
0.255654 0.823721
0.259908 0.313366
0.265749 0.301787
0.273076 0.412737
0.281772 0.313551
0.291715 0.340289
0.302783 0.370082
0.314857 0.23905
0.327825 0.390962
0.341586 0.375133
0.356047 0.293898
0.371128 0.470666
0.386755 0.271061
0.402865 0.408143
0.419402 0.379365
0.436318 0.419419
0.453571 0.403475
0.471123 0.329571
0.488941 0.336507
0.506999 0.557423
0.525272 0.472134
0.543737 0.644349
0.562375 0.412504
0.581171 0.811208
0.600109 0.741719
0.619176 0.975733
0.638361 0.959897
0.657653 1.0171
0.254794 0.259231
0.255654 0.823602
0.258214 1.22575
0.262427 0.440633
0.268213 0.374308
0.275475 0.32836
0.284098 0.304553
0.293962 0.286501
0.304949 0.505866
0.316939 0.323592
0.329826 0.494551
0.343506 0.308442
0.35789 0.29818
0.372896 0.282506
0.388452 0.406943
0.404495 0.325006
0.420968 0.330921
0.437824 0.410822
0.455019 0.81031
0.472517 0.514043
0.490285 0.651898
0.508295 0.630292
0.526523 0.445827
0.544945 0.482068
0.563544 0.738035
0.582302 0.600434
0.601204 0.754685
0.620238 0.798232
0.639391 1.13745
0.658653 1.12435
0.259062 0.902391
0.259908 0.349554
0.262427 0.374854
0.266573 0.502453
0.272271 0.37843
0.279427 0.405513
0.287932 0.525491
0.297669 0.319399
0.308524 0.666992
0.320381 0.500437
0.333134 0.217707
0.346684 0.304677
0.360942 0.392553
0.375826 0.333163
0.391265 0.475279
0.407197 0.38874
0.423565 0.418288
0.440321 0.363533
0.457423 0.534544
0.474832 0.288901
0.492517 0.441388
0.510448 0.546046
0.528601 0.493689
0.546954 0.607749
0.565487 0.871078
0.584182 0.817393
0.603026 0.750333
0.622004 1.10438
0.641104 0.855456
0.660316 0.918572
0.264922 0.440648
0.265749 0.265129
0.268213 0.385507
0.272271 0.369522
0.277853 0.454714
0.284869 0.311994
0.293215 0.354875
0.302783 0.221208
0.31346 0.321161
0.325138 0.361842
0.337711 0.328332
0.351085 0.345988
0.36517 0.329369
0.379889 0.282115
0.39517 0.323106
0.41095 0.443849
0.427174 0.370868
0.443794 0.318385
0.460767 0.408313
0.478055 0.389726
0.495624 0.538403
0.513447 0.602395
0.531498 0.728779
0.549754 0.70812
0.568195 0.639322
0.586805 0.508824
0.605566 0.792888
0.624467 1.06367
0.643494 1.043
0.662637 0.604686
0.272271 0.310886
0.273076 0.361299
0.275475 0.46207
0.279427 0.350342
0.284869 0.640583
0.291715 0.590082
0.299872 0.299185
0.309234 0.362515
0.319696 0.266253
0.331153 0.277727
0.343506 0.366326
0.356663 0.312485
0.370536 0.28845
0.38505 0.328822
0.400134 0.228173
0.415726 0.310382
0.431771 0.394574
0.44822 0.500141
0.465031 0.421629
0.482166 0.449144
0.499591 0.435737
0.517277 0.477093
0.535199 0.518873
0.553333 0.692873
0.571659 0.909246
0.590159 0.547957
0.608817 0.67924
0.62762 0.99706
0.646554 0.61909
0.665609 1.34546
0.280993 0.293207
0.281772 0.301295
0.284098 0.339673
0.287932 0.590305
0.293215 0.32222
0.299872 0.293055
0.307812 0.325058
0.316939 0.295342
0.327155 0.309812
0.33836 0.459044
0.350459 0.422367
0.363364 0.29896
0.376991 0.257848
0.391265 0.413023
0.406118 0.344012
0.421489 0.372905
0.437323 0.758549
0.453571 0.503081
0.470191 0.320963
0.487144 0.441701
0.504397 0.44678
0.521921 0.622115
0.539688 0.647429
0.557676 0.716543
0.575863 0.521267
0.594233 0.536389
0.612767 0.922604
0.631452 1.05984
0.650275 0.920779
0.669224 0.76763
0.290963 0.477509
0.291715 0.381327
0.293962 0.512959
0.297669 0.36265
0.302783 0.236512
0.309234 0.546853
0.316939 0.254076
0.325811 0.313107
0.335757 0.334482
0.346684 0.22783
0.358503 0.41334
0.371128 0.314398
0.38448 0.448036
0.398486 0.658086
0.413079 0.282338
0.4282 0.512545
0.443794 0.307088
0.459814 0.466119
0.476216 0.3725
0.492962 0.514054
0.510019 0.454061
0.527355 0.528099
0.544945 0.68811
0.562765 0.627257
0.580794 0.535373
0.599012 0.952088
0.617403 0.619851
0.635952 0.792205
0.654645 1.07323
0.673471 0.821342
0.302058 0.22381
0.302783 0.347473
0.304949 0.484462
0.308524 0.546474
0.31346 0.258076
0.319696 0.407841
0.327155 0.339876
0.335757 0.247571
0.345416 0.342392
0.356047 0.488458
0.367565 0.319065
0.379889 0.390058
0.392943 0.500198
0.406658 0.311001
0.420968 0.41078
0.435815 0.412036
0.451147 0.371664
0.466914 0.492979
0.483075 0.430107
0.499591 0.478342
0.516429 0.357719
0.533557 0.711356
0.550949 0.819822
0.568581 0.616159
0.586431 0.560897
0.604479 0.803682
0.622708 0.614247
0.641104 0.886782
0.659651 0.988885
0.678338 1.09598
0.314159 0.416524
0.314857 0.468087
0.316939 0.290859
0.320381 0.507886
0.325138 0.368889
0.331153 0.260589
0.33836 0.254006
0.346684 0.4328
0.356047 0.334668
0.36637 0.529584
0.377572 0.444318
0.38958 0.413998
0.40232 0.332959
0.415726 0.314593
0.429734 0.447538
0.444288 0.368166
0.459337 0.50891
0.474832 0.359141
0.490732 0.544282
0.506999 0.4477
0.523599 0.763021
0.5405 0.668787
0.557676 0.582748
0.575101 1.17978
0.592755 0.775893
0.610616 0.918912
0.628667 0.711191
0.646894 0.819536
0.66528 0.741857
0.683813 1.03802
0.327155 0.222364
0.327825 0.348724
0.329826 0.223552
0.333134 0.306505
0.337711 0.359502
0.343506 0.4411
0.350459 0.299258
0.358503 0.24938
0.367565 0.422776
0.377572 0.285549
0.388452 0.297001
0.400134 0.22556
0.412548 0.345911
0.425631 0.557759
0.439324 0.361476
0.453571 0.573879
0.468321 0.667459
0.483529 0.423845
0.499152 0.727227
0.515153 0.537491
0.531498 0.576338
0.548156 0.607661
0.565099 0.797686
0.582302 0.742254
0.599743 0.660158
0.617403 0.867311
0.635261 1.32798
0.653304 0.727578
0.671514 1.15199
0.68988 0.861289
0.340943 0.222865
0.341586 0.331895
0.343506 0.238366
0.346684 0.44498
0.351085 0.290381
0.356663 0.372894
0.363364 0.305498
0.371128 0.377404
0.379889 0.367379
0.38958 0.275982
0.400134 0.322095
0.411483 0.336472
0.423565 0.520736
0.436318 0.360658
0.449686 0.314029
0.463614 0.639661
0.478055 0.563981
0.492962 0.469799
0.508295 0.718257
0.524017 0.428633
0.540094 0.696003
0.556495 0.501976
0.573191 0.765533
0.590159 0.684953
0.607375 0.977496
0.624818 0.957986
0.642471 0.813023
0.660316 0.990272
0.678338 1.15773
0.696524 0.83935
0.355431 0.503363
0.356047 0.397335
0.35789 0.367398
0.360942 0.352033
0.36517 0.216023
0.370536 0.407066
0.376991 0.264722
0.38448 0.285641
0.392943 0.364888
0.40232 0.347404
0.412548 0.571777
0.423565 0.276648
0.435312 0.413611
0.447731 0.42412
0.460767 0.548202
0.47437 0.443822
0.488493 0.417144
0.503091 0.458278
0.518125 0.757799
0.533557 0.648898
0.549355 0.610172
0.565487 0.830459
0.581925 0.610673
0.598645 0.548423
0.615624 0.812824
0.63284 1.18306
0.650275 0.735624
0.667912 1.13414
0.685735 0.931704
0.703729 1.02512
0.370536 0.231215
0.371128 0.389796
0.372896 0.286973
0.375826 0.37128
0.379889 0.328694
0.38505 0.380611
0.391265 0.30596
0.398486 0.360983
0.406658 0.420362
0.415726 0.329792
0.425631 0.443625
0.436318 0.582029
0.447731 0.511393
0.459814 0.605309
0.472517 0.519131
0.485791 0.620729
0.499591 0.365998
0.513874 0.610162
0.528601 0.555829
0.543737 0.618737
0.559247 0.73437
0.575101 0.493441
0.591273 0.767158
0.607736 0.848623
0.624467 0.677495
0.641446 1.08055
0.658653 0.64093
0.676071 1.09211
0.693684 1.10514
0.711478 0.914401
0.386187 0.399052
0.386755 0.354645
0.388452 0.287562
0.391265 0.290617
0.39517 0.244948
0.400134 0.259583
0.406118 0.390301
0.413079 0.337426
0.420968 0.435728
0.429734 0.435631
0.439324 0.273005
0.449686 0.444393
0.460767 0.333417
0.472517 0.555762
0.484888 0.424335
0.497832 0.618834
0.511307 0.409828
0.525272 0.551034
0.539688 0.676881
0.554521 0.62628
0.569737 0.672256
0.585308 0.8796
0.601204 0.698314
0.617403 0.809188
0.633879 0.854621
0.650612 0.525059
0.667583 1.21324
0.684774 0.955688
0.702169 1.0728
0.719753 0.943788
0.40232 0.282476
0.402865 0.291344
0.404495 0.343708
0.407197 0.365121
0.41095 0.401778
0.415726 0.351393
0.421489 0.490915
0.4282 0.387226
0.435815 0.475597
0.444288 0.441637
0.453571 0.35237
0.463614 0.399533
0.47437 0.562974
0.485791 0.366734
0.497832 0.555332
0.510448 0.459711
0.523599 0.484881
0.537244 0.462543
0.551347 0.575965
0.565874 0.559382
0.580794 0.602599
0.596075 0.920712
0.611692 0.860426
0.62762 0.84643
0.643835 0.935914
0.660316 0.793965
0.677044 0.783375
0.694001 1.22439
0.71117 0.871534
0.728536 0.982646
0.418879 0.40129
0.419402 0.272562
0.420968 0.473456
0.423565 0.543666
0.427174 0.34509
0.431771 0.381253
0.437323 0.305192
0.443794 0.421843
0.451147 0.448479
0.459337 0.383888
0.468321 0.454923
0.478055 0.438093
0.488493 0.40095
0.499591 0.332858
0.511307 0.446935
0.523599 0.633006
0.536427 0.593253
0.549754 0.923662
0.563544 0.688844
0.577765 0.9029
0.592384 0.833046
0.607375 0.883486
0.622708 0.68709
0.638361 0.758265
0.65431 0.990602
0.670534 0.9472
0.687013 1.25896
0.703729 1.13004
0.720667 1.3163
0.73781 0.83588
0.435815 0.374726
0.436318 0.601712
0.437824 0.554977
0.440321 0.417827
0.443794 0.396002
0.44822 0.366963
0.453571 0.284495
0.459814 0.408404
0.466914 0.486283
0.474832 0.513015
0.483529 0.498927
0.492962 0.452871
0.503091 0.509788
0.513874 0.549732
0.525272 0.502041
0.537244 0.607306
0.549754 0.606758
0.562765 0.780957
0.576244 0.659196
0.590159 0.742773
0.604479 0.672125
0.619176 0.857521
0.634225 0.901398
0.6496 0.880588
0.66528 0.812161
0.681242 1.18237
0.697468 0.798404
0.71394 1.02356
0.730641 0.971582
0.747555 1.03006
0.453087 0.521186
0.453571 0.476519
0.455019 0.420961
0.457423 0.43984
0.460767 0.504076
0.465031 0.474025
0.470191 0.341417
0.476216 0.476522
0.483075 0.574186
0.490732 0.551816
0.499152 0.47023
0.508295 0.506907
0.518125 0.581107
0.528601 0.773568
0.539688 0.591414
0.551347 0.843073
0.563544 0.638832
0.576244 0.726305
0.589415 0.678698
0.603026 0.755052
0.617047 0.93382
0.631452 0.75493
0.646215 0.833701
0.661312 0.800623
0.67672 1.02985
0.692419 1.32091
0.708389 0.641429
0.724612 1.08597
0.741073 1.04047
0.757754 1.30148
0.470657 0.352697
0.471123 0.579238
0.472517 0.499621
0.474832 0.476017
0.478055 0.393627
0.482166 0.567074
0.487144 0.427117
0.492962 0.445261
0.499591 0.4184
0.506999 0.525624
0.515153 0.746505
0.524017 0.579324
0.533557 0.514922
0.543737 0.584647
0.554521 0.838439
0.565874 0.527094
0.577765 0.680822
0.590159 0.739104
0.603026 0.718766
0.616336 0.845229
0.630061 0.934201
0.644175 0.968175
0.658653 1.21826
0.673471 0.965788
0.688607 0.8034
0.704041 0.853175
0.719753 1.00867
0.735726 0.858908
0.751943 1.04876
0.768389 0.991658
0.488493 0.361496
0.488941 0.536052
0.490285 0.473102
0.492517 0.507984
0.495624 0.492774
0.499591 0.601708
0.504397 0.923048
0.510019 0.623395
0.516429 0.487998
0.523599 0.559295
0.531498 0.795249
0.540094 0.540628
0.549355 0.630405
0.559247 0.525357
0.569737 0.761478
0.580794 0.898611
0.592384 1.18502
0.604479 0.955012
0.617047 0.783924
0.630061 0.899915
0.643494 1.01537
0.65732 0.951559
0.671514 1.13918
0.686054 0.77069
0.700919 0.998517
0.716087 1.20106
0.731541 1.10993
0.747262 0.94521
0.763234 1.32772
0.779441 1.20033
0.506567 0.382216
0.506999 0.505569
0.508295 0.6159
0.510448 0.513999
0.513447 0.803242
0.517277 0.455743
0.521921 0.735596
0.527355 0.529824
0.533557 0.711522
0.5405 0.589204
0.548156 0.605222
0.556495 0.989166
0.565487 0.672131
0.575101 0.982371
0.585308 0.656699
0.596075 0.767381
0.607375 0.875634
0.619176 0.861267
0.631452 1.02064
0.644175 0.974717
0.65732 0.91165
0.670861 0.684785
0.684774 1.07148
0.699039 0.861193
0.713633 1.06193
0.728536 1.16931
0.743731 1.26875
0.7592 1.11622
0.774926 0.941006
0.790894 1.48251
0.524854 0.697563
0.525272 0.646165
0.526523 0.578295
0.528601 0.565045
0.531498 0.626733
0.535199 0.472002
0.539688 0.62823
0.544945 0.729125
0.550949 0.844464
0.557676 0.557777
0.565099 0.724581
0.573191 0.966752
0.581925 0.511642
0.591273 0.572584
0.601204 0.734583
0.611692 1.02107
0.622708 0.928538
0.634225 0.690103
0.646215 0.777451
0.658653 0.932063
0.671514 0.783056
0.684774 1.1124
0.698411 1.00312
0.712402 1.3247
0.726728 0.994373
0.741369 1.07051
0.756306 0.947318
0.771522 1.06125
0.787002 1.23679
0.80273 1.15753
0.543333 0.715483
0.543737 0.40067
0.544945 0.540795
0.546954 0.760501
0.549754 0.794392
0.553333 0.610949
0.557676 0.773843
0.562765 0.719297
0.568581 0.701424
0.575101 1.03394
0.582302 0.562352
0.590159 0.954933
0.598645 0.953857
0.607736 0.810531
0.617403 0.815103
0.62762 1.03087
0.638361 0.712389
0.6496 1.07749
0.661312 0.976273
0.673471 0.931588
0.686054 0.823574
0.699039 0.981808
0.712402 0.905284
0.726124 1.11458
0.740184 1.44548
0.754564 1.41776
0.769245 1.68315
0.78421 1.10686
0.799445 0.855524
0.814932 0.70799
0.561985 0.661105
0.562375 0.714562
0.563544 0.539931
0.565487 0.684903
0.568195 0.797662
0.571659 0.575638
0.575863 0.490401
0.580794 0.670623
0.586431 0.896104
0.592755 0.733364
0.599743 0.78984
0.607375 0.872915
0.615624 0.738926
0.624467 0.656729
0.633879 0.956044
0.643835 0.793489
0.65431 1.09853
0.66528 1.19707
0.67672 0.823874
0.688607 0.918875
0.700919 1.08868
0.713633 1.11317
0.726728 1.21068
0.740184 1.34795
0.753982 1.16125
0.768104 1.16912
0.782531 1.42615
0.797247 0.926052
0.812237 1.35952
0.827485 1.15056
0.580794 0.589156
0.581171 0.822626
0.582302 0.837957
0.584182 0.774283
0.586805 0.9054
0.590159 0.770934
0.594233 0.680503
0.599012 0.864883
0.604479 0.974473
0.610616 1.00983
0.617403 0.993341
0.624818 0.976283
0.63284 0.787624
0.641446 0.696911
0.650612 1.07414
0.660316 1.07827
0.670534 1.09375
0.681242 0.650362
0.692419 0.731928
0.704041 0.991333
0.716087 1.11723
0.728536 0.979487
0.741369 1.5867
0.754564 1.2345
0.768104 1.31802
0.78197 1.23398
0.796146 1.01375
0.810615 1.25768
0.825362 1.02778
0.840372 1.28742
0.599743 0.476912
0.600109 0.652266
0.601204 0.896489
0.603026 0.689783
0.605566 0.56502
0.608817 0.808159
0.612767 0.519629
0.617403 0.645746
0.622708 0.710469
0.628667 0.728392
0.635261 0.781275
0.642471 1.00028
0.650275 1.24205
0.658653 0.844407
0.667583 0.965316
0.677044 1.27388
0.687013 0.995651
0.697468 0.684884
0.708389 1.02772
0.719753 1.18365
0.731541 1.12135
0.743731 1.31063
0.756306 1.34613
0.769245 1.24323
0.782531 1.25701
0.796146 1.21
0.810073 1.43963
0.824298 1.31131
0.838805 1.26663
0.853578 1.0641
0.618822 0.550773
0.619176 0.87729
0.620238 1.11808
0.622004 0.67913
0.624467 0.925263
0.62762 0.600259
0.631452 0.893749
0.635952 0.96057
0.641104 0.987803
0.646894 1.04511
0.653304 0.897689
0.660316 0.702505
0.667912 1.24498
0.676071 0.879839
0.684774 0.761859
0.694001 1.27731
0.703729 1.04392
0.71394 1.38713
0.724612 1.07629
0.735726 1.20319
0.747262 1.1931
0.7592 1.11817
0.771522 1.14713
0.78421 1.66676
0.797247 1.28373
0.810615 1.23508
0.824298 1.3267
0.838281 1.17561
0.85255 1.28966
0.86709 1.0874
0.638018 0.775343
0.638361 0.845857
0.639391 1.28917
0.641104 1.01447
0.643494 1.3433
0.646554 0.837711
0.650275 0.945241
0.654645 0.906247
0.659651 0.913086
0.66528 1.17397
0.671514 0.91732
0.678338 0.81613
0.685735 0.855302
0.693684 0.997518
0.702169 1.12936
0.71117 1.09979
0.720667 0.998818
0.730641 1.189
0.741073 1.4801
0.751943 1.01859
0.763234 1.27138
0.774926 1.14576
0.787002 1.25527
0.799445 1.36046
0.812237 1.47911
0.825362 1.08359
0.838805 1.19977
0.85255 1.46043
0.866584 1.37017
0.880892 1.10556
0.65732 0.696458
0.657653 0.883672
0.658653 1.01446
0.660316 0.615827
0.662637 1.15658
0.665609 0.693144
0.669224 0.909292
0.673471 0.889309
0.678338 0.891562
0.683813 0.969253
0.68988 0.920608
0.696524 1.23114
0.703729 1.28414
0.711478 1.09776
0.719753 1.40891
0.728536 1.22682
0.73781 1.46892
0.747555 1.12647
0.757754 1.14417
0.768389 1.19063
0.779441 1.27631
0.790894 1.25011
0.80273 1.01352
0.814932 0.994739
0.827485 1.29252
0.840372 1.05443
0.853578 1.1094
0.86709 1.76326
0.880892 1.55574
0.894971 1.6353
0.272271 0.64971
0.273076 0.392577
0.275475 0.407148
0.279427 0.367852
0.284869 0.677648
0.291715 0.537732
0.299872 0.268977
0.309234 0.399252
0.319696 0.28752
0.331153 0.405501
0.343506 0.360574
0.356663 0.510711
0.370536 0.228791
0.38505 0.359809
0.400134 0.433393
0.415726 0.347673
0.431771 0.4233
0.44822 0.326537
0.465031 0.389252
0.482166 0.513421
0.499591 0.408529
0.517277 0.523388
0.535199 0.728308
0.553333 0.544631
0.571659 0.587067
0.590159 0.547784
0.608817 1.05713
0.62762 0.815165
0.646554 0.916318
0.665609 0.690721
0.273076 0.273609
0.273878 0.90889
0.27627 0.294324
0.280211 0.303582
0.285637 0.635728
0.292466 0.362337
0.300602 0.265718
0.309942 0.349652
0.320381 0.285751
0.331815 0.280973
0.344144 0.38215
0.357277 0.322533
0.371128 0.246937
0.385619 0.369301
0.400681 0.304859
0.416253 0.529082
0.432278 0.314611
0.448709 0.353877
0.465503 0.539459
0.482621 0.349185
0.50003 0.465979
0.517701 0.578336
0.535609 0.784171
0.553729 0.775665
0.572042 0.499419
0.59053 0.910485
0.609177 0.964793
0.627969 0.798731
0.646894 1.01927
0.665939 0.843914
0.275475 1.13998
0.27627 0.379207
0.278641 0.191611
0.282549 0.47799
0.287932 0.283056
0.294708 0.357551
0.302783 0.199145
0.312058 0.539124
0.322428 0.254545
0.333792 0.276015
0.346051 0.201012
0.359114 0.281577
0.372896 0.277957
0.387322 0.454571
0.40232 0.372228
0.417831 0.378685
0.433798 0.432624
0.450173 0.363461
0.466914 0.390962
0.483982 0.782841
0.501344 0.489765
0.518971 0.578713
0.536836 0.605241
0.554916 0.597938
0.573191 0.647592
0.591643 0.672416
0.610257 0.939023
0.629016 0.800432
0.64791 0.926866
0.666926 0.875761
0.279427 0.267954
0.280211 0.290829
0.282549 0.370901
0.286404 0.22823
0.291715 0.233566
0.298405 0.376569
0.306384 0.559268
0.315552 0.237809
0.325811 0.421001
0.337061 0.283399
0.349205 0.372837
0.362155 0.253864
0.375826 0.404161
0.390143 0.391681
0.405037 0.387447
0.420447 0.417487
0.436318 0.409092
0.452603 0.31653
0.469257 0.386632
0.486243 0.350071
0.503527 0.675082
0.521079 0.727926
0.538874 0.580808
0.556889 0.804399
0.575101 0.718242
0.593494 0.904108
0.612051 0.865275
0.630757 0.952798
0.6496 0.905588
0.668568 0.976446
0.284869 0.353471
0.285637 0.447794
0.287932 0.463196
0.291715 0.327535
0.296932 0.331032
0.303507 0.354281
0.311354 0.242172
0.320381 0.413659
0.33049 0.276506
0.341586 0.302763
0.353575 0.249871
0.36637 0.340222
0.379889 0.300637
0.394058 0.440952
0.40881 0.336477
0.424083 0.272001
0.439823 0.435274
0.455982 0.436435
0.472517 0.533552
0.48939 0.36836
0.506567 0.513649
0.524017 0.526247
0.541716 0.352883
0.559639 0.671825
0.577765 0.639079
0.596075 0.644712
0.614554 0.834867
0.633187 0.899427
0.651959 0.678925
0.670861 1.03407
0.291715 0.265689
0.292466 0.318919
0.294708 0.333623
0.298405 0.248858
0.303507 0.255383
0.309942 0.332059
0.317631 0.404062
0.326484 0.220058
0.33641 0.336581
0.347316 0.348047
0.359114 0.478337
0.371718 0.389961
0.38505 0.434306
0.399036 0.325325
0.41361 0.313771
0.428712 0.384263
0.444288 0.415204
0.460291 0.37021
0.476676 0.503453
0.493407 0.576688
0.510448 0.58474
0.527771 0.829786
0.545348 0.488582
0.563155 0.582854
0.581171 0.790363
0.599378 0.459224
0.617758 0.884707
0.636296 0.869962
0.65498 1.22038
0.673797 1.06739
0.299872 0.439361
0.300602 0.293839
0.302783 0.274818
0.306384 0.251836
0.311354 0.363403
0.317631 0.520724
0.325138 0.230417
0.333792 0.236342
0.343506 0.543893
0.354194 0.378737
0.36577 0.313418
0.378153 0.313329
0.391265 0.337212
0.405037 0.315352
0.419402 0.344836
0.434303 0.423955
0.449686 0.33738
0.465503 0.40412
0.481711 0.492464
0.498272 0.373299
0.515153 0.506519
0.532323 0.57882
0.549754 0.711121
0.567423 0.736844
0.585308 0.824821
0.603389 0.991387
0.621651 0.803416
0.640077 1.07281
0.658653 0.63261
0.677368 1.10455
0.309234 0.344571
0.309942 0.268524
0.312058 0.35664
0.315552 0.417129
0.320381 0.252622
0.326484 0.541072
0.333792 0.388274
0.342227 0.459845
0.351709 0.33501
0.362155 0.303499
0.373484 0.210148
0.385619 0.277717
0.398486 0.304688
0.412016 0.297088
0.426146 0.223479
0.440819 0.405273
0.455982 0.403842
0.471588 0.68361
0.487594 0.371083
0.503962 0.503223
0.520658 0.559016
0.537652 0.431467
0.554916 0.604039
0.572425 0.856989
0.590159 0.700034
0.608096 0.753089
0.626221 0.94914
0.644516 0.702613
0.662968 1.14779
0.681564 0.808802
0.319696 0.382033
0.320381 0.341548
0.322428 0.334799
0.325811 0.347925
0.33049 0.365476
0.33641 0.272416
0.343506 0.3737
0.351709 0.165114
0.360942 0.276833
0.371128 0.39291
0.382191 0.247302
0.394058 0.414406
0.406658 0.302944
0.419925 0.4102
0.433798 0.415705
0.44822 0.354846
0.463141 0.559154
0.478513 0.517822
0.494295 0.580337
0.510448 0.45592
0.526939 0.631845
0.543737 0.665253
0.560813 0.911304
0.578144 0.822077
0.595707 0.698347
0.613483 0.894283
0.631452 0.739958
0.6496 0.73691
0.667912 0.906852
0.686374 1.17621
0.331153 0.325197
0.331815 0.300537
0.333792 0.215532
0.337061 0.287308
0.341586 0.398123
0.347316 0.262118
0.354194 0.30054
0.362155 0.287349
0.371128 0.249842
0.381042 0.485936
0.391825 0.318321
0.403409 0.385267
0.415726 0.452491
0.428712 0.337105
0.442309 0.569477
0.456463 0.435978
0.471123 0.506857
0.486243 0.413288
0.501781 0.448518
0.517701 0.4439
0.533968 0.724116
0.550551 0.887083
0.567423 0.869622
0.584558 0.791839
0.601934 0.829045
0.61953 1.11468
0.63733 1.0506
0.655315 0.810379
0.673471 0.975981
0.691785 1.04868
0.343506 0.328113
0.344144 0.515291
0.346051 0.438759
0.349205 0.327604
0.353575 0.276919
0.359114 0.435316
0.36577 0.318159
0.373484 0.270212
0.382191 0.32634
0.391825 0.330979
0.40232 0.285326
0.41361 0.402616
0.425631 0.347691
0.438324 0.333212
0.451632 0.589046
0.465503 0.490276
0.479886 0.498847
0.494739 0.600708
0.510019 0.51372
0.525689 0.559401
0.541716 0.426229
0.558069 0.728404
0.57472 0.498667
0.591643 0.531533
0.608817 0.852141
0.626221 0.985602
0.643835 1.1386
0.661643 1.05016
0.67963 1.16635
0.697783 0.966756
0.356663 0.23022
0.357277 0.255567
0.359114 0.307887
0.362155 0.342502
0.36637 0.38278
0.371718 0.268944
0.378153 0.333896
0.385619 0.442475
0.394058 0.349173
0.403409 0.409911
0.41361 0.235576
0.4246 0.333486
0.436318 0.430185
0.448709 0.520977
0.461718 0.536251
0.475294 0.497682
0.48939 0.578899
0.503962 0.503895
0.518971 0.809193
0.534379 0.502583
0.550153 0.752256
0.566262 0.867964
0.582679 0.514466
0.599378 0.590655
0.616336 0.747846
0.633533 1.30829
0.650949 0.895997
0.668568 0.916212
0.686374 1.11816
0.704352 0.906029
0.370536 0.283662
0.371128 0.351789
0.372896 0.379403
0.375826 0.255776
0.379889 0.295737
0.38505 0.273794
0.391265 0.286507
0.398486 0.335114
0.406658 0.365282
0.415726 0.290944
0.425631 0.413001
0.436318 0.508799
0.447731 0.579591
0.459814 0.528341
0.472517 0.383853
0.485791 0.617606
0.499591 0.550175
0.513874 0.683132
0.528601 0.686944
0.543737 0.44279
0.559247 0.957033
0.575101 0.50852
0.591273 0.603402
0.607736 0.936472
0.624467 0.684835
0.641446 0.865179
0.658653 1.06407
0.676071 0.781716
0.693684 0.901912
0.711478 1.11043
0.38505 0.433449
0.385619 0.397231
0.387322 0.389153
0.390143 0.244823
0.394058 0.403136
0.399036 0.301519
0.405037 0.313385
0.412016 0.349092
0.419925 0.40478
0.428712 0.318821
0.438324 0.385926
0.448709 0.346279
0.459814 0.377145
0.471588 0.485795
0.483982 0.580269
0.49695 0.503679
0.510448 0.607526
0.524436 0.558976
0.538874 0.676634
0.553729 0.725474
0.568967 0.821888
0.584558 0.686096
0.600474 0.804481
0.616692 0.718958
0.633187 0.936271
0.649938 1.03539
0.666926 0.814909
0.684133 1.02474
0.701544 1.27128
0.719143 0.911993
0.400134 0.34522
0.400681 0.374346
0.40232 0.265321
0.405037 0.491749
0.40881 0.322415
0.41361 0.25871
0.419402 0.35742
0.426146 0.373942
0.433798 0.464374
0.442309 0.303047
0.451632 0.586775
0.461718 0.513625
0.472517 0.411215
0.483982 0.545352
0.496067 0.555074
0.508727 0.54875
0.521921 0.679102
0.535609 0.43842
0.549754 0.642383
0.564322 0.593167
0.579281 0.67571
0.594602 1.06787
0.610257 0.905084
0.626221 0.845585
0.642471 1.24482
0.658986 0.890158
0.675747 0.888663
0.692735 0.92449
0.709935 1.70902
0.727331 1.11218
0.415726 0.436619
0.416253 0.400843
0.417831 0.305696
0.420447 0.268246
0.424083 0.36924
0.428712 0.301512
0.434303 0.332697
0.440819 0.536603
0.44822 0.40603
0.456463 0.520408
0.465503 0.341985
0.475294 0.52908
0.485791 0.556584
0.49695 0.420056
0.508727 0.664433
0.521079 0.533678
0.533968 0.530953
0.547355 0.638341
0.561204 0.76785
0.575482 0.59152
0.590159 0.897503
0.605204 1.02656
0.620592 0.662976
0.636296 0.830581
0.652296 0.917858
0.668568 1.03983
0.685095 0.825076
0.701857 1.24922
0.718838 0.571372
0.736024 1.33022
0.431771 0.433042
0.432278 0.408938
0.433798 0.322152
0.436318 0.560448
0.439823 0.441919
0.444288 0.431911
0.449686 0.304186
0.455982 0.540686
0.463141 0.675252
0.471123 0.407871
0.479886 0.54744
0.48939 0.529583
0.499591 0.477311
0.510448 0.541529
0.521921 0.759878
0.533968 0.651005
0.546553 0.833214
0.559639 0.653498
0.573191 0.55421
0.587178 0.632502
0.601569 0.729618
0.616336 0.856935
0.631452 0.767842
0.646894 0.680907
0.662637 0.743406
0.678662 0.929114
0.694948 0.930885
0.711478 1.36785
0.728235 1.06277
0.745204 1.1251
0.44822 0.490463
0.448709 0.616742
0.450173 0.363513
0.452603 0.329107
0.455982 0.536657
0.460291 0.485769
0.465503 0.473472
0.471588 0.440207
0.478513 0.601926
0.486243 0.359061
0.494739 0.529965
0.503962 0.554369
0.513874 0.544773
0.524436 0.460337
0.535609 0.716483
0.547355 0.603126
0.559639 0.67542
0.572425 0.889199
0.585682 0.739147
0.599378 0.477878
0.613483 0.814151
0.627969 0.99397
0.642812 0.830155
0.657987 0.827145
0.673471 1.38077
0.689244 0.87012
0.705286 1.2276
0.721579 1.02113
0.738107 0.716712
0.754854 0.780642
0.465031 0.47092
0.465503 0.38088
0.466914 0.427106
0.469257 0.335574
0.472517 0.383438
0.476676 0.663486
0.481711 0.38069
0.487594 0.386245
0.494295 0.46729
0.501781 0.425621
0.510019 0.519557
0.518971 0.580633
0.528601 0.556804
0.538874 0.545264
0.549754 0.632247
0.561204 0.64117
0.573191 0.647887
0.585682 0.608067
0.598645 0.594885
0.612051 0.840134
0.62587 1.13359
0.640077 0.663469
0.654645 0.708703
0.669552 1.09289
0.684774 1.1023
0.700293 0.912261
0.716087 1.18574
0.73214 1.07051
0.748435 1.08385
0.764956 1.00458
0.482166 0.464853
0.482621 0.470528
0.483982 0.420634
0.486243 0.372124
0.48939 0.410095
0.493407 0.497649
0.498272 0.56287
0.503962 0.704141
0.510448 0.358708
0.517701 0.462659
0.525689 0.687368
0.534379 0.455334
0.543737 0.827392
0.553729 0.460439
0.564322 0.730538
0.575482 0.699547
0.587178 0.969137
0.599378 0.747908
0.612051 0.692868
0.625169 0.878245
0.638705 1.1131
0.652632 0.690479
0.666926 0.803858
0.681564 0.946972
0.696524 1.14164
0.711786 1.15768
0.727331 1.14806
0.743141 1.1152
0.7592 1.25912
0.775492 1.18036
0.499591 0.676193
0.50003 0.485106
0.501344 0.549765
0.503527 0.475533
0.506567 0.64653
0.510448 0.656318
0.515153 0.649714
0.520658 0.553077
0.526939 0.694789
0.533968 0.544836
0.541716 0.780483
0.550153 0.462755
0.559247 0.568574
0.568967 0.834289
0.579281 0.558664
0.590159 0.841352
0.601569 0.426374
0.613483 0.829801
0.62587 0.586366
0.638705 0.796424
0.651959 0.924284
0.665609 0.860171
0.67963 0.802805
0.694001 0.959469
0.708698 1.24101
0.723704 1.22684
0.738998 1.00139
0.754564 0.995573
0.770384 1.40034
0.786445 0.890405
0.517277 0.592773
0.517701 0.582345
0.518971 0.487212
0.521079 0.685272
0.524017 0.452258
0.527771 0.618395
0.532323 0.757413
0.537652 0.9802
0.543737 0.415897
0.550551 0.621773
0.558069 0.764813
0.566262 0.774659
0.575101 0.597664
0.584558 0.75786
0.594602 0.851205
0.605204 0.415553
0.616336 0.821044
0.627969 0.974149
0.640077 0.729014
0.652632 1.05782
0.665609 0.899372
0.678985 1.08213
0.692735 0.97489
0.706839 0.897489
0.721275 0.938087
0.736024 0.735471
0.751068 1.23758
0.766388 1.01505
0.78197 0.875327
0.797797 1.30904
0.535199 0.589657
0.535609 0.419557
0.536836 0.575599
0.538874 0.524273
0.541716 0.693696
0.545348 0.519736
0.549754 0.694025
0.554916 0.591672
0.560813 0.686381
0.567423 0.608284
0.57472 0.724951
0.582679 0.58007
0.591273 0.618394
0.600474 0.572461
0.610257 0.894158
0.620592 1.07777
0.631452 0.940018
0.642812 1.00645
0.654645 1.17074
0.666926 0.840883
0.67963 0.799166
0.692735 1.11898
0.706218 1.11584
0.720058 0.861961
0.734234 0.665866
0.748728 0.92141
0.763521 0.973841
0.778597 1.13949
0.793939 1.06821
0.809532 0.945586
0.553333 0.710929
0.553729 0.632497
0.554916 0.569983
0.556889 0.53712
0.559639 0.8287
0.563155 0.561901
0.567423 0.623719
0.572425 0.500438
0.578144 0.763988
0.584558 0.762692
0.591643 0.832303
0.599378 1.01208
0.607736 0.847997
0.616692 1.05684
0.626221 0.947215
0.636296 0.83396
0.646894 0.826709
0.657987 0.874107
0.669552 0.946873
0.681564 1.0528
0.694001 1.13103
0.706839 0.924538
0.720058 1.42555
0.733636 1.18622
0.747555 1.19804
0.761796 1.52991
0.77634 1.41436
0.791171 1.43793
0.806274 1.29586
0.821633 1.20047
0.571659 0.919279
0.572042 0.682219
0.573191 0.676174
0.575101 0.455613
0.577765 0.612006
0.581171 0.736271
0.585308 0.631122
0.590159 0.935219
0.595707 0.653057
0.601934 0.770413
0.608817 0.984341
0.616336 0.706327
0.624467 0.991163
0.633187 0.909301
0.642471 1.09079
0.652296 0.706533
0.662637 0.994569
0.673471 0.838271
0.684774 0.884406
0.696524 0.924053
0.708698 1.03966
0.721275 1.1079
0.734234 1.08605
0.747555 1.1553
0.76122 0.956593
0.775209 1.2178
0.789506 1.25409
0.804095 1.61382
0.818959 1.24725
0.834085 1.52849
0.590159 0.795981
0.59053 0.87054
0.591643 0.942553
0.593494 1.04863
0.596075 0.452677
0.599378 0.694778
0.603389 1.05926
0.608096 1.29264
0.613483 1.13665
0.61953 0.845685
0.626221 0.846371
0.633533 1.08942
0.641446 1.15008
0.649938 1.05366
0.658986 1.05046
0.668568 0.981046
0.678662 1.14146
0.689244 1.45913
0.700293 0.654759
0.711786 0.856881
0.723704 1.02982
0.736024 1.18296
0.748728 1.42871
0.761796 1.24558
0.775209 0.878261
0.788951 1.10149
0.803003 1.25513
0.817351 1.35385
0.831979 1.30846
0.846871 1.62707
0.608817 1.11422
0.609177 0.86991
0.610257 0.855418
0.612051 0.673838
0.614554 0.643264
0.617758 0.714983
0.621651 0.882156
0.626221 0.776256
0.631452 1.08978
0.63733 0.73755
0.643835 1.06626
0.650949 0.793246
0.658653 0.916153
0.666926 1.11455
0.675747 0.780071
0.685095 1.05737
0.694948 1.60971
0.705286 0.778216
0.716087 0.987227
0.727331 1.07677
0.738998 0.974832
0.751068 1.68953
0.763521 1.29983
0.77634 0.93868
0.789506 1.31138
0.803003 1.27886
0.816814 1.25351
0.830923 1.32488
0.845316 1.06324
0.859978 1.31429
0.62762 1.04663
0.627969 0.841211
0.629016 0.738674
0.630757 0.971859
0.633187 1.26496
0.636296 0.68643
0.640077 1.09403
0.644516 0.915812
0.6496 0.909146
0.655315 0.81821
0.661643 1.41596
0.668568 1.24604
0.676071 1.21205
0.684133 1.04567
0.692735 1.07419
0.701857 1.12597
0.711478 0.923528
0.721579 1.61278
0.73214 1.41051
0.743141 1.04172
0.754564 1.09723
0.766388 1.32299
0.778597 1.06381
0.791171 0.993669
0.804095 1.31276
0.817351 1.34224
0.830923 1.05309
0.844797 1.77868
0.858957 1.49952
0.87339 1.40066
0.646554 0.947833
0.646894 0.866451
0.64791 0.895057
0.6496 0.911545
0.651959 1.19698
0.65498 0.910726
0.658653 1.19866
0.662968 1.17095
0.667912 1.55853
0.673471 0.929741
0.67963 0.875333
0.686374 0.961604
0.693684 1.16716
0.701544 1.00427
0.709935 1.08125
0.718838 1.18743
0.728235 1.05194
0.738107 1.11173
0.748435 1.30527
0.7592 1.21874
0.770384 1.03918
0.78197 1.22581
0.793939 1.54531
0.806274 1.32566
0.818959 1.09241
0.831979 1.62323
0.845316 1.00078
0.858957 1.15257
0.872888 1.41523
0.887094 1.15319
0.665609 0.744328
0.665939 1.12508
0.666926 0.72794
0.668568 0.720928
0.670861 1.26456
0.673797 1.35469
0.677368 0.949612
0.681564 1.0876
0.686374 0.905719
0.691785 0.957477
0.697783 1.02702
0.704352 1.69514
0.711478 1.53335
0.719143 0.993397
0.727331 0.962295
0.736024 1.3067
0.745204 1.02573
0.754854 0.789795
0.764956 1.31044
0.775492 1.47941
0.786445 1.0236
0.797797 1.13362
0.809532 0.833456
0.821633 1.02295
0.834085 1.04095
0.846871 1.04748
0.859978 1.19083
0.87339 1.32916
0.887094 1.31034
0.901077 1.11818
0.293215 0.229417
0.293962 0.28698
0.296192 0.256523
0.299872 0.322809
0.304949 0.352573
0.311354 0.38737
0.319009 0.374796
0.327825 0.309497
0.337711 0.386815
0.348577 0.426287
0.360333 0.267488
0.372896 0.381972
0.386187 0.352618
0.400134 0.319257
0.414669 0.458904
0.429734 0.37856
0.445275 0.342745
0.461243 0.416457
0.477596 0.398938
0.494295 0.553087
0.511307 0.558396
0.528601 0.573133
0.546151 0.749598
0.563933 0.64939
0.581925 0.838001
0.600109 0.822546
0.618467 1.00567
0.636985 0.693437
0.655649 0.697638
0.674447 0.660853
0.293962 0.58784
0.294708 0.781853
0.296932 0.237555
0.300602 0.440419
0.305667 0.264404
0.312058 0.371041
0.319696 0.377612
0.328493 0.330649
0.33836 0.369755
0.349205 0.324576
0.360942 0.27813
0.373484 0.377305
0.386755 0.325174
0.400681 0.517845
0.415198 0.380798
0.430244 0.419912
0.445767 0.441482
0.461718 0.485049
0.478055 0.59983
0.494739 0.571123
0.511736 0.500077
0.529016 0.60988
0.546553 0.64811
0.564322 0.514382
0.582302 0.83747
0.600474 0.879043
0.618822 1.0702
0.63733 0.809918
0.655984 0.695944
0.674772 0.871309
0.296192 0.292586
0.296932 0.415292
0.299139 0.445204
0.302783 0.309807
0.307812 0.326064
0.314159 0.200754
0.321747 0.266855
0.33049 0.330701
0.340299 0.295138
0.351085 0.477079
0.36276 0.238926
0.375242 0.262419
0.388452 0.32654
0.40232 0.40745
0.416779 0.35172
0.431771 0.436514
0.44724 0.592467
0.463141 0.465793
0.479429 0.630716
0.496067 0.380191
0.51302 0.47409
0.530258 0.441072
0.547755 0.598
0.565487 0.689124
0.583431 0.723987
0.601569 0.837554
0.619884 0.769755
0.638361 0.760063
0.656986 1.05821
0.675747 1.03778
0.299872 0.533283
0.300602 0.332457
0.302783 0.337437
0.306384 0.284552
0.311354 0.286465
0.317631 0.278321
0.325138 0.359795
0.333792 0.420924
0.343506 0.265492
0.354194 0.4359
0.36577 0.314562
0.378153 0.277644
0.391265 0.403227
0.405037 0.393513
0.419402 0.406683
0.434303 0.383535
0.449686 0.523474
0.465503 0.530314
0.481711 0.369517
0.498272 0.378243
0.515153 0.689045
0.532323 0.744382
0.549754 0.816775
0.567423 0.56945
0.585308 0.51532
0.603389 0.89673
0.621651 0.98231
0.640077 0.887161
0.658653 0.973748
0.677368 0.971162
0.304949 0.370202
0.305667 0.246128
0.307812 0.474327
0.311354 0.252087
0.316247 0.391403
0.322428 0.450522
0.329826 0.248883
0.33836 0.314198
0.347947 0.391155
0.358503 0.255432
0.369944 0.536537
0.382191 0.42719
0.39517 0.410544
0.40881 0.36268
0.423047 0.426452
0.437824 0.36539
0.453087 0.561855
0.468789 0.468807
0.484888 0.443104
0.501344 0.460545
0.518125 0.496202
0.535199 0.502108
0.552539 0.642551
0.570122 0.910443
0.587925 0.920716
0.605928 0.680913
0.624116 0.882746
0.642471 0.916457
0.66098 1.12454
0.67963 1.17904
0.311354 0.328348
0.312058 0.361971
0.314159 0.339385
0.317631 0.404836
0.322428 0.370066
0.328493 0.254812
0.335757 0.226022
0.344144 0.412564
0.353575 0.521107
0.363967 0.311753
0.375242 0.358201
0.387322 0.257116
0.400134 0.449556
0.41361 0.341869
0.427688 0.474998
0.442309 0.425191
0.457423 0.455708
0.472981 0.52019
0.488941 0.315445
0.505266 0.685248
0.521921 0.44557
0.538874 0.612888
0.5561 0.81575
0.573574 1.05759
0.591273 0.834212
0.609177 0.724131
0.62727 0.844191
0.645536 0.828679
0.66396 1.15928
0.682529 0.865287
0.319009 0.608371
0.319696 0.310509
0.321747 0.276339
0.325138 0.297565
0.329826 0.424241
0.335757 0.29663
0.342867 0.400335
0.351085 0.356871
0.360333 0.300428
0.370536 0.373334
0.381617 0.401027
0.393501 0.311947
0.406118 0.367093
0.419402 0.488061
0.433292 0.421481
0.447731 0.483232
0.462667 0.364665
0.478055 0.486583
0.493851 0.394312
0.510019 0.595963
0.526523 0.803217
0.543333 0.854983
0.560422 0.789575
0.577765 0.628114
0.595339 0.636741
0.613125 0.891032
0.631105 0.902272
0.649262 0.770395
0.667583 0.680069
0.686054 1.08175
0.327825 0.292645
0.328493 0.570879
0.33049 0.28656
0.333792 0.321205
0.33836 0.314
0.344144 0.381311
0.351085 0.290589
0.359114 0.257129
0.368161 0.380989
0.378153 0.441837
0.389017 0.330586
0.400681 0.248417
0.413079 0.494075
0.426146 0.304134
0.439823 0.340477
0.454054 0.415896
0.468789 0.538664
0.483982 0.461103
0.499591 0.373059
0.515579 0.465591
0.53191 0.478007
0.548556 0.770071
0.565487 0.489887
0.582679 1.28328
0.600109 0.998269
0.617758 0.912376
0.635607 0.949594
0.653639 1.19344
0.671841 1.19599
0.690198 1.08018
0.337711 0.316755
0.33836 0.313279
0.340299 0.221854
0.343506 0.232255
0.347947 0.231866
0.353575 0.63936
0.360333 0.382394
0.368161 0.404612
0.376991 0.356976
0.386755 0.374405
0.397384 0.544133
0.40881 0.45392
0.420968 0.526998
0.433798 0.423771
0.44724 0.519703
0.461243 0.596878
0.475755 0.560624
0.490732 0.591907
0.506133 0.455732
0.521921 0.617208
0.53806 0.663783
0.554521 0.662623
0.571275 0.799444
0.588298 0.614923
0.605566 0.801632
0.623061 0.791131
0.640762 1.18217
0.658653 1.02158
0.67672 0.809447
0.694948 1.58008
0.348577 0.30874
0.349205 0.331334
0.351085 0.257831
0.354194 0.243749
0.358503 0.300756
0.363967 0.306916
0.370536 0.257338
0.378153 0.349623
0.386755 0.389424
0.396278 0.321481
0.406658 0.32412
0.417831 0.416829
0.429734 0.38973
0.442309 0.349801
0.455501 0.533486
0.469257 0.602448
0.483529 0.470543
0.498272 0.515569
0.513447 0.433848
0.529016 0.539036
0.544945 0.444899
0.561204 0.814011
0.577765 0.788523
0.594602 0.560786
0.611692 0.986676
0.629016 0.758085
0.646554 1.12246
0.66429 0.562482
0.682207 1.16427
0.700293 0.975897
0.360333 0.268663
0.360942 0.419608
0.36276 0.297694
0.36577 0.300396
0.369944 0.213599
0.375242 0.627268
0.381617 0.275943
0.389017 0.282722
0.397384 0.280405
0.406658 0.496541
0.416779 0.352649
0.427688 0.478623
0.439324 0.298299
0.451632 0.535977
0.464559 0.413242
0.478055 0.895495
0.492071 0.483508
0.506567 0.317369
0.5215 0.588667
0.536836 0.605791
0.552539 0.759433
0.568581 0.833543
0.584933 0.638533
0.601569 1.06251
0.618467 0.704086
0.635607 0.776331
0.652968 0.999982
0.670534 0.838619
0.688288 1.06097
0.706218 1.14552
0.372896 0.294804
0.373484 0.302303
0.375242 0.268452
0.378153 0.328894
0.382191 0.277006
0.387322 0.640131
0.393501 0.388893
0.400681 0.305803
0.40881 0.370028
0.417831 0.472446
0.427688 0.350992
0.438324 0.424473
0.449686 0.409181
0.461718 0.464504
0.47437 0.415837
0.487594 0.479143
0.501344 0.353252
0.515579 0.608995
0.530258 0.472545
0.545348 0.716552
0.560813 0.592329
0.576625 0.733099
0.592755 0.899122
0.609177 0.996986
0.62587 0.982548
0.642812 0.915831
0.659984 1.02117
0.677368 1.01148
0.694948 0.959837
0.71271 1.05956
0.386187 0.217804
0.386755 0.294578
0.388452 0.241923
0.391265 0.261684
0.39517 0.322239
0.400134 0.412412
0.406118 0.464727
0.413079 0.348606
0.420968 0.388048
0.429734 0.369612
0.439324 0.398875
0.449686 0.38879
0.460767 0.483958
0.472517 0.78267
0.484888 0.700102
0.497832 0.559324
0.511307 0.487458
0.525272 0.88023
0.539688 0.58058
0.554521 0.547233
0.569737 0.730908
0.585308 0.980741
0.601204 0.706487
0.617403 1.26717
0.633879 0.715241
0.650612 1.42004
0.667583 0.99118
0.684774 0.989803
0.702169 1.06962
0.719753 1.25105
0.400134 0.302326
0.400681 0.310683
0.40232 0.328333
0.405037 0.248938
0.40881 0.338729
0.41361 0.611458
0.419402 0.466383
0.426146 0.243801
0.433798 0.429087
0.442309 0.64197
0.451632 0.411136
0.461718 0.308128
0.472517 0.505239
0.483982 0.584624
0.496067 0.608526
0.508727 0.580053
0.521921 0.460234
0.535609 0.703193
0.549754 0.541035
0.564322 0.533972
0.579281 0.860493
0.594602 0.780209
0.610257 0.934397
0.626221 0.963271
0.642471 0.706834
0.658986 0.849276
0.675747 1.00907
0.692735 0.887878
0.709935 0.960659
0.727331 0.916393
0.414669 0.461938
0.415198 0.472466
0.416779 0.276535
0.419402 0.322219
0.423047 0.299513
0.427688 0.417599
0.433292 0.344783
0.439823 0.406345
0.44724 0.30475
0.455501 0.405244
0.464559 0.361222
0.47437 0.454195
0.484888 0.434405
0.496067 0.426211
0.507864 0.379159
0.520237 0.544904
0.533146 0.56245
0.546553 0.660248
0.560422 0.93906
0.57472 0.533744
0.589415 0.696739
0.604479 0.928271
0.619884 0.817855
0.635607 1.15579
0.651623 1.03835
0.667912 1.2357
0.684454 0.760717
0.701232 1.28388
0.718228 1.17896
0.735428 0.924924
0.429734 0.454371
0.430244 0.417843
0.431771 0.299591
0.434303 0.619786
0.437824 0.486965
0.442309 0.484386
0.447731 0.46592
0.454054 0.354404
0.461243 0.356723
0.469257 0.371861
0.478055 0.62686
0.487594 0.649506
0.497832 0.696753
0.508727 0.578014
0.520237 0.532941
0.532323 0.630384
0.544945 0.450836
0.558069 0.563462
0.571659 0.830244
0.585682 0.692497
0.600109 0.875462
0.614911 0.856879
0.630061 0.692511
0.645536 0.881423
0.661312 1.27538
0.677368 1.17338
0.693684 1.14087
0.710244 1.22613
0.72703 1.18208
0.744026 0.903382
0.445275 0.398332
0.445767 0.273618
0.44724 0.47316
0.449686 0.467105
0.453087 0.479362
0.457423 0.462842
0.462667 0.563738
0.468789 0.515563
0.475755 0.476129
0.483529 0.564944
0.492071 0.469898
0.501344 0.677034
0.511307 0.862662
0.521921 0.621873
0.533146 0.702188
0.544945 0.665196
0.557282 0.581699
0.570122 0.612331
0.583431 0.702127
0.597178 0.891803
0.611334 0.710846
0.62587 0.745039
0.640762 0.633944
0.655984 0.936711
0.671514 0.859199
0.687332 0.839668
0.703417 1.21047
0.719753 1.037
0.736322 0.864947
0.753109 1.21101
0.461243 0.450085
0.461718 0.380143
0.463141 0.428067
0.465503 0.624297
0.468789 0.546947
0.472981 0.459662
0.478055 0.530215
0.483982 0.582507
0.490732 0.558777
0.498272 0.302119
0.506567 0.78142
0.515579 0.487006
0.525272 0.765938
0.535609 0.719544
0.546553 0.461512
0.558069 0.822949
0.570122 0.673897
0.582679 0.946894
0.595707 0.933303
0.609177 0.959512
0.623061 1.00351
0.63733 0.936253
0.651959 1.00457
0.666926 0.912214
0.682207 0.89635
0.697783 1.26313
0.713633 0.948318
0.72974 1.00366
0.746087 0.941302
0.762659 1.17982
0.477596 0.366084
0.478055 0.487018
0.479429 0.527879
0.481711 0.400764
0.484888 0.478908
0.488941 0.38989
0.493851 0.414477
0.499591 0.498217
0.506133 0.476225
0.513447 0.53014
0.5215 0.64556
0.530258 0.604445
0.539688 0.691325
0.549754 0.646918
0.560422 0.697997
0.571659 0.555682
0.583431 0.628994
0.595707 0.565067
0.608457 0.919059
0.621651 0.648935
0.635261 1.06728
0.649262 0.822706
0.663629 0.955193
0.678338 0.944348
0.693368 1.02021
0.708698 1.30051
0.72431 1.21314
0.740184 1.14154
0.756306 0.968514
0.772659 1.34992
0.494295 0.480677
0.494739 0.518823
0.496067 0.58816
0.498272 0.567312
0.501344 0.483289
0.505266 0.519401
0.510019 0.372326
0.515579 0.648073
0.521921 0.299188
0.529016 0.593597
0.536836 0.717113
0.545348 0.353556
0.554521 0.664183
0.564322 0.567271
0.57472 0.636126
0.585682 0.598888
0.597178 0.837724
0.609177 0.536338
0.621651 0.951492
0.634571 0.691951
0.64791 1.07149
0.661643 1.16678
0.675747 0.929568
0.690198 0.943592
0.704975 1.09016
0.720058 0.882602
0.735428 1.08018
0.751068 1.14336
0.766961 1.19892
0.783091 1.46972
0.511307 0.424828
0.511736 0.492905
0.51302 0.604549
0.515153 0.512769
0.518125 0.603254
0.521921 0.594291
0.526523 0.602712
0.53191 0.550659
0.53806 0.516981
0.544945 0.565001
0.552539 0.65706
0.560813 0.34763
0.569737 0.811665
0.579281 0.671738
0.589415 0.764748
0.600109 0.81589
0.611334 1.12404
0.623061 1.00187
0.635261 0.89227
0.64791 1.07042
0.66098 0.941127
0.674447 0.876861
0.688288 1.18454
0.702481 1.13683
0.717005 0.978892
0.731841 1.17377
0.746968 1.12036
0.762371 1.22555
0.778033 1.00271
0.793939 1.25777
0.528601 0.568362
0.529016 0.679444
0.530258 0.624363
0.532323 0.583475
0.535199 0.459157
0.538874 0.774828
0.543333 0.562076
0.548556 0.671668
0.554521 0.442688
0.561204 0.767045
0.568581 0.692468
0.576625 0.819502
0.585308 0.729181
0.594602 0.971634
0.604479 0.726533
0.614911 0.750917
0.62587 0.819001
0.63733 0.873907
0.649262 1.29395
0.661643 0.992083
0.674447 0.852065
0.687651 0.932085
0.701232 0.804298
0.715168 1.04745
0.729439 1.36519
0.744026 1.23425
0.758911 1.16027
0.774077 1.07807
0.789506 1.0826
0.805185 1.17313
0.546151 0.853328
0.546553 0.624829
0.547755 0.819393
0.549754 0.644117
0.552539 0.519706
0.5561 1.05641
0.560422 0.547155
0.565487 0.566015
0.571275 0.826428
0.577765 0.881912
0.584933 0.660509
0.592755 0.60647
0.601204 0.768634
0.610257 0.899147
0.619884 0.840029
0.630061 0.677485
0.640762 0.848748
0.651959 1.23396
0.663629 1.49886
0.675747 1.08391
0.688288 1.11695
0.701232 1.13923
0.714554 1.35753
0.728235 0.724764
0.742256 1.06549
0.756596 1.28686
0.771238 0.799581
0.786166 1.18661
0.801363 1.10617
0.816814 1.32186
0.563933 0.774528
0.564322 0.775772
0.565487 0.588579
0.567423 0.703613
0.570122 0.746404
0.573574 0.784983
0.577765 0.651421
0.582679 0.654117
0.588298 0.994191
0.594602 0.836831
0.601569 1.12101
0.609177 0.745142
0.617403 0.837887
0.626221 1.06362
0.635607 0.932271
0.645536 1.19078
0.655984 1.19423
0.666926 0.900423
0.678338 0.886066
0.690198 1.05187
0.702481 0.760724
0.715168 1.45329
0.728235 1.01194
0.741664 1.40208
0.755435 1.02605
0.76953 1.01108
0.783931 1.04572
0.798621 1.13845
0.813586 1.01246
0.828809 1.42582
0.581925 0.403726
0.582302 0.873778
0.583431 0.707535
0.585308 0.827124
0.587925 0.512846
0.591273 0.651164
0.595339 0.893675
0.600109 0.751889
0.605566 0.982436
0.611692 1.0228
0.618467 0.552344
0.62587 0.76286
0.633879 1.18809
0.642471 1.40391
0.651623 1.23258
0.661312 0.848852
0.671514 1.14196
0.682207 1.26572
0.693368 1.2848
0.704975 0.964817
0.717005 0.777516
0.729439 0.971036
0.742256 1.06843
0.755435 0.999516
0.76896 1.20734
0.782811 1.00158
0.796972 1.14216
0.811426 1.1695
0.826159 1.36689
0.841155 1.27408
0.600109 0.887152
0.600474 0.647547
0.601569 0.911442
0.603389 0.844189
0.605928 0.845418
0.609177 0.672602
0.613125 0.624798
0.617758 0.912571
0.623061 0.676112
0.629016 0.742636
0.635607 0.962768
0.642812 0.916311
0.650612 1.06988
0.658986 0.758806
0.667912 1.03373
0.677368 0.698131
0.687332 1.13996
0.697783 1.09049
0.708698 1.23221
0.720058 1.56135
0.731841 1.04179
0.744026 1.30063
0.756596 1.39649
0.76953 1.00221
0.782811 1.17855
0.796421 1.03048
0.810344 1.09623
0.824564 1.48823
0.839066 0.988785
0.853835 1.0497
0.618467 0.972942
0.618822 0.626457
0.619884 0.769405
0.621651 0.858786
0.624116 1.13007
0.62727 0.827913
0.631105 0.80768
0.635607 1.17601
0.640762 1.29777
0.646554 1.0812
0.652968 0.835903
0.659984 0.895719
0.667583 0.899698
0.675747 0.748167
0.684454 1.23161
0.693684 0.974707
0.703417 1.25636
0.713633 1.39674
0.72431 1.17414
0.735428 0.973183
0.746968 1.61653
0.758911 1.52573
0.771238 0.931633
0.783931 0.994183
0.796972 1.2298
0.810344 0.857076
0.824032 1.55166
0.83802 1.07704
0.852293 0.931841
0.866837 0.982374
0.636985 0.774417
0.63733 1.13119
0.638361 1.03186
0.640077 0.739419
0.642471 0.869711
0.645536 0.671836
0.649262 0.872048
0.653639 1.14725
0.658653 1.09624
0.66429 0.841328
0.670534 1.3771
0.677368 0.839921
0.684774 0.830893
0.692735 1.27396
0.701232 1.07695
0.710244 1.08028
0.719753 1.15385
0.72974 1.36829
0.740184 1.17443
0.751068 1.16222
0.762371 0.858519
0.774077 1.18113
0.786166 1.08739
0.798621 1.29053
0.811426 1.03455
0.824564 1.12133
0.83802 1.1094
0.851778 1.40945
0.865824 0.974354
0.880144 1.57307
0.655649 0.756267
0.655984 0.951821
0.656986 1.0895
0.658653 0.786581
0.66098 1.17799
0.66396 1.02788
0.667583 0.962927
0.671841 0.932237
0.67672 0.987017
0.682207 0.889044
0.688288 1.04898
0.694948 1.55994
0.702169 1.58432
0.709935 1.23531
0.718228 1.06838
0.72703 0.948779
0.736322 1.34833
0.746087 1.37803
0.756306 1.07094
0.766961 1.15786
0.778033 1.13815
0.789506 1.32373
0.801363 1.236
0.813586 1.09971
0.826159 1.02289
0.839066 1.45288
0.852293 1.30622
0.865824 1.01333
0.879646 0.718901
0.893745 0.841009
0.674447 0.775431
0.674772 0.829049
0.675747 0.988157
0.677368 0.895618
0.67963 0.949831
0.682529 0.770369
0.686054 1.02397
0.690198 1.0414
0.694948 1.02573
0.700293 1.36085
0.706218 1.21993
0.71271 0.823972
0.719753 1.18383
0.727331 0.929579
0.735428 0.877774
0.744026 1.01373
0.753109 1.21399
0.762659 0.98155
0.772659 0.811265
0.783091 1.10554
0.793939 1.15938
0.805185 1.24626
0.816814 1.34501
0.828809 0.792816
0.841155 1.43877
0.853835 1.39002
0.866837 1.19668
0.880144 1.20654
0.893745 1.25372
0.907625 1.1632
0.314159 0.372676
0.314857 0.221998
0.316939 0.454915
0.320381 0.537797
0.325138 0.306835
0.331153 0.321958
0.33836 0.312
0.346684 0.332891
0.356047 0.288858
0.36637 0.296645
0.377572 0.382855
0.38958 0.261319
0.40232 0.447629
0.415726 0.298772
0.429734 0.439244
0.444288 0.417432
0.459337 0.463067
0.474832 0.503847
0.490732 0.51882
0.506999 0.38136
0.523599 0.539078
0.5405 0.531506
0.557676 0.65701
0.575101 0.552318
0.592755 0.698681
0.610616 1.03049
0.628667 1.03964
0.646894 0.857478
0.66528 1.19306
0.683813 1.02859
0.314857 0.254788
0.315552 0.384462
0.317631 0.191669
0.321065 0.386068
0.325811 0.357993
0.331815 0.334395
0.339007 0.397246
0.347316 0.403827
0.356663 0.317314
0.366968 0.232887
0.378153 0.399425
0.390143 0.235792
0.402865 0.319038
0.416253 0.324599
0.430244 0.499876
0.444782 0.406113
0.459814 0.482169
0.475294 0.551965
0.491179 0.456669
0.507432 0.701432
0.524017 0.618717
0.540906 0.584902
0.558069 0.909767
0.575482 0.600689
0.593124 0.868005
0.610975 0.957212
0.629016 0.924036
0.647232 1.06537
0.665609 0.571103
0.684133 0.870003
0.316939 0.27913
0.317631 0.468927
0.319696 0.301956
0.323108 0.28271
0.327825 0.296507
0.333792 0.397444
0.340943 0.280564
0.349205 0.389013
0.358503 0.319438
0.368756 0.252124
0.379889 0.275653
0.391825 0.313267
0.404495 0.558825
0.417831 0.28998
0.431771 0.380205
0.446259 0.546191
0.461243 0.489182
0.476676 0.382971
0.492517 0.537853
0.508727 0.728546
0.525272 0.606854
0.542121 0.788591
0.559247 0.616519
0.576625 0.717367
0.594233 0.815706
0.612051 0.634911
0.630061 1.12204
0.648248 1.27294
0.666597 1.022
0.685095 0.850912
0.320381 0.413668
0.321065 0.333904
0.323108 0.339552
0.326484 0.25414
0.331153 0.302433
0.337061 0.33159
0.344144 0.309649
0.352332 0.232877
0.361549 0.340166
0.371718 0.236832
0.382765 0.553128
0.394614 0.210074
0.407197 0.347836
0.420447 0.350543
0.434303 0.414977
0.448709 0.280876
0.463614 0.373437
0.478971 0.473153
0.494739 0.684428
0.510878 0.407879
0.527355 0.644902
0.54414 0.662052
0.561204 0.547988
0.578523 0.769334
0.596075 0.829089
0.61384 0.887691
0.6318 0.80153
0.649938 0.732683
0.66824 0.873198
0.686693 0.826828
0.325138 0.390784
0.325811 0.261744
0.327825 0.487609
0.331153 0.364591
0.335757 0.27101
0.341586 0.279604
0.348577 0.29228
0.356663 0.284921
0.36577 0.238742
0.375826 0.254676
0.386755 0.299561
0.398486 0.485814
0.41095 0.633215
0.424083 0.308566
0.437824 0.484805
0.452118 0.637885
0.466914 0.632824
0.482166 0.498697
0.497832 0.377417
0.513874 0.741267
0.530258 0.813438
0.546954 0.942263
0.563933 0.583733
0.581171 0.633314
0.598645 0.939216
0.616336 0.963516
0.634225 0.775346
0.652296 0.976011
0.670534 1.19047
0.688925 1.40579
0.331153 0.394177
0.331815 0.280259
0.333792 0.272096
0.337061 0.354419
0.341586 0.340568
0.347316 0.480751
0.354194 0.301746
0.362155 0.22389
0.371128 0.30378
0.381042 0.386357
0.391825 0.331739
0.403409 0.463288
0.415726 0.297433
0.428712 0.403713
0.442309 0.443596
0.456463 0.448602
0.471123 0.366327
0.486243 0.340501
0.501781 0.545786
0.517701 0.473265
0.533968 0.678241
0.550551 0.494201
0.567423 0.997038
0.584558 0.872737
0.601934 0.734788
0.61953 0.793418
0.63733 0.829548
0.655315 0.77248
0.673471 1.0135
0.691785 0.961433
0.33836 0.255642
0.339007 0.197706
0.340943 0.399725
0.344144 0.25004
0.348577 0.22076
0.354194 0.341218
0.360942 0.334933
0.368756 0.316354
0.377572 0.37549
0.387322 0.272425
0.397935 0.414992
0.409346 0.395636
0.421489 0.412016
0.434303 0.406539
0.447731 0.375168
0.461718 0.47776
0.476216 0.442936
0.491179 0.517539
0.506567 0.533072
0.522341 0.61644
0.538467 0.586762
0.554916 0.677426
0.571659 0.829895
0.58867 0.702439
0.605928 1.05235
0.623412 0.660388
0.641104 0.741544
0.658986 1.04844
0.677044 0.912266
0.695263 1.12768
0.346684 0.230644
0.347316 0.427274
0.349205 0.413966
0.352332 0.283577
0.356663 0.547141
0.362155 0.249856
0.368756 0.294742
0.376409 0.422364
0.38505 0.268624
0.394614 0.501335
0.405037 0.571178
0.416253 0.366057
0.4282 0.494013
0.440819 0.470515
0.454054 0.469732
0.467852 0.501521
0.482166 0.511696
0.49695 0.578227
0.512164 0.656186
0.527771 0.504876
0.543737 0.595785
0.56003 0.682123
0.576625 0.636048
0.593494 0.835258
0.610616 0.9366
0.627969 1.02363
0.645536 1.01783
0.663299 1.00415
0.681242 1.09035
0.699352 0.93268
0.356047 0.240268
0.356663 0.341181
0.358503 0.250638
0.361549 0.262854
0.36577 0.285051
0.371128 0.320113
0.377572 0.358895
0.38505 0.441374
0.393501 0.406266
0.402865 0.379384
0.413079 0.361872
0.424083 0.43459
0.435815 0.418788
0.44822 0.457939
0.461243 0.294295
0.474832 0.431494
0.488941 0.324186
0.503527 0.465793
0.518548 0.543471
0.533968 0.603667
0.549754 0.835095
0.565874 0.711528
0.582302 0.656902
0.599012 0.718159
0.61598 0.881262
0.633187 0.846416
0.650612 0.950526
0.66824 1.08722
0.686054 1.09398
0.704041 1.18018
0.36637 0.211527
0.366968 0.295924
0.368756 0.616524
0.371718 0.356813
0.375826 0.367218
0.381042 0.266416
0.387322 0.256707
0.394614 0.329657
0.402865 0.401986
0.412016 0.490564
0.422009 0.296522
0.432785 0.358393
0.444288 0.556813
0.456463 0.431096
0.469257 0.421075
0.482621 0.288544
0.496509 0.482549
0.510878 0.367497
0.525689 0.676069
0.540906 1.03308
0.556495 0.523208
0.572425 0.458271
0.58867 0.908014
0.605204 0.668714
0.622004 0.665762
0.639048 0.843321
0.656318 1.14442
0.673797 0.925108
0.691468 0.91146
0.709317 1.42654
0.377572 0.249716
0.378153 0.323868
0.379889 0.3853
0.382765 0.286384
0.386755 0.329238
0.391825 0.344757
0.397935 0.285234
0.405037 0.302571
0.413079 0.459251
0.422009 0.439759
0.431771 0.500002
0.442309 0.448872
0.453571 0.553808
0.465503 0.469789
0.478055 0.37027
0.491179 0.406011
0.504832 0.592877
0.518971 0.670928
0.533557 0.681868
0.548556 0.622406
0.563933 0.756828
0.57966 0.904778
0.595707 0.575699
0.612051 0.845163
0.628667 1.30057
0.645536 0.874802
0.662637 0.887473
0.679953 0.656982
0.697468 1.23066
0.715168 1.00464
0.38958 0.424028
0.390143 0.363543
0.391825 0.278532
0.394614 0.408236
0.398486 0.339226
0.403409 0.39677
0.409346 0.347939
0.416253 0.327587
0.424083 0.331122
0.432785 0.397268
0.442309 0.378725
0.452603 0.517689
0.463614 0.555301
0.475294 0.469224
0.487594 0.374127
0.500468 0.590105
0.513874 0.538716
0.527771 0.738278
0.542121 0.524854
0.556889 0.591679
0.572042 0.850669
0.587552 0.703086
0.603389 0.725724
0.61953 0.715178
0.635952 0.990571
0.652632 0.744551
0.669552 0.759391
0.686693 1.17934
0.704041 1.02389
0.721579 1.11871
0.40232 0.362683
0.402865 0.242767
0.404495 0.429219
0.407197 0.29987
0.41095 0.282368
0.415726 0.327469
0.421489 0.378116
0.4282 0.32724
0.435815 0.443602
0.444288 0.463386
0.453571 0.325203
0.463614 0.507951
0.47437 0.500553
0.485791 0.536755
0.497832 0.408083
0.510448 0.60455
0.523599 0.678958
0.537244 0.714893
0.551347 0.767031
0.565874 0.750397
0.580794 0.779008
0.596075 0.703968
0.611692 0.740239
0.62762 0.728244
0.643835 0.80647
0.660316 0.973493
0.677044 1.03242
0.694001 0.911305
0.71117 0.826902
0.728536 1.00862
0.415726 0.313124
0.416253 0.344234
0.417831 0.289185
0.420447 0.389387
0.424083 0.397504
0.428712 0.273518
0.434303 0.266175
0.440819 0.326483
0.44822 0.503791
0.456463 0.357839
0.465503 0.48636
0.475294 0.546537
0.485791 0.63902
0.49695 0.440161
0.508727 0.634161
0.521079 0.399836
0.533968 0.678013
0.547355 0.839581
0.561204 0.505917
0.575482 0.709593
0.590159 0.762809
0.605204 0.768463
0.620592 0.803717
0.636296 0.988745
0.652296 1.02508
0.668568 1.19786
0.685095 0.980382
0.701857 0.942284
0.718838 1.1675
0.736024 1.33378
0.429734 0.545731
0.430244 0.4699
0.431771 0.377063
0.434303 0.482162
0.437824 0.340556
0.442309 0.388936
0.447731 0.328104
0.454054 0.414304
0.461243 0.497419
0.469257 0.386992
0.478055 0.468858
0.487594 0.409812
0.497832 0.474023
0.508727 0.597665
0.520237 0.47009
0.532323 0.610798
0.544945 0.360957
0.558069 0.707963
0.571659 0.671172
0.585682 0.667744
0.600109 0.723226
0.614911 0.669038
0.630061 0.950255
0.645536 0.635964
0.661312 1.32792
0.677368 1.15699
0.693684 0.739977
0.710244 1.12777
0.72703 0.909135
0.744026 1.16426
0.444288 0.488279
0.444782 0.51071
0.446259 0.399713
0.448709 0.384462
0.452118 0.561827
0.456463 0.45476
0.461718 0.433532
0.467852 0.360052
0.474832 0.567679
0.482621 0.487736
0.491179 0.556819
0.500468 0.454998
0.510448 0.456451
0.521079 0.524087
0.532323 0.559224
0.54414 0.876546
0.556495 0.663163
0.569352 0.66794
0.582679 0.945705
0.596443 0.743463
0.610616 1.01948
0.625169 0.743501
0.640077 0.810807
0.655315 1.03682
0.670861 1.04156
0.686693 1.45382
0.702794 1.14746
0.719143 1.41407
0.735726 1.11629
0.752526 0.784713
0.459337 0.512956
0.459814 0.435843
0.461243 0.49038
0.463614 0.628533
0.466914 0.465067
0.471123 0.51219
0.476216 0.426706
0.482166 0.461957
0.488941 0.492355
0.496509 0.271281
0.504832 0.559172
0.513874 0.522119
0.523599 0.711332
0.533968 0.599351
0.544945 0.716747
0.556495 0.872212
0.568581 0.668279
0.581171 0.803913
0.594233 0.706429
0.607736 0.832457
0.621651 1.08409
0.635952 0.748059
0.650612 1.16906
0.665609 0.788831
0.68092 0.803068
0.696524 1.01399
0.712402 1.10914
0.728536 1.06976
0.74491 1.11206
0.761508 1.43092
0.474832 0.54873
0.475294 0.571933
0.476676 0.477231
0.478971 0.512421
0.482166 0.589955
0.486243 0.404565
0.491179 0.471399
0.49695 0.564808
0.503527 0.584458
0.510878 0.565445
0.518971 0.446839
0.527771 0.686409
0.537244 0.635804
0.547355 0.717002
0.558069 0.641218
0.569352 0.40914
0.581171 0.767623
0.593494 0.824958
0.60629 0.764531
0.61953 0.690321
0.633187 0.827205
0.647232 1.14811
0.661643 1.08169
0.676396 0.91034
0.691468 0.951448
0.706839 0.781798
0.72249 1.25225
0.738404 1.21795
0.754564 1.24323
0.770954 1.28932
0.490732 0.477077
0.491179 0.416216
0.492517 0.636031
0.494739 0.741652
0.497832 0.492135
0.501781 0.416851
0.506567 0.77543
0.512164 0.392728
0.518548 0.403024
0.525689 0.557253
0.533557 0.460597
0.542121 0.601571
0.551347 0.61927
0.561204 0.517717
0.571659 0.497529
0.582679 0.872388
0.594233 0.62783
0.60629 0.84752
0.618822 0.919903
0.6318 1.05189
0.645196 1.01798
0.658986 0.736892
0.673145 0.970699
0.687651 0.955929
0.702481 1.18625
0.717617 0.825985
0.733038 0.97454
0.748728 1.03445
0.764669 0.759958
0.780847 0.94246
0.506999 0.4488
0.507432 0.509068
0.508727 0.564565
0.510878 0.468271
0.513874 0.489578
0.517701 0.51787
0.522341 0.670997
0.527771 0.675654
0.533968 0.585799
0.540906 0.816609
0.548556 0.80397
0.556889 0.716557
0.565874 0.482626
0.575482 0.860974
0.585682 0.801313
0.596443 0.770192
0.607736 0.602653
0.61953 0.845927
0.6318 1.26029
0.644516 0.889607
0.657653 0.533702
0.671187 1.12937
0.685095 1.09457
0.699352 0.950786
0.71394 1.06612
0.728837 1.18936
0.744026 1.26516
0.759489 1.00957
0.775209 1.61745
0.791171 1.20164
0.523599 0.718792
0.524017 0.789456
0.525272 0.563725
0.527355 0.638714
0.530258 0.688109
0.533968 0.723138
0.538467 0.451867
0.543737 0.535117
0.549754 0.521997
0.556495 1.15668
0.563933 0.422543
0.572042 0.755197
0.580794 0.614429
0.590159 1.01812
0.600109 0.653689
0.610616 0.707654
0.621651 0.995985
0.633187 0.759216
0.645196 1.24137
0.657653 0.780941
0.670534 0.873002
0.683813 0.861855
0.697468 0.906112
0.711478 1.05084
0.725822 1.15301
0.74048 1.3074
0.755435 1.75471
0.770669 0.965818
0.786166 0.980913
0.80191 1.19106
0.5405 0.917088
0.540906 0.597021
0.542121 0.557463
0.54414 0.692146
0.546954 0.615593
0.550551 0.574664
0.554916 0.728658
0.56003 0.803765
0.565874 0.678253
0.572425 0.71318
0.57966 0.83514
0.587552 1.08535
0.596075 0.53137
0.605204 0.705093
0.614911 0.968114
0.625169 0.84016
0.635952 0.903399
0.647232 1.20539
0.658986 0.982456
0.671187 1.21048
0.683813 1.03405
0.696839 0.998299
0.710244 1.20101
0.724007 0.835853
0.738107 1.55917
0.752526 1.14756
0.767246 1.06972
0.78225 1.17333
0.797522 1.05736
0.813046 1.17299
0.557676 0.553409
0.558069 0.609738
0.559247 0.728181
0.561204 0.669881
0.563933 0.511375
0.567423 0.635979
0.571659 0.561891
0.576625 0.944011
0.582302 0.717097
0.58867 0.778279
0.595707 0.773769
0.603389 0.788299
0.611692 0.992152
0.620592 1.04909
0.630061 0.896117
0.640077 1.11644
0.650612 0.767409
0.661643 0.96694
0.673145 0.901883
0.685095 1.02394
0.697468 1.2106
0.710244 1.13398
0.723401 0.832604
0.736918 1.16718
0.750776 0.974188
0.764956 0.920414
0.779441 1.1183
0.794215 1.22041
0.809261 1.09152
0.824564 1.06811
0.575101 0.765533
0.575482 0.727082
0.576625 0.695658
0.578523 0.658328
0.581171 0.720651
0.584558 0.979003
0.58867 0.992074
0.593494 0.918608
0.599012 0.930604
0.605204 0.678554
0.612051 0.56576
0.61953 0.794833
0.62762 1.0051
0.636296 1.25704
0.645536 1.2379
0.655315 0.89084
0.665609 0.67729
0.676396 1.27921
0.687651 0.975036
0.699352 1.11526
0.711478 1.0735
0.724007 1.31628
0.736918 0.968473
0.750191 1.09481
0.763808 1.2705
0.777751 1.08065
0.792003 0.817995
0.806546 1.17581
0.821366 1.21861
0.836448 1.06224
0.592755 1.0476
0.593124 0.92336
0.594233 0.927284
0.596075 0.880065
0.598645 0.655034
0.601934 0.493537
0.605928 0.93076
0.610616 0.512523
0.61598 0.844985
0.622004 0.508043
0.628667 0.607125
0.635952 0.576433
0.643835 1.05088
0.652296 0.654501
0.661312 1.2053
0.670861 1.25487
0.68092 0.963385
0.691468 0.852578
0.702481 0.947198
0.71394 1.22762
0.725822 0.876448
0.738107 0.939705
0.750776 1.30542
0.763808 1.23055
0.777187 1.00415
0.790894 1.2627
0.804913 1.04717
0.819227 1.16284
0.833822 0.873698
0.848682 1.42498
0.610616 0.747508
0.610975 0.781062
0.612051 1.17449
0.61384 0.668453
0.616336 0.703428
0.61953 0.914835
0.623412 0.792466
0.627969 1.13915
0.633187 0.784746
0.639048 0.753845
0.645536 1.08344
0.652632 0.900056
0.660316 0.730342
0.668568 1.07881
0.677368 1.14381
0.686693 1.01268
0.696524 0.904463
0.706839 1.29044
0.717617 1.19499
0.728837 1.41801
0.74048 1.42606
0.752526 1.18886
0.764956 1.40229
0.777751 0.96747
0.790894 1.21109
0.804368 1.14869
0.818156 1.14389
0.832242 0.999593
0.846612 0.951917
0.861252 1.02459
0.628667 0.845825
0.629016 0.760928
0.630061 0.715101
0.6318 0.882573
0.634225 1.11237
0.63733 0.96444
0.641104 0.839204
0.645536 0.962433
0.650612 0.865856
0.656318 1.06434
0.662637 0.80688
0.669552 1.41517
0.677044 0.887949
0.685095 0.963647
0.693684 1.05874
0.702794 1.25634
0.712402 0.750473
0.72249 1.38269
0.733038 0.944531
0.744026 1.04143
0.755435 1.54616
0.767246 1.24339
0.779441 0.675545
0.792003 0.975359
0.804913 0.79752
0.818156 1.65434
0.831715 1.10868
0.845576 1.32136
0.859723 0.896467
0.874143 1.27845
0.646894 0.960015
0.647232 1.04368
0.648248 0.489406
0.649938 0.943944
0.652296 1.02951
0.655315 1.12918
0.658986 0.775006
0.663299 1.29599
0.66824 1.12248
0.673797 1.04288
0.679953 0.969925
0.686693 0.958125
0.694001 1.14316
0.701857 1.11303
0.710244 1.15755
0.719143 1.12874
0.728536 1.00539
0.738404 1.65627
0.748728 1.15907
0.759489 1.11159
0.770669 1.05977
0.78225 1.14876
0.794215 1.16259
0.806546 1.19901
0.819227 1.26954
0.832242 1.24865
0.845576 1.28068
0.859213 1.29563
0.873139 1.02531
0.887342 1.32167
0.66528 1.1755
0.665609 0.865079
0.666597 0.882552
0.66824 0.829967
0.670534 1.07476
0.673471 1.02862
0.677044 1.0934
0.681242 1.2971
0.686054 1.49969
0.691468 0.94264
0.697468 1.17725
0.704041 1.17505
0.71117 0.77459
0.718838 0.880687
0.72703 1.18176
0.735726 0.926606
0.74491 1.09831
0.754564 1.34778
0.764669 1.25735
0.775209 0.708586
0.786166 1.17906
0.797522 1.29318
0.809261 0.976096
0.821366 1.18158
0.833822 1.25896
0.846612 1.14733
0.859723 1.32675
0.873139 1.05562
0.886847 1.61774
0.900833 1.33783
0.683813 0.908187
0.684133 1.04118
0.685095 0.673046
0.686693 1.04855
0.688925 0.876329
0.691785 1.38717
0.695263 1.02528
0.699352 1.09651
0.704041 1.2277
0.709317 1.67491
0.715168 1.04297
0.721579 0.88238
0.728536 1.24811
0.736024 0.999177
0.744026 0.955321
0.752526 1.06395
0.761508 1.47526
0.770954 1.09343
0.780847 0.968674
0.791171 0.992626
0.80191 1.44198
0.813046 1.29253
0.824564 1.30912
0.836448 1.24583
0.848682 1.3243
0.861252 1.15658
0.874143 1.40077
0.887342 0.988572
0.900833 1.3967
0.914606 0.913435
0.335103 0.365414
0.335757 0.498843
0.337711 0.252414
0.340943 0.406454
0.345416 0.29269
0.351085 0.176078
0.35789 0.409007
0.36577 0.291535
0.374657 0.525274
0.38448 0.456976
0.39517 0.52434
0.406658 0.269185
0.418879 0.462979
0.431771 0.535399
0.445275 0.307375
0.459337 0.376654
0.473908 0.54296
0.488941 0.531299
0.504397 0.500822
0.520237 0.426682
0.536427 0.687036
0.552936 0.73066
0.569737 0.623866
0.586805 0.724585
0.604116 0.787502
0.621651 0.879811
0.639391 0.705675
0.65732 0.973959
0.675422 0.926001
0.693684 1.13898
0.335757 0.557469
0.33641 0.358944
0.33836 0.334113
0.341586 0.359191
0.346051 0.263473
0.351709 0.471819
0.358503 0.329711
0.36637 0.465313
0.375242 0.377799
0.38505 0.618698
0.395724 0.444109
0.407197 0.3883
0.419402 0.389056
0.432278 0.282355
0.445767 0.540606
0.459814 0.537974
0.47437 0.490719
0.48939 0.573156
0.504832 0.606033
0.520658 0.450747
0.536836 0.881087
0.553333 0.740815
0.570122 0.764554
0.587178 0.821842
0.604479 0.956231
0.622004 0.856446
0.639734 0.704478
0.657653 0.737506
0.675747 0.694928
0.694001 0.745269
0.337711 0.39211
0.33836 0.336079
0.340299 0.252996
0.343506 0.258715
0.347947 0.261328
0.353575 0.352473
0.360333 0.361157
0.368161 0.324555
0.376991 0.30727
0.386755 0.400012
0.397384 0.278865
0.40881 0.397142
0.420968 0.305632
0.433798 0.477295
0.44724 0.319242
0.461243 0.474334
0.475755 0.461268
0.490732 0.31294
0.506133 0.457789
0.521921 0.454834
0.53806 0.632818
0.554521 0.714987
0.571275 0.614777
0.588298 0.754145
0.605566 0.777431
0.623061 0.901205
0.640762 0.925809
0.658653 0.753957
0.67672 0.873686
0.694948 0.977823
0.340943 0.359078
0.341586 0.351548
0.343506 0.361101
0.346684 0.320307
0.351085 0.334943
0.356663 0.361209
0.363364 0.259464
0.371128 0.237368
0.379889 0.247951
0.38958 0.279141
0.400134 0.380611
0.411483 0.359792
0.423565 0.33185
0.436318 0.433889
0.449686 0.411942
0.463614 0.459857
0.478055 0.488424
0.492962 0.579525
0.508295 0.475446
0.524017 0.597098
0.540094 0.605657
0.556495 0.632733
0.573191 0.782499
0.590159 0.503578
0.607375 0.539193
0.624818 0.828942
0.642471 0.499775
0.660316 0.775163
0.678338 0.723924
0.696524 1.087
0.345416 0.35953
0.346051 0.479333
0.347947 0.362481
0.351085 0.447864
0.355431 0.325586
0.360942 0.292623
0.367565 0.28931
0.375242 0.458825
0.383909 0.275343
0.393501 0.373344
0.403952 0.287919
0.415198 0.370361
0.427174 0.402863
0.439823 0.358078
0.453087 0.352422
0.466914 0.488102
0.481255 0.499769
0.496067 0.410073
0.511307 0.594979
0.526939 0.601337
0.542929 0.504814
0.559247 0.86061
0.575863 0.674008
0.592755 0.717069
0.609897 0.57075
0.62727 0.989802
0.644856 0.877423
0.662637 0.894683
0.680598 0.985258
0.698725 0.886332
0.351085 0.390723
0.351709 0.49141
0.353575 0.336102
0.356663 0.427298
0.360942 0.32566
0.36637 0.320897
0.372896 0.562599
0.380466 0.312318
0.389017 0.465338
0.398486 0.434201
0.40881 0.39986
0.419925 0.334469
0.431771 0.385555
0.444288 0.368992
0.457423 0.522271
0.471123 0.60383
0.48534 0.674989
0.50003 0.402033
0.515153 0.523171
0.530672 0.626691
0.546553 0.571346
0.562765 0.769674
0.579281 0.82445
0.596075 0.836645
0.613125 0.755904
0.630409 0.57849
0.64791 1.30158
0.665609 1.20799
0.683492 1.27871
0.701544 1.34014
0.35789 0.418141
0.358503 0.552703
0.360333 0.269356
0.363364 0.396069
0.367565 0.567804
0.372896 0.337428
0.379311 0.340615
0.386755 0.232132
0.39517 0.378487
0.404495 0.330281
0.414669 0.383072
0.425631 0.370516
0.437323 0.467686
0.449686 0.456719
0.462667 0.57311
0.476216 0.366416
0.490285 0.405828
0.504832 0.679038
0.519815 0.371192
0.535199 0.62224
0.550949 0.611434
0.567036 0.901721
0.583431 0.826474
0.600109 0.865397
0.617047 0.824897
0.634225 1.13986
0.651623 0.965336
0.669224 0.916429
0.687013 1.03272
0.704975 1.02212
0.36577 0.688814
0.36637 0.356784
0.368161 0.363193
0.371128 0.325636
0.375242 0.457782
0.380466 0.448361
0.386755 0.365186
0.394058 0.402375
0.40232 0.331031
0.411483 0.279109
0.421489 0.397382
0.432278 0.405119
0.443794 0.320042
0.455982 0.452414
0.468789 0.370819
0.482166 0.600091
0.496067 0.697834
0.510448 0.626946
0.525272 0.64396
0.5405 0.611693
0.5561 0.60845
0.572042 0.452491
0.588298 0.736337
0.604842 0.685041
0.621651 0.838836
0.638705 0.953414
0.655984 0.902513
0.673471 1.22995
0.69115 0.960891
0.709008 0.97674
0.374657 0.23018
0.375242 0.315405
0.376991 0.327263
0.379889 0.430316
0.383909 0.311519
0.389017 0.379143
0.39517 0.364668
0.40232 0.417608
0.410416 0.432331
0.419402 0.409279
0.429223 0.315359
0.439823 0.523636
0.451147 0.358939
0.463141 0.44189
0.475755 0.512979
0.488941 0.521879
0.502655 0.305952
0.516853 0.585204
0.531498 0.779039
0.546553 0.461833
0.561985 0.544652
0.577765 0.643129
0.593864 0.863494
0.610257 0.844359
0.626921 0.75838
0.643835 1.06688
0.66098 1.04245
0.678338 1.29332
0.695894 0.875567
0.713633 1.05386
0.38448 0.443651
0.38505 0.240716
0.386755 0.519102
0.38958 0.29962
0.393501 0.30679
0.398486 0.307975
0.404495 0.261402
0.411483 0.252119
0.419402 0.351979
0.4282 0.281808
0.437824 0.44215
0.44822 0.363347
0.459337 0.439817
0.471123 0.440045
0.483529 0.449648
0.496509 0.549098
0.510019 0.560836
0.524017 0.612794
0.538467 0.795676
0.553333 0.661995
0.568581 0.652342
0.584182 0.877639
0.600109 1.00183
0.616336 0.705225
0.63284 0.829159
0.6496 1.15535
0.666597 0.689691
0.683813 0.909059
0.701232 0.737981
0.718838 0.922815
0.39517 0.389811
0.395724 0.365323
0.397384 0.348472
0.400134 0.372908
0.403952 0.399226
0.40881 0.452314
0.414669 0.389839
0.421489 0.451703
0.429223 0.275454
0.437824 0.296378
0.44724 0.395726
0.457423 0.381226
0.468321 0.693359
0.479886 0.522499
0.492071 0.611585
0.504832 0.444902
0.518125 0.732024
0.53191 0.615913
0.546151 0.782525
0.560813 0.940661
0.575863 0.75996
0.591273 0.990277
0.607013 0.732177
0.623061 0.865361
0.639391 1.07875
0.655984 1.11167
0.672819 1.24971
0.68988 1.09554
0.707149 1.37768
0.724612 0.785653
0.406658 0.428771
0.407197 0.306583
0.40881 0.333013
0.411483 0.440185
0.415198 0.313232
0.419925 0.481017
0.425631 0.463795
0.432278 0.554647
0.439823 0.364351
0.44822 0.323179
0.457423 0.420284
0.467383 0.766045
0.478055 0.410484
0.48939 0.404681
0.501344 0.486851
0.513874 0.751587
0.526939 0.463013
0.5405 0.558642
0.554521 0.43656
0.568967 0.54218
0.583807 0.682399
0.599012 0.89495
0.614554 0.597065
0.630409 1.12552
0.646554 0.62228
0.662968 1.08407
0.67963 1.21342
0.696524 0.779359
0.713633 0.580942
0.730941 0.798155
0.418879 0.312393
0.419402 0.342204
0.420968 0.358818
0.423565 0.314978
0.427174 0.234141
0.431771 0.420866
0.437323 0.525287
0.443794 0.405423
0.451147 0.574309
0.459337 0.398733
0.468321 0.431787
0.478055 0.435654
0.488493 0.522358
0.499591 0.616373
0.511307 0.367893
0.523599 0.554137
0.536427 0.781963
0.549754 0.580154
0.563544 0.560726
0.577765 0.796191
0.592384 0.57941
0.607375 0.803673
0.622708 0.919703
0.638361 0.908707
0.65431 0.83672
0.670534 0.99919
0.687013 1.33402
0.703729 0.992069
0.720667 0.777966
0.73781 1.36233
0.431771 0.538243
0.432278 0.387054
0.433798 0.513144
0.436318 0.438122
0.439823 0.425727
0.444288 0.595587
0.449686 0.307654
0.455982 0.489614
0.463141 0.368913
0.471123 0.564785
0.479886 0.665225
0.48939 0.657714
0.499591 0.687134
0.510448 0.472396
0.521921 0.563027
0.533968 0.620495
0.546553 0.587145
0.559639 0.608317
0.573191 0.677324
0.587178 0.664932
0.601569 0.944442
0.616336 0.749006
0.631452 0.50585
0.646894 1.21917
0.662637 1.16121
0.678662 0.746991
0.694948 0.999965
0.711478 0.84826
0.728235 1.01475
0.745204 1.43439
0.445275 0.388983
0.445767 0.309929
0.44724 0.435249
0.449686 0.356643
0.453087 0.295474
0.457423 0.460921
0.462667 0.40547
0.468789 0.696759
0.475755 0.538303
0.483529 0.98419
0.492071 0.523664
0.501344 0.372951
0.511307 0.497242
0.521921 0.481325
0.533146 0.755098
0.544945 0.436242
0.557282 0.63563
0.570122 0.65445
0.583431 0.725881
0.597178 0.636263
0.611334 1.12453
0.62587 0.650796
0.640762 0.871428
0.655984 0.928701
0.671514 1.14558
0.687332 1.08674
0.703417 1.26397
0.719753 0.588611
0.736322 1.49983
0.753109 1.08825
0.459337 0.269016
0.459814 0.437844
0.461243 0.356065
0.463614 0.478996
0.466914 0.466052
0.471123 0.517797
0.476216 0.420688
0.482166 0.587764
0.488941 0.42145
0.496509 0.453056
0.504832 0.459774
0.513874 0.525734
0.523599 0.523189
0.533968 0.872817
0.544945 0.758669
0.556495 0.926385
0.568581 0.51712
0.581171 0.851059
0.594233 0.695664
0.607736 1.09763
0.621651 0.824584
0.635952 0.693974
0.650612 0.981844
0.665609 1.04579
0.68092 0.627964
0.696524 1.41244
0.712402 0.864714
0.728536 0.825255
0.74491 1.24378
0.761508 0.686689
0.473908 0.431332
0.47437 0.575642
0.475755 0.362616
0.478055 0.330036
0.481255 0.425639
0.48534 0.399796
0.490285 0.504601
0.496067 0.496132
0.502655 0.633733
0.510019 0.72888
0.518125 0.426487
0.526939 0.605629
0.536427 0.496156
0.546553 0.751663
0.557282 0.598989
0.568581 0.564157
0.580416 0.854374
0.592755 0.70499
0.605566 0.62248
0.618822 0.742132
0.632493 1.04329
0.646554 0.873464
0.66098 0.874545
0.675747 1.24574
0.690833 0.937827
0.706218 0.972089
0.721883 0.898693
0.73781 1.4336
0.753982 1.20507
0.770384 1.52224
0.488941 0.464947
0.48939 0.411108
0.490732 0.406579
0.492962 0.499593
0.496067 0.547833
0.50003 0.492746
0.504832 0.580606
0.510448 0.485531
0.516853 0.741794
0.524017 0.501525
0.53191 0.552715
0.5405 0.639597
0.549754 0.669661
0.559639 0.600773
0.570122 0.502299
0.581171 0.504408
0.592755 0.743908
0.604842 0.856121
0.617403 0.709851
0.630409 0.721554
0.643835 0.841398
0.657653 0.796844
0.671841 0.986467
0.686374 1.09301
0.701232 1.35191
0.716393 0.94605
0.731841 0.953809
0.747555 1.22844
0.763521 1.21722
0.779723 0.570585
0.504397 0.537885
0.504832 0.723285
0.506133 0.418985
0.508295 0.609112
0.511307 0.400099
0.515153 0.468631
0.519815 0.65002
0.525272 0.58399
0.531498 0.594975
0.538467 0.625342
0.546151 0.369268
0.554521 0.906802
0.563544 0.633287
0.573191 0.769297
0.583431 0.718771
0.594233 0.70505
0.605566 0.55322
0.617403 0.772351
0.629713 0.87067
0.642471 0.739061
0.655649 0.746328
0.669224 1.33194
0.683171 0.993728
0.697468 1.17052
0.712094 0.880342
0.72703 0.844429
0.742256 0.754615
0.757754 1.49751
0.77351 1.06068
0.789506 0.99006
0.520237 0.538842
0.520658 0.470839
0.521921 0.743538
0.524017 0.537495
0.526939 0.876967
0.530672 0.395317
0.535199 0.607485
0.5405 0.604454
0.546553 0.682108
0.553333 0.68864
0.560813 0.789553
0.568967 0.676185
0.577765 0.752721
0.587178 0.724285
0.597178 0.821062
0.607736 0.747376
0.618822 0.868852
0.630409 0.891022
0.642471 0.626617
0.65498 1.13329
0.667912 0.831528
0.681242 1.12047
0.694948 0.977518
0.709008 1.21509
0.723401 1.11885
0.738107 1.19414
0.753109 0.944155
0.768389 1.27612
0.783931 1.35027
0.799719 0.928322
0.536427 0.699571
0.536836 0.650281
0.53806 0.517539
0.540094 0.586884
0.542929 0.514741
0.546553 0.93714
0.550949 0.647863
0.5561 0.446459
0.561985 0.64388
0.568581 0.619403
0.575863 0.623948
0.583807 0.798792
0.592384 1.02016
0.601569 1.48068
0.611334 0.794193
0.621651 1.26785
0.632493 0.97306
0.643835 0.917893
0.655649 0.798932
0.667912 0.80365
0.680598 0.734665
0.693684 1.1825
0.707149 1.27787
0.720971 1.3548
0.73513 1.32043
0.749606 1.33582
0.764382 1.31283
0.779441 1.06533
0.794767 1.25654
0.810344 0.94082
0.552936 0.63689
0.553333 0.542489
0.554521 0.839954
0.556495 0.582799
0.559247 0.889691
0.562765 0.703327
0.567036 0.71918
0.572042 0.922741
0.577765 0.71593
0.584182 0.79964
0.591273 0.707812
0.599012 0.650751
0.607375 0.630564
0.616336 0.864626
0.62587 0.708743
0.635952 0.826872
0.646554 0.831132
0.657653 0.840545
0.669224 0.976038
0.681242 1.41905
0.693684 1.25546
0.706529 1.08433
0.719753 0.892315
0.733337 0.949125
0.747262 1.32321
0.761508 0.970117
0.776057 0.982893
0.790894 1.44476
0.806002 1.12269
0.821366 1.04399
0.569737 1.02107
0.570122 0.617976
0.571275 0.518619
0.573191 0.745663
0.575863 1.05093
0.579281 0.767804
0.583431 0.769308
0.588298 0.917572
0.593864 0.929929
0.600109 0.911822
0.607013 0.800546
0.614554 1.01927
0.622708 0.90674
0.631452 0.797556
0.640762 0.842882
0.650612 1.05663
0.66098 1.03945
0.671841 0.744024
0.683171 0.717658
0.694948 0.862879
0.707149 1.04418
0.719753 1.37973
0.732739 0.949202
0.746087 1.25586
0.759778 1.24404
0.773793 1.08971
0.788116 1.12937
0.80273 1.35385
0.817619 1.04439
0.832769 1.01175
0.586805 0.811941
0.587178 0.618751
0.588298 0.639906
0.590159 0.859694
0.592755 0.812996
0.596075 0.640473
0.600109 0.802102
0.604842 0.911739
0.610257 0.512178
0.616336 0.958904
0.623061 0.912352
0.630409 0.709314
0.638361 1.06269
0.646894 1.09969
0.655984 1.1036
0.665609 0.863765
0.675747 0.865817
0.686374 1.04948
0.697468 1.13233
0.709008 0.777151
0.720971 1.27044
0.733337 1.30416
0.746087 1.03648
0.7592 1.2785
0.772659 1.3124
0.786445 1.25336
0.800541 1.03011
0.814932 0.992833
0.829603 1.26325
0.844537 1.3611
0.604116 0.82489
0.604479 0.768207
0.605566 0.787921
0.607375 0.623336
0.609897 0.934985
0.613125 0.610351
0.617047 0.86994
0.621651 1.0326
0.626921 0.94312
0.63284 0.912481
0.639391 0.750537
0.646554 1.05903
0.65431 1.05226
0.662637 0.946381
0.671514 0.890931
0.68092 0.963877
0.690833 0.882357
0.701232 1.34015
0.712094 0.857157
0.723401 0.838745
0.73513 1.43679
0.747262 1.259
0.759778 1.14553
0.772659 1.39223
0.785887 1.20225
0.799445 0.887565
0.813316 1.09803
0.827485 1.37505
0.841936 1.13862
0.856656 1.17343
0.621651 0.918217
0.622004 1.02386
0.623061 0.756134
0.624818 0.886371
0.62727 0.567287
0.630409 1.04024
0.634225 0.930778
0.638705 0.667739
0.643835 0.739176
0.6496 0.780128
0.655984 0.821496
0.662968 1.33311
0.670534 0.865087
0.678662 0.98153
0.687332 0.655393
0.696524 1.37358
0.706218 1.28868
0.716393 1.22528
0.72703 1.04282
0.738107 1.65997
0.749606 1.5713
0.761508 1.23897
0.773793 1.52666
0.786445 1.05675
0.799445 1.18534
0.812776 1.3647
0.826424 1.05622
0.840372 1.58584
0.854606 1.42691
0.869111 1.55159
0.639391 0.90307
0.639734 0.91759
0.640762 1.09231
0.642471 0.74818
0.644856 0.784884
0.64791 0.963284
0.651623 0.669711
0.655984 1.00353
0.66098 0.825543
0.666597 0.842864
0.672819 1.23002
0.67963 0.694315
0.687013 1.28482
0.694948 1.17214
0.703417 0.773608
0.712402 1.16037
0.721883 1.44629
0.731841 0.970722
0.742256 1.5403
0.753109 1.46946
0.764382 1.22107
0.776057 1.26171
0.788116 0.939812
0.800541 1.12696
0.813316 1.04301
0.826424 1.17203
0.83985 1.2819
0.853578 1.3665
0.867595 0.85764
0.881887 1.28972
0.65732 1.11461
0.657653 0.802763
0.658653 0.918306
0.660316 0.903503
0.662637 0.815824
0.665609 1.11117
0.669224 0.848087
0.673471 0.67639
0.678338 0.887793
0.683813 0.840698
0.68988 1.13595
0.696524 1.15228
0.703729 0.866099
0.711478 1.10422
0.719753 0.952319
0.728536 1.30774
0.73781 0.86476
0.747555 0.926174
0.757754 1.13194
0.768389 0.937662
0.779441 1.20633
0.790894 0.932568
0.80273 1.28071
0.814932 1.25694
0.827485 1.54576
0.840372 1.2738
0.853578 0.972738
0.86709 1.33803
0.880892 1.02293
0.894971 1.09924
0.675422 0.987692
0.675747 1.04147
0.67672 1.06459
0.678338 1.19052
0.680598 0.849655
0.683492 0.80699
0.687013 1.07131
0.69115 1.00433
0.695894 1.1211
0.701232 1.1423
0.707149 0.966179
0.713633 1.87336
0.720667 1.17702
0.728235 1.28918
0.736322 0.903503
0.74491 1.42679
0.753982 1.21154
0.763521 1.42987
0.77351 1.20898
0.783931 1.00923
0.794767 1.28131
0.806002 1.24399
0.817619 1.10566
0.829603 0.921744
0.841936 1.0785
0.854606 1.19062
0.867595 1.74895
0.880892 1.13204
0.894481 1.07099
0.90835 1.42332
0.693684 0.975516
0.694001 0.9156
0.694948 1.16627
0.696524 1.58487
0.698725 0.517162
0.701544 0.872701
0.704975 1.10387
0.709008 0.887868
0.713633 1.25747
0.718838 1.09414
0.724612 0.997211
0.730941 1.23312
0.73781 1.39731
0.745204 1.14168
0.753109 1.35873
0.761508 1.41905
0.770384 1.27797
0.779723 1.13092
0.789506 1.02718
0.799719 1.36114
0.810344 1.01814
0.821366 0.788708
0.832769 1.31924
0.844537 1.58717
0.856656 1.23733
0.869111 1.15093
0.881887 1.29191
0.894971 1.72755
0.90835 1.30418
0.92201 1.34193
0.356047 0.341246
0.356663 0.368963
0.358503 0.411976
0.361549 0.336568
0.36577 0.335157
0.371128 0.257198
0.377572 0.361221
0.38505 0.464924
0.393501 0.279138
0.402865 0.487406
0.413079 0.453207
0.424083 0.381899
0.435815 0.495212
0.44822 0.376981
0.461243 0.532163
0.474832 0.382138
0.488941 0.527477
0.503527 0.519168
0.518548 0.494231
0.533968 0.583776
0.549754 0.711224
0.565874 0.789237
0.582302 0.56841
0.599012 0.608217
0.61598 0.819199
0.633187 0.957533
0.650612 1.01151
0.66824 0.914104
0.686054 0.972296
0.704041 0.93935
0.356663 0.239392
0.357277 0.349353
0.359114 0.262373
0.362155 0.321204
0.36637 0.359844
0.371718 0.486493
0.378153 0.323767
0.385619 0.315953
0.394058 0.416894
0.403409 0.376199
0.41361 0.57033
0.4246 0.329495
0.436318 0.352633
0.448709 0.539422
0.461718 0.379705
0.475294 0.59199
0.48939 0.573257
0.503962 0.483538
0.518971 0.552338
0.534379 0.616586
0.550153 0.798482
0.566262 0.744042
0.582679 0.826259
0.599378 0.893281
0.616336 0.632885
0.633533 0.629729
0.650949 0.811633
0.668568 1.1394
0.686374 1.05393
0.704352 1.28361
0.358503 0.583686
0.359114 0.33859
0.360942 0.495507
0.363967 0.298761
0.368161 0.405934
0.373484 0.346274
0.379889 0.333248
0.387322 0.369173
0.395724 0.310522
0.405037 0.371849
0.415198 0.44563
0.426146 0.491758
0.437824 0.506082
0.450173 0.462601
0.463141 0.487807
0.476676 0.405777
0.490732 0.410507
0.505266 0.594208
0.520237 0.43335
0.535609 0.507626
0.551347 0.711699
0.567423 0.771626
0.583807 0.502176
0.600474 0.867713
0.617403 0.832001
0.634571 0.853892
0.651959 0.97624
0.669552 0.990109
0.687332 0.930437
0.705286 1.29661
0.361549 0.399178
0.362155 0.322255
0.363967 0.258304
0.366968 0.340956
0.371128 0.33287
0.376409 0.253851
0.382765 0.268076
0.390143 0.34539
0.398486 0.295803
0.407735 0.408255
0.417831 0.512733
0.428712 0.344145
0.440321 0.440125
0.452603 0.240433
0.465503 0.473057
0.478971 0.642925
0.492962 0.550754
0.507432 0.572025
0.522341 0.516038
0.537652 0.519876
0.553333 0.416381
0.569352 0.490274
0.585682 0.926769
0.602298 0.810147
0.619176 1.10429
0.636296 0.831861
0.653639 1.0108
0.671187 0.758985
0.688925 0.865391
0.706839 0.846537
0.36577 0.517069
0.36637 0.413048
0.368161 0.328767
0.371128 0.26177
0.375242 0.36954
0.380466 0.33509
0.386755 0.240117
0.394058 0.419304
0.40232 0.525971
0.411483 0.534532
0.421489 0.324356
0.432278 0.387193
0.443794 0.28487
0.455982 0.424357
0.468789 0.577693
0.482166 0.548442
0.496067 0.605541
0.510448 0.567878
0.525272 0.532367
0.5405 0.669414
0.5561 0.386693
0.572042 0.708551
0.588298 0.840035
0.604842 0.969673
0.621651 1.12136
0.638705 1.23076
0.655984 1.10627
0.673471 0.793777
0.69115 0.934283
0.709008 0.829816
0.371128 0.313026
0.371718 0.359054
0.373484 0.310146
0.376409 0.339293
0.380466 0.4649
0.385619 0.331048
0.391825 0.472974
0.399036 0.313524
0.407197 0.412876
0.416253 0.422234
0.426146 0.359031
0.436821 0.421158
0.44822 0.3935
0.460291 0.410638
0.472981 0.463933
0.486243 0.478279
0.50003 0.606331
0.514301 0.3429
0.529016 0.638526
0.54414 0.633933
0.559639 0.639533
0.575482 1.0462
0.591643 0.595561
0.608096 0.746153
0.624818 0.789678
0.641788 0.761366
0.658986 0.767353
0.676396 1.18851
0.694001 1.09365
0.711786 0.838223
0.377572 0.306924
0.378153 0.247118
0.379889 0.300717
0.382765 0.630399
0.386755 0.26127
0.391825 0.43315
0.397935 0.395908
0.405037 0.494953
0.413079 0.365539
0.422009 0.429578
0.431771 0.381103
0.442309 0.333494
0.453571 0.472333
0.465503 0.381532
0.478055 0.549166
0.491179 0.321246
0.504832 0.717591
0.518971 0.530604
0.533557 0.71262
0.548556 0.536405
0.563933 0.410174
0.57966 0.767372
0.595707 0.783362
0.612051 0.821116
0.628667 0.947111
0.645536 1.30594
0.662637 1.05041
0.679953 0.952447
0.697468 1.29264
0.715168 1.24706
0.38505 0.393387
0.385619 0.351018
0.387322 0.297607
0.390143 0.391175
0.394058 0.29002
0.399036 0.347918
0.405037 0.333463
0.412016 0.340308
0.419925 0.481419
0.428712 0.564067
0.438324 0.458715
0.448709 0.34926
0.459814 0.482646
0.471588 0.381696
0.483982 0.417879
0.49695 0.510616
0.510448 0.419228
0.524436 0.6159
0.538874 0.541959
0.553729 0.727738
0.568967 0.522808
0.584558 0.704385
0.600474 1.07489
0.616692 0.948823
0.633187 1.1867
0.649938 1.21709
0.666926 1.00228
0.684133 0.972975
0.701544 1.10909
0.719143 1.19442
0.393501 0.282506
0.394058 0.318151
0.395724 0.391448
0.398486 0.369596
0.40232 0.235289
0.407197 0.341438
0.413079 0.298559
0.419925 0.293949
0.427688 0.405864
0.436318 0.349371
0.445767 0.53999
0.455982 0.56453
0.466914 0.646588
0.478513 0.428669
0.490732 0.646491
0.503527 0.580703
0.516853 0.62394
0.530672 0.821302
0.544945 0.651248
0.559639 0.587074
0.57472 0.770785
0.590159 0.673866
0.605928 0.732404
0.622004 0.590843
0.638361 0.949762
0.65498 0.591874
0.671841 0.707441
0.688925 1.09978
0.706218 0.860545
0.723704 1.13445
0.402865 0.528993
0.403409 0.356962
0.405037 0.308041
0.407735 0.380506
0.411483 0.363654
0.416253 0.428255
0.422009 0.28784
0.428712 0.418657
0.436318 0.448656
0.444782 0.538761
0.454054 0.448804
0.464087 0.352955
0.474832 0.355757
0.486243 0.440961
0.498272 0.628108
0.510878 0.538648
0.524017 0.713566
0.537652 0.503225
0.551745 0.771216
0.566262 0.668083
0.581171 0.78696
0.596443 0.795821
0.612051 0.972326
0.627969 1.0764
0.644175 1.16738
0.660648 0.951362
0.677368 1.29238
0.694316 0.88276
0.711478 1.02827
0.728837 1.04008
0.413079 0.317759
0.41361 0.257793
0.415198 0.364223
0.417831 0.332526
0.421489 0.527402
0.426146 0.472481
0.431771 0.486171
0.438324 0.309518
0.445767 0.513568
0.454054 0.521465
0.463141 0.524167
0.472981 0.472146
0.483529 0.581596
0.494739 0.318204
0.506567 0.695972
0.518971 0.374367
0.53191 0.835378
0.545348 0.650439
0.559247 0.66063
0.573574 0.741704
0.588298 0.933183
0.603389 0.772809
0.618822 0.939474
0.634571 0.970129
0.650612 0.835878
0.666926 0.771506
0.683492 0.83224
0.700293 1.2593
0.717311 1.40446
0.734533 1.04257
0.424083 0.331187
0.4246 0.427735
0.426146 0.396306
0.428712 0.290303
0.432278 0.490045
0.436821 0.510548
0.442309 0.394541
0.448709 0.417025
0.455982 0.550963
0.464087 0.437519
0.472981 0.369611
0.482621 0.434755
0.492962 0.488751
0.503962 0.675366
0.515579 0.642279
0.527771 0.5582
0.5405 0.65283
0.553729 0.857235
0.567423 0.492111
0.581548 0.826646
0.596075 0.712907
0.610975 0.788995
0.626221 0.738804
0.641788 0.939028
0.657653 0.620582
0.673797 1.12872
0.690198 1.23514
0.706839 0.938604
0.723704 1.20753
0.740777 1.09192
0.435815 0.25719
0.436318 0.381582
0.437824 0.342931
0.440321 0.495147
0.443794 0.44917
0.44822 0.393854
0.453571 0.403877
0.459814 0.48889
0.466914 0.353098
0.474832 0.454779
0.483529 0.651372
0.492962 0.493752
0.503091 0.533825
0.513874 0.513494
0.525272 0.873808
0.537244 0.370583
0.549754 0.686921
0.562765 0.73247
0.576244 0.792533
0.590159 0.582858
0.604479 0.828787
0.619176 0.939122
0.634225 1.10409
0.6496 0.709712
0.66528 0.702074
0.681242 0.991863
0.697468 1.17447
0.71394 1.13698
0.730641 1.12502
0.747555 0.893079
0.44822 0.495456
0.448709 0.340018
0.450173 0.414669
0.452603 0.770482
0.455982 0.295927
0.460291 0.537726
0.465503 0.482579
0.471588 0.532491
0.478513 0.544245
0.486243 0.550011
0.494739 0.351766
0.503962 0.468509
0.513874 0.403485
0.524436 0.631754
0.535609 0.728699
0.547355 0.647769
0.559639 0.570034
0.572425 0.701006
0.585682 0.659711
0.599378 0.767569
0.613483 0.648371
0.627969 0.752474
0.642812 0.839805
0.657987 0.949362
0.673471 0.790425
0.689244 0.981868
0.705286 1.23331
0.721579 1.21014
0.738107 1.27751
0.754854 1.01312
0.461243 0.528166
0.461718 0.307562
0.463141 0.45497
0.465503 0.459533
0.468789 0.569624
0.472981 0.432457
0.478055 0.496168
0.483982 0.439797
0.490732 0.486909
0.498272 0.480626
0.506567 0.484018
0.515579 0.647953
0.525272 0.530226
0.535609 0.533664
0.546553 0.482894
0.558069 0.708821
0.570122 0.877938
0.582679 0.72716
0.595707 0.976513
0.609177 1.05127
0.623061 0.831829
0.63733 1.30215
0.651959 0.636645
0.666926 1.18297
0.682207 0.945795
0.697783 0.861516
0.713633 0.90823
0.72974 1.83449
0.746087 1.04857
0.762659 1.05835
0.474832 0.42241
0.475294 0.395207
0.476676 0.564694
0.478971 0.390201
0.482166 0.522185
0.486243 0.584314
0.491179 0.629911
0.49695 0.726328
0.503527 0.650084
0.510878 0.719704
0.518971 0.653767
0.527771 0.637716
0.537244 0.756733
0.547355 0.665669
0.558069 0.854049
0.569352 0.630261
0.581171 0.487962
0.593494 0.84808
0.60629 0.803968
0.61953 0.7348
0.633187 0.952123
0.647232 0.919119
0.661643 0.761618
0.676396 0.782177
0.691468 0.835945
0.706839 0.988536
0.72249 0.875719
0.738404 0.975874
0.754564 1.04665
0.770954 0.965923
0.488941 0.63166
0.48939 0.699847
0.490732 0.458697
0.492962 0.445086
0.496067 0.475659
0.50003 0.446014
0.504832 0.430193
0.510448 0.614207
0.516853 0.637103
0.524017 0.704603
0.53191 0.575358
0.5405 0.620884
0.549754 0.456994
0.559639 0.847069
0.570122 0.673179
0.581171 0.708609
0.592755 1.06909
0.604842 0.816311
0.617403 0.703205
0.630409 0.70085
0.643835 0.790193
0.657653 0.887477
0.671841 1.03083
0.686374 0.598938
0.701232 1.0058
0.716393 1.0019
0.731841 0.796734
0.747555 0.835912
0.763521 0.8149
0.779723 1.50464
0.503527 0.67161
0.503962 0.70657
0.505266 0.395779
0.507432 0.524894
0.510448 0.520759
0.514301 0.533969
0.518971 0.551064
0.524436 0.567554
0.530672 0.771911
0.537652 0.825937
0.545348 0.565804
0.553729 0.675386
0.562765 0.944098
0.572425 0.820312
0.582679 0.595295
0.593494 0.61803
0.604842 0.865042
0.616692 1.13979
0.629016 0.70826
0.641788 0.736364
0.65498 1.00977
0.668568 0.550937
0.682529 1.04042
0.696839 0.808882
0.711478 1.18629
0.726426 1.02221
0.741664 1.80522
0.757175 1.25073
0.772942 1.02109
0.788951 1.65032
0.518548 0.491469
0.518971 0.544153
0.520237 0.5537
0.522341 0.603129
0.525272 0.578109
0.529016 0.522974
0.533557 0.736742
0.538874 0.603566
0.544945 0.739484
0.551745 0.658005
0.559247 0.550806
0.567423 0.589264
0.576244 0.530491
0.585682 0.584165
0.595707 0.802733
0.60629 0.82262
0.617403 0.719705
0.629016 0.954906
0.641104 0.884704
0.653639 0.918856
0.666597 0.873234
0.679953 1.1497
0.693684 0.921058
0.707769 0.878042
0.722187 1.49131
0.736918 1.14268
0.751943 1.35947
0.767246 1.77642
0.782811 1.28077
0.798621 1.10984
0.533968 0.604901
0.534379 0.471076
0.535609 0.870092
0.537652 0.55924
0.5405 0.663495
0.54414 0.60918
0.548556 0.547066
0.553729 0.771723
0.559639 0.87231
0.566262 0.549326
0.573574 0.537602
0.581548 0.829727
0.590159 0.643432
0.599378 0.986242
0.609177 0.681336
0.61953 0.814401
0.630409 0.92744
0.641788 0.911124
0.653639 0.719692
0.665939 0.885206
0.678662 1.01647
0.691785 1.03701
0.705286 1.45297
0.719143 1.06702
0.733337 1.19936
0.747849 1.02903
0.762659 1.07617
0.777751 1.05345
0.79311 0.85548
0.808719 0.983611
0.549754 0.636749
0.550153 0.824702
0.551347 0.767992
0.553333 0.751567
0.5561 0.71892
0.559639 0.809052
0.563933 0.685621
0.568967 0.653021
0.57472 0.668425
0.581171 0.49208
0.588298 0.690074
0.596075 0.579498
0.604479 0.695232
0.613483 0.494904
0.623061 0.753961
0.633187 1.06973
0.643835 1.03526
0.65498 0.952373
0.666597 0.861363
0.678662 1.11469
0.69115 1.05671
0.704041 0.831602
0.717311 0.973447
0.730941 1.00116
0.74491 1.36524
0.7592 1.44783
0.773793 1.2645
0.788673 0.881437
0.803822 0.895836
0.819227 1.12861
0.565874 0.637073
0.566262 0.486592
0.567423 0.652001
0.569352 0.76322
0.572042 0.641943
0.575482 0.78918
0.57966 0.722845
0.584558 1.01326
0.590159 0.604073
0.596443 0.781999
0.603389 0.771208
0.610975 0.934352
0.619176 0.830352
0.627969 1.06431
0.63733 0.875063
0.647232 0.898954
0.657653 1.26791
0.668568 0.860854
0.679953 1.15136
0.691785 1.04209
0.704041 1.33936
0.716699 1.24263
0.72974 0.934854
0.743141 1.07782
0.756886 1.08991
0.770954 1.71379
0.785328 0.969304
0.799993 1.49064
0.814932 1.48177
0.830131 1.47995
0.582302 0.809106
0.582679 0.619867
0.583807 1.01578
0.585682 0.638978
0.588298 1.04688
0.591643 0.775346
0.595707 0.682734
0.600474 0.912641
0.605928 0.802081
0.612051 0.842914
0.618822 0.947264
0.626221 0.804874
0.634225 0.821172
0.642812 1.06303
0.651959 1.07345
0.661643 0.960793
0.671841 0.771357
0.682529 0.825922
0.693684 1.16327
0.705286 0.799088
0.717311 1.15199
0.72974 0.773029
0.742551 1.24884
0.755726 0.900619
0.769245 0.931612
0.783091 1.34602
0.797247 1.47262
0.811696 1.44011
0.826424 0.917163
0.841415 0.979385
0.599012 0.810978
0.599378 1.06146
0.600474 0.87333
0.602298 0.721369
0.604842 0.776665
0.608096 0.9484
0.612051 0.567387
0.616692 0.752131
0.622004 0.912791
0.627969 0.809349
0.634571 1.06036
0.641788 0.738027
0.6496 1.27074
0.657987 1.33538
0.666926 1.06579
0.676396 0.98088
0.686374 0.730472
0.696839 1.23989
0.707769 0.946016
0.719143 0.889962
0.730941 1.11248
0.743141 1.01858
0.755726 0.968529
0.768674 1.40816
0.78197 1.19264
0.795595 1.49707
0.809532 0.922551
0.823766 1.20742
0.838281 1.06924
0.853064 1.18601
0.61598 1.01866
0.616336 0.590274
0.617403 0.924648
0.619176 0.620419
0.621651 1.07877
0.624818 0.898709
0.628667 0.864609
0.633187 0.897999
0.638361 1.05056
0.644175 0.857525
0.650612 1.00887
0.657653 0.729513
0.66528 1.03251
0.673471 1.35851
0.682207 0.86663
0.691468 1.26901
0.701232 1.17404
0.711478 1.13783
0.722187 1.60198
0.733337 1.13431
0.74491 1.08324
0.756886 0.883882
0.769245 1.73863
0.78197 1.09841
0.795043 1.06251
0.808447 1.00632
0.822167 1.69191
0.836186 1.73261
0.850489 1.02607
0.865064 1.40031
0.633187 0.847221
0.633533 0.981465
0.634571 0.761239
0.636296 1.2293
0.638705 0.912883
0.641788 0.757922
0.645536 1.31818
0.649938 0.901691
0.65498 0.980389
0.660648 1.10184
0.666926 1.30685
0.673797 0.99964
0.681242 0.721232
0.689244 1.27646
0.697783 0.805754
0.706839 0.954201
0.716393 1.09454
0.726426 1.14513
0.736918 1.40043
0.747849 1.0793
0.7592 1.34893
0.770954 1.15006
0.783091 0.976897
0.795595 1.11775
0.808447 1.69822
0.821633 0.982524
0.835136 1.01906
0.848941 1.19631
0.863033 1.12715
0.877399 0.937909
0.650612 1.09711
0.650949 0.847126
0.651959 1.12008
0.653639 0.971465
0.655984 0.955273
0.658986 0.962816
0.662637 0.776485
0.666926 1.17984
0.671841 0.67418
0.677368 1.08273
0.683492 0.985894
0.690198 0.76729
0.697468 0.90292
0.705286 1.13478
0.713633 0.722492
0.72249 1.73599
0.731841 0.957151
0.741664 1.24718
0.751943 0.857507
0.762659 1.04679
0.773793 1.28133
0.785328 1.15329
0.797247 1.48935
0.809532 1.27176
0.822167 1.40852
0.835136 1.05368
0.848424 1.03468
0.862016 1.16647
0.875898 1.07109
0.890056 1.59343
0.66824 0.895579
0.668568 0.969756
0.669552 0.857914
0.671187 0.696609
0.673471 1.13853
0.676396 1.19281
0.679953 0.956632
0.684133 1.54811
0.688925 1.13802
0.694316 0.869327
0.700293 1.04725
0.706839 1.02624
0.71394 1.41495
0.721579 0.953856
0.72974 0.866176
0.738404 1.07126
0.747555 1.25244
0.757175 1.44871
0.767246 1.67939
0.777751 1.32999
0.788673 1.11574
0.799993 0.82224
0.811696 0.925628
0.823766 1.0574
0.836186 1.15025
0.848941 1.11312
0.862016 1.3413
0.875397 0.885258
0.88907 0.973016
0.903022 1.18719
0.686054 1.38865
0.686374 0.827966
0.687332 1.47458
0.688925 1.03544
0.69115 1.17087
0.694001 1.08
0.697468 1.15346
0.701544 1.24032
0.706218 0.962736
0.711478 1.30533
0.717311 1.14821
0.723704 0.966744
0.730641 1.19472
0.738107 1.20176
0.746087 1.05708
0.754564 1.25788
0.763521 1.43245
0.772942 0.891789
0.782811 1.33713
0.79311 1.3965
0.803822 1.00474
0.814932 1.0909
0.826424 1.16346
0.838281 1.3668
0.850489 1.29105
0.863033 1.14999
0.875898 1.22986
0.88907 1.55129
0.902536 1.47812
0.916283 0.97257
0.704041 1.15492
0.704352 1.30331
0.705286 1.29993
0.706839 1.19648
0.709008 0.994252
0.711786 1.35412
0.715168 0.896937
0.719143 1.21134
0.723704 1.31457
0.728837 0.944698
0.734533 1.09479
0.740777 0.876822
0.747555 1.36146
0.754854 1.01743
0.762659 1.10132
0.770954 1.38839
0.779723 1.20233
0.788951 1.27155
0.798621 1.00892
0.808719 1.02831
0.819227 1.18241
0.830131 1.57935
0.841415 0.93505
0.853064 1.341
0.865064 0.98956
0.877399 1.35001
0.890056 1.39902
0.903022 1.57044
0.916283 1.21391
0.929827 0.890249
0.376991 0.352245
0.377572 0.314103
0.379311 0.253259
0.382191 0.484529
0.386187 0.400258
0.391265 0.345358
0.397384 0.282503
0.404495 0.258161
0.412548 0.438513
0.421489 0.428442
0.431262 0.339177
0.441813 0.308629
0.453087 0.434416
0.465031 0.406357
0.477596 0.345589
0.490732 0.518
0.504397 0.386047
0.518548 0.519606
0.533146 0.600899
0.548156 0.612615
0.563544 0.798332
0.579281 0.696515
0.595339 0.806473
0.611692 0.823166
0.628319 0.805835
0.645196 1.01002
0.662306 1.09634
0.67963 0.629252
0.697154 1.42779
0.714861 1.20203
0.377572 0.278744
0.378153 0.415537
0.379889 0.36798
0.382765 0.357757
0.386755 0.356838
0.391825 0.351728
0.397935 0.402009
0.405037 0.363964
0.413079 0.408779
0.422009 0.367344
0.431771 0.648119
0.442309 0.493276
0.453571 0.500611
0.465503 0.532004
0.478055 0.466585
0.491179 0.519714
0.504832 0.592231
0.518971 0.430258
0.533557 0.5589
0.548556 0.623202
0.563933 0.734582
0.57966 0.805925
0.595707 0.81303
0.612051 0.744036
0.628667 0.936242
0.645536 1.05723
0.662637 1.02308
0.679953 0.932122
0.697468 1.18932
0.715168 0.997484
0.379311 0.411427
0.379889 0.278574
0.381617 0.429813
0.38448 0.297845
0.388452 0.545699
0.393501 0.307491
0.399585 0.284986
0.406658 0.357674
0.414669 0.491853
0.423565 0.478557
0.433292 0.397175
0.443794 0.283504
0.455019 0.405311
0.466914 0.499205
0.479429 0.399019
0.492517 0.542426
0.506133 0.411536
0.520237 0.530944
0.534789 0.57872
0.549754 0.721701
0.565099 0.876108
0.580794 0.66248
0.596811 0.780833
0.613125 0.787961
0.629713 1.26272
0.646554 0.771429
0.663629 0.92197
0.68092 1.11374
0.698411 1.31854
0.716087 0.860355
0.382191 0.342402
0.382765 0.310211
0.38448 0.286006
0.387322 0.273463
0.391265 0.359542
0.396278 0.396217
0.40232 0.470524
0.409346 0.34532
0.417305 0.379422
0.426146 0.408337
0.435815 0.426108
0.446259 0.44966
0.457423 0.282003
0.469257 0.389676
0.481711 0.526585
0.494739 0.69712
0.508295 0.419161
0.522341 0.686536
0.536836 0.481298
0.551745 0.625677
0.567036 0.406574
0.582679 0.920335
0.598645 0.683239
0.614911 1.19936
0.631452 0.638981
0.648248 1.0177
0.66528 1.07565
0.682529 0.961866
0.699979 0.981449
0.717617 1.05414
0.386187 0.406817
0.386755 0.517588
0.388452 0.267083
0.391265 0.298809
0.39517 0.517254
0.400134 0.344945
0.406118 0.44221
0.413079 0.32805
0.420968 0.384556
0.429734 0.454383
0.439324 0.349256
0.449686 0.523099
0.460767 0.352122
0.472517 0.627667
0.484888 0.500679
0.497832 0.504136
0.511307 0.86387
0.525272 0.701494
0.539688 0.509423
0.554521 0.875955
0.569737 0.637505
0.585308 0.854256
0.601204 0.697293
0.617403 0.711209
0.633879 0.967131
0.650612 0.983463
0.667583 0.637731
0.684774 0.635718
0.702169 1.17114
0.719753 1.02654
0.391265 0.338548
0.391825 0.389087
0.393501 0.387593
0.396278 0.346656
0.400134 0.27532
0.405037 0.365018
0.41095 0.35084
0.417831 0.477736
0.425631 0.312803
0.434303 0.491508
0.443794 0.443845
0.454054 0.555085
0.465031 0.503764
0.476676 0.577638
0.488941 0.528127
0.501781 0.487338
0.515153 0.476122
0.529016 0.612671
0.543333 0.698591
0.558069 0.73854
0.573191 0.657193
0.58867 0.647692
0.604479 0.73506
0.620592 1.05243
0.636985 0.903872
0.653639 0.829246
0.670534 0.938426
0.687651 1.19572
0.704975 0.941933
0.72249 1.11903
0.397384 0.3473
0.397935 0.293207
0.399585 0.479797
0.40232 0.293772
0.406118 0.328563
0.41095 0.422548
0.416779 0.397184
0.423565 0.503231
0.431262 0.563812
0.439823 0.412546
0.449198 0.476579
0.459337 0.34978
0.470191 0.540712
0.481711 0.478459
0.493851 0.548404
0.506567 0.574857
0.519815 0.82286
0.533557 0.560842
0.547755 0.807358
0.562375 0.604964
0.577385 0.500594
0.592755 0.98849
0.608457 0.81401
0.624467 0.876388
0.640762 0.926057
0.65732 1.42636
0.674122 1.22609
0.69115 1.26396
0.708389 1.2303
0.725822 1.12179
0.404495 0.474199
0.405037 0.366668
0.406658 0.479627
0.409346 0.306002
0.413079 0.561919
0.417831 0.25784
0.423565 0.301316
0.430244 0.419531
0.437824 0.46177
0.446259 0.514662
0.455501 0.460621
0.465503 0.542698
0.476216 0.421834
0.487594 0.482002
0.499591 0.577674
0.512164 0.361896
0.525272 0.442428
0.538874 0.648401
0.552936 0.885911
0.567423 0.749716
0.582302 0.704741
0.597545 0.898264
0.613125 0.696602
0.629016 0.648396
0.645196 0.71828
0.661643 0.725018
0.678338 1.35029
0.695263 0.882572
0.712402 0.817522
0.72974 1.14084
0.412548 0.46432
0.413079 0.221765
0.414669 0.329951
0.417305 0.345674
0.420968 0.378907
0.425631 0.354636
0.431262 0.311496
0.437824 0.380048
0.445275 0.474051
0.453571 0.360696
0.462667 0.399138
0.472517 0.517528
0.483075 0.431087
0.494295 0.337976
0.506133 0.555291
0.518548 0.41588
0.531498 0.556347
0.544945 0.929792
0.558854 0.483019
0.573191 0.668737
0.587925 0.662178
0.603026 0.856088
0.618467 1.06636
0.634225 0.650249
0.650275 0.936463
0.666597 0.888757
0.683171 1.08606
0.699979 1.18316
0.717005 0.9923
0.734234 0.883668
0.421489 0.369568
0.422009 0.311559
0.423565 0.275907
0.426146 0.387673
0.429734 0.342947
0.434303 0.357857
0.439823 0.443699
0.446259 0.525906
0.453571 0.301206
0.461718 0.50896
0.470657 0.430009
0.480343 0.482425
0.490732 0.453203
0.501781 0.592401
0.513447 0.602251
0.525689 0.645041
0.538467 0.756021
0.551745 0.585675
0.565487 0.809941
0.57966 0.861008
0.594233 1.00152
0.609177 0.883044
0.624467 0.956915
0.640077 0.905846
0.655984 0.807773
0.672167 0.93682
0.688607 0.838022
0.705286 0.841498
0.722187 0.941865
0.739295 0.811755
0.431262 0.380298
0.431771 0.512362
0.433292 0.357015
0.435815 0.478674
0.439324 0.403266
0.443794 0.461176
0.449198 0.511814
0.455501 0.473778
0.462667 0.305659
0.470657 0.396918
0.479429 0.533346
0.488941 0.512791
0.499152 0.273852
0.510019 0.704261
0.5215 0.810894
0.533557 0.591959
0.546151 0.431004
0.559247 0.841697
0.572808 0.489616
0.586805 1.031
0.601204 0.71767
0.61598 0.795514
0.631105 0.678627
0.646554 1.08016
0.662306 0.772762
0.678338 0.886012
0.694632 1.09299
0.71117 0.885048
0.727934 1.0037
0.74491 0.988849
0.441813 0.521673
0.442309 0.568592
0.443794 0.36357
0.446259 0.378388
0.449686 0.480471
0.454054 0.377011
0.459337 0.588161
0.465503 0.529561
0.472517 0.760398
0.480343 0.506019
0.488941 0.519135
0.498272 0.465367
0.508295 0.485436
0.518971 0.661127
0.530258 0.471852
0.542121 0.696937
0.554521 0.678157
0.567423 0.601478
0.580794 0.88838
0.594602 0.675325
0.608817 0.631619
0.623412 1.20226
0.638361 1.04975
0.653639 0.956738
0.669224 1.02774
0.685095 0.866324
0.701232 0.99846
0.717617 1.063
0.734234 1.52343
0.751068 1.33913
0.453087 0.317784
0.453571 0.330424
0.455019 0.405582
0.457423 0.321909
0.460767 0.371238
0.465031 0.331766
0.470191 0.357473
0.476216 0.443047
0.483075 0.587656
0.490732 0.6487
0.499152 0.45716
0.508295 0.533977
0.518125 0.464311
0.528601 0.423139
0.539688 0.623002
0.551347 0.779053
0.563544 0.676309
0.576244 0.635419
0.589415 0.904078
0.603026 0.738904
0.617047 0.620489
0.631452 0.759348
0.646215 0.842036
0.661312 1.24708
0.67672 1.01622
0.692419 1.09727
0.708389 1.27013
0.724612 1.20383
0.741073 0.889564
0.757754 1.01679
0.465031 0.431546
0.465503 0.688398
0.466914 0.644383
0.469257 0.398319
0.472517 0.339621
0.476676 0.339926
0.481711 0.611087
0.487594 0.411909
0.494295 0.535147
0.501781 0.493845
0.510019 0.554535
0.518971 0.624374
0.528601 0.727552
0.538874 0.533577
0.549754 0.745931
0.561204 0.61733
0.573191 0.610318
0.585682 0.565121
0.598645 1.12571
0.612051 0.59809
0.62587 1.09197
0.640077 0.764062
0.654645 0.80339
0.669552 0.783914
0.684774 1.0635
0.700293 1.06145
0.716087 0.689737
0.73214 1.32301
0.748435 1.20645
0.764956 1.62048
0.477596 0.532652
0.478055 0.608902
0.479429 0.576567
0.481711 0.495261
0.484888 0.680228
0.488941 0.377913
0.493851 0.516974
0.499591 0.486578
0.506133 0.507684
0.513447 0.497108
0.5215 0.52446
0.530258 0.76546
0.539688 0.824941
0.549754 0.38021
0.560422 0.635219
0.571659 0.645536
0.583431 0.801777
0.595707 0.682661
0.608457 0.793193
0.621651 0.794521
0.635261 1.00692
0.649262 0.92063
0.663629 0.822531
0.678338 1.38435
0.693368 0.997749
0.708698 1.23333
0.72431 1.41768
0.740184 1.13818
0.756306 1.09163
0.772659 0.940117
0.490732 0.622851
0.491179 0.384077
0.492517 0.449529
0.494739 0.498429
0.497832 0.38833
0.501781 0.701226
0.506567 0.475271
0.512164 0.625327
0.518548 0.562817
0.525689 0.465259
0.533557 0.675254
0.542121 0.833948
0.551347 0.692028
0.561204 0.847771
0.571659 0.6443
0.582679 0.519649
0.594233 0.803115
0.60629 0.630964
0.618822 1.01634
0.6318 0.814354
0.645196 0.963285
0.658986 0.71221
0.673145 1.31858
0.687651 1.25326
0.702481 0.855741
0.717617 0.979726
0.733038 1.11456
0.748728 0.926834
0.764669 1.13449
0.780847 1.11721
0.504397 0.578797
0.504832 0.621015
0.506133 0.640065
0.508295 0.558121
0.511307 0.625731
0.515153 0.711643
0.519815 0.56086
0.525272 0.557916
0.531498 0.611559
0.538467 0.654925
0.546151 0.449626
0.554521 0.610833
0.563544 0.514573
0.573191 0.466363
0.583431 0.659656
0.594233 0.795641
0.605566 1.11769
0.617403 1.02584
0.629713 1.00796
0.642471 0.804924
0.655649 0.84929
0.669224 1.26542
0.683171 1.1551
0.697468 1.22566
0.712094 0.779751
0.72703 1.15475
0.742256 1.25457
0.757754 1.2755
0.77351 1.21765
0.789506 0.894267
0.518548 0.698072
0.518971 0.466547
0.520237 0.535095
0.522341 0.67408
0.525272 0.751804
0.529016 0.639625
0.533557 0.5544
0.538874 0.75809
0.544945 0.841942
0.551745 0.624595
0.559247 0.541115
0.567423 0.646915
0.576244 0.96099
0.585682 0.983488
0.595707 0.717448
0.60629 0.781998
0.617403 0.770244
0.629016 0.619816
0.641104 0.947502
0.653639 0.772041
0.666597 0.933787
0.679953 1.20311
0.693684 0.955186
0.707769 1.12435
0.722187 1.2581
0.736918 0.963915
0.751943 0.911481
0.767246 1.15287
0.782811 1.09285
0.798621 1.09899
0.533146 0.529599
0.533557 0.645672
0.534789 0.521639
0.536836 0.56269
0.539688 0.730281
0.543333 0.361077
0.547755 0.699334
0.552936 0.814993
0.558854 0.640648
0.565487 0.535055
0.572808 0.740294
0.580794 0.746042
0.589415 0.6019
0.598645 0.832975
0.608457 1.04204
0.618822 0.986702
0.629713 0.958665
0.641104 0.640653
0.652968 0.964533
0.66528 0.969377
0.678015 0.913374
0.69115 1.42113
0.704664 0.626595
0.718533 0.799888
0.732739 0.732162
0.747262 1.00982
0.762084 1.26236
0.777187 1.21795
0.792556 1.38291
0.808176 1.19701
0.548156 0.506042
0.548556 0.813652
0.549754 0.62077
0.551745 0.640364
0.554521 0.61054
0.558069 0.664392
0.562375 0.646412
0.567423 1.06427
0.573191 0.664713
0.57966 0.472876
0.586805 0.620798
0.594602 0.791499
0.603026 0.677624
0.612051 0.640059
0.621651 0.933071
0.6318 1.04234
0.642471 0.905753
0.653639 0.950464
0.66528 0.91297
0.677368 1.26483
0.68988 0.934088
0.702794 1.13512
0.716087 1.05539
0.72974 1.18379
0.743731 1.21192
0.758044 0.891437
0.772659 1.41185
0.787559 1.22425
0.80273 1.46543
0.818156 1.00835
0.563544 0.555449
0.563933 0.664036
0.565099 0.725609
0.567036 0.609891
0.569737 0.705711
0.573191 0.601591
0.577385 0.776136
0.582302 0.974137
0.587925 0.880304
0.594233 0.505514
0.601204 0.855434
0.608817 0.685164
0.617047 1.05963
0.62587 0.962986
0.635261 0.912663
0.645196 0.75359
0.655649 0.943463
0.666597 1.04791
0.678015 0.733637
0.68988 0.837992
0.702169 0.918442
0.714861 0.92801
0.727934 1.02625
0.741369 1.18286
0.755145 1.33254
0.769245 0.664633
0.783651 1.28362
0.798346 1.08647
0.813316 1.45772
0.828544 1.24907
0.579281 0.756314
0.57966 0.761501
0.580794 0.631263
0.582679 0.770865
0.585308 0.91664
0.58867 0.654937
0.592755 0.831612
0.597545 0.686122
0.603026 0.505913
0.609177 1.17309
0.61598 0.88576
0.623412 0.676171
0.631452 1.04809
0.640077 0.952481
0.649262 1.09756
0.658986 0.909324
0.669224 0.646256
0.679953 1.41179
0.69115 0.591614
0.702794 1.04136
0.714861 0.795109
0.727331 1.02075
0.740184 0.931795
0.7534 1.2941
0.766961 1.26716
0.780847 1.31832
0.795043 1.37584
0.809532 0.906849
0.824298 1.08217
0.839327 1.01778
0.595339 0.740047
0.595707 1.03112
0.596811 0.9843
0.598645 0.730521
0.601204 0.904908
0.604479 0.821149
0.608457 0.887549
0.613125 0.910194
0.618467 0.698008
0.624467 0.746351
0.631105 0.851311
0.638361 1.35978
0.646215 0.906981
0.654645 1.11122
0.663629 1.04376
0.673145 0.970467
0.683171 0.899744
0.693684 0.86988
0.704664 1.16477
0.716087 1.03801
0.727934 1.08517
0.740184 0.882254
0.752818 1.09553
0.765816 0.928142
0.77916 1.32931
0.792833 1.17491
0.806818 1.18349
0.821099 1.23261
0.835661 1.4836
0.850489 1.19569
0.611692 0.830298
0.612051 0.787121
0.613125 0.901839
0.614911 0.710656
0.617403 0.858058
0.620592 0.91716
0.624467 0.805574
0.629016 0.662139
0.634225 0.880312
0.640077 0.978643
0.646554 1.00985
0.653639 0.9408
0.661312 0.754399
0.669552 0.893062
0.678338 1.28109
0.687651 0.947077
0.697468 0.950964
0.707769 1.12673
0.718533 1.14375
0.72974 1.49335
0.741369 0.978844
0.7534 1.28788
0.765816 0.965573
0.778597 1.17331
0.791726 0.948778
0.805185 1.29348
0.818959 0.878596
0.833032 1.01063
0.847389 1.33007
0.862016 1.52227
0.628319 1.06358
0.628667 0.890794
0.629713 0.914964
0.631452 0.967715
0.633879 1.05955
0.636985 0.983279
0.640762 0.778572
0.645196 1.02789
0.650275 0.789327
0.655984 1.07396
0.662306 0.915704
0.669224 1.00257
0.67672 0.73417
0.684774 1.06106
0.693368 1.0794
0.702481 0.806489
0.712094 1.01056
0.722187 0.989808
0.732739 1.2412
0.743731 1.13044
0.755145 1.4486
0.766961 0.949876
0.77916 1.30022
0.791726 0.930167
0.80464 1.05828
0.817887 1.04914
0.831451 0.921748
0.845316 1.00814
0.859468 1.08979
0.873892 1.38442
0.645196 0.877181
0.645536 0.707115
0.646554 0.830183
0.648248 1.14053
0.650612 0.984595
0.653639 0.716893
0.65732 1.08257
0.661643 0.903072
0.666597 1.06339
0.672167 1.06455
0.678338 1.00853
0.685095 0.923591
0.692419 1.0825
0.700293 1.3334
0.708698 1.10291
0.717617 0.701061
0.72703 0.927961
0.736918 1.07174
0.747262 0.952045
0.758044 0.802795
0.769245 1.24331
0.780847 1.18534
0.792833 1.33362
0.805185 1.34315
0.817887 1.07066
0.830923 1.41079
0.844278 1.23976
0.857935 1.17523
0.871882 1.28045
0.886105 0.889033
0.662306 0.868627
0.662637 0.792057
0.663629 1.0163
0.66528 0.91397
0.667583 1.11371
0.670534 0.880553
0.674122 0.854875
0.678338 0.668587
0.683171 1.10176
0.688607 1.39336
0.694632 0.924408
0.701232 1.41808
0.708389 1.09757
0.716087 1.01723
0.72431 1.01676
0.733038 1.4588
0.742256 1.52599
0.751943 1.56931
0.762084 1.17
0.772659 1.66771
0.783651 1.42432
0.795043 0.962805
0.806818 1.24531
0.818959 1.28172
0.831451 1.32011
0.844278 1.16929
0.857424 1.05005
0.870876 1.12419
0.884619 1.12471
0.89864 1.20482
0.67963 1.02065
0.679953 1.14176
0.68092 1.01502
0.682529 0.881076
0.684774 1.21639
0.687651 0.94663
0.69115 0.767582
0.695263 0.703227
0.699979 0.881922
0.705286 1.42655
0.71117 1.03919
0.717617 1.08578
0.724612 1.35488
0.73214 1.21887
0.740184 1.24152
0.748728 0.803557
0.757754 0.938205
0.767246 1.4693
0.777187 1.36359
0.787559 1.0027
0.798346 0.993193
0.809532 1.03916
0.821099 1.24417
0.833032 1.0533
0.845316 1.06785
0.857935 0.898515
0.870876 1.01437
0.884123 0.751894
0.897663 1.54539
0.911483 1.22296
0.697154 1.12002
0.697468 0.934161
0.698411 1.06797
0.699979 0.977304
0.702169 0.815581
0.704975 1.06837
0.708389 0.834465
0.712402 0.81575
0.717005 1.26429
0.722187 0.756486
0.727934 0.913206
0.734234 1.4546
0.741073 1.17679
0.748435 1.61212
0.756306 0.692976
0.764669 1.09959
0.77351 1.24933
0.782811 1.44065
0.792556 1.1404
0.80273 1.8262
0.813316 1.07671
0.824298 1.32117
0.835661 1.22854
0.847389 0.993237
0.859468 1.35681
0.871882 1.24837
0.884619 1.03736
0.897663 0.735481
0.911002 1.07901
0.924623 1.35148
0.714861 0.873865
0.715168 1.08326
0.716087 0.795165
0.717617 1.0428
0.719753 1.03274
0.72249 0.754013
0.725822 1.00644
0.72974 1.01607
0.734234 1.49166
0.739295 1.18372
0.74491 1.53099
0.751068 1.0001
0.757754 1.35022
0.764956 1.23947
0.772659 0.77397
0.780847 1.5512
0.789506 1.0162
0.798621 1.56142
0.808176 1.25793
0.818156 1.41979
0.828544 1.16864
0.839327 1.48087
0.850489 1.22969
0.862016 1.1053
0.873892 1.36843
0.886105 0.882286
0.89864 1.06032
0.911483 0.774133
0.924623 1.42686
0.938046 1.16497
0.397935 0.392925
0.398486 0.430059
0.400134 0.208992
0.402865 0.324533
0.406658 0.388394
0.411483 0.269097
0.417305 0.38505
0.424083 0.432993
0.431771 0.291272
0.440321 0.411555
0.449686 0.606806
0.459814 0.689092
0.470657 0.465206
0.482166 0.470686
0.494295 0.462311
0.506999 0.797257
0.520237 0.728493
0.533968 0.711751
0.548156 0.758786
0.562765 0.765313
0.577765 0.628523
0.593124 1.0037
0.608817 0.823301
0.624818 0.853031
0.641104 0.816211
0.657653 0.958242
0.674447 1.0847
0.691468 0.919737
0.708698 1.2892
0.726124 1.26468
0.398486 0.280315
0.399036 0.60338
0.400681 0.387662
0.403409 0.231524
0.407197 0.309086
0.412016 0.409689
0.417831 0.568381
0.4246 0.414429
0.432278 0.462598
0.440819 0.390116
0.450173 0.326859
0.460291 0.384176
0.471123 0.276539
0.482621 0.358309
0.494739 0.459287
0.507432 0.590082
0.520658 0.851247
0.534379 0.44307
0.548556 0.579901
0.563155 0.805323
0.578144 0.856636
0.593494 0.851951
0.609177 0.657051
0.625169 0.64852
0.641446 0.953243
0.657987 0.855016
0.674772 1.23292
0.691785 0.787499
0.709008 1.47169
0.726426 0.858844
0.400134 0.329056
0.400681 0.304739
0.40232 0.410466
0.405037 0.373833
0.40881 0.411936
0.41361 0.34711
0.419402 0.409343
0.426146 0.343818
0.433798 0.340758
0.442309 0.391495
0.451632 0.354669
0.461718 0.417601
0.472517 0.515126
0.483982 0.354975
0.496067 0.690947
0.508727 0.331182
0.521921 0.431265
0.535609 0.720001
0.549754 0.882387
0.564322 0.657885
0.579281 0.905672
0.594602 0.712867
0.610257 1.10018
0.626221 1.13425
0.642471 0.685559
0.658986 1.1783
0.675747 1.06704
0.692735 1.13089
0.709935 1.00264
0.727331 1.43179
0.402865 0.364161
0.403409 0.366962
0.405037 0.38508
0.407735 0.230637
0.411483 0.495124
0.416253 0.24902
0.422009 0.48669
0.428712 0.502672
0.436318 0.391683
0.444782 0.381817
0.454054 0.440106
0.464087 0.462108
0.474832 0.478786
0.486243 0.647331
0.498272 0.593934
0.510878 0.500604
0.524017 0.545275
0.537652 0.628297
0.551745 0.723979
0.566262 0.790047
0.581171 0.764081
0.596443 0.810754
0.612051 0.873479
0.627969 0.81235
0.644175 0.729403
0.660648 0.91205
0.677368 0.840887
0.694316 1.10683
0.711478 0.93573
0.728837 1.19414
0.406658 0.409829
0.407197 0.422656
0.40881 0.408275
0.411483 0.280629
0.415198 0.229304
0.419925 0.647646
0.425631 0.587747
0.432278 0.418054
0.439823 0.400567
0.44822 0.43845
0.457423 0.432165
0.467383 0.409405
0.478055 0.479501
0.48939 0.51365
0.501344 0.563678
0.513874 0.756059
0.526939 0.658774
0.5405 0.507897
0.554521 0.771238
0.568967 0.604551
0.583807 0.601601
0.599012 0.70153
0.614554 0.887399
0.630409 0.869272
0.646554 0.860585
0.662968 0.915346
0.67963 1.00438
0.696524 1.55176
0.713633 1.16382
0.730941 1.59113
0.411483 0.35162
0.412016 0.303468
0.41361 0.321373
0.416253 0.446657
0.419925 0.488332
0.4246 0.530582
0.430244 0.335966
0.436821 0.390188
0.444288 0.275409
0.452603 0.443242
0.461718 0.260123
0.471588 0.472868
0.482166 0.490178
0.493407 0.535296
0.505266 0.59012
0.517701 0.585651
0.530672 0.563805
0.54414 0.684626
0.558069 0.578151
0.572425 0.697454
0.587178 0.675814
0.602298 0.614497
0.617758 0.90759
0.633533 0.863887
0.6496 1.02844
0.665939 1.0672
0.682529 0.947845
0.699352 1.04825
0.716393 1.06934
0.733636 1.10027
0.417305 0.471003
0.417831 0.363456
0.419402 0.42368
0.422009 0.361671
0.425631 0.622015
0.430244 0.426268
0.435815 0.524818
0.442309 0.385679
0.449686 0.271854
0.457902 0.41174
0.466914 0.46924
0.476676 0.48644
0.487144 0.70201
0.498272 0.606766
0.510019 0.628722
0.522341 0.549919
0.535199 0.75272
0.548556 0.536086
0.562375 0.807078
0.576625 0.632941
0.591273 0.895494
0.60629 0.753241
0.621651 0.925523
0.63733 0.689448
0.653304 1.14285
0.669552 1.14117
0.686054 0.885375
0.702794 1.34208
0.719753 0.992443
0.736918 1.27833
0.424083 0.418347
0.4246 0.334069
0.426146 0.480121
0.428712 0.367795
0.432278 0.29238
0.436821 0.39166
0.442309 0.449971
0.448709 0.333844
0.455982 0.524039
0.464087 0.369324
0.472981 0.587695
0.482621 0.427112
0.492962 0.432425
0.503962 0.578573
0.515579 0.526519
0.527771 0.49435
0.5405 0.743607
0.553729 0.928849
0.567423 0.733139
0.581548 0.716744
0.596075 1.0809
0.610975 0.866884
0.626221 0.9102
0.641788 0.869859
0.657653 0.939395
0.673797 1.19247
0.690198 0.608851
0.706839 0.856014
0.723704 1.32441
0.740777 1.41085
0.431771 0.410915
0.432278 0.34331
0.433798 0.359041
0.436318 0.32044
0.439823 0.296767
0.444288 0.320502
0.449686 0.455787
0.455982 0.352335
0.463141 0.409405
0.471123 0.484569
0.479886 0.363016
0.48939 0.385962
0.499591 0.44648
0.510448 0.483875
0.521921 0.582262
0.533968 0.707947
0.546553 0.586292
0.559639 0.71956
0.573191 0.487185
0.587178 0.808089
0.601569 0.572155
0.616336 1.01203
0.631452 0.879114
0.646894 1.14873
0.662637 0.914978
0.678662 0.954055
0.694948 1.39673
0.711478 0.685393
0.728235 0.855637
0.745204 1.46791
0.440321 0.606381
0.440819 0.438423
0.442309 0.430029
0.444782 0.415069
0.44822 0.369147
0.452603 0.289345
0.457902 0.231282
0.464087 0.401472
0.471123 0.54725
0.478971 0.430226
0.487594 0.601416
0.49695 0.545799
0.506999 0.575953
0.517701 0.604285
0.529016 0.761628
0.540906 0.538365
0.553333 0.767074
0.566262 0.840195
0.57966 0.731176
0.593494 1.00681
0.607736 0.89578
0.622356 0.831525
0.63733 0.826279
0.652632 0.892388
0.66824 1.33831
0.684133 0.922655
0.700293 0.973131
0.716699 1.28868
0.733337 0.848958
0.750191 1.39241
0.449686 0.393134
0.450173 0.351998
0.451632 0.380097
0.454054 0.472622
0.457423 0.545364
0.461718 0.605242
0.466914 0.534327
0.472981 0.368907
0.479886 0.555157
0.487594 0.533044
0.496067 0.472212
0.505266 0.467292
0.515153 0.866572
0.525689 0.849419
0.536836 0.484532
0.548556 0.687255
0.560813 0.769336
0.573574 0.590817
0.586805 0.853747
0.600474 0.575787
0.614554 0.776501
0.629016 0.824388
0.643835 0.814272
0.658986 1.03296
0.674447 1.0266
0.690198 0.697989
0.706218 0.890501
0.72249 1.26318
0.738998 1.02373
0.755726 1.19174
0.459814 0.331787
0.460291 0.490099
0.461718 0.341268
0.464087 0.491034
0.467383 0.405828
0.471588 0.409312
0.476676 0.545985
0.482621 0.399011
0.48939 0.398652
0.49695 0.484775
0.505266 0.502379
0.514301 0.576542
0.524017 0.489674
0.534379 0.688323
0.545348 0.557964
0.556889 0.391774
0.568967 0.689675
0.581548 0.598696
0.594602 0.723618
0.608096 0.875933
0.622004 0.908886
0.636296 0.958268
0.650949 1.30068
0.665939 1.20634
0.681242 1.20605
0.696839 0.966782
0.71271 0.974825
0.728837 1.1506
0.745204 1.04785
0.761796 1.03319
0.470657 0.32958
0.471123 0.362021
0.472517 0.686393
0.474832 0.408919
0.478055 0.478223
0.482166 0.505037
0.487144 0.584763
0.492962 0.456889
0.499591 0.522151
0.506999 0.518526
0.515153 0.533378
0.524017 0.529354
0.533557 0.586986
0.543737 0.545669
0.554521 0.986027
0.565874 0.645014
0.577765 0.987134
0.590159 0.888894
0.603026 0.678226
0.616336 0.789611
0.630061 0.965799
0.644175 1.27049
0.658653 0.925854
0.673471 1.13315
0.688607 0.854281
0.704041 1.04388
0.719753 1.13256
0.735726 1.06894
0.751943 0.826954
0.768389 1.14796
0.482166 0.477968
0.482621 0.451294
0.483982 0.611067
0.486243 0.491694
0.48939 0.367255
0.493407 0.442807
0.498272 0.436362
0.503962 0.686066
0.510448 0.402987
0.517701 0.396884
0.525689 0.796282
0.534379 0.571577
0.543737 0.505875
0.553729 0.590801
0.564322 0.667687
0.575482 0.910015
0.587178 0.800643
0.599378 0.677734
0.612051 0.96488
0.625169 0.699872
0.638705 0.957863
0.652632 0.872535
0.666926 1.01354
0.681564 1.00329
0.696524 1.14995
0.711786 1.11026
0.727331 1.46124
0.743141 1.04911
0.7592 1.01788
0.775492 1.3527
0.494295 0.445627
0.494739 0.45396
0.496067 0.525042
0.498272 0.594537
0.501344 0.600376
0.505266 0.638005
0.510019 0.619376
0.515579 0.571625
0.521921 0.606484
0.529016 0.499959
0.536836 0.594257
0.545348 0.807505
0.554521 0.627231
0.564322 0.618849
0.57472 0.674219
0.585682 0.57229
0.597178 1.05395
0.609177 0.928252
0.621651 0.768905
0.634571 0.923712
0.64791 1.18068
0.661643 1.00017
0.675747 1.26886
0.690198 0.870631
0.704975 1.38224
0.720058 0.799509
0.735428 0.858262
0.751068 0.916768
0.766961 1.4258
0.783091 1.16735
0.506999 0.347014
0.507432 0.543775
0.508727 0.716831
0.510878 0.368299
0.513874 0.474635
0.517701 0.521423
0.522341 0.592627
0.527771 0.575538
0.533968 0.621697
0.540906 0.630793
0.548556 0.496963
0.556889 0.516909
0.565874 0.471979
0.575482 0.985024
0.585682 0.965695
0.596443 0.641986
0.607736 0.705788
0.61953 1.00562
0.6318 0.786619
0.644516 0.796467
0.657653 0.832803
0.671187 0.836158
0.685095 1.2663
0.699352 1.0719
0.71394 1.19158
0.728837 0.854663
0.744026 1.54167
0.759489 1.2266
0.775209 1.72678
0.791171 1.1186
0.520237 0.813089
0.520658 0.503796
0.521921 0.559734
0.524017 0.502823
0.526939 0.528898
0.530672 0.667546
0.535199 0.570367
0.5405 0.553485
0.546553 0.623509
0.553333 0.895821
0.560813 0.525068
0.568967 0.968551
0.577765 0.441403
0.587178 0.881098
0.597178 0.702602
0.607736 0.977473
0.618822 0.791092
0.630409 1.09632
0.642471 0.834655
0.65498 1.03157
0.667912 0.99572
0.681242 1.05735
0.694948 1.14161
0.709008 1.0422
0.723401 0.89003
0.738107 1.31753
0.753109 1.22867
0.768389 0.934733
0.783931 1.17451
0.799719 0.944891
0.533968 0.606282
0.534379 0.539169
0.535609 0.572067
0.537652 0.440136
0.5405 0.617995
0.54414 0.552684
0.548556 0.805067
0.553729 0.51989
0.559639 0.42763
0.566262 0.626665
0.573574 0.651489
0.581548 0.492259
0.590159 0.829931
0.599378 0.722294
0.609177 0.870248
0.61953 1.19733
0.630409 0.835766
0.641788 0.917812
0.653639 0.918891
0.665939 0.990344
0.678662 0.838866
0.691785 0.968238
0.705286 1.03366
0.719143 1.07268
0.733337 1.05542
0.747849 1.08422
0.762659 1.01026
0.777751 1.20561
0.79311 1.08963
0.808719 1.24992
0.548156 0.546151
0.548556 0.770191
0.549754 0.895467
0.551745 0.490951
0.554521 0.749109
0.558069 1.14171
0.562375 0.72485
0.567423 0.761342
0.573191 0.763366
0.57966 0.715353
0.586805 0.681902
0.594602 0.733638
0.603026 0.727764
0.612051 0.931253
0.621651 0.889411
0.6318 0.80964
0.642471 0.742955
0.653639 1.20065
0.66528 1.00599
0.677368 1.07226
0.68988 1.14678
0.702794 1.15272
0.716087 1.2986
0.72974 1.29378
0.743731 1.37554
0.758044 1.04916
0.772659 1.06165
0.787559 1.04471
0.80273 1.39254
0.818156 1.40339
0.562765 0.5205
0.563155 0.999852
0.564322 0.569463
0.566262 0.608725
0.568967 0.650264
0.572425 0.864939
0.576625 0.645341
0.581548 0.495385
0.587178 0.769742
0.593494 0.739248
0.600474 0.622737
0.608096 0.53522
0.616336 0.877879
0.625169 0.753519
0.634571 0.778355
0.644516 1.32325
0.65498 0.805992
0.665939 1.39096
0.677368 0.927219
0.689244 1.29032
0.701544 1.41666
0.714247 1.03056
0.727331 1.43498
0.740777 1.19257
0.754564 1.22842
0.768674 1.29104
0.783091 1.00666
0.797797 0.951348
0.812776 1.00675
0.828015 1.29973
0.577765 0.525772
0.578144 0.507301
0.579281 0.70909
0.581171 0.57669
0.583807 0.541408
0.587178 0.880728
0.591273 0.804809
0.596075 0.848308
0.601569 1.0223
0.607736 1.07115
0.614554 0.945147
0.622004 0.65058
0.630061 0.763842
0.638705 0.750488
0.64791 1.03276
0.657653 1.05764
0.667912 1.04072
0.678662 0.97637
0.68988 1.01124
0.701544 1.02619
0.713633 1.09437
0.726124 1.38029
0.738998 1.20543
0.752235 0.667951
0.765816 1.0673
0.779723 1.20621
0.793939 1.52291
0.808447 0.855002
0.823233 1.06618
0.838281 1.26603
0.593124 0.876917
0.593494 0.748722
0.594602 0.60681
0.596443 0.725685
0.599012 1.01868
0.602298 0.798942
0.60629 0.717403
0.610975 0.806479
0.616336 0.73873
0.622356 0.637565
0.629016 1.00078
0.636296 0.907256
0.644175 0.817565
0.652632 1.11917
0.661643 0.920413
0.671187 1.17452
0.681242 0.987563
0.691785 1.81031
0.702794 0.848416
0.714247 1.12589
0.726124 0.815642
0.738404 0.972302
0.751068 1.15391
0.764095 1.26233
0.777469 0.948804
0.791171 1.15278
0.805185 1.21185
0.819495 1.22878
0.834085 0.989904
0.848941 0.888157
0.608817 0.671467
0.609177 0.664059
0.610257 0.779556
0.612051 0.994358
0.614554 1.15475
0.617758 0.888214
0.621651 0.878889
0.626221 0.842941
0.631452 1.07965
0.63733 0.965079
0.643835 0.769299
0.650949 0.923912
0.658653 0.959168
0.666926 1.01124
0.675747 0.677158
0.685095 0.920357
0.694948 1.09437
0.705286 1.29065
0.716087 0.909421
0.727331 1.08035
0.738998 1.30032
0.751068 0.966924
0.763521 0.795858
0.77634 1.05447
0.789506 1.36417
0.803003 1.24271
0.816814 1.56232
0.830923 1.18226
0.845316 1.33924
0.859978 1.31284
0.624818 0.939491
0.625169 0.875421
0.626221 0.992106
0.627969 1.02168
0.630409 0.951756
0.633533 0.972088
0.63733 0.696725
0.641788 1.09421
0.646894 0.667248
0.652632 0.972062
0.658986 1.06539
0.665939 0.923201
0.673471 1.23804
0.681564 1.05108
0.690198 0.945815
0.699352 1.02646
0.709008 1.06535
0.719143 1.06671
0.72974 0.924207
0.740777 1.29327
0.752235 1.05319
0.764095 1.3266
0.77634 1.40322
0.788951 1.08565
0.80191 1.24086
0.815201 0.872656
0.828809 1.13133
0.842718 1.37787
0.856912 0.929094
0.871379 1.4958
0.641104 0.99917
0.641446 0.54834
0.642471 1.21544
0.644175 0.924252
0.646554 0.891145
0.6496 0.88341
0.653304 0.831046
0.657653 0.705972
0.662637 0.788962
0.66824 1.08857
0.674447 0.687639
0.681242 0.965452
0.688607 0.739294
0.696524 1.18392
0.704975 0.911226
0.71394 1.33439
0.723401 1.19514
0.733337 1.18485
0.743731 1.1486
0.754564 1.01033
0.765816 1.00985
0.777469 1.5672
0.789506 1.3729
0.80191 1.50113
0.814663 1.24383
0.82775 1.51733
0.841155 1.55704
0.854862 1.17149
0.868858 1.12321
0.88313 0.867072
0.657653 0.991183
0.657987 0.944697
0.658986 0.901893
0.660648 0.879134
0.662968 0.949165
0.665939 1.08395
0.669552 0.974036
0.673797 0.873156
0.678662 1.14118
0.684133 0.970252
0.690198 1.28032
0.696839 1.25721
0.704041 0.948819
0.711786 0.971315
0.720058 0.994857
0.728837 1.08962
0.738107 1.56747
0.747849 1.09135
0.758044 0.880631
0.768674 1.32657
0.779723 1.50067
0.791171 0.873862
0.803003 0.837131
0.815201 1.5619
0.82775 0.728201
0.840633 1.4061
0.853835 1.14694
0.867343 1.12696
0.881141 1.45105
0.895216 1.16513
0.674447 0.869767
0.674772 0.77476
0.675747 1.23671
0.677368 1.47137
0.67963 1.32082
0.682529 1.09583
0.686054 0.811236
0.690198 0.943918
0.694948 0.694764
0.700293 0.996936
0.706218 0.902556
0.71271 0.941438
0.719753 1.0322
0.727331 1.58271
0.735428 1.02578
0.744026 1.23701
0.753109 1.07609
0.762659 1.13113
0.772659 1.43757
0.783091 1.16422
0.793939 0.967599
0.805185 0.892158
0.816814 1.33683
0.828809 1.29465
0.841155 1.04391
0.853835 1.41964
0.866837 1.03407
0.880144 1.36911
0.893745 1.19629
0.907625 0.988821
0.691468 1.21086
0.691785 1.41412
0.692735 0.76572
0.694316 1.30243
0.696524 1.10695
0.699352 0.989534
0.702794 1.42304
0.706839 0.973363
0.711478 0.764776
0.716699 1.21391
0.72249 0.941321
0.728837 1.0109
0.735726 1.17582
0.743141 0.993897
0.751068 1.29081
0.759489 1.13005
0.768389 1.19908
0.777751 1.30089
0.787559 1.31284
0.797797 1.27997
0.808447 1.07435
0.819495 1.2729
0.830923 1.13898
0.842718 1.50323
0.854862 1.29364
0.867343 1.28897
0.880144 1.69821
0.893254 1.08916
0.906658 1.53371
0.920343 1.35767
0.708698 0.850945
0.709008 0.925953
0.709935 1.20637
0.711478 1.20046
0.713633 1.41212
0.716393 1.58115
0.719753 1.11668
0.723704 1.08596
0.728235 1.07984
0.733337 1.08891
0.738998 1.45139
0.745204 1.38241
0.751943 1.13465
0.7592 1.18874
0.766961 1.33879
0.775209 1.29345
0.783931 0.992934
0.79311 1.08877
0.80273 1.08332
0.812776 1.35997
0.823233 1.11664
0.834085 0.971295
0.845316 1.39145
0.856912 0.917389
0.868858 1.41137
0.881141 1.36553
0.893745 1.22665
0.906658 1.11586
0.919866 0.80534
0.933358 1.30302
0.726124 1.40733
0.726426 0.984836
0.727331 1.37945
0.728837 1.14884
0.730941 1.106
0.733636 1.26069
0.736918 1.33703
0.740777 1.15948
0.745204 0.941377
0.750191 1.3262
0.755726 1.02625
0.761796 0.901098
0.768389 0.862079
0.775492 1.62119
0.783091 1.59599
0.791171 1.04667
0.799719 1.20208
0.808719 1.34465
0.818156 1.29379
0.828015 1.12601
0.838281 1.18901
0.848941 1.07489
0.859978 0.978417
0.871379 1.30892
0.88313 1.21076
0.895216 1.02255
0.907625 1.12172
0.920343 1.16779
0.933358 1.00362
0.946657 0.941698
0.418879 0.507033
0.419402 0.384991
0.420968 0.384555
0.423565 0.464478
0.427174 0.350411
0.431771 0.408286
0.437323 0.434872
0.443794 0.267389
0.451147 0.360974
0.459337 0.514746
0.468321 0.45145
0.478055 0.464637
0.488493 0.517927
0.499591 0.638854
0.511307 0.668915
0.523599 0.739881
0.536427 0.587406
0.549754 0.777647
0.563544 0.617072
0.577765 1.00174
0.592384 0.601283
0.607375 0.54069
0.622708 0.860828
0.638361 0.847419
0.65431 0.900755
0.670534 0.587584
0.687013 0.933041
0.703729 1.1359
0.720667 1.44769
0.73781 0.914467
0.419402 0.291084
0.419925 0.445075
0.421489 0.304101
0.424083 0.516017
0.427688 0.378106
0.432278 0.348612
0.437824 0.421469
0.444288 0.399867
0.451632 0.480535
0.459814 0.449571
0.468789 0.499271
0.478513 0.396401
0.488941 0.35081
0.50003 0.52985
0.511736 0.62434
0.524017 0.551046
0.536836 0.375823
0.550153 0.679642
0.563933 0.71728
0.578144 0.742688
0.592755 0.879383
0.607736 0.878899
0.623061 0.880404
0.638705 0.832441
0.654645 0.78981
0.670861 1.17936
0.687332 1.07432
0.704041 0.792545
0.720971 1.24947
0.738107 1.01688
0.420968 0.487771
0.421489 0.385238
0.423047 0.401136
0.425631 0.331954
0.429223 0.343806
0.433798 0.373809
0.439324 0.380163
0.445767 0.398632
0.453087 0.43011
0.461243 0.545847
0.470191 0.426552
0.479886 0.572194
0.490285 0.502344
0.501344 0.445836
0.51302 0.644793
0.525272 0.721431
0.53806 0.663811
0.551347 0.487287
0.565099 0.60151
0.579281 0.599981
0.593864 0.832916
0.608817 0.623127
0.624116 0.758603
0.639734 0.814386
0.655649 0.914304
0.671841 0.96139
0.688288 0.981836
0.704975 1.05304
0.721883 1.1653
0.738998 1.53175
0.423565 0.341119
0.424083 0.494465
0.425631 0.273607
0.4282 0.478873
0.431771 0.305857
0.436318 0.456869
0.441813 0.37323
0.44822 0.354103
0.455501 0.509955
0.463614 0.312282
0.472517 0.551519
0.482166 0.400168
0.492517 0.495665
0.503527 0.571423
0.515153 0.428343
0.527355 0.610645
0.540094 0.516824
0.553333 0.723494
0.567036 0.644681
0.581171 0.886407
0.595707 0.665937
0.610616 0.917502
0.62587 1.05886
0.641446 0.978982
0.65732 1.21963
0.673471 0.682477
0.68988 1.14712
0.706529 1.16182
0.723401 0.848773
0.74048 1.22214
0.427174 0.309398
0.427688 0.433803
0.429223 0.430905
0.431771 0.547261
0.435312 0.360043
0.439823 0.281095
0.445275 0.576423
0.451632 0.412408
0.458859 0.481912
0.466914 0.436214
0.475755 0.615306
0.48534 0.686933
0.495624 0.523191
0.506567 0.56005
0.518125 0.63419
0.530258 0.540216
0.542929 0.577166
0.5561 0.556989
0.569737 0.585042
0.583807 0.837904
0.598279 0.717702
0.613125 0.877585
0.628319 0.873954
0.643835 1.03139
0.659651 0.818974
0.675747 0.882996
0.692102 0.943859
0.708698 1.26913
0.72552 1.09533
0.742551 1.1651
0.431771 0.486707
0.432278 0.379472
0.433798 0.429845
0.436318 0.339881
0.439823 0.426804
0.444288 0.369467
0.449686 0.409156
0.455982 0.368581
0.463141 0.523142
0.471123 0.447554
0.479886 0.521834
0.48939 0.397786
0.499591 0.390626
0.510448 0.470733
0.521921 0.616302
0.533968 0.546953
0.546553 0.644128
0.559639 0.848585
0.573191 0.710197
0.587178 0.822233
0.601569 0.871727
0.616336 0.750118
0.631452 0.845082
0.646894 0.874534
0.662637 1.06502
0.678662 0.888124
0.694948 0.914675
0.711478 1.08816
0.728235 1.39864
0.745204 1.34954
0.437323 0.382268
0.437824 0.365951
0.439324 0.355559
0.441813 0.414602
0.445275 0.549385
0.449686 0.484809
0.455019 0.659399
0.461243 0.689104
0.468321 0.444064
0.476216 0.60765
0.484888 0.376093
0.494295 0.495439
0.504397 0.529953
0.515153 0.748428
0.526523 0.544158
0.538467 0.580411
0.550949 0.73016
0.563933 0.730994
0.577385 0.610543
0.591273 0.989635
0.605566 0.650906
0.620238 0.929252
0.635261 1.18217
0.650612 0.944019
0.666268 1.15322
0.682207 1.0819
0.698411 1.44605
0.714861 0.810661
0.731541 0.957841
0.748435 1.06428
0.443794 0.353502
0.444288 0.438329
0.445767 0.445729
0.44822 0.335102
0.451632 0.481469
0.455982 0.454479
0.461243 0.375437
0.467383 0.556355
0.47437 0.458001
0.482166 0.488619
0.490732 0.586266
0.50003 0.597854
0.510019 0.564577
0.520658 0.531381
0.53191 0.663212
0.543737 0.612529
0.5561 0.735155
0.568967 0.729435
0.582302 0.955916
0.596075 0.922395
0.610257 0.999261
0.624818 0.736568
0.639734 1.01869
0.65498 0.900778
0.670534 0.737404
0.686374 0.970966
0.702481 0.669065
0.718838 0.94695
0.735428 1.01059
0.752235 1.45472
0.451147 0.504283
0.451632 0.467222
0.453087 0.362209
0.455501 0.386473
0.458859 0.498285
0.463141 0.418554
0.468321 0.34056
0.47437 0.584381
0.481255 0.39506
0.488941 0.537587
0.497391 0.574065
0.506567 0.624054
0.516429 0.686298
0.526939 0.594048
0.53806 0.46305
0.549754 0.808878
0.561985 0.759995
0.57472 0.705284
0.587925 0.649117
0.601569 0.795577
0.615624 0.668888
0.630061 0.825066
0.644856 0.865228
0.659984 0.681552
0.675422 1.44479
0.69115 1.09083
0.707149 1.15187
0.723401 1.10665
0.739888 0.900776
0.756596 1.23701
0.459337 0.332235
0.459814 0.538653
0.461243 0.464729
0.463614 0.356784
0.466914 0.649069
0.471123 0.463152
0.476216 0.565912
0.482166 0.339255
0.488941 0.66718
0.496509 0.474573
0.504832 0.396705
0.513874 0.478654
0.523599 0.6825
0.533968 0.952118
0.544945 0.390598
0.556495 0.810996
0.568581 0.760653
0.581171 0.902615
0.594233 0.835176
0.607736 0.83637
0.621651 0.862394
0.635952 1.11097
0.650612 0.888582
0.665609 1.09263
0.68092 1.10552
0.696524 1.34753
0.712402 0.834365
0.728536 1.22399
0.74491 1.21291
0.761508 1.46191
0.468321 0.497374
0.468789 0.407994
0.470191 0.49663
0.472517 0.567538
0.475755 0.41047
0.479886 0.513016
0.484888 0.322539
0.490732 0.452116
0.497391 0.609995
0.504832 0.619666
0.51302 0.43386
0.521921 0.45798
0.531498 0.598525
0.541716 0.393483
0.552539 0.520547
0.563933 0.686076
0.575863 0.47728
0.588298 0.807389
0.601204 0.827413
0.614554 0.735725
0.628319 0.77823
0.642471 0.805959
0.656986 0.971096
0.671841 0.925574
0.687013 1.10198
0.702481 0.999277
0.718228 1.23286
0.734234 1.45032
0.750483 1.16757
0.766961 0.884584
0.478055 0.537545
0.478513 0.377019
0.479886 0.456418
0.482166 0.386253
0.48534 0.366145
0.48939 0.408198
0.494295 0.547231
0.50003 0.507351
0.506567 0.496424
0.513874 0.727356
0.521921 0.630072
0.530672 0.5397
0.540094 0.44932
0.550153 0.651131
0.560813 0.612123
0.572042 0.708365
0.583807 0.64991
0.596075 0.654097
0.608817 0.761383
0.622004 0.824924
0.635607 0.654911
0.6496 0.757518
0.66396 0.874155
0.678662 1.07497
0.693684 1.07462
0.709008 1.05429
0.724612 1.06882
0.74048 0.918736
0.756596 0.94835
0.772942 1.25457
0.488493 0.396987
0.488941 0.414101
0.490285 0.483364
0.492517 0.419918
0.495624 0.428423
0.499591 0.479846
0.504397 0.523072
0.510019 0.438267
0.516429 0.554473
0.523599 0.604515
0.531498 0.516059
0.540094 0.64153
0.549355 0.527944
0.559247 0.81734
0.569737 0.825782
0.580794 0.801001
0.592384 0.94729
0.604479 0.826699
0.617047 0.775513
0.630061 0.798028
0.643494 1.01076
0.65732 1.00555
0.671514 0.843797
0.686054 0.961787
0.700919 1.55464
0.716087 1.35952
0.731541 0.98873
0.747262 0.944552
0.763234 0.926021
0.779441 1.34876
0.499591 0.548764
0.50003 0.514565
0.501344 0.562384
0.503527 0.422017
0.506567 0.482496
0.510448 0.606698
0.515153 0.726956
0.520658 0.493427
0.526939 0.498397
0.533968 0.636039
0.541716 0.671544
0.550153 0.78885
0.559247 0.820567
0.568967 0.686268
0.579281 0.684891
0.590159 0.768958
0.601569 0.774286
0.613483 1.0119
0.62587 0.973072
0.638705 0.714247
0.651959 0.748992
0.665609 1.16053
0.67963 0.826121
0.694001 0.861334
0.708698 1.33564
0.723704 1.18018
0.738998 0.939386
0.754564 1.00788
0.770384 1.10801
0.786445 1.21715
0.511307 0.569195
0.511736 0.474143
0.51302 0.573943
0.515153 0.46581
0.518125 0.727044
0.521921 0.460992
0.526523 0.533301
0.53191 0.529473
0.53806 0.776139
0.544945 0.594578
0.552539 0.615422
0.560813 0.620814
0.569737 0.775226
0.579281 0.733612
0.589415 0.502633
0.600109 0.659824
0.611334 0.750457
0.623061 0.96279
0.635261 0.821616
0.64791 1.01847
0.66098 1.16898
0.674447 0.669502
0.688288 1.12788
0.702481 0.932517
0.717005 1.67335
0.731841 0.828951
0.746968 1.25377
0.762371 0.69143
0.778033 1.24979
0.793939 1.4341
0.523599 0.588867
0.524017 0.537114
0.525272 0.460908
0.527355 0.48618
0.530258 0.511251
0.533968 0.580981
0.538467 0.610838
0.543737 0.536622
0.549754 0.712926
0.556495 1.03229
0.563933 0.790896
0.572042 0.64571
0.580794 0.794201
0.590159 0.640848
0.600109 0.683261
0.610616 1.06141
0.621651 0.867413
0.633187 0.855464
0.645196 0.854024
0.657653 1.10039
0.670534 0.841475
0.683813 0.95201
0.697468 1.132
0.711478 0.95214
0.725822 1.2731
0.74048 1.35097
0.755435 0.95896
0.770669 0.955973
0.786166 1.4998
0.80191 0.783553
0.536427 0.505623
0.536836 0.519146
0.53806 0.858598
0.540094 0.777536
0.542929 0.824373
0.546553 0.565726
0.550949 0.722806
0.5561 0.906265
0.561985 0.657313
0.568581 0.865611
0.575863 0.4575
0.583807 0.765656
0.592384 0.685748
0.601569 0.998121
0.611334 0.850672
0.621651 1.13
0.632493 0.911943
0.643835 1.17402
0.655649 1.01609
0.667912 1.02233
0.680598 0.865812
0.693684 1.12062
0.707149 0.947253
0.720971 1.23307
0.73513 0.787376
0.749606 1.24762
0.764382 1.34517
0.779441 1.06205
0.794767 1.18489
0.810344 1.29998
0.549754 0.735307
0.550153 0.578993
0.551347 0.587842
0.553333 0.534511
0.5561 0.714657
0.559639 0.843493
0.563933 0.542776
0.568967 0.659541
0.57472 0.674038
0.581171 1.03998
0.588298 0.71649
0.596075 0.96588
0.604479 0.451743
0.613483 0.797966
0.623061 1.28286
0.633187 0.914345
0.643835 0.79269
0.65498 0.797936
0.666597 1.22423
0.678662 1.162
0.69115 1.36906
0.704041 1.04636
0.717311 0.792313
0.730941 0.945093
0.74491 0.938599
0.7592 1.23089
0.773793 1.03171
0.788673 1.53144
0.803822 0.956088
0.819227 1.27906
0.563544 0.601241
0.563933 0.562496
0.565099 0.588264
0.567036 0.704039
0.569737 0.611568
0.573191 0.825192
0.577385 0.90374
0.582302 0.742564
0.587925 0.557939
0.594233 0.632847
0.601204 0.824134
0.608817 0.704127
0.617047 0.750274
0.62587 0.717399
0.635261 1.01581
0.645196 0.882914
0.655649 0.710881
0.666597 0.936632
0.678015 0.665059
0.68988 1.1631
0.702169 1.31605
0.714861 1.10623
0.727934 1.18916
0.741369 1.43798
0.755145 1.02016
0.769245 1.14269
0.783651 0.915338
0.798346 1.15482
0.813316 0.93853
0.828544 1.1483
0.577765 0.902564
0.578144 0.73871
0.579281 0.474273
0.581171 0.67064
0.583807 1.04586
0.587178 0.642374
0.591273 0.895545
0.596075 0.527844
0.601569 0.801986
0.607736 0.561766
0.614554 0.892337
0.622004 0.997216
0.630061 1.00321
0.638705 0.824429
0.64791 0.92424
0.657653 1.17798
0.667912 0.973685
0.678662 1.19753
0.68988 1.16557
0.701544 0.822207
0.713633 1.24123
0.726124 1.19572
0.738998 0.979661
0.752235 1.2014
0.765816 1.16253
0.779723 1.4655
0.793939 0.935462
0.808447 1.60052
0.823233 1.34424
0.838281 1.22757
0.592384 0.552601
0.592755 0.894037
0.593864 0.650393
0.595707 0.596167
0.598279 0.799019
0.601569 0.920756
0.605566 1.02229
0.610257 0.460375
0.615624 0.799981
0.621651 0.605791
0.628319 0.702095
0.635607 1.44611
0.643494 1.38932
0.651959 0.79573
0.66098 1.01971
0.670534 0.919001
0.680598 1.16325
0.69115 0.995456
0.702169 1.27284
0.713633 1.04689
0.72552 1.08753
0.73781 1.36732
0.750483 1.02482
0.763521 1.14514
0.776905 1.0997
0.790617 1.13454
0.80464 1.28669
0.818959 0.980606
0.833559 1.07391
0.848424 0.952375
0.607375 0.950019
0.607736 0.783407
0.608817 0.834616
0.610616 0.746567
0.613125 0.738656
0.616336 0.902608
0.620238 1.03016
0.624818 1.2286
0.630061 1.14859
0.635952 1.00723
0.642471 1.10822
0.6496 1.00046
0.65732 0.71551
0.665609 0.776739
0.674447 1.0284
0.683813 1.08712
0.693684 0.849089
0.704041 0.855484
0.714861 1.01855
0.726124 0.980536
0.73781 1.31633
0.749899 1.32803
0.762371 0.971252
0.775209 1.35864
0.788394 0.901596
0.80191 1.12733
0.815739 1.60329
0.829867 1.33031
0.844278 0.90042
0.858957 1.07604
0.622708 0.85094
0.623061 0.633292
0.624116 0.856941
0.62587 0.894869
0.628319 0.920086
0.631452 0.843759
0.635261 0.784317
0.639734 1.25248
0.644856 1.04065
0.650612 1.21087
0.656986 0.868851
0.66396 1.11596
0.671514 1.2253
0.67963 0.99485
0.688288 1.1461
0.697468 0.928441
0.707149 0.911462
0.717311 1.18706
0.727934 1.374
0.738998 1.25748
0.750483 1.06403
0.762371 0.933516
0.774643 1.05327
0.787281 1.18923
0.800267 0.937728
0.813586 1.2986
0.82722 1.20084
0.841155 0.925993
0.855375 1.09282
0.869868 1.67418
0.638361 0.746823
0.638705 0.833775
0.639734 0.966708
0.641446 0.900757
0.643835 0.873262
0.646894 1.25422
0.650612 0.766052
0.65498 1.10785
0.659984 0.942477
0.665609 1.11212
0.671841 0.672309
0.678662 1.37714
0.686054 0.776129
0.694001 0.978882
0.702481 1.01204
0.711478 1.1219
0.720971 0.918193
0.730941 1.17385
0.741369 1.24137
0.752235 1.30019
0.763521 1.5146
0.775209 1.22153
0.787281 1.30941
0.799719 1.13768
0.812507 1.27768
0.825627 1.19042
0.839066 1.3983
0.852807 1.34671
0.866837 0.958726
0.881141 1.10742
0.65431 1.13437
0.654645 1.01885
0.655649 1.15897
0.65732 1.11698
0.659651 1.22564
0.662637 0.695611
0.666268 0.839718
0.670534 0.952726
0.675422 0.880699
0.68092 1.16725
0.687013 0.918365
0.693684 0.941902
0.700919 1.03668
0.708698 1.02201
0.717005 0.852385
0.725822 1.03008
0.73513 0.918238
0.74491 1.31267
0.755145 0.966568
0.765816 1.04267
0.776905 1.28045
0.788394 1.17645
0.800267 1.34234
0.812507 1.11139
0.825096 1.18242
0.83802 1.02926
0.851263 1.06488
0.86481 1.12687
0.878648 1.17995
0.892763 1.42744
0.670534 0.869926
0.670861 1.00029
0.671841 1.09403
0.673471 0.828323
0.675747 0.903022
0.678662 0.901588
0.682207 1.06275
0.686374 1.00507
0.69115 1.25489
0.696524 1.13313
0.702481 1.08198
0.709008 1.08599
0.716087 1.30232
0.723704 1.29159
0.731841 1.25944
0.74048 1.44063
0.749606 1.28507
0.7592 1.42359
0.769245 1.08126
0.779723 1.20239
0.790617 1.08058
0.80191 0.815369
0.813586 0.985425
0.825627 1.32247
0.83802 0.791736
0.850747 1.20603
0.863795 0.921441
0.877149 1.06799
0.890795 1.22919
0.904721 1.14564
0.687013 1.24009
0.687332 1.09092
0.688288 1.2928
0.68988 0.921232
0.692102 1.13833
0.694948 0.835482
0.698411 0.851005
0.702481 0.840926
0.707149 1.1751
0.712402 1.33515
0.718228 0.728384
0.724612 1.031
0.731541 0.943907
0.738998 1.04199
0.746968 1.30067
0.755435 1.41854
0.764382 0.808682
0.773793 1.14494
0.783651 1.21214
0.793939 1.18021
0.80464 1.12799
0.815739 1.49588
0.82722 0.87637
0.839066 1.07326
0.851263 1.13958
0.863795 1.44176
0.876649 1.42261
0.88981 1.12271
0.903265 1.27094
0.917001 1.13562
0.703729 1.13551
0.704041 0.621878
0.704975 0.791439
0.706529 0.99259
0.708698 1.14489
0.711478 1.36847
0.714861 1.00146
0.718838 1.25891
0.723401 1.21743
0.728536 1.39585
0.734234 1.05113
0.74048 0.973157
0.747262 1.52123
0.754564 1.5801
0.762371 1.00023
0.770669 0.639639
0.779441 1.1076
0.788673 1.58089
0.798346 1.33126
0.808447 1.23529
0.818959 1.31124
0.829867 1.29946
0.841155 1.18755
0.852807 0.976795
0.86481 1.34092
0.877149 0.952081
0.88981 1.01326
0.902779 1.21067
0.916044 1.1476
0.929591 1.36041
0.720667 1.23663
0.720971 1.29006
0.721883 0.996851
0.723401 1.15912
0.72552 0.931313
0.728235 1.36542
0.731541 1.18831
0.735428 0.919534
0.739888 0.821667
0.74491 1.72161
0.750483 1.38342
0.756596 1.06644
0.763234 0.775956
0.770384 1.58566
0.778033 1.42853
0.786166 0.973476
0.794767 1.28658
0.803822 1.34425
0.813316 1.45903
0.823233 0.933682
0.833559 1.43926
0.844278 1.46236
0.855375 1.14804
0.866837 1.03537
0.878648 1.40757
0.890795 1.21556
0.903265 1.10581
0.916044 1.01391
0.929119 0.772077
0.942478 1.08183
0.73781 1.26037
0.738107 1.52867
0.738998 1.38646
0.74048 1.06252
0.742551 1.11465
0.745204 1.09312
0.748435 1.1764
0.752235 1.42201
0.756596 1.44965
0.761508 1.43542
0.766961 1.3366
0.772942 0.6784
0.779441 1.45403
0.786445 1.54219
0.793939 1.37754
0.80191 1.13921
0.810344 1.03835
0.819227 0.984521
0.828544 1.3417
0.838281 1.19875
0.848424 1.29572
0.858957 1.2564
0.869868 1.24669
0.881141 1.22829
0.892763 1.08296
0.904721 1.14307
0.917001 1.43363
0.929591 1.10718
0.942478 1.24271
0.95565 1.35368
0.439823 0.348262
0.440321 0.328407
0.441813 0.52609
0.444288 0.322198
0.447731 0.290902
0.452118 0.40145
0.457423 0.42301
0.463614 0.566967
0.470657 0.491924
0.478513 0.427459
0.487144 0.531405
0.496509 0.600701
0.506567 0.698799
0.517277 0.678814
0.528601 0.484252
0.5405 0.789758
0.552936 0.55525
0.565874 0.675435
0.579281 0.912077
0.593124 0.682687
0.607375 1.00481
0.622004 0.645579
0.636985 0.927402
0.652296 0.782972
0.667912 0.62932
0.683813 0.924662
0.699979 1.21132
0.716393 0.825751
0.733038 0.847482
0.749899 1.43713
0.440321 0.324152
0.440819 0.370538
0.442309 0.560356
0.444782 0.515207
0.44822 0.425668
0.452603 0.360122
0.457902 0.387562
0.464087 0.407719
0.471123 0.478413
0.478971 0.319367
0.487594 0.383874
0.49695 0.527809
0.506999 0.525242
0.517701 0.559283
0.529016 0.651239
0.540906 0.697676
0.553333 0.773028
0.566262 0.804445
0.57966 0.787918
0.593494 0.644826
0.607736 0.833315
0.622356 1.02971
0.63733 1.02584
0.652632 1.05971
0.66824 1.02235
0.684133 0.799941
0.700293 1.32359
0.716699 1.229
0.733337 0.911858
0.750191 1.25252
0.441813 0.448677
0.442309 0.371735
0.443794 0.469211
0.446259 0.424284
0.449686 0.313386
0.454054 0.452311
0.459337 0.470871
0.465503 0.32985
0.472517 0.573358
0.480343 0.488507
0.488941 0.470665
0.498272 0.526571
0.508295 0.574483
0.518971 0.471983
0.530258 0.59716
0.542121 0.74819
0.554521 0.660011
0.567423 0.767449
0.580794 0.599637
0.594602 0.71949
0.608817 0.939057
0.623412 0.74952
0.638361 1.0422
0.653639 0.723262
0.669224 1.04838
0.685095 0.999812
0.701232 0.894821
0.717617 0.845478
0.734234 1.455
0.751068 0.967036
0.444288 0.48738
0.444782 0.480553
0.446259 0.671067
0.448709 0.432767
0.452118 0.478566
0.456463 0.418158
0.461718 0.499158
0.467852 0.448062
0.474832 0.31451
0.482621 0.417655
0.491179 0.693979
0.500468 0.457374
0.510448 0.375487
0.521079 0.716318
0.532323 0.412532
0.54414 0.600951
0.556495 0.475429
0.569352 0.659455
0.582679 0.805436
0.596443 0.951838
0.610616 0.722873
0.625169 0.861563
0.640077 1.00432
0.655315 1.15299
0.670861 0.890062
0.686693 1.10959
0.702794 1.08739
0.719143 0.770314
0.735726 0.95785
0.752526 0.825091
0.447731 0.424767
0.44822 0.528198
0.449686 0.365447
0.452118 0.386869
0.455501 0.415196
0.459814 0.322915
0.465031 0.368387
0.471123 0.47296
0.478055 0.551449
0.485791 0.591118
0.494295 0.575934
0.503527 0.362785
0.513447 0.93381
0.524017 0.511316
0.535199 0.540599
0.546954 0.39938
0.559247 0.748158
0.572042 0.637932
0.585308 0.784336
0.599012 0.858891
0.613125 1.0331
0.62762 0.896568
0.642471 0.995738
0.657653 1.10473
0.673145 1.04897
0.688925 1.03566
0.704975 1.11295
0.721275 1.03152
0.73781 1.07794
0.754564 1.30499
0.452118 0.431717
0.452603 0.528784
0.454054 0.303324
0.456463 0.377199
0.459814 0.393402
0.464087 0.399026
0.469257 0.448111
0.475294 0.389578
0.482166 0.372723
0.489838 0.410566
0.498272 0.557042
0.507432 0.417595
0.517277 0.482588
0.527771 0.504317
0.538874 0.647572
0.550551 0.542752
0.562765 0.669368
0.575482 0.728844
0.58867 0.608777
0.602298 0.666136
0.616336 0.645512
0.630757 0.824174
0.645536 0.891677
0.660648 1.41818
0.676071 1.01063
0.691785 1.02014
0.707769 0.975307
0.724007 0.66781
0.74048 0.847723
0.757175 0.96268
0.457423 0.409977
0.457902 0.404778
0.459337 0.361121
0.461718 0.378643
0.465031 0.382431
0.469257 0.332156
0.47437 0.453135
0.480343 0.420225
0.487144 0.631091
0.494739 0.569472
0.503091 0.343486
0.512164 0.565623
0.521921 0.645058
0.532323 0.663372
0.543333 0.627678
0.554916 0.646067
0.567036 0.540626
0.57966 0.570239
0.592755 0.915686
0.60629 0.940768
0.620238 0.924168
0.634571 0.682611
0.649262 1.02787
0.66429 0.82662
0.67963 1.17595
0.695263 0.689994
0.71117 1.21571
0.727331 1.07973
0.743731 1.02726
0.760355 1.13
0.463614 0.438012
0.464087 0.392762
0.465503 0.504322
0.467852 0.55784
0.471123 0.519977
0.475294 0.52385
0.480343 0.563381
0.486243 0.645444
0.492962 0.475803
0.500468 0.504556
0.508727 0.465571
0.517701 0.656867
0.527355 0.648349
0.537652 0.594835
0.548556 0.533224
0.56003 0.624326
0.572042 0.636186
0.584558 0.876879
0.597545 1.10448
0.610975 0.645502
0.624818 0.763955
0.639048 0.946661
0.653639 0.803816
0.668568 1.0135
0.683813 1.16179
0.699352 0.744049
0.715168 1.25156
0.731241 1.10448
0.747555 1.23369
0.764095 0.842758
0.470657 0.288507
0.471123 0.453439
0.472517 0.420342
0.474832 0.360058
0.478055 0.437849
0.482166 0.507957
0.487144 0.404994
0.492962 0.474555
0.499591 0.464788
0.506999 0.396674
0.515153 0.546546
0.524017 0.548387
0.533557 0.592199
0.543737 0.64744
0.554521 0.575485
0.565874 0.613342
0.577765 0.755191
0.590159 0.615428
0.603026 0.707377
0.616336 0.716415
0.630061 1.10245
0.644175 0.653106
0.658653 0.699515
0.673471 1.20544
0.688607 1.44487
0.704041 1.2899
0.719753 1.49173
0.735726 1.44108
0.751943 1.31039
0.768389 1.17616
0.478513 0.510082
0.478971 0.37818
0.480343 0.258446
0.482621 0.618825
0.485791 0.572638
0.489838 0.483581
0.494739 0.402152
0.500468 0.449675
0.506999 0.783974
0.514301 0.488652
0.522341 0.578129
0.531085 0.540317
0.5405 0.772704
0.550551 0.609812
0.561204 0.533372
0.572425 0.449251
0.584182 0.61264
0.596443 0.766981
0.609177 0.759405
0.622356 0.786762
0.635952 1.20655
0.649938 0.767662
0.66429 1.08985
0.678985 1.19532
0.694001 1.15326
0.709317 1.35029
0.724915 1.007
0.740777 1.14511
0.756886 1.08838
0.773226 0.900274
0.487144 0.322659
0.487594 0.432587
0.488941 0.365909
0.491179 0.520545
0.494295 0.499797
0.498272 0.69527
0.503091 0.546238
0.508727 0.425003
0.515153 0.554354
0.522341 0.520308
0.530258 0.396611
0.538874 0.62328
0.548156 0.493514
0.558069 0.997154
0.568581 0.898276
0.57966 0.763783
0.591273 0.783981
0.603389 0.957816
0.61598 0.919697
0.629016 1.04404
0.642471 1.05813
0.656318 0.865733
0.670534 0.770345
0.685095 0.831448
0.699979 0.753544
0.715168 1.22309
0.730641 0.807484
0.746381 1.03407
0.762371 1.00599
0.778597 1.01023
0.496509 0.527448
0.49695 0.524941
0.498272 0.498815
0.500468 0.462882
0.503527 0.463716
0.507432 0.654413
0.512164 0.718832
0.517701 0.637501
0.524017 0.451375
0.531085 0.571816
0.538874 0.569037
0.547355 0.782689
0.556495 0.666627
0.566262 0.99487
0.576625 0.811744
0.587552 0.609787
0.599012 0.724458
0.610975 0.651952
0.623412 0.79097
0.636296 0.695077
0.6496 0.973593
0.663299 0.777924
0.677368 0.847449
0.691785 1.19774
0.706529 1.17544
0.721579 1.49551
0.736918 1.25212
0.752526 0.817932
0.768389 1.60537
0.78449 0.926111
0.506567 0.454884
0.506999 0.507251
0.508295 0.493807
0.510448 0.421763
0.513447 0.705864
0.517277 0.499244
0.521921 0.535834
0.527355 0.585204
0.533557 0.679791
0.5405 0.562155
0.548156 0.653911
0.556495 0.42443
0.565487 0.584546
0.575101 0.538695
0.585308 0.853362
0.596075 0.721806
0.607375 0.752872
0.619176 0.765933
0.631452 0.565165
0.644175 0.849337
0.65732 0.768562
0.670861 1.17493
0.684774 0.745516
0.699039 0.720085
0.713633 1.42375
0.728536 0.833937
0.743731 1.00411
0.7592 0.908358
0.774926 1.3803
0.790894 0.957076
0.517277 0.602226
0.517701 0.525917
0.518971 0.57209
0.521079 0.454925
0.524017 0.622462
0.527771 0.769407
0.532323 0.657528
0.537652 0.485335
0.543737 0.757005
0.550551 0.572348
0.558069 0.654418
0.566262 0.574632
0.575101 0.685291
0.584558 0.641263
0.594602 0.514385
0.605204 0.803249
0.616336 1.12364
0.627969 0.711729
0.640077 1.11431
0.652632 1.15086
0.665609 0.85231
0.678985 0.788085
0.692735 0.884856
0.706839 1.09277
0.721275 1.01337
0.736024 1.45236
0.751068 0.755826
0.766388 0.995243
0.78197 1.30413
0.797797 1.27837
0.528601 0.612192
0.529016 0.340423
0.530258 0.436122
0.532323 0.59127
0.535199 0.604641
0.538874 0.80779
0.543333 0.546293
0.548556 0.569837
0.554521 0.688394
0.561204 0.731175
0.568581 0.625502
0.576625 0.83308
0.585308 0.967444
0.594602 0.823822
0.604479 0.849659
0.614911 0.974663
0.62587 0.790637
0.63733 0.630386
0.649262 1.05766
0.661643 0.821261
0.674447 0.823786
0.687651 1.30214
0.701232 0.855677
0.715168 1.12597
0.729439 0.950965
0.744026 1.12888
0.758911 1.27381
0.774077 0.990261
0.789506 1.43271
0.805185 1.52418
0.5405 0.623267
0.540906 0.736829
0.542121 0.603981
0.54414 0.616978
0.546954 0.642131
0.550551 0.636519
0.554916 0.512284
0.56003 0.477201
0.565874 0.525794
0.572425 0.781632
0.57966 0.770902
0.587552 0.658416
0.596075 0.711358
0.605204 0.808546
0.614911 0.789916
0.625169 0.84032
0.635952 0.889939
0.647232 0.656523
0.658986 0.799289
0.671187 0.954074
0.683813 1.02019
0.696839 1.04948
0.710244 0.990187
0.724007 1.07593
0.738107 1.09114
0.752526 1.20347
0.767246 1.37107
0.78225 0.918135
0.797522 1.29688
0.813046 0.774038
0.552936 0.722506
0.553333 0.631486
0.554521 0.534364
0.556495 0.854541
0.559247 0.862074
0.562765 0.638326
0.567036 0.697532
0.572042 0.521631
0.577765 0.973561
0.584182 0.705881
0.591273 0.559562
0.599012 0.841483
0.607375 0.642909
0.616336 0.849343
0.62587 0.841579
0.635952 0.779944
0.646554 0.750308
0.657653 0.917087
0.669224 0.811105
0.681242 1.27511
0.693684 0.639608
0.706529 0.894038
0.719753 0.988533
0.733337 0.825466
0.747262 1.5465
0.761508 1.37507
0.776057 0.765742
0.790894 1.22062
0.806002 1.20253
0.821366 1.25585
0.565874 0.68362
0.566262 0.763909
0.567423 0.85152
0.569352 0.467311
0.572042 0.833308
0.575482 0.810536
0.57966 0.686508
0.584558 0.841336
0.590159 0.681091
0.596443 0.771511
0.603389 1.06593
0.610975 0.848684
0.619176 0.583151
0.627969 0.866313
0.63733 0.965046
0.647232 0.72761
0.657653 0.742359
0.668568 0.869945
0.679953 1.38747
0.691785 1.03938
0.704041 0.805309
0.716699 0.826128
0.72974 1.0997
0.743141 1.22742
0.756886 1.13708
0.770954 0.983245
0.785328 1.52756
0.799993 1.29718
0.814932 0.96483
0.830131 1.34547
0.579281 0.696655
0.57966 0.846342
0.580794 0.818201
0.582679 0.720265
0.585308 0.508975
0.58867 0.778294
0.592755 0.584957
0.597545 0.836987
0.603026 0.794433
0.609177 0.692613
0.61598 0.723481
0.623412 0.772037
0.631452 0.98673
0.640077 0.976865
0.649262 0.722531
0.658986 0.983449
0.669224 0.932366
0.679953 1.55984
0.69115 0.95519
0.702794 1.17253
0.714861 1.29813
0.727331 1.3346
0.740184 1.17675
0.7534 1.88437
0.766961 1.10202
0.780847 1.4583
0.795043 1.29397
0.809532 1.24329
0.824298 1.2249
0.839327 0.705803
0.593124 0.781707
0.593494 0.616964
0.594602 0.69661
0.596443 0.817967
0.599012 0.730689
0.602298 0.661037
0.60629 0.787579
0.610975 0.785484
0.616336 0.853637
0.622356 0.778331
0.629016 0.79571
0.636296 1.04668
0.644175 0.839199
0.652632 0.990041
0.661643 1.21499
0.671187 0.740722
0.681242 1.1306
0.691785 1.48643
0.702794 1.18787
0.714247 0.969053
0.726124 1.31778
0.738404 1.19615
0.751068 1.47961
0.764095 1.67807
0.777469 1.10766
0.791171 1.37489
0.805185 1.22397
0.819495 1.13155
0.834085 0.916484
0.848941 1.37235
0.607375 0.799551
0.607736 0.927324
0.608817 0.829313
0.610616 0.797524
0.613125 0.817588
0.616336 0.828462
0.620238 0.8475
0.624818 0.828174
0.630061 1.07962
0.635952 0.699812
0.642471 0.909682
0.6496 0.772638
0.65732 1.11502
0.665609 0.633528
0.674447 1.2419
0.683813 1.23725
0.693684 1.05725
0.704041 1.14949
0.714861 1.16117
0.726124 1.32105
0.73781 1.18676
0.749899 1.21289
0.762371 1.2599
0.775209 1.48447
0.788394 0.781273
0.80191 1.51653
0.815739 1.18425
0.829867 0.886626
0.844278 0.944097
0.858957 1.17758
0.622004 0.854565
0.622356 0.924664
0.623412 0.582005
0.625169 0.776042
0.62762 1.07112
0.630757 0.803292
0.634571 0.999634
0.639048 0.983763
0.644175 0.912165
0.649938 0.799271
0.656318 1.29332
0.663299 0.77197
0.670861 1.03169
0.678985 0.974404
0.687651 1.13811
0.696839 0.860885
0.706529 1.0065
0.716699 0.924955
0.727331 0.930123
0.738404 1.03306
0.749899 1.11544
0.761796 0.695865
0.774077 1.01438
0.786723 1.13923
0.799719 1.12353
0.813046 1.26233
0.826689 1.39564
0.840633 1.21835
0.854862 1.02887
0.869363 1.31245
0.636985 0.843481
0.63733 0.735772
0.638361 0.805184
0.640077 1.17449
0.642471 0.793416
0.645536 0.84896
0.649262 0.962633
0.653639 0.858094
0.658653 1.14102
0.66429 0.662876
0.670534 0.727352
0.677368 0.827089
0.684774 1.09802
0.692735 0.90421
0.701232 1.22656
0.710244 1.20894
0.719753 0.903359
0.72974 0.820069
0.740184 1.03042
0.751068 1.35289
0.762371 1.23874
0.774077 1.33126
0.786166 1.56532
0.798621 1.24442
0.811426 1.01376
0.824564 1.22532
0.83802 0.980329
0.851778 1.06146
0.865824 1.35851
0.880144 0.988476
0.652296 0.910446
0.652632 0.922176
0.653639 0.86223
0.655315 0.867278
0.657653 1.01964
0.660648 0.734712
0.66429 1.11563
0.668568 1.1564
0.673471 1.31115
0.678985 1.05445
0.685095 0.958211
0.691785 0.936378
0.699039 0.820733
0.706839 0.948925
0.715168 0.948197
0.724007 0.985257
0.733337 1.45968
0.743141 0.919111
0.7534 1.18976
0.764095 1.02645
0.775209 1.38916
0.786723 0.831776
0.798621 1.14699
0.810885 1.49672
0.8235 0.97228
0.836448 1.13706
0.849715 1.00961
0.863287 1.27249
0.877149 1.30009
0.891288 1.25749
0.667912 0.9877
0.66824 1.23994
0.669224 1.08449
0.670861 0.904404
0.673145 0.799868
0.676071 0.754728
0.67963 1.22031
0.683813 0.872535
0.688607 1.14645
0.694001 1.0303
0.699979 1.06519
0.706529 0.930948
0.713633 1.11655
0.721275 1.06302
0.729439 1.34021
0.738107 1.3287
0.747262 0.703664
0.756886 1.53028
0.766961 1.23988
0.777469 1.21636
0.788394 0.893102
0.799719 1.08451
0.811426 1.10104
0.8235 2.13944
0.835923 1.24928
0.848682 1.21559
0.861762 1.67391
0.875146 0.962288
0.888823 1.26165
0.902779 0.907454
0.683813 1.08445
0.684133 1.06841
0.685095 1.08325
0.686693 1.03146
0.688925 1.21999
0.691785 0.947876
0.695263 1.45917
0.699352 0.965185
0.704041 0.99145
0.709317 1.11219
0.715168 1.16962
0.721579 1.45432
0.728536 1.0689
0.736024 1.41093
0.744026 1.51569
0.752526 1.15906
0.761508 1.12778
0.770954 0.987761
0.780847 1.22784
0.791171 1.02847
0.80191 1.04202
0.813046 1.30746
0.824564 1.44807
0.836448 1.24972
0.848682 2.07873
0.861252 1.19025
0.874143 1.24149
0.887342 1.31306
0.900833 0.826458
0.914606 1.51095
0.699979 0.686806
0.700293 1.1492
0.701232 1.25189
0.702794 1.46237
0.704975 1.18777
0.707769 1.38256
0.71117 1.03179
0.715168 1.14176
0.719753 1.02324
0.724915 1.37905
0.730641 1.30746
0.736918 1.04005
0.743731 1.11744
0.751068 1.13277
0.758911 1.21003
0.767246 1.21743
0.776057 0.919441
0.785328 1.33007
0.795043 1.16355
0.805185 1.36595
0.815739 0.91819
0.826689 1.12801
0.83802 1.29311
0.849715 1.25508
0.861762 0.955298
0.874143 1.39425
0.886847 1.00034
0.899859 0.912467
0.913166 1.2055
0.926755 1.22709
0.716393 1.26788
0.716699 0.840076
0.717617 1.45151
0.719143 1.0606
0.721275 1.37081
0.724007 1.05662
0.727331 0.999243
0.731241 1.24768
0.735726 1.38475
0.740777 1.14072
0.746381 1.41072
0.752526 1.09201
0.7592 1.10935
0.766388 1.09151
0.774077 1.50737
0.78225 0.93651
0.790894 1.3215
0.799993 1.2116
0.809532 1.5816
0.819495 1.09904
0.829867 1.19159
0.840633 1.22832
0.851778 0.996265
0.863287 1.33653
0.875146 1.10479
0.887342 1.08837
0.899859 0.956645
0.912685 0.913673
0.925808 1.03608
0.939214 1.00111
0.733038 1.17358
0.733337 1.49237
0.734234 1.1723
0.735726 1.41948
0.73781 1.02105
0.74048 1.02295
0.743731 0.958618
0.747555 0.992709
0.751943 0.831711
0.756886 1.05102
0.762371 1.10147
0.768389 1.61817
0.774926 1.1796
0.78197 1.25397
0.789506 1.45354
0.797522 1.16582
0.806002 1.1252
0.814932 0.954179
0.824298 0.909794
0.834085 1.21146
0.844278 1.26208
0.854862 1.24972
0.865824 1.15827
0.877149 1.39967
0.888823 1.69137
0.900833 1.43408
0.913166 1.38576
0.925808 1.0041
0.938747 1.61312
0.951971 0.965109
0.749899 0.999342
0.750191 1.10658
0.751068 0.98925
0.752526 0.874649
0.754564 0.944989
0.757175 1.47825
0.760355 1.12708
0.764095 1.3319
0.768389 1.30525
0.773226 1.503
0.778597 1.10193
0.78449 1.44465
0.790894 1.35575
0.797797 1.55198
0.805185 1.30723
0.813046 0.874174
0.821366 1.08389
0.830131 0.827035
0.839327 1.46716
0.848941 1.76882
0.858957 1.30888
0.869363 0.834829
0.880144 1.08411
0.891288 0.894612
0.902779 1.50467
0.914606 1.15431
0.926755 1.28416
0.939214 1.0647
0.951971 0.822716
0.965014 1.05182
0.460767 0.420829
0.461243 0.475558
0.462667 0.340206
0.465031 0.509101
0.468321 0.460113
0.472517 0.634618
0.477596 0.468031
0.483529 0.40164
0.490285 0.468924
0.497832 0.581037
0.506133 0.768992
0.515153 0.45163
0.524854 0.677499
0.535199 0.723991
0.546151 0.795599
0.557676 0.702703
0.569737 0.713489
0.582302 0.616443
0.595339 0.592401
0.608817 0.853432
0.622708 0.757285
0.636985 0.716126
0.651623 1.21318
0.666597 1.13187
0.681886 0.977496
0.697468 0.899179
0.713325 0.860687
0.729439 1.20352
0.745793 1.32751
0.762371 0.936246
0.461243 0.398257
0.461718 0.329981
0.463141 0.412477
0.465503 0.347844
0.468789 0.427024
0.472981 0.44225
0.478055 0.395355
0.483982 0.653811
0.490732 0.573176
0.498272 0.515634
0.506567 0.503457
0.515579 0.451939
0.525272 0.698199
0.535609 0.549433
0.546553 0.498394
0.558069 0.738851
0.570122 0.744779
0.582679 0.661684
0.595707 1.15459
0.609177 0.629495
0.623061 0.735254
0.63733 0.81443
0.651959 0.955497
0.666926 1.1141
0.682207 1.00684
0.697783 0.825454
0.713633 1.11682
0.72974 1.33584
0.746087 0.991167
0.762659 1.41032
0.462667 0.434998
0.463141 0.598204
0.464559 0.472796
0.466914 0.524348
0.470191 0.555401
0.47437 0.365278
0.479429 0.445874
0.48534 0.515476
0.492071 0.48467
0.499591 0.574945
0.507864 0.545534
0.516853 0.634571
0.526523 0.587736
0.536836 0.573619
0.547755 0.421019
0.559247 0.590218
0.571275 0.779993
0.583807 0.716391
0.596811 0.782312
0.610257 0.679173
0.624116 0.820895
0.638361 0.971858
0.652968 0.905384
0.667912 0.709857
0.683171 1.18968
0.698725 0.822385
0.714554 1.28679
0.730641 1.32979
0.746968 1.28222
0.763521 0.789288
0.465031 0.40475
0.465503 0.603521
0.466914 0.362959
0.469257 0.48123
0.472517 0.517027
0.476676 0.532779
0.481711 0.378549
0.487594 0.403128
0.494295 0.50409
0.501781 0.460383
0.510019 0.83353
0.518971 0.50419
0.528601 0.526985
0.538874 0.546311
0.549754 0.806727
0.561204 0.666934
0.573191 0.892672
0.585682 0.627356
0.598645 0.773442
0.612051 0.859213
0.62587 0.881027
0.640077 1.10936
0.654645 0.805027
0.669552 0.916506
0.684774 1.08251
0.700293 1.08821
0.716087 1.16597
0.73214 1.41319
0.748435 1.05078
0.764956 0.768986
0.468321 0.41271
0.468789 0.66278
0.470191 0.38312
0.472517 0.400677
0.475755 0.311789
0.479886 0.572006
0.484888 0.67822
0.490732 0.431995
0.497391 0.32226
0.504832 0.430527
0.51302 0.491964
0.521921 0.658182
0.531498 0.503707
0.541716 0.694271
0.552539 0.576282
0.563933 0.634397
0.575863 0.594981
0.588298 0.549518
0.601204 0.902329
0.614554 1.19989
0.628319 0.932576
0.642471 0.853325
0.656986 0.966901
0.671841 0.814943
0.687013 1.08392
0.702481 0.887127
0.718228 1.19535
0.734234 0.961263
0.750483 1.23521
0.766961 1.13256
0.472517 0.411181
0.472981 0.432734
0.47437 0.431798
0.476676 0.451644
0.479886 0.631462
0.483982 0.492953
0.488941 0.701542
0.494739 0.414487
0.501344 0.426187
0.508727 0.537776
0.516853 0.408274
0.525689 0.43989
0.535199 0.634774
0.545348 0.85594
0.5561 0.581652
0.567423 0.510169
0.579281 0.589916
0.591643 0.700642
0.604479 0.696893
0.617758 1.01644
0.631452 0.971966
0.645536 1.23263
0.659984 0.837079
0.674772 0.804338
0.68988 1.06806
0.705286 1.47153
0.720971 1.06156
0.736918 1.18794
0.753109 1.28655
0.76953 0.899259
0.477596 0.444113
0.478055 0.528574
0.479429 0.452374
0.481711 0.423385
0.484888 0.528038
0.488941 0.416609
0.493851 0.468003
0.499591 0.576073
0.506133 0.716615
0.513447 0.440256
0.5215 0.588364
0.530258 0.580872
0.539688 0.496363
0.549754 0.483777
0.560422 0.555557
0.571659 0.708267
0.583431 0.729778
0.595707 0.550915
0.608457 0.952937
0.621651 0.863226
0.635261 0.823676
0.649262 0.745218
0.663629 0.910944
0.678338 0.951933
0.693368 0.80766
0.708698 1.24298
0.72431 1.05129
0.740184 1.42671
0.756306 1.41014
0.772659 1.20119
0.483529 0.312057
0.483982 0.536289
0.48534 0.365947
0.487594 0.428486
0.490732 0.478368
0.494739 0.560442
0.499591 0.637824
0.505266 0.482605
0.511736 0.658974
0.518971 0.669577
0.526939 0.450452
0.535609 0.758134
0.544945 0.534478
0.554916 0.810252
0.565487 0.644473
0.576625 0.504417
0.588298 0.588359
0.600474 0.756044
0.613125 0.858127
0.626221 0.820632
0.639734 1.10423
0.653639 0.934566
0.667912 1.12319
0.682529 1.04051
0.697468 1.19626
0.71271 1.15638
0.728235 1.2386
0.744026 1.13094
0.760066 1.23099
0.77634 1.06296
0.490285 0.370078
0.490732 0.506686
0.492071 0.62438
0.494295 0.564875
0.497391 0.653481
0.501344 0.526224
0.506133 0.460125
0.511736 0.635875
0.518125 0.684962
0.525272 0.423547
0.533146 0.579699
0.541716 0.653606
0.550949 0.614298
0.560813 0.687979
0.571275 0.534893
0.582302 0.801843
0.593864 0.587128
0.605928 0.560907
0.618467 0.745938
0.631452 0.86363
0.644856 1.20296
0.658653 0.88638
0.672819 1.13391
0.687332 1.08024
0.702169 0.892372
0.717311 0.782396
0.732739 1.07064
0.748435 1.2003
0.764382 1.10806
0.780566 0.92001
0.497832 0.605973
0.498272 0.43368
0.499591 0.460493
0.501781 0.500225
0.504832 0.458496
0.508727 0.411357
0.513447 0.601571
0.518971 0.503216
0.525272 0.74651
0.532323 0.788617
0.540094 0.739382
0.548556 0.713294
0.557676 0.626882
0.567423 0.908316
0.577765 0.636586
0.58867 0.823549
0.600109 0.679513
0.612051 0.829873
0.624467 0.740991
0.63733 0.82398
0.650612 0.721755
0.66429 0.78446
0.678338 1.00016
0.692735 1.07406
0.707459 1.23684
0.72249 0.841444
0.73781 0.83663
0.7534 1.2133
0.769245 1.02381
0.785328 1.19267
0.506133 0.397362
0.506567 0.482628
0.507864 0.535508
0.510019 0.552329
0.51302 0.682019
0.516853 0.483515
0.5215 0.753873
0.526939 0.556983
0.533146 0.557744
0.540094 0.877795
0.547755 0.537652
0.5561 0.583079
0.565099 0.715341
0.57472 0.725976
0.584933 0.696397
0.595707 0.825605
0.607013 1.01511
0.618822 0.894747
0.631105 0.781712
0.643835 0.816319
0.656986 1.08606
0.670534 1.49149
0.684454 1.11352
0.698725 0.971084
0.713325 1.35508
0.728235 1.08444
0.743437 1.03474
0.758911 0.967656
0.774643 1.19813
0.790617 1.23945
0.515153 0.451588
0.515579 0.509083
0.516853 0.629359
0.518971 0.488058
0.521921 0.625802
0.525689 0.616712
0.530258 0.461327
0.535609 0.50675
0.541716 0.655853
0.548556 0.476945
0.5561 0.541522
0.564322 0.803673
0.573191 0.672438
0.582679 0.573585
0.592755 0.574811
0.603389 0.437308
0.614554 0.755937
0.626221 1.13949
0.638361 0.937808
0.650949 0.761645
0.66396 1.01284
0.677368 1.14361
0.69115 1.09
0.705286 0.88938
0.719753 0.855535
0.734533 1.18492
0.749606 1.04111
0.764956 1.31674
0.780566 0.982757
0.796421 1.24607
0.524854 0.719096
0.525272 0.639803
0.526523 0.613106
0.528601 0.596478
0.531498 0.735067
0.535199 0.557865
0.539688 0.531034
0.544945 0.617045
0.550949 0.716923
0.557676 0.787303
0.565099 0.626737
0.573191 1.07617
0.581925 0.781893
0.591273 0.701737
0.601204 0.59451
0.611692 0.747648
0.622708 0.869333
0.634225 0.967699
0.646215 0.701042
0.658653 0.880801
0.671514 1.16384
0.684774 1.14453
0.698411 1.0624
0.712402 0.849573
0.726728 1.27003
0.741369 1.03622
0.756306 1.47657
0.771522 0.95432
0.787002 1.15336
0.80273 1.15534
0.535199 0.549736
0.535609 0.558424
0.536836 0.723076
0.538874 0.650825
0.541716 0.577149
0.545348 0.562104
0.549754 0.591068
0.554916 0.523069
0.560813 0.700845
0.567423 1.03086
0.57472 0.637571
0.582679 0.965271
0.591273 0.682291
0.600474 0.702645
0.610257 0.67531
0.620592 1.06565
0.631452 0.670941
0.642812 0.821844
0.654645 1.26406
0.666926 0.922953
0.67963 1.08842
0.692735 1.05079
0.706218 0.634351
0.720058 0.871118
0.734234 1.36974
0.748728 0.724828
0.763521 0.962707
0.778597 0.702261
0.793939 1.11552
0.809532 1.06295
0.546151 0.561396
0.546553 0.77987
0.547755 0.558198
0.549754 0.601335
0.552539 0.859359
0.5561 0.638765
0.560422 0.827653
0.565487 0.665656
0.571275 0.79113
0.577765 0.491948
0.584933 0.701274
0.592755 0.949141
0.601204 0.657041
0.610257 0.940938
0.619884 0.795263
0.630061 0.706561
0.640762 1.09524
0.651959 0.798608
0.663629 1.39103
0.675747 0.857009
0.688288 1.38215
0.701232 1.01781
0.714554 1.15277
0.728235 1.43288
0.742256 0.987373
0.756596 1.2727
0.771238 1.22747
0.786166 1.53212
0.801363 0.961792
0.816814 1.31762
0.557676 0.608698
0.558069 0.485037
0.559247 0.754413
0.561204 0.579809
0.563933 0.571697
0.567423 0.772062
0.571659 0.725086
0.576625 0.902912
0.582302 0.697189
0.58867 0.846064
0.595707 0.860176
0.603389 0.757687
0.611692 0.957712
0.620592 1.09181
0.630061 0.845051
0.640077 1.19262
0.650612 0.716686
0.661643 0.769905
0.673145 1.24839
0.685095 1.00834
0.697468 0.769123
0.710244 0.867428
0.723401 1.04655
0.736918 0.916867
0.750776 1.037
0.764956 1.11021
0.779441 1.13305
0.794215 1.03345
0.809261 0.877152
0.824564 1.1012
0.569737 0.635006
0.570122 0.735666
0.571275 0.955396
0.573191 0.69752
0.575863 0.838949
0.579281 0.703722
0.583431 0.432062
0.588298 0.71848
0.593864 0.678239
0.600109 0.616715
0.607013 0.855185
0.614554 0.783646
0.622708 0.987025
0.631452 0.96762
0.640762 0.92954
0.650612 0.939674
0.66098 0.791502
0.671841 0.731366
0.683171 0.942871
0.694948 0.967673
0.707149 0.957028
0.719753 1.07909
0.732739 0.998012
0.746087 1.10228
0.759778 1.19227
0.773793 1.39958
0.788116 1.25779
0.80273 1.23028
0.817619 1.70814
0.832769 1.14217
0.582302 1.01694
0.582679 0.54658
0.583807 0.92407
0.585682 0.660675
0.588298 0.754313
0.591643 0.804495
0.595707 0.756992
0.600474 0.975583
0.605928 0.926602
0.612051 0.876054
0.618822 0.989075
0.626221 1.00124
0.634225 0.941824
0.642812 1.18776
0.651959 0.771537
0.661643 0.862133
0.671841 0.820462
0.682529 1.12483
0.693684 1.03082
0.705286 1.45036
0.717311 0.934009
0.72974 1.34437
0.742551 0.87262
0.755726 1.21419
0.769245 0.983086
0.783091 1.26282
0.797247 1.13621
0.811696 1.2743
0.826424 1.36488
0.841415 1.21215
0.595339 0.586499
0.595707 0.745149
0.596811 0.745889
0.598645 0.584038
0.601204 0.568454
0.604479 0.890145
0.608457 0.704579
0.613125 0.902248
0.618467 1.0616
0.624467 0.82995
0.631105 0.911519
0.638361 1.01741
0.646215 0.916311
0.654645 0.627928
0.663629 1.28701
0.673145 1.19038
0.683171 1.00232
0.693684 1.19845
0.704664 0.683415
0.716087 1.11033
0.727934 1.12363
0.740184 1.39352
0.752818 1.13656
0.765816 1.17186
0.77916 0.967988
0.792833 0.791387
0.806818 0.859371
0.821099 1.34375
0.835661 1.38915
0.850489 0.954838
0.608817 0.972111
0.609177 0.708651
0.610257 0.909433
0.612051 0.818064
0.614554 0.846439
0.617758 0.719188
0.621651 0.983622
0.626221 0.687114
0.631452 0.901069
0.63733 0.895356
0.643835 1.05984
0.650949 1.07563
0.658653 1.05923
0.666926 0.991231
0.675747 1.32648
0.685095 0.76797
0.694948 1.29264
0.705286 1.08043
0.716087 0.933551
0.727331 1.22685
0.738998 0.891364
0.751068 1.00126
0.763521 1.12688
0.77634 1.32158
0.789506 1.20522
0.803003 1.00377
0.816814 1.28793
0.830923 1.55496
0.845316 1.08498
0.859978 1.03744
0.622708 0.638904
0.623061 0.786191
0.624116 0.759434
0.62587 0.890923
0.628319 1.13803
0.631452 0.981537
0.635261 1.11209
0.639734 0.842032
0.644856 1.2897
0.650612 1.106
0.656986 0.792444
0.66396 0.995811
0.671514 0.779929
0.67963 1.02337
0.688288 1.22951
0.697468 0.882342
0.707149 1.18384
0.717311 1.26276
0.727934 1.13125
0.738998 1.53762
0.750483 0.994835
0.762371 1.15737
0.774643 1.22519
0.787281 1.68823
0.800267 1.20242
0.813586 0.920487
0.82722 1.11397
0.841155 1.09148
0.855375 1.34334
0.869868 1.37288
0.636985 0.745924
0.63733 1.00443
0.638361 0.881477
0.640077 1.08959
0.642471 1.14349
0.645536 0.812532
0.649262 0.92357
0.653639 0.921091
0.658653 0.784733
0.66429 0.979761
0.670534 0.954606
0.677368 0.598204
0.684774 0.958819
0.692735 0.847965
0.701232 1.05887
0.710244 0.964842
0.719753 1.48945
0.72974 1.08443
0.740184 1.1712
0.751068 1.40096
0.762371 1.24314
0.774077 1.14689
0.786166 1.36839
0.798621 0.851536
0.811426 1.24467
0.824564 1.54077
0.83802 1.11469
0.851778 1.4413
0.865824 1.20296
0.880144 1.07041
0.651623 1.16176
0.651959 0.918164
0.652968 0.960033
0.654645 0.985834
0.656986 1.13151
0.659984 0.91929
0.663629 0.814142
0.667912 1.17433
0.672819 1.2394
0.678338 0.85065
0.684454 1.07865
0.69115 0.953755
0.698411 1.11166
0.706218 1.40604
0.714554 1.24983
0.723401 1.34467
0.732739 0.840959
0.742551 1.32026
0.752818 1.28075
0.763521 0.767953
0.774643 1.33767
0.786166 0.977399
0.798072 0.909565
0.810344 0.964525
0.822967 1.28742
0.835923 0.831068
0.849199 1.05539
0.862779 1.08633
0.876649 1.21038
0.890795 1.14856
0.666597 0.994002
0.666926 0.82028
0.667912 0.767599
0.669552 0.984792
0.671841 1.00992
0.674772 1.39467
0.678338 0.985537
0.682529 1.01999
0.687332 0.975509
0.692735 1.00471
0.698725 1.51426
0.705286 1.16706
0.712402 1.14625
0.720058 0.968687
0.728235 0.767792
0.736918 1.40874
0.746087 0.997632
0.755726 1.47972
0.765816 1.12182
0.77634 0.723421
0.787281 1.4198
0.798621 1.10268
0.810344 0.95845
0.822434 1.47155
0.834873 0.832311
0.847648 1.30419
0.860743 1.01907
0.874143 1.25821
0.887836 1.1108
0.901807 1.21536
0.681886 1.04885
0.682207 1.45953
0.683171 0.950712
0.684774 0.828911
0.687013 0.748934
0.68988 1.6078
0.693368 0.980796
0.697468 1.1752
0.702169 1.08307
0.707459 1.02146
0.713325 1.0555
0.719753 1.16258
0.726728 1.05654
0.734234 0.903775
0.742256 1.33535
0.750776 1.81861
0.759778 1.18284
0.769245 1.44274
0.77916 1.12628
0.789506 0.964156
0.800267 1.20326
0.811426 0.900474
0.822967 1.28604
0.834873 1.50455
0.84713 1.10503
0.859723 1.03782
0.872637 0.963406
0.885857 1.41475
0.899371 0.997859
0.913166 1.07526
0.697468 0.961914
0.697783 1.05358
0.698725 1.09559
0.700293 0.885362
0.702481 0.993197
0.705286 0.933598
0.708698 1.3755
0.71271 1.14004
0.717311 0.94269
0.72249 0.83421
0.728235 1.04443
0.734533 1.17785
0.741369 1.40353
0.748728 1.53714
0.756596 1.28406
0.764956 1.02392
0.773793 1.05693
0.783091 0.906477
0.792833 1.15149
0.803003 1.12891
0.813586 1.53648
0.824564 1.30192
0.835923 1.32738
0.847648 1.13648
0.859723 0.811449
0.872134 0.978018
0.884866 1.55121
0.897907 1.2505
0.911242 1.65246
0.92486 1.05254
0.713325 1.15515
0.713633 0.900632
0.714554 0.942129
0.716087 1.08689
0.718228 1.10965
0.720971 0.796395
0.72431 1.39186
0.728235 1.12735
0.732739 1.2029
0.73781 0.805078
0.743437 1.03375
0.749606 1.2694
0.756306 0.983384
0.763521 0.976267
0.771238 1.31208
0.779441 1.11703
0.788116 0.865106
0.797247 1.23055
0.806818 1.22436
0.816814 1.37768
0.82722 1.37905
0.83802 1.28841
0.849199 1.10713
0.860743 0.915406
0.872637 1.58283
0.884866 0.909911
0.897418 1.11298
0.910279 1.09904
0.923436 1.4026
0.936876 0.924418
0.729439 0.779968
0.72974 1.50908
0.730641 1.12916
0.73214 0.838671
0.734234 1.16738
0.736918 1.36869
0.740184 0.951629
0.744026 1.14192
0.748435 1.12965
0.7534 1.01454
0.758911 1.23997
0.764956 1.06487
0.771522 1.24354
0.778597 1.37403
0.786166 1.24422
0.794215 1.20388
0.80273 1.44756
0.811696 1.43174
0.821099 1.09226
0.830923 0.762897
0.841155 0.891176
0.851778 0.974929
0.862779 1.20317
0.874143 1.40852
0.885857 1.51422
0.897907 0.969447
0.910279 0.790596
0.922961 1.14037
0.935939 0.931281
0.949202 1.29268
0.745793 1.2688
0.746087 1.23465
0.746968 0.929843
0.748435 0.850205
0.750483 0.949303
0.753109 0.754009
0.756306 0.941497
0.760066 1.0715
0.764382 1.1938
0.769245 1.00179
0.774643 1.29478
0.780566 0.8833
0.787002 1.12284
0.793939 1.17361
0.801363 1.21104
0.809261 1.14737
0.817619 1.74928
0.826424 1.54762
0.835661 1.04619
0.845316 1.33973
0.855375 0.943867
0.865824 1.62539
0.876649 1.36293
0.887836 1.34624
0.899371 1.03545
0.911242 0.797075
0.923436 0.992897
0.935939 1.27729
0.94874 1.12669
0.961827 1.20693
0.762371 1.18525
0.762659 0.994481
0.763521 1.22835
0.764956 1.31117
0.766961 1.08591
0.76953 1.36571
0.772659 1.48892
0.77634 1.50739
0.780566 1.1746
0.785328 0.919898
0.790617 1.0406
0.796421 0.96419
0.80273 1.22939
0.809532 1.69696
0.816814 1.16407
0.824564 1.54275
0.832769 1.07066
0.841415 1.15139
0.850489 0.938001
0.859978 1.23707
0.869868 1.2899
0.880144 1.49427
0.890795 1.3035
0.901807 1.04444
0.913166 1.17386
0.92486 1.09904
0.936876 1.19465
0.949202 1.28193
0.961827 1.04738
0.974738 0.978565
0.481711 0.596049
0.482166 0.621193
0.483529 0.431638
0.485791 0.545267
0.488941 0.323097
0.492962 0.615167
0.497832 0.441056
0.503527 0.578205
0.510019 0.684528
0.517277 0.395605
0.525272 0.53018
0.533968 0.65492
0.543333 0.581949
0.553333 0.661825
0.563933 0.890705
0.575101 0.746093
0.586805 0.548891
0.599012 0.970268
0.611692 0.790546
0.624818 0.545656
0.638361 0.877805
0.652296 0.765189
0.666597 1.00529
0.681242 0.818232
0.696209 0.894254
0.711478 0.927311
0.72703 1.15978
0.742846 1.29264
0.758911 0.943438
0.775209 0.996954
0.482166 0.336232
0.482621 0.413247
0.483982 0.536415
0.486243 0.474767
0.48939 0.533691
0.493407 0.64749
0.498272 0.549787
0.503962 0.538364
0.510448 0.649842
0.517701 0.48192
0.525689 0.606744
0.534379 0.522388
0.543737 0.766619
0.553729 0.706641
0.564322 0.695302
0.575482 0.507452
0.587178 0.574646
0.599378 0.723471
0.612051 0.706944
0.625169 1.11824
0.638705 0.811878
0.652632 0.882636
0.666926 1.30116
0.681564 0.909089
0.696524 0.890446
0.711786 1.67897
0.727331 1.13971
0.743141 1.31638
0.7592 0.880935
0.775492 0.865833
0.483529 0.512646
0.483982 0.396556
0.48534 0.403369
0.487594 0.536991
0.490732 0.727659
0.494739 0.364278
0.499591 0.408833
0.505266 0.68629
0.511736 0.522659
0.518971 0.489894
0.526939 0.571397
0.535609 0.678363
0.544945 0.636084
0.554916 0.718409
0.565487 0.722295
0.576625 0.720146
0.588298 1.01895
0.600474 0.872348
0.613125 0.93237
0.626221 0.984792
0.639734 0.822581
0.653639 1.11819
0.667912 1.03047
0.682529 0.94957
0.697468 0.927406
0.71271 1.16421
0.728235 1.26826
0.744026 1.15995
0.760066 1.61298
0.77634 1.48477
0.485791 0.678484
0.486243 0.407884
0.487594 0.447195
0.489838 0.504998
0.492962 0.802568
0.49695 0.439688
0.501781 0.506039
0.507432 0.585945
0.513874 0.572442
0.521079 0.471332
0.529016 0.862157
0.537652 0.737589
0.546954 0.801873
0.556889 0.531903
0.567423 0.633445
0.578523 0.974944
0.590159 0.571577
0.602298 0.695793
0.614911 0.816287
0.627969 1.15231
0.641446 0.931522
0.655315 0.938824
0.669552 0.919607
0.684133 0.815769
0.699039 0.882749
0.714247 1.12664
0.72974 1.30728
0.745499 1.58042
0.761508 0.967399
0.777751 1.27577
0.488941 0.636763
0.48939 0.553883
0.490732 0.438253
0.492962 0.390207
0.496067 0.817072
0.50003 0.56478
0.504832 0.380966
0.510448 0.496369
0.516853 0.617768
0.524017 0.697834
0.53191 0.532408
0.5405 0.567548
0.549754 0.660218
0.559639 0.785299
0.570122 0.53319
0.581171 0.573931
0.592755 0.704944
0.604842 0.760986
0.617403 0.872207
0.630409 0.857474
0.643835 0.876652
0.657653 0.968048
0.671841 1.23626
0.686374 0.845458
0.701232 1.11844
0.716393 1.39328
0.731841 0.963753
0.747555 1.134
0.763521 1.07758
0.779723 1.5128
0.492962 0.484534
0.493407 0.45961
0.494739 0.445429
0.49695 0.357603
0.50003 0.632965
0.503962 0.585398
0.508727 0.514897
0.514301 0.5027
0.520658 0.655912
0.527771 0.622048
0.535609 0.638651
0.54414 0.494017
0.553333 0.770194
0.563155 0.698
0.573574 0.684383
0.584558 0.586367
0.596075 0.724365
0.608096 0.880331
0.620592 0.703099
0.633533 0.879883
0.646894 0.872478
0.660648 0.899097
0.674772 0.84695
0.689244 1.29706
0.704041 1.11073
0.719143 0.850612
0.734533 1.08466
0.750191 0.849377
0.766102 0.868832
0.78225 1.50519
0.497832 0.64319
0.498272 0.472176
0.499591 0.523149
0.501781 0.493912
0.504832 0.82134
0.508727 0.380921
0.513447 0.385006
0.518971 0.640983
0.525272 0.455556
0.532323 0.568257
0.540094 0.773233
0.548556 0.610596
0.557676 0.579355
0.567423 0.646703
0.577765 0.651745
0.58867 0.847886
0.600109 0.988626
0.612051 0.741506
0.624467 1.17253
0.63733 1.0086
0.650612 0.976797
0.66429 0.689488
0.678338 1.43644
0.692735 1.18987
0.707459 1.10149
0.72249 1.7625
0.73781 1.26898
0.7534 1.23249
0.769245 1.13193
0.785328 1.06443
0.503527 0.559137
0.503962 0.538837
0.505266 0.592206
0.507432 0.378063
0.510448 0.488352
0.514301 0.546106
0.518971 0.659221
0.524436 0.497107
0.530672 0.634255
0.537652 0.588184
0.545348 0.548627
0.553729 0.654126
0.562765 0.726116
0.572425 0.619827
0.582679 0.72085
0.593494 0.83159
0.604842 0.772394
0.616692 0.712025
0.629016 0.813397
0.641788 1.2226
0.65498 1.09568
0.668568 1.38574
0.682529 1.18533
0.696839 1.22644
0.711478 1.37653
0.726426 1.01143
0.741664 0.946742
0.757175 1.31619
0.772942 1.15003
0.788951 1.12874
0.510019 0.473783
0.510448 0.818937
0.511736 0.633119
0.513874 0.644627
0.516853 0.591737
0.520658 0.55515
0.525272 0.556521
0.530672 0.492427
0.536836 0.494567
0.543737 0.575239
0.551347 0.627721
0.559639 0.538741
0.568581 0.6868
0.578144 0.536922
0.588298 0.77881
0.599012 0.732267
0.610257 0.813851
0.622004 0.803816
0.634225 1.0913
0.646894 0.895519
0.659984 0.924104
0.673471 0.730481
0.687332 0.767037
0.701544 1.09889
0.716087 0.812193
0.730941 0.855987
0.746087 1.18055
0.761508 1.22378
0.777187 1.07387
0.79311 1.21372
0.517277 0.636332
0.517701 0.629897
0.518971 0.469932
0.521079 0.393705
0.524017 0.636684
0.527771 0.6038
0.532323 0.54346
0.537652 0.425911
0.543737 0.540307
0.550551 0.811957
0.558069 0.813299
0.566262 0.622224
0.575101 0.687482
0.584558 0.57476
0.594602 0.650674
0.605204 0.67155
0.616336 0.781925
0.627969 0.805357
0.640077 0.875341
0.652632 0.935311
0.665609 0.955199
0.678985 1.41962
0.692735 0.853092
0.706839 1.2444
0.721275 0.763616
0.736024 1.1134
0.751068 0.986998
0.766388 0.859872
0.78197 1.02266
0.797797 0.942562
0.525272 0.717915
0.525689 0.548892
0.526939 0.571962
0.529016 0.505753
0.53191 0.673393
0.535609 0.472923
0.540094 0.531812
0.545348 0.633287
0.551347 0.613174
0.558069 0.443871
0.565487 1.224
0.573574 0.558496
0.582302 0.693981
0.591643 0.794815
0.601569 0.750929
0.612051 0.891034
0.623061 0.592873
0.634571 0.892477
0.646554 0.72813
0.658986 1.17171
0.671841 0.800891
0.685095 1.0808
0.698725 1.01932
0.71271 1.40831
0.72703 1.14124
0.741664 1.19759
0.756596 1.29476
0.771807 0.910467
0.787281 1.29025
0.803003 1.47276
0.533968 0.700595
0.534379 0.641903
0.535609 0.533473
0.537652 0.547177
0.5405 0.359697
0.54414 0.421035
0.548556 0.602411
0.553729 0.868354
0.559639 0.641815
0.566262 0.637826
0.573574 0.669419
0.581548 0.563358
0.590159 0.707958
0.599378 1.06529
0.609177 0.838001
0.61953 0.828516
0.630409 0.915208
0.641788 0.767061
0.653639 0.763778
0.665939 0.85001
0.678662 1.08662
0.691785 1.33416
0.705286 0.948161
0.719143 1.56306
0.733337 1.13005
0.747849 1.13004
0.762659 1.21284
0.777751 0.944416
0.79311 1.20189
0.808719 1.11185
0.543333 0.761976
0.543737 0.626497
0.544945 0.685053
0.546954 0.674014
0.549754 0.48734
0.553333 1.00261
0.557676 0.459196
0.562765 0.728854
0.568581 0.554016
0.575101 0.9079
0.582302 0.662114
0.590159 0.561356
0.598645 1.1884
0.607736 0.673112
0.617403 1.02585
0.62762 0.930981
0.638361 1.0304
0.6496 0.932416
0.661312 1.06462
0.673471 0.647649
0.686054 1.15696
0.699039 1.07125
0.712402 0.893517
0.726124 1.03928
0.740184 1.15518
0.754564 1.07007
0.769245 1.31356
0.78421 1.25534
0.799445 1.13311
0.814932 0.861743
0.553333 0.536228
0.553729 0.437617
0.554916 0.532788
0.556889 0.582692
0.559639 0.74222
0.563155 0.697964
0.567423 0.918136
0.572425 0.706447
0.578144 0.631343
0.584558 0.869727
0.591643 0.660638
0.599378 0.696225
0.607736 0.828409
0.616692 0.805851
0.626221 0.785283
0.636296 0.571338
0.646894 0.833822
0.657987 0.632569
0.669552 0.907184
0.681564 0.997519
0.694001 0.982431
0.706839 1.07339
0.720058 1.34732
0.733636 1.25379
0.747555 0.968771
0.761796 1.04018
0.77634 1.10752
0.791171 1.15124
0.806274 1.15344
0.821633 0.954168
0.563933 0.885877
0.564322 0.548678
0.565487 0.730144
0.567423 0.615073
0.570122 0.533852
0.573574 0.749989
0.577765 0.654768
0.582679 0.935034
0.588298 0.682648
0.594602 0.605762
0.601569 0.717867
0.609177 0.781715
0.617403 0.810078
0.626221 0.858847
0.635607 0.850966
0.645536 0.913098
0.655984 1.17656
0.666926 1.09756
0.678338 1.02708
0.690198 0.924971
0.702481 1.2542
0.715168 0.796072
0.728235 1.06712
0.741664 1.29642
0.755435 1.19978
0.76953 1.29918
0.783931 1.03149
0.798621 1.25636
0.813586 0.946124
0.828809 1.22719
0.575101 0.620904
0.575482 0.654269
0.576625 0.524175
0.578523 0.681105
0.581171 0.890343
0.584558 0.623546
0.58867 0.843314
0.593494 0.437254
0.599012 0.571476
0.605204 0.732118
0.612051 1.09855
0.61953 0.928391
0.62762 0.693006
0.636296 0.807302
0.645536 0.66136
0.655315 0.921648
0.665609 1.12666
0.676396 1.55949
0.687651 0.722884
0.699352 1.13008
0.711478 0.939306
0.724007 1.19253
0.736918 1.04531
0.750191 0.926644
0.763808 1.03861
0.777751 0.867781
0.792003 0.767177
0.806546 1.48783
0.821366 1.26907
0.836448 1.21548
0.586805 0.828607
0.587178 0.5327
0.588298 0.820338
0.590159 0.745341
0.592755 0.723737
0.596075 0.678637
0.600109 0.658357
0.604842 0.99452
0.610257 0.802795
0.616336 0.744028
0.623061 0.723849
0.630409 0.58132
0.638361 0.924321
0.646894 0.862507
0.655984 1.03327
0.665609 1.01557
0.675747 0.74194
0.686374 0.975651
0.697468 0.990283
0.709008 0.900709
0.720971 1.28375
0.733337 1.15582
0.746087 1.17425
0.7592 1.02878
0.772659 0.900069
0.786445 0.864263
0.800541 0.962447
0.814932 1.22695
0.829603 1.41697
0.844537 1.50342
0.599012 0.879721
0.599378 0.687383
0.600474 0.763603
0.602298 0.800399
0.604842 0.781373
0.608096 0.668681
0.612051 0.686148
0.616692 0.892153
0.622004 0.671778
0.627969 0.882708
0.634571 0.931824
0.641788 0.944053
0.6496 1.07489
0.657987 0.950797
0.666926 1.00731
0.676396 0.773835
0.686374 1.3023
0.696839 0.994941
0.707769 1.5229
0.719143 1.72162
0.730941 1.22848
0.743141 1.09446
0.755726 1.20985
0.768674 0.909732
0.78197 1.24539
0.795595 1.26626
0.809532 1.38747
0.823766 1.15969
0.838281 1.22324
0.853064 0.908912
0.611692 0.88153
0.612051 0.766189
0.613125 0.777986
0.614911 0.977863
0.617403 0.544463
0.620592 0.788344
0.624467 0.624565
0.629016 0.80278
0.634225 1.05999
0.640077 0.781033
0.646554 1.05733
0.653639 1.13074
0.661312 0.818609
0.669552 0.91919
0.678338 0.86323
0.687651 0.747921
0.697468 0.786738
0.707769 1.00201
0.718533 0.824122
0.72974 0.878374
0.741369 1.42314
0.7534 1.27719
0.765816 1.09119
0.778597 1.3348
0.791726 1.03838
0.805185 1.32676
0.818959 1.44271
0.833032 1.09789
0.847389 1.28746
0.862016 1.04374
0.624818 0.610505
0.625169 0.861448
0.626221 1.18228
0.627969 0.800058
0.630409 0.870863
0.633533 0.987557
0.63733 0.642212
0.641788 0.843862
0.646894 0.769571
0.652632 0.765526
0.658986 1.08893
0.665939 1.51402
0.673471 0.998866
0.681564 1.23787
0.690198 1.03298
0.699352 0.846411
0.709008 1.26185
0.719143 1.48204
0.72974 1.06275
0.740777 0.744383
0.752235 1.30912
0.764095 1.53528
0.77634 0.779675
0.788951 1.27225
0.80191 1.37607
0.815201 1.59617
0.828809 1.41314
0.842718 0.98728
0.856912 1.22705
0.871379 0.817862
0.638361 0.956232
0.638705 0.803825
0.639734 1.27478
0.641446 1.08322
0.643835 0.759685
0.646894 0.862082
0.650612 1.0289
0.65498 0.928329
0.659984 1.04006
0.665609 0.754602
0.671841 1.01647
0.678662 1.13861
0.686054 1.10773
0.694001 1.1202
0.702481 0.901219
0.711478 0.842292
0.720971 1.42811
0.730941 1.05028
0.741369 1.09275
0.752235 0.946002
0.763521 1.30211
0.775209 1.38003
0.787281 1.12377
0.799719 1.44468
0.812507 0.956559
0.825627 1.07181
0.839066 1.40248
0.852807 1.29019
0.866837 1.53878
0.881141 1.12762
0.652296 1.0365
0.652632 0.966501
0.653639 0.620845
0.655315 0.7995
0.657653 0.757384
0.660648 0.943195
0.66429 1.01746
0.668568 1.09149
0.673471 1.10064
0.678985 0.928762
0.685095 0.760872
0.691785 0.999878
0.699039 0.91353
0.706839 1.10891
0.715168 0.956422
0.724007 1.52636
0.733337 0.99977
0.743141 1.24269
0.7534 0.92084
0.764095 0.886225
0.775209 1.34385
0.786723 1.04188
0.798621 1.41255
0.810885 1.20555
0.8235 0.880882
0.836448 1.07434
0.849715 1.29132
0.863287 1.45964
0.877149 1.1544
0.891288 1.31887
0.666597 1.13899
0.666926 0.870719
0.667912 0.920738
0.669552 1.14735
0.671841 0.89256
0.674772 1.2992
0.678338 0.996157
0.682529 0.967336
0.687332 1.10669
0.692735 1.28097
0.698725 1.21709
0.705286 1.37873
0.712402 0.875552
0.720058 0.961684
0.728235 1.36123
0.736918 1.4585
0.746087 0.993009
0.755726 1.24273
0.765816 0.714262
0.77634 1.00776
0.787281 1.39371
0.798621 1.26185
0.810344 1.11456
0.822434 0.954125
0.834873 1.17566
0.847648 1.31983
0.860743 0.993858
0.874143 1.29417
0.887836 1.15614
0.901807 1.02283
0.681242 1.1724
0.681564 0.75783
0.682529 1.04337
0.684133 1.25201
0.686374 0.990952
0.689244 1.03899
0.692735 0.917586
0.696839 0.668682
0.701544 1.01991
0.706839 0.905212
0.71271 1.2396
0.719143 1.44476
0.726124 1.23904
0.733636 1.4329
0.741664 1.12234
0.750191 1.16232
0.7592 1.13684
0.768674 0.996136
0.778597 1.06478
0.788951 1.4493
0.799719 0.967315
0.810885 1.49375
0.822434 1.087
0.834348 1.47104
0.846612 1.19189
0.859213 1.35167
0.872134 1.66007
0.885362 1.36905
0.898884 0.788811
0.912685 1.13155
0.696209 0.862631
0.696524 1.12747
0.697468 1.10901
0.699039 1.07773
0.701232 1.30637
0.704041 1.23472
0.707459 1.27721
0.711478 1.12514
0.716087 0.971038
0.721275 1.18788
0.72703 1.2616
0.733337 1.27619
0.740184 1.10986
0.747555 1.25341
0.755435 0.918146
0.763808 1.22344
0.772659 0.947415
0.78197 1.24972
0.791726 1.38415
0.80191 1.26685
0.812507 1.61553
0.8235 0.818665
0.834873 1.12774
0.846612 0.884811
0.858702 0.943964
0.871127 1.67238
0.883874 1.15247
0.896929 1.41544
0.910279 1.22349
0.923911 1.29239
0.711478 1.02307
0.711786 1.19675
0.71271 1.06449
0.714247 1.33423
0.716393 1.05378
0.719143 1.43606
0.72249 1.32207
0.726426 0.954423
0.730941 0.846691
0.736024 1.07435
0.741664 1.26432
0.747849 0.731811
0.754564 1.1294
0.761796 0.908743
0.76953 1.47771
0.777751 1.21018
0.786445 1.56867
0.795595 1.07258
0.805185 1.62373
0.815201 0.852389
0.825627 1.112
0.836448 1.65554
0.847648 1.16213
0.859213 1.0462
0.871127 1.01152
0.883378 1.00449
0.895951 1.74499
0.908832 1.04443
0.92201 1.17889
0.93547 1.09794
0.72703 1.27888
0.727331 0.862707
0.728235 1.42487
0.72974 1.1557
0.731841 1.05386
0.734533 0.708977
0.73781 1.28315
0.741664 1.49199
0.746087 1.13188
0.751068 1.08175
0.756596 1.02509
0.762659 0.938573
0.769245 0.956687
0.77634 1.38954
0.783931 0.931423
0.792003 1.00793
0.800541 1.32755
0.809532 1.11142
0.818959 1.27866
0.828809 1.16151
0.839066 1.63502
0.849715 1.02585
0.860743 1.41249
0.872134 1.67848
0.883874 1.43488
0.895951 1.39143
0.90835 1.14048
0.921058 1.37483
0.934063 0.773337
0.947352 1.31087
0.742846 1.1637
0.743141 1.16787
0.744026 1.27897
0.745499 1.36531
0.747555 1.27598
0.750191 0.924502
0.7534 1.1064
0.757175 1.17966
0.761508 1.24394
0.766388 1.74044
0.771807 1.10191
0.777751 1.31949
0.78421 1.28073
0.791171 1.27796
0.798621 0.909942
0.806546 1.10015
0.814932 1.18793
0.823766 1.19459
0.833032 0.912225
0.842718 1.41869
0.852807 1.33403
0.863287 1.07282
0.874143 0.987839
0.885362 1.21344
0.896929 1.05622
0.908832 1.45204
0.921058 1.64869
0.933593 1.16205
0.946426 1.40934
0.959544 1.08243
0.758911 1.04471
0.7592 1.04198
0.760066 1.61232
0.761508 1.46252
0.763521 1.30572
0.766102 1.00153
0.769245 1.01921
0.772942 1.17572
0.777187 1.26339
0.78197 1.06384
0.787281 0.935273
0.79311 1.34988
0.799445 1.76241
0.806274 1.13499
0.813586 1.11296
0.821366 1.60863
0.829603 1.33647
0.838281 1.53597
0.847389 1.21125
0.856912 1.26632
0.866837 1.22883
0.877149 1.36409
0.887836 1.37767
0.898884 1.22244
0.910279 1.07387
0.92201 1.0532
0.934063 0.952325
0.946426 1.09788
0.959087 1.30772
0.972034 1.69313
0.775209 1.58854
0.775492 1.1907
0.77634 0.864701
0.777751 0.832488
0.779723 1.25605
0.78225 0.989299
0.785328 1.10604
0.788951 1.40186
0.79311 0.994354
0.797797 1.17208
0.803003 1.03109
0.808719 1.34278
0.814932 1.24631
0.821633 1.30118
0.828809 1.10637
0.836448 1.07166
0.844537 1.0672
0.853064 1.2412
0.862016 0.974244
0.871379 1.16626
0.881141 1.591
0.891288 0.985088
0.901807 1.1391
0.912685 1.7623
0.923911 0.933796
0.93547 1.75222
0.947352 1.28229
0.959544 1.01396
0.972034 1.2372
0.984811 1.02851
0.502655 0.588012
0.503091 0.503176
0.504397 0.550307
0.506567 0.389881
0.509588 0.50905
0.513447 0.51555
0.518125 0.547518
0.523599 0.820588
0.529845 0.668693
0.536836 0.491507
0.544543 0.611064
0.552936 0.614254
0.561985 0.502645
0.571659 0.954543
0.581925 0.515862
0.592755 0.802521
0.604116 0.776987
0.61598 0.669436
0.628319 0.657668
0.641104 0.955711
0.65431 0.833138
0.667912 0.859041
0.681886 1.07868
0.696209 0.952621
0.710861 1.63719
0.725822 0.923472
0.741073 0.91177
0.756596 1.1966
0.772375 1.31298
0.788394 1.07289
0.503091 0.469807
0.503527 0.54337
0.504832 0.479909
0.506999 0.298343
0.510019 0.550529
0.513874 0.525924
0.518548 0.488827
0.524017 0.502911
0.530258 0.517099
0.537244 0.513336
0.544945 0.880222
0.553333 0.608605
0.562375 0.7122
0.572042 0.572132
0.582302 0.625826
0.593124 0.724117
0.604479 0.745127
0.616336 0.854241
0.628667 0.771333
0.641446 0.904994
0.654645 0.778856
0.66824 0.840819
0.682207 1.25031
0.696524 0.778147
0.71117 1.07778
0.726124 1.14661
0.741369 1.04206
0.756886 1.20083
0.772659 1.1012
0.788673 1.40678
0.504397 0.467991
0.504832 0.651192
0.506133 0.644436
0.508295 0.739959
0.511307 0.499601
0.515153 0.660402
0.519815 0.804119
0.525272 0.56061
0.531498 0.427139
0.538467 0.59963
0.546151 0.608298
0.554521 0.691078
0.563544 0.627763
0.573191 0.827933
0.583431 0.792455
0.594233 0.716921
0.605566 0.539724
0.617403 0.952278
0.629713 1.09517
0.642471 0.831255
0.655649 0.670861
0.669224 1.07971
0.683171 1.33939
0.697468 1.17983
0.712094 1.0022
0.72703 1.46105
0.742256 0.822025
0.757754 1.13948
0.77351 1.16548
0.789506 1.29425
0.506567 0.568892
0.506999 0.45194
0.508295 0.46208
0.510448 0.349985
0.513447 0.359311
0.517277 0.610297
0.521921 0.681704
0.527355 0.582339
0.533557 0.732881
0.5405 0.620657
0.548156 0.591861
0.556495 0.621012
0.565487 0.847997
0.575101 0.606998
0.585308 0.8066
0.596075 0.795644
0.607375 0.843275
0.619176 0.710357
0.631452 1.00849
0.644175 0.974416
0.65732 0.92975
0.670861 1.16282
0.684774 0.941036
0.699039 0.914727
0.713633 1.22327
0.728536 0.892509
0.743731 1.27145
0.7592 1.13085
0.774926 0.901377
0.790894 1.06718
0.509588 0.429191
0.510019 0.604764
0.511307 0.696086
0.513447 0.507393
0.516429 0.575932
0.520237 0.622314
0.524854 0.550414
0.530258 0.702973
0.536427 0.685916
0.543333 0.682874
0.550949 0.679965
0.559247 0.750589
0.568195 0.672334
0.577765 0.710747
0.587925 0.872451
0.598645 0.917678
0.609897 0.743912
0.621651 0.678206
0.633879 0.677975
0.646554 1.11423
0.659651 1.2518
0.673145 1.13067
0.687013 0.818076
0.701232 0.85242
0.715781 0.920751
0.730641 0.930937
0.745793 1.12985
0.76122 1.06097
0.776905 1.49069
0.792833 1.80188
0.513447 0.630797
0.513874 0.519774
0.515153 0.58452
0.517277 0.772971
0.520237 0.604982
0.524017 0.540185
0.528601 0.681551
0.533968 0.752988
0.540094 0.72064
0.546954 0.56431
0.554521 0.698892
0.562765 0.720121
0.571659 0.607468
0.581171 0.546665
0.591273 0.654967
0.601934 0.626828
0.613125 1.09955
0.624818 0.889367
0.636985 0.682438
0.6496 0.846791
0.662637 0.757367
0.676071 0.907678
0.68988 1.10212
0.704041 0.858541
0.718533 1.58669
0.733337 1.33015
0.748435 1.14093
0.763808 1.58412
0.779441 1.36475
0.795319 1.24266
0.518125 0.580958
0.518548 0.512078
0.519815 0.678176
0.521921 0.708653
0.524854 0.639568
0.528601 0.599575
0.533146 0.550989
0.538467 0.516887
0.544543 0.581523
0.551347 0.577755
0.558854 0.840369
0.567036 0.63205
0.575863 0.770794
0.585308 0.783066
0.595339 0.813017
0.605928 0.709019
0.617047 0.908297
0.628667 0.895834
0.640762 1.0584
0.653304 0.960801
0.666268 0.719722
0.67963 1.18507
0.693368 1.11651
0.707459 1.21077
0.721883 1.30445
0.73662 1.33555
0.751652 1.0356
0.766961 1.83249
0.782531 1.05393
0.798346 1.28841
0.523599 0.596567
0.524017 0.431687
0.525272 0.537167
0.527355 0.426281
0.530258 0.522722
0.533968 0.359258
0.538467 0.674338
0.543737 0.69013
0.549754 0.587088
0.556495 0.621945
0.563933 0.918479
0.572042 0.6706
0.580794 0.722848
0.590159 0.765024
0.600109 0.784648
0.610616 1.10212
0.621651 0.882462
0.633187 0.603857
0.645196 0.623593
0.657653 0.677743
0.670534 0.82088
0.683813 1.13222
0.697468 1.31738
0.711478 1.06897
0.725822 0.852618
0.74048 1.03827
0.755435 1.14144
0.770669 1.11522
0.786166 1.02962
0.80191 0.9472
0.529845 0.65052
0.530258 0.578687
0.531498 0.574
0.533557 0.520559
0.536427 0.931627
0.540094 0.693223
0.544543 0.700441
0.549754 0.528698
0.555706 0.819799
0.562375 0.52418
0.569737 0.447503
0.577765 0.704389
0.586431 0.796894
0.595707 0.681474
0.605566 1.04021
0.61598 1.00553
0.626921 0.924954
0.638361 0.869862
0.650275 0.85029
0.662637 1.1868
0.675422 0.741408
0.688607 1.14354
0.702169 1.19941
0.716087 1.1514
0.730341 0.644534
0.74491 1.24286
0.759778 1.31145
0.774926 1.12772
0.790339 1.228
0.806002 1.39043
0.536836 0.812264
0.537244 0.440199
0.538467 0.456017
0.5405 0.597542
0.543333 0.49822
0.546954 0.698632
0.551347 0.599865
0.556495 0.673035
0.562375 0.551532
0.568967 0.565975
0.576244 0.583246
0.584182 0.647301
0.592755 0.581422
0.601934 0.728651
0.611692 0.755822
0.622004 0.492859
0.63284 0.841203
0.644175 1.05223
0.655984 0.793648
0.66824 0.692669
0.68092 1.34698
0.694001 1.04725
0.707459 1.15463
0.721275 1.15573
0.735428 0.948644
0.749899 1.13694
0.764669 0.991417
0.779723 1.09796
0.795043 1.19086
0.810615 1.28555
0.544543 0.690375
0.544945 0.617691
0.546151 0.737214
0.548156 0.47632
0.550949 0.586666
0.554521 0.613045
0.558854 0.510619
0.563933 0.84023
0.569737 0.649628
0.576244 0.799782
0.583431 0.736184
0.591273 0.951164
0.599743 0.890734
0.608817 0.697556
0.618467 0.750842
0.628667 0.879239
0.639391 1.34453
0.650612 1.20221
0.662306 0.741376
0.674447 0.860336
0.687013 1.19837
0.699979 1.14978
0.713325 1.07972
0.72703 1.03899
0.741073 1.57491
0.755435 1.32063
0.7701 0.927686
0.785049 1.05031
0.800267 1.1924
0.815739 1.27633
0.552936 0.574239
0.553333 0.655163
0.554521 0.696886
0.556495 0.67742
0.559247 0.611928
0.562765 0.821697
0.567036 0.886038
0.572042 0.665137
0.577765 0.711229
0.584182 0.850287
0.591273 0.753259
0.599012 0.782352
0.607375 0.825932
0.616336 0.797964
0.62587 0.696456
0.635952 0.779761
0.646554 1.15471
0.657653 1.01547
0.669224 0.775423
0.681242 1.01735
0.693684 1.14268
0.706529 1.08734
0.719753 0.922153
0.733337 2.0184
0.747262 1.12767
0.761508 1.43107
0.776057 1.57077
0.790894 1.05117
0.806002 1.51787
0.821366 1.63748
0.561985 0.848617
0.562375 0.656304
0.563544 0.68649
0.565487 0.638408
0.568195 0.777621
0.571659 0.511289
0.575863 0.551821
0.580794 0.916456
0.586431 0.815387
0.592755 0.928514
0.599743 0.591802
0.607375 0.537025
0.615624 0.953241
0.624467 0.582028
0.633879 0.936542
0.643835 0.638816
0.65431 1.02493
0.66528 0.672611
0.67672 1.03737
0.688607 0.954588
0.700919 0.91864
0.713633 0.804015
0.726728 1.50458
0.740184 0.794496
0.753982 1.78878
0.768104 1.42135
0.782531 1.16644
0.797247 0.83869
0.812237 1.00564
0.827485 1.04603
0.571659 1.10052
0.572042 0.879867
0.573191 0.84868
0.575101 0.823119
0.577765 0.989866
0.581171 0.905162
0.585308 0.837573
0.590159 0.758941
0.595707 0.63895
0.601934 0.627157
0.608817 0.822994
0.616336 0.733177
0.624467 0.888507
0.633187 0.746379
0.642471 1.0411
0.652296 0.882368
0.662637 1.11357
0.673471 0.880373
0.684774 1.16399
0.696524 0.829975
0.708698 1.11737
0.721275 0.960153
0.734234 1.49749
0.747555 1.3861
0.76122 1.08044
0.775209 1.29467
0.789506 1.57223
0.804095 1.1545
0.818959 1.40091
0.834085 1.12005
0.581925 0.689988
0.582302 0.81228
0.583431 0.862825
0.585308 0.533964
0.587925 0.671454
0.591273 0.803473
0.595339 0.719562
0.600109 0.858774
0.605566 0.896093
0.611692 0.743784
0.618467 0.930953
0.62587 0.883819
0.633879 0.975575
0.642471 1.05932
0.651623 1.39312
0.661312 0.936015
0.671514 1.10293
0.682207 0.998742
0.693368 1.0908
0.704975 1.11395
0.717005 0.976383
0.729439 0.899464
0.742256 1.01918
0.755435 1.12541
0.76896 1.43996
0.782811 0.852605
0.796972 1.37109
0.811426 1.23328
0.826159 1.35468
0.841155 1.39848
0.592755 0.830262
0.593124 0.868518
0.594233 1.03817
0.596075 0.700668
0.598645 1.09779
0.601934 0.795765
0.605928 0.888769
0.610616 0.7966
0.61598 0.817357
0.622004 0.671797
0.628667 1.2582
0.635952 0.57851
0.643835 0.662065
0.652296 0.841748
0.661312 0.890427
0.670861 1.16119
0.68092 0.865512
0.691468 1.06097
0.702481 0.78502
0.71394 1.50158
0.725822 1.07951
0.738107 1.45549
0.750776 1.2067
0.763808 1.35422
0.777187 1.48318
0.790894 1.41314
0.804913 1.46649
0.819227 1.46094
0.833822 1.26728
0.848682 0.971432
0.604116 0.866291
0.604479 1.11617
0.605566 0.578009
0.607375 0.720601
0.609897 0.798112
0.613125 0.799818
0.617047 1.00044
0.621651 1.20449
0.626921 1.05412
0.63284 0.698789
0.639391 0.862094
0.646554 0.883385
0.65431 0.56161
0.662637 1.0065
0.671514 0.700127
0.68092 1.15381
0.690833 0.927401
0.701232 1.00815
0.712094 0.725048
0.723401 1.16043
0.73513 0.778664
0.747262 1.23354
0.759778 1.10349
0.772659 1.70283
0.785887 1.24627
0.799445 0.973433
0.813316 1.24259
0.827485 1.28371
0.841936 1.15878
0.856656 1.28362
0.61598 0.739585
0.616336 0.847944
0.617403 0.873355
0.619176 0.895153
0.621651 1.2585
0.624818 0.725739
0.628667 0.772855
0.633187 0.6211
0.638361 0.910465
0.644175 0.954804
0.650612 0.797567
0.657653 0.690668
0.66528 0.819999
0.673471 1.04687
0.682207 1.21103
0.691468 1.29638
0.701232 0.94013
0.711478 0.933
0.722187 1.74024
0.733337 1.0707
0.74491 1.21323
0.756886 0.891193
0.769245 1.0343
0.78197 1.12499
0.795043 1.00435
0.808447 1.17092
0.822167 1.05214
0.836186 1.69202
0.850489 1.40767
0.865064 1.03941
0.628319 0.781089
0.628667 0.796097
0.629713 0.535668
0.631452 0.783136
0.633879 0.898043
0.636985 1.23723
0.640762 0.879398
0.645196 0.888184
0.650275 1.16398
0.655984 1.41509
0.662306 1.21712
0.669224 1.04376
0.67672 1.35115
0.684774 1.28175
0.693368 1.01296
0.702481 1.28909
0.712094 1.18428
0.722187 0.911084
0.732739 1.14115
0.743731 1.22335
0.755145 0.814165
0.766961 1.35234
0.77916 1.13756
0.791726 1.0196
0.80464 1.0466
0.817887 1.5947
0.831451 1.30688
0.845316 1.30594
0.859468 1.37548
0.873892 1.44077
0.641104 0.649072
0.641446 0.596813
0.642471 1.14002
0.644175 0.947669
0.646554 0.95664
0.6496 1.15802
0.653304 1.04517
0.657653 1.35334
0.662637 0.925499
0.66824 1.1628
0.674447 0.870117
0.681242 0.892122
0.688607 1.21362
0.696524 1.07029
0.704975 0.846794
0.71394 0.763688
0.723401 0.904617
0.733337 1.09266
0.743731 0.854902
0.754564 1.41148
0.765816 0.938393
0.777469 0.954595
0.789506 1.03676
0.80191 1.26671
0.814663 1.17762
0.82775 1.42643
0.841155 1.77251
0.854862 1.39664
0.868858 1.1215
0.88313 0.884017
0.65431 1.04101
0.654645 1.18544
0.655649 1.15915
0.65732 1.11565
0.659651 0.979998
0.662637 0.813287
0.666268 1.34951
0.670534 0.803148
0.675422 0.816993
0.68092 1.2157
0.687013 1.30466
0.693684 0.723631
0.700919 1.30657
0.708698 1.29902
0.717005 1.25903
0.725822 1.27344
0.73513 0.820308
0.74491 1.045
0.755145 1.25556
0.765816 1.64091
0.776905 1.23522
0.788394 1.21523
0.800267 1.21004
0.812507 1.4889
0.825096 1.18334
0.83802 1.63819
0.851263 1.38682
0.86481 0.895181
0.878648 1.19356
0.892763 1.14553
0.667912 1.44203
0.66824 1.02436
0.669224 1.07768
0.670861 1.2108
0.673145 1.04285
0.676071 1.08894
0.67963 1.45643
0.683813 0.98169
0.688607 1.14559
0.694001 0.973511
0.699979 1.08552
0.706529 1.31913
0.713633 0.963083
0.721275 1.53347
0.729439 1.00678
0.738107 1.19151
0.747262 1.06307
0.756886 1.35762
0.766961 1.49376
0.777469 1.2694
0.788394 1.59601
0.799719 1.7155
0.811426 1.20404
0.8235 1.18046
0.835923 1.40424
0.848682 1.18872
0.861762 0.870388
0.875146 0.997587
0.888823 1.06706
0.902779 0.991515
0.681886 1.06465
0.682207 0.819547
0.683171 1.00353
0.684774 0.814759
0.687013 1.20745
0.68988 1.04957
0.693368 0.975155
0.697468 0.906166
0.702169 1.06206
0.707459 1.1364
0.713325 0.885491
0.719753 0.926667
0.726728 1.11044
0.734234 1.0562
0.742256 1.14392
0.750776 1.41797
0.759778 1.18606
0.769245 0.875558
0.77916 1.33846
0.789506 1.60403
0.800267 1.52273
0.811426 1.27555
0.822967 1.21366
0.834873 1.31105
0.84713 1.27137
0.859723 1.07857
0.872637 1.53662
0.885857 1.27539
0.899371 1.34678
0.913166 1.03029
0.696209 1.15597
0.696524 1.09587
0.697468 1.08889
0.699039 1.1131
0.701232 1.20541
0.704041 1.03651
0.707459 1.10339
0.711478 1.41232
0.716087 0.757392
0.721275 1.29527
0.72703 1.40336
0.733337 0.940686
0.740184 1.3513
0.747555 1.19589
0.755435 0.89453
0.763808 1.12583
0.772659 1.16562
0.78197 1.22507
0.791726 1.08669
0.80191 1.14059
0.812507 0.908599
0.8235 1.73072
0.834873 1.27686
0.846612 1.09846
0.858702 1.16719
0.871127 1.6844
0.883874 0.9705
0.896929 1.14123
0.910279 1.08954
0.923911 1.13209
0.710861 0.911362
0.71117 1.13928
0.712094 1.01605
0.713633 0.966185
0.715781 1.3887
0.718533 1.23873
0.721883 1.223
0.725822 0.93703
0.730341 1.09561
0.735428 1.36735
0.741073 1.06502
0.747262 1.25962
0.753982 1.397
0.76122 1.11277
0.76896 1.45625
0.777187 1.02017
0.785887 1.39561
0.795043 1.18457
0.80464 1.17857
0.814663 0.945381
0.825096 1.24864
0.835923 1.44015
0.84713 1.18309
0.858702 1.11396
0.870624 1.27279
0.882881 1.10416
0.895461 1.46728
0.90835 1.31465
0.921534 1.39509
0.935001 1.13282
0.725822 0.78146
0.726124 0.911953
0.72703 1.22131
0.728536 1.09177
0.730641 1.19321
0.733337 1.09603
0.73662 0.95315
0.74048 0.958439
0.74491 1.20493
0.749899 1.28275
0.755435 1.05093
0.761508 1.14558
0.768104 0.878026
0.775209 0.893057
0.782811 1.16953
0.790894 1.0483
0.799445 1.24741
0.808447 1.03394
0.817887 1.00906
0.82775 1.43213
0.83802 0.87689
0.848682 1.22895
0.859723 1.25027
0.871127 1.79401
0.882881 0.993681
0.894971 0.953915
0.907383 1.24259
0.920105 1.28585
0.933123 1.44939
0.946426 1.50241
0.741073 1.33926
0.741369 0.95561
0.742256 1.2893
0.743731 1.47423
0.745793 1.10729
0.748435 1.21411
0.751652 0.948237
0.755435 1.06793
0.759778 1.22819
0.764669 0.913085
0.7701 1.14981
0.776057 1.10125
0.782531 1.42638
0.789506 1.45048
0.796972 0.761436
0.804913 1.28819
0.813316 1.63342
0.822167 1.34456
0.831451 1.26679
0.841155 1.13188
0.851263 1.54791
0.861762 1.06512
0.872637 1.25105
0.883874 1.17489
0.895461 1.00507
0.907383 1.3323
0.919628 0.858949
0.932182 0.730756
0.945034 1.09117
0.958171 1.40017
0.756596 0.976405
0.756886 0.849002
0.757754 1.08326
0.7592 0.789757
0.76122 1.40477
0.763808 1.55154
0.766961 1.40928
0.770669 1.2068
0.774926 1.33972
0.779723 1.23139
0.785049 1.31286
0.790894 1.04845
0.797247 1.46963
0.804095 0.927003
0.811426 1.31639
0.819227 0.988216
0.827485 1.41231
0.836186 1.64835
0.845316 1.31222
0.854862 1.18471
0.86481 1.13862
0.875146 1.04966
0.885857 1.0391
0.896929 0.967894
0.90835 1.45251
0.920105 1.3233
0.932182 1.11345
0.94457 1.07935
0.957255 0.722858
0.970227 1.06871
0.772375 0.761516
0.772659 0.860756
0.77351 1.39143
0.774926 1.28973
0.776905 1.44326
0.779441 1.238
0.782531 1.41669
0.786166 1.07875
0.790339 1.04272
0.795043 1.53763
0.800267 1.46101
0.806002 1.18402
0.812237 1.41181
0.818959 1.09002
0.826159 1.16154
0.833822 1.08139
0.841936 1.66125
0.850489 1.06482
0.859468 1.05849
0.868858 0.902338
0.878648 1.38711
0.888823 1.0874
0.899371 1.36482
0.910279 2.07257
0.921534 1.08825
0.933123 1.31401
0.945034 0.995827
0.957255 1.13992
0.969775 1.06991
0.982582 0.777182
0.788394 1.31534
0.788673 1.33836
0.789506 1.12778
0.790894 1.20916
0.792833 1.28371
0.795319 1.26427
0.798346 1.25327
0.80191 1.17166
0.806002 1.24106
0.810615 1.68077
0.815739 1.20739
0.821366 0.800818
0.827485 1.27195
0.834085 1.11365
0.841155 0.934424
0.848682 1.11313
0.856656 1.14527
0.865064 1.06237
0.873892 1.47535
0.88313 1.83452
0.892763 1.33356
0.902779 1.11093
0.913166 0.850178
0.923911 1.51358
0.935001 1.23738
0.946426 1.4092
0.958171 1.07955
0.970227 0.68108
0.982582 1.3029
0.995223 0.96952
0.523599 0.641746
0.524017 0.542237
0.525272 0.770303
0.527355 0.636779
0.530258 0.818914
0.533968 0.438224
0.538467 0.501356
0.543737 0.546616
0.549754 0.620544
0.556495 0.735281
0.563933 0.912869
0.572042 0.493876
0.580794 0.760718
0.590159 0.747507
0.600109 0.980134
0.610616 0.765348
0.621651 1.04187
0.633187 0.737972
0.645196 1.15509
0.657653 0.911023
0.670534 0.692384
0.683813 0.764937
0.697468 1.11554
0.711478 1.09294
0.725822 1.12442
0.74048 1.29586
0.755435 1.32005
0.770669 1.24594
0.786166 1.05034
0.80191 1.22579
0.524017 0.839088
0.524436 0.62882
0.525689 0.515127
0.527771 0.478786
0.530672 0.638788
0.534379 0.571447
0.538874 0.773987
0.54414 0.720941
0.550153 0.706847
0.556889 0.513511
0.564322 0.688564
0.572425 0.634044
0.581171 0.914557
0.59053 0.849121
0.600474 0.799855
0.610975 0.890563
0.622004 1.02745
0.633533 0.952737
0.645536 1.13344
0.657987 0.875898
0.670861 0.893335
0.684133 0.799326
0.697783 1.29829
0.711786 1.0758
0.726124 1.66953
0.740777 1.27355
0.755726 1.10412
0.770954 1.08924
0.786445 1.18642
0.802183 1.17713
0.525272 0.414523
0.525689 0.697777
0.526939 0.586919
0.529016 0.492091
0.53191 0.417402
0.535609 0.828452
0.540094 0.501213
0.545348 0.50643
0.551347 0.424967
0.558069 0.740223
0.565487 0.623752
0.573574 0.65578
0.582302 0.604057
0.591643 0.7835
0.601569 0.897042
0.612051 0.789704
0.623061 0.967213
0.634571 0.798397
0.646554 0.973158
0.658986 0.72568
0.671841 1.14505
0.685095 1.48546
0.698725 0.757935
0.71271 0.999762
0.72703 1.26593
0.741664 1.25152
0.756596 1.16675
0.771807 1.02493
0.787281 1.00171
0.803003 1.35748
0.527355 0.45491
0.527771 0.499663
0.529016 0.61201
0.531085 0.685369
0.533968 0.569556
0.537652 0.797793
0.542121 0.775174
0.547355 0.667625
0.553333 0.773568
0.56003 0.577331
0.567423 0.740115
0.575482 0.759956
0.584182 0.777203
0.593494 0.927197
0.603389 0.930924
0.61384 0.867232
0.624818 0.870535
0.636296 0.906933
0.648248 1.05912
0.660648 1.01376
0.673471 0.953106
0.686693 1.38677
0.700293 0.987345
0.714247 1.19635
0.728536 1.44436
0.743141 1.32247
0.758044 1.0207
0.773226 1.08309
0.788673 1.32493
0.804368 1.17542
0.530258 0.794821
0.530672 0.551832
0.53191 0.691325
0.533968 0.537371
0.536836 0.62303
0.5405 0.381794
0.544945 0.655262
0.550153 0.486996
0.5561 0.596149
0.562765 0.678104
0.570122 0.564264
0.578144 0.928684
0.586805 0.577729
0.596075 0.735646
0.605928 0.738375
0.616336 0.918564
0.62727 1.15287
0.638705 1.07223
0.650612 0.850566
0.662968 1.16152
0.675747 0.890329
0.688925 0.897602
0.702481 0.942681
0.716393 0.930574
0.730641 1.194
0.745204 1.31444
0.760066 1.06777
0.775209 1.32159
0.790617 0.936397
0.806274 1.72856
0.533968 0.531577
0.534379 0.561596
0.535609 0.501406
0.537652 0.541377
0.5405 0.639712
0.54414 0.685899
0.548556 0.516664
0.553729 0.669527
0.559639 0.802442
0.566262 0.872545
0.573574 0.442528
0.581548 0.80156
0.590159 0.871824
0.599378 0.810295
0.609177 0.829282
0.61953 0.885099
0.630409 0.659864
0.641788 0.887225
0.653639 1.17092
0.665939 1.04759
0.678662 1.01196
0.691785 0.969571
0.705286 0.836797
0.719143 0.889489
0.733337 1.03331
0.747849 1.18346
0.762659 1.34539
0.777751 1.2978
0.79311 1.13463
0.808719 1.08676
0.538467 0.777662
0.538874 0.701414
0.540094 0.705348
0.542121 0.365434
0.544945 0.521351
0.548556 0.663968
0.552936 0.686219
0.558069 0.872621
0.563933 0.523335
0.570506 0.672505
0.577765 0.948331
0.585682 0.899648
0.594233 0.832273
0.603389 0.670077
0.613125 0.908826
0.623412 1.09308
0.634225 0.955139
0.645536 0.75452
0.65732 1.08547
0.669552 0.673215
0.682207 1.10217
0.695263 0.963191
0.708698 1.30647
0.72249 1.17928
0.73662 1.01703
0.751068 1.22457
0.765816 0.714939
0.780847 1.14615
0.796146 1.42389
0.811696 1.47849
0.543737 0.444356
0.54414 0.667529
0.545348 0.763442
0.547355 0.613223
0.550153 0.640834
0.553729 0.625263
0.558069 0.603065
0.563155 0.925621
0.568967 0.436979
0.575482 0.777769
0.582679 0.657758
0.59053 0.590903
0.599012 0.937588
0.608096 0.8196
0.617758 0.534627
0.627969 1.01107
0.638705 0.734772
0.649938 0.733876
0.661643 1.03959
0.673797 1.16748
0.686374 1.29199
0.699352 0.905378
0.71271 1.00559
0.726426 1.44146
0.74048 1.23778
0.754854 0.986272
0.76953 0.97192
0.78449 1.18251
0.799719 0.825878
0.815201 1.31836
0.549754 0.886985
0.550153 0.661247
0.551347 0.75025
0.553333 0.526385
0.5561 0.48258
0.559639 0.490646
0.563933 0.656975
0.568967 0.974673
0.57472 0.496979
0.581171 0.927842
0.588298 0.652325
0.596075 0.712511
0.604479 0.977564
0.613483 0.858285
0.623061 0.912721
0.633187 0.702368
0.643835 0.552201
0.65498 0.993787
0.666597 1.00304
0.678662 1.2649
0.69115 1.0817
0.704041 1.2159
0.717311 0.937884
0.730941 1.38926
0.74491 0.752735
0.7592 1.02925
0.773793 1.50255
0.788673 1.12329
0.803822 1.18389
0.819227 1.16093
0.556495 0.611282
0.556889 1.17704
0.558069 0.659019
0.56003 0.629622
0.562765 0.598662
0.566262 0.759275
0.570506 0.716822
0.575482 0.70985
0.581171 0.95193
0.587552 0.95377
0.594602 0.851188
0.602298 0.800296
0.610616 0.703386
0.61953 0.781485
0.629016 0.920876
0.639048 0.966099
0.6496 0.887165
0.660648 0.688321
0.672167 0.943219
0.684133 0.960913
0.696524 1.02377
0.709317 0.957513
0.72249 0.899008
0.736024 1.23611
0.749899 1.15549
0.764095 0.836991
0.778597 1.31496
0.793386 1.18162
0.808447 0.982343
0.823766 1.26032
0.563933 0.788175
0.564322 0.669929
0.565487 0.709647
0.567423 0.698349
0.570122 0.70974
0.573574 0.824199
0.577765 0.714305
0.582679 0.749089
0.588298 0.752204
0.594602 0.849733
0.601569 0.720512
0.609177 0.636616
0.617403 0.926617
0.626221 0.884366
0.635607 1.10612
0.645536 0.789578
0.655984 1.02347
0.666926 0.843934
0.678338 1.24887
0.690198 0.893589
0.702481 1.08221
0.715168 0.981378
0.728235 1.15539
0.741664 1.33116
0.755435 1.27704
0.76953 0.879582
0.783931 0.869372
0.798621 0.958476
0.813586 1.03403
0.828809 0.970558
0.572042 0.464092
0.572425 0.905005
0.573574 0.828926
0.575482 0.463202
0.578144 0.686155
0.581548 0.582881
0.585682 0.597205
0.59053 0.857515
0.596075 0.656529
0.602298 0.812346
0.609177 0.848261
0.616692 0.646637
0.624818 0.981049
0.633533 1.14073
0.642812 1.13638
0.652632 1.2125
0.662968 1.16539
0.673797 1.00434
0.685095 1.20487
0.696839 1.23309
0.709008 0.9858
0.721579 1.00518
0.734533 1.38017
0.747849 1.06532
0.761508 1.21866
0.775492 1.20437
0.789784 1.18224
0.804368 1.09191
0.819227 1.69998
0.834348 1.03949
0.580794 0.777992
0.581171 0.494223
0.582302 0.717085
0.584182 1.00404
0.586805 0.868793
0.590159 0.606628
0.594233 0.714492
0.599012 0.865983
0.604479 0.873168
0.610616 0.592971
0.617403 0.600317
0.624818 1.14125
0.63284 1.11711
0.641446 1.41198
0.650612 1.07091
0.660316 0.595745
0.670534 1.06283
0.681242 0.838033
0.692419 0.729466
0.704041 1.21802
0.716087 1.05191
0.728536 0.989846
0.741369 1.2842
0.754564 1.14722
0.768104 1.09513
0.78197 1.05621
0.796146 1.54146
0.810615 0.999556
0.825362 1.33829
0.840372 1.22295
0.590159 0.783171
0.59053 0.848653
0.591643 0.745513
0.593494 0.910367
0.596075 0.92124
0.599378 0.681701
0.603389 0.576442
0.608096 0.816151
0.613483 0.835321
0.61953 0.804356
0.626221 0.920362
0.633533 0.888492
0.641446 0.982224
0.649938 0.924013
0.658986 1.07374
0.668568 0.916409
0.678662 1.06224
0.689244 1.27468
0.700293 1.21181
0.711786 1.1679
0.723704 1.1095
0.736024 1.47532
0.748728 1.39384
0.761796 1.03456
0.775209 1.1469
0.788951 1.49628
0.803003 1.19327
0.817351 0.88208
0.831979 1.03098
0.846871 1.02167
0.600109 0.788376
0.600474 0.567931
0.601569 0.862086
0.603389 0.988377
0.605928 0.972142
0.609177 0.740231
0.613125 0.889678
0.617758 0.719215
0.623061 0.847082
0.629016 0.91397
0.635607 0.926694
0.642812 0.75091
0.650612 0.871352
0.658986 0.963404
0.667912 1.34129
0.677368 1.00705
0.687332 0.697506
0.697783 1.12708
0.708698 1.08714
0.720058 1.27842
0.731841 1.3059
0.744026 1.01801
0.756596 1.4836
0.76953 1.04357
0.782811 1.72549
0.796421 1.49583
0.810344 1.15015
0.824564 1.35924
0.839066 0.900372
0.853835 1.02448
0.610616 0.830255
0.610975 0.70522
0.612051 0.911627
0.61384 0.667825
0.616336 0.602552
0.61953 0.876502
0.623412 0.960442
0.627969 0.677426
0.633187 0.976198
0.639048 0.832891
0.645536 1.28851
0.652632 1.28288
0.660316 0.997047
0.668568 0.808464
0.677368 1.31504
0.686693 0.937153
0.696524 0.950574
0.706839 0.88634
0.717617 1.00314
0.728837 1.43301
0.74048 1.0855
0.752526 1.0704
0.764956 1.30241
0.777751 1.094
0.790894 1.09422
0.804368 1.12814
0.818156 1.23087
0.832242 1.05065
0.846612 0.915903
0.861252 0.979834
0.621651 0.903875
0.622004 0.77387
0.623061 0.803364
0.624818 0.742847
0.62727 1.05982
0.630409 0.75994
0.634225 1.07169
0.638705 1.02477
0.643835 0.829306
0.6496 1.24787
0.655984 0.894666
0.662968 0.949363
0.670534 1.27391
0.678662 0.854031
0.687332 0.827687
0.696524 1.06809
0.706218 0.875762
0.716393 1.09238
0.72703 0.931475
0.738107 1.15335
0.749606 1.13788
0.761508 1.01356
0.773793 1.36441
0.786445 1.207
0.799445 1.29369
0.812776 1.24216
0.826424 1.44948
0.840372 1.19899
0.854606 1.6744
0.869111 1.01996
0.633187 0.819528
0.633533 0.883596
0.634571 0.895768
0.636296 0.931371
0.638705 0.75075
0.641788 1.2588
0.645536 0.774956
0.649938 0.888535
0.65498 0.846479
0.660648 0.944999
0.666926 1.21755
0.673797 0.932663
0.681242 1.04922
0.689244 0.776343
0.697783 1.08106
0.706839 1.20296
0.716393 0.854549
0.726426 1.66649
0.736918 1.22047
0.747849 1.08348
0.7592 0.947183
0.770954 1.00274
0.783091 0.808423
0.795595 1.00552
0.808447 1.60271
0.821633 0.952299
0.835136 1.5655
0.848941 1.09003
0.863033 1.25666
0.877399 0.841938
0.645196 0.990142
0.645536 0.980539
0.646554 0.948942
0.648248 1.02335
0.650612 0.992176
0.653639 1.04196
0.65732 1.31121
0.661643 1.24628
0.666597 0.872722
0.672167 0.837227
0.678338 0.848894
0.685095 1.02742
0.692419 0.737042
0.700293 0.794963
0.708698 0.941957
0.717617 0.870715
0.72703 0.787295
0.736918 1.3173
0.747262 1.09308
0.758044 1.02851
0.769245 1.23303
0.780847 1.49973
0.792833 1.216
0.805185 1.404
0.817887 1.16067
0.830923 1.11966
0.844278 1.50157
0.857935 1.03114
0.871882 1.15404
0.886105 0.955961
0.657653 0.705523
0.657987 0.713993
0.658986 1.20375
0.660648 1.15307
0.662968 0.927101
0.665939 1.1331
0.669552 0.917001
0.673797 1.13046
0.678662 0.747487
0.684133 0.976225
0.690198 0.829288
0.696839 1.03557
0.704041 1.53955
0.711786 0.875349
0.720058 1.17646
0.728837 1.15359
0.738107 1.50567
0.747849 1.0282
0.758044 1.28262
0.768674 1.48501
0.779723 1.30379
0.791171 1.36164
0.803003 1.02346
0.815201 1.06621
0.82775 1.40416
0.840633 1.52858
0.853835 0.926679
0.867343 1.35418
0.881141 1.18772
0.895216 1.11201
0.670534 0.941592
0.670861 0.757513
0.671841 0.837523
0.673471 1.02813
0.675747 0.91761
0.678662 0.931406
0.682207 1.17412
0.686374 0.94045
0.69115 1.02839
0.696524 1.13459
0.702481 1.34439
0.709008 1.13582
0.716087 1.04316
0.723704 0.908618
0.731841 0.839719
0.74048 1.00537
0.749606 1.02508
0.7592 1.29673
0.769245 1.36122
0.779723 1.3957
0.790617 0.962826
0.80191 1.15504
0.813586 1.68864
0.825627 1.49161
0.83802 1.09785
0.850747 1.01464
0.863795 1.1419
0.877149 1.08648
0.890795 1.26545
0.904721 1.54329
0.683813 1.02986
0.684133 1.346
0.685095 1.15311
0.686693 1.20704
0.688925 0.992615
0.691785 0.949254
0.695263 1.11766
0.699352 0.683173
0.704041 1.18609
0.709317 0.966394
0.715168 1.20941
0.721579 0.896611
0.728536 1.07221
0.736024 1.17211
0.744026 0.908583
0.752526 1.25826
0.761508 1.34903
0.770954 1.49173
0.780847 1.08753
0.791171 0.929102
0.80191 1.24353
0.813046 0.979179
0.824564 1.41403
0.836448 1.22248
0.848682 0.95507
0.861252 1.02843
0.874143 1.45318
0.887342 1.00087
0.900833 0.979136
0.914606 1.1552
0.697468 0.840427
0.697783 1.06859
0.698725 0.975886
0.700293 0.912273
0.702481 1.02192
0.705286 0.888206
0.708698 1.48666
0.71271 1.27008
0.717311 1.40719
0.72249 1.51097
0.728235 1.02108
0.734533 1.21723
0.741369 1.10389
0.748728 1.02667
0.756596 1.27708
0.764956 1.53276
0.773793 1.32079
0.783091 1.11437
0.792833 1.16216
0.803003 1.0276
0.813586 0.828374
0.824564 1.0633
0.835923 1.42176
0.847648 1.17801
0.859723 1.38967
0.872134 1.08214
0.884866 0.989365
0.897907 1.20037
0.911242 1.73663
0.92486 1.16778
0.711478 1.26727
0.711786 0.812415
0.71271 1.19804
0.714247 0.96465
0.716393 0.943647
0.719143 0.788037
0.72249 1.14265
0.726426 1.08049
0.730941 1.40128
0.736024 1.33682
0.741664 1.09951
0.747849 1.02057
0.754564 1.25393
0.761796 1.06619
0.76953 1.25583
0.777751 1.18982
0.786445 1.31856
0.795595 1.18428
0.805185 1.52219
0.815201 1.04604
0.825627 1.19835
0.836448 1.31032
0.847648 1.62818
0.859213 1.55118
0.871127 0.903727
0.883378 1.66752
0.895951 1.31612
0.908832 1.48069
0.92201 1.22439
0.93547 1.07835
0.725822 0.977547
0.726124 1.07525
0.72703 0.972658
0.728536 0.88892
0.730641 0.802901
0.733337 1.50361
0.73662 0.967061
0.74048 1.02195
0.74491 1.40632
0.749899 1.08164
0.755435 0.872745
0.761508 1.23025
0.768104 0.652709
0.775209 0.871512
0.782811 1.19022
0.790894 1.26712
0.799445 1.26989
0.808447 0.946385
0.817887 1.36634
0.82775 0.992325
0.83802 1.37219
0.848682 1.39054
0.859723 1.12089
0.871127 1.24274
0.882881 1.30251
0.894971 1.1791
0.907383 1.41835
0.920105 0.917495
0.933123 1.06014
0.946426 1.14971
0.74048 1.29402
0.740777 0.832139
0.741664 1.10659
0.743141 1.13024
0.745204 1.03292
0.747849 1.05165
0.751068 1.31135
0.754854 1.18233
0.7592 1.00514
0.764095 0.880736
0.76953 1.39859
0.775492 1.47144
0.78197 1.01325
0.788951 0.92459
0.796421 0.891212
0.804368 1.33078
0.812776 1.48455
0.821633 1.25771
0.830923 1.16185
0.840633 1.16131
0.850747 1.16682
0.861252 1.49941
0.872134 1.20071
0.883378 1.19912
0.894971 1.15492
0.9069 1.3129
0.919151 1.07691
0.931712 1.05968
0.94457 1.03003
0.957714 0.896681
0.755435 1.08332
0.755726 0.783838
0.756596 1.01587
0.758044 1.62397
0.760066 1.13566
0.762659 0.926701
0.765816 0.898236
0.76953 1.13981
0.773793 0.832627
0.778597 1.2692
0.783931 1.28315
0.789784 1.73307
0.796146 1.42738
0.803003 1.17248
0.810344 1.54106
0.818156 0.928329
0.826424 1.15026
0.835136 0.875769
0.844278 1.35337
0.853835 1.39968
0.863795 1.1067
0.874143 1.25199
0.884866 1.03376
0.895951 1.19879
0.907383 1.52476
0.919151 0.990692
0.931241 1.28114
0.943641 1.37691
0.956339 1.18876
0.969323 0.95022
0.770669 1.22811
0.770954 0.94934
0.771807 0.790923
0.773226 1.58453
0.775209 0.921685
0.777751 1.62122
0.780847 1.34853
0.78449 1.09416
0.788673 1.16152
0.793386 1.21681
0.798621 0.818106
0.804368 1.25058
0.810615 1.16415
0.817351 1.2986
0.824564 1.08569
0.832242 0.974636
0.840372 1.34915
0.848941 1.00475
0.857935 1.1032
0.867343 1.18148
0.877149 1.42009
0.887342 1.35084
0.897907 0.962065
0.908832 1.15548
0.920105 1.02129
0.931712 1.18484
0.943641 1.17216
0.95588 0.931151
0.968417 1.39351
0.981241 1.29721
0.786166 1.60718
0.786445 1.39578
0.787281 1.08338
0.788673 1.45613
0.790617 1.35478
0.79311 1.16452
0.796146 1.22585
0.799719 1.22136
0.803822 1.00463
0.808447 1.41308
0.813586 1.08759
0.819227 1.29886
0.825362 1.10658
0.831979 1.2334
0.839066 0.911397
0.846612 1.46664
0.854606 1.21789
0.863033 1.21619
0.871882 1.03002
0.881141 1.34375
0.890795 0.88749
0.900833 1.3967
0.911242 0.660707
0.92201 1.2515
0.933123 1.33326
0.94457 1.02052
0.956339 1.10971
0.968417 1.1415
0.980794 1.02656
0.993459 0.879377
0.80191 1.48281
0.802183 1.50742
0.803003 1.31247
0.804368 1.28735
0.806274 1.41737
0.808719 1.46075
0.811696 1.21552
0.815201 1.20132
0.819227 1.59662
0.823766 1.33397
0.828809 1.42602
0.834348 1.42644
0.840372 1.56483
0.846871 1.08727
0.853835 0.890296
0.861252 1.32048
0.869111 1.30813
0.877399 1.06809
0.886105 0.92288
0.895216 0.835646
0.904721 1.24395
0.914606 0.713019
0.92486 1.08244
0.93547 1.04354
0.946426 1.27554
0.957714 1.29699
0.969323 1.17271
0.981241 0.865919
0.993459 1.06797
1.00596 1.02743
0.544543 0.56674
0.544945 0.598001
0.546151 0.599488
0.548156 0.436167
0.550949 0.622782
0.554521 0.72908
0.558854 1.0677
0.563933 0.701838
0.569737 0.640176
0.576244 0.503687
0.583431 0.851847
0.591273 0.679186
0.599743 0.86841
0.608817 0.775629
0.618467 0.769973
0.628667 0.941411
0.639391 0.863187
0.650612 0.845174
0.662306 1.21703
0.674447 1.34255
0.687013 0.866012
0.699979 0.94932
0.713325 1.24875
0.72703 0.847812
0.741073 1.22589
0.755435 1.18358
0.7701 1.20193
0.785049 0.911977
0.800267 1.1387
0.815739 1.72812
0.544945 0.792534
0.545348 0.746319
0.546553 0.740465
0.548556 0.785209
0.551347 0.624888
0.554916 0.8959
0.559247 0.934594
0.564322 0.685123
0.570122 0.761154
0.576625 0.819534
0.583807 0.749555
0.591643 0.679078
0.600109 0.8225
0.609177 0.990888
0.618822 0.900645
0.629016 0.733859
0.639734 0.689773
0.650949 1.00828
0.662637 0.903567
0.674772 0.91318
0.687332 0.848831
0.700293 1.32579
0.713633 1.17492
0.727331 0.871381
0.741369 1.31658
0.755726 0.894454
0.770384 1.01234
0.785328 1.17488
0.800541 1.56546
0.816008 1.36378
0.546151 0.70936
0.546553 0.553748
0.547755 0.582533
0.549754 0.598884
0.552539 0.639143
0.5561 0.648021
0.560422 0.804142
0.565487 0.524025
0.571275 0.987766
0.577765 0.624456
0.584933 1.17702
0.592755 0.697438
0.601204 0.831098
0.610257 0.802507
0.619884 0.702799
0.630061 0.75562
0.640762 0.67673
0.651959 0.807592
0.663629 0.845815
0.675747 0.799547
0.688288 1.21384
0.701232 1.01867
0.714554 0.801596
0.728235 1.04864
0.742256 0.986002
0.756596 0.794178
0.771238 1.38375
0.786166 1.49376
0.801363 0.999252
0.816814 1.47942
0.548156 0.59439
0.548556 0.923876
0.549754 0.704437
0.551745 0.605866
0.554521 0.548629
0.558069 0.60871
0.562375 0.718866
0.567423 0.555975
0.573191 0.730527
0.57966 0.637318
0.586805 0.726366
0.594602 0.561862
0.603026 0.537264
0.612051 0.55238
0.621651 0.762652
0.6318 0.65482
0.642471 0.847499
0.653639 0.684997
0.66528 1.1604
0.677368 1.07663
0.68988 1.05278
0.702794 1.21956
0.716087 1.71239
0.72974 1.30128
0.743731 1.14336
0.758044 1.05564
0.772659 1.33284
0.787559 1.34222
0.80273 1.54123
0.818156 1.22389
0.550949 0.888506
0.551347 0.552697
0.552539 0.733101
0.554521 0.658012
0.557282 0.726328
0.560813 0.785188
0.565099 0.649444
0.570122 0.728281
0.575863 0.726649
0.582302 0.961647
0.589415 0.775581
0.597178 0.74624
0.605566 0.880936
0.614554 0.974996
0.624116 0.882939
0.634225 0.774675
0.644856 0.873659
0.655984 0.815566
0.667583 1.11391
0.67963 1.05339
0.692102 1.00529
0.704975 1.21284
0.718228 1.39576
0.731841 1.21758
0.745793 1.18729
0.760066 1.14744
0.774643 1.3438
0.789506 1.32446
0.80464 1.36043
0.82003 1.33289
0.554521 0.643275
0.554916 0.614113
0.5561 0.621139
0.558069 0.678845
0.560813 0.683955
0.564322 0.574459
0.568581 0.712204
0.573574 0.696845
0.579281 0.654431
0.585682 0.649451
0.592755 0.707203
0.600474 0.854154
0.608817 0.858515
0.617758 0.911336
0.62727 0.93031
0.63733 0.862371
0.64791 1.06448
0.658986 0.96507
0.670534 1.02211
0.682529 0.976989
0.694948 1.34518
0.707769 1.44511
0.720971 1.18886
0.734533 1.00749
0.748435 1.29917
0.762659 0.8398
0.777187 0.98328
0.792003 1.35029
0.80709 0.994708
0.822434 1.34128
0.558854 0.621686
0.559247 0.689707
0.560422 0.609661
0.562375 0.808187
0.565099 0.610871
0.568581 0.494468
0.572808 0.806703
0.577765 0.856656
0.583431 0.639851
0.589787 0.781396
0.596811 0.424647
0.604479 0.906399
0.612767 0.682035
0.621651 0.695445
0.631105 0.72124
0.641104 0.623535
0.651623 1.0295
0.662637 0.960193
0.674122 1.256
0.686054 0.827854
0.698411 1.18229
0.71117 1.22244
0.72431 1.05657
0.73781 1.02643
0.751652 1.02641
0.765816 1.10833
0.780285 1.009
0.795043 1.40345
0.810073 1.1095
0.825362 1.60507
0.563933 0.731781
0.564322 0.733955
0.565487 0.816264
0.567423 0.436768
0.570122 0.869914
0.573574 0.530838
0.577765 0.598647
0.582679 0.773176
0.588298 0.871101
0.594602 0.8782
0.601569 1.00546
0.609177 0.708956
0.617403 0.528104
0.626221 0.887047
0.635607 0.697532
0.645536 1.07139
0.655984 0.985834
0.666926 0.831427
0.678338 0.913421
0.690198 0.987035
0.702481 0.887226
0.715168 1.1814
0.728235 0.82286
0.741664 0.972551
0.755435 0.972222
0.76953 1.22747
0.783931 1.48039
0.798621 1.41923
0.813586 1.29822
0.828809 0.914712
0.569737 0.903812
0.570122 0.71756
0.571275 0.603924
0.573191 0.585846
0.575863 0.85812
0.579281 0.630319
0.583431 0.72388
0.588298 0.66798
0.593864 0.837098
0.600109 1.16062
0.607013 0.620677
0.614554 0.760134
0.622708 0.716318
0.631452 1.07203
0.640762 1.33581
0.650612 1.15138
0.66098 1.03663
0.671841 0.777059
0.683171 0.984989
0.694948 1.00083
0.707149 1.22029
0.719753 0.72823
0.732739 0.92453
0.746087 0.951302
0.759778 1.2145
0.773793 0.931258
0.788116 1.00762
0.80273 1.12238
0.817619 1.14793
0.832769 1.34311
0.576244 0.906208
0.576625 0.70671
0.577765 0.832322
0.57966 0.676474
0.582302 0.873996
0.585682 0.900928
0.589787 0.581956
0.594602 0.62368
0.600109 0.744242
0.60629 0.80627
0.613125 0.699138
0.620592 1.00851
0.628667 0.845038
0.63733 0.626206
0.646554 1.01191
0.656318 1.01623
0.666597 0.685482
0.677368 0.891008
0.688607 0.958557
0.700293 1.1663
0.712402 0.932131
0.724915 0.597203
0.73781 0.995126
0.751068 0.98341
0.764669 1.08686
0.778597 1.14467
0.792833 1.14107
0.807361 1.05287
0.822167 1.3336
0.837234 1.15159
0.583431 0.85216
0.583807 0.633718
0.584933 0.938944
0.586805 0.96457
0.589415 0.682658
0.592755 0.818306
0.596811 0.836725
0.601569 1.01224
0.607013 0.729055
0.613125 0.875861
0.619884 1.13275
0.62727 0.968018
0.635261 1.16981
0.643835 1.09814
0.652968 0.812371
0.662637 0.649055
0.672819 1.16964
0.683492 0.91646
0.694632 0.948007
0.706218 1.10244
0.718228 0.991002
0.730641 1.18562
0.743437 0.988735
0.756596 1.40362
0.7701 1.60083
0.783931 1.28863
0.798072 1.33365
0.812507 1.2637
0.82722 1.33899
0.842197 1.37995
0.591273 0.825829
0.591643 0.757371
0.592755 1.00653
0.594602 0.716296
0.597178 0.792987
0.600474 0.957012
0.604479 1.14758
0.609177 0.917449
0.614554 0.799148
0.620592 0.751932
0.62727 0.72301
0.634571 0.669753
0.642471 0.893078
0.650949 1.04263
0.659984 0.952491
0.669552 0.773344
0.67963 0.850729
0.690198 1.03249
0.701232 0.884471
0.71271 1.58164
0.724612 1.11774
0.736918 1.01057
0.749606 1.20217
0.762659 1.13236
0.776057 1.11222
0.789784 0.809056
0.803822 0.94223
0.818156 0.994321
0.832769 1.54248
0.847648 1.09778
0.599743 0.5965
0.600109 0.728573
0.601204 0.803128
0.603026 0.77948
0.605566 0.676393
0.608817 0.520349
0.612767 0.942896
0.617403 0.581345
0.622708 0.809129
0.628667 0.938783
0.635261 1.2249
0.642471 0.549331
0.650275 0.746205
0.658653 1.24621
0.667583 0.779871
0.677044 0.838616
0.687013 1.30824
0.697468 1.01294
0.708389 1.19386
0.719753 1.21727
0.731541 1.13872
0.743731 0.877617
0.756306 1.33385
0.769245 0.807843
0.782531 1.34381
0.796146 0.856161
0.810073 1.36726
0.824298 1.34625
0.838805 1.0024
0.853578 1.16622
0.608817 1.04852
0.609177 0.779201
0.610257 0.851419
0.612051 0.603507
0.614554 0.956679
0.617758 0.832346
0.621651 1.03791
0.626221 0.643366
0.631452 0.803617
0.63733 0.873979
0.643835 0.611034
0.650949 0.76446
0.658653 0.874222
0.666926 0.958924
0.675747 1.01806
0.685095 0.981007
0.694948 1.03993
0.705286 0.807447
0.716087 0.976416
0.727331 1.1703
0.738998 1.20868
0.751068 1.08079
0.763521 1.43205
0.77634 1.30406
0.789506 1.47571
0.803003 1.36718
0.816814 1.09287
0.830923 0.862715
0.845316 1.45507
0.859978 0.920136
0.618467 0.721905
0.618822 0.794409
0.619884 1.16634
0.621651 0.698999
0.624116 0.917351
0.62727 0.862228
0.631105 0.876295
0.635607 0.984255
0.640762 0.578129
0.646554 1.19124
0.652968 1.14969
0.659984 1.08798
0.667583 0.971604
0.675747 0.893019
0.684454 1.26385
0.693684 0.919554
0.703417 0.908278
0.713633 0.898152
0.72431 1.1554
0.735428 1.12673
0.746968 1.14071
0.758911 1.27022
0.771238 0.979981
0.783931 0.949997
0.796972 1.20742
0.810344 1.73528
0.824032 1.17535
0.83802 1.67632
0.852293 1.29071
0.866837 1.4565
0.628667 0.72044
0.629016 0.764241
0.630061 1.33385
0.6318 0.915468
0.634225 0.873785
0.63733 1.19578
0.641104 0.963092
0.645536 0.919192
0.650612 0.958093
0.656318 1.06285
0.662637 1.09311
0.669552 1.05988
0.677044 1.16632
0.685095 0.697946
0.693684 0.806567
0.702794 1.06111
0.712402 1.12726
0.72249 0.932274
0.733038 1.01338
0.744026 1.33864
0.755435 1.33527
0.767246 1.05677
0.779441 1.19193
0.792003 1.03742
0.804913 0.910045
0.818156 1.40798
0.831715 1.1258
0.845576 1.14692
0.859723 1.44109
0.874143 1.00488
0.639391 0.993156
0.639734 0.663835
0.640762 0.848528
0.642471 0.953308
0.644856 0.956291
0.64791 1.48254
0.651623 0.79665
0.655984 0.964559
0.66098 0.639813
0.666597 0.948429
0.672819 1.13268
0.67963 0.735675
0.687013 0.792641
0.694948 0.846513
0.703417 0.850224
0.712402 0.843711
0.721883 1.07333
0.731841 1.24836
0.742256 1.01965
0.753109 1.44284
0.764382 1.06455
0.776057 1.31334
0.788116 1.51164
0.800541 0.984239
0.813316 1.03449
0.826424 1.24669
0.83985 1.31891
0.853578 1.71812
0.867595 1.09874
0.881887 1.14824
0.650612 0.704498
0.650949 0.874853
0.651959 1.05849
0.653639 0.930976
0.655984 0.985559
0.658986 0.886457
0.662637 0.895182
0.666926 0.832804
0.671841 1.06212
0.677368 1.45814
0.683492 1.03997
0.690198 0.833428
0.697468 0.967819
0.705286 0.949809
0.713633 1.34354
0.72249 1.3657
0.731841 1.57104
0.741664 1.33146
0.751943 1.01074
0.762659 1.25684
0.773793 1.0531
0.785328 1.36015
0.797247 0.991685
0.809532 1.27691
0.822167 1.03293
0.835136 1.24866
0.848424 1.53485
0.862016 1.32171
0.875898 1.03887
0.890056 1.08695
0.662306 1.20655
0.662637 1.1881
0.663629 0.938195
0.66528 0.857653
0.667583 1.00747
0.670534 0.788938
0.674122 0.998273
0.678338 0.970902
0.683171 0.954458
0.688607 0.877124
0.694632 0.846595
0.701232 0.655055
0.708389 1.19314
0.716087 1.14567
0.72431 1.06914
0.733038 1.27703
0.742256 0.962791
0.751943 1.37313
0.762084 1.39704
0.772659 1.08855
0.783651 0.856254
0.795043 1.22964
0.806818 1.39776
0.818959 0.956731
0.831451 1.20121
0.844278 1.45172
0.857424 1.23393
0.870876 1.15261
0.884619 1.35889
0.89864 1.13679
0.674447 1.19643
0.674772 0.851139
0.675747 0.892397
0.677368 0.863377
0.67963 1.31376
0.682529 0.737484
0.686054 1.54654
0.690198 1.03751
0.694948 1.24868
0.700293 1.17229
0.706218 1.05799
0.71271 1.26333
0.719753 1.27983
0.727331 0.982818
0.735428 1.10356
0.744026 1.15111
0.753109 0.902284
0.762659 1.31486
0.772659 1.08951
0.783091 1.01425
0.793939 1.40191
0.805185 1.2391
0.816814 1.136
0.828809 1.93843
0.841155 1.45602
0.853835 1.18472
0.866837 1.60955
0.880144 0.958522
0.893745 1.0286
0.907625 1.09579
0.687013 1.05612
0.687332 1.05013
0.688288 0.930036
0.68988 1.13375
0.692102 1.00186
0.694948 1.30226
0.698411 1.20103
0.702481 1.06963
0.707149 0.714039
0.712402 0.61119
0.718228 0.765259
0.724612 1.11207
0.731541 0.938195
0.738998 1.18753
0.746968 0.963361
0.755435 1.25059
0.764382 1.12324
0.773793 1.02164
0.783651 1.06574
0.793939 1.36391
0.80464 1.13604
0.815739 1.14344
0.82722 1.50368
0.839066 1.15077
0.851263 1.28941
0.863795 1.18964
0.876649 1.34035
0.88981 0.982838
0.903265 1.05957
0.917001 1.10974
0.699979 0.919036
0.700293 1.08504
0.701232 1.3189
0.702794 1.14017
0.704975 1.13363
0.707769 0.956504
0.71117 1.10056
0.715168 1.18805
0.719753 1.14655
0.724915 1.24449
0.730641 0.968489
0.736918 0.791661
0.743731 1.18567
0.751068 1.29482
0.758911 1.01715
0.767246 0.877639
0.776057 1.33839
0.785328 1.17346
0.795043 0.933961
0.805185 1.06424
0.815739 1.14727
0.826689 1.01862
0.83802 1.25866
0.849715 1.32251
0.861762 1.3212
0.874143 1.39707
0.886847 1.31638
0.899859 1.02896
0.913166 0.923555
0.926755 1.33951
0.713325 0.870567
0.713633 1.02568
0.714554 1.01006
0.716087 0.831074
0.718228 1.08724
0.720971 0.813393
0.72431 1.18117
0.728235 1.26359
0.732739 1.06686
0.73781 1.19599
0.743437 1.16312
0.749606 1.10377
0.756306 1.25483
0.763521 1.52203
0.771238 0.997263
0.779441 1.21656
0.788116 1.01721
0.797247 1.18934
0.806818 1.01078
0.816814 1.47172
0.82722 1.18669
0.83802 1.31648
0.849199 1.24788
0.860743 1.46266
0.872637 1.17665
0.884866 1.2701
0.897418 1.31318
0.910279 1.27296
0.923436 0.94685
0.936876 1.08223
0.72703 1.04253
0.727331 1.14169
0.728235 1.05577
0.72974 1.44271
0.731841 1.00867
0.734533 0.823859
0.73781 1.19414
0.741664 1.22643
0.746087 1.06289
0.751068 1.24788
0.756596 0.767785
0.762659 1.14893
0.769245 1.42213
0.77634 1.46391
0.783931 1.20534
0.792003 1.26575
0.800541 1.13674
0.809532 1.8223
0.818959 0.993693
0.828809 1.04806
0.839066 0.91568
0.849715 0.987376
0.860743 1.17711
0.872134 1.00717
0.883874 0.780658
0.895951 1.04866
0.90835 1.42882
0.921058 1.17787
0.934063 0.916507
0.947352 0.9683
0.741073 1.29796
0.741369 1.18444
0.742256 1.2676
0.743731 0.996549
0.745793 1.16841
0.748435 0.965214
0.751652 0.950057
0.755435 1.30683
0.759778 1.60187
0.764669 1.53192
0.7701 0.956063
0.776057 0.948418
0.782531 1.07003
0.789506 1.02673
0.796972 0.928728
0.804913 1.45031
0.813316 1.25023
0.822167 1.25071
0.831451 0.982152
0.841155 1.2642
0.851263 1.68029
0.861762 1.43825
0.872637 1.69219
0.883874 1.31719
0.895461 1.1285
0.907383 1.07647
0.919628 1.24872
0.932182 1.27301
0.945034 1.0294
0.958171 1.79922
0.755435 1.50171
0.755726 1.51922
0.756596 1.2495
0.758044 1.20571
0.760066 1.27642
0.762659 1.19068
0.765816 0.940986
0.76953 1.21242
0.773793 1.07161
0.778597 1.14677
0.783931 1.10349
0.789784 1.21362
0.796146 0.848098
0.803003 0.877184
0.810344 1.29257
0.818156 0.749489
0.826424 0.98499
0.835136 1.25364
0.844278 1.2525
0.853835 1.17681
0.863795 1.21411
0.874143 0.972106
0.884866 1.19477
0.895951 0.894373
0.907383 0.656978
0.919151 1.19438
0.931241 1.25585
0.943641 1.08865
0.956339 1.3039
0.969323 0.816435
0.7701 0.965572
0.770384 1.12716
0.771238 0.955257
0.772659 1.01959
0.774643 1.52397
0.777187 1.3226
0.780285 1.1862
0.783931 1.24884
0.788116 0.964699
0.792833 1.20137
0.798072 1.4478
0.803822 1.07568
0.810073 1.46562
0.816814 1.42503
0.824032 0.942308
0.831715 1.08974
0.83985 1.24156
0.848424 1.09583
0.857424 1.69948
0.866837 0.882257
0.876649 1.4346
0.886847 1.2491
0.897418 0.983027
0.90835 1.13238
0.919628 1.0457
0.931241 1.82486
0.943176 1.26107
0.955421 1.09071
0.967964 1.33024
0.980794 1.34519
0.785049 1.35212
0.785328 1.09628
0.786166 1.25532
0.787559 1.05731
0.789506 1.14779
0.792003 1.08368
0.795043 1.18257
0.798621 1.38114
0.80273 1.55795
0.807361 1.34869
0.812507 1.32604
0.818156 1.1776
0.824298 1.33566
0.830923 1.13385
0.83802 1.10647
0.845576 1.42552
0.853578 1.14493
0.862016 1.18881
0.870876 1.17921
0.880144 1.32386
0.88981 1.01158
0.899859 1.34528
0.910279 1.29623
0.921058 1.48135
0.932182 1.3269
0.943641 1.65479
0.955421 1.02145
0.967511 1.15926
0.979899 0.978609
0.992575 1.24227
0.800267 1.26922
0.800541 1.20586
0.801363 1.24761
0.80273 1.05848
0.80464 0.903226
0.80709 1.09488
0.810073 1.277
0.813586 1.09193
0.817619 1.19122
0.822167 0.942722
0.82722 1.46068
0.832769 1.15256
0.838805 0.898508
0.845316 1.35533
0.852293 1.19346
0.859723 1.18632
0.867595 0.889899
0.875898 1.39111
0.884619 1.24088
0.893745 1.1905
0.903265 1.20873
0.913166 1.30475
0.923436 0.809057
0.934063 1.43611
0.945034 1.30792
0.956339 1.23438
0.967964 1.08453
0.979899 0.961003
0.992133 0.856106
1.00465 1.00738
0.815739 1.24399
0.816008 1.11923
0.816814 1.20231
0.818156 1.09767
0.82003 1.50637
0.822434 1.84894
0.825362 1.59371
0.828809 1.05309
0.832769 1.32747
0.837234 1.28163
0.842197 1.05816
0.847648 1.22009
0.853578 1.11913
0.859978 1.25941
0.866837 1.11015
0.874143 1.13218
0.881887 1.36235
0.890056 1.47402
0.89864 1.44814
0.907625 1.32737
0.917001 1.42079
0.926755 1.62597
0.936876 1.51809
0.947352 1.14133
0.958171 0.878257
0.969323 0.831401
0.980794 1.18494
0.992575 0.808418
1.00465 1.05354
1.01702 0.95495
0.565487 0.756448
0.565874 0.484571
0.567036 0.64708
0.568967 0.669177
0.571659 0.854633
0.575101 0.72456
0.579281 0.603522
0.584182 0.562598
0.589787 0.425689
0.596075 0.906007
0.603026 0.689269
0.610616 0.667435
0.618822 1.0407
0.62762 0.755062
0.636985 1.09837
0.646894 1.45807
0.65732 0.906902
0.66824 1.49145
0.67963 0.987401
0.691468 0.79601
0.703729 0.856517
0.716393 1.03467
0.729439 1.14879
0.742846 0.98988
0.756596 1.44033
0.770669 1.15832
0.785049 1.44284
0.799719 1.50688
0.814663 1.28782
0.829867 1.33535
0.565874 0.699944
0.566262 0.722417
0.567423 0.887966
0.569352 0.754124
0.572042 0.762486
0.575482 0.801442
0.57966 0.785259
0.584558 0.55327
0.590159 0.586007
0.596443 0.629254
0.603389 0.885597
0.610975 0.839146
0.619176 0.856717
0.627969 0.762751
0.63733 0.797605
0.647232 0.750561
0.657653 0.582622
0.668568 0.937411
0.679953 0.906969
0.691785 1.347
0.704041 1.033
0.716699 1.28499
0.72974 1.51107
0.743141 1.08619
0.756886 0.872764
0.770954 1.34217
0.785328 1.22871
0.799993 1.2234
0.814932 1.23086
0.830131 0.801191
0.567036 0.687858
0.567423 0.740744
0.568581 0.73638
0.570506 0.520467
0.573191 0.554078
0.576625 0.956826
0.580794 0.422295
0.585682 0.672224
0.591273 0.794545
0.597545 0.838532
0.604479 0.730654
0.612051 0.989826
0.620238 0.673908
0.629016 0.977084
0.638361 0.788214
0.648248 0.854767
0.658653 1.15927
0.669552 1.14263
0.68092 0.646227
0.692735 1.15645
0.704975 1.31014
0.717617 0.834181
0.730641 1.37457
0.744026 1.22087
0.757754 1.27128
0.771807 1.50262
0.786166 0.880723
0.800815 1.14401
0.815739 0.897375
0.830923 1.36973
0.568967 0.358221
0.569352 0.751652
0.570506 0.670328
0.572425 0.761579
0.575101 0.761436
0.578523 0.729382
0.582679 0.532521
0.587552 0.771956
0.593124 0.923607
0.599378 0.817067
0.60629 0.767008
0.61384 0.731296
0.622004 0.667081
0.630757 0.896921
0.640077 1.02682
0.649938 1.0371
0.660316 1.06262
0.671187 1.07341
0.682529 0.792233
0.694316 1.27031
0.706529 1.0621
0.719143 1.25147
0.73214 0.874075
0.745499 1.08257
0.7592 1.11113
0.773226 1.0135
0.787559 0.971803
0.802183 0.978247
0.817083 1.56992
0.832242 1.08715
0.571659 0.643794
0.572042 0.723953
0.573191 0.828117
0.575101 0.667035
0.577765 1.08235
0.581171 0.655902
0.585308 0.518302
0.590159 0.842793
0.595707 0.668129
0.601934 0.680724
0.608817 0.916297
0.616336 0.802935
0.624467 0.963872
0.633187 0.753823
0.642471 0.846709
0.652296 0.85902
0.662637 1.031
0.673471 0.942404
0.684774 0.802006
0.696524 1.09657
0.708698 1.07988
0.721275 1.10602
0.734234 1.06319
0.747555 1.23847
0.76122 1.11294
0.775209 1.25374
0.789506 1.08736
0.804095 1.2072
0.818959 0.986486
0.834085 1.31117
0.575101 0.730264
0.575482 0.883098
0.576625 0.780152
0.578523 0.884401
0.581171 0.936952
0.584558 0.920362
0.58867 0.806612
0.593494 0.53583
0.599012 0.600293
0.605204 0.901806
0.612051 0.698918
0.61953 0.52833
0.62762 0.912556
0.636296 0.713091
0.645536 1.06926
0.655315 0.971572
0.665609 0.973604
0.676396 0.898473
0.687651 1.19952
0.699352 1.07011
0.711478 0.745025
0.724007 1.41835
0.736918 1.31627
0.750191 1.86127
0.763808 1.06099
0.777751 1.27834
0.792003 1.21438
0.806546 1.11044
0.821366 1.0395
0.836448 1.23307
0.579281 0.694352
0.57966 0.729356
0.580794 0.693764
0.582679 0.918247
0.585308 0.748487
0.58867 0.550064
0.592755 0.85379
0.597545 1.0232
0.603026 0.742543
0.609177 1.06722
0.61598 0.758405
0.623412 0.778568
0.631452 0.72055
0.640077 0.648713
0.649262 1.01211
0.658986 1.07789
0.669224 0.912424
0.679953 1.41209
0.69115 1.03873
0.702794 1.07065
0.714861 1.04633
0.727331 0.904219
0.740184 0.894089
0.7534 1.2817
0.766961 1.49255
0.780847 1.30023
0.795043 1.25245
0.809532 1.36258
0.824298 1.02682
0.839327 1.10859
0.584182 0.599608
0.584558 0.774543
0.585682 0.539656
0.587552 0.705572
0.590159 0.66329
0.593494 0.817853
0.597545 0.898545
0.602298 0.622366
0.607736 0.498009
0.61384 0.850402
0.620592 0.747263
0.627969 0.59975
0.635952 0.936548
0.644516 0.884784
0.653639 0.870037
0.663299 0.978792
0.673471 0.995338
0.684133 1.30612
0.695263 1.11634
0.706839 0.95319
0.718838 1.17553
0.731241 1.39531
0.744026 1.27182
0.757175 1.14702
0.770669 1.23501
0.78449 1.313
0.798621 0.991041
0.813046 1.16693
0.82775 0.918031
0.842718 1.15726
0.589787 0.49289
0.590159 0.647091
0.591273 0.541685
0.593124 0.811455
0.595707 1.04645
0.599012 1.06887
0.603026 0.925597
0.607736 0.822499
0.613125 0.568939
0.619176 0.677873
0.62587 0.765596
0.633187 0.861136
0.641104 0.706595
0.6496 0.942969
0.658653 1.05217
0.66824 0.902649
0.678338 1.05587
0.688925 1.00345
0.699979 1.07045
0.711478 1.24851
0.723401 0.902715
0.735726 0.857603
0.748435 1.0164
0.761508 0.833369
0.774926 1.35498
0.788673 1.55183
0.80273 0.919275
0.817083 1.38122
0.831715 1.28888
0.846612 1.22927
0.596075 0.851018
0.596443 0.685522
0.597545 0.780901
0.599378 0.80885
0.601934 0.998855
0.605204 1.21739
0.609177 0.683734
0.61384 0.870766
0.619176 0.932194
0.625169 0.602967
0.6318 1.14865
0.639048 1.05186
0.646894 1.07181
0.655315 0.93536
0.66429 1.03695
0.673797 0.893646
0.683813 0.8491
0.694316 1.26295
0.705286 0.879825
0.716699 0.985308
0.728536 1.15418
0.740777 1.28357
0.7534 1.39457
0.766388 1.5808
0.779723 1.22703
0.793386 1.43443
0.807361 1.18491
0.821633 1.49685
0.836186 0.752222
0.851005 1.01586
0.603026 0.81767
0.603389 0.869913
0.604479 0.673689
0.60629 0.787889
0.608817 1.14976
0.612051 1.02334
0.61598 0.738522
0.620592 1.07485
0.62587 0.726546
0.6318 0.891728
0.638361 0.934868
0.645536 0.610658
0.653304 1.03385
0.661643 0.860822
0.670534 0.770315
0.679953 0.660686
0.68988 0.819654
0.700293 1.05015
0.71117 0.940678
0.72249 0.883562
0.734234 0.838174
0.746381 0.946359
0.758911 1.25172
0.771807 1.41227
0.785049 1.36702
0.798621 1.13424
0.812507 0.949438
0.826689 1.251
0.841155 1.40835
0.855888 1.09458
0.610616 0.942498
0.610975 1.0382
0.612051 0.918587
0.61384 0.957805
0.616336 0.613879
0.61953 1.15835
0.623412 0.887521
0.627969 0.8171
0.633187 0.980602
0.639048 1.00218
0.645536 0.88279
0.652632 0.833074
0.660316 0.833894
0.668568 1.03934
0.677368 1.03488
0.686693 0.656568
0.696524 0.844618
0.706839 0.884313
0.717617 1.32199
0.728837 1.25021
0.74048 0.98432
0.752526 1.18692
0.764956 0.975968
0.777751 1.45897
0.790894 1.17591
0.804368 1.07689
0.818156 1.30783
0.832242 1.07564
0.846612 1.13441
0.861252 1.43418
0.618822 0.714008
0.619176 0.713571
0.620238 0.965168
0.622004 1.05939
0.624467 0.735042
0.62762 0.599891
0.631452 0.705157
0.635952 1.0648
0.641104 0.778941
0.646894 1.11449
0.653304 1.12913
0.660316 0.706562
0.667912 1.15619
0.676071 1.1292
0.684774 0.962633
0.694001 0.730517
0.703729 0.943367
0.71394 0.996758
0.724612 0.756168
0.735726 1.19521
0.747262 0.782846
0.7592 0.899644
0.771522 1.34168
0.78421 1.13463
0.797247 1.40692
0.810615 1.28122
0.824298 0.93189
0.838281 1.30388
0.85255 1.12199
0.86709 1.05577
0.62762 0.66596
0.627969 0.72138
0.629016 1.0327
0.630757 1.02909
0.633187 0.928804
0.636296 0.926903
0.640077 1.23307
0.644516 1.1017
0.6496 0.870572
0.655315 0.861759
0.661643 0.899635
0.668568 0.96204
0.676071 0.926739
0.684133 0.855004
0.692735 0.981763
0.701857 1.16712
0.711478 1.27093
0.721579 0.921085
0.73214 1.14103
0.743141 1.41531
0.754564 0.829993
0.766388 1.76184
0.778597 1.20117
0.791171 1.41923
0.804095 0.893055
0.817351 1.33981
0.830923 1.42693
0.844797 1.32366
0.858957 1.57269
0.87339 1.18913
0.636985 0.642643
0.63733 1.02895
0.638361 1.1712
0.640077 0.823189
0.642471 1.15018
0.645536 0.705559
0.649262 1.00342
0.653639 0.890475
0.658653 0.955569
0.66429 0.803133
0.670534 1.25778
0.677368 0.798353
0.684774 0.960678
0.692735 1.24585
0.701232 0.884496
0.710244 0.934874
0.719753 1.25792
0.72974 1.03795
0.740184 1.16089
0.751068 1.39312
0.762371 1.03989
0.774077 1.05592
0.786166 1.23352
0.798621 1.44645
0.811426 1.04241
0.824564 1.35221
0.83802 1.05717
0.851778 1.1223
0.865824 1.20578
0.880144 1.09375
0.646894 0.807776
0.647232 0.886333
0.648248 0.628473
0.649938 0.882892
0.652296 1.05253
0.655315 1.26598
0.658986 0.670481
0.663299 0.928796
0.66824 0.978453
0.673797 1.07356
0.679953 0.7639
0.686693 0.57211
0.694001 0.77696
0.701857 1.19313
0.710244 1.20161
0.719143 0.675521
0.728536 1.11593
0.738404 1.28225
0.748728 1.65959
0.759489 1.07592
0.770669 1.2399
0.78225 1.43433
0.794215 0.989267
0.806546 1.58187
0.819227 1.34085
0.832242 1.01899
0.845576 1.16539
0.859213 1.30402
0.873139 1.02022
0.887342 1.14941
0.65732 0.993944
0.657653 0.722375
0.658653 0.968749
0.660316 1.07274
0.662637 1.09341
0.665609 1.12698
0.669224 1.15252
0.673471 1.13368
0.678338 0.871671
0.683813 1.30605
0.68988 1.26618
0.696524 1.30815
0.703729 1.08023
0.711478 1.1907
0.719753 1.45427
0.728536 1.23911
0.73781 1.4805
0.747555 0.925323
0.757754 1.33014
0.768389 0.926114
0.779441 1.28358
0.790894 1.30822
0.80273 1.47052
0.814932 1.16852
0.827485 1.09205
0.840372 0.995876
0.853578 1.07002
0.86709 1.28486
0.880892 1.26468
0.894971 1.03046
0.66824 0.880218
0.668568 1.23142
0.669552 0.976705
0.671187 0.834756
0.673471 0.793496
0.676396 0.966119
0.679953 0.80389
0.684133 0.702248
0.688925 0.956134
0.694316 1.01465
0.700293 0.862889
0.706839 1.0225
0.71394 1.09039
0.721579 0.58783
0.72974 1.5733
0.738404 1.31727
0.747555 1.1872
0.757175 1.09128
0.767246 1.00818
0.777751 1.52058
0.788673 1.49279
0.799993 1.16066
0.811696 1.61552
0.823766 1.56461
0.836186 1.06853
0.848941 1.23384
0.862016 1.33129
0.875397 1.08511
0.88907 0.91779
0.903022 1.33696
0.67963 0.902563
0.679953 0.939563
0.68092 0.993817
0.682529 0.955767
0.684774 1.04738
0.687651 0.92734
0.69115 1.01966
0.695263 1.2127
0.699979 1.19398
0.705286 1.2374
0.71117 1.06758
0.717617 0.93652
0.724612 1.1068
0.73214 0.817696
0.740184 1.12193
0.748728 1.12632
0.757754 0.990487
0.767246 0.925592
0.777187 1.07527
0.787559 1.11223
0.798346 1.3101
0.809532 1.42952
0.821099 1.34389
0.833032 1.22595
0.845316 0.806631
0.857935 1.77202
0.870876 0.986289
0.884123 1.17589
0.897663 1.02017
0.911483 1.21006
0.691468 0.991312
0.691785 1.46517
0.692735 0.788199
0.694316 0.994593
0.696524 1.13436
0.699352 1.1287
0.702794 1.47207
0.706839 0.932577
0.711478 1.38094
0.716699 1.2524
0.72249 1.21509
0.728837 1.42837
0.735726 1.21781
0.743141 0.992269
0.751068 1.33251
0.759489 0.996739
0.768389 1.44284
0.777751 1.09577
0.787559 1.27524
0.797797 1.35347
0.808447 0.812479
0.819495 1.21583
0.830923 1.08734
0.842718 1.25255
0.854862 1.34549
0.867343 0.894158
0.880144 1.28478
0.893254 1.12853
0.906658 1.19944
0.920343 1.1243
0.703729 1.54024
0.704041 1.11144
0.704975 1.31608
0.706529 1.28163
0.708698 1.02399
0.711478 1.21787
0.714861 1.01513
0.718838 1.29432
0.723401 1.20123
0.728536 1.0655
0.734234 0.819315
0.74048 1.22364
0.747262 1.20877
0.754564 1.0418
0.762371 1.12728
0.770669 1.15053
0.779441 1.01734
0.788673 1.74869
0.798346 1.41986
0.808447 1.03546
0.818959 1.04193
0.829867 1.1221
0.841155 1.44879
0.852807 1.0469
0.86481 0.991741
0.877149 1.46103
0.88981 0.947316
0.902779 1.189
0.916044 1.37445
0.929591 1.42067
0.716393 0.734042
0.716699 0.939506
0.717617 1.61611
0.719143 1.07627
0.721275 1.08638
0.724007 1.04842
0.727331 1.26515
0.731241 1.00334
0.735726 0.97179
0.740777 1.09674
0.746381 1.04747
0.752526 1.25049
0.7592 1.22629
0.766388 1.1653
0.774077 1.13103
0.78225 1.02788
0.790894 1.395
0.799993 1.03749
0.809532 1.55395
0.819495 1.2766
0.829867 1.29509
0.840633 1.04965
0.851778 1.00949
0.863287 1.25517
0.875146 1.26399
0.887342 1.11361
0.899859 0.891924
0.912685 0.999211
0.925808 1.19976
0.939214 1.04746
0.729439 1.09624
0.72974 1.12632
0.730641 1.075
0.73214 0.547596
0.734234 1.11641
0.736918 1.16827
0.740184 1.09157
0.744026 1.3656
0.748435 1.14938
0.7534 1.41629
0.758911 1.13237
0.764956 1.21268
0.771522 1.14641
0.778597 1.30393
0.786166 1.10652
0.794215 1.34927
0.80273 0.990183
0.811696 1.38472
0.821099 1.19057
0.830923 1.73842
0.841155 1.30149
0.851778 1.321
0.862779 1.64073
0.874143 1.14502
0.885857 1.21037
0.897907 0.846601
0.910279 0.972629
0.922961 1.06515
0.935939 1.38674
0.949202 0.826848
0.742846 0.756661
0.743141 1.13629
0.744026 1.27007
0.745499 1.03585
0.747555 1.3841
0.750191 1.10756
0.7534 0.717913
0.757175 1.05504
0.761508 1.1857
0.766388 1.18163
0.771807 0.807821
0.777751 1.04678
0.78421 1.39049
0.791171 0.960863
0.798621 1.23248
0.806546 1.36569
0.814932 1.74163
0.823766 1.62694
0.833032 1.49905
0.842718 1.15982
0.852807 1.20952
0.863287 1.07216
0.874143 1.03708
0.885362 1.09749
0.896929 0.97929
0.908832 1.10168
0.921058 0.720323
0.933593 1.09294
0.946426 1.0299
0.959544 1.04444
0.756596 1.21599
0.756886 0.989835
0.757754 0.978078
0.7592 1.33546
0.76122 1.12299
0.763808 1.10977
0.766961 1.35829
0.770669 1.21279
0.774926 0.825304
0.779723 1.27355
0.785049 1.29761
0.790894 1.54186
0.797247 1.68161
0.804095 1.45233
0.811426 1.06082
0.819227 1.10681
0.827485 0.945197
0.836186 1.20302
0.845316 1.41603
0.854862 1.4462
0.86481 1.30602
0.875146 1.65002
0.885857 0.956926
0.896929 0.847173
0.90835 1.20032
0.920105 1.32369
0.932182 1.48167
0.94457 1.06052
0.957255 1.26982
0.970227 1.31703
0.770669 1.03973
0.770954 1.44196
0.771807 1.08803
0.773226 1.22415
0.775209 0.956542
0.777751 0.907207
0.780847 1.4094
0.78449 1.03802
0.788673 1.15264
0.793386 1.08813
0.798621 1.17334
0.804368 1.25028
0.810615 1.17398
0.817351 1.40738
0.824564 1.2261
0.832242 1.36781
0.840372 1.34352
0.848941 0.906244
0.857935 0.915738
0.867343 0.914308
0.877149 0.96559
0.887342 1.06907
0.897907 1.32689
0.908832 0.711302
0.920105 1.12553
0.931712 1.04943
0.943641 1.02318
0.95588 1.41063
0.968417 1.27213
0.981241 0.987747
0.785049 0.892575
0.785328 1.26113
0.786166 1.19787
0.787559 1.24559
0.789506 0.978979
0.792003 1.41118
0.795043 1.23698
0.798621 1.58578
0.80273 1.57101
0.807361 1.20669
0.812507 1.02696
0.818156 1.16064
0.824298 1.08363
0.830923 0.984079
0.83802 1.11424
0.845576 1.38256
0.853578 1.3522
0.862016 1.90739
0.870876 0.895714
0.880144 1.30509
0.88981 1.04589
0.899859 1.63667
0.910279 1.44048
0.921058 1.3391
0.932182 0.627279
0.943641 1.4336
0.955421 0.826164
0.967511 1.02571
0.979899 0.994861
0.992575 1.25262
0.799719 1.41187
0.799993 1.23688
0.800815 0.843979
0.802183 0.944406
0.804095 1.04644
0.806546 1.29597
0.809532 1.22486
0.813046 1.13351
0.817083 1.48827
0.821633 0.962456
0.826689 1.12052
0.832242 1.28731
0.838281 1.1918
0.844797 1.32902
0.851778 1.10589
0.859213 0.965882
0.86709 1.12262
0.875397 1.50993
0.884123 1.272
0.893254 1.73384
0.902779 1.28515
0.912685 1.26293
0.922961 1.08252
0.933593 1.02483
0.94457 0.641065
0.95588 1.15393
0.967511 1.22889
0.979452 0.95835
0.991691 0.879478
1.00422 0.975885
0.814663 1.03982
0.814932 1.06131
0.815739 0.932901
0.817083 1.00594
0.818959 1.14128
0.821366 1.08021
0.824298 1.15129
0.82775 1.18096
0.831715 1.14518
0.836186 1.71322
0.841155 1.3326
0.846612 0.869269
0.85255 1.19922
0.858957 1.27311
0.865824 0.722626
0.873139 1.24613
0.880892 1.04564
0.88907 1.11269
0.897663 1.07397
0.906658 1.02044
0.916044 1.48859
0.925808 1.25515
0.935939 0.757401
0.946426 0.851417
0.957255 1.03213
0.968417 1.30415
0.979899 0.830382
0.991691 0.966864
1.00378 1.26973
1.01616 0.982583
0.829867 1.40776
0.830131 1.45855
0.830923 0.807182
0.832242 1.65689
0.834085 1.07259
0.836448 1.48508
0.839327 1.12305
0.842718 1.10531
0.846612 1.00975
0.851005 0.962602
0.855888 1.08749
0.861252 1.25104
0.86709 1.21632
0.87339 0.730651
0.880144 1.34236
0.887342 1.13021
0.894971 0.991755
0.903022 0.934307
0.911483 0.802904
0.920343 1.43892
0.929591 1.13145
0.939214 1.20408
0.949202 1.0955
0.959544 1.17418
0.970227 0.999839
0.981241 0.600495
0.992575 1.14969
1.00422 1.32946
1.01616 1.19744
1.02839 1.3582
0.586431 0.882885
0.586805 0.638479
0.587925 1.08109
0.589787 0.933274
0.592384 0.76787
0.595707 0.883653
0.599743 0.768496
0.604479 0.865291
0.609897 0.878454
0.61598 0.894454
0.622708 0.865142
0.630061 1.3011
0.638018 0.886838
0.646554 0.817719
0.655649 0.819572
0.66528 1.01013
0.675422 0.765408
0.686054 1.03058
0.697154 0.947778
0.708698 1.15498
0.720667 1.03353
0.733038 0.650538
0.745793 1.01227
0.758911 1.40934
0.772375 1.39623
0.786166 0.755131
0.800267 1.2573
0.814663 1.24088
0.829338 1.30178
0.844278 1.53351
0.586805 0.800606
0.587178 0.721067
0.588298 0.837887
0.590159 0.500749
0.592755 0.883019
0.596075 0.747978
0.600109 1.09758
0.604842 0.94952
0.610257 0.615447
0.616336 0.844507
0.623061 0.726302
0.630409 0.938967
0.638361 0.752727
0.646894 0.833255
0.655984 1.01492
0.665609 1.27059
0.675747 0.937891
0.686374 0.737006
0.697468 1.11158
0.709008 0.981572
0.720971 1.1877
0.733337 1.1691
0.746087 1.14271
0.7592 1.17935
0.772659 1.0047
0.786445 1.10954
0.800541 1.28621
0.814932 1.43505
0.829603 0.739929
0.844537 0.916832
0.587925 0.955739
0.588298 0.754597
0.589415 0.669603
0.591273 0.830556
0.593864 0.640818
0.597178 0.683395
0.601204 1.09609
0.605928 0.789876
0.611334 0.997769
0.617403 0.77846
0.624116 0.718219
0.631452 0.91324
0.639391 0.954359
0.64791 0.920626
0.656986 0.786468
0.666597 0.693088
0.67672 0.66072
0.687332 1.08045
0.698411 1.16652
0.709935 0.925219
0.721883 1.14697
0.734234 1.22588
0.746968 1.35789
0.760066 1.03097
0.77351 1.14188
0.787281 0.978595
0.801363 0.863354
0.815739 1.20997
0.830395 1.07793
0.845316 1.45508
0.589787 0.665536
0.590159 0.619718
0.591273 0.779293
0.593124 0.769837
0.595707 0.790686
0.599012 0.725189
0.603026 0.72234
0.607736 0.843371
0.613125 0.989999
0.619176 1.0729
0.62587 0.829038
0.633187 0.961069
0.641104 1.10885
0.6496 0.950559
0.658653 0.876699
0.66824 0.894855
0.678338 1.10358
0.688925 1.35187
0.699979 1.55608
0.711478 0.952871
0.723401 0.816372
0.735726 0.942553
0.748435 0.682108
0.761508 0.940735
0.774926 1.10999
0.788673 1.39207
0.80273 0.871466
0.817083 1.00677
0.831715 1.10414
0.846612 1.31017
0.592384 0.568741
0.592755 0.580725
0.593864 0.580031
0.595707 0.757776
0.598279 0.860058
0.601569 0.575862
0.605566 0.93469
0.610257 0.825572
0.615624 0.731934
0.621651 0.768806
0.628319 1.15966
0.635607 0.690562
0.643494 0.881003
0.651959 0.787743
0.66098 1.03671
0.670534 0.983352
0.680598 1.38503
0.69115 0.920054
0.702169 0.992319
0.713633 0.924274
0.72552 1.02503
0.73781 0.709489
0.750483 1.21309
0.763521 1.87191
0.776905 1.29873
0.790617 0.996298
0.80464 1.26187
0.818959 1.52006
0.833559 1.00688
0.848424 1.48133
0.595707 0.974809
0.596075 0.942936
0.597178 0.677103
0.599012 0.715809
0.601569 1.04412
0.604842 0.642928
0.608817 0.8754
0.613483 0.96876
0.618822 0.743153
0.624818 1.10398
0.631452 1.26236
0.638705 0.664891
0.646554 1.07979
0.65498 0.931346
0.66396 0.891592
0.673471 0.71196
0.683492 0.860018
0.694001 1.53874
0.704975 0.85013
0.716393 1.11649
0.728235 1.03314
0.74048 1.25074
0.753109 0.944241
0.766102 1.21279
0.779441 1.76979
0.79311 1.3435
0.80709 1.27238
0.821366 1.33523
0.835923 1.26155
0.850747 1.0089
0.599743 0.639752
0.600109 0.894558
0.601204 0.660227
0.603026 0.575125
0.605566 0.800831
0.608817 0.687255
0.612767 1.01025
0.617403 0.670189
0.622708 0.801845
0.628667 0.934957
0.635261 0.771623
0.642471 0.828722
0.650275 1.04657
0.658653 1.19142
0.667583 0.746494
0.677044 1.21229
0.687013 0.658143
0.697468 0.7822
0.708389 1.10484
0.719753 1.00479
0.731541 0.983907
0.743731 1.17617
0.756306 1.31234
0.769245 0.991875
0.782531 1.22509
0.796146 1.25085
0.810073 1.50897
0.824298 1.05879
0.838805 1.20851
0.853578 0.98507
0.604479 0.677179
0.604842 0.735206
0.605928 0.841246
0.607736 0.873462
0.610257 0.635158
0.613483 0.812921
0.617403 0.623443
0.622004 0.674034
0.62727 0.7164
0.633187 0.965263
0.639734 0.895107
0.646894 1.0963
0.654645 0.943247
0.662968 0.891788
0.671841 0.853257
0.681242 1.13941
0.69115 0.816749
0.701544 1.18945
0.712402 1.02567
0.723704 1.31088
0.735428 1.42656
0.747555 1.37661
0.760066 1.2079
0.772942 1.07438
0.786166 0.898958
0.799719 1.20188
0.813586 1.03898
0.82775 1.63931
0.842197 1.35628
0.856912 1.06342
0.609897 1.18443
0.610257 0.984148
0.611334 0.712
0.613125 0.731875
0.615624 0.931879
0.618822 0.773089
0.622708 0.648255
0.62727 0.860669
0.632493 0.505195
0.638361 0.787494
0.644856 0.791161
0.651959 0.873901
0.659651 0.746924
0.667912 0.983933
0.67672 1.07
0.686054 1.43398
0.695894 0.796207
0.706218 1.08452
0.717005 1.50227
0.728235 0.833551
0.739888 1.42656
0.751943 0.952544
0.764382 1.03705
0.777187 1.46156
0.790339 1.78934
0.803822 1.49563
0.817619 1.22761
0.831715 0.995168
0.846094 1.0378
0.860743 1.99321
0.61598 0.950211
0.616336 0.741619
0.617403 0.674965
0.619176 0.731398
0.621651 1.12455
0.624818 0.816362
0.628667 0.700982
0.633187 0.92148
0.638361 0.85111
0.644175 1.11619
0.650612 0.613138
0.657653 1.02828
0.66528 0.796537
0.673471 0.948867
0.682207 1.02216
0.691468 1.25606
0.701232 0.836946
0.711478 1.04045
0.722187 1.09037
0.733337 1.13027
0.74491 0.873634
0.756886 1.68647
0.769245 1.09185
0.78197 1.13021
0.795043 0.975599
0.808447 1.0492
0.822167 0.850759
0.836186 1.11687
0.850489 1.27154
0.865064 1.37809
0.622708 0.78507
0.623061 0.764015
0.624116 0.864142
0.62587 1.03721
0.628319 0.858483
0.631452 0.979834
0.635261 1.07503
0.639734 0.796911
0.644856 1.33903
0.650612 1.01029
0.656986 1.05855
0.66396 0.997583
0.671514 0.916545
0.67963 0.872101
0.688288 0.991893
0.697468 1.22247
0.707149 0.823963
0.717311 1.1602
0.727934 1.04028
0.738998 1.37254
0.750483 1.19846
0.762371 1.42025
0.774643 1.4042
0.787281 1.39701
0.800267 1.43693
0.813586 1.58256
0.82722 1.46342
0.841155 1.10698
0.855375 0.955792
0.869868 1.29594
0.630061 0.822825
0.630409 0.929461
0.631452 0.748195
0.633187 1.12401
0.635607 0.656144
0.638705 1.17886
0.642471 0.939067
0.646894 0.84072
0.651959 0.662438
0.657653 0.754408
0.66396 1.00124
0.670861 0.894588
0.678338 0.74686
0.686374 1.23673
0.694948 1.10154
0.704041 1.10287
0.713633 1.07363
0.723704 1.20599
0.734234 0.951557
0.745204 1.42333
0.756596 1.24099
0.768389 1.01032
0.780566 1.30759
0.79311 1.79108
0.806002 1.51563
0.819227 0.988994
0.832769 1.37136
0.846612 1.49869
0.860743 1.52089
0.875146 1.09366
0.638018 0.856201
0.638361 1.29008
0.639391 0.844417
0.641104 1.00584
0.643494 0.689132
0.646554 0.761402
0.650275 0.901439
0.654645 1.05026
0.659651 1.03087
0.66528 0.773306
0.671514 1.01368
0.678338 1.1623
0.685735 0.923163
0.693684 0.838495
0.702169 1.16642
0.71117 0.795782
0.720667 1.59683
0.730641 1.02582
0.741073 1.32357
0.751943 1.03353
0.763234 0.96038
0.774926 1.27998
0.787002 1.37882
0.799445 1.58882
0.812237 1.23707
0.825362 1.12421
0.838805 1.14864
0.85255 1.29799
0.866584 1.19172
0.880892 1.18415
0.646554 0.762443
0.646894 0.772779
0.64791 1.05445
0.6496 0.980948
0.651959 1.14012
0.65498 0.821377
0.658653 0.898722
0.662968 0.943524
0.667912 0.876198
0.673471 0.942516
0.67963 1.20532
0.686374 0.850488
0.693684 0.915786
0.701544 1.2244
0.709935 0.6756
0.718838 0.90519
0.728235 1.09729
0.738107 0.822021
0.748435 0.70767
0.7592 1.26496
0.770384 0.96371
0.78197 1.00121
0.793939 1.04368
0.806274 1.32353
0.818959 1.01135
0.831979 0.979737
0.845316 1.59989
0.858957 1.34817
0.872888 1.38986
0.887094 0.959637
0.655649 0.748934
0.655984 1.53724
0.656986 0.921514
0.658653 1.10783
0.66098 0.879082
0.66396 0.764778
0.667583 0.899196
0.671841 0.831892
0.67672 0.981442
0.682207 1.11218
0.688288 1.08442
0.694948 1.06769
0.702169 1.03806
0.709935 1.29886
0.718228 1.20513
0.72703 1.3125
0.736322 0.985618
0.746087 1.03466
0.756306 0.91248
0.766961 0.962011
0.778033 1.48308
0.789506 1.07286
0.801363 1.34524
0.813586 1.27868
0.826159 1.1605
0.839066 1.09069
0.852293 1.53607
0.865824 1.39992
0.879646 1.46188
0.893745 0.676103
0.66528 1.14198
0.665609 0.903378
0.666597 0.834915
0.66824 1.06121
0.670534 0.900831
0.673471 0.88365
0.677044 1.11795
0.681242 0.744925
0.686054 1.18552
0.691468 1.12615
0.697468 0.769867
0.704041 0.866566
0.71117 1.1983
0.718838 0.823631
0.72703 1.52099
0.735726 1.24328
0.74491 0.808121
0.754564 1.01001
0.764669 1.49908
0.775209 1.30747
0.786166 1.02018
0.797522 0.708422
0.809261 1.29952
0.821366 1.09282
0.833822 1.60367
0.846612 1.10522
0.859723 0.915776
0.873139 1.64518
0.886847 1.26112
0.900833 1.19673
0.675422 0.871364
0.675747 0.750684
0.67672 0.910587
0.678338 0.729433
0.680598 0.984446
0.683492 1.24877
0.687013 1.09698
0.69115 0.952667
0.695894 1.01881
0.701232 1.14944
0.707149 1.75025
0.713633 1.29664
0.720667 0.931242
0.728235 0.831695
0.736322 1.43312
0.74491 1.11296
0.753982 0.995193
0.763521 0.847582
0.77351 1.13784
0.783931 1.00136
0.794767 1.73301
0.806002 1.28322
0.817619 1.15485
0.829603 1.4599
0.841936 1.42351
0.854606 1.52429
0.867595 1.39564
0.880892 1.56803
0.894481 1.37676
0.90835 1.44123
0.686054 1.25694
0.686374 1.14289
0.687332 0.99934
0.688925 1.00176
0.69115 1.47246
0.694001 1.06556
0.697468 0.981353
0.701544 0.967376
0.706218 0.858133
0.711478 1.40957
0.717311 1.03402
0.723704 1.09129
0.730641 0.846666
0.738107 1.12732
0.746087 1.08822
0.754564 1.20661
0.763521 1.22263
0.772942 0.92285
0.782811 1.35349
0.79311 1.11603
0.803822 1.17348
0.814932 1.00661
0.826424 1.00525
0.838281 1.20294
0.850489 1.37873
0.863033 1.20581
0.875898 1.23761
0.88907 0.978036
0.902536 1.30031
0.916283 1.38945
0.697154 0.94278
0.697468 1.20825
0.698411 0.798577
0.699979 1.17484
0.702169 1.3162
0.704975 0.867846
0.708389 1.07419
0.712402 0.925601
0.717005 0.947789
0.722187 1.26772
0.727934 0.898612
0.734234 1.07984
0.741073 1.29102
0.748435 1.17999
0.756306 1.18364
0.764669 1.22887
0.77351 1.30617
0.782811 1.48537
0.792556 1.07131
0.80273 1.30566
0.813316 0.962771
0.824298 1.19761
0.835661 1.65497
0.847389 1.0773
0.859468 0.962682
0.871882 1.53048
0.884619 1.28049
0.897663 1.37467
0.911002 1.17306
0.924623 0.962549
0.708698 0.935916
0.709008 1.08913
0.709935 1.27897
0.711478 1.13287
0.713633 1.39139
0.716393 1.40549
0.719753 0.849668
0.723704 1.42309
0.728235 0.846081
0.733337 1.01776
0.738998 0.948604
0.745204 0.875329
0.751943 0.750878
0.7592 1.05743
0.766961 1.44761
0.775209 1.45476
0.783931 0.933136
0.79311 1.27767
0.80273 1.31553
0.812776 1.14918
0.823233 1.40787
0.834085 1.36594
0.845316 1.35114
0.856912 1.21296
0.868858 0.67998
0.881141 0.951313
0.893745 1.50034
0.906658 1.06602
0.919866 1.15329
0.933358 0.765689
0.720667 1.14379
0.720971 0.728901
0.721883 1.08567
0.723401 0.783499
0.72552 1.06764
0.728235 1.34734
0.731541 1.20377
0.735428 1.24144
0.739888 1.08392
0.74491 0.746421
0.750483 1.26934
0.756596 0.988487
0.763234 1.26407
0.770384 0.961969
0.778033 0.809028
0.786166 1.46264
0.794767 0.887827
0.803822 1.04073
0.813316 0.94767
0.823233 1.10089
0.833559 1.49174
0.844278 1.18542
0.855375 1.74579
0.866837 1.26967
0.878648 1.53221
0.890795 1.36943
0.903265 1.24312
0.916044 1.51359
0.929119 1.49971
0.942478 1.01136
0.733038 0.930692
0.733337 1.07348
0.734234 1.33521
0.735726 1.19918
0.73781 0.936492
0.74048 1.20376
0.743731 1.14916
0.747555 0.867501
0.751943 0.940131
0.756886 0.981648
0.762371 1.55752
0.768389 1.1427
0.774926 1.41548
0.78197 0.983645
0.789506 1.16099
0.797522 1.32316
0.806002 1.10667
0.814932 1.13419
0.824298 1.03122
0.834085 0.9988
0.844278 1.05279
0.854862 1.14896
0.865824 1.4743
0.877149 1.24594
0.888823 1.81814
0.900833 1.13883
0.913166 1.10493
0.925808 1.20792
0.938747 0.996517
0.951971 1.26584
0.745793 0.975948
0.746087 1.23352
0.746968 1.07106
0.748435 1.28733
0.750483 1.03552
0.753109 0.811561
0.756306 1.15055
0.760066 1.13771
0.764382 1.32788
0.769245 1.14257
0.774643 1.30924
0.780566 1.27709
0.787002 1.51688
0.793939 1.1446
0.801363 1.22396
0.809261 1.31163
0.817619 1.25648
0.826424 1.91842
0.835661 1.14223
0.845316 0.804423
0.855375 1.47201
0.865824 1.62654
0.876649 1.27985
0.887836 1.0626
0.899371 0.935169
0.911242 1.03117
0.923436 1.23238
0.935939 0.993409
0.94874 1.17702
0.961827 1.49547
0.758911 1.23516
0.7592 1.41266
0.760066 0.98304
0.761508 0.689687
0.763521 0.943336
0.766102 1.07781
0.769245 1.45899
0.772942 1.20081
0.777187 1.42263
0.78197 0.896567
0.787281 1.10325
0.79311 1.37688
0.799445 1.22136
0.806274 0.860478
0.813586 1.28565
0.821366 1.51522
0.829603 0.974947
0.838281 1.30647
0.847389 1.43673
0.856912 1.54864
0.866837 1.12558
0.877149 0.957601
0.887836 1.34857
0.898884 1.15928
0.910279 1.03551
0.92201 0.873541
0.934063 1.29482
0.946426 1.09358
0.959087 1.34663
0.972034 0.990059
0.772375 1.42984
0.772659 1.54349
0.77351 1.19325
0.774926 1.39133
0.776905 1.03999
0.779441 1.37675
0.782531 1.4637
0.786166 1.25064
0.790339 1.34167
0.795043 1.02132
0.800267 1.40952
0.806002 1.26081
0.812237 0.911443
0.818959 1.03286
0.826159 1.34921
0.833822 1.44276
0.841936 1.20829
0.850489 1.47349
0.859468 1.21172
0.868858 0.753848
0.878648 1.16118
0.888823 1.54085
0.899371 1.18499
0.910279 1.43095
0.921534 1.26171
0.933123 1.38363
0.945034 1.07198
0.957255 1.60748
0.969775 1.54766
0.982582 0.962217
0.786166 0.915085
0.786445 0.914581
0.787281 1.26684
0.788673 0.955959
0.790617 0.9847
0.79311 1.15248
0.796146 1.31344
0.799719 1.16247
0.803822 1.1658
0.808447 1.35323
0.813586 1.70384
0.819227 1.03289
0.825362 1.13553
0.831979 1.1547
0.839066 1.07755
0.846612 1.15241
0.854606 0.971062
0.863033 1.41846
0.871882 0.937709
0.881141 0.847407
0.890795 1.02209
0.900833 1.49277
0.911242 1.01281
0.92201 1.37025
0.933123 1.09613
0.94457 1.03741
0.956339 1.56735
0.968417 0.931939
0.980794 1.09286
0.993459 1.23834
0.800267 1.50501
0.800541 0.89375
0.801363 1.28718
0.80273 1.30896
0.80464 1.05009
0.80709 0.811836
0.810073 1.26428
0.813586 1.22463
0.817619 1.20081
0.822167 1.22717
0.82722 1.26523
0.832769 1.49313
0.838805 1.10099
0.845316 1.38396
0.852293 1.64002
0.859723 1.07932
0.867595 1.09899
0.875898 1.00126
0.884619 1.46873
0.893745 0.910557
0.903265 1.21567
0.913166 1.24352
0.923436 1.50344
0.934063 1.02435
0.945034 0.71594
0.956339 1.49269
0.967964 1.10866
0.979899 1.03588
0.992133 1.26238
1.00465 1.34487
0.814663 1.22622
0.814932 1.0917
0.815739 0.83232
0.817083 1.63243
0.818959 0.881568
0.821366 1.2229
0.824298 1.21655
0.82775 0.883206
0.831715 1.45766
0.836186 0.991347
0.841155 1.01657
0.846612 1.16943
0.85255 1.34775
0.858957 0.879858
0.865824 1.34749
0.873139 1.38328
0.880892 1.1294
0.88907 1.17879
0.897663 1.08758
0.906658 1.14847
0.916044 1.09883
0.925808 1.47896
0.935939 1.06302
0.946426 0.66574
0.957255 1.34082
0.968417 1.10967
0.979899 1.3664
0.991691 1.12326
1.00378 1.41901
1.01616 1.10817
0.829338 1.19479
0.829603 1.54287
0.830395 1.40952
0.831715 1.28649
0.833559 1.03914
0.835923 1.07717
0.838805 1.29559
0.842197 1.07676
0.846094 1.15173
0.850489 1.22047
0.855375 0.795633
0.860743 1.44328
0.866584 1.33821
0.872888 1.52974
0.879646 1.53093
0.886847 1.25042
0.894481 0.955536
0.902536 1.43492
0.911002 1.24924
0.919866 0.928714
0.929119 1.24145
0.938747 1.19479
0.94874 1.01776
0.959087 1.36274
0.969775 1.26901
0.980794 0.929418
0.992133 0.958891
1.00378 1.02859
1.01573 0.79304
1.02796 0.963891
0.844278 1.04565
0.844537 1.13168
0.845316 1.31285
0.846612 1.17495
0.848424 1.49204
0.850747 0.908606
0.853578 1.21355
0.856912 1.74292
0.860743 0.986596
0.865064 0.982765
0.869868 1.45584
0.875146 1.44478
0.880892 1.3592
0.887094 1.3745
0.893745 1.26503
0.900833 1.23485
0.90835 1.1751
0.916283 0.987346
0.924623 1.14045
0.933358 1.04967
0.942478 1.42909
0.951971 1.55018
0.961827 0.787272
0.972034 1.1026
0.982582 1.42953
0.993459 0.817867
1.00465 1.20253
1.01616 1.30683
1.02796 0.798178
1.04005 0.898427
0.607375 0.674463
0.607736 1.16548
0.608817 0.881405
0.610616 0.681856
0.613125 0.820133
0.616336 1.22503
0.620238 0.841245
0.624818 0.850783
0.630061 0.790149
0.635952 0.98061
0.642471 1.10446
0.6496 1.30197
0.65732 0.798971
0.665609 0.831745
0.674447 0.830499
0.683813 1.04028
0.693684 1.16713
0.704041 0.781848
0.714861 0.844888
0.726124 0.960652
0.73781 1.09431
0.749899 1.12397
0.762371 1.35256
0.775209 1.14921
0.788394 1.13758
0.80191 1.18143
0.815739 1.2717
0.829867 1.80613
0.844278 1.05305
0.858957 1.33815
0.607736 1.01932
0.608096 0.866225
0.609177 0.938072
0.610975 0.985622
0.613483 0.758997
0.616692 1.02378
0.620592 0.647829
0.625169 0.822106
0.630409 0.746841
0.636296 0.872539
0.642812 1.03629
0.649938 1.05309
0.657653 0.807765
0.665939 0.965242
0.674772 0.904234
0.684133 1.02901
0.694001 1.1137
0.704352 1.32594
0.715168 1.04952
0.726426 1.11366
0.738107 1.39519
0.750191 1.18389
0.762659 1.14742
0.775492 1.46443
0.788673 0.982623
0.802183 1.1194
0.816008 0.900339
0.830131 1.11213
0.844537 0.952789
0.859213 1.10824
0.608817 1.02293
0.609177 0.923358
0.610257 0.731738
0.612051 0.714204
0.614554 1.00692
0.617758 0.622637
0.621651 0.853684
0.626221 0.570883
0.631452 0.849003
0.63733 1.25147
0.643835 0.984537
0.650949 0.659307
0.658653 1.22666
0.666926 1.13565
0.675747 1.06114
0.685095 1.05798
0.694948 0.966632
0.705286 1.14599
0.716087 1.24674
0.727331 0.984491
0.738998 0.989442
0.751068 1.36659
0.763521 1.06861
0.77634 1.42824
0.789506 1.22163
0.803003 1.06068
0.816814 1.03508
0.830923 1.23516
0.845316 1.39621
0.859978 0.831101
0.610616 0.921952
0.610975 0.799457
0.612051 0.696968
0.61384 0.636555
0.616336 0.806048
0.61953 0.908956
0.623412 1.07707
0.627969 0.945591
0.633187 0.732142
0.639048 1.04911
0.645536 0.846714
0.652632 1.17311
0.660316 0.859277
0.668568 0.913841
0.677368 1.10776
0.686693 1.23996
0.696524 0.972754
0.706839 0.744283
0.717617 0.755636
0.728837 0.779306
0.74048 0.817877
0.752526 1.23225
0.764956 0.972349
0.777751 1.01337
0.790894 1.3752
0.804368 0.966811
0.818156 1.06318
0.832242 1.27112
0.846612 1.39364
0.861252 1.4464
0.613125 1.05574
0.613483 0.910983
0.614554 1.06103
0.616336 0.978878
0.618822 0.78091
0.622004 0.834126
0.62587 0.645425
0.630409 0.801642
0.635607 0.918555
0.641446 0.723809
0.64791 0.880636
0.65498 0.799107
0.662637 1.07171
0.670861 1.02828
0.67963 1.07705
0.688925 1.01185
0.698725 1.14643
0.709008 0.845276
0.719753 0.885253
0.730941 0.850966
0.742551 1.07229
0.754564 0.997658
0.766961 1.00937
0.779723 1.75691
0.792833 1.35535
0.806274 1.42411
0.82003 1.40742
0.834085 1.1568
0.848424 1.2597
0.863033 1.59537
0.616336 0.815588
0.616692 0.567889
0.617758 0.909946
0.61953 0.932595
0.622004 0.649317
0.625169 0.940502
0.629016 0.646749
0.633533 1.04866
0.638705 0.824471
0.644516 1.06643
0.650949 1.22288
0.657987 0.959777
0.665609 1.0095
0.673797 1.09072
0.682529 0.864065
0.691785 0.869534
0.701544 1.19694
0.711786 1.36774
0.72249 1.20262
0.733636 1.08621
0.745204 0.931406
0.757175 0.930773
0.76953 1.09947
0.78225 1.16896
0.795319 1.3297
0.808719 1.36493
0.822434 1.15797
0.836448 0.86637
0.850747 0.989194
0.865317 1.10093
0.620238 0.760028
0.620592 0.999196
0.621651 1.0325
0.623412 0.762908
0.62587 1.01794
0.629016 0.792525
0.63284 1.19413
0.63733 1.22854
0.642471 0.898884
0.648248 1.27763
0.654645 0.84998
0.661643 0.806913
0.669224 1.00074
0.677368 0.753956
0.686054 1.03087
0.695263 1.13314
0.704975 1.41227
0.715168 0.853424
0.725822 0.816995
0.736918 1.29498
0.748435 0.984554
0.760355 1.05779
0.772659 1.56223
0.785328 1.2417
0.798346 1.05273
0.811696 1.30768
0.825362 0.932053
0.839327 1.32352
0.853578 0.918357
0.868101 1.0969
0.624818 0.542195
0.625169 1.11058
0.626221 1.01625
0.627969 0.747483
0.630409 0.912525
0.633533 0.939824
0.63733 1.0522
0.641788 0.580379
0.646894 1.08908
0.652632 0.848075
0.658986 0.697084
0.665939 1.29324
0.673471 0.809189
0.681564 1.27556
0.690198 1.07266
0.699352 0.94196
0.709008 1.12877
0.719143 1.14873
0.72974 0.880915
0.740777 1.01185
0.752235 0.892009
0.764095 1.23965
0.77634 0.998529
0.788951 0.988826
0.80191 0.958456
0.815201 0.980331
0.828809 0.974462
0.842718 1.15788
0.856912 1.10199
0.871379 0.955115
0.630061 1.03918
0.630409 0.697045
0.631452 1.05958
0.633187 1.04672
0.635607 0.814792
0.638705 0.812541
0.642471 1.08987
0.646894 0.808496
0.651959 0.876106
0.657653 0.975057
0.66396 1.35443
0.670861 0.950468
0.678338 0.978088
0.686374 0.955763
0.694948 1.08586
0.704041 1.09684
0.713633 0.872741
0.723704 0.894043
0.734234 1.18015
0.745204 1.40592
0.756596 1.08372
0.768389 0.992631
0.780566 1.11642
0.79311 1.26305
0.806002 1.40121
0.819227 1.04934
0.832769 1.40039
0.846612 1.84078
0.860743 0.793381
0.875146 1.19538
0.635952 0.597156
0.636296 0.783081
0.63733 1.11508
0.639048 0.78462
0.641446 1.30225
0.644516 0.75657
0.648248 0.912216
0.652632 0.839482
0.657653 0.971656
0.663299 1.16958
0.669552 1.16439
0.676396 1.06619
0.683813 0.991602
0.691785 1.2924
0.700293 1.12405
0.709317 0.983582
0.718838 1.1868
0.728837 1.09032
0.739295 1.40401
0.750191 1.0841
0.761508 1.56442
0.773226 0.672408
0.785328 1.0516
0.797797 1.26119
0.810615 0.940166
0.823766 1.3345
0.837234 1.3353
0.851005 1.00596
0.865064 1.32927
0.879397 1.24636
0.642471 1.25444
0.642812 1.02786
0.643835 1.24358
0.645536 1.2756
0.64791 1.07335
0.650949 0.828289
0.654645 1.12528
0.658986 0.897857
0.66396 1.04531
0.669552 0.928382
0.675747 0.921524
0.682529 1.18106
0.68988 1.08539
0.697783 0.980943
0.706218 1.06125
0.715168 1.40863
0.724612 1.40037
0.734533 0.589189
0.74491 1.11153
0.755726 1.18994
0.766961 1.23586
0.778597 0.980918
0.790617 1.45582
0.803003 0.841319
0.815739 1.08639
0.828809 1.41436
0.842197 1.11134
0.855888 1.08347
0.869868 1.07673
0.884123 1.3358
0.6496 0.845901
0.649938 0.843142
0.650949 1.07467
0.652632 0.966115
0.65498 1.00472
0.657987 1.1013
0.661643 0.657518
0.665939 1.10549
0.670861 0.98325
0.676396 0.828561
0.682529 0.724216
0.689244 0.892267
0.696524 0.733654
0.704352 1.26951
0.71271 1.06121
0.721579 0.902117
0.730941 1.2199
0.740777 1.75537
0.751068 1.16355
0.761796 0.875509
0.772942 0.814831
0.78449 0.720857
0.796421 1.23771
0.808719 0.932941
0.821366 1.14241
0.834348 1.16739
0.847648 0.994078
0.861252 0.906919
0.875146 1.37769
0.889317 1.35378
0.65732 0.892631
0.657653 0.862817
0.658653 0.957387
0.660316 1.01595
0.662637 0.964007
0.665609 0.857806
0.669224 0.863153
0.673471 0.914138
0.678338 0.914481
0.683813 0.761524
0.68988 0.633946
0.696524 0.891838
0.703729 1.20126
0.711478 0.986766
0.719753 1.23709
0.728536 0.900594
0.73781 0.790952
0.747555 0.880745
0.757754 0.962218
0.768389 1.10446
0.779441 0.908817
0.790894 1.1738
0.80273 1.19381
0.814932 1.22079
0.827485 0.922265
0.840372 1.32896
0.853578 1.26943
0.86709 1.4676
0.880892 1.32153
0.894971 1.41203
0.665609 1.02231
0.665939 1.19312
0.666926 1.22085
0.668568 1.06785
0.670861 1.55519
0.673797 1.22494
0.677368 0.868062
0.681564 1.00333
0.686374 1.113
0.691785 1.32869
0.697783 0.878603
0.704352 1.25324
0.711478 1.31653
0.719143 1.30598
0.727331 1.22914
0.736024 1.3267
0.745204 0.958603
0.754854 1.13244
0.764956 0.865397
0.775492 1.122
0.786445 1.20096
0.797797 1.25821
0.809532 1.57908
0.821633 1.04705
0.834085 1.0389
0.846871 1.53491
0.859978 1.03179
0.87339 1.4649
0.887094 1.02323
0.901077 1.3239
0.674447 0.974033
0.674772 0.852955
0.675747 0.748944
0.677368 0.994207
0.67963 1.13962
0.682529 0.705049
0.686054 0.786261
0.690198 0.757128
0.694948 1.23599
0.700293 1.09687
0.706218 0.907448
0.71271 0.755347
0.719753 1.00945
0.727331 0.862744
0.735428 1.23938
0.744026 0.874888
0.753109 0.864688
0.762659 1.2813
0.772659 0.958079
0.783091 1.21756
0.793939 1.01534
0.805185 1.48134
0.816814 1.1124
0.828809 0.922447
0.841155 1.10167
0.853835 1.33705
0.866837 1.23076
0.880144 1.44037
0.893745 1.26302
0.907625 1.1405
0.683813 0.945507
0.684133 0.773348
0.685095 1.11733
0.686693 1.04806
0.688925 1.29803
0.691785 0.894561
0.695263 1.05556
0.699352 1.06395
0.704041 0.881002
0.709317 1.25662
0.715168 1.15541
0.721579 1.03516
0.728536 1.11974
0.736024 1.22369
0.744026 1.06226
0.752526 1.14283
0.761508 1.12341
0.770954 1.14627
0.780847 1.29116
0.791171 0.817907
0.80191 1.15946
0.813046 1.03318
0.824564 0.952923
0.836448 1.03966
0.848682 1.80819
0.861252 0.877027
0.874143 1.18816
0.887342 1.00264
0.900833 0.952743
0.914606 1.1814
0.693684 1.03814
0.694001 0.990033
0.694948 0.867501
0.696524 1.22712
0.698725 0.834097
0.701544 1.2073
0.704975 1.1217
0.709008 1.22044
0.713633 0.977276
0.718838 0.970617
0.724612 1.13223
0.730941 0.897307
0.73781 1.33349
0.745204 1.45862
0.753109 1.13037
0.761508 1.32231
0.770384 1.45222
0.779723 0.818136
0.789506 1.19561
0.799719 1.10014
0.810344 1.2968
0.821366 0.937459
0.832769 1.40362
0.844537 1.21841
0.856656 0.869312
0.869111 1.20036
0.881887 1.40337
0.894971 1.17206
0.90835 1.03216
0.92201 1.20426
0.704041 1.04616
0.704352 0.776042
0.705286 1.02492
0.706839 0.870724
0.709008 1.19672
0.711786 0.981416
0.715168 1.23446
0.719143 1.17731
0.723704 1.03799
0.728837 1.09966
0.734533 1.23405
0.740777 1.43676
0.747555 1.23365
0.754854 1.17844
0.762659 1.16191
0.770954 1.17978
0.779723 1.34471
0.788951 1.09354
0.798621 1.18527
0.808719 1.45439
0.819227 1.34243
0.830131 1.26932
0.841415 0.891249
0.853064 1.2888
0.865064 1.06926
0.877399 0.793909
0.890056 1.0199
0.903022 0.921072
0.916283 1.29076
0.929827 1.09334
0.714861 1.16815
0.715168 1.57036
0.716087 0.828405
0.717617 1.17702
0.719753 0.974326
0.72249 1.03857
0.725822 0.907763
0.72974 1.0315
0.734234 0.812076
0.739295 1.60418
0.74491 1.33516
0.751068 1.62007
0.757754 1.51036
0.764956 0.91518
0.772659 0.996938
0.780847 1.42399
0.789506 0.836968
0.798621 1.24407
0.808176 1.30754
0.818156 1.06648
0.828544 1.42831
0.839327 1.06947
0.850489 1.1544
0.862016 1.13407
0.873892 1.4401
0.886105 0.968208
0.89864 1.70292
0.911483 1.19885
0.924623 0.914235
0.938046 1.07508
0.726124 1.10497
0.726426 0.898139
0.727331 0.845617
0.728837 1.2507
0.730941 1.44995
0.733636 1.0342
0.736918 1.57452
0.740777 0.979288
0.745204 1.16696
0.750191 0.929421
0.755726 1.70569
0.761796 1.22558
0.768389 1.09872
0.775492 1.0016
0.783091 0.834716
0.791171 1.24391
0.799719 1.28724
0.808719 1.33069
0.818156 1.29509
0.828015 0.9756
0.838281 1.11125
0.848941 1.10464
0.859978 0.866957
0.871379 0.879038
0.88313 0.944372
0.895216 1.0156
0.907625 1.20094
0.920343 0.796024
0.933358 1.16502
0.946657 1.30423
0.73781 1.25263
0.738107 1.37393
0.738998 0.790749
0.74048 1.47467
0.742551 1.2387
0.745204 1.05802
0.748435 0.897115
0.752235 1.03371
0.756596 1.21524
0.761508 1.39995
0.766961 0.852588
0.772942 0.976121
0.779441 1.31685
0.786445 1.38508
0.793939 1.31848
0.80191 1.53819
0.810344 1.03616
0.819227 1.38015
0.828544 1.33763
0.838281 1.30823
0.848424 1.75775
0.858957 1.12624
0.869868 1.43182
0.881141 1.0944
0.892763 1.12231
0.904721 1.23414
0.917001 1.50777
0.929591 1.1663
0.942478 1.3475
0.95565 1.05823
0.749899 1.37247
0.750191 0.862511
0.751068 0.938348
0.752526 0.70726
0.754564 1.08837
0.757175 0.737492
0.760355 1.35643
0.764095 1.36405
0.768389 1.02772
0.773226 1.462
0.778597 1.26333
0.78449 1.11588
0.790894 1.03842
0.797797 1.36665
0.805185 1.1423
0.813046 2.02184
0.821366 1.30088
0.830131 1.92842
0.839327 1.02122
0.848941 0.938802
0.858957 0.958654
0.869363 0.917744
0.880144 1.10854
0.891288 1.53924
0.902779 1.05191
0.914606 1.32402
0.926755 0.958506
0.939214 1.28586
0.951971 1.26562
0.965014 0.987308
0.762371 0.894731
0.762659 1.21214
0.763521 0.933104
0.764956 1.75236
0.766961 1.18814
0.76953 1.49576
0.772659 1.27236
0.77634 1.21068
0.780566 1.09196
0.785328 1.27002
0.790617 0.842035
0.796421 1.25737
0.80273 1.55321
0.809532 0.966447
0.816814 0.918604
0.824564 1.41052
0.832769 1.45343
0.841415 1.10193
0.850489 0.892189
0.859978 1.26274
0.869868 0.903098
0.880144 1.18377
0.890795 1.1629
0.901807 0.977476
0.913166 1.09588
0.92486 0.799167
0.936876 1.42329
0.949202 0.873421
0.961827 0.964656
0.974738 0.881199
0.775209 0.930867
0.775492 1.30868
0.77634 1.35602
0.777751 0.874221
0.779723 0.993814
0.78225 1.45119
0.785328 1.41873
0.788951 1.16942
0.79311 1.07763
0.797797 1.11281
0.803003 1.31313
0.808719 1.4254
0.814932 1.26934
0.821633 1.27843
0.828809 0.863342
0.836448 1.38798
0.844537 1.21786
0.853064 0.82497
0.862016 1.1101
0.871379 1.26901
0.881141 1.22256
0.891288 0.852859
0.901807 1.20471
0.912685 1.23994
0.923911 1.18533
0.93547 1.20985
0.947352 1.12528
0.959544 1.41637
0.972034 1.33362
0.984811 1.18703
0.788394 1.33797
0.788673 1.01238
0.789506 0.911404
0.790894 0.995826
0.792833 0.830917
0.795319 0.873699
0.798346 0.569203
0.80191 1.27802
0.806002 1.10976
0.810615 0.983473
0.815739 1.50121
0.821366 0.844308
0.827485 1.48496
0.834085 1.33282
0.841155 1.31491
0.848682 1.04187
0.856656 1.24155
0.865064 1.7
0.873892 1.72172
0.88313 1.2357
0.892763 1.10193
0.902779 1.52919
0.913166 1.24347
0.923911 1.09465
0.935001 1.46934
0.946426 0.919084
0.958171 1.08081
0.970227 1.16346
0.982582 1.43237
0.995223 1.39462
0.80191 1.2221
0.802183 1.17784
0.803003 0.952927
0.804368 1.01301
0.806274 1.09802
0.808719 1.28687
0.811696 1.53798
0.815201 1.36685
0.819227 1.16065
0.823766 1.22183
0.828809 1.24101
0.834348 1.30086
0.840372 1.18104
0.846871 0.998764
0.853835 1.23267
0.861252 1.03574
0.869111 1.3183
0.877399 1.01387
0.886105 1.17507
0.895216 1.44434
0.904721 1.65132
0.914606 0.99933
0.92486 1.06646
0.93547 1.02083
0.946426 1.02432
0.957714 1.3534
0.969323 1.01853
0.981241 1.07328
0.993459 1.36117
1.00596 1.30588
0.815739 1.22528
0.816008 1.40606
0.816814 0.783533
0.818156 1.34783
0.82003 1.00085
0.822434 0.866078
0.825362 1.00989
0.828809 1.32645
0.832769 1.38754
0.837234 0.874399
0.842197 1.28273
0.847648 1.24023
0.853578 0.995629
0.859978 1.13825
0.866837 1.20436
0.874143 1.0862
0.881887 1.19168
0.890056 1.12874
0.89864 1.10523
0.907625 0.978289
0.917001 1.18567
0.926755 1.01226
0.936876 1.33297
0.947352 1.29466
0.958171 1.18725
0.969323 0.969161
0.980794 1.41624
0.992575 0.937823
1.00465 1.07165
1.01702 1.0644
0.829867 0.897717
0.830131 1.08875
0.830923 0.946493
0.832242 1.0913
0.834085 1.3575
0.836448 1.17149
0.839327 1.40654
0.842718 1.30032
0.846612 0.899128
0.851005 1.28582
0.855888 0.990424
0.861252 1.19313
0.86709 1.13591
0.87339 1.18515
0.880144 1.06355
0.887342 1.29286
0.894971 1.14465
0.903022 1.33088
0.911483 0.997245
0.920343 1.27014
0.929591 1.17018
0.939214 1.07038
0.949202 1.58644
0.959544 1.10011
0.970227 1.25892
0.981241 1.49916
0.992575 0.936044
1.00422 0.941524
1.01616 1.24112
1.02839 1.13453
0.844278 0.83231
0.844537 0.85434
0.845316 1.06097
0.846612 1.65083
0.848424 1.04309
0.850747 1.2146
0.853578 0.951449
0.856912 0.832707
0.860743 1.23406
0.865064 0.882052
0.869868 1.17928
0.875146 0.738582
0.880892 1.03279
0.887094 1.13043
0.893745 1.02576
0.900833 1.40875
0.90835 0.946496
0.916283 1.41335
0.924623 0.848157
0.933358 1.24476
0.942478 1.34569
0.951971 1.23462
0.961827 0.958873
0.972034 0.87254
0.982582 0.922435
0.993459 0.820245
1.00465 0.785726
1.01616 1.02483
1.02796 1.06062
1.04005 0.780835
0.858957 0.947698
0.859213 1.19785
0.859978 1.76844
0.861252 1.25567
0.863033 1.09097
0.865317 1.20499
0.868101 1.29642
0.871379 1.55229
0.875146 1.0448
0.879397 0.995452
0.884123 1.21983
0.889317 1.15586
0.894971 1.01587
0.901077 1.21003
0.907625 1.06605
0.914606 1.116
0.92201 1.23723
0.929827 0.984356
0.938046 1.03964
0.946657 1.5532
0.95565 1.03033
0.965014 1.20841
0.974738 0.962822
0.984811 1.16187
0.995223 1.0104
1.00596 1.22195
1.01702 0.881658
1.02839 0.85079
1.04005 0.953612
1.052 1.65871
0 6480
