0.0418879 0.280029
0.0628319 1.26783
0.0837758 1.22078
0.10472 2.41057
0.125664 15.9774
0.146608 1.37476
0.167552 6.9837
0.188496 0.646488
0.20944 1.06589
0.230383 0.878298
0.251327 1.64604
0.272271 0.547471
0.293215 0.402077
0.314159 0.353562
0.335103 0.33525
0.356047 0.268864
0.376991 0.403573
0.397935 0.393015
0.418879 0.49549
0.439823 0.489307
0.460767 0.352606
0.481711 0.421545
0.502655 0.54001
0.523599 0.474681
0.544543 0.678556
0.565487 0.575232
0.586431 0.715588
0.607375 0.586673
0.020944 0.0995037
0.0296192 0.139883
0.0468321 0.540879
0.0662306 1.53164
0.0863541 9.18085
0.106794 21.3375
0.127397 50.4083
0.148096 7.53145
0.168856 1.22696
0.189656 8.54312
0.210484 0.476202
0.231334 0.833637
0.252199 1.42981
0.273076 2.92544
0.293962 0.515065
0.314857 0.609869
0.335757 0.505691
0.356663 0.481722
0.377572 0.559522
0.398486 0.311844
0.419402 0.314749
0.440321 0.584676
0.461243 0.386613
0.482166 0.680384
0.503091 0.472167
0.524017 0.513139
0.544945 0.545893
0.565874 0.521056
0.586805 0.53031
0.607736 0.708143
0.0418879 0.76498
0.0468321 0.196905
0.0592384 1.28545
0.0755145 0.863155
0.0936642 6.34563
0.112787 9.70752
0.132461 28.3825
0.152474 1.30517
0.172708 6.3549
0.193094 4.69785
0.213587 3.40726
0.23416 0.744721
0.254794 0.497943
0.275475 0.776798
0.296192 0.613932
0.316939 0.787575
0.337711 0.388842
0.358503 0.370389
0.379311 0.496673
0.400134 0.531708
0.420968 0.583434
0.441813 0.318884
0.462667 0.67041
0.483529 0.506014
0.504397 0.485663
0.525272 0.817509
0.546151 0.340642
0.567036 0.521154
0.587925 0.979489
0.608817 0.790802
0.0628319 2.80331
0.0662306 1.92951
0.0755145 1.01594
0.0888577 2.61317
0.10472 20.6332
0.122123 2.9365
0.140496 40.0324
0.159504 1.21688
0.178945 4.34934
0.198692 3.61931
0.218661 2.57527
0.238798 3.77485
0.259062 2.96779
0.279427 0.399817
0.299872 0.678746
0.320381 0.756693
0.340943 0.456575
0.361549 0.606868
0.382191 0.311772
0.402865 0.371597
0.423565 0.374764
0.444288 0.431086
0.465031 0.462593
0.485791 0.479276
0.506567 0.345915
0.527355 0.347814
0.548156 0.466158
0.568967 0.409443
0.589787 0.696393
0.610616 0.607871
0.0837758 4.14212
0.0863541 8.78912
0.0936642 3.85993
0.10472 5.78843
0.118477 54.134
0.134107 56.2215
0.151029 51.55
0.168856 7.66287
0.187328 1.17418
0.206274 2.79814
0.225573 4.79182
0.245143 1.73201
0.264922 0.632385
0.284869 0.994816
0.304949 0.622255
0.325138 0.515714
0.345416 0.388856
0.36577 0.461946
0.386187 0.396014
0.406658 0.528115
0.427174 0.383156
0.447731 0.517297
0.468321 0.499197
0.488941 0.357894
0.509588 0.629354
0.530258 0.529101
0.550949 0.458934
0.571659 0.697473
0.592384 0.550659
0.613125 0.807762
0.10472 12.4979
0.106794 5.73404
0.112787 6.79416
0.122123 6.79313
0.134107 1.8593
0.148096 31.4499
0.163577 5.72702
0.180167 0.573735
0.197585 1.4982
0.215631 0.66012
0.23416 1.09818
0.253067 0.408412
0.272271 0.334673
0.291715 0.569887
0.311354 0.331272
0.331153 0.529147
0.351085 0.481329
0.371128 0.508451
0.391265 0.365168
0.411483 0.386234
0.431771 0.390936
0.452118 0.459311
0.472517 0.300698
0.492962 0.650137
0.513447 0.654459
0.533968 0.855338
0.554521 0.433444
0.575101 0.689609
0.595707 0.425312
0.616336 0.957825
0.125664 1.24691
0.127397 4.89192
0.132461 12.8022
0.140496 16.7128
0.151029 10.9432
0.163577 0.718291
0.177715 4.70772
0.193094 4.47472
0.20944 3.68513
0.226543 5.64513
0.244246 1.00977
0.262427 4.15089
0.280993 2.77575
0.299872 1.04744
0.319009 0.310572
0.33836 0.300239
0.35789 0.209842
0.377572 0.445377
0.397384 0.34486
0.417305 0.455699
0.437323 0.253816
0.457423 0.277668
0.477596 0.561142
0.497832 0.645985
0.518125 0.620337
0.538467 0.380408
0.558854 0.456946
0.579281 0.624557
0.599743 0.494565
0.620238 0.752278
0.146608 37.9337
0.148096 4.10941
0.152474 5.15681
0.159504 17.7752
0.168856 8.48835
0.180167 4.05692
0.193094 2.30456
0.207335 1.28907
0.222637 2.71689
0.238798 2.63745
0.255654 1.64214
0.273076 1.5984
0.290963 0.694893
0.309234 0.701178
0.327825 0.693506
0.346684 0.574051
0.36577 0.352546
0.38505 0.497885
0.404495 0.474702
0.424083 0.624391
0.443794 0.423818
0.463614 0.436489
0.483529 0.401297
0.503527 0.668681
0.523599 0.517647
0.543737 0.528062
0.563933 0.494949
0.584182 0.900238
0.604479 0.545952
0.624818 0.814808
0.167552 2.29182
0.168856 1.98284
0.172708 4.34253
0.178945 1.75892
0.187328 1.45928
0.197585 1.40726
0.20944 3.03278
0.222637 0.855432
0.236954 1.24333
0.252199 2.62486
0.268213 2.69036
0.284869 0.71555
0.302058 0.615927
0.319696 0.717695
0.337711 0.479901
0.356047 0.293133
0.374657 0.565399
0.393501 0.429105
0.412548 0.649322
0.431771 0.373555
0.451147 0.509239
0.470657 0.635875
0.490285 0.278741
0.510019 0.498735
0.529845 0.438932
0.549754 0.61022
0.569737 0.577577
0.589787 0.616274
0.609897 0.569731
0.630061 0.601198
0.188496 2.34084
0.189656 2.97477
0.193094 1.96189
0.198692 6.36009
0.206274 2.79609
0.215631 0.71994
0.226543 2.54915
0.238798 0.890148
0.252199 0.643047
0.266573 0.404085
0.281772 1.41375
0.297669 0.769344
0.314159 0.517255
0.331153 0.510635
0.348577 0.372007
0.36637 0.424767
0.38448 0.376608
0.402865 0.361214
0.421489 0.390927
0.440321 0.546848
0.459337 0.489399
0.478513 0.446119
0.497832 0.859421
0.517277 0.398896
0.536836 0.808927
0.556495 0.505803
0.576244 0.677939
0.596075 0.65911
0.61598 0.480781
0.635952 0.644743
0.20944 1.15309
0.210484 4.26367
0.213587 3.50074
0.218661 0.591172
0.225573 3.7826
0.23416 0.462841
0.244246 1.12676
0.255654 1.16636
0.268213 1.6497
0.281772 1.61738
0.296192 0.504084
0.311354 0.772511
0.327155 0.363348
0.343506 0.467196
0.360333 0.58938
0.377572 0.363742
0.39517 0.439543
0.413079 0.353713
0.431262 0.537586
0.449686 0.421737
0.468321 0.334393
0.487144 0.586443
0.506133 0.305818
0.525272 0.687826
0.544543 0.4803
0.563933 0.590026
0.583431 0.565684
0.603026 0.508608
0.622708 0.868515
0.642471 0.693308
0.230383 1.59421
0.231334 1.0609
0.23416 3.88223
0.238798 3.63241
0.245143 1.15393
0.253067 0.7677
0.262427 0.699196
0.273076 0.818674
0.284869 1.21025
0.297669 0.545149
0.311354 0.882822
0.325811 0.433522
0.340943 0.281234
0.356663 0.442313
0.372896 0.53485
0.38958 0.472745
0.406658 0.469045
0.424083 0.465171
0.441813 0.488754
0.459814 0.568637
0.478055 0.427698
0.496509 0.56366
0.515153 0.503458
0.533968 0.40602
0.552936 0.479018
0.572042 0.692906
0.591273 0.703383
0.610616 0.806653
0.630061 0.602182
0.6496 0.618402
0.251327 4.08515
0.252199 0.992612
0.254794 1.99138
0.259062 2.20107
0.264922 1.54428
0.272271 0.597127
0.280993 0.503925
0.290963 0.557842
0.302058 0.633301
0.314159 0.325993
0.327155 0.800569
0.340943 0.58714
0.355431 0.284972
0.370536 0.296526
0.386187 0.52417
0.40232 0.300598
0.418879 0.401523
0.435815 0.287357
0.453087 0.388925
0.470657 0.489763
0.488493 0.382678
0.506567 0.469375
0.524854 0.640159
0.543333 0.564853
0.561985 0.489006
0.580794 0.50852
0.599743 0.656537
0.618822 0.581979
0.638018 0.941317
0.65732 0.743392
0.272271 0.494564
0.273076 0.919678
0.275475 0.481763
0.279427 0.279597
0.284869 0.531413
0.291715 1.16543
0.299872 1.13666
0.309234 1.38098
0.319696 0.365832
0.331153 0.246984
0.343506 0.449177
0.356663 0.492412
0.370536 0.445003
0.38505 0.380833
0.400134 0.329742
0.415726 0.304341
0.431771 0.427941
0.44822 0.349708
0.465031 0.346138
0.482166 0.485203
0.499591 0.693235
0.517277 0.44372
0.535199 0.846259
0.553333 0.696866
0.571659 0.468165
0.590159 0.677731
0.608817 0.516434
0.62762 0.689884
0.646554 0.842982
0.665609 0.60383
0.293215 0.572091
0.293962 0.983501
0.296192 0.671284
0.299872 1.56582
0.304949 0.368873
0.311354 0.432402
0.319009 0.248782
0.327825 0.426077
0.337711 0.728043
0.348577 0.34463
0.360333 0.321273
0.372896 0.483004
0.386187 0.235914
0.400134 0.289592
0.414669 0.411386
0.429734 0.540699
0.445275 0.343679
0.461243 0.69313
0.477596 0.493623
0.494295 0.342682
0.511307 0.662626
0.528601 0.538462
0.546151 0.524114
0.563933 0.510824
0.581925 0.591746
0.600109 0.505823
0.618467 0.761925
0.636985 0.78097
0.655649 0.7271
0.674447 0.863222
0.314159 0.922329
0.314857 0.736583
0.316939 0.45403
0.320381 0.444095
0.325138 0.574303
0.331153 0.401615
0.33836 0.462388
0.346684 0.651541
0.356047 0.432466
0.36637 0.369785
0.377572 0.518039
0.38958 0.387184
0.40232 0.331205
0.415726 0.395448
0.429734 0.48782
0.444288 0.498228
0.459337 0.488224
0.474832 0.350773
0.490732 0.733909
0.506999 0.700451
0.523599 0.555726
0.5405 0.456227
0.557676 0.628273
0.575101 0.690934
0.592755 0.919392
0.610616 0.551844
0.628667 0.90373
0.646894 0.566207
0.66528 1.05898
0.683813 1.07067
0.335103 0.693504
0.335757 0.356736
0.337711 0.659246
0.340943 0.465006
0.345416 0.37372
0.351085 0.386444
0.35789 0.486434
0.36577 0.555216
0.374657 0.557158
0.38448 0.707117
0.39517 0.384378
0.406658 0.417394
0.418879 0.37706
0.431771 0.400482
0.445275 0.342528
0.459337 0.43411
0.473908 0.421343
0.488941 0.380618
0.504397 0.468847
0.520237 0.534863
0.536427 0.389025
0.552936 0.456303
0.569737 0.453897
0.586805 0.668119
0.604116 0.739124
0.621651 0.4087
0.639391 0.580829
0.65732 0.682191
0.675422 0.529794
0.693684 0.718629
0.356047 0.385028
0.356663 0.393508
0.358503 0.282243
0.361549 0.515633
0.36577 0.296512
0.371128 0.416646
0.377572 0.405283
0.38505 0.358585
0.393501 0.419888
0.402865 0.504846
0.413079 0.505028
0.424083 0.423335
0.435815 0.587469
0.44822 0.414693
0.461243 0.627427
0.474832 0.370588
0.488941 0.459996
0.503527 0.547625
0.518548 0.558686
0.533968 0.590843
0.549754 0.486097
0.565874 0.633199
0.582302 0.505312
0.599012 0.710433
0.61598 0.617736
0.633187 0.695689
0.650612 0.643777
0.66824 0.807408
0.686054 0.554111
0.704041 0.981291
0.376991 0.421274
0.377572 0.569409
0.379311 0.346933
0.382191 0.258806
0.386187 0.36859
0.391265 0.476549
0.397384 0.254998
0.404495 0.508883
0.412548 0.394674
0.421489 0.398134
0.431262 0.500695
0.441813 0.680347
0.453087 0.58344
0.465031 0.439099
0.477596 0.447365
0.490732 0.30521
0.504397 0.627736
0.518548 0.693325
0.533146 0.389056
0.548156 0.665209
0.563544 0.692891
0.579281 0.613595
0.595339 0.8775
0.611692 0.886158
0.628319 0.391738
0.645196 0.680473
0.662306 0.799442
0.67963 0.591903
0.697154 0.883218
0.714861 0.853503
0.397935 0.524494
0.398486 0.463096
0.400134 0.343938
0.402865 0.313339
0.406658 0.367078
0.411483 0.346213
0.417305 0.453089
0.424083 0.288378
0.431771 0.401632
0.440321 0.338249
0.449686 0.308766
0.459814 0.467777
0.470657 0.570469
0.482166 0.354738
0.494295 0.419274
0.506999 0.391268
0.520237 0.844304
0.533968 0.624725
0.548156 0.716887
0.562765 0.519269
0.577765 0.725476
0.593124 0.516684
0.608817 0.463632
0.624818 0.559768
0.641104 0.592882
0.657653 0.84439
0.674447 0.622806
0.691468 0.702129
0.708698 0.971035
0.726124 0.876845
0.418879 0.370141
0.419402 0.382038
0.420968 0.443187
0.423565 0.489301
0.427174 0.309268
0.431771 0.549791
0.437323 0.345837
0.443794 0.518575
0.451147 0.366356
0.459337 0.28095
0.468321 0.510698
0.478055 0.633746
0.488493 0.324064
0.499591 0.384483
0.511307 0.670451
0.523599 0.499998
0.536427 0.3772
0.549754 0.571045
0.563544 0.507446
0.577765 0.726058
0.592384 0.561816
0.607375 0.618995
0.622708 0.491585
0.638361 0.605894
0.65431 0.848942
0.670534 1.22416
0.687013 0.455097
0.703729 0.965437
0.720667 0.998879
0.73781 0.850769
0.439823 0.310556
0.440321 0.537486
0.441813 0.563775
0.444288 0.471824
0.447731 0.35031
0.452118 0.591481
0.457423 0.378031
0.463614 0.511658
0.470657 0.449686
0.478513 0.528382
0.487144 0.484667
0.496509 0.653666
0.506567 0.571107
0.517277 0.50964
0.528601 0.439293
0.5405 0.352963
0.552936 0.556591
0.565874 0.854407
0.579281 0.593488
0.593124 0.626303
0.607375 0.584923
0.622004 1.27885
0.636985 0.820634
0.652296 0.693535
0.667912 1.04807
0.683813 0.556984
0.699979 0.845664
0.716393 1.0241
0.733038 1.03015
0.749899 1.01243
0.460767 0.380497
0.461243 0.408646
0.462667 0.365457
0.465031 0.434432
0.468321 0.435697
0.472517 0.443733
0.477596 0.483506
0.483529 0.509942
0.490285 0.635358
0.497832 0.376652
0.506133 0.524452
0.515153 0.482235
0.524854 0.534675
0.535199 0.570688
0.546151 0.63779
0.557676 0.650851
0.569737 0.469916
0.582302 0.664887
0.595339 0.824612
0.608817 0.668218
0.622708 0.668589
0.636985 0.658263
0.651623 0.498589
0.666597 1.1146
0.681886 0.972911
0.697468 0.875823
0.713325 0.950606
0.729439 1.19605
0.745793 0.835309
0.762371 0.889486
0.481711 0.520057
0.482166 0.451644
0.483529 0.601492
0.485791 0.659622
0.488941 0.522274
0.492962 0.808792
0.497832 0.85234
0.503527 0.565011
0.510019 0.616368
0.517277 0.512765
0.525272 0.528166
0.533968 0.56623
0.543333 0.568532
0.553333 0.465127
0.563933 0.784242
0.575101 0.640321
0.586805 0.445548
0.599012 0.911438
0.611692 0.870759
0.624818 0.843803
0.638361 0.698233
0.652296 0.754307
0.666597 0.834089
0.681242 0.796849
0.696209 0.897206
0.711478 0.868717
0.72703 0.945355
0.742846 0.903218
0.758911 0.959955
0.775209 1.18081
0.502655 0.363595
0.503091 0.877626
0.504397 0.368119
0.506567 0.917067
0.509588 0.515448
0.513447 0.457694
0.518125 0.689043
0.523599 0.457138
0.529845 0.529001
0.536836 0.684766
0.544543 0.460114
0.552936 0.536458
0.561985 0.53444
0.571659 0.63178
0.581925 0.814334
0.592755 0.867436
0.604116 0.782948
0.61598 1.22988
0.628319 0.47823
0.641104 0.651645
0.65431 0.797971
0.667912 0.820257
0.681886 0.52099
0.696209 0.667496
0.710861 1.01809
0.725822 0.916588
0.741073 0.926109
0.756596 0.762714
0.772375 1.09345
0.788394 1.10764
0.523599 0.388362
0.524017 0.455353
0.525272 0.374606
0.527355 0.531626
0.530258 0.49837
0.533968 0.745873
0.538467 0.605073
0.543737 0.53519
0.549754 0.722818
0.556495 0.613997
0.563933 0.385207
0.572042 0.881491
0.580794 0.656843
0.590159 0.652821
0.600109 0.858317
0.610616 0.590793
0.621651 0.540933
0.633187 0.78925
0.645196 0.603109
0.657653 0.796163
0.670534 0.943638
0.683813 0.835911
0.697468 0.882422
0.711478 0.736393
0.725822 0.734597
0.74048 0.928826
0.755435 1.05609
0.770669 0.788717
0.786166 0.971058
0.80191 0.746179
0.544543 0.527711
0.544945 0.685621
0.546151 0.753966
0.548156 0.617197
0.550949 0.703119
0.554521 0.475771
0.558854 0.68049
0.563933 0.568937
0.569737 0.697944
0.576244 0.367884
0.583431 0.699821
0.591273 0.938269
0.599743 0.50629
0.608817 0.762635
0.618467 0.775716
0.628667 0.481254
0.639391 0.588919
0.650612 0.626496
0.662306 0.7543
0.674447 0.495865
0.687013 1.19941
0.699979 0.701542
0.713325 0.698952
0.72703 0.711083
0.741073 0.896618
0.755435 1.22938
0.7701 0.688985
0.785049 0.69945
0.800267 0.927234
0.815739 1.04216
0.565487 0.544733
0.565874 0.59325
0.567036 0.475169
0.568967 0.675353
0.571659 0.970919
0.575101 0.823562
0.579281 0.639278
0.584182 0.503569
0.589787 0.449522
0.596075 0.802504
0.603026 0.428837
0.610616 0.727896
0.618822 0.482394
0.62762 0.58374
0.636985 0.857535
0.646894 0.776018
0.65732 0.726476
0.66824 0.591998
0.67963 0.859408
0.691468 0.634996
0.703729 0.762003
0.716393 0.725189
0.729439 0.916294
0.742846 0.677531
0.756596 0.808501
0.770669 1.15726
0.785049 0.757511
0.799719 0.923998
0.814663 1.13337
0.829867 0.922599
0.586431 0.860425
0.586805 0.574725
0.587925 0.615844
0.589787 0.593933
0.592384 0.806563
0.595707 0.913622
0.599743 0.587897
0.604479 0.466194
0.609897 0.753064
0.61598 0.714124
0.622708 0.486418
0.630061 0.686651
0.638018 0.683885
0.646554 0.695397
0.655649 0.820204
0.66528 0.545086
0.675422 0.784429
0.686054 0.648106
0.697154 0.973705
0.708698 0.663214
0.720667 0.574417
0.733038 0.903361
0.745793 0.759628
0.758911 0.793936
0.772375 0.95717
0.786166 1.22011
0.800267 0.884694
0.814663 1.01175
0.829338 0.919449
0.844278 1.11299
0.607375 0.619768
0.607736 0.726529
0.608817 0.616356
0.610616 0.74458
0.613125 0.747108
0.616336 0.531399
0.620238 0.858067
0.624818 0.764139
0.630061 0.496788
0.635952 0.614395
0.642471 0.688445
0.6496 0.804493
0.65732 0.759546
0.665609 0.789292
0.674447 0.789863
0.683813 0.66321
0.693684 0.950097
0.704041 0.728535
0.714861 0.599079
0.726124 0.79021
0.73781 0.815525
0.749899 0.83099
0.762371 1.12458
0.775209 0.737757
0.788394 0.629288
0.80191 1.13555
0.815739 1.03193
0.829867 0.791326
0.844278 0.966989
0.858957 1.3246
0.020944 0.0549326
0.0296192 0.647466
0.0468321 0.655186
0.0662306 1.31123
0.0863541 6.92553
0.106794 11.9922
0.127397 1.88519
0.148096 3.44527
0.168856 2.36865
0.189656 2.88171
0.210484 0.415613
0.231334 2.94681
0.252199 2.13595
0.273076 1.86762
0.293962 0.535728
0.314857 1.25531
0.335757 0.318372
0.356663 0.2955
0.377572 0.392394
0.398486 0.45492
0.419402 0.652857
0.440321 0.472763
0.461243 0.437912
0.482166 0.714648
0.503091 0.390406
0.524017 0.385533
0.544945 0.448019
0.565874 0.556057
0.586805 0.446345
0.607736 0.568509
0.0296192 0.112111
0.036276 0.453391
0.051302 1.9622
0.0694632 8.6637
0.0888577 3.55179
0.108828 21.4764
0.129107 1.97392
0.14957 14.5342
0.170149 5.61175
0.190808 2.62081
0.211524 0.446334
0.23228 7.19124
0.253067 1.31929
0.273878 0.809729
0.294708 0.415668
0.315552 0.335383
0.33641 0.427582
0.357277 0.398453
0.378153 0.285693
0.399036 0.472557
0.419925 0.381606
0.440819 0.449309
0.461718 0.412519
0.482621 0.43827
0.503527 0.420198
0.524436 0.512087
0.545348 0.578652
0.566262 0.564089
0.587178 0.494414
0.608096 0.821836
0.0468321 0.378959
0.051302 0.873136
0.0628319 1.13271
0.0783651 5.01467
0.0959772 4.29867
0.114715 7.13124
0.134107 4.89174
0.153906 6.15158
0.173974 0.811865
0.194226 2.31879
0.214612 2.43142
0.235095 1.1557
0.255654 2.54822
0.27627 0.53558
0.296932 0.490853
0.317631 1.08147
0.33836 0.421446
0.359114 0.249204
0.379889 0.297965
0.400681 0.340165
0.421489 0.348564
0.442309 0.299786
0.463141 0.373971
0.483982 0.557289
0.504832 0.34928
0.525689 0.429569
0.546553 0.596936
0.567423 0.705428
0.588298 0.47744
0.609177 0.588805
0.0662306 0.642624
0.0694632 3.93602
0.0783651 4.60835
0.0912926 6.91875
0.106794 1.08824
0.123906 3.89325
0.142049 18.5717
0.160874 1.90187
0.180167 3.04458
0.199793 1.67509
0.219662 0.797204
0.239714 0.593652
0.259908 1.13095
0.280211 0.688161
0.300602 0.501635
0.321065 0.477633
0.341586 0.465041
0.362155 0.351547
0.382765 0.454622
0.403409 0.590628
0.424083 0.436944
0.444782 0.357347
0.465503 0.591558
0.486243 0.442024
0.506999 0.372688
0.527771 0.728047
0.548556 0.795507
0.569352 0.710329
0.590159 0.705456
0.610975 0.747058
0.0863541 5.59696
0.0888577 4.36845
0.0959772 7.92582
0.106794 8.12019
0.120314 7.70478
0.135732 4.25808
0.152474 33.2376
0.170149 3.38833
0.188496 1.76349
0.207335 3.9415
0.226543 2.84957
0.246036 0.579968
0.265749 1.16207
0.285637 1.11998
0.305667 0.442745
0.325811 1.08269
0.346051 0.329272
0.36637 0.215901
0.386755 0.378526
0.407197 0.471361
0.427688 0.66686
0.44822 0.314343
0.468789 0.325681
0.48939 0.580868
0.510019 0.427655
0.530672 0.534515
0.551347 0.710154
0.572042 0.753813
0.592755 0.487863
0.613483 0.708793
0.106794 14.4682
0.108828 0.907068
0.114715 3.05177
0.123906 45.3907
0.135732 26.8111
0.14957 16.3395
0.164913 1.41925
0.18138 1.28018
0.198692 0.892785
0.216646 6.92902
0.235095 1.49953
0.253932 1.0096
0.273076 1.20872
0.292466 0.551137
0.312058 0.389176
0.331815 0.6336
0.351709 0.612117
0.371718 0.756154
0.391825 0.345004
0.412016 0.364426
0.432278 0.383584
0.452603 0.433416
0.472981 0.411105
0.493407 0.449617
0.513874 0.531635
0.534379 0.562126
0.554916 0.419033
0.575482 0.408225
0.596075 0.514522
0.616692 0.596493
0.127397 6.23253
0.129107 49.0791
0.134107 2.72318
0.142049 22.14
0.152474 3.57301
0.164913 1.26197
0.178945 7.65924
0.194226 2.14434
0.210484 3.59257
0.22751 1.20744
0.245143 1.43353
0.263261 0.860978
0.281772 0.671373
0.300602 0.426893
0.319696 0.686216
0.339007 0.473787
0.358503 0.317501
0.378153 0.867175
0.397935 0.191781
0.417831 0.737934
0.437824 0.491799
0.457902 0.363022
0.478055 0.555921
0.498272 0.505218
0.518548 0.46384
0.538874 0.46113
0.559247 0.772683
0.57966 0.510145
0.600109 0.484012
0.620592 0.756801
0.148096 1.3774
0.14957 7.67668
0.153906 11.8436
0.160874 3.49
0.170149 7.21646
0.18138 1.75045
0.194226 0.826826
0.20839 0.613189
0.22362 1.10831
0.239714 2.15329
0.25651 1.12629
0.273878 0.606018
0.291715 0.926152
0.309942 0.585375
0.328493 0.466607
0.347316 0.375724
0.36637 0.695705
0.385619 0.639354
0.405037 0.277189
0.4246 0.319891
0.444288 0.445641
0.464087 0.55638
0.483982 0.321255
0.503962 0.443466
0.524017 0.528227
0.54414 0.599322
0.564322 0.509059
0.584558 0.523836
0.604842 0.463027
0.625169 0.780753
0.168856 0.636924
0.170149 4.20738
0.173974 8.78975
0.180167 6.70699
0.188496 0.836383
0.198692 0.596031
0.210484 0.611312
0.22362 2.70521
0.237878 0.878282
0.253067 0.52019
0.26903 2.15499
0.285637 0.658701
0.302783 0.790558
0.320381 0.379173
0.33836 0.652555
0.356663 0.490621
0.375242 0.273593
0.394058 0.291728
0.413079 0.522608
0.432278 0.492857
0.451632 0.588572
0.471123 0.495664
0.490732 0.833615
0.510448 0.870646
0.530258 0.427731
0.550153 0.700774
0.570122 0.679483
0.590159 0.585628
0.610257 0.81081
0.630409 0.718126
0.189656 1.8115
0.190808 1.05755
0.194226 2.66952
0.199793 2.08016
0.207335 2.66351
0.216646 0.457974
0.22751 3.86592
0.239714 0.415409
0.253067 2.10913
0.267394 1.63733
0.282549 0.787884
0.298405 0.420489
0.314857 0.456893
0.331815 0.445963
0.349205 0.358549
0.366968 0.334749
0.38505 0.235219
0.403409 0.462733
0.422009 0.345049
0.440819 0.541631
0.459814 0.595487
0.478971 0.387244
0.498272 0.747329
0.517701 0.458475
0.537244 0.692414
0.556889 0.568874
0.576625 0.694895
0.596443 0.716267
0.616336 0.768483
0.636296 0.830844
0.210484 1.77618
0.211524 0.834418
0.214612 1.60862
0.219662 1.82048
0.226543 1.64006
0.235095 1.47542
0.245143 0.845781
0.25651 2.69045
0.26903 1.22751
0.282549 0.750369
0.296932 0.444931
0.312058 0.360994
0.327825 0.614135
0.344144 0.615121
0.360942 0.336968
0.378153 0.401864
0.395724 0.44899
0.41361 0.465989
0.431771 0.409785
0.450173 0.356543
0.468789 0.769322
0.487594 0.496796
0.506567 0.656528
0.525689 0.569598
0.544945 0.586501
0.564322 0.498917
0.583807 0.584196
0.603389 0.65426
0.623061 0.518387
0.642812 0.839468
0.231334 7.46597
0.23228 1.40887
0.235095 2.91423
0.239714 0.59137
0.246036 3.60768
0.253932 0.96818
0.263261 0.8784
0.273878 1.60382
0.285637 0.683248
0.298405 1.03177
0.312058 0.742806
0.326484 0.578978
0.341586 0.574675
0.357277 0.315787
0.373484 0.433395
0.390143 0.422395
0.407197 0.391933
0.4246 0.272149
0.442309 0.427949
0.460291 0.602795
0.478513 0.549414
0.49695 0.394804
0.515579 0.42965
0.534379 0.490493
0.553333 0.953494
0.572425 0.61173
0.591643 0.617249
0.610975 0.814447
0.630409 0.771905
0.649938 0.846499
0.252199 2.93034
0.253067 1.91428
0.255654 1.21531
0.259908 1.33435
0.265749 0.315302
0.273076 0.519119
0.281772 1.36363
0.291715 0.935614
0.302783 1.34796
0.314857 0.341325
0.327825 0.703195
0.341586 0.449597
0.356047 0.27034
0.371128 0.446754
0.386755 0.402817
0.402865 0.608183
0.419402 0.315286
0.436318 0.467114
0.453571 0.358842
0.471123 0.466867
0.488941 0.71126
0.506999 0.524254
0.525272 0.650368
0.543737 0.700091
0.562375 0.853652
0.581171 0.430311
0.600109 0.53885
0.619176 0.660114
0.638361 0.619706
0.657653 0.777727
0.273076 0.559725
0.273878 0.536393
0.27627 0.35973
0.280211 0.676496
0.285637 2.19335
0.292466 0.461951
0.300602 0.497677
0.309942 0.588493
0.320381 0.761261
0.331815 0.709001
0.344144 0.352301
0.357277 0.458805
0.371128 0.277413
0.385619 0.45495
0.400681 0.240755
0.416253 0.235113
0.432278 0.442838
0.448709 0.639459
0.465503 0.398198
0.482621 0.756729
0.50003 0.551911
0.517701 0.658681
0.535609 0.807701
0.553729 0.607191
0.572042 0.77195
0.59053 0.551138
0.609177 0.648947
0.627969 0.495416
0.646894 0.837419
0.665939 0.69473
0.293962 0.574709
0.294708 0.790741
0.296932 1.04791
0.300602 0.6809
0.305667 0.596319
0.312058 0.412609
0.319696 0.369695
0.328493 0.42659
0.33836 0.623747
0.349205 0.326528
0.360942 0.344639
0.373484 0.305814
0.386755 0.399947
0.400681 0.580999
0.415198 0.426307
0.430244 0.453287
0.445767 0.475285
0.461718 0.312055
0.478055 0.441526
0.494739 0.541642
0.511736 0.469078
0.529016 0.768115
0.546553 0.562911
0.564322 0.986114
0.582302 0.548222
0.600474 0.701924
0.618822 0.598283
0.63733 1.0384
0.655984 1.10285
0.674772 0.748106
0.314857 0.363719
0.315552 1.40356
0.317631 0.745445
0.321065 0.333818
0.325811 0.417475
0.331815 0.426935
0.339007 0.457416
0.347316 0.673928
0.356663 0.425389
0.366968 0.200582
0.378153 0.386171
0.390143 0.316247
0.402865 0.580231
0.416253 0.375666
0.430244 0.473841
0.444782 0.658827
0.459814 0.373254
0.475294 0.608338
0.491179 0.402711
0.507432 0.454735
0.524017 0.592996
0.540906 0.741041
0.558069 0.455262
0.575482 0.626228
0.593124 0.622386
0.610975 0.845437
0.629016 0.657583
0.647232 0.672497
0.665609 0.823416
0.684133 0.860128
0.335757 0.444412
0.33641 0.387175
0.33836 0.356698
0.341586 0.462772
0.346051 0.292814
0.351709 0.376793
0.358503 0.397843
0.36637 0.385989
0.375242 0.270922
0.38505 0.22551
0.395724 0.373193
0.407197 0.443648
0.419402 0.540672
0.432278 0.511288
0.445767 0.47688
0.459814 0.281995
0.47437 0.526269
0.48939 0.585867
0.504832 0.635834
0.520658 0.40094
0.536836 0.760995
0.553333 0.536738
0.570122 0.658751
0.587178 0.921804
0.604479 0.649064
0.622004 0.845129
0.639734 0.795276
0.657653 0.784322
0.675747 0.873287
0.694001 0.677565
0.356663 0.245135
0.357277 0.390517
0.359114 0.519147
0.362155 0.401009
0.36637 0.571217
0.371718 0.359479
0.378153 0.340895
0.385619 0.472067
0.394058 0.401294
0.403409 0.386826
0.41361 0.313611
0.4246 0.271374
0.436318 0.359475
0.448709 0.344661
0.461718 0.426132
0.475294 0.419869
0.48939 0.466346
0.503962 0.732142
0.518971 0.499872
0.534379 0.53764
0.550153 0.488531
0.566262 0.465606
0.582679 0.695818
0.599378 0.72585
0.616336 0.589414
0.633533 0.679575
0.650949 0.83714
0.668568 0.65217
0.686374 1.1002
0.704352 1.11725
0.377572 0.397377
0.378153 0.329601
0.379889 0.368532
0.382765 0.350839
0.386755 0.3452
0.391825 0.52088
0.397935 0.335675
0.405037 0.417878
0.413079 0.439238
0.422009 0.456498
0.431771 0.452285
0.442309 0.545592
0.453571 0.616549
0.465503 0.485443
0.478055 0.63767
0.491179 0.393137
0.504832 0.602088
0.518971 0.455699
0.533557 0.628077
0.548556 0.90145
0.563933 0.494092
0.57966 0.682018
0.595707 0.666792
0.612051 0.667595
0.628667 0.703227
0.645536 0.835146
0.662637 0.841856
0.679953 0.637607
0.697468 0.73045
0.715168 0.784559
0.398486 0.390407
0.399036 0.360989
0.400681 0.543637
0.403409 0.265733
0.407197 0.413376
0.412016 0.419679
0.417831 0.482806
0.4246 0.382302
0.432278 0.277497
0.440819 0.564302
0.450173 0.421467
0.460291 0.474865
0.471123 0.62511
0.482621 0.497004
0.494739 0.367371
0.507432 0.530379
0.520658 0.820644
0.534379 0.657723
0.548556 0.599168
0.563155 0.637545
0.578144 0.772521
0.593494 0.429774
0.609177 0.748771
0.625169 0.892643
0.641446 0.652189
0.657987 0.760782
0.674772 0.683879
0.691785 0.859374
0.709008 0.778322
0.726426 0.809166
0.419402 0.313111
0.419925 0.50882
0.421489 0.353085
0.424083 0.413539
0.427688 0.491418
0.432278 0.44916
0.437824 0.430993
0.444288 0.564098
0.451632 0.418686
0.459814 0.518723
0.468789 0.517163
0.478513 0.566571
0.488941 0.56656
0.50003 0.542546
0.511736 0.797171
0.524017 0.776253
0.536836 0.592905
0.550153 0.507533
0.563933 0.770488
0.578144 0.928852
0.592755 1.00129
0.607736 0.722579
0.623061 0.584656
0.638705 0.610153
0.654645 0.84523
0.670861 0.965349
0.687332 0.773611
0.704041 0.774748
0.720971 0.994388
0.738107 1.05509
0.440321 0.231515
0.440819 0.284323
0.442309 0.243052
0.444782 0.514133
0.44822 0.497563
0.452603 0.260157
0.457902 0.497301
0.464087 0.343073
0.471123 0.526469
0.478971 0.62927
0.487594 0.462581
0.49695 0.562333
0.506999 0.726433
0.517701 0.519468
0.529016 0.525906
0.540906 0.35582
0.553333 0.434346
0.566262 0.824788
0.57966 0.615975
0.593494 0.65116
0.607736 0.525479
0.622356 0.734225
0.63733 0.893602
0.652632 0.643778
0.66824 0.80674
0.684133 0.642542
0.700293 0.722244
0.716699 1.14486
0.733337 0.807817
0.750191 0.868385
0.461243 0.365546
0.461718 0.49015
0.463141 0.455258
0.465503 0.509699
0.468789 0.398707
0.472981 0.432259
0.478055 0.507412
0.483982 0.4056
0.490732 0.620704
0.498272 0.602069
0.506567 0.591545
0.515579 0.546391
0.525272 0.696985
0.535609 0.468364
0.546553 0.640225
0.558069 0.626643
0.570122 0.594158
0.582679 0.671183
0.595707 0.59044
0.609177 0.665583
0.623061 0.676022
0.63733 0.928306
0.651959 0.861927
0.666926 0.55301
0.682207 0.488046
0.697783 0.887041
0.713633 0.899449
0.72974 1.0176
0.746087 1.09051
0.762659 0.743813
0.482166 0.469436
0.482621 0.570404
0.483982 0.489504
0.486243 0.363479
0.48939 0.387988
0.493407 0.474021
0.498272 0.521622
0.503962 0.52041
0.510448 0.749726
0.517701 0.503395
0.525689 0.666071
0.534379 0.670022
0.543737 0.744088
0.553729 0.610947
0.564322 0.756686
0.575482 0.602007
0.587178 0.542123
0.599378 0.443924
0.612051 0.455989
0.625169 0.779742
0.638705 0.888579
0.652632 0.819022
0.666926 0.682332
0.681564 0.723875
0.696524 0.784095
0.711786 1.15346
0.727331 0.752965
0.743141 1.17151
0.7592 1.10355
0.775492 1.03115
0.503091 0.510221
0.503527 0.588621
0.504832 0.400128
0.506999 0.47553
0.510019 0.44909
0.513874 0.512407
0.518548 0.343016
0.524017 0.516762
0.530258 0.637818
0.537244 0.468227
0.544945 0.429209
0.553333 0.644694
0.562375 0.495364
0.572042 0.655431
0.582302 0.820125
0.593124 0.453048
0.604479 0.784239
0.616336 0.559088
0.628667 0.698445
0.641446 0.624801
0.654645 0.674108
0.66824 1.0188
0.682207 0.793191
0.696524 0.750042
0.71117 0.748834
0.726124 1.07264
0.741369 0.722697
0.756886 0.779267
0.772659 1.18207
0.788673 0.849123
0.524017 0.653817
0.524436 0.349408
0.525689 0.664881
0.527771 0.539849
0.530672 0.451081
0.534379 0.458109
0.538874 0.51025
0.54414 0.567458
0.550153 0.412091
0.556889 0.436003
0.564322 0.786868
0.572425 0.739871
0.581171 0.686978
0.59053 0.586198
0.600474 0.63517
0.610975 0.844823
0.622004 0.72666
0.633533 0.664198
0.645536 0.829935
0.657987 1.00475
0.670861 0.69115
0.684133 0.606103
0.697783 0.831278
0.711786 0.709808
0.726124 0.93353
0.740777 0.924862
0.755726 0.921977
0.770954 0.828252
0.786445 0.761685
0.802183 0.9295
0.544945 0.688358
0.545348 0.516609
0.546553 0.440694
0.548556 0.507446
0.551347 0.709409
0.554916 0.599038
0.559247 0.661298
0.564322 0.563632
0.570122 0.467808
0.576625 0.734332
0.583807 0.4027
0.591643 0.623404
0.600109 0.727195
0.609177 0.588644
0.618822 0.548176
0.629016 0.772717
0.639734 0.626492
0.650949 0.791351
0.662637 0.833645
0.674772 0.883297
0.687332 0.860788
0.700293 0.843316
0.713633 0.728408
0.727331 0.916589
0.741369 0.957424
0.755726 1.19211
0.770384 0.811025
0.785328 0.806891
0.800541 0.983057
0.816008 0.943682
0.565874 0.495984
0.566262 0.589031
0.567423 0.458718
0.569352 0.636205
0.572042 0.53667
0.575482 0.579347
0.57966 0.811039
0.584558 0.530556
0.590159 0.685194
0.596443 1.0455
0.603389 0.631485
0.610975 0.761446
0.619176 0.753836
0.627969 0.530316
0.63733 0.85139
0.647232 0.456557
0.657653 0.896387
0.668568 0.890053
0.679953 0.692604
0.691785 0.845822
0.704041 0.823793
0.716699 0.746067
0.72974 0.971195
0.743141 0.944797
0.756886 0.837928
0.770954 0.754016
0.785328 0.650638
0.799993 0.743585
0.814932 0.941964
0.830131 0.758752
0.586805 0.627196
0.587178 0.546098
0.588298 0.598866
0.590159 0.574448
0.592755 0.721843
0.596075 0.526896
0.600109 0.486131
0.604842 0.975624
0.610257 0.408828
0.616336 0.569946
0.623061 0.880752
0.630409 0.775911
0.638361 0.738594
0.646894 0.628048
0.655984 0.684611
0.665609 1.22647
0.675747 0.62662
0.686374 0.605178
0.697468 0.668054
0.709008 0.600393
0.720971 0.849369
0.733337 0.785642
0.746087 0.923238
0.7592 0.711503
0.772659 0.912291
0.786445 0.977679
0.800541 1.09761
0.814932 1.39789
0.829603 0.854917
0.844537 0.832832
0.607736 0.342162
0.608096 0.634043
0.609177 0.583843
0.610975 0.742989
0.613483 0.743746
0.616692 0.64229
0.620592 0.707924
0.625169 0.645011
0.630409 0.75709
0.636296 0.682657
0.642812 0.825798
0.649938 0.642627
0.657653 0.650465
0.665939 0.728444
0.674772 0.716514
0.684133 0.672258
0.694001 0.635032
0.704352 0.807307
0.715168 0.792923
0.726426 1.05527
0.738107 0.886619
0.750191 0.984758
0.762659 0.837492
0.775492 1.10522
0.788673 1.27322
0.802183 1.19517
0.816008 1.20829
0.830131 0.954858
0.844537 0.829718
0.859213 1.2324
0.0418879 0.172951
0.0468321 0.368768
0.0592384 2.56918
0.0755145 1.70936
0.0936642 0.698515
0.112787 4.99455
0.132461 13.1457
0.152474 10.1123
0.172708 3.24083
0.193094 1.12128
0.213587 1.89831
0.23416 1.90721
0.254794 1.13427
0.275475 0.462651
0.296192 0.400006
0.316939 0.693217
0.337711 0.459005
0.358503 0.430759
0.379311 0.433654
0.400134 0.453233
0.420968 0.319037
0.441813 0.522175
0.462667 0.477729
0.483529 0.686207
0.504397 0.399077
0.525272 0.512094
0.546151 0.466114
0.567036 0.512186
0.587925 0.401753
0.608817 0.512091
0.0468321 0.345822
0.051302 1.68641
0.0628319 1.19209
0.0783651 1.51892
0.0959772 3.9534
0.114715 15.522
0.134107 15.2263
0.153906 6.74337
0.173974 0.887171
0.194226 4.11723
0.214612 1.02401
0.235095 0.878965
0.255654 0.930912
0.27627 0.57449
0.296932 0.900517
0.317631 0.333594
0.33836 0.580444
0.359114 0.344599
0.379889 0.313082
0.400681 0.367568
0.421489 0.375344
0.442309 0.624169
0.463141 0.425788
0.483982 0.464122
0.504832 1.07196
0.525689 0.813502
0.546553 0.581306
0.567423 0.456611
0.588298 0.545974
0.609177 0.682636
0.0592384 1.62883
0.0628319 0.410988
0.072552 0.381406
0.0863541 15.2961
0.102604 10.1661
0.120314 11.1874
0.138926 7.02855
0.158123 6.85383
0.177715 0.449113
0.197585 1.84668
0.217656 0.694395
0.237878 4.59925
0.258214 0.934587
0.278641 0.924516
0.299139 0.526408
0.319696 0.285565
0.340299 0.305268
0.360942 0.551303
0.381617 0.360044
0.40232 0.545619
0.423047 0.523837
0.443794 0.391363
0.464559 0.524618
0.48534 0.432744
0.506133 0.351358
0.526939 0.558766
0.547755 0.674218
0.568581 0.498692
0.589415 0.576649
0.610257 0.854459
0.0755145 2.05767
0.0783651 0.317641
0.0863541 6.47528
0.0982358 0.930307
0.112787 10.3675
0.129107 25.0398
0.146608 3.46692
0.164913 5.11029
0.183782 1.51031
0.203059 1.31427
0.222637 1.27118
0.242444 2.42631
0.262427 1.0551
0.282549 0.41177
0.302783 1.40176
0.323108 0.525234
0.343506 0.628523
0.363967 0.669833
0.38448 0.384715
0.405037 0.51992
0.425631 0.467642
0.446259 0.277426
0.466914 0.537264
0.487594 0.584253
0.508295 0.592538
0.529016 0.638748
0.549754 0.342846
0.570506 0.593181
0.591273 0.743082
0.612051 0.665594
0.0936642 4.17174
0.0959772 8.52361
0.102604 17.5774
0.112787 14.5894
0.125664 5.16025
0.140496 12.0065
0.15673 8.25858
0.173974 4.97807
0.191954 5.48022
0.210484 1.78073
0.229429 3.31248
0.248696 1.40829
0.268213 0.332789
0.287932 0.72566
0.307812 0.487332
0.327825 0.543659
0.347947 0.367442
0.368161 0.40705
0.388452 0.459245
0.40881 0.342519
0.429223 0.29177
0.449686 0.439768
0.470191 0.447832
0.490732 0.50655
0.511307 0.657933
0.53191 0.52631
0.552539 0.61886
0.573191 0.729574
0.593864 0.741505
0.614554 0.701059
0.112787 13.6114
0.114715 10.5964
0.120314 9.02429
0.129107 7.72261
0.140496 5.00616
0.153906 15.9263
0.168856 1.03544
0.184972 3.49404
0.201976 1.35625
0.219662 1.4625
0.237878 0.646383
0.25651 1.07731
0.275475 0.596717
0.294708 1.39617
0.314159 0.576856
0.333792 0.454096
0.353575 0.323655
0.373484 0.301558
0.393501 0.390947
0.41361 0.373628
0.433798 0.268561
0.454054 0.737192
0.47437 0.487092
0.494739 0.589246
0.515153 0.518793
0.535609 0.557771
0.5561 0.521833
0.576625 0.78836
0.597178 0.900069
0.617758 0.662759
0.132461 9.58908
0.134107 15.4249
0.138926 12.1282
0.146608 11.5998
0.15673 2.28656
0.168856 1.8018
0.182585 1.58108
0.197585 2.70622
0.213587 0.797312
0.230383 1.63508
0.247812 2.31782
0.265749 0.32878
0.284098 1.04228
0.302783 0.436834
0.321747 0.499125
0.340943 0.764899
0.360333 0.472596
0.379889 0.368613
0.399585 0.341475
0.419402 0.371461
0.439324 0.451499
0.459337 0.446206
0.479429 0.542933
0.499591 0.512414
0.519815 0.447521
0.540094 0.602915
0.560422 0.621933
0.580794 0.455684
0.601204 0.545328
0.621651 0.677771
0.152474 14.8442
0.153906 40.8514
0.158123 16.8481
0.164913 2.28907
0.173974 2.34034
0.184972 1.38889
0.197585 1.01747
0.211524 1.49366
0.226543 0.4834
0.242444 1.25394
0.259062 1.17182
0.27627 1.45126
0.293962 0.622899
0.312058 0.845688
0.33049 0.240369
0.349205 0.419013
0.368161 0.712609
0.387322 0.492647
0.406658 0.336247
0.426146 0.232974
0.445767 0.443641
0.465503 0.374611
0.48534 0.32947
0.505266 0.527404
0.525272 0.550486
0.545348 0.533196
0.565487 0.715574
0.585682 0.689385
0.605928 0.630587
0.626221 0.625811
0.172708 8.81204
0.173974 2.24813
0.177715 1.35319
0.183782 0.998194
0.191954 0.473396
0.201976 2.53359
0.213587 1.33276
0.226543 1.42326
0.240628 1.1563
0.255654 0.971274
0.271465 0.973846
0.287932 0.267413
0.304949 1.00201
0.322428 0.222686
0.340299 0.371528
0.358503 0.437523
0.376991 0.283843
0.395724 0.4631
0.414669 0.342633
0.433798 0.38071
0.453087 0.511435
0.472517 0.27273
0.492071 0.405122
0.511736 0.700663
0.531498 0.684986
0.551347 0.691511
0.571275 0.389912
0.591273 0.866483
0.611334 0.73308
0.631452 0.588722
0.193094 1.68811
0.194226 2.0235
0.197585 4.09736
0.203059 0.731719
0.210484 1.51339
0.219662 1.74622
0.230383 0.435843
0.242444 0.733525
0.255654 1.46583
0.269844 0.638906
0.284869 0.644817
0.300602 0.435061
0.316939 0.380655
0.333792 0.314101
0.351085 0.630011
0.368756 0.52224
0.386755 0.366176
0.405037 0.415995
0.423565 0.341211
0.442309 0.462943
0.461243 0.491068
0.480343 0.477507
0.499591 0.388279
0.518971 0.43017
0.538467 0.433368
0.558069 0.722599
0.577765 0.814338
0.597545 0.564645
0.617403 0.522809
0.63733 0.749396
0.213587 0.571429
0.214612 1.55001
0.217656 0.674712
0.222637 3.96957
0.229429 3.73288
0.237878 4.00419
0.247812 2.91831
0.259062 4.14119
0.271465 1.16875
0.284869 1.41283
0.299139 0.898046
0.314159 0.436934
0.329826 0.581854
0.346051 0.460236
0.36276 0.423704
0.379889 0.528736
0.397384 0.427409
0.415198 0.409077
0.433292 0.901585
0.451632 0.366731
0.470191 0.414074
0.488941 0.432765
0.507864 0.5654
0.526939 0.469721
0.546151 0.346558
0.565487 0.630686
0.584933 0.625157
0.604479 0.587277
0.624116 0.701503
0.643835 0.760757
0.23416 0.574641
0.235095 2.74643
0.237878 0.915917
0.242444 1.12019
0.248696 2.22818
0.25651 0.436491
0.265749 2.77264
0.27627 1.63878
0.287932 0.650546
0.300602 0.262711
0.314159 0.621016
0.328493 0.499516
0.343506 0.411262
0.359114 0.299336
0.375242 0.331555
0.391825 0.509453
0.40881 0.3067
0.426146 0.378731
0.443794 0.325798
0.461718 0.367185
0.479886 0.570821
0.498272 0.393945
0.516853 0.529372
0.535609 0.574597
0.554521 0.668179
0.573574 0.617885
0.592755 0.65045
0.612051 0.524591
0.631452 0.837806
0.650949 0.632269
0.254794 2.19029
0.255654 0.357347
0.258214 1.5716
0.262427 1.58645
0.268213 0.441301
0.275475 1.26448
0.284098 1.21905
0.293962 0.618741
0.304949 0.460704
0.316939 0.557769
0.329826 0.515342
0.343506 0.371841
0.35789 0.225365
0.372896 0.365683
0.388452 0.717891
0.404495 0.502775
0.420968 0.450903
0.437824 0.347106
0.455019 0.403217
0.472517 0.65856
0.490285 0.461833
0.508295 0.523849
0.526523 0.461713
0.544945 0.705743
0.563544 0.747355
0.582302 0.795868
0.601204 0.506905
0.620238 0.70938
0.639391 0.501262
0.658653 0.768285
0.275475 0.491622
0.27627 0.372575
0.278641 2.16043
0.282549 0.752291
0.287932 0.992149
0.294708 0.231233
0.302783 0.894632
0.312058 0.402175
0.322428 0.516251
0.333792 0.48198
0.346051 0.46197
0.359114 0.385887
0.372896 0.379684
0.387322 0.304523
0.40232 0.553323
0.417831 0.289775
0.433798 0.266957
0.450173 0.41441
0.466914 0.508442
0.483982 0.739477
0.501344 0.498587
0.518971 0.410039
0.536836 0.533712
0.554916 0.537141
0.573191 0.980697
0.591643 0.366115
0.610257 0.584402
0.629016 0.58475
0.64791 0.747452
0.666926 0.981322
0.296192 1.78901
0.296932 0.760247
0.299139 1.15718
0.302783 0.483504
0.307812 0.357961
0.314159 0.551959
0.321747 0.419714
0.33049 0.430057
0.340299 0.316951
0.351085 0.359209
0.36276 0.557677
0.375242 0.470845
0.388452 0.603408
0.40232 0.479318
0.416779 0.26102
0.431771 0.499162
0.44724 0.628021
0.463141 0.429371
0.479429 0.504998
0.496067 0.487912
0.51302 0.697228
0.530258 0.675236
0.547755 0.684899
0.565487 0.567677
0.583431 0.599105
0.601569 1.00488
0.619884 0.54783
0.638361 0.721832
0.656986 0.769557
0.675747 0.61491
0.316939 0.421818
0.317631 0.678439
0.319696 0.843206
0.323108 0.364892
0.327825 0.432473
0.333792 0.23906
0.340943 0.513343
0.349205 0.32162
0.358503 0.350604
0.368756 0.42603
0.379889 0.28149
0.391825 0.350606
0.404495 0.389025
0.417831 0.346316
0.431771 0.368013
0.446259 0.336181
0.461243 0.442867
0.476676 0.492932
0.492517 0.591374
0.508727 0.456194
0.525272 0.554455
0.542121 0.423395
0.559247 0.559288
0.576625 0.510485
0.594233 0.70322
0.612051 0.773921
0.630061 0.707588
0.648248 0.664477
0.666597 0.692153
0.685095 0.847533
0.337711 0.39915
0.33836 0.483919
0.340299 0.275612
0.343506 0.543993
0.347947 0.445433
0.353575 0.210048
0.360333 0.404726
0.368161 0.276464
0.376991 0.575471
0.386755 0.308911
0.397384 0.544514
0.40881 0.456708
0.420968 0.249721
0.433798 0.466022
0.44724 0.495295
0.461243 0.391396
0.475755 0.451224
0.490732 0.832959
0.506133 0.60206
0.521921 0.670727
0.53806 0.750805
0.554521 0.921334
0.571275 0.531586
0.588298 0.700987
0.605566 0.762047
0.623061 0.529118
0.640762 0.708062
0.658653 0.666342
0.67672 0.559782
0.694948 1.09943
0.358503 0.485328
0.359114 0.342236
0.360942 0.394047
0.363967 0.345162
0.368161 0.554954
0.373484 0.613969
0.379889 0.307566
0.387322 0.392601
0.395724 0.308369
0.405037 0.393728
0.415198 0.385316
0.426146 0.331025
0.437824 0.307353
0.450173 0.318992
0.463141 0.254179
0.476676 0.599938
0.490732 0.515194
0.505266 0.373041
0.520237 0.787706
0.535609 0.593576
0.551347 0.6472
0.567423 0.721022
0.583807 0.865279
0.600474 0.743083
0.617403 0.68906
0.634571 0.780561
0.651959 0.854732
0.669552 0.60687
0.687332 0.700827
0.705286 0.736945
0.379311 0.737752
0.379889 0.309538
0.381617 0.42604
0.38448 0.753635
0.388452 0.35012
0.393501 0.446086
0.399585 0.240017
0.406658 0.268864
0.414669 0.356229
0.423565 0.328876
0.433292 0.464786
0.443794 0.39521
0.455019 0.507961
0.466914 0.586167
0.479429 0.637703
0.492517 0.350033
0.506133 0.726227
0.520237 0.351977
0.534789 0.529533
0.549754 0.531561
0.565099 0.670382
0.580794 0.677175
0.596811 0.736617
0.613125 0.710379
0.629713 0.753391
0.646554 0.690582
0.663629 0.676871
0.68092 0.59301
0.698411 0.654957
0.716087 0.838177
0.400134 0.307559
0.400681 0.323983
0.40232 0.608148
0.405037 0.683356
0.40881 0.327191
0.41361 0.398763
0.419402 0.702874
0.426146 0.358866
0.433798 0.618185
0.442309 0.725766
0.451632 0.516198
0.461718 0.33856
0.472517 0.491625
0.483982 0.509445
0.496067 0.64496
0.508727 0.571242
0.521921 0.559765
0.535609 0.805076
0.549754 0.693353
0.564322 0.523002
0.579281 0.517531
0.594602 0.323747
0.610257 0.822
0.626221 0.496662
0.642471 0.884356
0.658986 0.794588
0.675747 0.792958
0.692735 0.902171
0.709935 0.766009
0.727331 1.10104
0.420968 0.484
0.421489 0.535655
0.423047 0.374983
0.425631 0.34258
0.429223 0.298555
0.433798 0.322461
0.439324 0.59268
0.445767 0.389664
0.453087 0.849247
0.461243 0.479655
0.470191 0.488064
0.479886 0.376574
0.490285 0.57809
0.501344 0.498482
0.51302 0.511345
0.525272 0.494062
0.53806 0.778892
0.551347 0.692087
0.565099 0.467942
0.579281 0.634741
0.593864 1.00146
0.608817 0.663257
0.624116 0.936278
0.639734 0.67213
0.655649 0.884689
0.671841 0.827617
0.688288 1.08646
0.704975 0.667447
0.721883 0.783524
0.738998 1.06766
0.441813 0.498355
0.442309 0.38015
0.443794 0.31461
0.446259 0.378166
0.449686 0.323531
0.454054 0.367269
0.459337 0.36778
0.465503 0.404182
0.472517 0.4124
0.480343 0.591545
0.488941 0.366786
0.498272 0.466204
0.508295 0.476303
0.518971 0.34787
0.530258 0.487847
0.542121 0.506851
0.554521 0.397964
0.567423 0.652946
0.580794 0.718753
0.594602 0.685734
0.608817 0.731415
0.623412 0.63309
0.638361 0.879841
0.653639 0.559919
0.669224 0.472886
0.685095 1.067
0.701232 0.728685
0.717617 0.870323
0.734234 0.656724
0.751068 0.993757
0.462667 0.507344
0.463141 0.390325
0.464559 0.367647
0.466914 0.397686
0.470191 0.481354
0.47437 0.426657
0.479429 0.541448
0.48534 0.455527
0.492071 0.527799
0.499591 0.469334
0.507864 0.743981
0.516853 0.630364
0.526523 0.372607
0.536836 0.615785
0.547755 0.329388
0.559247 0.53674
0.571275 0.547567
0.583807 0.661856
0.596811 0.764989
0.610257 0.57369
0.624116 0.670981
0.638361 0.684117
0.652968 0.571801
0.667912 0.771786
0.683171 0.88933
0.698725 0.589408
0.714554 0.729529
0.730641 1.24298
0.746968 0.865464
0.763521 1.05256
0.483529 0.512113
0.483982 0.596963
0.48534 0.542842
0.487594 0.445401
0.490732 0.687263
0.494739 0.474621
0.499591 0.416476
0.505266 0.510856
0.511736 0.479637
0.518971 0.672005
0.526939 0.633366
0.535609 0.572903
0.544945 0.573592
0.554916 0.552768
0.565487 0.693027
0.576625 0.566427
0.588298 0.492339
0.600474 0.492066
0.613125 0.63019
0.626221 0.728876
0.639734 0.621982
0.653639 0.651013
0.667912 0.657555
0.682529 0.693289
0.697468 0.851435
0.71271 1.07314
0.728235 0.653173
0.744026 0.785305
0.760066 1.05112
0.77634 0.953842
0.504397 0.360966
0.504832 0.516382
0.506133 0.419348
0.508295 0.394308
0.511307 0.508826
0.515153 0.531325
0.519815 0.545485
0.525272 0.506939
0.531498 0.772343
0.538467 0.464071
0.546151 0.532527
0.554521 0.417768
0.563544 0.545919
0.573191 0.664917
0.583431 0.537677
0.594233 0.885906
0.605566 0.878026
0.617403 0.557425
0.629713 0.768792
0.642471 0.518605
0.655649 0.729187
0.669224 0.870385
0.683171 0.92086
0.697468 0.526399
0.712094 0.744819
0.72703 0.62195
0.742256 0.877323
0.757754 0.737287
0.77351 0.902473
0.789506 1.02669
0.525272 0.559622
0.525689 0.482626
0.526939 0.46645
0.529016 0.544013
0.53191 0.570512
0.535609 0.561075
0.540094 0.446486
0.545348 0.484004
0.551347 0.856992
0.558069 0.402794
0.565487 0.464625
0.573574 0.644822
0.582302 0.586298
0.591643 0.854669
0.601569 0.628731
0.612051 0.608361
0.623061 0.626059
0.634571 0.638549
0.646554 0.680111
0.658986 1.13106
0.671841 0.750033
0.685095 1.1386
0.698725 1.10972
0.71271 0.742973
0.72703 0.970898
0.741664 1.0288
0.756596 0.829382
0.771807 0.729012
0.787281 0.806942
0.803003 1.73212
0.546151 0.637987
0.546553 0.60841
0.547755 0.53514
0.549754 0.734449
0.552539 0.519795
0.5561 0.676836
0.560422 0.536719
0.565487 0.833739
0.571275 0.676312
0.577765 0.562546
0.584933 0.65634
0.592755 0.64322
0.601204 0.627743
0.610257 0.579311
0.619884 0.595977
0.630061 0.667893
0.640762 0.440492
0.651959 0.461335
0.663629 0.722651
0.675747 0.696783
0.688288 0.625118
0.701232 0.806683
0.714554 0.802367
0.728235 0.524296
0.742256 1.22944
0.756596 0.995189
0.771238 1.31114
0.786166 0.682661
0.801363 0.895456
0.816814 0.976939
0.567036 0.530449
0.567423 0.518358
0.568581 0.791047
0.570506 0.509988
0.573191 0.72071
0.576625 0.600857
0.580794 0.61709
0.585682 0.790609
0.591273 0.597869
0.597545 0.604318
0.604479 0.55433
0.612051 0.65689
0.620238 0.792152
0.629016 0.655918
0.638361 0.725953
0.648248 0.647162
0.658653 0.452272
0.669552 0.749777
0.68092 0.630111
0.692735 0.775545
0.704975 0.982934
0.717617 0.895778
0.730641 0.85176
0.744026 0.933446
0.757754 1.03344
0.771807 1.06298
0.786166 0.988294
0.800815 0.956445
0.815739 1.04654
0.830923 0.943247
0.587925 0.580895
0.588298 0.793513
0.589415 0.842586
0.591273 0.615919
0.593864 0.746012
0.597178 0.422855
0.601204 0.681352
0.605928 0.638608
0.611334 0.600545
0.617403 0.698965
0.624116 0.613787
0.631452 0.601025
0.639391 0.848858
0.64791 0.495837
0.656986 0.745112
0.666597 0.666346
0.67672 0.752808
0.687332 1.02188
0.698411 1.0067
0.709935 0.712501
0.721883 0.899151
0.734234 0.819915
0.746968 1.09511
0.760066 1.11103
0.77351 0.856628
0.787281 1.06016
0.801363 0.968277
0.815739 0.873226
0.830395 1.07571
0.845316 1.10815
0.608817 0.655301
0.609177 0.624381
0.610257 0.61012
0.612051 0.751659
0.614554 0.699552
0.617758 0.644627
0.621651 0.665645
0.626221 0.656768
0.631452 0.553553
0.63733 0.702701
0.643835 0.55414
0.650949 0.830652
0.658653 0.692302
0.666926 0.650649
0.675747 0.997252
0.685095 0.745348
0.694948 0.792394
0.705286 0.854613
0.716087 0.536527
0.727331 0.785104
0.738998 0.803099
0.751068 1.09937
0.763521 0.732498
0.77634 0.919992
0.789506 0.942575
0.803003 0.747153
0.816814 0.910586
0.830923 1.10152
0.845316 0.991217
0.859978 1.27663
0.0628319 0.492106
0.0662306 0.825211
0.0755145 1.70555
0.0888577 3.6556
0.10472 3.23342
0.122123 66.3995
0.140496 20.0715
0.159504 1.48601
0.178945 0.608034
0.198692 1.74378
0.218661 5.22621
0.238798 1.31145
0.259062 3.33752
0.279427 0.913088
0.299872 0.492977
0.320381 0.547402
0.340943 0.2419
0.361549 0.436362
0.382191 0.603781
0.402865 0.233438
0.423565 0.391276
0.444288 0.364359
0.465031 0.611075
0.485791 0.518875
0.506567 0.763999
0.527355 0.617589
0.548156 0.602316
0.568967 0.642947
0.589787 0.540236
0.610616 0.545049
0.0662306 1.83543
0.0694632 1.04482
0.0783651 4.41141
0.0912926 2.58579
0.106794 8.07549
0.123906 1.67884
0.142049 29.3972
0.160874 4.56746
0.180167 4.03574
0.199793 0.910671
0.219662 6.60216
0.239714 3.36982
0.259908 0.688563
0.280211 1.1373
0.300602 1.14042
0.321065 0.426977
0.341586 0.425702
0.362155 0.344246
0.382765 0.785867
0.403409 0.325332
0.424083 0.552132
0.444782 0.518076
0.465503 0.39842
0.486243 0.579356
0.506999 0.486366
0.527771 0.315539
0.548556 0.644603
0.569352 0.696423
0.590159 0.707981
0.610975 0.734994
0.0755145 1.91806
0.0783651 1.20772
0.0863541 13.9655
0.0982358 4.09783
0.112787 1.89271
0.129107 38.2073
0.146608 25.2228
0.164913 4.11091
0.183782 1.68678
0.203059 0.757666
0.222637 1.21223
0.242444 1.35251
0.262427 1.29036
0.282549 0.784144
0.302783 0.316696
0.323108 0.396321
0.343506 0.59232
0.363967 0.326347
0.38448 0.425799
0.405037 0.321324
0.425631 0.351445
0.446259 0.226143
0.466914 0.756472
0.487594 0.536898
0.508295 0.591197
0.529016 0.442733
0.549754 0.565682
0.570506 0.659951
0.591273 0.605476
0.612051 0.619728
0.0888577 0.475435
0.0912926 1.82444
0.0982358 6.08515
0.108828 3.08884
0.122123 18.9787
0.137339 1.06793
0.153906 10.9979
0.171434 1.1
0.189656 5.62068
0.20839 4.89677
0.22751 3.12659
0.246926 2.23311
0.266573 2.45033
0.286404 1.90554
0.306384 0.391842
0.326484 0.289455
0.346684 0.535445
0.366968 0.444262
0.387322 0.387396
0.407735 0.548024
0.4282 0.317556
0.448709 0.420448
0.469257 0.312086
0.489838 0.565038
0.510448 0.630607
0.531085 0.438817
0.551745 0.842115
0.572425 0.81046
0.593124 0.581481
0.61384 0.470098
0.10472 19.3408
0.106794 3.98232
0.112787 11.2322
0.122123 2.66982
0.134107 53.4662
0.148096 16.3221
0.163577 1.32416
0.180167 0.341677
0.197585 1.34853
0.215631 3.93999
0.23416 1.14765
0.253067 4.05882
0.272271 0.890203
0.291715 0.91809
0.311354 0.770659
0.331153 0.49828
0.351085 1.02421
0.371128 0.264536
0.391265 0.419542
0.411483 0.409324
0.431771 0.431521
0.452118 0.475076
0.472517 0.374284
0.492962 0.717483
0.513447 0.609204
0.533968 0.647781
0.554521 0.510039
0.575101 0.532537
0.595707 0.607708
0.616336 0.767811
0.122123 11.2156
0.123906 39.9152
0.129107 9.55023
0.137339 5.32778
0.148096 10.112
0.160874 6.67403
0.17523 7.85528
0.190808 0.676126
0.207335 3.07686
0.224599 3.28462
0.242444 2.86775
0.26075 5.74811
0.279427 0.57907
0.298405 0.366257
0.317631 0.26089
0.337061 0.20815
0.356663 0.62547
0.376409 0.326262
0.396278 0.410465
0.416253 0.47595
0.436318 0.399286
0.456463 0.529644
0.476676 0.581861
0.49695 0.628717
0.517277 0.380899
0.537652 0.721273
0.558069 0.512266
0.578523 0.543417
0.599012 0.688862
0.61953 0.691839
0.140496 38.2043
0.142049 1.9297
0.146608 8.44834
0.153906 3.93978
0.163577 5.74809
0.17523 1.10787
0.188496 3.87647
0.203059 3.60737
0.218661 1.77018
0.235095 0.74079
0.252199 0.789798
0.269844 1.95391
0.287932 1.15767
0.306384 0.271926
0.325138 0.401214
0.344144 0.85597
0.363364 0.309578
0.382765 0.299296
0.40232 0.307306
0.422009 0.417682
0.441813 0.282315
0.461718 0.466979
0.481711 0.392447
0.501781 0.589012
0.521921 0.609698
0.542121 0.550752
0.562375 0.626639
0.582679 0.56777
0.603026 0.487385
0.623412 0.466619
0.159504 6.17944
0.160874 2.08201
0.164913 1.56442
0.171434 9.9325
0.180167 2.84299
0.190808 1.40531
0.203059 1.95496
0.216646 1.35914
0.231334 1.9636
0.246926 8.35775
0.263261 0.934901
0.280211 0.792263
0.297669 0.812011
0.315552 0.383278
0.333792 0.53395
0.352332 0.655345
0.371128 0.340984
0.390143 0.573917
0.409346 0.442592
0.428712 0.477711
0.44822 0.38502
0.467852 0.644177
0.487594 0.520168
0.507432 0.539399
0.527355 0.54596
0.547355 0.533243
0.567423 0.47157
0.587552 0.475
0.607736 0.633351
0.627969 0.658872
0.178945 2.79661
0.180167 3.52045
0.183782 2.62922
0.189656 2.85573
0.197585 1.05957
0.207335 1.01294
0.218661 5.19547
0.231334 1.17315
0.245143 0.585826
0.259908 0.363432
0.275475 0.877079
0.291715 1.45562
0.308524 0.776742
0.325811 0.575106
0.343506 0.335997
0.361549 0.309531
0.379889 0.403237
0.398486 0.408225
0.417305 0.400819
0.436318 0.820412
0.455501 0.466297
0.474832 0.348344
0.494295 0.4335
0.513874 0.46942
0.533557 0.71049
0.553333 0.563795
0.573191 0.798763
0.593124 0.541978
0.613125 0.384146
0.633187 0.548205
0.198692 9.46937
0.199793 0.979905
0.203059 1.49678
0.20839 1.85127
0.215631 2.59835
0.224599 1.06636
0.235095 0.703634
0.246926 1.00645
0.259908 0.901705
0.273878 0.618736
0.288692 0.970112
0.304228 0.473398
0.320381 0.568833
0.337061 0.498494
0.354194 0.508949
0.371718 0.266715
0.38958 0.384748
0.407735 0.309689
0.426146 0.390779
0.444782 0.50596
0.463614 0.389013
0.482621 0.558713
0.501781 0.525622
0.521079 0.465548
0.5405 0.555796
0.56003 0.572705
0.57966 0.635685
0.599378 0.703084
0.619176 0.630873
0.639048 0.577798
0.218661 0.618707
0.219662 1.70681
0.222637 3.73442
0.22751 0.973979
0.23416 0.884598
0.242444 1.33509
0.252199 5.83263
0.263261 2.0163
0.275475 2.35197
0.288692 0.645859
0.302783 0.728578
0.317631 0.40062
0.333134 0.866109
0.349205 0.341987
0.36577 0.55448
0.382765 0.457729
0.400134 0.39108
0.417831 0.720384
0.435815 0.34559
0.454054 0.513407
0.472517 0.38254
0.491179 0.390254
0.510019 0.4767
0.529016 0.522813
0.548156 0.449328
0.567423 0.761945
0.586805 0.556883
0.60629 0.604127
0.62587 0.702685
0.645536 0.682255
0.238798 1.33252
0.239714 1.50688
0.242444 0.70661
0.246926 0.574677
0.253067 2.14789
0.26075 2.34483
0.269844 3.36298
0.280211 1.3717
0.291715 0.574793
0.304228 0.583469
0.317631 0.620377
0.331815 0.380698
0.346684 0.696238
0.362155 0.301345
0.378153 0.53105
0.394614 0.538168
0.411483 0.597085
0.428712 0.368494
0.446259 0.334059
0.464087 0.400964
0.482166 0.586993
0.500468 0.606265
0.518971 0.524019
0.537652 0.669921
0.556495 0.48256
0.575482 0.469785
0.594602 0.797155
0.61384 0.664761
0.633187 0.736098
0.652632 0.768839
0.259062 0.573653
0.259908 0.366752
0.262427 1.34122
0.266573 0.807662
0.272271 1.1988
0.279427 0.957407
0.287932 0.684346
0.297669 1.5531
0.308524 0.42737
0.320381 0.28497
0.333134 0.389677
0.346684 0.256634
0.360942 0.236729
0.375826 0.352983
0.391265 0.442305
0.407197 0.420373
0.423565 0.397547
0.440321 0.441289
0.457423 0.328839
0.474832 0.38111
0.492517 0.48849
0.510448 0.506804
0.528601 0.483603
0.546954 0.601645
0.565487 0.522373
0.584182 0.691822
0.603026 0.579652
0.622004 0.613335
0.641104 0.627183
0.660316 0.836315
0.279427 0.405015
0.280211 0.394356
0.282549 1.30331
0.286404 0.846084
0.291715 0.606928
0.298405 0.589779
0.306384 0.645988
0.315552 0.342314
0.325811 0.944767
0.337061 0.200025
0.349205 0.444287
0.362155 0.67533
0.375826 0.457453
0.390143 0.312647
0.405037 0.793052
0.420447 0.430176
0.436318 0.474817
0.452603 0.442374
0.469257 0.413647
0.486243 0.32931
0.503527 0.711244
0.521079 0.48454
0.538874 0.390738
0.556889 0.65981
0.575101 0.406942
0.593494 0.545623
0.612051 0.818092
0.630757 0.506034
0.6496 0.760598
0.668568 0.86492
0.299872 0.479433
0.300602 0.524008
0.302783 0.589059
0.306384 0.464895
0.311354 0.752406
0.317631 0.693433
0.325138 0.540065
0.333792 0.354767
0.343506 0.398986
0.354194 0.33303
0.36577 0.511542
0.378153 0.222663
0.391265 0.349282
0.405037 0.424056
0.419402 0.365756
0.434303 0.503872
0.449686 0.40898
0.465503 0.590442
0.481711 0.7691
0.498272 0.874703
0.515153 0.448101
0.532323 0.55117
0.549754 0.576001
0.567423 0.696521
0.585308 0.577963
0.603389 0.808377
0.621651 0.409024
0.640077 0.741453
0.658653 0.779423
0.677368 0.771746
0.320381 0.385104
0.321065 0.233994
0.323108 0.623369
0.326484 0.632276
0.331153 1.37334
0.337061 0.306431
0.344144 0.323284
0.352332 0.521062
0.361549 0.618625
0.371718 0.303411
0.382765 0.490246
0.394614 0.270092
0.407197 0.328959
0.420447 0.393508
0.434303 0.412999
0.448709 0.397197
0.463614 0.580827
0.478971 0.552834
0.494739 0.718121
0.510878 0.623327
0.527355 0.568737
0.54414 0.697808
0.561204 0.626857
0.578523 0.470209
0.596075 0.518422
0.61384 0.734305
0.6318 0.60689
0.649938 0.738351
0.66824 0.691783
0.686693 0.653527
0.340943 0.235462
0.341586 0.37574
0.343506 0.893339
0.346684 0.31954
0.351085 0.300284
0.356663 0.389927
0.363364 0.381817
0.371128 0.529225
0.379889 0.472596
0.38958 0.370877
0.400134 0.327478
0.411483 0.39662
0.423565 0.396432
0.436318 0.463977
0.449686 0.262632
0.463614 0.525963
0.478055 0.540341
0.492962 0.34274
0.508295 0.571429
0.524017 0.771727
0.540094 0.604595
0.556495 0.446472
0.573191 0.848719
0.590159 0.677797
0.607375 0.728773
0.624818 0.86391
0.642471 0.857099
0.660316 0.643178
0.678338 1.00976
0.696524 1.07728
0.361549 0.464315
0.362155 0.267024
0.363967 0.266486
0.366968 0.386636
0.371128 0.693367
0.376409 0.538081
0.382765 0.420828
0.390143 0.346686
0.398486 0.375846
0.407735 0.432366
0.417831 0.439033
0.428712 0.339178
0.440321 0.546459
0.452603 0.563128
0.465503 0.55588
0.478971 0.680113
0.492962 0.496321
0.507432 0.382292
0.522341 0.585429
0.537652 0.568887
0.553333 0.478119
0.569352 0.45331
0.585682 0.557517
0.602298 0.428955
0.619176 0.837787
0.636296 0.807816
0.653639 0.888281
0.671187 0.617649
0.688925 0.66066
0.706839 0.571673
0.382191 0.23438
0.382765 0.391397
0.38448 0.593993
0.387322 0.365139
0.391265 0.441596
0.396278 0.524518
0.40232 0.308461
0.409346 0.483572
0.417305 0.301781
0.426146 0.305396
0.435815 0.269179
0.446259 0.621792
0.457423 0.564819
0.469257 0.34051
0.481711 0.519609
0.494739 0.722821
0.508295 0.455407
0.522341 0.474938
0.536836 0.538652
0.551745 0.865756
0.567036 0.524599
0.582679 0.620664
0.598645 0.697866
0.614911 0.703332
0.631452 0.780452
0.648248 0.700792
0.66528 0.871085
0.682529 1.08261
0.699979 0.692423
0.717617 0.828329
0.402865 0.362553
0.403409 0.249381
0.405037 0.40626
0.407735 0.325156
0.411483 0.70645
0.416253 0.302404
0.422009 0.399449
0.428712 0.300669
0.436318 0.475772
0.444782 0.633279
0.454054 0.574189
0.464087 0.383231
0.474832 0.536582
0.486243 0.587306
0.498272 0.575232
0.510878 0.603866
0.524017 0.642996
0.537652 0.674469
0.551745 0.773121
0.566262 0.652877
0.581171 0.467431
0.596443 0.793025
0.612051 0.617141
0.627969 1.12566
0.644175 0.807801
0.660648 0.854747
0.677368 0.707504
0.694316 0.72935
0.711478 0.652472
0.728837 0.931799
0.423565 0.369171
0.424083 0.690925
0.425631 0.494807
0.4282 0.419634
0.431771 0.301066
0.436318 0.324454
0.441813 0.342715
0.44822 0.539981
0.455501 0.410392
0.463614 0.496128
0.472517 0.575023
0.482166 0.442895
0.492517 0.625629
0.503527 0.446068
0.515153 0.412682
0.527355 0.447757
0.540094 0.858943
0.553333 0.624048
0.567036 0.723118
0.581171 0.767491
0.595707 0.751526
0.610616 0.40245
0.62587 0.766238
0.641446 0.559078
0.65732 0.644468
0.673471 0.923661
0.68988 0.714037
0.706529 0.670556
0.723401 0.729847
0.74048 1.01507
0.444288 0.349714
0.444782 0.486773
0.446259 0.369643
0.448709 0.370372
0.452118 0.66196
0.456463 0.532313
0.461718 0.454506
0.467852 0.467349
0.474832 0.490185
0.482621 0.454594
0.491179 0.359077
0.500468 0.788706
0.510448 0.539446
0.521079 0.428465
0.532323 0.528722
0.54414 0.523887
0.556495 0.61928
0.569352 0.649159
0.582679 0.543654
0.596443 0.634399
0.610616 0.574806
0.625169 0.79821
0.640077 0.880296
0.655315 0.744615
0.670861 0.949791
0.686693 0.879873
0.702794 0.723173
0.719143 0.682521
0.735726 1.08605
0.752526 0.826782
0.465031 0.445143
0.465503 0.482284
0.466914 0.433021
0.469257 0.549375
0.472517 0.342375
0.476676 0.480949
0.481711 0.244084
0.487594 0.772012
0.494295 0.631947
0.501781 0.820928
0.510019 0.448456
0.518971 0.463567
0.528601 0.433258
0.538874 0.446692
0.549754 0.616921
0.561204 0.396554
0.573191 0.727862
0.585682 0.722185
0.598645 0.517877
0.612051 0.757421
0.62587 0.894112
0.640077 0.635569
0.654645 0.831286
0.669552 0.78172
0.684774 0.911807
0.700293 1.00471
0.716087 1.01499
0.73214 0.989355
0.748435 1.04111
0.764956 1.04543
0.485791 0.457199
0.486243 0.490139
0.487594 0.432473
0.489838 0.439245
0.492962 0.678362
0.49695 0.584895
0.501781 0.689295
0.507432 0.676373
0.513874 0.651479
0.521079 0.547122
0.529016 0.430826
0.537652 0.483136
0.546954 0.554606
0.556889 0.674353
0.567423 0.515488
0.578523 0.511779
0.590159 0.666743
0.602298 0.527961
0.614911 0.79678
0.627969 0.706808
0.641446 0.680111
0.655315 0.588331
0.669552 0.869288
0.684133 0.854555
0.699039 0.838222
0.714247 0.954613
0.72974 0.846072
0.745499 0.928296
0.761508 1.00653
0.777751 1.0581
0.506567 0.702583
0.506999 0.430163
0.508295 0.473549
0.510448 0.563005
0.513447 0.668168
0.517277 0.845326
0.521921 0.494675
0.527355 0.584605
0.533557 0.670543
0.5405 0.333487
0.548156 0.465993
0.556495 0.67146
0.565487 0.458226
0.575101 0.72831
0.585308 0.601567
0.596075 0.728211
0.607375 0.681526
0.619176 0.611061
0.631452 0.810174
0.644175 0.635877
0.65732 0.712681
0.670861 0.834026
0.684774 0.840154
0.699039 0.741632
0.713633 0.801168
0.728536 0.712249
0.743731 0.753355
0.7592 0.800838
0.774926 1.26524
0.790894 0.682996
0.527355 0.776048
0.527771 0.594389
0.529016 0.723553
0.531085 0.631571
0.533968 0.517553
0.537652 0.827715
0.542121 0.413876
0.547355 0.666721
0.553333 0.736404
0.56003 0.448312
0.567423 0.471327
0.575482 0.557452
0.584182 0.882564
0.593494 0.696607
0.603389 0.542154
0.61384 0.599696
0.624818 0.563762
0.636296 0.813061
0.648248 0.63727
0.660648 0.582913
0.673471 0.877852
0.686693 0.631161
0.700293 0.851565
0.714247 0.76698
0.728536 0.834161
0.743141 1.1451
0.758044 1.03749
0.773226 0.85325
0.788673 0.875325
0.804368 1.02117
0.548156 0.594832
0.548556 0.525772
0.549754 0.46425
0.551745 0.485139
0.554521 0.504952
0.558069 0.696844
0.562375 0.447819
0.567423 0.60078
0.573191 0.678944
0.57966 0.792827
0.586805 0.566462
0.594602 0.519355
0.603026 0.905058
0.612051 0.641749
0.621651 0.621533
0.6318 0.583261
0.642471 0.593406
0.653639 0.682602
0.66528 0.637881
0.677368 0.782964
0.68988 1.1171
0.702794 0.744696
0.716087 1.2036
0.72974 0.724753
0.743731 0.734492
0.758044 1.09396
0.772659 1.03079
0.787559 0.800781
0.80273 1.13608
0.818156 0.886437
0.568967 0.610948
0.569352 0.475596
0.570506 0.574582
0.572425 0.588606
0.575101 0.689211
0.578523 0.467998
0.582679 0.524037
0.587552 0.620053
0.593124 0.540669
0.599378 0.682989
0.60629 0.779938
0.61384 0.613433
0.622004 0.715525
0.630757 0.530138
0.640077 0.755566
0.649938 0.861448
0.660316 1.0361
0.671187 0.755189
0.682529 0.954149
0.694316 0.587607
0.706529 0.769058
0.719143 0.668912
0.73214 0.764501
0.745499 0.877061
0.7592 0.855607
0.773226 0.870315
0.787559 0.610519
0.802183 0.976759
0.817083 0.970189
0.832242 0.874862
0.589787 0.809221
0.590159 0.500477
0.591273 0.607597
0.593124 0.47808
0.595707 0.372259
0.599012 0.59191
0.603026 0.567466
0.607736 0.712387
0.613125 0.506473
0.619176 0.651833
0.62587 0.823423
0.633187 0.494914
0.641104 0.783933
0.6496 0.502344
0.658653 0.673129
0.66824 0.860102
0.678338 0.745804
0.688925 0.462102
0.699979 0.84697
0.711478 0.728177
0.723401 0.942757
0.735726 1.10164
0.748435 0.93733
0.761508 1.0302
0.774926 0.858438
0.788673 1.56013
0.80273 1.47951
0.817083 0.860835
0.831715 1.29828
0.846612 1.01188
0.610616 0.534986
0.610975 0.506175
0.612051 0.668166
0.61384 0.609119
0.616336 0.81268
0.61953 0.664424
0.623412 0.481897
0.627969 0.594896
0.633187 0.710586
0.639048 0.730451
0.645536 0.552355
0.652632 0.651266
0.660316 0.693948
0.668568 0.66255
0.677368 0.712183
0.686693 0.496185
0.696524 0.880906
0.706839 0.5532
0.717617 0.968814
0.728837 0.853835
0.74048 0.97325
0.752526 0.850176
0.764956 0.836761
0.777751 0.553536
0.790894 0.838618
0.804368 0.807752
0.818156 0.669341
0.832242 0.713961
0.846612 0.767348
0.861252 1.2376
0.0837758 5.21399
0.0863541 0.550689
0.0936642 4.71276
0.10472 6.36996
0.118477 15.319
0.134107 9.58297
0.151029 2.3632
0.168856 4.97446
0.187328 0.562816
0.206274 3.05274
0.225573 3.58754
0.245143 0.388663
0.264922 0.755758
0.284869 0.783303
0.304949 0.888533
0.325138 0.515355
0.345416 0.350469
0.36577 0.322916
0.386187 0.300969
0.406658 0.355221
0.427174 0.505223
0.447731 0.467513
0.468321 0.374856
0.488941 0.421824
0.509588 0.479013
0.530258 0.803741
0.550949 0.968827
0.571659 0.368298
0.592384 0.460859
0.613125 0.508626
0.0863541 9.94006
0.0888577 2.04579
0.0959772 1.68988
0.106794 15.2143
0.120314 50.0442
0.135732 13.7676
0.152474 3.2908
0.170149 9.46324
0.188496 2.54287
0.207335 4.85676
0.226543 2.87993
0.246036 0.882014
0.265749 0.443659
0.285637 0.378979
0.305667 0.961806
0.325811 0.56575
0.346051 0.33535
0.36637 0.398615
0.386755 0.352605
0.407197 0.385353
0.427688 0.276663
0.44822 0.318506
0.468789 0.476342
0.48939 0.426576
0.510019 0.463772
0.530672 0.590421
0.551347 0.45445
0.572042 0.546176
0.592755 0.853123
0.613483 0.677359
0.0936642 2.63777
0.0959772 0.890064
0.102604 8.53921
0.112787 8.97537
0.125664 31.125
0.140496 0.73686
0.15673 5.35473
0.173974 0.607237
0.191954 1.81957
0.210484 0.809905
0.229429 2.72376
0.248696 2.43126
0.268213 0.995513
0.287932 0.772074
0.307812 1.48548
0.327825 0.222768
0.347947 0.32624
0.368161 0.472812
0.388452 0.32077
0.40881 0.54286
0.429223 0.450591
0.449686 0.460894
0.470191 0.30879
0.490732 0.50562
0.511307 0.599153
0.53191 0.469103
0.552539 0.62881
0.573191 0.488351
0.593864 0.690219
0.614554 0.866727
0.10472 9.61866
0.106794 1.6124
0.112787 1.12486
0.122123 19.1431
0.134107 9.85954
0.148096 7.5258
0.163577 11.8186
0.180167 2.48129
0.197585 0.409142
0.215631 0.949629
0.23416 3.99833
0.253067 1.46925
0.272271 1.18408
0.291715 0.536422
0.311354 0.882508
0.331153 0.339076
0.351085 0.350229
0.371128 0.380981
0.391265 0.381502
0.411483 0.32914
0.431771 0.344738
0.452118 0.349501
0.472517 0.528889
0.492962 0.343077
0.513447 0.395262
0.533968 0.709801
0.554521 0.591686
0.575101 0.620628
0.595707 0.556867
0.616336 0.633171
0.118477 1.94945
0.120314 13.8132
0.125664 11.8584
0.134107 14.6592
0.145104 2.45252
0.158123 8.51562
0.172708 4.18725
0.188496 1.08825
0.205208 5.09128
0.222637 5.3496
0.240628 1.15472
0.259062 2.79828
0.277853 0.459874
0.296932 0.46789
0.316247 0.759912
0.335757 0.360412
0.355431 0.545539
0.375242 0.3015
0.39517 0.275341
0.415198 0.603993
0.435312 0.621203
0.455501 0.347495
0.475755 0.418104
0.496067 0.424093
0.516429 0.481197
0.536836 0.704131
0.557282 0.41267
0.577765 0.911279
0.598279 0.691731
0.618822 0.649584
0.134107 7.58995
0.135732 18.7206
0.140496 15.29
0.148096 13.8389
0.158123 17.0603
0.170149 4.76931
0.183782 1.0088
0.198692 5.07908
0.214612 1.60972
0.231334 7.0607
0.248696 0.776285
0.266573 0.900031
0.284869 0.821803
0.303507 0.397738
0.322428 0.803654
0.341586 0.515256
0.360942 0.359551
0.380466 0.452147
0.400134 0.433181
0.419925 0.353395
0.439823 0.427503
0.459814 0.560307
0.479886 0.784075
0.50003 0.537266
0.520237 0.464044
0.5405 0.804052
0.560813 0.606561
0.581171 0.49131
0.601569 0.592061
0.622004 0.542133
0.151029 0.730479
0.152474 1.17965
0.15673 23.8919
0.163577 4.82075
0.172708 4.03481
0.183782 6.78578
0.196472 3.4357
0.210484 1.20295
0.225573 0.484997
0.241537 1.09958
0.258214 2.24677
0.275475 1.19388
0.293215 1.03152
0.311354 0.324975
0.329826 0.500467
0.348577 0.437126
0.367565 0.316124
0.386755 0.260593
0.406118 0.319733
0.425631 0.479245
0.445275 0.539843
0.465031 0.545508
0.484888 0.413472
0.504832 0.298183
0.524854 0.493724
0.544945 0.665721
0.565099 0.512515
0.585308 0.636973
0.605566 0.625325
0.62587 0.535156
0.168856 1.69573
0.170149 12.3002
0.173974 5.34132
0.180167 0.54967
0.188496 0.595054
0.198692 4.11973
0.210484 0.895622
0.22362 1.29417
0.237878 2.83677
0.253067 3.39483
0.26903 0.47328
0.285637 0.783397
0.302783 0.676553
0.320381 0.643798
0.33836 0.316891
0.356663 0.348325
0.375242 0.376394
0.394058 0.413905
0.413079 0.236398
0.432278 0.424069
0.451632 0.555871
0.471123 0.516112
0.490732 0.543627
0.510448 0.710085
0.530258 0.56031
0.550153 0.534047
0.570122 0.432423
0.590159 0.63735
0.610257 0.708653
0.630409 0.448249
0.187328 5.17241
0.188496 2.20243
0.191954 1.73971
0.197585 1.50317
0.205208 1.17033
0.214612 4.98263
0.225573 3.75299
0.237878 5.18405
0.251327 2.02647
0.265749 1.66975
0.280993 1.16588
0.296932 0.449323
0.31346 0.247871
0.33049 0.769861
0.347947 0.521975
0.36577 0.271964
0.383909 0.363744
0.40232 0.304079
0.420968 0.368463
0.439823 0.395092
0.458859 0.544964
0.478055 0.599336
0.497391 0.513466
0.516853 0.494891
0.536427 0.487802
0.5561 0.570976
0.575863 0.717089
0.595707 0.593982
0.615624 0.719836
0.635607 0.74174
0.206274 1.21903
0.207335 1.39649
0.210484 2.67798
0.215631 1.73026
0.222637 1.30317
0.231334 1.79205
0.241537 1.78326
0.253067 1.71278
0.265749 1.721
0.279427 1.01057
0.293962 0.473212
0.309234 0.498177
0.325138 0.98834
0.341586 0.306914
0.358503 0.407164
0.375826 0.419237
0.393501 0.391298
0.411483 0.410099
0.429734 0.273915
0.44822 0.408966
0.466914 0.278186
0.485791 0.554452
0.504832 0.699182
0.524017 0.514475
0.543333 0.598121
0.562765 0.545318
0.582302 0.611561
0.601934 0.646282
0.621651 0.716929
0.641446 0.797679
0.225573 1.8018
0.226543 1.87241
0.229429 3.07242
0.23416 0.98376
0.240628 1.66563
0.248696 7.29356
0.258214 2.00718
0.26903 0.854192
0.280993 0.621872
0.293962 0.460967
0.307812 0.647418
0.322428 0.392284
0.337711 0.238064
0.353575 0.246338
0.369944 0.289325
0.386755 0.446503
0.403952 0.457337
0.421489 0.228314
0.439324 0.487313
0.457423 0.470107
0.475755 0.394082
0.494295 0.419453
0.51302 0.379406
0.53191 0.766206
0.550949 0.581083
0.570122 0.621887
0.589415 0.732907
0.608817 0.625144
0.628319 0.479968
0.64791 0.832784
0.245143 1.38136
0.246036 0.940485
0.248696 1.21844
0.253067 2.73561
0.259062 1.44492
0.266573 1.6585
0.275475 0.485855
0.285637 0.621101
0.296932 0.784222
0.309234 0.318417
0.322428 0.534606
0.33641 0.538699
0.351085 0.955057
0.36637 0.259024
0.382191 0.387271
0.398486 0.405554
0.415198 0.36383
0.432278 0.395929
0.449686 0.301166
0.467383 0.365385
0.48534 0.445821
0.503527 0.558938
0.521921 0.499111
0.5405 0.526535
0.559247 0.604359
0.578144 0.494459
0.597178 0.402444
0.616336 0.863207
0.635607 0.678385
0.65498 0.880422
0.264922 0.902146
0.265749 1.79389
0.268213 0.850809
0.272271 1.37044
0.277853 0.838671
0.284869 0.65227
0.293215 2.07581
0.302783 0.317902
0.31346 0.755193
0.325138 0.539721
0.337711 0.260809
0.351085 0.398799
0.36517 0.304137
0.379889 0.36818
0.39517 0.3226
0.41095 0.365869
0.427174 0.399134
0.443794 0.44233
0.460767 0.371863
0.478055 0.760854
0.495624 0.449447
0.513447 0.609909
0.531498 0.506751
0.549754 0.734208
0.568195 0.557973
0.586805 0.640142
0.605566 0.514235
0.624467 0.76651
0.643494 0.682654
0.662637 0.560593
0.284869 0.946173
0.285637 0.502354
0.287932 2.82064
0.291715 0.685763
0.296932 0.599057
0.303507 0.509997
0.311354 0.315903
0.320381 0.475565
0.33049 0.442976
0.341586 0.30321
0.353575 0.420048
0.36637 0.433502
0.379889 0.496065
0.394058 0.423149
0.40881 0.377976
0.424083 0.568591
0.439823 0.479396
0.455982 0.506526
0.472517 0.442879
0.48939 0.553116
0.506567 0.432206
0.524017 0.54584
0.541716 0.454841
0.559639 0.505698
0.577765 0.543379
0.596075 0.442407
0.614554 0.585137
0.633187 0.682063
0.651959 0.791048
0.670861 0.905468
0.304949 0.294074
0.305667 0.414652
0.307812 0.841863
0.311354 0.749293
0.316247 0.548019
0.322428 0.466727
0.329826 0.356799
0.33836 0.240341
0.347947 0.375527
0.358503 0.379317
0.369944 0.57816
0.382191 0.431528
0.39517 0.343856
0.40881 0.41866
0.423047 0.371543
0.437824 0.428002
0.453087 0.568406
0.468789 0.477587
0.484888 0.349559
0.501344 0.49584
0.518125 0.635383
0.535199 0.458481
0.552539 0.695847
0.570122 0.616361
0.587925 0.639152
0.605928 0.504747
0.624116 0.707659
0.642471 0.692368
0.66098 0.580609
0.67963 0.69392
0.325138 0.508817
0.325811 0.509355
0.327825 0.661255
0.331153 0.480564
0.335757 0.587775
0.341586 0.474
0.348577 0.249641
0.356663 0.313937
0.36577 0.404972
0.375826 0.421216
0.386755 0.342992
0.398486 0.651524
0.41095 0.552315
0.424083 0.562037
0.437824 0.354665
0.452118 0.537494
0.466914 0.499627
0.482166 0.5699
0.497832 0.417128
0.513874 0.756505
0.530258 0.429094
0.546954 0.482734
0.563933 0.884734
0.581171 0.528514
0.598645 0.71847
0.616336 0.811161
0.634225 0.555256
0.652296 0.686516
0.670534 0.789431
0.688925 0.822119
0.345416 0.514962
0.346051 0.496837
0.347947 0.380662
0.351085 0.540653
0.355431 0.332769
0.360942 0.260146
0.367565 0.248006
0.375242 0.241888
0.383909 0.284811
0.393501 0.460826
0.403952 0.283977
0.415198 0.547116
0.427174 0.426602
0.439823 0.449002
0.453087 0.448293
0.466914 0.493573
0.481255 0.41122
0.496067 0.415276
0.511307 0.376799
0.526939 0.599685
0.542929 0.555344
0.559247 0.811847
0.575863 0.569012
0.592755 0.467647
0.609897 0.806391
0.62727 0.64708
0.644856 0.643665
0.662637 0.950665
0.680598 0.648984
0.698725 0.722906
0.36577 0.377099
0.36637 0.291477
0.368161 0.310474
0.371128 0.474893
0.375242 0.553915
0.380466 0.441715
0.386755 0.531027
0.394058 0.439107
0.40232 0.499122
0.411483 0.369763
0.421489 0.355662
0.432278 0.323776
0.443794 0.426812
0.455982 0.461837
0.468789 0.447588
0.482166 0.318353
0.496067 0.559608
0.510448 0.716872
0.525272 0.380537
0.5405 0.550999
0.5561 0.494428
0.572042 0.651364
0.588298 0.807247
0.604842 0.82788
0.621651 0.681762
0.638705 0.902919
0.655984 0.528701
0.673471 0.983957
0.69115 0.693207
0.709008 1.0108
0.386187 0.396026
0.386755 0.435984
0.388452 0.34909
0.391265 0.306421
0.39517 0.31767
0.400134 0.368059
0.406118 0.470661
0.413079 0.693713
0.420968 0.406066
0.429734 0.308671
0.439324 0.344993
0.449686 0.267581
0.460767 0.471779
0.472517 0.46576
0.484888 0.439664
0.497832 0.758633
0.511307 0.618073
0.525272 0.430732
0.539688 0.558836
0.554521 0.728034
0.569737 0.729952
0.585308 0.475542
0.601204 0.664883
0.617403 0.771747
0.633879 0.779936
0.650612 0.728355
0.667583 0.862349
0.684774 0.942979
0.702169 1.07647
0.719753 1.07153
0.406658 0.326914
0.407197 0.427555
0.40881 0.264332
0.411483 0.441622
0.415198 0.354995
0.419925 0.347777
0.425631 0.425024
0.432278 0.392609
0.439823 0.408775
0.44822 0.50644
0.457423 0.51149
0.467383 0.423456
0.478055 0.726295
0.48939 0.617633
0.501344 0.605859
0.513874 0.550048
0.526939 0.607988
0.5405 0.594074
0.554521 0.558592
0.568967 0.767941
0.583807 0.551081
0.599012 0.631841
0.614554 0.470592
0.630409 0.885997
0.646554 0.851551
0.662968 0.590529
0.67963 0.535586
0.696524 0.823186
0.713633 1.16384
0.730941 0.95542
0.427174 0.377837
0.427688 0.258222
0.429223 0.56493
0.431771 0.496049
0.435312 0.314891
0.439823 0.48654
0.445275 0.460504
0.451632 0.484581
0.458859 0.565006
0.466914 0.315426
0.475755 0.384783
0.48534 0.62822
0.495624 0.542332
0.506567 0.817612
0.518125 0.503916
0.530258 0.375982
0.542929 0.628238
0.5561 0.684454
0.569737 0.53408
0.583807 0.826251
0.598279 0.643133
0.613125 0.616402
0.628319 0.831186
0.643835 0.993668
0.659651 0.693899
0.675747 0.875632
0.692102 1.1658
0.708698 0.827725
0.72552 0.746316
0.742551 0.989613
0.447731 0.295618
0.44822 0.412044
0.449686 0.439544
0.452118 0.356623
0.455501 0.497
0.459814 0.452265
0.465031 0.544284
0.471123 0.598798
0.478055 0.627188
0.485791 0.522429
0.494295 0.500066
0.503527 0.720332
0.513447 0.598253
0.524017 0.629435
0.535199 0.504365
0.546954 0.620862
0.559247 0.587243
0.572042 0.661518
0.585308 0.574599
0.599012 0.522096
0.613125 0.610385
0.62762 0.673347
0.642471 0.929574
0.657653 0.754806
0.673145 0.723513
0.688925 0.586394
0.704975 1.03357
0.721275 0.850288
0.73781 0.924832
0.754564 0.803817
0.468321 0.444483
0.468789 0.748418
0.470191 0.619859
0.472517 0.538684
0.475755 0.544345
0.479886 0.434171
0.484888 0.484891
0.490732 0.672908
0.497391 0.467337
0.504832 0.377119
0.51302 0.495817
0.521921 0.53247
0.531498 0.503889
0.541716 0.602189
0.552539 0.829448
0.563933 0.490325
0.575863 0.731369
0.588298 0.760175
0.601204 0.700186
0.614554 0.823623
0.628319 0.72017
0.642471 0.971698
0.656986 0.671387
0.671841 0.698163
0.687013 1.04263
0.702481 0.557568
0.718228 0.981434
0.734234 0.80734
0.750483 0.858057
0.766961 1.22792
0.488941 0.465451
0.48939 0.717916
0.490732 0.513717
0.492962 0.807431
0.496067 0.655414
0.50003 0.37302
0.504832 0.422983
0.510448 0.582645
0.516853 0.398072
0.524017 0.555767
0.53191 0.547771
0.5405 0.307705
0.549754 0.894453
0.559639 0.451331
0.570122 0.554054
0.581171 0.56816
0.592755 0.76271
0.604842 0.726835
0.617403 0.607136
0.630409 0.624956
0.643835 0.818213
0.657653 0.757815
0.671841 1.02942
0.686374 0.833518
0.701232 0.906975
0.716393 0.749429
0.731841 0.952031
0.747555 0.951779
0.763521 1.1432
0.779723 0.801096
0.509588 0.390778
0.510019 0.296152
0.511307 0.40319
0.513447 0.647047
0.516429 0.480722
0.520237 0.531236
0.524854 0.527699
0.530258 0.468323
0.536427 0.653218
0.543333 0.643051
0.550949 0.826818
0.559247 0.386208
0.568195 0.722508
0.577765 0.891968
0.587925 0.394151
0.598645 0.814282
0.609897 0.656336
0.621651 0.674397
0.633879 1.11633
0.646554 0.67209
0.659651 0.652106
0.673145 0.8945
0.687013 0.71061
0.701232 0.842827
0.715781 0.986729
0.730641 1.10064
0.745793 1.14292
0.76122 0.967488
0.776905 0.898151
0.792833 1.19804
0.530258 0.737476
0.530672 0.621832
0.53191 0.57532
0.533968 0.654283
0.536836 0.468947
0.5405 0.657883
0.544945 0.718732
0.550153 0.703784
0.5561 0.601416
0.562765 0.67254
0.570122 0.507548
0.578144 0.422703
0.586805 0.661607
0.596075 0.613511
0.605928 0.856363
0.616336 0.909699
0.62727 0.466854
0.638705 0.640592
0.650612 0.953261
0.662968 1.02398
0.675747 0.905842
0.688925 0.928961
0.702481 0.765265
0.716393 0.799327
0.730641 1.09875
0.745204 0.749378
0.760066 1.00808
0.775209 0.892518
0.790617 1.10981
0.806274 0.980542
0.550949 0.561627
0.551347 0.507134
0.552539 0.639378
0.554521 0.740146
0.557282 0.610392
0.560813 0.705339
0.565099 0.43332
0.570122 0.716014
0.575863 0.487108
0.582302 0.747483
0.589415 0.924901
0.597178 0.54743
0.605566 0.556685
0.614554 0.636146
0.624116 0.434519
0.634225 0.607222
0.644856 0.687728
0.655984 0.882139
0.667583 0.721786
0.67963 0.62524
0.692102 0.868968
0.704975 0.826915
0.718228 0.840426
0.731841 0.915387
0.745793 0.708435
0.760066 0.590031
0.774643 0.820936
0.789506 1.24994
0.80464 0.719335
0.82003 1.30971
0.571659 0.433566
0.572042 0.592474
0.573191 0.740915
0.575101 0.549885
0.577765 0.586739
0.581171 0.579907
0.585308 0.537424
0.590159 0.507917
0.595707 0.633275
0.601934 0.471408
0.608817 0.787417
0.616336 0.731056
0.624467 0.691632
0.633187 0.559552
0.642471 0.855903
0.652296 0.668398
0.662637 0.676976
0.673471 0.727138
0.684774 0.745582
0.696524 0.890647
0.708698 0.933911
0.721275 0.661707
0.734234 0.734714
0.747555 0.833188
0.76122 0.962105
0.775209 0.957706
0.789506 0.924658
0.804095 0.585725
0.818959 0.953081
0.834085 1.0898
0.592384 0.631052
0.592755 0.562821
0.593864 0.413331
0.595707 0.573338
0.598279 0.963587
0.601569 0.635176
0.605566 0.72315
0.610257 0.640022
0.615624 0.856471
0.621651 0.672433
0.628319 0.730519
0.635607 0.607826
0.643494 0.832146
0.651959 0.815506
0.66098 0.750416
0.670534 0.706658
0.680598 0.749507
0.69115 0.801917
0.702169 0.950954
0.713633 0.85323
0.72552 0.897871
0.73781 0.697472
0.750483 0.818898
0.763521 0.92452
0.776905 1.03263
0.790617 0.985639
0.80464 1.28787
0.818959 0.984834
0.833559 0.755494
0.848424 1.21935
0.613125 0.62941
0.613483 0.610432
0.614554 0.455583
0.616336 0.651403
0.618822 0.605851
0.622004 0.676127
0.62587 0.649484
0.630409 0.749617
0.635607 0.762248
0.641446 0.88409
0.64791 0.610388
0.65498 0.714784
0.662637 0.755036
0.670861 0.628021
0.67963 0.828106
0.688925 1.19721
0.698725 0.696277
0.709008 0.610649
0.719753 0.72316
0.730941 1.01114
0.742551 1.07089
0.754564 0.807815
0.766961 1.0386
0.779723 1.26044
0.792833 1.16533
0.806274 0.757138
0.82003 0.995135
0.834085 1.05203
0.848424 1.18711
0.863033 1.35869
0.10472 5.43147
0.106794 11.7231
0.112787 1.24675
0.122123 7.55954
0.134107 16.8426
0.148096 19.5428
0.163577 2.72851
0.180167 2.25463
0.197585 9.99253
0.215631 2.23749
0.23416 1.16473
0.253067 0.884643
0.272271 0.481308
0.291715 0.614465
0.311354 0.74373
0.331153 0.268368
0.351085 0.470657
0.371128 0.296097
0.391265 0.254231
0.411483 0.280001
0.431771 0.518959
0.452118 0.487011
0.472517 0.554433
0.492962 0.553288
0.513447 0.484972
0.533968 0.477676
0.554521 0.682839
0.575101 0.652521
0.595707 0.449321
0.616336 0.734748
0.106794 9.97135
0.108828 3.20582
0.114715 1.83313
0.123906 15.5432
0.135732 45.6729
0.14957 21.3435
0.164913 4.17211
0.18138 2.04792
0.198692 1.11726
0.216646 0.743743
0.235095 4.97217
0.253932 1.0857
0.273076 0.582482
0.292466 0.393956
0.312058 0.482774
0.331815 0.374422
0.351709 0.557539
0.371718 0.322305
0.391825 0.375328
0.412016 0.229765
0.432278 0.524765
0.452603 0.407668
0.472981 0.424743
0.493407 0.514569
0.513874 0.566908
0.534379 0.480434
0.554916 0.645143
0.575482 0.495459
0.596075 0.568885
0.616692 0.803438
0.112787 12.8566
0.114715 29.7515
0.120314 11.9874
0.129107 4.78363
0.140496 29.0328
0.153906 4.63764
0.168856 4.36492
0.184972 1.53577
0.201976 1.1853
0.219662 1.25122
0.237878 2.71285
0.25651 0.769316
0.275475 0.518901
0.294708 1.28517
0.314159 0.513106
0.333792 0.43834
0.353575 0.459235
0.373484 0.307619
0.393501 0.333594
0.41361 0.469152
0.433798 0.415607
0.454054 0.413903
0.47437 0.324647
0.494739 0.407977
0.515153 0.573138
0.535609 0.393478
0.5561 0.41432
0.576625 0.644866
0.597178 0.667338
0.617758 0.703242
0.122123 4.47212
0.123906 28.3112
0.129107 75.5098
0.137339 6.48514
0.148096 5.87159
0.160874 8.43373
0.17523 1.01672
0.190808 1.70252
0.207335 0.943904
0.224599 1.74754
0.242444 3.93643
0.26075 1.40579
0.279427 1.34333
0.298405 0.866143
0.317631 0.452142
0.337061 0.426419
0.356663 0.376553
0.376409 0.166194
0.396278 0.343994
0.416253 0.399118
0.436318 0.444846
0.456463 0.486858
0.476676 0.397646
0.49695 0.575192
0.517277 0.552583
0.537652 0.53273
0.558069 0.556766
0.578523 0.686764
0.599012 0.636807
0.61953 0.673291
0.134107 33.6716
0.135732 0.969427
0.140496 5.28331
0.148096 2.08947
0.158123 1.65723
0.170149 2.36029
0.183782 2.46938
0.198692 2.98731
0.214612 2.20166
0.231334 3.96078
0.248696 3.92093
0.266573 0.847108
0.284869 1.5222
0.303507 0.384206
0.322428 0.3972
0.341586 0.414349
0.360942 0.404222
0.380466 0.368455
0.400134 0.879865
0.419925 0.357285
0.439823 0.380356
0.459814 0.392202
0.479886 0.47632
0.50003 0.336553
0.520237 0.470756
0.5405 0.565175
0.560813 0.510765
0.581171 0.636065
0.601569 0.718726
0.622004 0.70952
0.148096 2.09241
0.14957 17.8884
0.153906 1.41492
0.160874 6.85638
0.170149 2.06759
0.18138 1.93037
0.194226 1.67985
0.20839 1.41097
0.22362 0.608171
0.239714 0.979878
0.25651 2.43446
0.273878 3.17999
0.291715 0.360103
0.309942 0.301268
0.328493 0.507771
0.347316 0.32751
0.36637 0.516554
0.385619 0.365197
0.405037 0.424197
0.4246 0.568681
0.444288 0.434865
0.464087 0.491683
0.483982 0.434964
0.503962 0.292253
0.524017 0.572584
0.54414 0.594308
0.564322 0.425783
0.584558 0.633128
0.604842 0.665553
0.625169 0.573112
0.163577 6.43343
0.164913 4.47621
0.168856 1.36833
0.17523 1.7117
0.183782 0.896573
0.194226 0.971213
0.206274 1.45126
0.219662 2.71845
0.23416 1.75687
0.249576 0.616747
0.265749 0.623927
0.282549 0.411374
0.299872 0.278127
0.317631 0.824888
0.335757 0.589919
0.354194 0.368106
0.372896 0.413151
0.391825 0.380566
0.41095 0.497236
0.430244 0.376093
0.449686 0.569024
0.469257 0.390154
0.488941 0.558836
0.508727 0.446098
0.528601 0.428495
0.548556 0.603566
0.568581 0.61647
0.58867 0.535557
0.608817 0.432045
0.629016 0.737382
0.180167 2.39001
0.18138 2.0973
0.184972 2.03398
0.190808 1.48387
0.198692 0.846112
0.20839 1.82755
0.219662 0.793035
0.23228 1.40999
0.246036 1.79151
0.26075 1.00124
0.27627 0.409627
0.292466 1.12005
0.309234 0.338438
0.326484 0.381166
0.344144 0.35936
0.362155 0.304781
0.380466 0.365694
0.399036 0.519347
0.417831 0.505001
0.436821 0.377038
0.455982 0.39261
0.475294 0.454282
0.494739 0.359729
0.514301 0.556445
0.533968 0.588799
0.553729 0.562054
0.573574 0.459509
0.593494 0.617528
0.613483 0.561689
0.633533 1.03374
0.197585 0.884501
0.198692 8.21838
0.201976 1.02623
0.207335 0.749187
0.214612 3.82421
0.22362 3.19035
0.23416 1.35777
0.246036 0.774079
0.259062 1.11825
0.273076 2.80341
0.287932 1.37486
0.303507 0.505487
0.319696 0.469564
0.33641 0.468707
0.353575 0.396107
0.371128 0.314374
0.389017 0.425835
0.407197 0.560552
0.425631 0.49798
0.444288 0.43313
0.463141 0.364964
0.482166 0.542826
0.501344 0.514885
0.520658 0.704913
0.540094 0.53748
0.559639 0.592096
0.579281 0.476928
0.599012 0.460181
0.618822 0.631418
0.638705 0.897573
0.215631 0.407856
0.216646 0.384057
0.219662 1.50008
0.224599 0.785413
0.231334 2.60167
0.239714 3.35244
0.249576 1.46416
0.26075 4.08367
0.273076 1.05799
0.286404 0.285922
0.300602 0.380424
0.315552 0.329382
0.331153 0.329433
0.347316 0.421452
0.363967 0.342827
0.381042 0.279624
0.398486 0.274551
0.416253 0.454812
0.434303 0.367962
0.452603 0.428441
0.471123 0.58349
0.489838 0.494274
0.508727 0.77211
0.527771 0.509586
0.546954 0.541079
0.566262 0.669225
0.585682 0.69452
0.605204 0.41266
0.624818 0.612539
0.644516 0.630908
0.23416 3.1577
0.235095 2.2688
0.237878 2.6604
0.242444 0.585625
0.248696 3.57617
0.25651 1.16792
0.265749 0.574288
0.27627 0.731871
0.287932 1.70204
0.300602 0.282789
0.314159 0.327805
0.328493 0.492801
0.343506 0.631451
0.359114 0.310027
0.375242 0.335056
0.391825 0.52562
0.40881 0.338048
0.426146 0.331332
0.443794 0.365764
0.461718 0.599962
0.479886 0.475262
0.498272 0.654673
0.516853 0.577241
0.535609 0.556353
0.554521 0.747864
0.573574 0.605808
0.592755 0.579599
0.612051 0.715264
0.631452 0.696436
0.650949 0.752303
0.253067 0.524401
0.253932 0.852597
0.25651 1.11402
0.26075 3.06452
0.266573 0.95215
0.273878 0.52236
0.282549 0.701657
0.292466 0.352101
0.303507 0.513782
0.315552 0.364594
0.328493 0.558871
0.342227 0.552961
0.356663 0.410075
0.371718 0.399848
0.387322 0.541642
0.403409 0.403092
0.419925 0.645444
0.436821 0.52682
0.454054 0.389703
0.471588 0.543353
0.48939 0.50074
0.507432 0.430837
0.525689 0.558106
0.54414 0.507644
0.562765 0.623577
0.581548 0.543358
0.600474 0.616288
0.61953 0.550296
0.638705 0.504725
0.657987 0.772918
0.272271 1.30949
0.273076 0.971065
0.275475 0.308269
0.279427 0.799909
0.284869 1.8444
0.291715 0.477352
0.299872 0.663077
0.309234 0.306754
0.319696 0.39776
0.331153 0.312424
0.343506 0.235065
0.356663 0.380006
0.370536 0.353555
0.38505 0.397569
0.400134 0.323133
0.415726 0.324738
0.431771 0.677514
0.44822 0.386939
0.465031 0.312621
0.482166 0.380461
0.499591 0.474465
0.517277 0.451788
0.535199 0.68246
0.553333 0.537796
0.571659 0.607551
0.590159 0.810464
0.608817 0.874944
0.62762 0.634628
0.646554 0.823675
0.665609 0.814459
0.291715 0.635642
0.292466 0.621408
0.294708 1.34712
0.298405 0.589782
0.303507 0.471404
0.309942 0.73849
0.317631 0.676605
0.326484 0.371571
0.33641 0.425682
0.347316 0.276618
0.359114 0.330255
0.371718 0.312153
0.38505 0.353074
0.399036 0.307442
0.41361 0.278962
0.428712 0.521019
0.444288 0.529532
0.460291 0.647968
0.476676 0.461266
0.493407 0.518682
0.510448 0.364195
0.527771 0.598904
0.545348 0.518511
0.563155 0.671023
0.581171 0.802212
0.599378 0.672996
0.617758 0.769851
0.636296 0.658696
0.65498 0.698508
0.673797 0.790771
0.311354 0.819939
0.312058 0.380259
0.314159 0.42691
0.317631 0.287336
0.322428 0.410229
0.328493 0.323655
0.335757 0.46791
0.344144 0.301749
0.353575 0.759976
0.363967 0.376778
0.375242 0.467476
0.387322 0.381419
0.400134 0.664573
0.41361 0.544269
0.427688 0.438823
0.442309 0.611578
0.457423 0.386422
0.472981 0.5604
0.488941 0.534337
0.505266 0.533184
0.521921 0.48202
0.538874 0.53995
0.5561 0.554311
0.573574 0.991976
0.591273 0.751618
0.609177 0.821351
0.62727 0.889239
0.645536 0.981459
0.66396 0.559908
0.682529 0.970018
0.331153 0.360961
0.331815 0.458403
0.333792 0.33281
0.337061 0.30954
0.341586 0.412794
0.347316 0.309391
0.354194 0.331377
0.362155 0.281412
0.371128 0.497944
0.381042 0.450158
0.391825 0.293899
0.403409 0.541835
0.415726 0.299234
0.428712 0.388829
0.442309 0.500449
0.456463 0.401258
0.471123 0.556164
0.486243 0.443072
0.501781 0.441165
0.517701 0.800799
0.533968 0.533226
0.550551 0.531459
0.567423 0.682206
0.584558 0.582762
0.601934 0.486133
0.61953 0.741974
0.63733 0.809153
0.655315 0.601198
0.673471 0.671779
0.691785 0.656877
0.351085 0.550263
0.351709 0.325824
0.353575 0.393762
0.356663 0.297199
0.360942 0.355276
0.36637 0.507483
0.372896 0.268772
0.380466 0.400003
0.389017 0.237821
0.398486 0.450803
0.40881 0.378992
0.419925 0.308769
0.431771 0.357396
0.444288 0.294261
0.457423 0.469439
0.471123 0.345674
0.48534 0.472638
0.50003 0.458398
0.515153 0.778237
0.530672 0.733953
0.546553 0.533446
0.562765 0.624761
0.579281 0.860428
0.596075 0.545515
0.613125 0.468364
0.630409 0.644808
0.64791 0.710947
0.665609 0.638691
0.683492 0.571957
0.701544 0.763223
0.371128 0.433797
0.371718 0.340205
0.373484 0.52451
0.376409 0.46487
0.380466 0.373154
0.385619 0.296202
0.391825 0.307881
0.399036 0.441488
0.407197 0.322508
0.416253 0.384791
0.426146 0.359651
0.436821 0.466997
0.44822 0.551707
0.460291 0.542786
0.472981 0.613154
0.486243 0.534754
0.50003 0.529827
0.514301 0.516629
0.529016 0.541472
0.54414 0.714126
0.559639 0.964655
0.575482 0.648561
0.591643 0.655877
0.608096 0.46646
0.624818 0.630503
0.641788 1.00742
0.658986 1.01799
0.676396 0.553017
0.694001 0.864036
0.711786 0.867619
0.391265 0.399491
0.391825 0.250338
0.393501 0.461282
0.396278 0.293412
0.400134 0.375637
0.405037 0.478485
0.41095 0.399228
0.417831 0.411426
0.425631 0.257157
0.434303 0.354906
0.443794 0.545036
0.454054 0.461491
0.465031 0.473103
0.476676 0.663273
0.488941 0.450202
0.501781 0.366324
0.515153 0.396915
0.529016 0.638877
0.543333 0.801799
0.558069 0.598339
0.573191 0.43214
0.58867 0.436682
0.604479 0.473667
0.620592 0.737493
0.636985 0.576606
0.653639 1.21806
0.670534 0.930665
0.687651 0.831696
0.704975 0.990755
0.72249 0.853097
0.411483 0.512865
0.412016 0.324552
0.41361 0.340094
0.416253 0.378869
0.419925 0.254996
0.4246 0.360737
0.430244 0.468661
0.436821 0.317826
0.444288 0.575775
0.452603 0.422388
0.461718 0.449458
0.471588 0.640774
0.482166 0.456424
0.493407 0.632721
0.505266 0.593018
0.517701 0.631427
0.530672 0.602885
0.54414 0.577723
0.558069 0.610048
0.572425 0.586401
0.587178 0.60751
0.602298 0.56555
0.617758 0.670717
0.633533 0.590363
0.6496 0.953202
0.665939 0.724993
0.682529 0.644344
0.699352 1.07346
0.716393 1.05303
0.733636 0.863219
0.431771 0.586667
0.432278 0.494501
0.433798 0.598898
0.436318 0.449378
0.439823 0.293364
0.444288 0.354778
0.449686 0.561175
0.455982 0.321594
0.463141 0.310977
0.471123 0.624253
0.479886 0.446796
0.48939 0.3901
0.499591 0.424234
0.510448 0.477701
0.521921 0.365044
0.533968 0.374896
0.546553 0.6352
0.559639 0.671819
0.573191 0.758518
0.587178 0.423843
0.601569 0.623438
0.616336 0.726784
0.631452 0.780396
0.646894 0.835421
0.662637 0.802442
0.678662 0.967855
0.694948 0.831661
0.711478 0.944355
0.728235 0.736998
0.745204 1.03341
0.452118 0.321188
0.452603 0.561133
0.454054 0.464624
0.456463 0.504118
0.459814 0.456648
0.464087 0.243232
0.469257 0.584161
0.475294 0.516271
0.482166 0.542369
0.489838 0.367217
0.498272 0.497569
0.507432 0.612781
0.517277 0.696439
0.527771 0.638798
0.538874 0.533245
0.550551 0.740824
0.562765 0.554136
0.575482 0.743117
0.58867 0.650934
0.602298 0.660292
0.616336 0.6747
0.630757 0.692114
0.645536 0.758315
0.660648 1.01721
0.676071 0.824437
0.691785 0.835486
0.707769 0.566281
0.724007 0.578591
0.74048 0.793289
0.757175 0.947139
0.472517 0.558934
0.472981 0.394565
0.47437 0.269664
0.476676 0.386838
0.479886 0.322765
0.483982 0.584123
0.488941 0.718077
0.494739 0.68283
0.501344 0.593053
0.508727 0.606667
0.516853 0.62488
0.525689 0.642881
0.535199 0.658746
0.545348 0.569838
0.5561 0.792495
0.567423 0.514412
0.579281 0.581208
0.591643 0.583577
0.604479 0.665706
0.617758 0.778794
0.631452 0.618497
0.645536 0.73144
0.659984 0.78275
0.674772 0.608227
0.68988 0.722242
0.705286 0.842425
0.720971 0.736502
0.736918 0.950421
0.753109 0.710698
0.76953 1.09317
0.492962 0.441811
0.493407 0.462229
0.494739 0.659519
0.49695 0.603376
0.50003 0.426138
0.503962 0.417226
0.508727 0.658528
0.514301 0.462304
0.520658 0.425165
0.527771 0.563459
0.535609 0.403762
0.54414 0.552952
0.553333 0.619821
0.563155 0.75859
0.573574 0.615293
0.584558 0.910241
0.596075 0.659025
0.608096 0.845348
0.620592 0.809253
0.633533 0.782748
0.646894 0.888222
0.660648 0.739302
0.674772 0.858337
0.689244 0.626745
0.704041 0.646237
0.719143 1.15718
0.734533 0.726454
0.750191 0.891402
0.766102 0.693171
0.78225 1.04936
0.513447 0.587226
0.513874 0.392375
0.515153 0.555259
0.517277 0.760312
0.520237 0.501129
0.524017 0.516832
0.528601 0.5976
0.533968 0.42147
0.540094 0.648966
0.546954 0.72645
0.554521 0.421088
0.562765 0.674983
0.571659 0.658131
0.581171 0.543774
0.591273 0.688148
0.601934 0.514951
0.613125 0.616926
0.624818 0.733131
0.636985 0.676444
0.6496 0.760406
0.662637 0.606327
0.676071 0.652992
0.68988 0.554032
0.704041 0.75692
0.718533 1.11638
0.733337 0.758279
0.748435 1.31842
0.763808 0.654683
0.779441 1.13381
0.795319 0.967009
0.533968 0.527977
0.534379 0.743935
0.535609 0.484909
0.537652 0.472859
0.5405 0.674367
0.54414 0.50002
0.548556 0.578299
0.553729 0.644851
0.559639 0.775502
0.566262 0.581117
0.573574 0.447048
0.581548 0.519721
0.590159 0.477009
0.599378 0.617758
0.609177 0.964729
0.61953 0.779968
0.630409 0.894329
0.641788 0.619013
0.653639 0.56512
0.665939 0.677845
0.678662 0.956393
0.691785 0.774166
0.705286 0.844674
0.719143 0.580108
0.733337 0.98684
0.747849 1.05507
0.762659 0.502006
0.777751 1.03754
0.79311 1.0626
0.808719 0.784826
0.554521 0.400507
0.554916 0.796002
0.5561 0.409512
0.558069 0.439626
0.560813 0.689363
0.564322 0.571021
0.568581 0.496615
0.573574 0.766304
0.579281 0.505319
0.585682 0.605709
0.592755 0.63349
0.600474 0.769826
0.608817 0.50447
0.617758 0.725537
0.62727 0.72522
0.63733 0.880031
0.64791 0.748368
0.658986 0.878363
0.670534 0.664722
0.682529 0.608178
0.694948 0.74115
0.707769 1.10329
0.720971 0.83555
0.734533 0.811677
0.748435 0.969041
0.762659 0.631407
0.777187 0.851798
0.792003 0.820455
0.80709 0.806524
0.822434 1.06852
0.575101 0.511403
0.575482 0.404103
0.576625 0.614484
0.578523 0.561376
0.581171 0.613559
0.584558 0.828117
0.58867 0.469016
0.593494 0.760465
0.599012 0.655949
0.605204 0.475184
0.612051 0.469164
0.61953 0.545678
0.62762 0.677328
0.636296 0.917287
0.645536 0.660042
0.655315 0.847517
0.665609 0.664319
0.676396 0.748801
0.687651 0.899614
0.699352 0.789033
0.711478 0.992612
0.724007 1.19542
0.736918 0.764221
0.750191 0.694687
0.763808 0.985285
0.777751 1.24223
0.792003 1.09206
0.806546 0.766908
0.821366 0.896688
0.836448 1.27044
0.595707 0.439845
0.596075 0.467708
0.597178 0.629696
0.599012 0.633628
0.601569 0.535371
0.604842 0.432204
0.608817 0.531112
0.613483 0.518927
0.618822 0.505306
0.624818 0.634058
0.631452 0.663954
0.638705 0.657806
0.646554 0.489845
0.65498 0.608918
0.66396 0.885328
0.673471 0.870083
0.683492 0.787557
0.694001 0.839289
0.704975 0.703446
0.716393 0.777897
0.728235 0.816119
0.74048 1.1312
0.753109 0.557612
0.766102 1.14412
0.779441 1.11224
0.79311 1.04217
0.80709 1.01973
0.821366 0.992257
0.835923 1.08901
0.850747 0.873463
0.616336 0.805773
0.616692 0.67875
0.617758 0.65594
0.61953 0.629012
0.622004 0.674401
0.625169 0.694329
0.629016 0.76667
0.633533 0.486234
0.638705 0.664093
0.644516 0.816902
0.650949 0.588355
0.657987 0.87223
0.665609 0.85253
0.673797 0.631926
0.682529 0.581746
0.691785 0.798582
0.701544 0.64071
0.711786 0.720822
0.72249 0.746938
0.733636 1.19062
0.745204 0.662427
0.757175 0.966206
0.76953 0.776248
0.78225 1.08695
0.795319 0.693259
0.808719 0.862922
0.822434 1.13071
0.836448 1.25771
0.850747 1.22564
0.865317 1.2029
0.125664 2.17055
0.127397 17.1477
0.132461 31.1916
0.140496 30.4027
0.151029 1.15967
0.163577 8.24202
0.177715 1.13502
0.193094 0.74138
0.20944 1.63335
0.226543 4.61371
0.244246 2.11268
0.262427 1.18676
0.280993 0.601375
0.299872 1.13296
0.319009 0.491921
0.33836 0.452104
0.35789 0.369449
0.377572 0.402266
0.397384 0.379873
0.417305 0.321169
0.437323 0.423437
0.457423 0.759102
0.477596 0.404046
0.497832 0.35478
0.518125 0.52651
0.538467 0.637705
0.558854 0.450336
0.579281 0.635412
0.599743 0.676667
0.620238 0.865294
0.127397 27.3856
0.129107 55.051
0.134107 13.6917
0.142049 47.9251
0.152474 7.24504
0.164913 1.94657
0.178945 2.25083
0.194226 0.756649
0.210484 0.996014
0.22751 3.45929
0.245143 2.56913
0.263261 2.10186
0.281772 0.539701
0.300602 0.529663
0.319696 0.730694
0.339007 0.228779
0.358503 0.335378
0.378153 0.404635
0.397935 0.478487
0.417831 0.439001
0.437824 0.54167
0.457902 0.481754
0.478055 0.545612
0.498272 0.579262
0.518548 0.562349
0.538874 0.33713
0.559247 0.62104
0.57966 0.610984
0.600109 0.603001
0.620592 0.521614
0.132461 42.6129
0.134107 2.15316
0.138926 32.2337
0.146608 4.99721
0.15673 1.92789
0.168856 4.51311
0.182585 0.857712
0.197585 0.989157
0.213587 4.23909
0.230383 2.91402
0.247812 2.48614
0.265749 2.81439
0.284098 1.57077
0.302783 0.780287
0.321747 0.354799
0.340943 0.665102
0.360333 0.234857
0.379889 0.391337
0.399585 0.693159
0.419402 0.352828
0.439324 0.4429
0.459337 0.543786
0.479429 0.453423
0.499591 0.500917
0.519815 0.887892
0.540094 0.505251
0.560422 0.686252
0.580794 0.583945
0.601204 0.507385
0.621651 0.796751
0.140496 15.1436
0.142049 4.7411
0.146608 6.46149
0.153906 2.6357
0.163577 1.13523
0.17523 1.78876
0.188496 3.66246
0.203059 6.70048
0.218661 3.52044
0.235095 1.54079
0.252199 1.16698
0.269844 0.835526
0.287932 1.93657
0.306384 0.345104
0.325138 0.368486
0.344144 0.393518
0.363364 0.452621
0.382765 0.397779
0.40232 0.27522
0.422009 0.508744
0.441813 0.399219
0.461718 0.569681
0.481711 0.513426
0.501781 0.515084
0.521921 0.563071
0.542121 0.621649
0.562375 0.569207
0.582679 0.820654
0.603026 0.849745
0.623412 0.806563
0.151029 4.46933
0.152474 5.87102
0.15673 3.98697
0.163577 2.37287
0.172708 2.26272
0.183782 2.31723
0.196472 1.48415
0.210484 1.91993
0.225573 1.14322
0.241537 1.86153
0.258214 1.69846
0.275475 0.414906
0.293215 0.658441
0.311354 0.503847
0.329826 0.672907
0.348577 0.331827
0.367565 0.333815
0.386755 0.420431
0.406118 0.374308
0.425631 0.339007
0.445275 0.492195
0.465031 0.524377
0.484888 0.496201
0.504832 0.755109
0.524854 0.624832
0.544945 0.54014
0.565099 0.933943
0.585308 0.564709
0.605566 0.763121
0.62587 0.699456
0.163577 2.87308
0.164913 21.2116
0.168856 2.49157
0.17523 0.999607
0.183782 2.14619
0.194226 5.3232
0.206274 1.13569
0.219662 2.74622
0.23416 1.75245
0.249576 1.3435
0.265749 0.52875
0.282549 0.873655
0.299872 0.383423
0.317631 0.743879
0.335757 0.491515
0.354194 0.344991
0.372896 0.25148
0.391825 0.446632
0.41095 0.433006
0.430244 0.446167
0.449686 0.434524
0.469257 0.361927
0.488941 0.34652
0.508727 0.731166
0.528601 0.653725
0.548556 0.45085
0.568581 0.368962
0.58867 0.682784
0.608817 0.659269
0.629016 0.679152
0.177715 7.01288
0.178945 4.5523
0.182585 0.415764
0.188496 4.59638
0.196472 1.23138
0.206274 3.51252
0.217656 1.38324
0.230383 0.929228
0.244246 0.668118
0.259062 2.17118
0.274677 1.44221
0.290963 0.898774
0.307812 0.677723
0.325138 0.364699
0.342867 0.424514
0.360942 0.343935
0.379311 0.509431
0.397935 0.362408
0.416779 0.374751
0.435815 0.372648
0.455019 0.688791
0.47437 0.509987
0.493851 0.373265
0.513447 0.681314
0.533146 0.674399
0.552936 0.555834
0.572808 0.543193
0.592755 0.684856
0.612767 0.494943
0.63284 0.915501
0.193094 3.08734
0.194226 2.77142
0.197585 0.809727
0.203059 2.66929
0.210484 4.32425
0.219662 0.742378
0.230383 1.97431
0.242444 7.39087
0.255654 0.950947
0.269844 0.36408
0.284869 0.43034
0.300602 0.932074
0.316939 0.585897
0.333792 0.368533
0.351085 0.39144
0.368756 0.627087
0.386755 0.616226
0.405037 0.377756
0.423565 0.415413
0.442309 0.401441
0.461243 0.509981
0.480343 0.371157
0.499591 0.390531
0.518971 0.499277
0.538467 0.569359
0.558069 0.572828
0.577765 0.563753
0.597545 0.410439
0.617403 0.480616
0.63733 0.591769
0.20944 1.11636
0.210484 0.592251
0.213587 2.63028
0.218661 0.93642
0.225573 1.21922
0.23416 1.07404
0.244246 1.05195
0.255654 1.10703
0.268213 1.04318
0.281772 1.64132
0.296192 0.419119
0.311354 0.640167
0.327155 0.235218
0.343506 0.395692
0.360333 0.250339
0.377572 0.459403
0.39517 0.324423
0.413079 0.495355
0.431262 0.390456
0.449686 0.40858
0.468321 0.442481
0.487144 0.524011
0.506133 0.358439
0.525272 0.565821
0.544543 0.648047
0.563933 0.665675
0.583431 0.374413
0.603026 0.49683
0.622708 0.629827
0.642471 0.537691
0.226543 0.83083
0.22751 2.20051
0.230383 4.09229
0.235095 6.22271
0.241537 2.04504
0.249576 1.02987
0.259062 0.716991
0.269844 0.756267
0.281772 0.773321
0.294708 0.908962
0.308524 0.781392
0.323108 0.732545
0.33836 0.595856
0.354194 0.360832
0.370536 0.305133
0.387322 0.393321
0.404495 0.426404
0.422009 0.394126
0.439823 0.403802
0.457902 0.375182
0.476216 0.389886
0.494739 0.437841
0.513447 0.368917
0.532323 0.623656
0.551347 0.727174
0.570506 0.536896
0.589787 0.550685
0.609177 0.549584
0.628667 0.829904
0.648248 0.962422
0.244246 0.606618
0.245143 4.26247
0.247812 0.813332
0.252199 0.688914
0.258214 0.537413
0.265749 0.447587
0.274677 0.357742
0.284869 1.07972
0.296192 1.43266
0.308524 0.379485
0.321747 0.39642
0.335757 0.54143
0.350459 0.652545
0.36577 0.284445
0.381617 0.489885
0.397935 0.306301
0.414669 0.5201
0.431771 0.322029
0.449198 0.493766
0.466914 0.566029
0.484888 0.476287
0.503091 0.402651
0.5215 0.483877
0.540094 0.462714
0.558854 0.831616
0.577765 0.597115
0.596811 0.87875
0.61598 0.907821
0.635261 1.03118
0.654645 0.660898
0.262427 1.83738
0.263261 1.18122
0.265749 0.922486
0.269844 0.665161
0.275475 0.709986
0.282549 0.314371
0.290963 0.792847
0.300602 0.5582
0.311354 0.310359
0.323108 0.497359
0.335757 0.371528
0.349205 0.360708
0.363364 0.380838
0.378153 0.270805
0.393501 0.827883
0.409346 0.449455
0.425631 0.323509
0.442309 0.381555
0.459337 0.512571
0.476676 0.501495
0.494295 0.868156
0.512164 0.935328
0.530258 0.320806
0.548556 0.384655
0.567036 0.713555
0.585682 0.501487
0.604479 0.642726
0.623412 0.508147
0.642471 0.660591
0.661643 0.532759
0.280993 0.3685
0.281772 1.48339
0.284098 0.75733
0.287932 0.36381
0.293215 0.817049
0.299872 0.92932
0.307812 1.04515
0.316939 0.707569
0.327155 0.261771
0.33836 0.30802
0.350459 0.42861
0.363364 0.542335
0.376991 0.426158
0.391265 0.337707
0.406118 0.265067
0.421489 0.367841
0.437323 0.504513
0.453571 0.383098
0.470191 0.369085
0.487144 0.41205
0.504397 0.740782
0.521921 0.652559
0.539688 0.459624
0.557676 0.462364
0.575863 0.587711
0.594233 0.368405
0.612767 0.514406
0.631452 0.432013
0.650275 0.823779
0.669224 0.634245
0.299872 0.382613
0.300602 0.345493
0.302783 0.455996
0.306384 0.475752
0.311354 0.426388
0.317631 0.604927
0.325138 0.308118
0.333792 0.471841
0.343506 0.298302
0.354194 0.382185
0.36577 0.400125
0.378153 0.438224
0.391265 0.438399
0.405037 0.633873
0.419402 0.258475
0.434303 0.398791
0.449686 0.429016
0.465503 0.523657
0.481711 0.401318
0.498272 0.533323
0.515153 0.616204
0.532323 0.567079
0.549754 0.642132
0.567423 0.590598
0.585308 0.79008
0.603389 0.624285
0.621651 0.63936
0.640077 0.87156
0.658653 0.923667
0.677368 0.916204
0.319009 0.698296
0.319696 0.728739
0.321747 1.19197
0.325138 0.361255
0.329826 0.344471
0.335757 0.834261
0.342867 0.440554
0.351085 0.290217
0.360333 0.376678
0.370536 0.314586
0.381617 0.31209
0.393501 0.37693
0.406118 0.433883
0.419402 0.299231
0.433292 0.394498
0.447731 0.34483
0.462667 0.377986
0.478055 0.442259
0.493851 0.294452
0.510019 0.391982
0.526523 0.873878
0.543333 0.465231
0.560422 0.781786
0.577765 0.690904
0.595339 0.480506
0.613125 0.706218
0.631105 0.530739
0.649262 0.772524
0.667583 0.732348
0.686054 0.584947
0.33836 0.315668
0.339007 0.388523
0.340943 0.399636
0.344144 0.373017
0.348577 0.455859
0.354194 0.366242
0.360942 0.37524
0.368756 0.553759
0.377572 0.445815
0.387322 0.448283
0.397935 0.306812
0.409346 0.423821
0.421489 0.402924
0.434303 0.290898
0.447731 0.401882
0.461718 0.455519
0.476216 0.356457
0.491179 0.575925
0.506567 0.570974
0.522341 0.473356
0.538467 0.459276
0.554916 0.426665
0.571659 0.547502
0.58867 0.864782
0.605928 0.74438
0.623412 1.00553
0.641104 0.914137
0.658986 0.678432
0.677044 0.799734
0.695263 0.640111
0.35789 0.68785
0.358503 0.470214
0.360333 0.362161
0.363364 0.37825
0.367565 0.329214
0.372896 0.275188
0.379311 0.36668
0.386755 0.313391
0.39517 0.440878
0.404495 0.532049
0.414669 0.314478
0.425631 0.529406
0.437323 0.330559
0.449686 0.3139
0.462667 0.547254
0.476216 0.723167
0.490285 0.515356
0.504832 0.400847
0.519815 0.518187
0.535199 0.626035
0.550949 0.687557
0.567036 0.767805
0.583431 0.635993
0.600109 0.588028
0.617047 0.599074
0.634225 0.755063
0.651623 0.483849
0.669224 0.85309
0.687013 0.597951
0.704975 0.724943
0.377572 0.330241
0.378153 0.429232
0.379889 0.721708
0.382765 0.262253
0.386755 0.395768
0.391825 0.243315
0.397935 0.490238
0.405037 0.452478
0.413079 0.373872
0.422009 0.215109
0.431771 0.377161
0.442309 0.648129
0.453571 0.505011
0.465503 0.455841
0.478055 0.254925
0.491179 0.359055
0.504832 0.501979
0.518971 0.426916
0.533557 0.744485
0.548556 0.844992
0.563933 0.480711
0.57966 0.671582
0.595707 0.842038
0.612051 0.636236
0.628667 0.772045
0.645536 0.686259
0.662637 0.96152
0.679953 0.522814
0.697468 0.73016
0.715168 0.707342
0.397384 0.872661
0.397935 0.387786
0.399585 0.472732
0.40232 0.560468
0.406118 0.495959
0.41095 0.428364
0.416779 0.310197
0.423565 0.553039
0.431262 0.514059
0.439823 0.506494
0.449198 0.787126
0.459337 0.507943
0.470191 0.433955
0.481711 0.38981
0.493851 0.327072
0.506567 0.580178
0.519815 0.61184
0.533557 0.541812
0.547755 0.676485
0.562375 0.453097
0.577385 0.73825
0.592755 0.513308
0.608457 0.498716
0.624467 0.947889
0.640762 0.801002
0.65732 0.61562
0.674122 0.937526
0.69115 0.929721
0.708389 0.77734
0.725822 0.789074
0.417305 0.291567
0.417831 0.46386
0.419402 0.411609
0.422009 0.36988
0.425631 0.447292
0.430244 0.430061
0.435815 0.433276
0.442309 0.533806
0.449686 0.72781
0.457902 0.577176
0.466914 0.460978
0.476676 0.501853
0.487144 0.273084
0.498272 0.582323
0.510019 0.515787
0.522341 0.47394
0.535199 0.505782
0.548556 0.600893
0.562375 0.557888
0.576625 0.723913
0.591273 0.826296
0.60629 0.773328
0.621651 0.785496
0.63733 0.76372
0.653304 0.764892
0.669552 0.748556
0.686054 0.697918
0.702794 0.871963
0.719753 0.53865
0.736918 0.565087
0.437323 0.429636
0.437824 0.315185
0.439324 0.273079
0.441813 0.39384
0.445275 0.453938
0.449686 0.718934
0.455019 0.557445
0.461243 0.414509
0.468321 0.618052
0.476216 0.264097
0.484888 0.627039
0.494295 0.459237
0.504397 0.378174
0.515153 0.56698
0.526523 0.629426
0.538467 1.04353
0.550949 0.708125
0.563933 0.660813
0.577385 0.511836
0.591273 0.599301
0.605566 0.890428
0.620238 0.61633
0.635261 0.77013
0.650612 0.558467
0.666268 0.718615
0.682207 0.570184
0.698411 0.737122
0.714861 0.658939
0.731541 0.706206
0.748435 1.33816
0.457423 0.486897
0.457902 0.730038
0.459337 0.533938
0.461718 0.455761
0.465031 0.439599
0.469257 0.788293
0.47437 0.558061
0.480343 0.465647
0.487144 0.607529
0.494739 0.509122
0.503091 0.492796
0.512164 0.610633
0.521921 0.605175
0.532323 0.71442
0.543333 0.813313
0.554916 0.474714
0.567036 0.527541
0.57966 0.619839
0.592755 0.673711
0.60629 0.743989
0.620238 0.965124
0.634571 0.65383
0.649262 0.618654
0.66429 0.763452
0.67963 0.931697
0.695263 0.858706
0.71117 0.46781
0.727331 0.508349
0.743731 0.907278
0.760355 0.886965
0.477596 0.467577
0.478055 0.440504
0.479429 0.776143
0.481711 0.460475
0.484888 0.431992
0.488941 0.388248
0.493851 0.680083
0.499591 0.513345
0.506133 0.44788
0.513447 0.621635
0.5215 0.425794
0.530258 0.560488
0.539688 0.707204
0.549754 0.456399
0.560422 0.499637
0.571659 0.683927
0.583431 0.70017
0.595707 0.913585
0.608457 0.809101
0.621651 0.645884
0.635261 0.75201
0.649262 0.589295
0.663629 0.818672
0.678338 0.611633
0.693368 0.63862
0.708698 0.819075
0.72431 0.432781
0.740184 0.667997
0.756306 1.11535
0.772659 0.91385
0.497832 0.366956
0.498272 0.609015
0.499591 0.723899
0.501781 0.496023
0.504832 0.648418
0.508727 0.620714
0.513447 0.743298
0.518971 0.450052
0.525272 0.670103
0.532323 0.414186
0.540094 1.10304
0.548556 0.388515
0.557676 0.573248
0.567423 0.510844
0.577765 0.681817
0.58867 0.54546
0.600109 0.540028
0.612051 0.868704
0.624467 0.61289
0.63733 0.55675
0.650612 0.775098
0.66429 0.703448
0.678338 1.07821
0.692735 0.644908
0.707459 0.70632
0.72249 1.02766
0.73781 0.93972
0.7534 1.01373
0.769245 0.672047
0.785328 0.732393
0.518125 0.648126
0.518548 0.396147
0.519815 0.604112
0.521921 0.677378
0.524854 0.629043
0.528601 0.421326
0.533146 0.518041
0.538467 0.591078
0.544543 0.517174
0.551347 0.674994
0.558854 0.460162
0.567036 0.366736
0.575863 0.427925
0.585308 0.734494
0.595339 0.675147
0.605928 0.588968
0.617047 0.542238
0.628667 0.741213
0.640762 0.599866
0.653304 0.628393
0.666268 0.62057
0.67963 1.02128
0.693368 0.911602
0.707459 0.895272
0.721883 0.689427
0.73662 0.541879
0.751652 0.814701
0.766961 1.10048
0.782531 0.879701
0.798346 0.831394
0.538467 0.421263
0.538874 0.552241
0.540094 0.577408
0.542121 0.685481
0.544945 0.750254
0.548556 0.56017
0.552936 0.819684
0.558069 0.732151
0.563933 0.436016
0.570506 0.606855
0.577765 0.862463
0.585682 0.527839
0.594233 0.748328
0.603389 0.733852
0.613125 0.664388
0.623412 0.574068
0.634225 0.79561
0.645536 0.659593
0.65732 0.687114
0.669552 0.711398
0.682207 0.512425
0.695263 0.769924
0.708698 0.653542
0.72249 0.541998
0.73662 0.859208
0.751068 0.9956
0.765816 0.955423
0.780847 0.80622
0.796146 0.711207
0.811696 1.21627
0.558854 0.744432
0.559247 0.408107
0.560422 0.421139
0.562375 0.573334
0.565099 0.598958
0.568581 0.548258
0.572808 0.7706
0.577765 0.567909
0.583431 0.77978
0.589787 0.555129
0.596811 0.527881
0.604479 0.650637
0.612767 0.607087
0.621651 0.55356
0.631105 0.737181
0.641104 0.644376
0.651623 0.767687
0.662637 0.973075
0.674122 0.646128
0.686054 0.650709
0.698411 0.739996
0.71117 0.733028
0.72431 0.52777
0.73781 0.921605
0.751652 0.976422
0.765816 1.16381
0.780285 1.15374
0.795043 1.35411
0.810073 0.983825
0.825362 1.08246
0.579281 0.550516
0.57966 0.497138
0.580794 0.569656
0.582679 0.581341
0.585308 0.52563
0.58867 0.680853
0.592755 0.594542
0.597545 0.499778
0.603026 0.437611
0.609177 0.547835
0.61598 0.583806
0.623412 0.796439
0.631452 0.75401
0.640077 0.607339
0.649262 0.708791
0.658986 0.794417
0.669224 0.730544
0.679953 0.943697
0.69115 0.740784
0.702794 0.59839
0.714861 0.792182
0.727331 0.875796
0.740184 0.905142
0.7534 0.669533
0.766961 0.640504
0.780847 0.930434
0.795043 1.28797
0.809532 1.24613
0.824298 0.793093
0.839327 0.765217
0.599743 1.01919
0.600109 0.753096
0.601204 0.488544
0.603026 0.62578
0.605566 0.733416
0.608817 0.564945
0.612767 0.804964
0.617403 0.81174
0.622708 0.756135
0.628667 0.594252
0.635261 0.700845
0.642471 0.602072
0.650275 0.783961
0.658653 0.776735
0.667583 0.578658
0.677044 0.886942
0.687013 0.898323
0.697468 0.928202
0.708389 0.801457
0.719753 0.879277
0.731541 0.718677
0.743731 0.864598
0.756306 0.716331
0.769245 1.05835
0.782531 0.814357
0.796146 0.8292
0.810073 0.803265
0.824298 1.01695
0.838805 0.86164
0.853578 0.886413
0.620238 0.629965
0.620592 0.627295
0.621651 0.530244
0.623412 0.842153
0.62587 0.473628
0.629016 0.51518
0.63284 0.981773
0.63733 0.78523
0.642471 0.662526
0.648248 0.63963
0.654645 0.617769
0.661643 0.589475
0.669224 0.995128
0.677368 0.619783
0.686054 0.673337
0.695263 0.925936
0.704975 0.697755
0.715168 0.689457
0.725822 0.753667
0.736918 0.872734
0.748435 0.614016
0.760355 0.789161
0.772659 1.08223
0.785328 0.998228
0.798346 1.12151
0.811696 0.871898
0.825362 1.06621
0.839327 1.09554
0.853578 1.25041
0.868101 0.864125
0.146608 9.59203
0.148096 1.96296
0.152474 12.8013
0.159504 2.20414
0.168856 10.1291
0.180167 1.41318
0.193094 1.84461
0.207335 3.49974
0.222637 3.22498
0.238798 2.23442
0.255654 1.73412
0.273076 1.05877
0.290963 0.585288
0.309234 0.326317
0.327825 0.247331
0.346684 0.58116
0.36577 0.175695
0.38505 0.454285
0.404495 0.418625
0.424083 0.467727
0.443794 0.296757
0.463614 0.667187
0.483529 0.421249
0.503527 0.542583
0.523599 0.576092
0.543737 0.534936
0.563933 0.481713
0.584182 0.801823
0.604479 0.929101
0.624818 0.953038
0.148096 3.69319
0.14957 10.7573
0.153906 6.47515
0.160874 1.66808
0.170149 1.26294
0.18138 0.577466
0.194226 1.20946
0.20839 3.10199
0.22362 1.77433
0.239714 3.27498
0.25651 2.84751
0.273878 0.567489
0.291715 0.428449
0.309942 0.487272
0.328493 0.716267
0.347316 0.36021
0.36637 0.330906
0.385619 0.646659
0.405037 0.363957
0.4246 0.520452
0.444288 0.525842
0.464087 0.507956
0.483982 0.381009
0.503962 0.293223
0.524017 0.382779
0.54414 0.494434
0.564322 0.781633
0.584558 0.511505
0.604842 0.644677
0.625169 0.584909
0.152474 1.50841
0.153906 21.5798
0.158123 5.25349
0.164913 3.16373
0.173974 1.18479
0.184972 3.91894
0.197585 0.837167
0.211524 3.38514
0.226543 2.60945
0.242444 2.07038
0.259062 2.34588
0.27627 1.49151
0.293962 0.276014
0.312058 0.715557
0.33049 0.415135
0.349205 0.546059
0.368161 0.351586
0.387322 0.278937
0.406658 0.280665
0.426146 0.428516
0.445767 0.328107
0.465503 0.3324
0.48534 0.560306
0.505266 0.579184
0.525272 0.690531
0.545348 0.445807
0.565487 0.514534
0.585682 0.390632
0.605928 0.734349
0.626221 0.563726
0.159504 2.79362
0.160874 0.576464
0.164913 5.47693
0.171434 2.40579
0.180167 1.66833
0.190808 7.36892
0.203059 1.11991
0.216646 7.34324
0.231334 1.57683
0.246926 3.76086
0.263261 1.33153
0.280211 1.30572
0.297669 0.4505
0.315552 0.337264
0.333792 0.455175
0.352332 0.297864
0.371128 0.332609
0.390143 0.342366
0.409346 0.220649
0.428712 0.299642
0.44822 0.352148
0.467852 0.522477
0.487594 0.570941
0.507432 0.547712
0.527355 0.515792
0.547355 0.536991
0.567423 0.39872
0.587552 0.450861
0.607736 0.536832
0.627969 0.632303
0.168856 8.08819
0.170149 2.05829
0.173974 3.2272
0.180167 1.84635
0.188496 4.19554
0.198692 1.27815
0.210484 5.29842
0.22362 4.07914
0.237878 1.81791
0.253067 0.945786
0.26903 2.14773
0.285637 2.58351
0.302783 0.584444
0.320381 0.309556
0.33836 0.363
0.356663 0.293257
0.375242 0.348131
0.394058 0.343753
0.413079 0.345964
0.432278 0.35967
0.451632 0.435506
0.471123 0.641293
0.490732 0.445833
0.510448 0.619427
0.530258 0.387301
0.550153 0.549278
0.570122 0.59975
0.590159 0.544413
0.610257 0.554886
0.630409 0.357101
0.180167 1.91695
0.18138 2.75562
0.184972 0.836521
0.190808 7.79536
0.198692 1.6382
0.20839 1.20839
0.219662 2.54886
0.23228 1.54101
0.246036 1.76463
0.26075 0.972106
0.27627 1.51048
0.292466 0.314588
0.309234 0.530383
0.326484 0.240552
0.344144 0.669068
0.362155 0.313131
0.380466 0.434506
0.399036 0.46354
0.417831 0.426235
0.436821 0.532874
0.455982 0.517378
0.475294 0.629987
0.494739 0.567061
0.514301 0.446017
0.533968 0.720781
0.553729 0.625149
0.573574 0.484616
0.593494 1.09302
0.613483 0.727665
0.633533 0.482421
0.193094 5.05117
0.194226 0.529274
0.197585 3.22486
0.203059 6.06821
0.210484 5.05886
0.219662 0.937434
0.230383 2.48295
0.242444 3.9598
0.255654 0.474619
0.269844 2.97027
0.284869 0.955372
0.300602 0.429573
0.316939 0.518717
0.333792 0.402883
0.351085 0.234952
0.368756 0.32221
0.386755 0.412047
0.405037 0.38659
0.423565 0.634362
0.442309 0.350297
0.461243 0.438592
0.480343 0.556386
0.499591 0.391679
0.518971 0.414583
0.538467 0.471166
0.558069 0.438708
0.577765 0.55203
0.597545 0.845751
0.617403 0.679775
0.63733 0.676532
0.207335 4.49199
0.20839 1.76647
0.211524 2.84254
0.216646 1.74794
0.22362 3.20376
0.23228 1.20743
0.242444 0.735194
0.253932 1.73463
0.266573 1.21288
0.280211 0.400773
0.294708 0.393085
0.309942 0.373226
0.325811 0.324369
0.342227 0.368359
0.359114 0.237999
0.376409 0.374503
0.394058 0.366894
0.412016 0.495781
0.430244 0.262436
0.448709 0.368525
0.467383 0.499612
0.486243 0.478049
0.505266 0.604923
0.524436 0.503568
0.543737 0.63299
0.563155 0.430476
0.582679 0.754234
0.602298 0.632413
0.622004 0.694291
0.641788 0.522596
0.222637 1.67533
0.22362 2.28225
0.226543 1.09803
0.231334 1.0369
0.237878 1.18424
0.246036 2.10103
0.255654 1.39687
0.266573 0.688818
0.278641 1.55629
0.291715 0.710505
0.305667 0.860681
0.320381 0.430972
0.335757 0.349379
0.351709 0.60194
0.368161 0.458626
0.38505 0.304014
0.40232 0.315934
0.419925 0.388642
0.437824 0.601516
0.455982 0.472433
0.47437 0.590425
0.492962 0.467911
0.511736 0.446026
0.530672 0.697118
0.549754 0.478742
0.568967 0.526016
0.588298 0.51553
0.607736 0.44402
0.62727 0.506391
0.646894 0.932785
0.238798 1.93552
0.239714 0.80302
0.242444 0.863838
0.246926 1.94575
0.253067 0.902363
0.26075 1.97288
0.269844 0.857808
0.280211 0.820868
0.291715 0.288398
0.304228 0.38928
0.317631 0.636743
0.331815 0.378029
0.346684 0.332521
0.362155 0.572478
0.378153 0.416286
0.394614 0.274126
0.411483 0.316798
0.428712 0.259779
0.446259 0.609746
0.464087 0.488689
0.482166 0.311672
0.500468 0.462794
0.518971 0.527043
0.537652 0.571581
0.556495 0.415259
0.575482 0.615433
0.594602 0.440692
0.61384 0.481061
0.633187 0.576195
0.652632 0.801026
0.255654 1.55614
0.25651 0.898446
0.259062 2.58678
0.263261 0.678345
0.26903 1.30646
0.27627 0.898563
0.284869 0.81788
0.294708 0.593025
0.305667 0.366304
0.317631 0.771129
0.33049 0.903279
0.344144 0.224912
0.358503 0.495673
0.373484 0.274358
0.389017 0.517612
0.405037 0.350142
0.421489 0.293734
0.438324 0.428385
0.455501 0.49542
0.472981 0.601192
0.490732 0.277318
0.508727 0.380707
0.526939 0.663759
0.545348 0.635986
0.563933 0.518629
0.582679 0.593133
0.601569 0.463016
0.620592 0.638974
0.639734 0.538329
0.658986 0.71267
0.273076 1.81098
0.273878 0.63415
0.27627 0.38298
0.280211 1.62032
0.285637 0.617661
0.292466 0.575225
0.300602 0.576748
0.309942 0.752736
0.320381 0.565653
0.331815 0.346887
0.344144 0.309233
0.357277 0.280035
0.371128 0.581614
0.385619 0.320173
0.400681 0.587492
0.416253 0.386324
0.432278 0.294349
0.448709 0.397875
0.465503 0.651291
0.482621 0.486462
0.50003 0.815954
0.517701 0.765007
0.535609 0.570516
0.553729 0.561666
0.572042 0.648152
0.59053 0.494752
0.609177 0.820857
0.627969 0.584797
0.646894 0.434494
0.665939 0.729552
0.290963 1.22702
0.291715 0.442576
0.293962 0.723946
0.297669 1.12427
0.302783 0.485642
0.309234 0.659876
0.316939 0.443878
0.325811 0.487725
0.335757 0.358287
0.346684 0.302545
0.358503 0.414393
0.371128 0.31346
0.38448 0.369045
0.398486 0.424951
0.413079 0.308354
0.4282 0.487444
0.443794 0.614773
0.459814 0.436541
0.476216 0.614103
0.492962 0.502826
0.510019 0.451642
0.527355 0.49665
0.544945 0.940424
0.562765 0.480321
0.580794 0.587979
0.599012 0.81754
0.617403 0.741485
0.635952 0.641203
0.654645 0.696378
0.673471 0.698436
0.309234 0.411966
0.309942 0.531231
0.312058 0.472141
0.315552 0.745992
0.320381 0.675032
0.326484 0.519947
0.333792 0.500298
0.342227 0.585544
0.351709 0.353793
0.362155 0.627074
0.373484 0.373505
0.385619 0.348933
0.398486 0.351976
0.412016 0.438886
0.426146 0.352082
0.440819 0.39219
0.455982 0.589807
0.471588 0.375475
0.487594 0.772324
0.503962 0.724395
0.520658 0.557552
0.537652 0.356641
0.554916 0.549403
0.572425 0.428373
0.590159 0.696445
0.608096 0.709588
0.626221 0.765134
0.644516 0.796229
0.662968 0.644473
0.681564 0.821974
0.327825 0.36885
0.328493 0.734665
0.33049 0.337049
0.333792 0.375797
0.33836 0.498873
0.344144 0.362331
0.351085 0.418943
0.359114 0.557301
0.368161 0.401271
0.378153 0.36006
0.389017 0.4372
0.400681 0.437629
0.413079 0.296533
0.426146 0.488421
0.439823 0.616616
0.454054 0.500227
0.468789 0.520192
0.483982 0.430572
0.499591 0.512104
0.515579 0.609131
0.53191 0.495264
0.548556 0.556053
0.565487 0.675709
0.582679 0.487279
0.600109 0.717873
0.617758 0.711544
0.635607 0.454945
0.653639 0.886569
0.671841 0.702043
0.690198 0.678147
0.346684 0.384011
0.347316 0.50434
0.349205 0.430295
0.352332 0.504773
0.356663 0.343893
0.362155 0.270472
0.368756 0.22734
0.376409 0.314023
0.38505 0.49397
0.394614 0.323077
0.405037 0.284288
0.416253 0.280825
0.4282 0.420536
0.440819 0.38677
0.454054 0.386901
0.467852 0.444211
0.482166 0.544876
0.49695 0.403434
0.512164 0.439765
0.527771 0.582488
0.543737 0.403008
0.56003 0.547035
0.576625 0.505337
0.593494 0.941901
0.610616 0.716297
0.627969 0.680358
0.645536 0.756652
0.663299 0.800788
0.681242 0.988425
0.699352 1.06808
0.36577 0.435622
0.36637 0.559768
0.368161 0.248166
0.371128 0.334864
0.375242 0.274612
0.380466 0.425908
0.386755 0.305818
0.394058 0.303634
0.40232 0.408494
0.411483 0.332797
0.421489 0.565237
0.432278 0.459201
0.443794 0.429212
0.455982 0.408682
0.468789 0.442551
0.482166 0.675634
0.496067 0.421928
0.510448 0.629353
0.525272 0.737027
0.5405 0.651554
0.5561 0.713148
0.572042 1.09088
0.588298 0.566262
0.604842 0.710848
0.621651 0.904268
0.638705 0.628328
0.655984 0.67478
0.673471 0.80713
0.69115 0.77886
0.709008 0.722531
0.38505 0.444067
0.385619 0.402707
0.387322 0.383981
0.390143 0.371767
0.394058 0.267513
0.399036 0.45595
0.405037 0.408812
0.412016 0.400397
0.419925 0.538353
0.428712 0.307451
0.438324 0.4853
0.448709 0.329045
0.459814 0.564926
0.471588 0.4622
0.483982 0.468809
0.49695 0.832249
0.510448 0.442214
0.524436 0.704767
0.538874 0.789783
0.553729 0.706764
0.568967 0.995134
0.584558 0.650694
0.600474 1.00125
0.616692 0.523071
0.633187 0.82922
0.649938 0.677678
0.666926 0.722102
0.684133 0.873319
0.701544 0.53031
0.719143 0.678363
0.404495 0.402885
0.405037 0.296362
0.406658 0.390313
0.409346 0.388301
0.413079 0.369387
0.417831 0.389818
0.423565 0.335448
0.430244 0.315852
0.437824 0.49741
0.446259 0.409171
0.455501 0.28275
0.465503 0.343432
0.476216 0.749799
0.487594 0.533902
0.499591 0.46097
0.512164 0.529804
0.525272 0.711255
0.538874 0.554478
0.552936 0.580194
0.567423 0.610018
0.582302 0.595595
0.597545 0.479765
0.613125 0.697445
0.629016 0.724147
0.645196 0.820089
0.661643 0.639694
0.678338 0.884653
0.695263 0.851469
0.712402 0.964358
0.72974 0.885735
0.424083 0.312659
0.4246 0.743758
0.426146 0.391198
0.428712 0.565361
0.432278 0.442321
0.436821 0.330664
0.442309 0.674193
0.448709 0.536874
0.455982 0.41409
0.464087 0.438295
0.472981 0.410725
0.482621 0.653502
0.492962 0.510478
0.503962 0.506681
0.515579 0.855103
0.527771 0.583637
0.5405 0.387663
0.553729 0.801084
0.567423 0.613441
0.581548 0.580269
0.596075 0.68575
0.610975 0.894631
0.626221 0.58287
0.641788 0.572208
0.657653 0.364426
0.673797 0.661626
0.690198 0.780956
0.706839 1.12373
0.723704 0.931885
0.740777 1.33431
0.443794 0.378801
0.444288 0.408553
0.445767 0.451938
0.44822 0.439815
0.451632 0.455468
0.455982 0.389416
0.461243 0.25416
0.467383 0.419097
0.47437 0.640067
0.482166 0.517501
0.490732 0.754523
0.50003 0.432052
0.510019 0.393426
0.520658 0.757675
0.53191 0.493933
0.543737 0.797603
0.5561 0.426975
0.568967 0.73067
0.582302 0.56089
0.596075 0.586002
0.610257 0.672653
0.624818 0.556211
0.639734 0.592502
0.65498 0.775634
0.670534 0.718691
0.686374 0.973774
0.702481 0.997187
0.718838 0.950283
0.735428 0.744226
0.752235 0.638083
0.463614 0.244928
0.464087 0.467225
0.465503 0.536274
0.467852 0.48845
0.471123 0.447726
0.475294 0.53056
0.480343 0.461215
0.486243 0.539288
0.492962 0.553324
0.500468 0.524675
0.508727 0.434706
0.517701 0.511194
0.527355 0.768664
0.537652 0.813088
0.548556 0.531339
0.56003 0.43456
0.572042 0.46291
0.584558 0.612623
0.597545 0.515764
0.610975 0.632575
0.624818 0.862764
0.639048 0.523965
0.653639 0.647937
0.668568 0.604431
0.683813 0.500088
0.699352 0.754685
0.715168 1.3818
0.731241 0.689351
0.747555 0.756733
0.764095 0.87451
0.483529 0.366019
0.483982 0.608098
0.48534 0.354532
0.487594 0.59105
0.490732 0.494414
0.494739 0.468875
0.499591 0.31708
0.505266 0.429203
0.511736 0.632399
0.518971 0.587361
0.526939 0.654158
0.535609 0.665941
0.544945 0.564463
0.554916 0.556378
0.565487 0.635206
0.576625 0.546943
0.588298 0.62107
0.600474 0.59045
0.613125 0.918284
0.626221 0.708213
0.639734 0.771625
0.653639 0.752045
0.667912 0.880553
0.682529 0.600194
0.697468 0.820531
0.71271 0.92569
0.728235 1.00605
0.744026 0.847965
0.760066 0.742522
0.77634 0.825955
0.503527 0.457253
0.503962 0.421199
0.505266 0.651601
0.507432 0.517017
0.510448 0.325661
0.514301 0.568462
0.518971 0.713682
0.524436 0.52627
0.530672 0.352873
0.537652 0.549573
0.545348 0.609747
0.553729 0.412621
0.562765 0.746077
0.572425 0.551301
0.582679 0.597426
0.593494 0.675801
0.604842 0.70696
0.616692 0.580371
0.629016 0.703696
0.641788 0.838893
0.65498 0.93814
0.668568 0.611781
0.682529 0.79823
0.696839 0.535089
0.711478 0.765048
0.726426 0.696847
0.741664 0.737754
0.757175 0.963637
0.772942 0.878918
0.788951 0.770964
0.523599 0.517326
0.524017 0.520863
0.525272 0.603925
0.527355 0.646263
0.530258 0.667781
0.533968 0.598843
0.538467 0.439588
0.543737 0.435904
0.549754 0.888861
0.556495 0.389779
0.563933 0.525853
0.572042 0.495767
0.580794 0.623787
0.590159 0.505315
0.600109 0.763483
0.610616 0.733081
0.621651 0.874791
0.633187 0.651225
0.645196 0.763883
0.657653 0.888365
0.670534 0.604444
0.683813 0.661416
0.697468 0.830616
0.711478 1.039
0.725822 0.834468
0.74048 0.705082
0.755435 1.17949
0.770669 0.848634
0.786166 0.781354
0.80191 0.980244
0.543737 0.576911
0.54414 0.495453
0.545348 0.591189
0.547355 0.499153
0.550153 0.651714
0.553729 0.647567
0.558069 0.530198
0.563155 0.578378
0.568967 0.755178
0.575482 0.782482
0.582679 0.50825
0.59053 0.738024
0.599012 0.979037
0.608096 0.626834
0.617758 0.695436
0.627969 0.75146
0.638705 0.737856
0.649938 0.992714
0.661643 0.577737
0.673797 0.614556
0.686374 0.968762
0.699352 0.744386
0.71271 0.886619
0.726426 0.838447
0.74048 0.705786
0.754854 1.11528
0.76953 0.886382
0.78449 1.09776
0.799719 0.955324
0.815201 0.773045
0.563933 0.643292
0.564322 0.446599
0.565487 0.827504
0.567423 0.457318
0.570122 0.730152
0.573574 0.59453
0.577765 0.77202
0.582679 0.691273
0.588298 0.60658
0.594602 0.749348
0.601569 0.734289
0.609177 0.437698
0.617403 0.702447
0.626221 0.873866
0.635607 0.495276
0.645536 0.826766
0.655984 0.803212
0.666926 0.889753
0.678338 0.712098
0.690198 0.616245
0.702481 0.992673
0.715168 0.747768
0.728235 0.850513
0.741664 0.769604
0.755435 1.10541
0.76953 0.92137
0.783931 0.607114
0.798621 0.961734
0.813586 0.676955
0.828809 0.880461
0.584182 0.586558
0.584558 0.571627
0.585682 0.452657
0.587552 0.539954
0.590159 0.565158
0.593494 0.485227
0.597545 0.629545
0.602298 0.562028
0.607736 0.572662
0.61384 0.838393
0.620592 0.582005
0.627969 0.531099
0.635952 0.574682
0.644516 0.609271
0.653639 0.757872
0.663299 0.796951
0.673471 0.715769
0.684133 0.806612
0.695263 0.960546
0.706839 1.22163
0.718838 0.87293
0.731241 0.498285
0.744026 1.06465
0.757175 0.689675
0.770669 0.910137
0.78449 0.841086
0.798621 1.18104
0.813046 0.969851
0.82775 0.897637
0.842718 0.842954
0.604479 0.648745
0.604842 0.690522
0.605928 0.831061
0.607736 0.509424
0.610257 0.410892
0.613483 0.480409
0.617403 0.647922
0.622004 0.600309
0.62727 0.844831
0.633187 0.967524
0.639734 0.647686
0.646894 0.64969
0.654645 0.722925
0.662968 0.936549
0.671841 0.596544
0.681242 0.944738
0.69115 1.00555
0.701544 0.822861
0.712402 0.76792
0.723704 0.888239
0.735428 0.768992
0.747555 0.826481
0.760066 0.833113
0.772942 1.10927
0.786166 1.01434
0.799719 0.827115
0.813586 1.11825
0.82775 1.07442
0.842197 1.01155
0.856912 1.22359
0.624818 0.744266
0.625169 0.721984
0.626221 1.06996
0.627969 0.642441
0.630409 0.461918
0.633533 0.948918
0.63733 0.597805
0.641788 0.736079
0.646894 0.853634
0.652632 0.588601
0.658986 0.919072
0.665939 0.773037
0.673471 0.714021
0.681564 0.603279
0.690198 0.769991
0.699352 0.609328
0.709008 0.825955
0.719143 0.76241
0.72974 0.853679
0.740777 0.791249
0.752235 0.693165
0.764095 0.868774
0.77634 0.760775
0.788951 1.13275
0.80191 0.948002
0.815201 1.01889
0.828809 0.899625
0.842718 1.59991
0.856912 1.12636
0.871379 1.50408
0.167552 3.63912
0.168856 3.5975
0.172708 6.17921
0.178945 0.968023
0.187328 7.62216
0.197585 1.52646
0.20944 0.650648
0.222637 2.04708
0.236954 0.839948
0.252199 3.32746
0.268213 0.498249
0.284869 0.840836
0.302058 0.311351
0.319696 1.52764
0.337711 0.344767
0.356047 0.697
0.374657 0.810096
0.393501 0.618836
0.412548 0.34936
0.431771 0.426972
0.451147 0.508259
0.470657 0.306494
0.490285 0.564275
0.510019 0.548514
0.529845 0.518148
0.549754 0.476755
0.569737 0.757775
0.589787 0.51559
0.609897 0.451638
0.630061 0.571119
0.168856 3.28778
0.170149 3.72571
0.173974 2.85361
0.180167 1.01863
0.188496 0.437283
0.198692 1.16429
0.210484 2.05615
0.22362 1.56502
0.237878 2.81382
0.253067 2.25375
0.26903 0.801599
0.285637 0.296168
0.302783 0.516107
0.320381 0.491284
0.33836 0.380918
0.356663 0.323612
0.375242 0.35318
0.394058 0.287641
0.413079 0.374476
0.432278 0.509144
0.451632 0.449472
0.471123 0.409472
0.490732 0.408364
0.510448 0.497713
0.530258 0.350512
0.550153 0.440197
0.570122 0.501488
0.590159 0.822322
0.610257 0.705963
0.630409 0.776337
0.172708 1.68464
0.173974 2.49746
0.177715 3.97166
0.183782 2.59484
0.191954 2.34906
0.201976 1.31852
0.213587 2.85799
0.226543 1.99283
0.240628 1.0134
0.255654 2.31631
0.271465 0.507177
0.287932 0.439831
0.304949 0.827688
0.322428 0.340828
0.340299 0.471787
0.358503 0.348329
0.376991 0.299438
0.395724 0.587737
0.414669 0.443771
0.433798 0.385811
0.453087 0.381779
0.472517 0.427017
0.492071 0.304657
0.511736 0.580874
0.531498 0.619305
0.551347 0.380582
0.571275 0.454442
0.591273 0.567578
0.611334 0.540563
0.631452 0.867525
0.178945 1.28744
0.180167 3.21743
0.183782 1.12961
0.189656 1.19566
0.197585 2.17159
0.207335 5.14082
0.218661 3.51669
0.231334 0.44251
0.245143 1.59282
0.259908 0.719506
0.275475 0.797816
0.291715 0.690101
0.308524 0.780195
0.325811 0.50698
0.343506 0.276935
0.361549 0.218443
0.379889 0.397505
0.398486 0.252856
0.417305 0.320778
0.436318 0.349242
0.455501 0.4423
0.474832 0.502638
0.494295 0.55238
0.513874 0.3866
0.533557 0.743363
0.553333 0.444977
0.573191 0.747939
0.593124 0.592912
0.613125 0.51561
0.633187 0.566727
0.187328 0.72412
0.188496 1.84374
0.191954 1.36864
0.197585 1.00749
0.205208 1.66427
0.214612 4.90186
0.225573 0.468743
0.237878 1.70815
0.251327 1.37676
0.265749 0.892021
0.280993 0.897961
0.296932 0.642623
0.31346 0.823757
0.33049 0.342421
0.347947 0.432916
0.36577 0.412044
0.383909 0.496148
0.40232 0.512229
0.420968 0.438194
0.439823 0.313056
0.458859 0.630677
0.478055 0.491203
0.497391 0.527065
0.516853 0.472316
0.536427 0.604422
0.5561 0.647987
0.575863 0.594753
0.595707 0.633143
0.615624 0.934528
0.635607 0.63298
0.197585 1.95685
0.198692 0.821177
0.201976 0.60504
0.207335 0.941615
0.214612 1.78183
0.22362 5.256
0.23416 4.844
0.246036 2.36511
0.259062 1.47519
0.273076 1.66255
0.287932 0.531326
0.303507 0.574771
0.319696 0.349825
0.33641 0.515336
0.353575 0.591187
0.371128 0.370143
0.389017 0.518406
0.407197 0.30486
0.425631 0.666676
0.444288 0.45117
0.463141 0.384761
0.482166 0.458159
0.501344 0.470144
0.520658 0.529875
0.540094 0.744985
0.559639 0.557478
0.579281 0.499625
0.599012 0.61388
0.618822 0.672455
0.638705 0.746492
0.20944 1.52178
0.210484 0.799225
0.213587 3.40026
0.218661 5.69781
0.225573 1.28862
0.23416 2.30233
0.244246 2.17814
0.255654 0.632111
0.268213 1.40517
0.281772 0.985778
0.296192 0.312287
0.311354 0.499789
0.327155 0.338248
0.343506 0.664898
0.360333 0.229664
0.377572 0.809382
0.39517 0.32366
0.413079 0.562712
0.431262 0.474286
0.449686 0.287274
0.468321 0.47199
0.487144 0.618563
0.506133 0.488803
0.525272 0.525813
0.544543 0.670932
0.563933 0.487092
0.583431 0.802875
0.603026 0.671887
0.622708 0.831262
0.642471 0.831868
0.222637 1.94081
0.22362 2.97805
0.226543 0.632757
0.231334 1.69576
0.237878 4.02015
0.246036 0.552133
0.255654 0.810548
0.266573 2.10822
0.278641 1.04835
0.291715 0.305737
0.305667 0.362732
0.320381 0.359472
0.335757 0.437296
0.351709 0.598088
0.368161 0.273826
0.38505 0.373377
0.40232 0.349029
0.419925 0.289379
0.437824 0.531723
0.455982 0.567373
0.47437 0.441005
0.492962 0.397208
0.511736 0.462286
0.530672 0.687087
0.549754 0.562408
0.568967 0.90489
0.588298 0.471687
0.607736 0.778406
0.62727 0.647305
0.646894 0.614815
0.236954 1.12571
0.237878 4.73887
0.240628 1.07515
0.245143 0.779161
0.251327 2.35799
0.259062 3.77806
0.268213 0.591724
0.278641 0.8491
0.290208 0.831854
0.302783 0.486624
0.316247 0.484919
0.33049 0.243571
0.345416 0.42891
0.360942 0.288461
0.376991 0.301338
0.393501 0.504795
0.410416 0.409763
0.427688 0.42278
0.445275 0.342771
0.463141 0.48339
0.481255 0.550629
0.499591 0.605713
0.518125 0.45288
0.536836 0.532933
0.555706 0.447743
0.57472 0.591904
0.593864 0.626072
0.613125 0.479779
0.632493 0.638869
0.651959 0.558357
0.252199 1.33238
0.253067 1.05113
0.255654 0.789885
0.259908 0.515064
0.265749 2.61482
0.273076 1.08
0.281772 0.428881
0.291715 0.39222
0.302783 0.364618
0.314857 0.47833
0.327825 0.836679
0.341586 0.46987
0.356047 0.444975
0.371128 0.545115
0.386755 0.316301
0.402865 0.390675
0.419402 0.312726
0.436318 0.321345
0.453571 0.347289
0.471123 0.418199
0.488941 0.282491
0.506999 0.533544
0.525272 0.596568
0.543737 0.519105
0.562375 0.34228
0.581171 0.794091
0.600109 0.614568
0.619176 0.65398
0.638361 0.820847
0.657653 0.637762
0.268213 0.597226
0.26903 2.11637
0.271465 0.737906
0.275475 0.56146
0.280993 0.550518
0.287932 0.787345
0.296192 0.309465
0.305667 0.853149
0.316247 0.426143
0.327825 0.328444
0.340299 1.02914
0.353575 0.394508
0.367565 0.248974
0.382191 0.351649
0.397384 0.484406
0.413079 0.296749
0.429223 0.414156
0.445767 0.630062
0.462667 0.402058
0.479886 0.49573
0.497391 0.435653
0.515153 0.673035
0.533146 0.621489
0.551347 0.507641
0.569737 0.533642
0.588298 0.686035
0.607013 0.491888
0.62587 0.654803
0.644856 0.883651
0.66396 0.624922
0.284869 0.506674
0.285637 0.319801
0.287932 0.598052
0.291715 0.946274
0.296932 0.468666
0.303507 0.536718
0.311354 0.494199
0.320381 0.313114
0.33049 0.337169
0.341586 0.635145
0.353575 0.378689
0.36637 0.291394
0.379889 0.420075
0.394058 0.31618
0.40881 0.264018
0.424083 0.469575
0.439823 0.536645
0.455982 0.563694
0.472517 0.375108
0.48939 0.623488
0.506567 0.810559
0.524017 0.554391
0.541716 0.640082
0.559639 0.557093
0.577765 0.413613
0.596075 0.798824
0.614554 0.809027
0.633187 0.727875
0.651959 0.826818
0.670861 0.598926
0.302058 0.743211
0.302783 0.695851
0.304949 0.592375
0.308524 0.408385
0.31346 0.44005
0.319696 0.263463
0.327155 0.514429
0.335757 0.397546
0.345416 0.520707
0.356047 0.309215
0.367565 0.259836
0.379889 0.444107
0.392943 0.343821
0.406658 0.358601
0.420968 0.48513
0.435815 0.479428
0.451147 0.471409
0.466914 0.329806
0.483075 0.653721
0.499591 0.327896
0.516429 0.677458
0.533557 0.773396
0.550949 0.584557
0.568581 0.434698
0.586431 0.512984
0.604479 0.44027
0.622708 0.670132
0.641104 0.476023
0.659651 0.599133
0.678338 0.614353
0.319696 0.529914
0.320381 0.612194
0.322428 0.414589
0.325811 0.616965
0.33049 0.396423
0.33641 0.267412
0.343506 0.449623
0.351709 0.437317
0.360942 0.282208
0.371128 0.505329
0.382191 0.4069
0.394058 0.478428
0.406658 0.457939
0.419925 0.429145
0.433798 0.531861
0.44822 0.565768
0.463141 0.414344
0.478513 0.651935
0.494295 0.464777
0.510448 0.500403
0.526939 0.526862
0.543737 0.673859
0.560813 0.587741
0.578144 0.432051
0.595707 0.632621
0.613483 0.73048
0.631452 0.748659
0.6496 0.827949
0.667912 0.744399
0.686374 0.634879
0.337711 0.533526
0.33836 0.509638
0.340299 0.784156
0.343506 0.464685
0.347947 0.406552
0.353575 0.485754
0.360333 0.36201
0.368161 0.428005
0.376991 0.406768
0.386755 0.286686
0.397384 0.507309
0.40881 0.519289
0.420968 0.552751
0.433798 0.609027
0.44724 0.366107
0.461243 0.584598
0.475755 0.987234
0.490732 0.56929
0.506133 0.518607
0.521921 0.444138
0.53806 0.622016
0.554521 0.600759
0.571275 0.507985
0.588298 0.604214
0.605566 0.708777
0.623061 0.518109
0.640762 0.724558
0.658653 0.492351
0.67672 0.827285
0.694948 0.713647
0.356047 0.391089
0.356663 0.567488
0.358503 0.396134
0.361549 0.507954
0.36577 0.39664
0.371128 0.585865
0.377572 0.523466
0.38505 0.357738
0.393501 0.339375
0.402865 0.337005
0.413079 0.250964
0.424083 0.49784
0.435815 0.524908
0.44822 0.469898
0.461243 0.383512
0.474832 0.634642
0.488941 0.36997
0.503527 0.365433
0.518548 0.520129
0.533968 0.463225
0.549754 0.421454
0.565874 0.587175
0.582302 0.713388
0.599012 0.542008
0.61598 0.56247
0.633187 0.566234
0.650612 0.749735
0.66824 0.353427
0.686054 0.663683
0.704041 0.671924
0.374657 0.299785
0.375242 0.399817
0.376991 0.472201
0.379889 0.518426
0.383909 0.467056
0.389017 0.434638
0.39517 0.41186
0.40232 0.277843
0.410416 0.434245
0.419402 0.212102
0.429223 0.252583
0.439823 0.399342
0.451147 0.629518
0.463141 0.598428
0.475755 0.433
0.488941 0.388135
0.502655 0.471066
0.516853 0.566834
0.531498 0.765937
0.546553 0.572733
0.561985 0.594268
0.577765 0.552306
0.593864 0.705964
0.610257 0.568421
0.626921 0.484961
0.643835 0.516538
0.66098 0.659763
0.678338 0.676335
0.695894 0.646657
0.713633 0.86298
0.393501 0.593838
0.394058 0.502228
0.395724 0.397265
0.398486 0.51209
0.40232 0.272621
0.407197 0.318122
0.413079 0.428134
0.419925 0.596978
0.427688 0.381341
0.436318 0.42498
0.445767 0.506265
0.455982 0.522509
0.466914 0.377304
0.478513 0.441097
0.490732 0.558602
0.503527 0.388742
0.516853 0.661846
0.530672 0.475853
0.544945 0.582582
0.559639 0.568254
0.57472 0.399941
0.590159 0.799493
0.605928 0.643607
0.622004 0.481925
0.638361 0.657532
0.65498 0.543299
0.671841 0.776747
0.688925 0.751934
0.706218 0.897107
0.723704 0.750152
0.412548 0.323214
0.413079 0.338686
0.414669 0.467499
0.417305 0.501623
0.420968 0.430554
0.425631 0.493063
0.431262 0.657029
0.437824 0.396772
0.445275 0.486446
0.453571 0.543245
0.462667 0.391107
0.472517 0.602758
0.483075 0.494352
0.494295 0.59251
0.506133 0.40813
0.518548 0.38701
0.531498 0.543607
0.544945 0.434324
0.558854 0.652179
0.573191 0.833041
0.587925 0.561076
0.603026 0.457204
0.618467 0.865917
0.634225 0.577419
0.650275 0.757708
0.666597 0.705776
0.683171 0.750443
0.699979 0.756402
0.717005 1.05293
0.734234 0.745659
0.431771 0.222244
0.432278 0.434287
0.433798 0.464372
0.436318 0.53653
0.439823 0.415253
0.444288 0.490387
0.449686 0.574606
0.455982 0.371299
0.463141 0.422517
0.471123 0.425636
0.479886 0.455003
0.48939 0.534004
0.499591 0.519175
0.510448 0.66171
0.521921 0.847849
0.533968 0.381317
0.546553 0.509478
0.559639 0.656403
0.573191 0.705363
0.587178 0.687667
0.601569 0.546295
0.616336 1.06816
0.631452 0.691434
0.646894 0.876782
0.662637 0.74322
0.678662 0.773908
0.694948 0.901691
0.711478 0.844537
0.728235 0.467773
0.745204 0.584389
0.451147 0.343489
0.451632 0.399395
0.453087 0.351297
0.455501 0.596409
0.458859 0.552919
0.463141 0.446853
0.468321 0.378591
0.47437 0.468444
0.481255 0.334402
0.488941 0.509468
0.497391 0.719573
0.506567 0.467302
0.516429 0.537204
0.526939 0.453546
0.53806 0.739935
0.549754 0.788085
0.561985 0.639986
0.57472 0.471435
0.587925 0.527274
0.601569 0.519539
0.615624 0.568357
0.630061 0.533029
0.644856 0.581082
0.659984 0.685357
0.675422 0.883511
0.69115 0.638482
0.707149 0.935045
0.723401 0.967696
0.739888 0.724325
0.756596 0.799257
0.470657 0.655778
0.471123 0.556009
0.472517 0.613659
0.474832 0.603059
0.478055 0.601428
0.482166 0.585953
0.487144 0.489627
0.492962 0.597207
0.499591 0.557277
0.506999 0.601329
0.515153 0.591939
0.524017 0.699164
0.533557 0.596816
0.543737 0.539805
0.554521 0.397605
0.565874 0.574639
0.577765 0.764771
0.590159 0.490514
0.603026 0.481031
0.616336 0.685107
0.630061 0.523058
0.644175 0.724508
0.658653 0.676974
0.673471 0.553993
0.688607 0.835718
0.704041 0.600385
0.719753 0.992814
0.735726 0.705544
0.751943 0.865147
0.768389 0.998317
0.490285 0.448753
0.490732 0.371057
0.492071 0.377281
0.494295 0.447979
0.497391 0.364938
0.501344 0.598968
0.506133 0.398587
0.511736 0.635397
0.518125 0.483965
0.525272 0.442336
0.533146 0.509038
0.541716 0.672821
0.550949 0.6651
0.560813 0.454132
0.571275 0.643473
0.582302 0.585442
0.593864 0.675715
0.605928 0.643052
0.618467 0.750038
0.631452 0.68173
0.644856 0.699838
0.658653 0.811767
0.672819 0.705176
0.687332 1.35648
0.702169 0.945064
0.717311 0.894549
0.732739 1.23796
0.748435 1.0343
0.764382 0.977285
0.780566 0.87281
0.510019 0.452194
0.510448 0.446352
0.511736 0.504998
0.513874 0.605129
0.516853 0.621561
0.520658 0.650244
0.525272 0.366309
0.530672 0.663562
0.536836 0.516241
0.543737 0.552097
0.551347 0.440416
0.559639 0.494407
0.568581 0.690067
0.578144 0.676588
0.588298 0.594816
0.599012 0.549346
0.610257 0.823588
0.622004 0.84461
0.634225 0.479514
0.646894 0.993305
0.659984 0.568105
0.673471 0.754943
0.687332 1.15441
0.701544 0.846185
0.716087 0.660306
0.730941 0.926231
0.746087 0.883157
0.761508 0.918464
0.777187 0.786858
0.79311 1.22321
0.529845 0.596371
0.530258 0.768159
0.531498 0.462851
0.533557 0.621779
0.536427 0.802624
0.540094 1.0497
0.544543 0.398631
0.549754 0.51507
0.555706 0.595647
0.562375 0.524819
0.569737 0.647885
0.577765 0.541083
0.586431 0.395136
0.595707 0.646281
0.605566 0.626485
0.61598 0.680065
0.626921 0.766214
0.638361 0.441216
0.650275 0.643385
0.662637 0.749711
0.675422 0.88706
0.688607 0.733053
0.702169 0.939401
0.716087 0.697165
0.730341 0.638252
0.74491 0.767154
0.759778 0.902673
0.774926 0.691395
0.790339 0.866294
0.806002 0.876832
0.549754 0.656427
0.550153 0.536686
0.551347 0.405843
0.553333 0.447126
0.5561 0.467697
0.559639 0.796089
0.563933 0.579073
0.568967 0.54119
0.57472 0.516845
0.581171 0.643809
0.588298 0.52366
0.596075 0.712662
0.604479 0.511907
0.613483 0.487215
0.623061 0.683962
0.633187 0.628087
0.643835 0.736108
0.65498 0.654076
0.666597 0.819278
0.678662 0.857957
0.69115 0.903948
0.704041 0.70861
0.717311 0.720374
0.730941 0.875059
0.74491 1.04993
0.7592 0.817813
0.773793 1.0837
0.788673 0.946379
0.803822 0.779794
0.819227 0.982021
0.569737 0.536037
0.570122 0.586638
0.571275 0.501611
0.573191 0.486776
0.575863 0.410273
0.579281 0.619139
0.583431 0.721864
0.588298 0.681244
0.593864 0.639902
0.600109 0.851849
0.607013 0.986847
0.614554 0.538066
0.622708 0.689295
0.631452 0.697753
0.640762 0.783563
0.650612 0.609183
0.66098 0.664096
0.671841 0.387942
0.683171 0.571083
0.694948 1.05108
0.707149 0.804648
0.719753 0.683858
0.732739 0.950488
0.746087 0.907279
0.759778 1.06183
0.773793 1.06147
0.788116 0.821344
0.80273 0.929636
0.817619 1.15325
0.832769 1.16954
0.589787 0.633058
0.590159 0.707877
0.591273 0.629583
0.593124 0.638097
0.595707 0.607843
0.599012 0.908762
0.603026 0.678368
0.607736 0.654981
0.613125 0.650665
0.619176 0.564304
0.62587 0.602387
0.633187 0.666956
0.641104 0.695232
0.6496 0.871614
0.658653 0.510372
0.66824 0.709672
0.678338 0.841348
0.688925 0.65694
0.699979 0.792479
0.711478 0.944736
0.723401 0.681744
0.735726 0.64524
0.748435 0.660654
0.761508 1.03897
0.774926 0.783403
0.788673 0.880983
0.80273 1.04322
0.817083 0.78571
0.831715 1.32573
0.846612 1.08694
0.609897 1.00381
0.610257 0.776605
0.611334 0.691541
0.613125 0.77995
0.615624 0.6237
0.618822 0.594644
0.622708 0.595568
0.62727 0.672423
0.632493 0.668879
0.638361 0.609767
0.644856 0.867041
0.651959 0.819972
0.659651 0.547749
0.667912 0.501635
0.67672 1.195
0.686054 0.991315
0.695894 0.712302
0.706218 1.04808
0.717005 0.826745
0.728235 0.527574
0.739888 0.708035
0.751943 0.820831
0.764382 0.972042
0.777187 1.10539
0.790339 1.03346
0.803822 1.10174
0.817619 1.19575
0.831715 0.841685
0.846094 1.05052
0.860743 1.10845
0.630061 0.792208
0.630409 0.594115
0.631452 0.902359
0.633187 0.579755
0.635607 0.672595
0.638705 0.668855
0.642471 0.722834
0.646894 0.597091
0.651959 0.772784
0.657653 0.504594
0.66396 0.497533
0.670861 0.805596
0.678338 0.722158
0.686374 0.62287
0.694948 0.726093
0.704041 1.03819
0.713633 0.863907
0.723704 0.519589
0.734234 0.985514
0.745204 0.974163
0.756596 0.662904
0.768389 1.04457
0.780566 0.757098
0.79311 0.966668
0.806002 0.793246
0.819227 0.918295
0.832769 0.775313
0.846612 0.967721
0.860743 0.974777
0.875146 1.26732
0.188496 0.574007
0.189656 1.9613
0.193094 6.99149
0.198692 4.91407
0.206274 1.25712
0.215631 4.45123
0.226543 2.33561
0.238798 2.0565
0.252199 2.14526
0.266573 0.476492
0.281772 1.87938
0.297669 0.444049
0.314159 0.423862
0.331153 0.679979
0.348577 0.292668
0.36637 0.416269
0.38448 0.390459
0.402865 0.50961
0.421489 0.425773
0.440321 0.333727
0.459337 0.851047
0.478513 0.741625
0.497832 0.570743
0.517277 0.697911
0.536836 0.399943
0.556495 0.645632
0.576244 0.667657
0.596075 0.520864
0.61598 0.727066
0.635952 0.753616
0.189656 4.36815
0.190808 3.64258
0.194226 1.99163
0.199793 2.03228
0.207335 0.982607
0.216646 1.73036
0.22751 2.72766
0.239714 0.887669
0.253067 2.14354
0.267394 0.77472
0.282549 1.25633
0.298405 0.418534
0.314857 0.500306
0.331815 0.41495
0.349205 0.317999
0.366968 0.325159
0.38505 0.841739
0.403409 0.377485
0.422009 0.485361
0.440819 0.359677
0.459814 0.403453
0.478971 0.440221
0.498272 0.442721
0.517701 0.714947
0.537244 0.52907
0.556889 0.563269
0.576625 0.847028
0.596443 0.693777
0.616336 0.71315
0.636296 0.756069
0.193094 2.32408
0.194226 0.577483
0.197585 1.06667
0.203059 3.90709
0.210484 2.17286
0.219662 1.78741
0.230383 1.47399
0.242444 0.817492
0.255654 1.33145
0.269844 1.06608
0.284869 0.650268
0.300602 0.776631
0.316939 0.355259
0.333792 0.289173
0.351085 0.439731
0.368756 0.433635
0.386755 0.458716
0.405037 0.340294
0.423565 0.569309
0.442309 0.437371
0.461243 0.447565
0.480343 0.36707
0.499591 0.584498
0.518971 0.52937
0.538467 0.533685
0.558069 0.397369
0.577765 0.551675
0.597545 0.580803
0.617403 0.553154
0.63733 0.752856
0.198692 1.09685
0.199793 1.59019
0.203059 0.680666
0.20839 1.40468
0.215631 1.49098
0.224599 1.39211
0.235095 1.04164
0.246926 1.71099
0.259908 1.20578
0.273878 0.692435
0.288692 1.71467
0.304228 0.547385
0.320381 0.370207
0.337061 0.305849
0.354194 0.441907
0.371718 0.460528
0.38958 0.286746
0.407735 0.537179
0.426146 0.295012
0.444782 0.46263
0.463614 0.34667
0.482621 0.319895
0.501781 0.419469
0.521079 0.488593
0.5405 0.385172
0.56003 0.496777
0.57966 0.710474
0.599378 0.542966
0.619176 0.635172
0.639048 0.791821
0.206274 2.14314
0.207335 3.43233
0.210484 1.30834
0.215631 1.56037
0.222637 2.24488
0.231334 3.12973
0.241537 1.85093
0.253067 1.50717
0.265749 2.11209
0.279427 0.887233
0.293962 0.765693
0.309234 0.617696
0.325138 0.469344
0.341586 0.609763
0.358503 0.527313
0.375826 0.405594
0.393501 0.927933
0.411483 0.3907
0.429734 0.399105
0.44822 0.404835
0.466914 0.34637
0.485791 0.657386
0.504832 0.492061
0.524017 0.517689
0.543333 0.54714
0.562765 0.407941
0.582302 0.478324
0.601934 0.674898
0.621651 0.811224
0.641446 0.817419
0.215631 1.92961
0.216646 2.01311
0.219662 1.23686
0.224599 1.15085
0.231334 2.97023
0.239714 1.49802
0.249576 1.80253
0.26075 0.882118
0.273076 0.871201
0.286404 0.394483
0.300602 0.511816
0.315552 0.41889
0.331153 0.371959
0.347316 0.454721
0.363967 0.370186
0.381042 0.553417
0.398486 0.38043
0.416253 0.381683
0.434303 0.421212
0.452603 0.490287
0.471123 0.662869
0.489838 0.822849
0.508727 0.514761
0.527771 0.534391
0.546954 0.53607
0.566262 0.498364
0.585682 0.638407
0.605204 0.609057
0.624818 0.606391
0.644516 0.777352
0.226543 3.55356
0.22751 3.28016
0.230383 3.74372
0.235095 0.883091
0.241537 3.96054
0.249576 0.793094
0.259062 0.89196
0.269844 0.521041
0.281772 0.843933
0.294708 0.403591
0.308524 1.18053
0.323108 0.988158
0.33836 0.346917
0.354194 0.31557
0.370536 0.434252
0.387322 0.259427
0.404495 0.376858
0.422009 0.441914
0.439823 0.241224
0.457902 0.602977
0.476216 0.514697
0.494739 0.596238
0.513447 0.709847
0.532323 0.74822
0.551347 0.746775
0.570506 0.38836
0.589787 0.752305
0.609177 0.648901
0.628667 0.726085
0.648248 0.782683
0.238798 5.5066
0.239714 5.42937
0.242444 1.49467
0.246926 0.771085
0.253067 0.861224
0.26075 4.76303
0.269844 1.20878
0.280211 0.391824
0.291715 0.499529
0.304228 0.681621
0.317631 0.253369
0.331815 0.239759
0.346684 0.251333
0.362155 0.287495
0.378153 0.39923
0.394614 0.339154
0.411483 0.436335
0.428712 0.36424
0.446259 0.386222
0.464087 0.394285
0.482166 0.48334
0.500468 0.380591
0.518971 0.679347
0.537652 0.521017
0.556495 0.671718
0.575482 0.842592
0.594602 0.792116
0.61384 0.870655
0.633187 1.04077
0.652632 0.586607
0.252199 2.57038
0.253067 0.658937
0.255654 0.328186
0.259908 1.25345
0.265749 0.485671
0.273076 0.357562
0.281772 1.63093
0.291715 0.71191
0.302783 0.879983
0.314857 0.723983
0.327825 0.699846
0.341586 0.55498
0.356047 0.25538
0.371128 0.494119
0.386755 0.476514
0.402865 0.421899
0.419402 0.495636
0.436318 0.512949
0.453571 0.440048
0.471123 0.468645
0.488941 0.362875
0.506999 0.504246
0.525272 0.758276
0.543737 0.620299
0.562375 0.560779
0.581171 0.487048
0.600109 0.5441
0.619176 0.781394
0.638361 0.633141
0.657653 0.642647
0.266573 0.888528
0.267394 0.381635
0.269844 1.69542
0.273878 1.217
0.279427 0.728426
0.286404 0.69486
0.294708 0.502916
0.304228 0.452189
0.314857 0.852507
0.326484 0.416271
0.339007 0.291574
0.352332 0.429363
0.36637 0.392826
0.381042 0.2474
0.396278 0.229095
0.412016 0.578361
0.4282 0.372785
0.444782 0.45387
0.461718 0.624559
0.478971 0.505689
0.496509 0.551456
0.514301 0.663417
0.532323 0.521246
0.550551 0.623916
0.568967 0.634942
0.587552 0.618695
0.60629 0.708143
0.625169 0.662854
0.644175 0.84584
0.663299 0.606287
0.281772 0.623743
0.282549 0.568801
0.284869 1.59495
0.288692 0.466751
0.293962 0.376346
0.300602 0.619157
0.308524 0.573516
0.317631 0.291526
0.327825 0.31167
0.339007 0.396427
0.351085 0.411965
0.363967 0.382178
0.377572 0.39895
0.391825 0.398286
0.406658 0.406444
0.422009 0.814805
0.437824 0.461526
0.454054 0.630693
0.470657 0.600326
0.487594 0.47601
0.504832 0.530576
0.522341 0.722471
0.540094 0.691366
0.558069 0.781377
0.576244 0.749315
0.594602 0.542841
0.613125 0.503584
0.6318 0.547141
0.650612 0.675286
0.669552 0.820783
0.297669 0.331102
0.298405 0.444028
0.300602 0.389453
0.304228 0.711574
0.309234 0.4089
0.315552 0.734241
0.323108 0.337859
0.331815 0.384994
0.341586 0.698649
0.352332 0.521191
0.363967 0.55686
0.376409 0.316061
0.38958 0.294513
0.403409 0.346448
0.417831 0.284463
0.432785 0.452326
0.44822 0.340831
0.464087 0.212994
0.480343 0.303522
0.49695 0.584445
0.513874 0.83365
0.531085 0.507747
0.548556 0.616327
0.566262 0.449858
0.584182 0.540581
0.602298 0.570377
0.620592 0.556521
0.639048 0.543477
0.657653 1.12006
0.676396 0.767565
0.314159 0.778173
0.314857 0.441335
0.316939 0.496587
0.320381 0.364136
0.325138 0.448361
0.331153 0.392886
0.33836 0.438148
0.346684 0.440425
0.356047 0.468559
0.36637 0.332895
0.377572 0.38938
0.38958 0.338966
0.40232 0.336941
0.415726 0.307193
0.429734 0.626726
0.444288 0.273095
0.459337 0.445451
0.474832 0.560454
0.490732 0.757912
0.506999 0.728329
0.523599 0.470818
0.5405 0.458117
0.557676 0.631369
0.575101 0.553172
0.592755 0.511108
0.610616 0.557576
0.628667 0.703696
0.646894 0.769799
0.66528 0.700624
0.683813 0.653354
0.331153 0.48508
0.331815 0.414193
0.333792 0.685531
0.337061 0.441558
0.341586 0.850055
0.347316 0.39629
0.354194 0.577739
0.362155 0.452905
0.371128 0.529012
0.381042 0.317789
0.391825 0.336422
0.403409 0.365121
0.415726 0.39157
0.428712 0.393987
0.442309 0.297716
0.456463 0.33184
0.471123 0.349153
0.486243 0.477837
0.501781 0.649478
0.517701 0.506049
0.533968 0.611975
0.550551 0.60316
0.567423 0.604952
0.584558 0.602634
0.601934 0.44828
0.61953 0.57864
0.63733 1.03286
0.655315 0.573917
0.673471 0.750347
0.691785 0.732156
0.348577 0.569821
0.349205 0.61842
0.351085 0.659166
0.354194 0.345085
0.358503 0.426306
0.363967 0.412137
0.370536 0.420335
0.378153 0.371374
0.386755 0.214726
0.396278 0.293318
0.406658 0.384619
0.417831 0.425318
0.429734 0.430534
0.442309 0.69663
0.455501 0.523107
0.469257 0.568212
0.483529 0.473929
0.498272 0.528549
0.513447 0.632897
0.529016 0.397286
0.544945 0.444509
0.561204 0.568222
0.577765 0.682879
0.594602 0.652292
0.611692 0.73745
0.629016 0.788081
0.646554 0.811732
0.66429 0.502652
0.682207 0.873119
0.700293 0.891403
0.36637 0.238069
0.366968 0.744513
0.368756 0.237506
0.371718 0.351921
0.375826 0.52935
0.381042 0.367592
0.387322 0.343204
0.394614 0.482586
0.402865 0.313246
0.412016 0.408082
0.422009 0.409536
0.432785 0.367858
0.444288 0.450961
0.456463 0.352999
0.469257 0.339807
0.482621 0.496562
0.496509 0.591665
0.510878 0.479436
0.525689 0.375023
0.540906 0.977686
0.556495 0.557435
0.572425 0.693239
0.58867 0.727378
0.605204 0.548685
0.622004 0.891108
0.639048 0.606676
0.656318 0.775369
0.673797 0.712771
0.691468 0.604852
0.709317 0.798831
0.38448 0.367566
0.38505 0.402331
0.386755 0.453945
0.38958 0.654115
0.393501 0.353124
0.398486 0.474009
0.404495 0.428233
0.411483 0.385684
0.419402 0.519266
0.4282 0.32857
0.437824 0.287831
0.44822 0.39174
0.459337 0.386021
0.471123 0.643652
0.483529 0.503094
0.496509 0.654665
0.510019 0.487116
0.524017 0.689404
0.538467 0.612433
0.553333 0.543439
0.568581 0.656646
0.584182 0.533665
0.600109 0.895473
0.616336 0.544417
0.63284 0.497139
0.6496 0.552376
0.666597 0.882191
0.683813 0.652294
0.701232 0.701352
0.718838 0.65036
0.402865 0.363803
0.403409 0.555755
0.405037 0.482906
0.407735 0.225346
0.411483 0.572696
0.416253 0.32787
0.422009 0.356804
0.428712 0.401452
0.436318 0.404016
0.444782 0.438187
0.454054 0.428683
0.464087 0.284737
0.474832 0.510485
0.486243 0.421138
0.498272 0.431133
0.510878 0.381502
0.524017 0.480796
0.537652 0.724679
0.551745 0.664339
0.566262 0.557351
0.581171 0.758038
0.596443 0.736742
0.612051 0.375084
0.627969 0.624786
0.644175 0.57698
0.660648 0.83358
0.677368 0.623225
0.694316 0.669823
0.711478 0.75634
0.728837 1.04464
0.421489 0.253054
0.422009 0.530046
0.423565 0.440975
0.426146 0.356064
0.429734 0.34589
0.434303 0.31407
0.439823 0.357301
0.446259 0.586134
0.453571 0.514455
0.461718 0.400233
0.470657 0.463474
0.480343 0.293697
0.490732 0.299741
0.501781 0.664422
0.513447 0.379525
0.525689 0.765256
0.538467 0.655013
0.551745 0.474584
0.565487 0.579781
0.57966 0.777005
0.594233 0.704162
0.609177 0.649095
0.624467 0.541219
0.640077 0.592401
0.655984 0.538919
0.672167 0.387701
0.688607 0.848664
0.705286 1.07238
0.722187 0.990581
0.739295 0.883618
0.440321 0.378953
0.440819 0.367433
0.442309 0.474437
0.444782 0.429561
0.44822 0.435466
0.452603 0.402206
0.457902 0.430275
0.464087 0.489387
0.471123 0.439017
0.478971 0.64427
0.487594 0.593742
0.49695 0.617678
0.506999 0.460813
0.517701 0.618988
0.529016 0.439532
0.540906 0.655177
0.553333 0.474649
0.566262 0.59649
0.57966 0.743842
0.593494 0.616367
0.607736 0.607461
0.622356 0.607067
0.63733 0.535818
0.652632 1.00138
0.66824 1.10314
0.684133 0.784831
0.700293 1.24826
0.716699 0.996543
0.733337 0.697522
0.750191 0.960196
0.459337 0.307671
0.459814 0.260805
0.461243 0.330265
0.463614 0.455594
0.466914 0.381255
0.471123 0.384279
0.476216 0.400859
0.482166 0.527963
0.488941 0.49567
0.496509 0.312574
0.504832 0.642655
0.513874 0.484554
0.523599 0.398807
0.533968 0.575231
0.544945 0.621357
0.556495 0.578211
0.568581 0.593647
0.581171 0.906546
0.594233 0.666563
0.607736 0.565349
0.621651 0.561562
0.635952 1.03616
0.650612 0.824966
0.665609 0.908126
0.68092 0.910998
0.696524 0.976708
0.712402 0.961606
0.728536 0.669688
0.74491 0.951379
0.761508 1.08693
0.478513 0.509985
0.478971 0.714695
0.480343 0.448879
0.482621 0.365999
0.485791 0.637682
0.489838 0.555741
0.494739 0.479461
0.500468 0.614114
0.506999 0.486102
0.514301 0.466649
0.522341 0.594391
0.531085 0.425957
0.5405 0.511575
0.550551 0.406157
0.561204 0.502872
0.572425 0.710182
0.584182 0.550212
0.596443 0.319301
0.609177 0.52905
0.622356 0.530301
0.635952 0.482533
0.649938 0.746144
0.66429 0.687645
0.678985 0.742403
0.694001 1.02878
0.709317 0.953114
0.724915 0.754043
0.740777 1.13828
0.756886 0.927326
0.773226 0.969146
0.497832 0.62201
0.498272 0.453626
0.499591 0.495141
0.501781 0.415313
0.504832 0.423552
0.508727 0.53197
0.513447 0.433111
0.518971 0.568935
0.525272 0.521165
0.532323 0.389867
0.540094 0.594889
0.548556 0.503834
0.557676 0.804686
0.567423 0.559858
0.577765 0.877219
0.58867 0.618251
0.600109 0.683776
0.612051 0.625066
0.624467 0.510409
0.63733 0.716469
0.650612 0.837559
0.66429 0.81317
0.678338 0.797419
0.692735 0.574311
0.707459 0.74516
0.72249 0.842659
0.73781 0.765436
0.7534 0.786577
0.769245 0.739178
0.785328 0.743127
0.517277 0.435862
0.517701 0.501778
0.518971 0.403257
0.521079 0.439235
0.524017 0.457884
0.527771 0.546615
0.532323 0.479433
0.537652 0.669454
0.543737 0.356818
0.550551 0.507027
0.558069 0.400905
0.566262 0.677367
0.575101 0.514395
0.584558 0.430583
0.594602 0.744608
0.605204 0.581173
0.616336 0.704558
0.627969 0.633619
0.640077 1.03677
0.652632 0.516062
0.665609 0.594479
0.678985 1.05835
0.692735 0.737996
0.706839 1.09573
0.721275 1.2692
0.736024 0.709883
0.751068 0.825377
0.766388 0.83043
0.78197 1.06309
0.797797 0.920326
0.536836 0.594707
0.537244 0.835222
0.538467 0.66643
0.5405 0.440274
0.543333 0.527708
0.546954 0.443083
0.551347 0.79553
0.556495 0.482012
0.562375 0.555363
0.568967 0.731068
0.576244 0.476517
0.584182 0.765091
0.592755 0.728118
0.601934 0.544543
0.611692 0.669764
0.622004 0.603395
0.63284 1.01883
0.644175 0.831541
0.655984 0.555141
0.66824 0.943778
0.68092 0.702451
0.694001 0.643041
0.707459 0.875467
0.721275 0.918173
0.735428 0.923863
0.749899 0.817069
0.764669 0.985189
0.779723 0.658935
0.795043 1.11834
0.810615 0.96394
0.556495 0.812755
0.556889 0.752356
0.558069 0.631347
0.56003 0.869509
0.562765 0.675312
0.566262 0.519712
0.570506 0.449132
0.575482 0.469667
0.581171 0.604958
0.587552 0.867981
0.594602 0.425195
0.602298 0.8659
0.610616 0.674414
0.61953 0.703409
0.629016 0.624099
0.639048 0.92499
0.6496 0.743529
0.660648 0.650869
0.672167 0.652417
0.684133 0.763656
0.696524 0.958968
0.709317 0.966186
0.72249 0.908654
0.736024 0.841741
0.749899 0.815885
0.764095 1.06974
0.778597 0.912206
0.793386 0.927998
0.808447 0.858608
0.823766 0.992573
0.576244 0.505267
0.576625 0.409898
0.577765 0.674573
0.57966 0.589336
0.582302 0.593957
0.585682 0.602028
0.589787 0.614954
0.594602 0.583979
0.600109 0.742874
0.60629 0.804013
0.613125 0.45412
0.620592 0.582621
0.628667 0.768963
0.63733 0.936316
0.646554 0.806027
0.656318 0.636944
0.666597 0.585945
0.677368 0.746257
0.688607 0.63095
0.700293 1.07155
0.712402 0.788932
0.724915 0.869495
0.73781 0.978913
0.751068 1.041
0.764669 0.875699
0.778597 0.938466
0.792833 0.784967
0.807361 0.777359
0.822167 0.769737
0.837234 0.919742
0.596075 0.548871
0.596443 0.492454
0.597545 0.677771
0.599378 0.758191
0.601934 0.644691
0.605204 0.697067
0.609177 0.739138
0.61384 0.947985
0.619176 0.625788
0.625169 0.520649
0.6318 0.646241
0.639048 0.731054
0.646894 0.830568
0.655315 0.787243
0.66429 0.841012
0.673797 0.629937
0.683813 0.831112
0.694316 0.64095
0.705286 0.568616
0.716699 0.887503
0.728536 0.942595
0.740777 0.777609
0.7534 0.97087
0.766388 0.838517
0.779723 1.14959
0.793386 1.16777
0.807361 0.834706
0.821633 1.03466
0.836186 0.899084
0.851005 0.949283
0.61598 0.613512
0.616336 0.659463
0.617403 0.478914
0.619176 0.460578
0.621651 0.424546
0.624818 0.709662
0.628667 0.826846
0.633187 0.775585
0.638361 0.541284
0.644175 0.61414
0.650612 0.935126
0.657653 0.695372
0.66528 0.739969
0.673471 0.782627
0.682207 0.846625
0.691468 0.821032
0.701232 0.62018
0.711478 0.935592
0.722187 0.544332
0.733337 0.869019
0.74491 0.863302
0.756886 0.828185
0.769245 0.906411
0.78197 1.02459
0.795043 0.9041
0.808447 0.948268
0.822167 1.05255
0.836186 1.07851
0.850489 0.800592
0.865064 1.60524
0.635952 0.826913
0.636296 0.648781
0.63733 0.624893
0.639048 0.637735
0.641446 0.853961
0.644516 0.730678
0.648248 0.654401
0.652632 0.591494
0.657653 0.477746
0.663299 0.457583
0.669552 0.723302
0.676396 0.911208
0.683813 0.66442
0.691785 0.680867
0.700293 0.681246
0.709317 0.940113
0.718838 0.970582
0.728837 0.999117
0.739295 0.817683
0.750191 0.790099
0.761508 0.823285
0.773226 1.42675
0.785328 1.45983
0.797797 0.990542
0.810615 1.32866
0.823766 0.840785
0.837234 1.07751
0.851005 1.08938
0.865064 0.938821
0.879397 1.07903
0.20944 1.80813
0.210484 7.69637
0.213587 1.42276
0.218661 2.14247
0.225573 3.32768
0.23416 2.34224
0.244246 2.87992
0.255654 2.83125
0.268213 2.24711
0.281772 0.353363
0.296192 0.462985
0.311354 0.439997
0.327155 0.457598
0.343506 0.6727
0.360333 0.467109
0.377572 0.266583
0.39517 0.37842
0.413079 0.450817
0.431262 0.378513
0.449686 0.346167
0.468321 0.316382
0.487144 0.385514
0.506133 0.391972
0.525272 0.515472
0.544543 0.717279
0.563933 0.59217
0.583431 0.707757
0.603026 0.641251
0.622708 0.684615
0.642471 0.506956
0.210484 2.63317
0.211524 1.98043
0.214612 4.07088
0.219662 1.08045
0.226543 1.71927
0.235095 4.88269
0.245143 2.1116
0.25651 4.59184
0.26903 1.07687
0.282549 1.23067
0.296932 0.491859
0.312058 0.53637
0.327825 0.535828
0.344144 0.290663
0.360942 0.384999
0.378153 0.248803
0.395724 0.410377
0.41361 0.495166
0.431771 0.251768
0.450173 0.296224
0.468789 0.583002
0.487594 0.377443
0.506567 0.493068
0.525689 0.604335
0.544945 0.616116
0.564322 0.611797
0.583807 0.574299
0.603389 0.838305
0.623061 0.624607
0.642812 0.636664
0.213587 1.69522
0.214612 1.27079
0.217656 1.66931
0.222637 2.43106
0.229429 0.708882
0.237878 5.02677
0.247812 5.07394
0.259062 1.87676
0.271465 1.86255
0.284869 0.558415
0.299139 0.956139
0.314159 0.692014
0.329826 0.311734
0.346051 0.382458
0.36276 0.318517
0.379889 0.430869
0.397384 0.38834
0.415198 0.295804
0.433292 0.371449
0.451632 0.353605
0.470191 0.302593
0.488941 0.398654
0.507864 0.365949
0.526939 0.449603
0.546151 0.380635
0.565487 0.384281
0.584933 0.663324
0.604479 0.569028
0.624116 0.760973
0.643835 0.656367
0.218661 4.04204
0.219662 0.656754
0.222637 0.738749
0.22751 1.74084
0.23416 0.429016
0.242444 1.78075
0.252199 1.59018
0.263261 1.09295
0.275475 0.625057
0.288692 1.15575
0.302783 0.458859
0.317631 0.834512
0.333134 0.345897
0.349205 0.306181
0.36577 0.412967
0.382765 0.311032
0.400134 0.391628
0.417831 0.598294
0.435815 0.468275
0.454054 0.661701
0.472517 0.459196
0.491179 0.426638
0.510019 0.390893
0.529016 0.520361
0.548156 0.546906
0.567423 0.710803
0.586805 0.476523
0.60629 0.519625
0.62587 0.706591
0.645536 0.615676
0.225573 1.92346
0.226543 0.878538
0.229429 0.759852
0.23416 2.13683
0.240628 1.19004
0.248696 0.889902
0.258214 1.59138
0.26903 3.99058
0.280993 0.420817
0.293962 1.19798
0.307812 0.630126
0.322428 0.308836
0.337711 0.380825
0.353575 0.384673
0.369944 0.409572
0.386755 0.417569
0.403952 0.322354
0.421489 0.413843
0.439324 0.500732
0.457423 0.537264
0.475755 0.526284
0.494295 0.438751
0.51302 0.460529
0.53191 0.7082
0.550949 0.674292
0.570122 0.568299
0.589415 0.573308
0.608817 0.579643
0.628319 0.688848
0.64791 0.689522
0.23416 2.28187
0.235095 1.78458
0.237878 1.60081
0.242444 0.667781
0.248696 1.35606
0.25651 0.647418
0.265749 1.12498
0.27627 0.456547
0.287932 0.697306
0.300602 0.368723
0.314159 0.640881
0.328493 0.4694
0.343506 0.409336
0.359114 0.343204
0.375242 0.249379
0.391825 0.354971
0.40881 0.346217
0.426146 0.460802
0.443794 0.301126
0.461718 0.544817
0.479886 0.600835
0.498272 0.469441
0.516853 0.413056
0.535609 0.39383
0.554521 0.363394
0.573574 0.540986
0.592755 0.746688
0.612051 0.705496
0.631452 0.752114
0.650949 0.980992
0.244246 0.596209
0.245143 0.67318
0.247812 1.10169
0.252199 4.96378
0.258214 1.64476
0.265749 3.71414
0.274677 0.677652
0.284869 0.366588
0.296192 0.398174
0.308524 0.611091
0.321747 0.356661
0.335757 0.516991
0.350459 0.551994
0.36577 0.431421
0.381617 0.292528
0.397935 0.484865
0.414669 0.225004
0.431771 0.375595
0.449198 0.505858
0.466914 0.255626
0.484888 0.537119
0.503091 0.53266
0.5215 0.469511
0.540094 0.757083
0.558854 0.558794
0.577765 0.582432
0.596811 0.506268
0.61598 0.595519
0.635261 0.673654
0.654645 0.988309
0.255654 1.03373
0.25651 0.917009
0.259062 7.20347
0.263261 1.04232
0.26903 1.57581
0.27627 1.31541
0.284869 0.441701
0.294708 0.533543
0.305667 0.700793
0.317631 0.453364
0.33049 0.304573
0.344144 0.320356
0.358503 0.409531
0.373484 0.374871
0.389017 0.30158
0.405037 0.458976
0.421489 0.466482
0.438324 0.390193
0.455501 0.534599
0.472981 0.446714
0.490732 0.659185
0.508727 0.768507
0.526939 0.644531
0.545348 0.585345
0.563933 0.531752
0.582679 0.636152
0.601569 0.542779
0.620592 0.657213
0.639734 0.677952
0.658986 0.922091
0.268213 0.456838
0.26903 0.59958
0.271465 0.723653
0.275475 0.611044
0.280993 1.26726
0.287932 0.364185
0.296192 0.637512
0.305667 0.399628
0.316247 0.702686
0.327825 0.282261
0.340299 0.389343
0.353575 0.318129
0.367565 0.392835
0.382191 0.327648
0.397384 0.432124
0.413079 0.285141
0.429223 0.364381
0.445767 0.489528
0.462667 0.412827
0.479886 0.571786
0.497391 0.362142
0.515153 0.406877
0.533146 0.612438
0.551347 0.732013
0.569737 0.735183
0.588298 0.424753
0.607013 0.691766
0.62587 0.720861
0.644856 0.560982
0.66396 0.82689
0.281772 1.51423
0.282549 0.373866
0.284869 0.355568
0.288692 1.87987
0.293962 0.251445
0.300602 0.563038
0.308524 0.502715
0.317631 0.431489
0.327825 0.492632
0.339007 0.403622
0.351085 0.453971
0.363967 0.383052
0.377572 0.363409
0.391825 0.4288
0.406658 0.45004
0.422009 0.379596
0.437824 0.344232
0.454054 0.381897
0.470657 0.505614
0.487594 0.399382
0.504832 0.391997
0.522341 0.501162
0.540094 0.781035
0.558069 0.60349
0.576244 0.558628
0.594602 0.59088
0.613125 0.569797
0.6318 0.701412
0.650612 0.636718
0.669552 0.892594
0.296192 0.383478
0.296932 0.655659
0.299139 0.86528
0.302783 0.950471
0.307812 0.870098
0.314159 0.462999
0.321747 0.358407
0.33049 0.341109
0.340299 0.337763
0.351085 0.405029
0.36276 0.313156
0.375242 0.252915
0.388452 0.572245
0.40232 0.369252
0.416779 0.408625
0.431771 0.529469
0.44724 0.391819
0.463141 0.504925
0.479429 0.584608
0.496067 0.484289
0.51302 0.530107
0.530258 0.583158
0.547755 0.545827
0.565487 0.69093
0.583431 0.629329
0.601569 0.654871
0.619884 0.617027
0.638361 0.680163
0.656986 0.662154
0.675747 0.666969
0.311354 0.451494
0.312058 1.22171
0.314159 0.522174
0.317631 0.566854
0.322428 0.690298
0.328493 0.348527
0.335757 0.589455
0.344144 0.420298
0.353575 0.418263
0.363967 0.242453
0.375242 0.675019
0.387322 0.313142
0.400134 0.567224
0.41361 0.479911
0.427688 0.440372
0.442309 0.385059
0.457423 0.389433
0.472981 0.533259
0.488941 0.471956
0.505266 0.440038
0.521921 0.408756
0.538874 0.404232
0.5561 0.522565
0.573574 0.511652
0.591273 0.587933
0.609177 0.63082
0.62727 0.655033
0.645536 0.524327
0.66396 0.765239
0.682529 0.529767
0.327155 0.491968
0.327825 0.655709
0.329826 0.62092
0.333134 0.350797
0.337711 0.38369
0.343506 0.354499
0.350459 0.324596
0.358503 0.618146
0.367565 0.336092
0.377572 0.49911
0.388452 0.392237
0.400134 0.354421
0.412548 0.617507
0.425631 0.710272
0.439324 0.577399
0.453571 0.525243
0.468321 0.372822
0.483529 0.459726
0.499152 0.670897
0.515153 0.524253
0.531498 0.546031
0.548156 0.550846
0.565099 0.937484
0.582302 0.427109
0.599743 0.51439
0.617403 0.804328
0.635261 0.486345
0.653304 0.738039
0.671514 0.770926
0.68988 0.719839
0.343506 0.473847
0.344144 0.686279
0.346051 0.364727
0.349205 0.253151
0.353575 0.322864
0.359114 0.37257
0.36577 0.446929
0.373484 0.314574
0.382191 0.476489
0.391825 0.524456
0.40232 0.299161
0.41361 0.539779
0.425631 0.364165
0.438324 0.410857
0.451632 0.405215
0.465503 0.384146
0.479886 0.377136
0.494739 0.350306
0.510019 0.430687
0.525689 0.74288
0.541716 0.496143
0.558069 0.597601
0.57472 0.67594
0.591643 0.589166
0.608817 0.523175
0.626221 0.681091
0.643835 0.758051
0.661643 0.69394
0.67963 0.863403
0.697783 0.649457
0.360333 0.337157
0.360942 0.446598
0.36276 0.343699
0.36577 0.410109
0.369944 0.355772
0.375242 0.667809
0.381617 0.384006
0.389017 0.550966
0.397384 0.454195
0.406658 0.288968
0.416779 0.494066
0.427688 0.486212
0.439324 0.496843
0.451632 0.400484
0.464559 0.682677
0.478055 0.900662
0.492071 0.364025
0.506567 0.540918
0.5215 0.52556
0.536836 0.600101
0.552539 0.459801
0.568581 0.625915
0.584933 0.533401
0.601569 0.591521
0.618467 0.564922
0.635607 0.825625
0.652968 0.708387
0.670534 0.76089
0.688288 0.744182
0.706218 0.718547
0.377572 0.458721
0.378153 0.304044
0.379889 0.410072
0.382765 0.359454
0.386755 0.383126
0.391825 0.460028
0.397935 0.371764
0.405037 0.320366
0.413079 0.307313
0.422009 0.35462
0.431771 0.395127
0.442309 0.415941
0.453571 0.291961
0.465503 0.584552
0.478055 0.548708
0.491179 0.555107
0.504832 0.602516
0.518971 0.649472
0.533557 0.623953
0.548556 0.574414
0.563933 0.643814
0.57966 0.626907
0.595707 0.78994
0.612051 0.73969
0.628667 0.531954
0.645536 1.00221
0.662637 0.804289
0.679953 0.695263
0.697468 0.748347
0.715168 0.834327
0.39517 0.422918
0.395724 0.38868
0.397384 0.475475
0.400134 0.503519
0.403952 0.486173
0.40881 0.410674
0.414669 0.254739
0.421489 0.520601
0.429223 0.344439
0.437824 0.379388
0.44724 0.274058
0.457423 0.529278
0.468321 0.435549
0.479886 0.571971
0.492071 0.498701
0.504832 0.524222
0.518125 0.549257
0.53191 0.636017
0.546151 0.606296
0.560813 0.600723
0.575863 0.562408
0.591273 0.782062
0.607013 0.572301
0.623061 0.736938
0.639391 0.506054
0.655984 0.74719
0.672819 1.11486
0.68988 0.940481
0.707149 0.729102
0.724612 0.841383
0.413079 0.597805
0.41361 0.439911
0.415198 0.519284
0.417831 0.420592
0.421489 0.70733
0.426146 0.577356
0.431771 0.569
0.438324 0.522485
0.445767 0.348647
0.454054 0.391088
0.463141 0.540899
0.472981 0.529625
0.483529 0.516282
0.494739 0.444569
0.506567 0.810031
0.518971 0.610804
0.53191 0.484056
0.545348 0.608436
0.559247 0.718398
0.573574 0.827282
0.588298 0.88564
0.603389 0.571307
0.618822 0.544457
0.634571 0.682785
0.650612 0.846078
0.666926 1.1199
0.683492 0.684352
0.700293 0.786026
0.717311 1.05597
0.734533 0.617811
0.431262 0.350773
0.431771 0.433316
0.433292 0.243536
0.435815 0.393638
0.439324 0.499857
0.443794 0.393404
0.449198 0.425436
0.455501 0.43171
0.462667 0.427103
0.470657 0.553455
0.479429 0.583308
0.488941 0.528431
0.499152 0.385632
0.510019 0.398312
0.5215 0.453583
0.533557 0.561417
0.546151 0.505255
0.559247 0.747799
0.572808 0.564753
0.586805 0.518076
0.601204 0.932891
0.61598 0.62222
0.631105 0.896515
0.646554 0.88943
0.662306 0.599852
0.678338 0.675438
0.694632 0.694138
0.71117 0.877156
0.727934 0.677436
0.74491 0.880566
0.449686 0.424863
0.450173 0.381324
0.451632 0.399509
0.454054 0.55365
0.457423 0.305762
0.461718 0.435204
0.466914 0.44147
0.472981 0.500586
0.479886 0.467474
0.487594 0.513817
0.496067 0.36323
0.505266 0.494127
0.515153 0.511499
0.525689 0.546669
0.536836 0.700512
0.548556 0.551118
0.560813 0.521168
0.573574 0.354641
0.586805 0.673598
0.600474 0.49052
0.614554 0.550077
0.629016 0.761411
0.643835 0.898577
0.658986 1.03864
0.674447 0.646097
0.690198 0.666141
0.706218 0.76662
0.72249 0.959428
0.738998 0.689187
0.755726 0.750828
0.468321 0.613614
0.468789 0.551727
0.470191 0.491206
0.472517 0.457629
0.475755 0.394853
0.479886 0.263313
0.484888 0.548937
0.490732 0.747276
0.497391 0.589036
0.504832 0.447744
0.51302 0.714493
0.521921 0.409693
0.531498 0.56029
0.541716 0.409676
0.552539 0.490408
0.563933 0.463151
0.575863 0.656266
0.588298 0.542595
0.601204 0.634283
0.614554 0.720942
0.628319 0.839517
0.642471 0.737652
0.656986 0.616247
0.671841 0.989125
0.687013 0.672069
0.702481 1.03577
0.718228 1.12342
0.734234 0.773888
0.750483 0.861547
0.766961 0.841748
0.487144 0.627644
0.487594 0.813168
0.488941 0.49093
0.491179 0.432547
0.494295 0.384494
0.498272 0.53781
0.503091 0.588711
0.508727 0.44308
0.515153 0.399122
0.522341 0.443063
0.530258 0.390477
0.538874 0.583322
0.548156 0.554961
0.558069 0.6473
0.568581 0.652316
0.57966 0.468779
0.591273 0.477119
0.603389 0.653569
0.61598 0.704022
0.629016 0.830558
0.642471 0.810419
0.656318 0.800075
0.670534 0.752963
0.685095 0.813756
0.699979 0.731145
0.715168 0.83816
0.730641 0.854387
0.746381 0.89669
0.762371 0.98323
0.778597 0.802206
0.506133 0.594906
0.506567 0.416648
0.507864 0.604407
0.510019 0.526123
0.51302 0.563578
0.516853 0.656002
0.5215 0.584827
0.526939 0.63377
0.533146 0.496626
0.540094 0.495276
0.547755 0.513422
0.5561 0.497415
0.565099 0.754263
0.57472 0.6497
0.584933 0.523855
0.595707 0.481785
0.607013 0.554267
0.618822 0.779406
0.631105 0.635465
0.643835 0.686123
0.656986 0.731386
0.670534 0.645665
0.684454 0.674981
0.698725 0.798931
0.713325 0.680387
0.728235 0.949272
0.743437 1.10291
0.758911 0.633197
0.774643 0.785227
0.790617 1.16478
0.525272 0.64279
0.525689 0.457317
0.526939 0.643865
0.529016 0.529205
0.53191 0.632892
0.535609 0.705815
0.540094 0.532753
0.545348 0.62225
0.551347 0.508981
0.558069 0.535005
0.565487 0.553895
0.573574 0.793116
0.582302 0.539247
0.591643 0.544619
0.601569 0.734114
0.612051 0.770209
0.623061 0.668039
0.634571 1.0041
0.646554 0.919419
0.658986 0.684472
0.671841 0.561046
0.685095 0.701066
0.698725 0.70676
0.71271 0.680572
0.72703 0.928104
0.741664 0.807267
0.756596 1.00717
0.771807 0.837896
0.787281 1.1349
0.803003 0.639197
0.544543 0.60517
0.544945 0.526821
0.546151 1.07679
0.548156 0.70123
0.550949 0.350227
0.554521 0.678089
0.558854 0.620674
0.563933 0.575248
0.569737 0.529937
0.576244 0.54037
0.583431 0.538947
0.591273 0.687708
0.599743 0.530023
0.608817 0.702048
0.618467 0.75776
0.628667 0.711735
0.639391 0.710148
0.650612 0.668036
0.662306 0.690264
0.674447 1.0681
0.687013 0.96033
0.699979 0.873785
0.713325 0.671352
0.72703 0.831937
0.741073 0.9677
0.755435 0.848151
0.7701 0.740986
0.785049 1.1767
0.800267 0.719533
0.815739 0.981955
0.563933 0.608686
0.564322 0.723659
0.565487 0.509628
0.567423 0.769984
0.570122 0.548501
0.573574 0.709583
0.577765 0.535324
0.582679 0.653478
0.588298 0.594897
0.594602 0.935606
0.601569 0.968945
0.609177 0.702496
0.617403 1.08439
0.626221 0.879615
0.635607 0.68385
0.645536 0.504914
0.655984 0.616443
0.666926 0.784037
0.678338 0.8489
0.690198 0.853265
0.702481 0.956214
0.715168 0.823375
0.728235 0.853676
0.741664 0.701055
0.755435 1.44315
0.76953 0.972769
0.783931 0.981966
0.798621 1.09146
0.813586 0.977718
0.828809 0.955012
0.583431 0.515305
0.583807 0.605684
0.584933 0.685956
0.586805 0.714512
0.589415 0.551719
0.592755 0.837987
0.596811 0.569735
0.601569 0.617688
0.607013 0.706222
0.613125 0.81751
0.619884 0.559331
0.62727 0.679308
0.635261 0.74235
0.643835 0.753538
0.652968 0.643311
0.662637 0.863004
0.672819 0.749297
0.683492 1.17541
0.694632 0.637368
0.706218 1.03912
0.718228 0.751019
0.730641 0.870884
0.743437 0.813974
0.756596 0.845523
0.7701 0.631611
0.783931 1.04823
0.798072 1.13569
0.812507 1.03246
0.82722 0.844642
0.842197 1.17982
0.603026 0.74034
0.603389 0.741509
0.604479 0.500664
0.60629 0.700771
0.608817 0.608239
0.612051 0.618564
0.61598 0.674725
0.620592 0.65213
0.62587 0.813279
0.6318 0.59348
0.638361 0.766708
0.645536 0.763271
0.653304 0.658592
0.661643 0.879011
0.670534 0.795441
0.679953 0.605293
0.68988 0.41984
0.700293 0.484035
0.71117 0.811547
0.72249 0.848884
0.734234 1.05136
0.746381 1.35229
0.758911 0.941178
0.771807 1.01776
0.785049 0.938278
0.798621 1.05989
0.812507 0.891754
0.826689 1.29044
0.841155 0.896424
0.855888 0.894221
0.622708 0.642938
0.623061 0.776388
0.624116 0.565218
0.62587 0.771434
0.628319 0.588743
0.631452 0.836928
0.635261 0.663144
0.639734 0.749312
0.644856 0.922653
0.650612 0.649603
0.656986 0.661418
0.66396 0.77144
0.671514 0.539634
0.67963 0.826134
0.688288 0.824623
0.697468 0.964448
0.707149 0.806629
0.717311 0.696642
0.727934 0.989009
0.738998 0.735714
0.750483 0.70554
0.762371 0.974366
0.774643 1.15949
0.787281 1.35896
0.800267 0.854202
0.813586 1.06926
0.82722 1.29131
0.841155 1.21606
0.855375 1.48519
0.869868 1.297
0.642471 0.876735
0.642812 0.572744
0.643835 0.464477
0.645536 0.673318
0.64791 0.625929
0.650949 0.691878
0.654645 0.650251
0.658986 0.9369
0.66396 0.514994
0.669552 0.842216
0.675747 1.00885
0.682529 0.716222
0.68988 0.716719
0.697783 0.934288
0.706218 0.702052
0.715168 0.595613
0.724612 0.7837
0.734533 0.64014
0.74491 0.58466
0.755726 0.621382
0.766961 0.816948
0.778597 1.20875
0.790617 0.856833
0.803003 0.956495
0.815739 0.778862
0.828809 0.995338
0.842197 1.17707
0.855888 0.99104
0.869868 1.02649
0.884123 0.822235
0.230383 1.6396
0.231334 0.378127
0.23416 0.813889
0.238798 0.508385
0.245143 0.74366
0.253067 0.83754
0.262427 0.855502
0.273076 2.57743
0.284869 0.363496
0.297669 1.34061
0.311354 0.351036
0.325811 1.03677
0.340943 0.349137
0.356663 0.319284
0.372896 0.413319
0.38958 0.421217
0.406658 0.484553
0.424083 0.408813
0.441813 0.429288
0.459814 0.646917
0.478055 0.730168
0.496509 0.650851
0.515153 0.521139
0.533968 0.513428
0.552936 0.704843
0.572042 0.630949
0.591273 0.514981
0.610616 0.460781
0.630061 0.888578
0.6496 0.591488
0.231334 0.992189
0.23228 6.1127
0.235095 1.88235
0.239714 1.66474
0.246036 1.31268
0.253932 6.82081
0.263261 2.62911
0.273878 0.674152
0.285637 0.516552
0.298405 0.53552
0.312058 0.530398
0.326484 0.361177
0.341586 0.385996
0.357277 0.282003
0.373484 0.217606
0.390143 0.340387
0.407197 0.389755
0.4246 0.347814
0.442309 0.32237
0.460291 0.48922
0.478513 0.388949
0.49695 0.343291
0.515579 0.646135
0.534379 0.673362
0.553333 0.584769
0.572425 0.635288
0.591643 1.04079
0.610975 0.988986
0.630409 0.603414
0.649938 0.505062
0.23416 1.09726
0.235095 3.84568
0.237878 1.49047
0.242444 1.16742
0.248696 2.00569
0.25651 1.22421
0.265749 1.4864
0.27627 1.36675
0.287932 0.339533
0.300602 0.496207
0.314159 0.465995
0.328493 0.306204
0.343506 0.682296
0.359114 0.351496
0.375242 0.326681
0.391825 0.344766
0.40881 0.542824
0.426146 0.545715
0.443794 0.29139
0.461718 0.382772
0.479886 0.621358
0.498272 0.445363
0.516853 0.433225
0.535609 0.907198
0.554521 0.699196
0.573574 0.572134
0.592755 0.505404
0.612051 0.517984
0.631452 0.67576
0.650949 0.716862
0.238798 5.21189
0.239714 3.25069
0.242444 1.31116
0.246926 0.343158
0.253067 0.336726
0.26075 1.30424
0.269844 1.78113
0.280211 0.577691
0.291715 1.10618
0.304228 0.323013
0.317631 0.474719
0.331815 0.408973
0.346684 0.321728
0.362155 0.518473
0.378153 0.332603
0.394614 0.256352
0.411483 0.270894
0.428712 0.362808
0.446259 0.364421
0.464087 0.387227
0.482166 0.336506
0.500468 0.427888
0.518971 0.650671
0.537652 0.438197
0.556495 0.696225
0.575482 0.605133
0.594602 0.626113
0.61384 0.797726
0.633187 0.843407
0.652632 0.64392
0.245143 0.997775
0.246036 2.17711
0.248696 5.71125
0.253067 2.40584
0.259062 1.47056
0.266573 2.11073
0.275475 0.89432
0.285637 0.852839
0.296932 1.00153
0.309234 0.493624
0.322428 0.345566
0.33641 0.392917
0.351085 0.194808
0.36637 0.415455
0.382191 0.577015
0.398486 0.355595
0.415198 0.483071
0.432278 0.377206
0.449686 0.347902
0.467383 0.460892
0.48534 0.324297
0.503527 0.441886
0.521921 0.546726
0.5405 0.401019
0.559247 0.590501
0.578144 0.610951
0.597178 0.681162
0.616336 0.58217
0.635607 0.500898
0.65498 0.687103
0.253067 2.44225
0.253932 1.47605
0.25651 0.860979
0.26075 0.532576
0.266573 0.573253
0.273878 2.50062
0.282549 1.18795
0.292466 0.609473
0.303507 0.999427
0.315552 0.345313
0.328493 0.34399
0.342227 0.446162
0.356663 0.23197
0.371718 0.272361
0.387322 0.327188
0.403409 0.607445
0.419925 0.800078
0.436821 0.469688
0.454054 0.388262
0.471588 0.694875
0.48939 0.916306
0.507432 0.627975
0.525689 0.57255
0.54414 0.352048
0.562765 0.407656
0.581548 0.585381
0.600474 0.679516
0.61953 1.10265
0.638705 0.793839
0.657987 0.55049
0.262427 1.16536
0.263261 0.812087
0.265749 0.739506
0.269844 0.899061
0.275475 1.09656
0.282549 1.38726
0.290963 1.15682
0.300602 0.422966
0.311354 0.248947
0.323108 0.491489
0.335757 0.401185
0.349205 0.306719
0.363364 0.437345
0.378153 0.2876
0.393501 0.292155
0.409346 0.274534
0.425631 0.380874
0.442309 0.437025
0.459337 0.341286
0.476676 0.387945
0.494295 0.45013
0.512164 0.588719
0.530258 0.547941
0.548556 0.521668
0.567036 0.542222
0.585682 0.528102
0.604479 0.421431
0.623412 0.574439
0.642471 0.791195
0.661643 0.770462
0.273076 2.14951
0.273878 0.407254
0.27627 0.555016
0.280211 0.627489
0.285637 0.41711
0.292466 0.266825
0.300602 0.374378
0.309942 0.473753
0.320381 0.277041
0.331815 0.461742
0.344144 0.564957
0.357277 0.468029
0.371128 0.333263
0.385619 0.343286
0.400681 0.435694
0.416253 0.423375
0.432278 0.422558
0.448709 0.487715
0.465503 0.55617
0.482621 0.378754
0.50003 0.729154
0.517701 0.654426
0.535609 0.5535
0.553729 0.532714
0.572042 0.727724
0.59053 0.628507
0.609177 0.719583
0.627969 0.794149
0.646894 0.574204
0.665939 0.685626
0.284869 1.68869
0.285637 1.50283
0.287932 0.894317
0.291715 1.05506
0.296932 0.570803
0.303507 0.480523
0.311354 0.718405
0.320381 0.342072
0.33049 0.219415
0.341586 0.456803
0.353575 0.460956
0.36637 0.33815
0.379889 0.474187
0.394058 0.213375
0.40881 0.564876
0.424083 0.377648
0.439823 0.334551
0.455982 0.479249
0.472517 0.311688
0.48939 0.442169
0.506567 0.412368
0.524017 0.498238
0.541716 0.525229
0.559639 0.576195
0.577765 0.493913
0.596075 0.780523
0.614554 0.734749
0.633187 0.911131
0.651959 0.703744
0.670861 0.707103
0.297669 0.58924
0.298405 0.594715
0.300602 0.473476
0.304228 0.344181
0.309234 0.395481
0.315552 0.228918
0.323108 0.517736
0.331815 0.525645
0.341586 0.271805
0.352332 0.436387
0.363967 0.265131
0.376409 0.270849
0.38958 0.388543
0.403409 0.616739
0.417831 0.52732
0.432785 0.395667
0.44822 0.494127
0.464087 0.260811
0.480343 0.4378
0.49695 0.436945
0.513874 0.499963
0.531085 0.467494
0.548556 0.580178
0.566262 0.7756
0.584182 0.55614
0.602298 0.450565
0.620592 0.631538
0.639048 0.743151
0.657653 0.692088
0.676396 0.573535
0.311354 0.424194
0.312058 0.742652
0.314159 0.881364
0.317631 0.321668
0.322428 0.509175
0.328493 0.536801
0.335757 0.545438
0.344144 0.521645
0.353575 0.235291
0.363967 0.533332
0.375242 0.351023
0.387322 0.356362
0.400134 0.28254
0.41361 0.531382
0.427688 0.893018
0.442309 0.330014
0.457423 0.295053
0.472981 0.343513
0.488941 0.438403
0.505266 0.838902
0.521921 0.547494
0.538874 0.546265
0.5561 0.62231
0.573574 0.435049
0.591273 0.753135
0.609177 0.567591
0.62727 0.553332
0.645536 0.403101
0.66396 0.676639
0.682529 0.805019
0.325811 0.466135
0.326484 0.384774
0.328493 0.482778
0.331815 0.478185
0.33641 0.392025
0.342227 0.502207
0.349205 0.377428
0.357277 0.564847
0.36637 0.285481
0.376409 0.633483
0.387322 0.460661
0.399036 0.356613
0.411483 0.407599
0.4246 0.299619
0.438324 0.40182
0.452603 0.547055
0.467383 0.540411
0.482621 0.36566
0.498272 0.657415
0.514301 0.458036
0.530672 0.438027
0.547355 0.734516
0.564322 0.627653
0.581548 0.677123
0.599012 0.590352
0.616692 0.543603
0.634571 0.513236
0.652632 0.612343
0.670861 0.662359
0.689244 0.826943
0.340943 0.294902
0.341586 0.586958
0.343506 0.368816
0.346684 0.462578
0.351085 0.352161
0.356663 0.348202
0.363364 0.224075
0.371128 0.466797
0.379889 0.327375
0.38958 0.384574
0.400134 0.285743
0.411483 0.324831
0.423565 0.469082
0.436318 0.605734
0.449686 0.400772
0.463614 0.372505
0.478055 0.753533
0.492962 0.644212
0.508295 0.396086
0.524017 0.636198
0.540094 0.584678
0.556495 0.486895
0.573191 0.686798
0.590159 0.583077
0.607375 0.560739
0.624818 0.760541
0.642471 0.615418
0.660316 0.791574
0.678338 0.623026
0.696524 0.79576
0.356663 0.298916
0.357277 0.421652
0.359114 0.377674
0.362155 0.825764
0.36637 0.29994
0.371718 0.450904
0.378153 0.42
0.385619 0.520581
0.394058 0.345433
0.403409 0.429173
0.41361 0.227291
0.4246 0.335461
0.436318 0.596781
0.448709 0.478959
0.461718 0.568982
0.475294 0.327754
0.48939 0.69938
0.503962 0.564364
0.518971 0.625181
0.534379 0.750782
0.550153 0.668537
0.566262 0.825678
0.582679 0.609068
0.599378 0.469142
0.616336 0.534046
0.633533 0.776946
0.650949 0.496328
0.668568 0.93173
0.686374 0.687233
0.704352 0.910917
0.372896 0.384528
0.373484 0.28565
0.375242 0.52875
0.378153 0.331065
0.382191 0.436925
0.387322 0.2688
0.393501 0.317255
0.400681 0.394769
0.40881 0.34801
0.417831 0.250642
0.427688 0.440534
0.438324 0.314886
0.449686 0.290079
0.461718 0.444828
0.47437 0.37542
0.487594 0.316435
0.501344 0.301406
0.515579 0.495272
0.530258 0.667998
0.545348 0.547785
0.560813 0.618214
0.576625 0.603184
0.592755 0.521156
0.609177 0.521082
0.62587 0.728638
0.642812 0.641025
0.659984 0.930075
0.677368 0.685262
0.694948 0.726737
0.71271 0.649209
0.38958 0.30756
0.390143 0.408619
0.391825 0.419014
0.394614 0.351335
0.398486 0.331051
0.403409 0.354205
0.409346 0.294965
0.416253 0.27986
0.424083 0.523504
0.432785 0.312291
0.442309 0.314687
0.452603 0.501206
0.463614 0.49135
0.475294 0.638314
0.487594 0.693743
0.500468 0.606796
0.513874 0.416821
0.527771 0.589768
0.542121 0.647543
0.556889 0.668479
0.572042 0.63467
0.587552 0.781959
0.603389 0.577087
0.61953 0.592802
0.635952 0.591823
0.652632 0.68335
0.669552 0.661937
0.686693 0.787355
0.704041 0.663629
0.721579 0.903146
0.406658 0.275102
0.407197 0.435165
0.40881 0.62792
0.411483 0.473844
0.415198 0.669371
0.419925 0.523588
0.425631 0.357945
0.432278 0.30513
0.439823 0.412865
0.44822 0.415022
0.457423 0.366211
0.467383 0.347187
0.478055 0.525648
0.48939 0.515093
0.501344 0.644726
0.513874 0.598799
0.526939 0.585217
0.5405 0.516175
0.554521 0.843502
0.568967 0.617785
0.583807 0.461866
0.599012 0.745493
0.614554 0.573541
0.630409 0.713496
0.646554 0.761262
0.662968 0.713188
0.67963 0.661903
0.696524 0.907949
0.713633 0.717099
0.730941 0.732278
0.424083 0.422811
0.4246 0.468092
0.426146 0.379165
0.428712 0.32208
0.432278 0.32793
0.436821 0.524909
0.442309 0.402888
0.448709 0.537471
0.455982 0.373517
0.464087 0.440278
0.472981 0.544863
0.482621 0.39699
0.492962 0.563295
0.503962 0.480197
0.515579 0.48584
0.527771 0.518642
0.5405 0.410586
0.553729 0.870288
0.567423 0.555899
0.581548 0.598712
0.596075 0.773679
0.610975 0.536755
0.626221 0.615215
0.641788 0.756568
0.657653 0.894886
0.673797 0.733431
0.690198 0.463306
0.706839 0.579938
0.723704 0.933727
0.740777 0.663445
0.441813 0.458157
0.442309 0.400772
0.443794 0.338237
0.446259 0.483497
0.449686 0.378394
0.454054 0.38922
0.459337 0.296639
0.465503 0.518293
0.472517 0.455861
0.480343 0.518655
0.488941 0.726703
0.498272 0.508428
0.508295 0.558441
0.518971 0.608817
0.530258 0.67094
0.542121 0.554707
0.554521 0.618696
0.567423 0.531962
0.580794 0.646192
0.594602 0.804872
0.608817 0.675463
0.623412 0.538702
0.638361 0.442183
0.653639 0.792368
0.669224 0.974792
0.685095 0.68385
0.701232 0.880615
0.717617 0.605184
0.734234 0.880605
0.751068 0.566679
0.459814 0.512491
0.460291 0.321607
0.461718 0.502794
0.464087 0.618497
0.467383 0.604899
0.471588 0.553222
0.476676 0.508789
0.482621 0.459591
0.48939 0.648636
0.49695 0.504553
0.505266 0.661364
0.514301 0.507282
0.524017 0.484752
0.534379 0.662659
0.545348 0.468346
0.556889 0.769395
0.568967 0.48408
0.581548 0.449428
0.594602 0.659354
0.608096 0.444113
0.622004 0.68479
0.636296 0.444693
0.650949 0.835131
0.665939 0.706796
0.681242 0.802246
0.696839 0.657359
0.71271 0.845001
0.728837 0.756014
0.745204 0.897923
0.761796 0.687801
0.478055 0.620275
0.478513 0.402945
0.479886 0.410215
0.482166 0.604465
0.48534 0.455436
0.48939 0.494668
0.494295 0.61638
0.50003 0.581836
0.506567 0.476026
0.513874 0.566453
0.521921 0.429919
0.530672 0.492439
0.540094 0.651263
0.550153 0.78171
0.560813 0.878926
0.572042 0.450073
0.583807 0.681307
0.596075 0.55916
0.608817 0.464045
0.622004 0.81793
0.635607 0.788407
0.6496 0.713853
0.66396 0.622721
0.678662 0.587577
0.693684 1.12761
0.709008 1.03202
0.724612 0.917672
0.74048 1.14773
0.756596 0.847133
0.772942 0.736234
0.496509 0.339164
0.49695 0.331723
0.498272 0.478042
0.500468 0.80416
0.503527 0.611479
0.507432 0.514883
0.512164 0.344667
0.517701 1.03856
0.524017 0.357973
0.531085 0.470735
0.538874 0.60782
0.547355 0.559832
0.556495 0.534195
0.566262 0.397996
0.576625 0.511786
0.587552 0.863601
0.599012 0.848555
0.610975 0.700786
0.623412 0.568719
0.636296 0.627521
0.6496 0.520165
0.663299 0.80917
0.677368 0.826002
0.691785 0.710837
0.706529 1.08693
0.721579 0.913035
0.736918 1.06236
0.752526 0.754602
0.768389 1.04517
0.78449 0.700358
0.515153 0.482123
0.515579 0.551305
0.516853 0.628535
0.518971 0.589025
0.521921 0.536149
0.525689 0.551539
0.530258 0.59
0.535609 0.624291
0.541716 0.641593
0.548556 0.759567
0.5561 0.415566
0.564322 0.420041
0.573191 0.786066
0.582679 0.352615
0.592755 0.526381
0.603389 0.49026
0.614554 0.846731
0.626221 0.696746
0.638361 0.611444
0.650949 0.758339
0.66396 0.623699
0.677368 0.569208
0.69115 0.740593
0.705286 0.727885
0.719753 0.959464
0.734533 0.552602
0.749606 0.834651
0.764956 1.09125
0.780566 1.02651
0.796421 1.0717
0.533968 0.755949
0.534379 0.611207
0.535609 0.554753
0.537652 0.564709
0.5405 0.40798
0.54414 0.838098
0.548556 0.585802
0.553729 0.431358
0.559639 0.753145
0.566262 0.762961
0.573574 0.98478
0.581548 0.577258
0.590159 0.562975
0.599378 0.57976
0.609177 0.611639
0.61953 0.570154
0.630409 0.580422
0.641788 0.625867
0.653639 0.618127
0.665939 0.613206
0.678662 0.980951
0.691785 0.818545
0.705286 0.686292
0.719143 0.888171
0.733337 0.636958
0.747849 1.02797
0.762659 1.08265
0.777751 0.98523
0.79311 1.07112
0.808719 1.14228
0.552936 0.820745
0.553333 0.488334
0.554521 0.832776
0.556495 0.610731
0.559247 0.521731
0.562765 0.480028
0.567036 0.569544
0.572042 0.647088
0.577765 0.545582
0.584182 0.579819
0.591273 0.614843
0.599012 0.798116
0.607375 0.615445
0.616336 0.666056
0.62587 0.524224
0.635952 0.615654
0.646554 0.964002
0.657653 0.488293
0.669224 0.634319
0.681242 0.691587
0.693684 0.784648
0.706529 0.899844
0.719753 0.586881
0.733337 0.656909
0.747262 0.70763
0.761508 0.92675
0.776057 0.914844
0.790894 0.992649
0.806002 0.997477
0.821366 0.964625
0.572042 0.628542
0.572425 0.517619
0.573574 0.405566
0.575482 0.535215
0.578144 0.653827
0.581548 0.743354
0.585682 0.579859
0.59053 0.716644
0.596075 0.524961
0.602298 0.545385
0.609177 0.603079
0.616692 0.688213
0.624818 0.894945
0.633533 0.53104
0.642812 0.696685
0.652632 0.712757
0.662968 0.526967
0.673797 0.823609
0.685095 0.770034
0.696839 0.792946
0.709008 0.846433
0.721579 0.666461
0.734533 1.07166
0.747849 0.986669
0.761508 0.719218
0.775492 1.30175
0.789784 1.21403
0.804368 0.844005
0.819227 1.27498
0.834348 0.810139
0.591273 0.513292
0.591643 0.695346
0.592755 0.79494
0.594602 0.576171
0.597178 0.595094
0.600474 0.68883
0.604479 0.673265
0.609177 0.603697
0.614554 0.588441
0.620592 0.799754
0.62727 0.886094
0.634571 0.468219
0.642471 0.757028
0.650949 0.61755
0.659984 0.570448
0.669552 0.72546
0.67963 1.00906
0.690198 0.70647
0.701232 0.900855
0.71271 0.908123
0.724612 0.886524
0.736918 0.936802
0.749606 0.744984
0.762659 0.816601
0.776057 0.97296
0.789784 1.16884
0.803822 0.855003
0.818156 1.19131
0.832769 1.05523
0.847648 0.893605
0.610616 0.580588
0.610975 0.583188
0.612051 0.759051
0.61384 0.689235
0.616336 0.72111
0.61953 0.703783
0.623412 0.661699
0.627969 0.912524
0.633187 0.512912
0.639048 0.603877
0.645536 0.732888
0.652632 0.840305
0.660316 0.89268
0.668568 0.645765
0.677368 0.853697
0.686693 0.910978
0.696524 0.919599
0.706839 0.782781
0.717617 0.881519
0.728837 0.779858
0.74048 0.931198
0.752526 0.754843
0.764956 0.865523
0.777751 1.14975
0.790894 0.891702
0.804368 0.651141
0.818156 1.06008
0.832242 1.03664
0.846612 0.92898
0.861252 0.956433
0.630061 0.622379
0.630409 0.740134
0.631452 0.759926
0.633187 0.813518
0.635607 0.510496
0.638705 0.68054
0.642471 0.609637
0.646894 0.701123
0.651959 0.578219
0.657653 0.747963
0.66396 0.743802
0.670861 0.688824
0.678338 0.690626
0.686374 0.7343
0.694948 0.748131
0.704041 0.892433
0.713633 0.831142
0.723704 0.636212
0.734234 0.976304
0.745204 0.984805
0.756596 0.799792
0.768389 1.27479
0.780566 0.723562
0.79311 0.789099
0.806002 0.843213
0.819227 1.14292
0.832769 0.977575
0.846612 0.874689
0.860743 0.952115
0.875146 1.31739
0.6496 0.770769
0.649938 0.647803
0.650949 0.647678
0.652632 0.796654
0.65498 0.727284
0.657987 0.70148
0.661643 0.917014
0.665939 0.701174
0.670861 0.93229
0.676396 0.674025
0.682529 0.83461
0.689244 0.782906
0.696524 0.529828
0.704352 0.858766
0.71271 0.662724
0.721579 0.809797
0.730941 1.01562
0.740777 1.10431
0.751068 0.934022
0.761796 0.886359
0.772942 0.99819
0.78449 1.26394
0.796421 1.10335
0.808719 0.883487
0.821366 0.833828
0.834348 0.913717
0.847648 1.06854
0.861252 0.932792
0.875146 0.883648
0.889317 1.05523
0.251327 0.529543
0.252199 2.10794
0.254794 1.5836
0.259062 1.07738
0.264922 0.938139
0.272271 0.592016
0.280993 1.00011
0.290963 0.585802
0.302058 1.1147
0.314159 0.554555
0.327155 0.381863
0.340943 0.83177
0.355431 0.583733
0.370536 0.227584
0.386187 0.313687
0.40232 0.406067
0.418879 0.374648
0.435815 0.642768
0.453087 0.474853
0.470657 0.610013
0.488493 0.493603
0.506567 0.490491
0.524854 0.638222
0.543333 0.445965
0.561985 0.513613
0.580794 0.501679
0.599743 0.723463
0.618822 0.569891
0.638018 0.541752
0.65732 0.708771
0.252199 1.57997
0.253067 1.32845
0.255654 0.617385
0.259908 0.535681
0.265749 0.476181
0.273076 2.20211
0.281772 1.20887
0.291715 0.22682
0.302783 0.529744
0.314857 0.7186
0.327825 0.331804
0.341586 0.298041
0.356047 0.36517
0.371128 0.397705
0.386755 0.364667
0.402865 0.564495
0.419402 0.352244
0.436318 0.382042
0.453571 0.395347
0.471123 0.457629
0.488941 0.404198
0.506999 0.272971
0.525272 0.516777
0.543737 0.552644
0.562375 0.469044
0.581171 0.779363
0.600109 0.564454
0.619176 0.535554
0.638361 0.862349
0.657653 0.790303
0.254794 1.41984
0.255654 0.573691
0.258214 5.49813
0.262427 0.839728
0.268213 0.489617
0.275475 0.476372
0.284098 0.632408
0.293962 0.728217
0.304949 0.301059
0.316939 1.08073
0.329826 0.278112
0.343506 0.48153
0.35789 0.385
0.372896 0.388637
0.388452 0.20803
0.404495 0.533118
0.420968 0.255121
0.437824 0.446985
0.455019 0.408075
0.472517 0.388394
0.490285 0.557723
0.508295 0.379614
0.526523 0.47397
0.544945 0.514775
0.563544 0.837511
0.582302 0.39237
0.601204 0.739157
0.620238 0.452909
0.639391 0.576097
0.658653 0.811754
0.259062 1.96634
0.259908 1.86141
0.262427 2.29889
0.266573 0.733768
0.272271 2.09176
0.279427 1.23692
0.287932 0.382183
0.297669 0.84931
0.308524 0.541642
0.320381 0.341064
0.333134 0.368508
0.346684 0.419888
0.360942 0.368056
0.375826 0.329713
0.391265 0.238298
0.407197 0.482246
0.423565 0.790349
0.440321 0.527255
0.457423 0.45615
0.474832 0.524144
0.492517 0.498453
0.510448 0.473406
0.528601 0.717575
0.546954 0.711156
0.565487 0.570832
0.584182 0.614441
0.603026 0.65842
0.622004 0.275033
0.641104 0.659181
0.660316 0.583228
0.264922 1.23249
0.265749 0.692279
0.268213 1.14457
0.272271 0.702944
0.277853 0.323097
0.284869 0.911237
0.293215 0.969224
0.302783 0.765476
0.31346 0.477276
0.325138 0.477095
0.337711 0.453675
0.351085 0.349505
0.36517 0.503343
0.379889 0.368535
0.39517 0.352694
0.41095 0.322747
0.427174 0.789953
0.443794 0.496275
0.460767 0.475433
0.478055 0.456717
0.495624 0.409864
0.513447 0.476055
0.531498 0.592234
0.549754 0.67592
0.568195 0.795491
0.586805 0.596526
0.605566 0.524565
0.624467 0.503569
0.643494 0.870286
0.662637 0.92906
0.272271 0.50368
0.273076 2.17787
0.275475 0.705418
0.279427 1.32631
0.284869 0.459753
0.291715 0.326734
0.299872 0.481014
0.309234 0.579223
0.319696 0.334837
0.331153 0.520047
0.343506 0.23435
0.356663 0.43389
0.370536 0.347152
0.38505 0.333883
0.400134 0.365683
0.415726 0.394353
0.431771 0.30912
0.44822 0.435788
0.465031 0.313812
0.482166 0.5006
0.499591 0.469214
0.517277 0.398052
0.535199 0.380753
0.553333 0.54306
0.571659 0.388865
0.590159 0.843241
0.608817 0.833346
0.62762 0.538577
0.646554 0.67393
0.665609 0.884911
0.280993 1.01398
0.281772 1.00911
0.284098 0.542027
0.287932 0.557031
0.293215 0.307178
0.299872 0.526831
0.307812 0.230398
0.316939 0.709305
0.327155 0.352495
0.33836 0.417574
0.350459 0.544864
0.363364 0.256658
0.376991 0.401115
0.391265 0.550417
0.406118 0.442887
0.421489 0.418209
0.437323 0.300966
0.453571 0.541669
0.470191 0.780363
0.487144 0.362158
0.504397 0.599479
0.521921 0.730322
0.539688 0.578531
0.557676 0.563657
0.575863 0.802106
0.594233 0.46691
0.612767 0.93873
0.631452 0.571256
0.650275 0.743278
0.669224 0.861564
0.290963 0.968605
0.291715 1.17506
0.293962 0.979578
0.297669 1.39611
0.302783 0.790265
0.309234 0.490787
0.316939 0.694762
0.325811 0.292447
0.335757 0.441187
0.346684 0.397574
0.358503 0.261207
0.371128 0.35974
0.38448 0.400239
0.398486 0.43768
0.413079 0.301969
0.4282 0.327059
0.443794 0.544088
0.459814 0.399847
0.476216 0.598158
0.492962 0.536779
0.510019 0.413235
0.527355 0.54987
0.544945 0.629675
0.562765 0.682126
0.580794 0.47861
0.599012 0.755744
0.617403 0.60544
0.635952 0.688424
0.654645 0.763112
0.673471 0.844155
0.302058 0.484472
0.302783 0.909868
0.304949 0.302383
0.308524 0.234992
0.31346 0.412965
0.319696 0.529121
0.327155 0.290674
0.335757 0.701692
0.345416 0.418979
0.356047 0.3482
0.367565 0.384217
0.379889 0.307703
0.392943 0.353376
0.406658 0.513491
0.420968 0.552469
0.435815 0.52094
0.451147 0.412315
0.466914 0.311004
0.483075 0.694132
0.499591 0.448966
0.516429 0.491592
0.533557 0.417856
0.550949 0.563528
0.568581 0.520781
0.586431 0.736958
0.604479 0.41962
0.622708 0.625475
0.641104 0.687968
0.659651 1.04379
0.678338 0.450686
0.314159 0.512176
0.314857 0.849575
0.316939 0.732639
0.320381 0.551568
0.325138 0.416673
0.331153 0.414036
0.33836 0.316261
0.346684 0.439614
0.356047 0.253697
0.36637 0.400909
0.377572 0.330258
0.38958 0.350212
0.40232 0.290192
0.415726 0.29389
0.429734 0.313312
0.444288 0.35942
0.459337 0.43222
0.474832 0.382332
0.490732 0.580411
0.506999 0.598006
0.523599 0.633649
0.5405 0.625125
0.557676 0.651888
0.575101 0.488258
0.592755 0.584141
0.610616 0.561476
0.628667 0.476468
0.646894 0.518746
0.66528 1.22916
0.683813 1.09359
0.327155 0.410573
0.327825 0.6626
0.329826 0.383293
0.333134 0.334638
0.337711 0.410106
0.343506 0.454151
0.350459 0.45863
0.358503 0.540757
0.367565 0.320585
0.377572 0.27531
0.388452 0.402202
0.400134 0.369205
0.412548 0.626307
0.425631 0.405986
0.439324 0.453747
0.453571 0.281498
0.468321 0.378313
0.483529 0.548072
0.499152 0.408575
0.515153 0.436837
0.531498 0.427966
0.548156 0.633079
0.565099 0.743411
0.582302 0.575175
0.599743 0.866675
0.617403 0.596353
0.635261 0.688166
0.653304 0.991287
0.671514 0.82914
0.68988 0.840404
0.340943 0.455853
0.341586 0.441043
0.343506 0.269913
0.346684 0.442975
0.351085 0.466184
0.356663 0.381424
0.363364 0.500594
0.371128 0.258525
0.379889 0.398616
0.38958 0.432454
0.400134 0.301095
0.411483 0.353057
0.423565 0.492053
0.436318 0.458613
0.449686 0.534904
0.463614 0.383623
0.478055 0.366855
0.492962 0.442752
0.508295 0.404232
0.524017 0.77177
0.540094 0.728703
0.556495 0.570681
0.573191 0.4718
0.590159 0.83772
0.607375 0.656652
0.624818 0.600611
0.642471 0.630782
0.660316 0.587578
0.678338 0.773614
0.696524 0.818437
0.355431 0.291552
0.356047 0.276209
0.35789 0.529435
0.360942 0.409262
0.36517 0.326417
0.370536 0.400672
0.376991 0.271249
0.38448 0.32431
0.392943 0.32375
0.40232 0.318865
0.412548 0.547994
0.423565 0.50719
0.435312 0.375227
0.447731 0.466285
0.460767 0.386263
0.47437 0.458203
0.488493 0.441016
0.503091 0.408315
0.518125 0.350543
0.533557 0.503367
0.549355 0.463288
0.565487 0.57219
0.581925 0.70828
0.598645 0.491969
0.615624 0.701234
0.63284 0.812022
0.650275 0.60433
0.667912 0.8311
0.685735 0.620908
0.703729 0.733897
0.370536 0.450895
0.371128 0.402537
0.372896 0.260903
0.375826 0.355012
0.379889 0.330537
0.38505 0.420425
0.391265 0.31385
0.398486 0.376245
0.406658 0.519886
0.415726 0.650819
0.425631 0.214356
0.436318 0.32278
0.447731 0.544363
0.459814 0.474762
0.472517 0.576159
0.485791 0.643058
0.499591 0.413742
0.513874 0.562961
0.528601 0.499821
0.543737 0.767122
0.559247 0.691769
0.575101 0.482915
0.591273 0.730206
0.607736 0.602235
0.624467 0.757186
0.641446 1.11771
0.658653 0.82468
0.676071 0.724456
0.693684 0.571962
0.711478 0.912192
0.386187 0.44665
0.386755 0.403902
0.388452 0.323064
0.391265 0.304459
0.39517 0.338707
0.400134 0.38613
0.406118 0.332217
0.413079 0.351226
0.420968 0.344241
0.429734 0.459178
0.439324 0.533639
0.449686 0.352699
0.460767 0.420567
0.472517 0.5142
0.484888 0.366291
0.497832 0.589497
0.511307 0.602541
0.525272 0.515099
0.539688 0.635276
0.554521 0.549429
0.569737 0.461103
0.585308 0.579831
0.601204 0.684536
0.617403 0.66957
0.633879 0.625828
0.650612 1.04015
0.667583 0.841843
0.684774 0.715408
0.702169 0.912021
0.719753 0.90207
0.40232 0.411547
0.402865 0.312323
0.404495 0.252537
0.407197 0.417425
0.41095 0.273335
0.415726 0.297632
0.421489 0.305391
0.4282 0.57369
0.435815 0.568826
0.444288 0.246124
0.453571 0.399041
0.463614 0.271158
0.47437 0.429874
0.485791 0.523928
0.497832 0.294314
0.510448 0.41048
0.523599 0.461719
0.537244 0.77467
0.551347 0.413368
0.565874 0.619687
0.580794 0.529746
0.596075 0.667102
0.611692 0.901508
0.62762 0.753476
0.643835 0.460775
0.660316 0.81098
0.677044 0.792565
0.694001 0.639077
0.71117 0.763917
0.728536 0.883892
0.418879 0.429888
0.419402 0.312638
0.420968 0.50989
0.423565 0.263033
0.427174 0.64775
0.431771 0.463654
0.437323 0.430184
0.443794 0.45751
0.451147 0.447601
0.459337 0.394544
0.468321 0.366749
0.478055 0.557394
0.488493 0.506523
0.499591 0.471937
0.511307 0.57273
0.523599 0.408241
0.536427 0.46253
0.549754 0.380464
0.563544 0.452831
0.577765 0.728867
0.592384 0.769116
0.607375 1.03068
0.622708 0.740786
0.638361 0.516681
0.65431 0.560594
0.670534 0.6522
0.687013 0.573588
0.703729 0.878171
0.720667 0.885092
0.73781 0.768756
0.435815 0.294246
0.436318 0.495168
0.437824 0.443317
0.440321 0.604061
0.443794 0.51227
0.44822 0.523201
0.453571 0.435841
0.459814 0.347051
0.466914 0.38154
0.474832 0.517111
0.483529 0.501144
0.492962 0.619151
0.503091 0.48143
0.513874 0.377373
0.525272 0.535885
0.537244 0.506574
0.549754 0.81007
0.562765 0.443985
0.576244 0.748512
0.590159 0.490026
0.604479 0.576006
0.619176 0.564701
0.634225 0.668977
0.6496 0.693001
0.66528 0.794152
0.681242 0.698841
0.697468 0.581634
0.71394 0.757405
0.730641 0.827024
0.747555 1.11873
0.453087 0.475279
0.453571 0.641657
0.455019 0.521854
0.457423 0.315823
0.460767 0.520895
0.465031 0.413063
0.470191 0.4864
0.476216 0.529793
0.483075 0.437973
0.490732 0.5639
0.499152 0.556845
0.508295 0.64291
0.518125 0.470001
0.528601 0.698363
0.539688 0.499089
0.551347 0.589038
0.563544 0.506516
0.576244 0.518184
0.589415 0.804758
0.603026 0.682463
0.617047 0.866707
0.631452 0.845411
0.646215 0.660575
0.661312 1.10595
0.67672 0.818142
0.692419 0.894431
0.708389 0.88994
0.724612 0.709804
0.741073 0.784258
0.757754 0.960663
0.470657 0.518657
0.471123 0.409618
0.472517 0.410633
0.474832 0.426214
0.478055 0.453643
0.482166 0.540724
0.487144 0.359745
0.492962 0.350618
0.499591 0.352532
0.506999 0.775299
0.515153 0.443435
0.524017 1.00297
0.533557 0.474247
0.543737 0.716595
0.554521 0.883718
0.565874 0.708152
0.577765 0.569425
0.590159 0.983834
0.603026 0.416152
0.616336 0.66692
0.630061 0.606303
0.644175 0.879995
0.658653 0.86251
0.673471 0.767513
0.688607 0.660175
0.704041 0.67459
0.719753 0.674597
0.735726 0.692039
0.751943 0.880497
0.768389 0.815139
0.488493 0.715123
0.488941 0.443329
0.490285 0.724655
0.492517 0.540587
0.495624 0.744301
0.499591 0.575009
0.504397 0.379787
0.510019 0.493949
0.516429 0.50513
0.523599 0.464013
0.531498 0.735645
0.540094 0.519691
0.549355 0.641279
0.559247 0.419873
0.569737 0.649958
0.580794 0.50737
0.592384 0.726873
0.604479 0.791512
0.617047 0.603907
0.630061 0.732542
0.643494 0.593709
0.65732 0.695409
0.671514 0.787396
0.686054 1.01688
0.700919 0.847504
0.716087 0.992952
0.731541 0.779939
0.747262 0.860748
0.763234 1.16878
0.779441 0.760831
0.506567 0.415625
0.506999 0.595876
0.508295 0.609129
0.510448 0.64609
0.513447 0.340993
0.517277 0.716292
0.521921 0.470197
0.527355 0.718405
0.533557 0.384459
0.5405 0.611571
0.548156 0.617488
0.556495 0.789027
0.565487 0.593786
0.575101 0.47725
0.585308 0.377648
0.596075 0.679393
0.607375 0.576013
0.619176 0.754573
0.631452 0.913359
0.644175 0.776905
0.65732 0.635062
0.670861 0.754337
0.684774 0.918929
0.699039 0.998178
0.713633 0.737848
0.728536 0.712746
0.743731 0.923448
0.7592 0.973809
0.774926 0.848294
0.790894 0.833518
0.524854 0.625329
0.525272 0.806141
0.526523 0.488562
0.528601 0.581363
0.531498 0.442205
0.535199 0.517764
0.539688 0.559809
0.544945 0.69157
0.550949 0.545046
0.557676 0.654375
0.565099 0.400285
0.573191 0.765244
0.581925 0.986606
0.591273 0.612394
0.601204 0.619427
0.611692 0.916042
0.622708 0.980759
0.634225 0.78157
0.646215 0.604025
0.658653 0.803004
0.671514 0.88745
0.684774 0.578904
0.698411 0.615858
0.712402 0.801784
0.726728 0.828356
0.741369 0.965574
0.756306 1.30872
0.771522 1.06623
0.787002 0.841088
0.80273 0.753985
0.543333 1.24088
0.543737 0.584918
0.544945 0.513742
0.546954 0.517757
0.549754 0.640422
0.553333 0.510867
0.557676 0.744605
0.562765 0.474443
0.568581 0.657895
0.575101 0.5993
0.582302 0.441861
0.590159 0.626603
0.598645 0.707295
0.607736 0.58792
0.617403 0.809663
0.62762 0.749307
0.638361 0.804917
0.6496 0.727311
0.661312 0.687668
0.673471 0.702213
0.686054 0.661683
0.699039 1.1406
0.712402 0.950012
0.726124 0.762255
0.740184 0.664718
0.754564 1.02178
0.769245 1.02785
0.78421 0.99511
0.799445 0.643518
0.814932 0.73757
0.561985 0.751788
0.562375 0.676566
0.563544 0.402064
0.565487 0.679904
0.568195 0.450138
0.571659 0.737073
0.575863 0.669008
0.580794 0.961575
0.586431 0.579489
0.592755 0.660979
0.599743 0.467371
0.607375 0.665163
0.615624 0.705392
0.624467 0.699722
0.633879 0.79834
0.643835 0.51941
0.65431 0.538248
0.66528 0.504993
0.67672 0.598879
0.688607 0.604757
0.700919 0.653667
0.713633 0.788358
0.726728 0.611197
0.740184 0.779946
0.753982 0.775036
0.768104 0.972949
0.782531 1.1155
0.797247 1.24518
0.812237 0.753207
0.827485 1.40997
0.580794 0.65601
0.581171 0.593111
0.582302 0.656851
0.584182 0.674698
0.586805 0.724016
0.590159 0.853972
0.594233 0.754828
0.599012 0.615298
0.604479 0.654424
0.610616 0.611415
0.617403 0.615286
0.624818 0.719384
0.63284 0.701139
0.641446 0.717034
0.650612 0.999127
0.660316 0.522175
0.670534 0.849875
0.681242 0.580154
0.692419 0.728049
0.704041 0.840196
0.716087 1.11316
0.728536 0.735952
0.741369 0.524399
0.754564 0.844588
0.768104 0.636052
0.78197 1.13001
0.796146 0.978966
0.810615 0.90236
0.825362 1.01929
0.840372 0.983962
0.599743 0.369508
0.600109 0.5962
0.601204 0.540744
0.603026 0.549697
0.605566 0.643991
0.608817 0.478566
0.612767 0.794602
0.617403 0.597312
0.622708 0.710739
0.628667 0.850206
0.635261 0.400886
0.642471 0.687654
0.650275 0.611948
0.658653 0.751186
0.667583 0.80444
0.677044 0.728748
0.687013 0.59276
0.697468 0.941474
0.708389 0.706201
0.719753 0.779712
0.731541 0.466786
0.743731 0.833373
0.756306 0.907717
0.769245 1.25293
0.782531 1.18464
0.796146 1.10646
0.810073 0.748272
0.824298 1.14153
0.838805 1.50538
0.853578 1.11652
0.618822 0.677925
0.619176 0.709864
0.620238 0.777675
0.622004 0.768809
0.624467 0.505693
0.62762 0.686088
0.631452 0.657835
0.635952 0.880642
0.641104 0.531545
0.646894 0.653437
0.653304 0.891036
0.660316 0.562476
0.667912 0.505578
0.676071 0.622066
0.684774 1.40207
0.694001 0.692103
0.703729 0.844211
0.71394 0.943508
0.724612 0.874333
0.735726 1.00622
0.747262 0.838074
0.7592 0.936077
0.771522 0.856653
0.78421 0.766108
0.797247 1.21698
0.810615 0.726237
0.824298 1.03712
0.838281 1.25609
0.85255 0.957149
0.86709 0.724149
0.638018 0.780814
0.638361 0.563501
0.639391 0.619845
0.641104 0.546184
0.643494 0.770687
0.646554 0.912344
0.650275 0.546175
0.654645 0.76401
0.659651 0.898607
0.66528 0.672661
0.671514 0.669553
0.678338 0.427413
0.685735 0.832775
0.693684 0.655105
0.702169 0.517142
0.71117 0.665158
0.720667 0.69858
0.730641 0.812169
0.741073 0.549727
0.751943 0.705084
0.763234 0.908325
0.774926 0.765623
0.787002 1.24354
0.799445 0.893641
0.812237 1.20694
0.825362 0.993954
0.838805 0.984835
0.85255 0.831311
0.866584 1.02556
0.880892 1.01568
0.65732 0.677122
0.657653 0.830318
0.658653 0.668557
0.660316 0.688163
0.662637 0.603557
0.665609 0.907915
0.669224 0.662685
0.673471 0.836394
0.678338 0.687736
0.683813 0.685595
0.68988 0.531964
0.696524 0.621443
0.703729 0.913659
0.711478 0.841358
0.719753 0.682382
0.728536 0.9442
0.73781 0.840044
0.747555 0.844919
0.757754 0.840872
0.768389 1.1574
0.779441 0.70168
0.790894 1.07446
0.80273 0.851521
0.814932 1.06837
0.827485 1.03405
0.840372 1.02274
0.853578 1.21256
0.86709 0.954894
0.880892 1.34282
0.894971 1.37663
0.272271 0.407545
0.273076 2.28905
0.275475 0.547479
0.279427 1.18183
0.284869 0.694956
0.291715 0.57081
0.299872 1.01523
0.309234 0.389555
0.319696 0.62153
0.331153 0.474898
0.343506 0.283178
0.356663 0.370745
0.370536 0.286443
0.38505 0.324221
0.400134 0.386959
0.415726 0.484256
0.431771 0.531758
0.44822 0.260863
0.465031 0.329864
0.482166 0.750946
0.499591 0.636808
0.517277 0.452493
0.535199 0.550514
0.553333 0.611395
0.571659 0.582366
0.590159 0.706914
0.608817 0.647591
0.62762 0.682072
0.646554 0.760023
0.665609 0.861342
0.273076 0.373127
0.273878 1.37553
0.27627 0.975989
0.280211 0.621117
0.285637 1.16428
0.292466 0.694213
0.300602 1.50446
0.309942 0.524171
0.320381 0.258494
0.331815 0.344678
0.344144 0.702361
0.357277 0.451953
0.371128 0.357686
0.385619 0.245311
0.400681 0.570165
0.416253 0.496959
0.432278 0.43094
0.448709 0.571817
0.465503 0.438677
0.482621 0.489095
0.50003 0.583813
0.517701 0.548058
0.535609 0.389282
0.553729 0.579255
0.572042 0.566842
0.59053 0.515468
0.609177 0.418179
0.627969 0.70591
0.646894 0.676568
0.665939 0.887272
0.275475 0.812777
0.27627 1.00972
0.278641 0.585581
0.282549 0.787543
0.287932 0.275628
0.294708 0.47428
0.302783 0.398016
0.312058 0.306821
0.322428 0.330388
0.333792 0.360016
0.346051 0.52117
0.359114 0.41079
0.372896 0.367592
0.387322 0.301922
0.40232 0.383344
0.417831 0.403059
0.433798 0.387452
0.450173 0.446666
0.466914 0.648547
0.483982 0.427573
0.501344 0.508054
0.518971 0.558578
0.536836 0.455349
0.554916 0.484255
0.573191 0.636729
0.591643 0.787444
0.610257 0.864444
0.629016 0.471057
0.64791 0.772429
0.666926 0.662244
0.279427 0.925497
0.280211 2.07362
0.282549 1.40598
0.286404 1.22937
0.291715 1.7896
0.298405 0.753543
0.306384 0.422856
0.315552 0.496559
0.325811 0.338806
0.337061 0.302431
0.349205 0.58045
0.362155 0.315838
0.375826 0.306535
0.390143 0.298898
0.405037 0.304897
0.420447 0.289257
0.436318 0.589917
0.452603 0.407165
0.469257 0.517758
0.486243 0.479794
0.503527 0.629744
0.521079 0.475787
0.538874 0.504784
0.556889 0.613736
0.575101 0.387197
0.593494 0.72227
0.612051 0.67807
0.630757 0.820961
0.6496 0.567897
0.668568 0.911488
0.284869 0.838032
0.285637 0.400132
0.287932 0.692381
0.291715 0.598186
0.296932 0.458469
0.303507 0.470985
0.311354 0.635064
0.320381 0.541713
0.33049 0.508238
0.341586 0.341696
0.353575 0.76299
0.36637 0.591482
0.379889 0.314257
0.394058 0.350048
0.40881 0.290084
0.424083 0.439002
0.439823 0.31712
0.455982 0.460308
0.472517 0.512178
0.48939 0.792138
0.506567 0.578668
0.524017 0.442839
0.541716 0.520771
0.559639 0.56362
0.577765 0.424011
0.596075 0.838913
0.614554 0.61792
0.633187 0.624398
0.651959 0.808438
0.670861 0.798987
0.291715 0.642434
0.292466 1.25137
0.294708 0.339986
0.298405 0.712871
0.303507 0.470613
0.309942 0.221845
0.317631 0.494669
0.326484 0.25689
0.33641 0.385902
0.347316 0.293633
0.359114 0.467353
0.371718 0.455268
0.38505 0.395724
0.399036 0.615633
0.41361 0.344756
0.428712 0.415848
0.444288 0.450393
0.460291 0.416857
0.476676 0.569841
0.493407 0.572524
0.510448 0.363223
0.527771 0.478781
0.545348 0.934594
0.563155 0.527644
0.581171 0.721127
0.599378 0.563172
0.617758 0.526617
0.636296 0.556698
0.65498 0.7435
0.673797 0.629259
0.299872 0.407239
0.300602 0.54767
0.302783 0.394173
0.306384 0.415477
0.311354 0.420942
0.317631 0.376748
0.325138 0.4972
0.333792 0.430872
0.343506 0.348118
0.354194 0.423765
0.36577 0.413102
0.378153 0.257709
0.391265 0.310724
0.405037 0.427777
0.419402 0.266569
0.434303 0.363167
0.449686 0.414068
0.465503 0.386188
0.481711 0.557423
0.498272 0.588134
0.515153 0.533052
0.532323 0.495555
0.549754 0.543667
0.567423 0.671227
0.585308 0.58153
0.603389 0.524595
0.621651 0.765778
0.640077 0.782642
0.658653 0.734936
0.677368 0.580453
0.309234 0.531262
0.309942 0.625945
0.312058 0.892503
0.315552 0.578483
0.320381 0.742528
0.326484 0.500962
0.333792 0.490575
0.342227 0.499583
0.351709 0.434415
0.362155 0.303203
0.373484 0.579594
0.385619 0.334557
0.398486 0.375252
0.412016 0.390554
0.426146 0.374812
0.440819 0.323331
0.455982 0.422605
0.471588 0.498056
0.487594 0.63501
0.503962 0.435692
0.520658 0.395961
0.537652 0.643176
0.554916 0.390751
0.572425 0.644666
0.590159 0.58973
0.608096 0.600982
0.626221 1.02261
0.644516 1.16465
0.662968 0.601126
0.681564 0.787584
0.319696 0.278546
0.320381 0.323947
0.322428 0.267505
0.325811 0.405677
0.33049 0.440947
0.33641 0.331132
0.343506 0.482114
0.351709 0.298606
0.360942 0.507096
0.371128 0.514992
0.382191 0.38524
0.394058 0.387651
0.406658 0.43961
0.419925 0.408163
0.433798 0.638649
0.44822 0.425972
0.463141 0.556798
0.478513 0.711507
0.494295 0.554219
0.510448 0.425943
0.526939 0.470894
0.543737 0.524291
0.560813 0.925927
0.578144 0.612639
0.595707 0.548691
0.613483 0.773511
0.631452 0.64143
0.6496 0.798913
0.667912 0.712337
0.686374 0.502288
0.331153 0.323532
0.331815 0.31717
0.333792 0.30989
0.337061 0.346239
0.341586 0.271689
0.347316 0.393904
0.354194 0.386494
0.362155 0.263611
0.371128 0.197106
0.381042 0.388209
0.391825 0.458409
0.403409 0.290766
0.415726 0.472486
0.428712 0.465059
0.442309 0.317088
0.456463 0.331062
0.471123 0.367468
0.486243 0.499484
0.501781 0.393124
0.517701 0.526271
0.533968 0.47223
0.550551 0.61342
0.567423 0.697997
0.584558 0.39382
0.601934 0.704474
0.61953 0.733671
0.63733 0.606234
0.655315 0.642731
0.673471 0.752256
0.691785 0.636714
0.343506 0.375415
0.344144 0.542331
0.346051 0.304931
0.349205 0.481161
0.353575 0.323675
0.359114 0.237857
0.36577 0.339077
0.373484 0.486667
0.382191 0.268342
0.391825 0.321444
0.40232 0.309464
0.41361 0.35662
0.425631 0.425159
0.438324 0.521633
0.451632 0.433883
0.465503 0.304023
0.479886 0.312021
0.494739 0.726773
0.510019 0.536497
0.525689 0.560204
0.541716 0.804088
0.558069 0.591756
0.57472 0.614856
0.591643 0.41627
0.608817 0.715996
0.626221 0.676652
0.643835 0.611884
0.661643 0.748847
0.67963 0.657659
0.697783 0.793477
0.356663 0.297193
0.357277 0.338826
0.359114 0.482667
0.362155 0.485287
0.36637 0.568141
0.371718 0.434726
0.378153 0.333886
0.385619 0.330285
0.394058 0.278348
0.403409 0.347165
0.41361 0.267789
0.4246 0.314733
0.436318 0.379866
0.448709 0.52838
0.461718 0.347833
0.475294 0.293169
0.48939 0.543995
0.503962 0.480294
0.518971 0.574293
0.534379 0.584724
0.550153 0.574754
0.566262 0.649067
0.582679 0.588989
0.599378 0.360821
0.616336 0.463641
0.633533 0.732687
0.650949 0.576974
0.668568 0.736772
0.686374 0.596567
0.704352 0.534162
0.370536 0.620842
0.371128 0.331972
0.372896 0.550647
0.375826 0.372559
0.379889 0.383249
0.38505 0.584153
0.391265 0.572392
0.398486 0.268898
0.406658 0.320275
0.415726 0.342502
0.425631 0.380683
0.436318 0.570166
0.447731 0.539727
0.459814 0.343463
0.472517 0.467667
0.485791 0.401564
0.499591 0.661921
0.513874 0.437227
0.528601 1.13139
0.543737 0.509986
0.559247 0.557195
0.575101 0.619319
0.591273 0.535417
0.607736 0.744161
0.624467 0.602285
0.641446 0.632896
0.658653 1.04598
0.676071 0.746253
0.693684 0.701663
0.711478 0.573009
0.38505 0.36122
0.385619 0.426463
0.387322 0.396138
0.390143 0.357965
0.394058 0.50321
0.399036 0.371844
0.405037 0.360109
0.412016 0.407265
0.419925 0.360165
0.428712 0.501589
0.438324 0.391793
0.448709 0.292361
0.459814 0.448279
0.471588 0.355283
0.483982 0.618779
0.49695 0.791676
0.510448 0.518702
0.524436 0.522212
0.538874 0.673382
0.553729 0.741946
0.568967 0.540042
0.584558 0.507409
0.600474 0.613127
0.616692 0.655244
0.633187 0.450646
0.649938 0.772545
0.666926 0.517897
0.684133 0.652245
0.701544 0.729248
0.719143 0.605826
0.400134 0.570391
0.400681 0.300838
0.40232 0.4271
0.405037 0.626067
0.40881 0.319017
0.41361 0.660283
0.419402 0.583717
0.426146 0.400759
0.433798 0.571177
0.442309 0.343969
0.451632 0.35745
0.461718 0.368131
0.472517 0.507538
0.483982 0.59035
0.496067 0.42642
0.508727 0.81565
0.521921 0.475661
0.535609 0.743918
0.549754 0.661001
0.564322 0.504053
0.579281 0.437165
0.594602 0.732442
0.610257 0.711086
0.626221 0.645882
0.642471 0.666217
0.658986 0.691011
0.675747 0.755694
0.692735 0.746223
0.709935 0.931333
0.727331 1.14497
0.415726 0.227013
0.416253 0.28104
0.417831 0.37952
0.420447 0.434011
0.424083 0.476577
0.428712 0.29197
0.434303 0.361684
0.440819 0.407599
0.44822 0.469636
0.456463 0.403692
0.465503 0.4207
0.475294 0.493914
0.485791 0.524683
0.49695 0.427319
0.508727 0.653026
0.521079 0.662456
0.533968 0.524528
0.547355 0.576176
0.561204 0.394534
0.575482 0.757464
0.590159 0.809689
0.605204 0.70716
0.620592 0.741579
0.636296 0.773689
0.652296 0.61015
0.668568 0.669753
0.685095 0.700861
0.701857 0.652345
0.718838 0.691308
0.736024 1.07544
0.431771 0.498187
0.432278 0.383319
0.433798 0.346167
0.436318 0.303849
0.439823 0.299227
0.444288 0.490067
0.449686 0.361076
0.455982 0.580835
0.463141 0.606753
0.471123 0.404087
0.479886 0.402927
0.48939 0.45515
0.499591 0.472312
0.510448 0.423987
0.521921 0.459359
0.533968 0.740167
0.546553 0.716835
0.559639 0.708724
0.573191 0.54227
0.587178 0.514834
0.601569 0.546147
0.616336 0.654306
0.631452 1.01275
0.646894 0.605237
0.662637 0.566658
0.678662 0.57588
0.694948 0.78082
0.711478 0.594835
0.728235 0.954619
0.745204 0.710545
0.44822 0.373655
0.448709 0.357985
0.450173 0.41686
0.452603 0.816179
0.455982 0.82426
0.460291 0.304617
0.465503 0.482124
0.471588 0.493413
0.478513 0.353506
0.486243 0.524585
0.494739 0.554218
0.503962 0.586051
0.513874 0.614771
0.524436 0.389074
0.535609 0.786655
0.547355 0.532899
0.559639 0.522161
0.572425 0.442689
0.585682 0.469343
0.599378 0.60964
0.613483 0.461436
0.627969 0.549144
0.642812 0.692398
0.657987 0.674222
0.673471 0.580139
0.689244 0.826157
0.705286 0.736383
0.721579 0.569719
0.738107 0.544925
0.754854 0.823136
0.465031 0.438587
0.465503 0.354966
0.466914 0.331379
0.469257 0.478309
0.472517 0.333676
0.476676 0.510503
0.481711 0.407991
0.487594 0.40251
0.494295 0.461513
0.501781 0.375139
0.510019 0.405131
0.518971 0.512553
0.528601 0.655827
0.538874 0.545468
0.549754 0.355113
0.561204 0.470997
0.573191 0.6525
0.585682 0.746681
0.598645 0.61359
0.612051 0.523149
0.62587 0.844799
0.640077 0.65625
0.654645 0.811825
0.669552 0.590327
0.684774 0.789752
0.700293 0.720479
0.716087 0.681602
0.73214 0.792772
0.748435 0.810055
0.764956 1.0048
0.482166 0.693077
0.482621 0.517571
0.483982 0.479187
0.486243 0.419427
0.48939 0.483932
0.493407 0.532388
0.498272 0.320684
0.503962 0.570007
0.510448 0.530248
0.517701 0.514283
0.525689 0.512768
0.534379 0.602989
0.543737 0.72403
0.553729 0.440042
0.564322 0.590908
0.575482 0.567886
0.587178 0.586227
0.599378 0.426939
0.612051 0.535036
0.625169 1.01587
0.638705 0.847136
0.652632 0.554902
0.666926 0.791942
0.681564 0.769327
0.696524 0.869947
0.711786 0.997222
0.727331 0.806682
0.743141 1.03839
0.7592 1.20987
0.775492 0.98318
0.499591 0.961607
0.50003 0.595649
0.501344 0.496158
0.503527 0.541094
0.506567 1.04272
0.510448 0.525711
0.515153 0.794367
0.520658 0.477518
0.526939 0.596941
0.533968 0.52768
0.541716 0.366534
0.550153 0.475063
0.559247 0.488211
0.568967 0.619492
0.579281 0.695337
0.590159 0.415477
0.601569 0.537099
0.613483 0.664614
0.62587 0.772741
0.638705 0.823562
0.651959 0.490326
0.665609 0.651117
0.67963 0.719032
0.694001 0.681767
0.708698 0.571274
0.723704 0.735927
0.738998 0.595128
0.754564 0.875698
0.770384 0.746084
0.786445 1.09715
0.517277 0.656108
0.517701 0.660711
0.518971 0.440321
0.521079 0.581991
0.524017 0.620439
0.527771 0.562678
0.532323 0.59079
0.537652 0.497836
0.543737 0.830309
0.550551 0.52063
0.558069 0.527888
0.566262 0.598597
0.575101 0.558179
0.584558 0.646082
0.594602 0.727408
0.605204 0.861633
0.616336 0.578574
0.627969 0.59368
0.640077 0.658342
0.652632 0.707892
0.665609 0.716964
0.678985 0.706257
0.692735 0.611776
0.706839 0.82003
0.721275 0.65664
0.736024 0.909306
0.751068 0.991892
0.766388 0.94835
0.78197 0.799504
0.797797 0.851035
0.535199 0.44646
0.535609 0.493956
0.536836 0.473119
0.538874 0.526168
0.541716 0.584809
0.545348 0.50637
0.549754 0.461504
0.554916 0.562313
0.560813 0.610781
0.567423 0.449527
0.57472 0.445607
0.582679 0.616389
0.591273 0.655268
0.600474 0.718477
0.610257 0.869332
0.620592 0.633139
0.631452 0.564999
0.642812 0.719305
0.654645 0.661594
0.666926 0.628462
0.67963 0.654911
0.692735 0.471747
0.706218 0.489968
0.720058 0.793842
0.734234 0.736846
0.748728 0.949284
0.763521 0.83603
0.778597 1.04544
0.793939 0.862815
0.809532 1.07393
0.553333 0.571896
0.553729 0.825047
0.554916 0.699608
0.556889 0.671115
0.559639 0.733125
0.563155 0.591785
0.567423 0.725881
0.572425 0.761351
0.578144 0.433196
0.584558 0.632994
0.591643 0.652836
0.599378 0.751466
0.607736 0.732944
0.616692 0.779839
0.626221 0.685165
0.636296 0.597879
0.646894 0.698908
0.657987 0.747611
0.669552 1.07688
0.681564 0.62712
0.694001 0.738121
0.706839 0.930139
0.720058 0.846235
0.733636 1.16198
0.747555 0.664374
0.761796 0.926062
0.77634 1.10269
0.791171 0.831131
0.806274 1.16775
0.821633 0.909339
0.571659 0.605278
0.572042 0.745258
0.573191 0.878127
0.575101 0.447892
0.577765 0.38072
0.581171 0.879421
0.585308 0.789385
0.590159 0.489321
0.595707 0.548313
0.601934 0.486006
0.608817 0.676325
0.616336 0.830997
0.624467 0.722866
0.633187 0.439506
0.642471 0.381841
0.652296 0.599743
0.662637 0.613131
0.673471 0.544071
0.684774 0.900822
0.696524 0.709621
0.708698 1.01936
0.721275 0.892857
0.734234 0.810662
0.747555 1.02708
0.76122 0.995061
0.775209 0.796441
0.789506 0.967355
0.804095 0.88185
0.818959 1.07376
0.834085 0.843279
0.590159 0.628505
0.59053 0.558699
0.591643 0.639196
0.593494 0.669329
0.596075 0.764164
0.599378 0.568892
0.603389 0.70448
0.608096 0.509048
0.613483 0.857651
0.61953 0.603871
0.626221 0.785655
0.633533 0.621324
0.641446 0.798743
0.649938 0.712916
0.658986 0.526425
0.668568 0.837497
0.678662 0.776217
0.689244 0.721358
0.700293 0.763915
0.711786 0.996032
0.723704 0.76356
0.736024 0.966566
0.748728 0.962487
0.761796 0.940008
0.775209 1.01531
0.788951 1.1079
0.803003 0.827604
0.817351 0.892191
0.831979 1.18246
0.846871 1.38403
0.608817 0.558327
0.609177 0.509765
0.610257 0.679529
0.612051 0.491579
0.614554 0.583136
0.617758 0.612011
0.621651 0.710633
0.626221 0.654328
0.631452 0.612309
0.63733 0.739584
0.643835 0.523909
0.650949 0.774962
0.658653 0.651322
0.666926 0.596183
0.675747 0.78263
0.685095 0.653267
0.694948 0.569176
0.705286 0.815992
0.716087 0.64911
0.727331 0.584533
0.738998 0.801609
0.751068 0.877295
0.763521 0.862838
0.77634 1.06587
0.789506 0.759229
0.803003 0.873406
0.816814 1.10798
0.830923 0.730892
0.845316 1.51854
0.859978 0.824884
0.62762 0.810467
0.627969 0.656686
0.629016 0.710561
0.630757 0.616956
0.633187 0.687108
0.636296 0.761291
0.640077 0.759233
0.644516 0.537818
0.6496 0.442397
0.655315 0.819018
0.661643 0.833572
0.668568 0.671815
0.676071 0.731406
0.684133 0.767084
0.692735 0.861357
0.701857 0.741024
0.711478 0.623666
0.721579 0.733385
0.73214 1.00708
0.743141 0.847265
0.754564 1.13478
0.766388 0.817584
0.778597 0.985352
0.791171 0.480871
0.804095 1.08571
0.817351 0.704695
0.830923 1.00852
0.844797 1.25458
0.858957 1.36721
0.87339 1.00898
0.646554 0.991825
0.646894 0.791794
0.64791 0.540182
0.6496 0.878597
0.651959 0.675897
0.65498 0.581205
0.658653 0.715369
0.662968 0.770935
0.667912 0.708272
0.673471 0.56181
0.67963 0.737627
0.686374 0.834746
0.693684 0.817907
0.701544 0.856356
0.709935 0.588387
0.718838 0.783862
0.728235 0.827996
0.738107 1.02578
0.748435 0.862445
0.7592 1.07922
0.770384 0.922827
0.78197 1.04055
0.793939 1.04187
0.806274 1.01064
0.818959 1.10643
0.831979 0.891255
0.845316 0.947771
0.858957 0.960231
0.872888 0.867541
0.887094 0.993307
0.665609 0.88352
0.665939 0.581585
0.666926 0.492955
0.668568 0.406772
0.670861 0.578089
0.673797 0.915844
0.677368 0.669393
0.681564 0.870231
0.686374 0.429669
0.691785 0.730091
0.697783 0.890509
0.704352 0.780693
0.711478 0.968828
0.719143 0.978181
0.727331 1.12501
0.736024 0.791177
0.745204 0.786207
0.754854 0.664473
0.764956 0.822835
0.775492 0.702512
0.786445 0.930602
0.797797 0.955917
0.809532 0.971671
0.821633 1.11871
0.834085 0.591696
0.846871 0.854158
0.859978 1.15106
0.87339 1.09989
0.887094 1.11251
0.901077 0.749596
0.293215 0.468628
0.293962 0.47161
0.296192 0.529685
0.299872 0.702992
0.304949 0.428341
0.311354 0.294062
0.319009 0.386977
0.327825 0.352949
0.337711 0.335398
0.348577 0.586575
0.360333 0.458798
0.372896 0.303002
0.386187 0.278579
0.400134 0.405223
0.414669 0.476571
0.429734 0.472829
0.445275 0.255998
0.461243 0.441229
0.477596 0.367762
0.494295 0.379824
0.511307 0.407217
0.528601 0.53736
0.546151 0.734991
0.563933 0.560219
0.581925 0.512665
0.600109 0.838602
0.618467 0.50292
0.636985 0.592308
0.655649 0.690591
0.674447 0.572957
0.293962 0.629514
0.294708 0.20959
0.296932 0.411053
0.300602 0.777961
0.305667 0.637656
0.312058 0.715549
0.319696 0.677814
0.328493 0.365512
0.33836 0.24955
0.349205 0.59316
0.360942 0.405433
0.373484 0.333262
0.386755 0.522975
0.400681 0.22928
0.415198 0.52934
0.430244 0.558103
0.445767 0.332294
0.461718 0.358744
0.478055 0.357834
0.494739 0.937707
0.511736 0.580576
0.529016 0.473624
0.546553 0.458118
0.564322 0.773955
0.582302 0.404832
0.600474 0.60038
0.618822 0.428894
0.63733 0.571756
0.655984 0.63414
0.674772 0.905031
0.296192 0.485109
0.296932 0.695558
0.299139 0.575159
0.302783 1.322
0.307812 0.868367
0.314159 0.458268
0.321747 0.624326
0.33049 0.326777
0.340299 0.351431
0.351085 0.557393
0.36276 0.530392
0.375242 0.349371
0.388452 0.270953
0.40232 0.324532
0.416779 0.439922
0.431771 0.512497
0.44724 0.373533
0.463141 0.605056
0.479429 0.352468
0.496067 0.45974
0.51302 0.394107
0.530258 0.807913
0.547755 0.526746
0.565487 0.838485
0.583431 0.544608
0.601569 0.713069
0.619884 0.632717
0.638361 0.585336
0.656986 0.880701
0.675747 0.680796
0.299872 0.684305
0.300602 0.411261
0.302783 0.745408
0.306384 0.947622
0.311354 0.927836
0.317631 0.403234
0.325138 0.557954
0.333792 0.523639
0.343506 0.313902
0.354194 0.317952
0.36577 0.722375
0.378153 0.832539
0.391265 0.307629
0.405037 0.33657
0.419402 0.679362
0.434303 0.313947
0.449686 0.515778
0.465503 0.593712
0.481711 0.473477
0.498272 0.425224
0.515153 0.647881
0.532323 0.609236
0.549754 0.570562
0.567423 0.643879
0.585308 0.589426
0.603389 0.619389
0.621651 0.54578
0.640077 0.6497
0.658653 0.666116
0.677368 0.83417
0.304949 0.679077
0.305667 0.335059
0.307812 0.328078
0.311354 0.612987
0.316247 0.518497
0.322428 0.31144
0.329826 0.578385
0.33836 0.644879
0.347947 0.207648
0.358503 0.346842
0.369944 0.287373
0.382191 0.426426
0.39517 0.337663
0.40881 0.388849
0.423047 0.488041
0.437824 0.500781
0.453087 0.620678
0.468789 0.591079
0.484888 0.374832
0.501344 0.409323
0.518125 0.442732
0.535199 0.560161
0.552539 0.685811
0.570122 0.582291
0.587925 0.54389
0.605928 0.635317
0.624116 0.872158
0.642471 0.594979
0.66098 0.69357
0.67963 0.885535
0.311354 0.453312
0.312058 0.295464
0.314159 0.58268
0.317631 0.414374
0.322428 0.451661
0.328493 0.437062
0.335757 0.183782
0.344144 0.467879
0.353575 0.524023
0.363967 0.499331
0.375242 0.456501
0.387322 0.531613
0.400134 0.417873
0.41361 0.366959
0.427688 0.316908
0.442309 0.393345
0.457423 0.515728
0.472981 0.591153
0.488941 0.543158
0.505266 0.54768
0.521921 0.37676
0.538874 0.636228
0.5561 0.495601
0.573574 0.514931
0.591273 0.633215
0.609177 0.484359
0.62727 0.676343
0.645536 0.791918
0.66396 0.75839
0.682529 0.678322
0.319009 0.452439
0.319696 0.732192
0.321747 0.634228
0.325138 0.51309
0.329826 0.593907
0.335757 0.419568
0.342867 0.392782
0.351085 0.502233
0.360333 0.325819
0.370536 0.369875
0.381617 0.375713
0.393501 0.342978
0.406118 0.188726
0.419402 0.670968
0.433292 0.474324
0.447731 0.732632
0.462667 0.204262
0.478055 0.393244
0.493851 0.579721
0.510019 0.686009
0.526523 0.572305
0.543333 0.472659
0.560422 0.581531
0.577765 0.449674
0.595339 0.680178
0.613125 0.651016
0.631105 0.599786
0.649262 0.686442
0.667583 0.634889
0.686054 0.680423
0.327825 0.266586
0.328493 0.269319
0.33049 0.402707
0.333792 0.37738
0.33836 0.496567
0.344144 0.438686
0.351085 0.551773
0.359114 0.428128
0.368161 0.372718
0.378153 0.381121
0.389017 0.663461
0.400681 0.817251
0.413079 0.25891
0.426146 0.380315
0.439823 0.546182
0.454054 0.30761
0.468789 0.417892
0.483982 0.410839
0.499591 0.608336
0.515579 0.546817
0.53191 0.674617
0.548556 0.805122
0.565487 0.619648
0.582679 0.441962
0.600109 0.539346
0.617758 0.742858
0.635607 0.853778
0.653639 1.0239
0.671841 0.751583
0.690198 1.12933
0.337711 0.425221
0.33836 0.535404
0.340299 0.468668
0.343506 0.361297
0.347947 0.491476
0.353575 0.479098
0.360333 0.322095
0.368161 0.719985
0.376991 0.328587
0.386755 0.470256
0.397384 0.319553
0.40881 0.453953
0.420968 0.573192
0.433798 0.332374
0.44724 0.359542
0.461243 0.443185
0.475755 0.310845
0.490732 0.448596
0.506133 0.470281
0.521921 0.724152
0.53806 0.567929
0.554521 0.851973
0.571275 0.513048
0.588298 0.508371
0.605566 0.866682
0.623061 0.83506
0.640762 0.889585
0.658653 0.79284
0.67672 0.644477
0.694948 0.594303
0.348577 0.311304
0.349205 0.433605
0.351085 0.409469
0.354194 0.588651
0.358503 0.460717
0.363967 0.689908
0.370536 0.253881
0.378153 0.324836
0.386755 0.315826
0.396278 0.368407
0.406658 0.430035
0.417831 0.311761
0.429734 0.289749
0.442309 0.645523
0.455501 0.419999
0.469257 0.445325
0.483529 0.687308
0.498272 0.424013
0.513447 0.506436
0.529016 0.442543
0.544945 0.615562
0.561204 0.611743
0.577765 0.58554
0.594602 0.604758
0.611692 0.810217
0.629016 0.59246
0.646554 0.502623
0.66429 0.643888
0.682207 0.666232
0.700293 0.62015
0.360333 0.754297
0.360942 0.370224
0.36276 0.294688
0.36577 0.262855
0.369944 0.367155
0.375242 0.332261
0.381617 0.393805
0.389017 0.349153
0.397384 0.606247
0.406658 0.392438
0.416779 0.327703
0.427688 0.440218
0.439324 0.310977
0.451632 0.509562
0.464559 0.466618
0.478055 0.563272
0.492071 0.623634
0.506567 0.490198
0.5215 0.540919
0.536836 0.841987
0.552539 0.594384
0.568581 0.543164
0.584933 0.694698
0.601569 0.589053
0.618467 0.586461
0.635607 0.759065
0.652968 0.621434
0.670534 0.759492
0.688288 0.888024
0.706218 0.88935
0.372896 0.207788
0.373484 0.431008
0.375242 0.429871
0.378153 0.306232
0.382191 0.462911
0.387322 0.494454
0.393501 0.428442
0.400681 0.34122
0.40881 0.394377
0.417831 0.57523
0.427688 0.311596
0.438324 0.43848
0.449686 0.560573
0.461718 0.617178
0.47437 0.38148
0.487594 0.622257
0.501344 0.472528
0.515579 0.514864
0.530258 0.639673
0.545348 0.413393
0.560813 0.935019
0.576625 0.917961
0.592755 0.685439
0.609177 0.518186
0.62587 0.632116
0.642812 0.817724
0.659984 0.886133
0.677368 0.621833
0.694948 1.02363
0.71271 0.892801
0.386187 0.43632
0.386755 0.366551
0.388452 0.495755
0.391265 0.510753
0.39517 0.546453
0.400134 0.508264
0.406118 0.424359
0.413079 0.378179
0.420968 0.506699
0.429734 0.368995
0.439324 0.571188
0.449686 0.349553
0.460767 0.455389
0.472517 0.4016
0.484888 0.496816
0.497832 0.560173
0.511307 0.766526
0.525272 0.538403
0.539688 0.598208
0.554521 0.667536
0.569737 0.517668
0.585308 0.4877
0.601204 0.617351
0.617403 0.645756
0.633879 0.827309
0.650612 0.635951
0.667583 0.837863
0.684774 0.710762
0.702169 0.827941
0.719753 0.660869
0.400134 0.44145
0.400681 0.365562
0.40232 0.380466
0.405037 0.344427
0.40881 0.476921
0.41361 0.285902
0.419402 0.329562
0.426146 0.410208
0.433798 0.481101
0.442309 0.479708
0.451632 0.48565
0.461718 0.42946
0.472517 0.260142
0.483982 0.439038
0.496067 0.533143
0.508727 0.553806
0.521921 0.623275
0.535609 0.585173
0.549754 0.840349
0.564322 0.639489
0.579281 0.68076
0.594602 0.59232
0.610257 0.778752
0.626221 0.612987
0.642471 0.727379
0.658986 0.772498
0.675747 0.575249
0.692735 0.637646
0.709935 0.821655
0.727331 0.934106
0.414669 0.39152
0.415198 0.381123
0.416779 0.40637
0.419402 0.3301
0.423047 0.234286
0.427688 0.384205
0.433292 0.362128
0.439823 0.452031
0.44724 0.459965
0.455501 0.42039
0.464559 0.556922
0.47437 0.304394
0.484888 0.381843
0.496067 0.401249
0.507864 0.426384
0.520237 0.472689
0.533146 0.483036
0.546553 0.476097
0.560422 0.505927
0.57472 0.64846
0.589415 0.659179
0.604479 0.608096
0.619884 0.810244
0.635607 0.893968
0.651623 0.820456
0.667912 0.792103
0.684454 0.638064
0.701232 1.00355
0.718228 0.812936
0.735428 0.833707
0.429734 0.406807
0.430244 0.368977
0.431771 0.515933
0.434303 0.610392
0.437824 0.392853
0.442309 0.453278
0.447731 0.61167
0.454054 0.378926
0.461243 0.373934
0.469257 0.335471
0.478055 0.459719
0.487594 0.446928
0.497832 0.480836
0.508727 0.463613
0.520237 0.536264
0.532323 0.515677
0.544945 0.397458
0.558069 0.559522
0.571659 1.02958
0.585682 0.939713
0.600109 0.583102
0.614911 0.695211
0.630061 0.802406
0.645536 0.732451
0.661312 0.563139
0.677368 0.677692
0.693684 1.00667
0.710244 0.85922
0.72703 0.780143
0.744026 0.890713
0.445275 0.394194
0.445767 0.379363
0.44724 0.445207
0.449686 0.506094
0.453087 0.421434
0.457423 0.396345
0.462667 0.45687
0.468789 0.316795
0.475755 0.375783
0.483529 0.638133
0.492071 0.450297
0.501344 0.528963
0.511307 0.599533
0.521921 0.569571
0.533146 0.608362
0.544945 0.657404
0.557282 0.380331
0.570122 0.661999
0.583431 0.480641
0.597178 0.512974
0.611334 0.685488
0.62587 0.782358
0.640762 0.834124
0.655984 0.653245
0.671514 0.64287
0.687332 0.586936
0.703417 0.682446
0.719753 0.743778
0.736322 0.571162
0.753109 0.984643
0.461243 0.428547
0.461718 0.517697
0.463141 0.372305
0.465503 0.368952
0.468789 0.505765
0.472981 0.524592
0.478055 0.553642
0.483982 0.531197
0.490732 0.687115
0.498272 0.403145
0.506567 0.697212
0.515579 0.646103
0.525272 0.95231
0.535609 0.670293
0.546553 0.490637
0.558069 0.423281
0.570122 0.565906
0.582679 0.672464
0.595707 0.48848
0.609177 0.761873
0.623061 0.581364
0.63733 0.572995
0.651959 0.653807
0.666926 0.870746
0.682207 0.699081
0.697783 0.47028
0.713633 0.648511
0.72974 1.31971
0.746087 0.796231
0.762659 0.798124
0.477596 0.386673
0.478055 0.50473
0.479429 0.495394
0.481711 0.537932
0.484888 0.448087
0.488941 0.475203
0.493851 0.54032
0.499591 0.558431
0.506133 0.542516
0.513447 0.372601
0.5215 0.465369
0.530258 0.442739
0.539688 0.581794
0.549754 0.778715
0.560422 0.615643
0.571659 0.504663
0.583431 0.593996
0.595707 0.505577
0.608457 0.492754
0.621651 0.959608
0.635261 0.696268
0.649262 0.686492
0.663629 0.559703
0.678338 0.500214
0.693368 0.818294
0.708698 0.687828
0.72431 0.523598
0.740184 1.06247
0.756306 0.605476
0.772659 1.11024
0.494295 0.526657
0.494739 0.434081
0.496067 0.483096
0.498272 0.520034
0.501344 0.593572
0.505266 0.694516
0.510019 0.446728
0.515579 0.495351
0.521921 0.66322
0.529016 0.685783
0.536836 0.372203
0.545348 0.569211
0.554521 0.680071
0.564322 0.590443
0.57472 0.552754
0.585682 0.421639
0.597178 0.616609
0.609177 0.505079
0.621651 0.59124
0.634571 0.624937
0.64791 0.55404
0.661643 0.538063
0.675747 0.577039
0.690198 0.695894
0.704975 0.792827
0.720058 0.834462
0.735428 0.704999
0.751068 0.917898
0.766961 0.717168
0.783091 0.843273
0.511307 0.424107
0.511736 0.54638
0.51302 0.464621
0.515153 0.540646
0.518125 0.559519
0.521921 0.60676
0.526523 0.415105
0.53191 0.511299
0.53806 0.468903
0.544945 0.640206
0.552539 0.614588
0.560813 0.538073
0.569737 0.604851
0.579281 0.771274
0.589415 0.614138
0.600109 0.612968
0.611334 0.511752
0.623061 0.504529
0.635261 0.618544
0.64791 0.583172
0.66098 0.648603
0.674447 0.631384
0.688288 0.714309
0.702481 0.82316
0.717005 0.595276
0.731841 0.754691
0.746968 0.814258
0.762371 0.999853
0.778033 1.09911
0.793939 0.940598
0.528601 0.380652
0.529016 0.540709
0.530258 0.680884
0.532323 0.51309
0.535199 0.606314
0.538874 0.514624
0.543333 0.501935
0.548556 0.605904
0.554521 0.710681
0.561204 0.577927
0.568581 0.844578
0.576625 0.531061
0.585308 0.714759
0.594602 0.558951
0.604479 0.537185
0.614911 0.601908
0.62587 0.84426
0.63733 0.505653
0.649262 0.936776
0.661643 0.843794
0.674447 0.546424
0.687651 0.911428
0.701232 0.7869
0.715168 0.756804
0.729439 1.02595
0.744026 0.763683
0.758911 0.915073
0.774077 0.814932
0.789506 0.976124
0.805185 0.978726
0.546151 0.791115
0.546553 0.514182
0.547755 0.614381
0.549754 0.51432
0.552539 0.62421
0.5561 0.566384
0.560422 0.717068
0.565487 0.731
0.571275 0.584932
0.577765 0.581542
0.584933 0.53608
0.592755 0.668461
0.601204 0.484515
0.610257 0.718704
0.619884 0.593712
0.630061 0.628262
0.640762 0.559774
0.651959 0.826822
0.663629 0.935198
0.675747 0.879517
0.688288 0.68915
0.701232 0.904717
0.714554 0.71665
0.728235 0.822513
0.742256 0.733839
0.756596 0.803685
0.771238 0.775456
0.786166 1.17756
0.801363 1.31171
0.816814 1.08167
0.563933 0.510204
0.564322 0.646264
0.565487 0.787302
0.567423 0.693898
0.570122 0.824347
0.573574 0.968475
0.577765 0.677297
0.582679 0.540666
0.588298 0.465404
0.594602 0.413229
0.601569 0.654114
0.609177 0.653874
0.617403 0.646101
0.626221 0.96898
0.635607 0.693358
0.645536 0.93328
0.655984 0.640766
0.666926 0.68392
0.678338 0.876806
0.690198 0.818591
0.702481 0.766064
0.715168 1.07842
0.728235 1.02218
0.741664 0.73834
0.755435 0.793455
0.76953 0.993969
0.783931 0.951494
0.798621 1.06907
0.813586 0.736657
0.828809 0.947034
0.581925 0.755592
0.582302 0.715353
0.583431 0.565436
0.585308 0.512134
0.587925 0.600527
0.591273 0.75285
0.595339 0.436336
0.600109 0.445254
0.605566 0.778096
0.611692 0.583004
0.618467 0.489136
0.62587 0.704288
0.633879 0.44728
0.642471 0.707025
0.651623 0.535507
0.661312 0.69799
0.671514 0.885345
0.682207 0.608879
0.693368 0.597308
0.704975 0.557895
0.717005 0.811995
0.729439 0.638263
0.742256 0.794733
0.755435 1.0225
0.76896 0.820824
0.782811 0.590889
0.796972 0.958713
0.811426 0.863544
0.826159 1.48394
0.841155 1.10269
0.600109 0.855337
0.600474 0.708737
0.601569 0.698486
0.603389 0.650515
0.605928 0.477474
0.609177 0.754081
0.613125 0.670384
0.617758 0.736295
0.623061 0.656317
0.629016 0.737425
0.635607 0.656591
0.642812 0.570745
0.650612 0.636259
0.658986 0.650281
0.667912 0.935375
0.677368 0.924946
0.687332 0.823453
0.697783 0.853325
0.708698 0.734755
0.720058 0.982637
0.731841 0.840333
0.744026 1.16883
0.756596 0.575743
0.76953 1.03794
0.782811 1.37699
0.796421 1.01354
0.810344 0.712799
0.824564 1.26981
0.839066 0.728103
0.853835 1.36664
0.618467 0.69611
0.618822 0.652991
0.619884 0.62248
0.621651 0.726231
0.624116 0.744368
0.62727 0.58484
0.631105 0.698946
0.635607 0.794422
0.640762 0.767364
0.646554 0.687874
0.652968 0.68532
0.659984 0.555306
0.667583 0.953444
0.675747 0.758896
0.684454 0.546124
0.693684 0.67225
0.703417 0.567798
0.713633 1.04205
0.72431 0.697379
0.735428 0.776116
0.746968 0.878483
0.758911 0.933662
0.771238 0.745262
0.783931 1.04515
0.796972 1.05643
0.810344 0.855954
0.824032 1.21188
0.83802 0.998664
0.852293 1.25229
0.866837 1.23993
0.636985 0.727766
0.63733 0.714572
0.638361 0.679509
0.640077 0.667924
0.642471 0.62244
0.645536 0.590991
0.649262 0.723914
0.653639 0.855954
0.658653 0.664291
0.66429 0.69432
0.670534 0.776359
0.677368 1.04747
0.684774 0.70121
0.692735 0.731548
0.701232 0.481636
0.710244 0.960157
0.719753 0.698329
0.72974 1.22727
0.740184 0.761868
0.751068 0.535353
0.762371 0.855746
0.774077 1.07045
0.786166 0.818526
0.798621 0.978465
0.811426 1.03769
0.824564 0.878363
0.83802 1.02863
0.851778 1.3295
0.865824 0.786101
0.880144 1.07385
0.655649 1.20393
0.655984 0.930674
0.656986 1.10619
0.658653 0.594816
0.66098 0.597144
0.66396 0.731524
0.667583 0.848243
0.671841 0.9495
0.67672 0.484131
0.682207 0.838437
0.688288 0.776194
0.694948 0.712289
0.702169 0.57369
0.709935 0.758753
0.718228 1.07385
0.72703 0.680104
0.736322 1.20622
0.746087 0.728366
0.756306 0.98356
0.766961 0.962148
0.778033 1.04293
0.789506 1.20235
0.801363 1.20422
0.813586 1.0721
0.826159 0.960516
0.839066 1.58242
0.852293 1.26087
0.865824 1.04762
0.879646 1.14768
0.893745 1.22479
0.674447 0.536742
0.674772 1.00893
0.675747 0.682793
0.677368 0.844574
0.67963 0.890878
0.682529 0.872375
0.686054 0.885288
0.690198 0.444393
0.694948 0.581924
0.700293 0.663663
0.706218 0.705506
0.71271 1.05376
0.719753 0.659574
0.727331 0.794682
0.735428 0.945114
0.744026 0.719349
0.753109 1.1835
0.762659 0.653176
0.772659 0.826451
0.783091 0.757491
0.793939 1.03665
0.805185 1.24302
0.816814 0.767347
0.828809 1.05496
0.841155 0.629116
0.853835 0.985751
0.866837 1.03298
0.880144 0.929955
0.893745 1.38504
0.907625 1.04986
0.314159 0.285277
0.314857 0.361453
0.316939 0.384523
0.320381 0.459559
0.325138 1.4037
0.331153 0.692659
0.33836 0.374259
0.346684 0.253532
0.356047 0.502403
0.36637 0.418408
0.377572 0.371127
0.38958 0.648961
0.40232 0.422852
0.415726 0.377192
0.429734 0.395987
0.444288 0.580805
0.459337 0.579777
0.474832 0.219358
0.490732 0.71309
0.506999 0.514269
0.523599 0.631445
0.5405 0.417526
0.557676 0.596272
0.575101 0.704101
0.592755 0.780304
0.610616 0.566861
0.628667 0.638674
0.646894 0.705968
0.66528 0.576378
0.683813 0.985782
0.314857 0.752065
0.315552 0.406934
0.317631 0.526865
0.321065 0.36558
0.325811 0.394953
0.331815 0.34598
0.339007 0.358545
0.347316 0.368717
0.356663 0.319333
0.366968 0.439928
0.378153 0.391805
0.390143 0.482406
0.402865 0.4529
0.416253 0.404687
0.430244 0.524189
0.444782 0.53885
0.459814 0.590815
0.475294 0.37135
0.491179 0.501654
0.507432 0.318541
0.524017 0.494859
0.540906 0.524753
0.558069 0.868182
0.575482 0.590566
0.593124 0.476668
0.610975 0.680022
0.629016 0.488729
0.647232 0.824315
0.665609 0.630606
0.684133 0.806016
0.316939 0.450842
0.317631 0.631296
0.319696 0.339271
0.323108 0.516541
0.327825 0.59002
0.333792 0.320575
0.340943 0.364314
0.349205 0.450469
0.358503 0.357815
0.368756 0.328994
0.379889 0.315864
0.391825 0.55738
0.404495 0.353715
0.417831 0.445135
0.431771 0.589087
0.446259 0.391428
0.461243 0.293954
0.476676 0.48997
0.492517 0.469484
0.508727 0.501328
0.525272 0.489037
0.542121 0.751434
0.559247 0.580165
0.576625 0.634995
0.594233 0.63346
0.612051 0.59594
0.630061 0.618242
0.648248 0.61011
0.666597 0.509076
0.685095 0.74512
0.320381 0.456844
0.321065 0.685246
0.323108 0.39328
0.326484 0.796342
0.331153 0.68357
0.337061 0.498412
0.344144 0.303899
0.352332 0.570383
0.361549 0.264162
0.371718 0.319156
0.382765 0.39875
0.394614 0.291313
0.407197 0.6092
0.420447 0.45421
0.434303 0.604328
0.448709 0.587773
0.463614 0.314138
0.478971 0.378905
0.494739 0.618181
0.510878 0.636544
0.527355 0.611845
0.54414 0.53887
0.561204 0.530537
0.578523 0.715298
0.596075 0.422379
0.61384 0.704001
0.6318 0.701337
0.649938 0.689828
0.66824 0.585735
0.686693 1.00048
0.325138 0.456405
0.325811 0.374855
0.327825 0.397255
0.331153 0.43866
0.335757 0.288169
0.341586 0.303389
0.348577 0.331562
0.356663 0.282885
0.36577 0.467148
0.375826 0.445468
0.386755 0.297218
0.398486 0.431635
0.41095 0.405308
0.424083 0.418404
0.437824 0.375045
0.452118 0.301709
0.466914 0.533434
0.482166 0.566475
0.497832 0.404277
0.513874 0.440561
0.530258 0.64935
0.546954 0.77073
0.563933 0.528385
0.581171 0.659318
0.598645 0.714885
0.616336 0.698725
0.634225 0.717014
0.652296 0.661067
0.670534 0.73488
0.688925 0.723348
0.331153 0.511364
0.331815 0.409489
0.333792 0.409252
0.337061 0.348599
0.341586 0.313127
0.347316 0.30432
0.354194 0.418699
0.362155 0.469234
0.371128 0.332917
0.381042 0.427634
0.391825 0.258833
0.403409 0.453449
0.415726 0.31899
0.428712 0.502451
0.442309 0.418113
0.456463 0.54287
0.471123 0.304378
0.486243 0.456881
0.501781 0.639949
0.517701 0.767768
0.533968 0.550267
0.550551 0.472212
0.567423 0.714101
0.584558 0.505122
0.601934 0.614834
0.61953 0.538136
0.63733 0.46367
0.655315 0.820721
0.673471 0.846725
0.691785 0.609357
0.33836 0.316678
0.339007 0.46117
0.340943 0.555205
0.344144 0.340868
0.348577 0.490392
0.354194 0.382827
0.360942 0.297947
0.368756 0.328396
0.377572 0.317302
0.387322 0.285726
0.397935 0.308862
0.409346 0.373389
0.421489 0.421644
0.434303 0.439005
0.447731 0.357983
0.461718 0.564485
0.476216 0.471617
0.491179 0.790548
0.506567 0.454135
0.522341 0.590661
0.538467 0.465703
0.554916 0.42706
0.571659 0.665574
0.58867 0.738878
0.605928 0.485988
0.623412 0.619014
0.641104 0.518427
0.658986 0.6431
0.677044 0.873201
0.695263 0.98262
0.346684 0.514531
0.347316 0.71007
0.349205 0.368839
0.352332 0.453399
0.356663 0.388588
0.362155 0.543574
0.368756 0.366125
0.376409 0.287454
0.38505 0.452801
0.394614 0.520478
0.405037 0.603419
0.416253 0.285089
0.4282 0.511783
0.440819 0.351969
0.454054 0.337092
0.467852 0.601228
0.482166 0.624789
0.49695 0.472574
0.512164 0.520695
0.527771 0.376574
0.543737 0.708505
0.56003 0.551608
0.576625 0.725114
0.593494 0.583771
0.610616 0.597742
0.627969 0.576392
0.645536 0.740166
0.663299 0.639561
0.681242 0.790008
0.699352 0.70175
0.356047 0.275975
0.356663 0.34192
0.358503 0.531254
0.361549 0.505175
0.36577 0.264028
0.371128 0.550305
0.377572 0.374549
0.38505 0.787641
0.393501 0.202062
0.402865 0.509711
0.413079 0.351532
0.424083 0.360785
0.435815 0.543243
0.44822 0.553439
0.461243 0.53479
0.474832 0.407387
0.488941 0.554991
0.503527 0.569636
0.518548 0.471198
0.533968 0.661914
0.549754 0.396208
0.565874 0.631192
0.582302 0.686551
0.599012 0.651186
0.61598 0.50789
0.633187 0.724993
0.650612 0.8485
0.66824 0.671721
0.686054 0.735858
0.704041 0.852692
0.36637 0.56201
0.366968 0.548937
0.368756 0.256361
0.371718 0.296495
0.375826 0.230875
0.381042 0.418559
0.387322 0.353183
0.394614 0.432108
0.402865 0.249681
0.412016 0.416901
0.422009 0.416187
0.432785 0.45648
0.444288 0.596004
0.456463 0.482889
0.469257 0.296069
0.482621 0.523818
0.496509 0.440078
0.510878 0.697793
0.525689 0.533675
0.540906 0.506337
0.556495 0.420188
0.572425 0.668263
0.58867 0.776061
0.605204 0.539034
0.622004 0.780731
0.639048 0.730859
0.656318 0.648793
0.673797 0.639536
0.691468 1.14965
0.709317 0.674924
0.377572 0.350631
0.378153 0.528255
0.379889 0.420892
0.382765 0.410919
0.386755 0.590279
0.391825 0.330421
0.397935 0.409167
0.405037 0.484142
0.413079 0.332732
0.422009 0.372754
0.431771 0.289908
0.442309 0.411969
0.453571 0.433598
0.465503 0.492826
0.478055 0.309797
0.491179 0.676952
0.504832 0.758701
0.518971 0.58389
0.533557 0.698803
0.548556 0.45234
0.563933 0.614932
0.57966 0.839678
0.595707 0.603887
0.612051 0.696629
0.628667 0.563752
0.645536 0.651872
0.662637 0.561221
0.679953 0.794218
0.697468 0.907891
0.715168 0.847623
0.38958 0.254478
0.390143 0.387371
0.391825 0.407141
0.394614 0.43017
0.398486 0.513876
0.403409 0.327874
0.409346 0.839204
0.416253 0.465807
0.424083 0.488977
0.432785 0.252729
0.442309 0.411461
0.452603 0.454759
0.463614 0.448635
0.475294 0.478987
0.487594 0.61547
0.500468 0.581929
0.513874 0.493121
0.527771 0.476314
0.542121 0.49458
0.556889 0.648365
0.572042 0.53994
0.587552 0.652561
0.603389 0.710725
0.61953 0.524905
0.635952 0.824714
0.652632 0.609968
0.669552 0.549732
0.686693 0.831596
0.704041 0.702753
0.721579 1.00275
0.40232 0.320691
0.402865 0.33788
0.404495 0.316296
0.407197 0.408388
0.41095 0.332155
0.415726 0.473275
0.421489 0.281464
0.4282 0.47285
0.435815 0.346431
0.444288 0.330781
0.453571 0.237493
0.463614 0.340579
0.47437 0.480544
0.485791 0.714869
0.497832 0.385086
0.510448 0.464627
0.523599 0.291693
0.537244 0.607758
0.551347 0.535151
0.565874 0.662738
0.580794 0.66507
0.596075 0.51056
0.611692 0.651351
0.62762 0.746841
0.643835 0.648151
0.660316 0.84975
0.677044 1.01299
0.694001 0.85806
0.71117 1.04735
0.728536 1.22051
0.415726 0.562064
0.416253 0.368918
0.417831 0.548015
0.420447 0.461132
0.424083 0.477988
0.428712 0.337194
0.434303 0.248603
0.440819 0.557974
0.44822 0.608931
0.456463 0.322327
0.465503 0.292626
0.475294 0.424146
0.485791 0.42236
0.49695 0.514898
0.508727 0.552451
0.521079 0.646091
0.533968 0.605583
0.547355 0.413415
0.561204 0.523149
0.575482 0.455089
0.590159 0.605511
0.605204 0.580254
0.620592 0.718054
0.636296 0.626954
0.652296 0.691202
0.668568 0.765771
0.685095 0.728016
0.701857 0.627989
0.718838 0.769407
0.736024 0.991469
0.429734 0.360122
0.430244 0.419399
0.431771 0.550827
0.434303 0.32072
0.437824 0.660494
0.442309 0.395198
0.447731 0.356203
0.454054 0.385546
0.461243 0.401526
0.469257 0.493476
0.478055 0.40504
0.487594 0.42639
0.497832 0.360886
0.508727 0.322032
0.520237 0.761089
0.532323 0.568829
0.544945 0.717513
0.558069 0.67777
0.571659 0.590772
0.585682 0.571668
0.600109 0.531781
0.614911 0.596445
0.630061 0.544706
0.645536 0.531763
0.661312 0.883756
0.677368 0.953201
0.693684 0.79694
0.710244 0.808417
0.72703 0.805159
0.744026 0.824896
0.444288 0.475327
0.444782 0.412191
0.446259 0.561403
0.448709 0.560286
0.452118 0.563235
0.456463 0.374552
0.461718 0.381277
0.467852 0.684633
0.474832 0.425525
0.482621 0.565263
0.491179 0.494078
0.500468 0.578974
0.510448 0.401572
0.521079 0.366074
0.532323 0.5622
0.54414 0.463433
0.556495 0.581172
0.569352 0.571226
0.582679 0.657487
0.596443 0.536524
0.610616 0.522465
0.625169 0.698925
0.640077 0.80189
0.655315 0.713973
0.670861 0.706831
0.686693 0.668842
0.702794 0.692092
0.719143 0.77519
0.735726 0.863473
0.752526 1.00409
0.459337 0.372197
0.459814 0.458775
0.461243 0.646182
0.463614 0.533135
0.466914 0.37843
0.471123 0.326927
0.476216 0.321943
0.482166 0.376532
0.488941 0.462522
0.496509 0.682377
0.504832 0.408724
0.513874 0.370316
0.523599 0.41122
0.533968 0.76218
0.544945 0.506686
0.556495 0.639781
0.568581 0.487114
0.581171 0.604348
0.594233 0.72088
0.607736 0.728347
0.621651 0.639065
0.635952 0.775814
0.650612 0.782988
0.665609 0.944223
0.68092 0.807578
0.696524 1.11166
0.712402 0.760423
0.728536 0.796871
0.74491 1.08547
0.761508 0.836538
0.474832 0.368145
0.475294 0.632138
0.476676 0.364025
0.478971 0.643136
0.482166 0.847423
0.486243 0.556762
0.491179 0.530376
0.49695 0.606377
0.503527 0.615224
0.510878 0.689824
0.518971 0.556476
0.527771 0.461071
0.537244 0.472515
0.547355 0.606555
0.558069 0.42388
0.569352 0.591976
0.581171 0.443035
0.593494 0.764423
0.60629 0.959326
0.61953 0.422627
0.633187 0.477907
0.647232 0.734757
0.661643 0.711659
0.676396 0.607306
0.691468 0.708543
0.706839 0.75601
0.72249 0.693304
0.738404 0.921575
0.754564 0.624124
0.770954 1.0177
0.490732 0.556421
0.491179 0.483138
0.492517 0.561138
0.494739 0.328982
0.497832 0.587139
0.501781 0.608967
0.506567 0.711707
0.512164 0.389741
0.518548 0.537681
0.525689 0.479344
0.533557 0.570557
0.542121 0.941986
0.551347 0.402383
0.561204 0.737084
0.571659 0.672042
0.582679 0.475441
0.594233 0.404715
0.60629 0.631072
0.618822 0.477165
0.6318 0.665058
0.645196 0.731197
0.658986 0.732592
0.673145 1.09066
0.687651 0.647356
0.702481 0.838372
0.717617 1.01835
0.733038 0.833284
0.748728 0.69936
0.764669 0.780205
0.780847 0.951891
0.506999 0.595359
0.507432 0.429518
0.508727 0.463862
0.510878 0.448258
0.513874 0.542067
0.517701 0.533331
0.522341 0.379199
0.527771 0.494936
0.533968 0.678003
0.540906 0.595735
0.548556 0.483829
0.556889 0.847654
0.565874 0.340115
0.575482 0.669111
0.585682 0.403979
0.596443 0.768422
0.607736 0.721708
0.61953 0.667372
0.6318 0.618109
0.644516 0.620523
0.657653 0.692559
0.671187 0.636157
0.685095 0.744192
0.699352 0.809118
0.71394 1.08635
0.728837 0.813897
0.744026 0.672675
0.759489 0.749674
0.775209 1.13343
0.791171 0.752579
0.523599 0.510306
0.524017 0.479435
0.525272 0.767197
0.527355 0.438738
0.530258 0.700483
0.533968 0.454596
0.538467 0.481826
0.543737 0.525713
0.549754 0.456002
0.556495 0.380198
0.563933 0.619229
0.572042 0.593258
0.580794 0.652825
0.590159 0.835603
0.600109 0.524745
0.610616 0.644294
0.621651 1.05554
0.633187 0.65383
0.645196 0.648916
0.657653 0.672504
0.670534 0.821202
0.683813 0.825857
0.697468 0.739079
0.711478 0.90646
0.725822 0.646679
0.74048 0.948047
0.755435 0.83825
0.770669 0.972807
0.786166 1.077
0.80191 1.03144
0.5405 0.394042
0.540906 0.712889
0.542121 0.574049
0.54414 0.808718
0.546954 0.590695
0.550551 0.682356
0.554916 0.623229
0.56003 0.448571
0.565874 0.533554
0.572425 0.668844
0.57966 0.540169
0.587552 0.67997
0.596075 0.706043
0.605204 0.611132
0.614911 0.697436
0.625169 0.75246
0.635952 0.538227
0.647232 0.598296
0.658986 0.689658
0.671187 0.787017
0.683813 1.01677
0.696839 0.863933
0.710244 0.617312
0.724007 1.05729
0.738107 0.914051
0.752526 0.780596
0.767246 0.896482
0.78225 0.955413
0.797522 0.72535
0.813046 1.18722
0.557676 0.517469
0.558069 0.565188
0.559247 0.672636
0.561204 0.485088
0.563933 0.675053
0.567423 0.459317
0.571659 0.683981
0.576625 0.498549
0.582302 0.519624
0.58867 0.74294
0.595707 0.570364
0.603389 0.593711
0.611692 0.713071
0.620592 0.678967
0.630061 0.634108
0.640077 0.699962
0.650612 0.750867
0.661643 0.612792
0.673145 0.534506
0.685095 0.521063
0.697468 0.87858
0.710244 0.637395
0.723401 0.817025
0.736918 0.681266
0.750776 1.11521
0.764956 1.01343
0.779441 0.916015
0.794215 1.21983
0.809261 1.14474
0.824564 1.14691
0.575101 0.914393
0.575482 0.493708
0.576625 0.713018
0.578523 0.559143
0.581171 0.895103
0.584558 0.568145
0.58867 0.46283
0.593494 0.579515
0.599012 0.47584
0.605204 0.7694
0.612051 0.716543
0.61953 0.415159
0.62762 0.611225
0.636296 0.539182
0.645536 0.587923
0.655315 0.627621
0.665609 0.698775
0.676396 0.726634
0.687651 0.683844
0.699352 1.02413
0.711478 0.821615
0.724007 0.684977
0.736918 1.05611
0.750191 0.865823
0.763808 0.870378
0.777751 0.628533
0.792003 1.03075
0.806546 0.896416
0.821366 0.869674
0.836448 0.675035
0.592755 0.823965
0.593124 0.482129
0.594233 0.649658
0.596075 0.373802
0.598645 0.484177
0.601934 0.655998
0.605928 0.617936
0.610616 0.550048
0.61598 0.80704
0.622004 0.628618
0.628667 0.705709
0.635952 0.511391
0.643835 0.906224
0.652296 0.627184
0.661312 0.838791
0.670861 0.729001
0.68092 1.03753
0.691468 0.493102
0.702481 0.702712
0.71394 0.722771
0.725822 1.02952
0.738107 1.24773
0.750776 1.01225
0.763808 0.680249
0.777187 1.0193
0.790894 0.707125
0.804913 0.847454
0.819227 1.00634
0.833822 0.826261
0.848682 1.21319
0.610616 0.612029
0.610975 0.905245
0.612051 0.552826
0.61384 0.485779
0.616336 0.699267
0.61953 0.961645
0.623412 0.586791
0.627969 0.883513
0.633187 0.910753
0.639048 0.717231
0.645536 0.609679
0.652632 0.966794
0.660316 0.684285
0.668568 0.727073
0.677368 0.91333
0.686693 0.919302
0.696524 0.801951
0.706839 0.843301
0.717617 0.8398
0.728837 0.735221
0.74048 0.950903
0.752526 0.766348
0.764956 0.911147
0.777751 0.958532
0.790894 0.982048
0.804368 0.712104
0.818156 0.716913
0.832242 1.20974
0.846612 1.05913
0.861252 1.13925
0.628667 0.680222
0.629016 0.635151
0.630061 0.851923
0.6318 0.848198
0.634225 0.437132
0.63733 0.54616
0.641104 0.713229
0.645536 0.684661
0.650612 0.866773
0.656318 0.615247
0.662637 0.728167
0.669552 0.56219
0.677044 0.96546
0.685095 0.837315
0.693684 0.875594
0.702794 0.648689
0.712402 0.785297
0.72249 0.729012
0.733038 1.09331
0.744026 0.894922
0.755435 0.946955
0.767246 0.61564
0.779441 0.757111
0.792003 1.28208
0.804913 1.63896
0.818156 1.01157
0.831715 1.07131
0.845576 1.21757
0.859723 1.02219
0.874143 0.740703
0.646894 0.790177
0.647232 0.646038
0.648248 0.746788
0.649938 0.597582
0.652296 0.701957
0.655315 0.661796
0.658986 0.811858
0.663299 0.607067
0.66824 0.704239
0.673797 0.624898
0.679953 0.642478
0.686693 0.713132
0.694001 0.640215
0.701857 0.644668
0.710244 0.589641
0.719143 0.814069
0.728536 0.824273
0.738404 0.696406
0.748728 1.11292
0.759489 1.00559
0.770669 0.739044
0.78225 0.739952
0.794215 1.08599
0.806546 0.903953
0.819227 0.997968
0.832242 0.933624
0.845576 0.926625
0.859213 0.899023
0.873139 1.17612
0.887342 1.05264
0.66528 0.862839
0.665609 0.718341
0.666597 0.536857
0.66824 0.949934
0.670534 0.987673
0.673471 0.915059
0.677044 0.83326
0.681242 1.03601
0.686054 0.81814
0.691468 0.946163
0.697468 0.734815
0.704041 0.600685
0.71117 0.789954
0.718838 0.836749
0.72703 0.852713
0.735726 0.698942
0.74491 0.949747
0.754564 0.621876
0.764669 0.662268
0.775209 1.00807
0.786166 0.786055
0.797522 0.936344
0.809261 0.962408
0.821366 1.1553
0.833822 1.14883
0.846612 1.30197
0.859723 0.98576
0.873139 1.3306
0.886847 1.12349
0.900833 1.273
0.683813 0.92809
0.684133 0.736993
0.685095 0.726877
0.686693 0.709538
0.688925 0.801788
0.691785 0.512887
0.695263 1.03604
0.699352 0.922666
0.704041 0.780942
0.709317 0.743047
0.715168 0.851027
0.721579 0.583162
0.728536 1.08445
0.736024 1.05233
0.744026 1.01717
0.752526 1.20338
0.761508 0.97157
0.770954 0.986785
0.780847 0.927438
0.791171 0.947989
0.80191 0.836815
0.813046 0.786511
0.824564 1.43425
0.836448 0.997276
0.848682 0.846075
0.861252 0.974531
0.874143 1.39783
0.887342 1.5351
0.900833 0.986391
0.914606 0.876214
0.335103 0.469889
0.335757 0.560946
0.337711 0.41542
0.340943 0.57926
0.345416 0.560546
0.351085 0.343405
0.35789 0.42452
0.36577 0.445679
0.374657 0.433221
0.38448 0.383594
0.39517 0.499587
0.406658 0.491461
0.418879 0.415562
0.431771 0.300546
0.445275 0.506248
0.459337 0.470728
0.473908 0.34808
0.488941 0.591625
0.504397 0.624575
0.520237 0.33843
0.536427 0.491103
0.552936 0.499
0.569737 1.07023
0.586805 0.728503
0.604116 0.640017
0.621651 0.802233
0.639391 0.768623
0.65732 0.751354
0.675422 0.660056
0.693684 0.790699
0.335757 0.513823
0.33641 0.565981
0.33836 0.293356
0.341586 0.363477
0.346051 0.559664
0.351709 0.363281
0.358503 0.322018
0.36637 0.444257
0.375242 0.302019
0.38505 0.267061
0.395724 0.32338
0.407197 0.37784
0.419402 0.478521
0.432278 0.567175
0.445767 0.317421
0.459814 0.355146
0.47437 0.317664
0.48939 0.424454
0.504832 0.708441
0.520658 0.429491
0.536836 0.620638
0.553333 0.618702
0.570122 0.431847
0.587178 0.45015
0.604479 0.499449
0.622004 0.618564
0.639734 0.700593
0.657653 0.648085
0.675747 0.679574
0.694001 0.867365
0.337711 0.296768
0.33836 0.45395
0.340299 0.48473
0.343506 0.686501
0.347947 0.566199
0.353575 0.303138
0.360333 0.288269
0.368161 0.62302
0.376991 0.286941
0.386755 0.279495
0.397384 0.386015
0.40881 0.269427
0.420968 0.440042
0.433798 0.453308
0.44724 0.448423
0.461243 0.382276
0.475755 0.373899
0.490732 0.403865
0.506133 0.412275
0.521921 0.569705
0.53806 1.02441
0.554521 0.732365
0.571275 0.454798
0.588298 0.813075
0.605566 0.710026
0.623061 0.572554
0.640762 0.766367
0.658653 0.732832
0.67672 0.767938
0.694948 0.753655
0.340943 0.27268
0.341586 0.491434
0.343506 0.58297
0.346684 0.442782
0.351085 0.380358
0.356663 0.357186
0.363364 0.38518
0.371128 0.498017
0.379889 0.354359
0.38958 0.496398
0.400134 0.35954
0.411483 0.227543
0.423565 0.400358
0.436318 0.43236
0.449686 0.588052
0.463614 0.507426
0.478055 0.445445
0.492962 0.465569
0.508295 0.477465
0.524017 0.67448
0.540094 0.540749
0.556495 0.515415
0.573191 0.550297
0.590159 0.679566
0.607375 0.729577
0.624818 0.46601
0.642471 0.564945
0.660316 0.662899
0.678338 0.65173
0.696524 0.829009
0.345416 0.310937
0.346051 0.444185
0.347947 0.322575
0.351085 0.524154
0.355431 0.466465
0.360942 0.295947
0.367565 0.220683
0.375242 0.452021
0.383909 0.539334
0.393501 0.628824
0.403952 0.562722
0.415198 0.335933
0.427174 0.360768
0.439823 0.573898
0.453087 0.431512
0.466914 0.422508
0.481255 0.477622
0.496067 0.741662
0.511307 0.463175
0.526939 0.44555
0.542929 0.584818
0.559247 0.842279
0.575863 0.633541
0.592755 0.588827
0.609897 0.574237
0.62727 0.882624
0.644856 0.822166
0.662637 0.61281
0.680598 0.758121
0.698725 0.78443
0.351085 0.601299
0.351709 0.337463
0.353575 0.796236
0.356663 0.396811
0.360942 0.447083
0.36637 0.404193
0.372896 0.255927
0.380466 0.345565
0.389017 0.270256
0.398486 0.288138
0.40881 0.460229
0.419925 0.611642
0.431771 0.379393
0.444288 0.505058
0.457423 0.366289
0.471123 0.485437
0.48534 0.356399
0.50003 0.563093
0.515153 0.57131
0.530672 0.579264
0.546553 0.687575
0.562765 0.573454
0.579281 0.60696
0.596075 0.721031
0.613125 0.763335
0.630409 0.579373
0.64791 0.673504
0.665609 0.632867
0.683492 0.880485
0.701544 0.784476
0.35789 0.52972
0.358503 0.614662
0.360333 0.494729
0.363364 0.512151
0.367565 0.661482
0.372896 0.210979
0.379311 0.361042
0.386755 0.28009
0.39517 0.438237
0.404495 0.445242
0.414669 0.46114
0.425631 0.347289
0.437323 0.375499
0.449686 0.354733
0.462667 0.392233
0.476216 0.541891
0.490285 0.538898
0.504832 0.471612
0.519815 0.315219
0.535199 0.526953
0.550949 0.506164
0.567036 0.524872
0.583431 0.3511
0.600109 0.658822
0.617047 0.483345
0.634225 0.557136
0.651623 0.704858
0.669224 0.875086
0.687013 0.956163
0.704975 0.681411
0.36577 0.362681
0.36637 0.607239
0.368161 0.627886
0.371128 0.393821
0.375242 0.374271
0.380466 0.378609
0.386755 0.393983
0.394058 0.439954
0.40232 0.289351
0.411483 0.408251
0.421489 0.385964
0.432278 0.369792
0.443794 0.519859
0.455982 0.378169
0.468789 0.409356
0.482166 0.513855
0.496067 0.497376
0.510448 0.370287
0.525272 0.710959
0.5405 0.498805
0.5561 0.767097
0.572042 0.480503
0.588298 0.707568
0.604842 0.711175
0.621651 0.734744
0.638705 0.586991
0.655984 0.873937
0.673471 0.66707
0.69115 0.664526
0.709008 0.682401
0.374657 0.312823
0.375242 0.424859
0.376991 0.312024
0.379889 0.412741
0.383909 0.347346
0.389017 0.399327
0.39517 0.334575
0.40232 0.401409
0.410416 0.51623
0.419402 0.628645
0.429223 0.63051
0.439823 0.609742
0.451147 0.384298
0.463141 0.454538
0.475755 0.544184
0.488941 0.82779
0.502655 0.529687
0.516853 0.567628
0.531498 0.675099
0.546553 0.525161
0.561985 0.521976
0.577765 0.450309
0.593864 0.662487
0.610257 0.644538
0.626921 0.658208
0.643835 0.666573
0.66098 0.63653
0.678338 0.636968
0.695894 0.820075
0.713633 0.954866
0.38448 0.313508
0.38505 0.32296
0.386755 0.506693
0.38958 0.524219
0.393501 0.358257
0.398486 0.443274
0.404495 0.546107
0.411483 1.19613
0.419402 0.342003
0.4282 0.212248
0.437824 0.459763
0.44822 0.39768
0.459337 0.469091
0.471123 0.365922
0.483529 0.431431
0.496509 0.390855
0.510019 0.521846
0.524017 0.429005
0.538467 0.489432
0.553333 0.595139
0.568581 0.502025
0.584182 0.577874
0.600109 0.556933
0.616336 0.634931
0.63284 0.74935
0.6496 0.669426
0.666597 0.614582
0.683813 0.696087
0.701232 0.780021
0.718838 0.700748
0.39517 0.258889
0.395724 0.381151
0.397384 0.278684
0.400134 0.607065
0.403952 0.351865
0.40881 0.341491
0.414669 0.464525
0.421489 0.532207
0.429223 0.55161
0.437824 0.353678
0.44724 0.339522
0.457423 0.378512
0.468321 0.322735
0.479886 0.488271
0.492071 0.38026
0.504832 0.547797
0.518125 0.412427
0.53191 0.524806
0.546151 0.533151
0.560813 0.603083
0.575863 0.798564
0.591273 0.716332
0.607013 0.497677
0.623061 0.817778
0.639391 0.787179
0.655984 0.847112
0.672819 0.813595
0.68988 0.686078
0.707149 0.689262
0.724612 0.793365
0.406658 0.512353
0.407197 0.31451
0.40881 0.320959
0.411483 0.504353
0.415198 0.445347
0.419925 0.449402
0.425631 0.22264
0.432278 0.227575
0.439823 0.408835
0.44822 0.453017
0.457423 0.29789
0.467383 0.330982
0.478055 0.352031
0.48939 0.448006
0.501344 0.390903
0.513874 0.511608
0.526939 0.702161
0.5405 0.619234
0.554521 0.34536
0.568967 0.523673
0.583807 0.598582
0.599012 0.553964
0.614554 0.495762
0.630409 0.71142
0.646554 0.994706
0.662968 0.852185
0.67963 0.778329
0.696524 0.713105
0.713633 0.634782
0.730941 0.79436
0.418879 0.305713
0.419402 0.556714
0.420968 0.366897
0.423565 0.302014
0.427174 0.432954
0.431771 0.4016
0.437323 0.283395
0.443794 0.378343
0.451147 0.392865
0.459337 0.490149
0.468321 0.413705
0.478055 0.287928
0.488493 0.472219
0.499591 0.717219
0.511307 0.568593
0.523599 0.644964
0.536427 0.441834
0.549754 0.603263
0.563544 0.545508
0.577765 0.456616
0.592384 0.55113
0.607375 0.602976
0.622708 0.79435
0.638361 0.499101
0.65431 0.718698
0.670534 0.587448
0.687013 0.891551
0.703729 0.923631
0.720667 0.75893
0.73781 0.64139
0.431771 0.526692
0.432278 0.524254
0.433798 0.569456
0.436318 0.347326
0.439823 0.399743
0.444288 0.337197
0.449686 0.522866
0.455982 0.528548
0.463141 0.426386
0.471123 0.572853
0.479886 0.622239
0.48939 0.465483
0.499591 0.557705
0.510448 0.520268
0.521921 0.731232
0.533968 0.574358
0.546553 0.583908
0.559639 0.630245
0.573191 0.437566
0.587178 0.632356
0.601569 0.350913
0.616336 0.78194
0.631452 0.639952
0.646894 0.805942
0.662637 0.684663
0.678662 0.663088
0.694948 0.971857
0.711478 0.654601
0.728235 0.782106
0.745204 0.749323
0.445275 0.730941
0.445767 0.617939
0.44724 0.691723
0.449686 0.582985
0.453087 0.451666
0.457423 0.807954
0.462667 0.315199
0.468789 0.393463
0.475755 0.388731
0.483529 0.548089
0.492071 0.711157
0.501344 0.40794
0.511307 0.556088
0.521921 0.440605
0.533146 0.650789
0.544945 0.566206
0.557282 0.43215
0.570122 0.674732
0.583431 0.650009
0.597178 0.636802
0.611334 0.708137
0.62587 0.4968
0.640762 0.539894
0.655984 0.821098
0.671514 0.678673
0.687332 0.534293
0.703417 0.971084
0.719753 0.628121
0.736322 0.902063
0.753109 1.20115
0.459337 0.301743
0.459814 0.571353
0.461243 0.767875
0.463614 0.491851
0.466914 0.53002
0.471123 0.490631
0.476216 0.306254
0.482166 0.464211
0.488941 0.561038
0.496509 0.47782
0.504832 0.41202
0.513874 0.343697
0.523599 0.579527
0.533968 0.597682
0.544945 0.779641
0.556495 0.552182
0.568581 0.561197
0.581171 0.74341
0.594233 0.861148
0.607736 0.632003
0.621651 0.669439
0.635952 0.619665
0.650612 0.781749
0.665609 0.718529
0.68092 0.655104
0.696524 1.18532
0.712402 0.800119
0.728536 0.789668
0.74491 0.890312
0.761508 0.693101
0.473908 0.561361
0.47437 0.572974
0.475755 0.747632
0.478055 0.429631
0.481255 0.45584
0.48534 0.43589
0.490285 0.425007
0.496067 0.325129
0.502655 0.566832
0.510019 0.664877
0.518125 0.62297
0.526939 0.425741
0.536427 0.674
0.546553 0.49691
0.557282 0.597948
0.568581 0.659465
0.580416 0.400085
0.592755 0.837173
0.605566 0.588014
0.618822 0.45443
0.632493 0.741965
0.646554 0.76814
0.66098 0.705009
0.675747 0.715456
0.690833 0.653129
0.706218 0.911163
0.721883 0.574121
0.73781 0.950109
0.753982 0.713208
0.770384 0.951754
0.488941 0.50959
0.48939 0.330845
0.490732 0.549145
0.492962 0.480467
0.496067 0.590006
0.50003 0.510338
0.504832 0.575494
0.510448 0.298795
0.516853 0.645625
0.524017 0.427487
0.53191 0.74783
0.5405 0.436201
0.549754 0.364804
0.559639 0.71234
0.570122 0.4883
0.581171 0.69852
0.592755 0.817094
0.604842 0.664819
0.617403 0.679151
0.630409 0.772161
0.643835 0.706521
0.657653 0.790565
0.671841 0.641686
0.686374 1.07415
0.701232 0.790638
0.716393 0.699852
0.731841 0.934129
0.747555 0.760843
0.763521 0.971083
0.779723 1.04669
0.504397 0.633484
0.504832 0.512157
0.506133 0.683214
0.508295 0.577544
0.511307 0.854086
0.515153 0.491435
0.519815 0.539399
0.525272 0.534098
0.531498 0.440427
0.538467 0.644109
0.546151 0.583657
0.554521 0.540072
0.563544 0.356815
0.573191 0.761002
0.583431 0.580325
0.594233 0.609311
0.605566 0.621937
0.617403 0.564302
0.629713 0.629481
0.642471 0.611966
0.655649 0.708607
0.669224 0.725248
0.683171 0.722687
0.697468 0.681968
0.712094 0.940835
0.72703 0.766509
0.742256 0.852893
0.757754 0.843591
0.77351 1.2267
0.789506 0.80623
0.520237 0.935116
0.520658 0.416688
0.521921 0.495864
0.524017 0.435314
0.526939 0.730763
0.530672 0.552578
0.535199 0.497846
0.5405 0.735428
0.546553 0.532141
0.553333 0.379851
0.560813 0.63351
0.568967 0.416106
0.577765 0.609515
0.587178 0.71049
0.597178 0.766063
0.607736 0.60707
0.618822 0.635793
0.630409 0.560828
0.642471 0.508781
0.65498 0.780451
0.667912 0.603942
0.681242 0.773017
0.694948 0.828028
0.709008 0.688434
0.723401 0.882119
0.738107 0.832759
0.753109 0.794931
0.768389 0.911264
0.783931 0.841864
0.799719 0.739352
0.536427 0.413142
0.536836 0.589736
0.53806 0.622426
0.540094 0.780522
0.542929 0.492024
0.546553 0.473414
0.550949 0.587835
0.5561 0.430972
0.561985 0.665683
0.568581 0.638387
0.575863 0.645321
0.583807 0.44871
0.592384 0.52158
0.601569 0.474014
0.611334 0.640351
0.621651 0.61467
0.632493 0.756558
0.643835 0.592782
0.655649 0.640493
0.667912 0.846408
0.680598 0.866353
0.693684 0.736136
0.707149 0.845312
0.720971 1.00152
0.73513 0.887077
0.749606 0.894036
0.764382 0.673322
0.779441 0.836604
0.794767 1.1765
0.810344 1.08987
0.552936 0.720843
0.553333 0.590281
0.554521 0.518243
0.556495 0.64391
0.559247 0.571213
0.562765 0.607368
0.567036 0.495488
0.572042 0.612687
0.577765 0.687094
0.584182 0.720605
0.591273 0.510079
0.599012 0.480359
0.607375 0.62346
0.616336 0.589246
0.62587 0.639031
0.635952 0.737192
0.646554 0.712238
0.657653 0.858837
0.669224 0.583937
0.681242 0.71096
0.693684 0.681638
0.706529 0.703718
0.719753 1.12283
0.733337 0.92668
0.747262 0.769813
0.761508 0.949569
0.776057 1.1988
0.790894 1.05289
0.806002 1.0034
0.821366 1.23666
0.569737 0.661965
0.570122 0.521743
0.571275 0.639878
0.573191 0.447011
0.575863 0.3407
0.579281 0.687627
0.583431 0.399226
0.588298 0.627168
0.593864 0.529934
0.600109 0.642559
0.607013 0.557339
0.614554 0.630509
0.622708 0.587329
0.631452 0.836221
0.640762 0.656339
0.650612 0.811682
0.66098 0.387349
0.671841 0.656252
0.683171 0.653763
0.694948 0.673646
0.707149 0.737147
0.719753 0.600226
0.732739 0.747374
0.746087 0.691501
0.759778 1.02398
0.773793 0.89452
0.788116 0.98826
0.80273 0.756678
0.817619 1.05708
0.832769 1.19579
0.586805 0.6131
0.587178 0.699348
0.588298 0.464634
0.590159 0.580297
0.592755 0.534773
0.596075 0.590387
0.600109 0.640829
0.604842 0.58959
0.610257 0.532989
0.616336 0.43966
0.623061 0.590289
0.630409 0.584939
0.638361 0.472359
0.646894 0.602399
0.655984 0.957432
0.665609 0.748694
0.675747 0.844847
0.686374 0.757057
0.697468 0.702646
0.709008 1.09152
0.720971 1.00004
0.733337 0.98392
0.746087 0.718924
0.7592 1.09832
0.772659 0.754479
0.786445 0.74783
0.800541 0.668794
0.814932 1.35079
0.829603 0.691953
0.844537 1.39446
0.604116 0.715868
0.604479 0.802947
0.605566 0.644156
0.607375 0.733973
0.609897 0.69778
0.613125 0.565718
0.617047 0.679201
0.621651 0.714537
0.626921 0.776664
0.63284 0.727026
0.639391 1.24187
0.646554 0.787567
0.65431 0.729904
0.662637 0.610334
0.671514 0.804615
0.68092 0.763526
0.690833 0.764173
0.701232 0.684127
0.712094 0.667542
0.723401 0.732432
0.73513 0.935262
0.747262 0.738588
0.759778 0.788458
0.772659 0.800486
0.785887 1.00176
0.799445 0.838116
0.813316 0.945612
0.827485 0.938572
0.841936 1.19196
0.856656 1.39076
0.621651 0.541975
0.622004 0.444178
0.623061 0.750917
0.624818 0.581728
0.62727 0.834459
0.630409 0.734319
0.634225 0.476466
0.638705 0.557432
0.643835 0.701874
0.6496 0.779601
0.655984 0.690252
0.662968 0.587946
0.670534 0.862065
0.678662 0.661794
0.687332 0.695348
0.696524 0.718816
0.706218 0.700781
0.716393 0.868445
0.72703 0.594984
0.738107 0.719751
0.749606 0.95288
0.761508 1.458
0.773793 1.26909
0.786445 0.796114
0.799445 1.1146
0.812776 1.23152
0.826424 1.06741
0.840372 1.27321
0.854606 0.837074
0.869111 0.854573
0.639391 0.554416
0.639734 0.662979
0.640762 0.789743
0.642471 0.560411
0.644856 0.921778
0.64791 0.942142
0.651623 0.564018
0.655984 0.821915
0.66098 0.822075
0.666597 1.04913
0.672819 0.849666
0.67963 0.580063
0.687013 0.86757
0.694948 0.709205
0.703417 0.907006
0.712402 0.856268
0.721883 0.743741
0.731841 0.702746
0.742256 0.664994
0.753109 0.807013
0.764382 0.948703
0.776057 0.713248
0.788116 1.2641
0.800541 1.00816
0.813316 1.05261
0.826424 1.14581
0.83985 1.20243
0.853578 1.46897
0.867595 1.47335
0.881887 1.10157
0.65732 0.758319
0.657653 0.535331
0.658653 1.00937
0.660316 0.889064
0.662637 0.805592
0.665609 0.888324
0.669224 0.798343
0.673471 0.766728
0.678338 0.886407
0.683813 1.19943
0.68988 0.615905
0.696524 0.697571
0.703729 0.581143
0.711478 0.5607
0.719753 0.864949
0.728536 0.726489
0.73781 0.785176
0.747555 0.871466
0.757754 0.902609
0.768389 0.883476
0.779441 0.81961
0.790894 0.738871
0.80273 0.716311
0.814932 0.698905
0.827485 0.848529
0.840372 1.02317
0.853578 1.35044
0.86709 1.30514
0.880892 0.860281
0.894971 1.48473
0.675422 0.601431
0.675747 0.771802
0.67672 0.646913
0.678338 0.869108
0.680598 1.01531
0.683492 0.954119
0.687013 0.73171
0.69115 0.94884
0.695894 0.83394
0.701232 0.898904
0.707149 0.796885
0.713633 0.701861
0.720667 0.590906
0.728235 0.860884
0.736322 0.671264
0.74491 0.821348
0.753982 0.606406
0.763521 0.561685
0.77351 1.02032
0.783931 1.04186
0.794767 1.21445
0.806002 1.03767
0.817619 0.963217
0.829603 0.855592
0.841936 0.970255
0.854606 1.12511
0.867595 1.15841
0.880892 0.751346
0.894481 1.24877
0.90835 1.00967
0.693684 0.69191
0.694001 0.764024
0.694948 0.642243
0.696524 0.665341
0.698725 0.682434
0.701544 0.530646
0.704975 0.953039
0.709008 0.78895
0.713633 1.16323
0.718838 0.791752
0.724612 0.660863
0.730941 0.71082
0.73781 0.905983
0.745204 0.874587
0.753109 0.647628
0.761508 0.825021
0.770384 0.957237
0.779723 0.605869
0.789506 1.21072
0.799719 0.79978
0.810344 0.959086
0.821366 0.779018
0.832769 1.10659
0.844537 1.06041
0.856656 1.15725
0.869111 1.22669
0.881887 1.45965
0.894971 1.4057
0.90835 1.15084
0.92201 0.808511
0.356047 0.386111
0.356663 0.48951
0.358503 0.316829
0.361549 0.418501
0.36577 0.239725
0.371128 0.335425
0.377572 0.305931
0.38505 0.429275
0.393501 0.339631
0.402865 0.438128
0.413079 0.429167
0.424083 0.409638
0.435815 0.534237
0.44822 0.439417
0.461243 0.301673
0.474832 0.480291
0.488941 0.566196
0.503527 0.945748
0.518548 0.71409
0.533968 0.692619
0.549754 0.635727
0.565874 0.435045
0.582302 0.584741
0.599012 0.648615
0.61598 0.706837
0.633187 0.721086
0.650612 0.661
0.66824 0.705187
0.686054 0.769585
0.704041 0.742573
0.356663 0.378112
0.357277 0.305401
0.359114 0.438675
0.362155 0.423683
0.36637 0.293253
0.371718 0.42416
0.378153 0.469854
0.385619 0.41883
0.394058 0.389801
0.403409 0.387488
0.41361 0.417916
0.4246 0.534562
0.436318 0.313738
0.448709 0.468219
0.461718 0.443789
0.475294 0.383635
0.48939 0.481189
0.503962 0.399156
0.518971 0.36333
0.534379 0.462141
0.550153 0.735788
0.566262 0.566854
0.582679 0.731253
0.599378 0.669932
0.616336 0.604026
0.633533 0.568934
0.650949 0.836015
0.668568 0.6202
0.686374 0.744238
0.704352 0.790933
0.358503 0.475045
0.359114 0.397161
0.360942 0.31589
0.363967 0.436761
0.368161 0.436971
0.373484 0.409115
0.379889 0.524866
0.387322 0.50813
0.395724 0.278386
0.405037 0.252071
0.415198 0.258709
0.426146 0.352561
0.437824 0.412592
0.450173 0.73472
0.463141 0.401433
0.476676 0.459584
0.490732 0.526302
0.505266 0.372128
0.520237 0.917905
0.535609 0.490184
0.551347 0.494625
0.567423 0.615316
0.583807 0.553134
0.600474 0.417698
0.617403 0.77544
0.634571 0.627276
0.651959 0.653691
0.669552 0.717502
0.687332 0.651326
0.705286 0.58045
0.361549 0.310812
0.362155 0.521423
0.363967 0.363932
0.366968 0.434574
0.371128 0.482592
0.376409 0.288478
0.382765 0.311736
0.390143 0.374102
0.398486 0.330344
0.407735 0.40224
0.417831 0.65132
0.428712 0.410158
0.440321 0.478655
0.452603 0.360481
0.465503 0.537639
0.478971 0.438609
0.492962 0.666846
0.507432 0.783581
0.522341 0.669335
0.537652 0.743494
0.553333 0.627603
0.569352 0.648862
0.585682 0.451439
0.602298 0.513878
0.619176 0.745216
0.636296 0.676479
0.653639 1.0904
0.671187 0.560104
0.688925 1.20111
0.706839 0.898125
0.36577 0.450239
0.36637 0.670968
0.368161 0.36452
0.371128 0.353637
0.375242 0.351788
0.380466 0.209108
0.386755 0.238071
0.394058 0.486388
0.40232 0.379358
0.411483 0.388144
0.421489 0.410519
0.432278 0.341762
0.443794 0.376584
0.455982 0.441985
0.468789 0.603736
0.482166 0.501423
0.496067 0.357685
0.510448 0.437452
0.525272 0.601697
0.5405 0.505091
0.5561 0.527575
0.572042 0.535581
0.588298 0.406801
0.604842 0.961558
0.621651 0.583451
0.638705 1.02629
0.655984 0.810699
0.673471 0.913924
0.69115 0.996054
0.709008 0.949225
0.371128 0.325311
0.371718 0.312618
0.373484 0.357221
0.376409 0.376071
0.380466 0.391804
0.385619 0.407807
0.391825 0.692871
0.399036 0.386176
0.407197 0.563016
0.416253 0.313817
0.426146 0.292294
0.436821 0.481193
0.44822 0.365137
0.460291 0.47334
0.472981 0.50164
0.486243 0.693828
0.50003 0.469569
0.514301 0.447186
0.529016 0.549482
0.54414 0.696342
0.559639 0.531762
0.575482 0.49406
0.591643 0.546754
0.608096 0.763731
0.624818 0.498695
0.641788 0.592875
0.658986 0.444173
0.676396 0.605482
0.694001 0.646931
0.711786 0.653247
0.377572 0.499838
0.378153 0.30548
0.379889 0.360501
0.382765 0.696954
0.386755 0.373562
0.391825 0.534513
0.397935 0.297441
0.405037 0.571686
0.413079 0.369902
0.422009 0.337337
0.431771 0.370589
0.442309 0.446158
0.453571 0.331515
0.465503 0.39652
0.478055 0.687406
0.491179 0.651446
0.504832 0.655295
0.518971 0.594503
0.533557 0.458847
0.548556 0.519679
0.563933 0.545918
0.57966 0.677067
0.595707 0.761157
0.612051 0.839951
0.628667 0.910924
0.645536 0.713585
0.662637 0.650021
0.679953 0.967634
0.697468 0.659479
0.715168 0.90847
0.38505 0.398251
0.385619 0.650694
0.387322 0.482969
0.390143 0.298272
0.394058 0.489567
0.399036 0.321251
0.405037 0.399551
0.412016 0.580422
0.419925 0.481445
0.428712 0.328915
0.438324 0.261467
0.448709 0.369712
0.459814 0.619687
0.471588 0.489626
0.483982 0.481053
0.49695 0.4517
0.510448 0.535382
0.524436 0.63543
0.538874 0.420258
0.553729 0.408282
0.568967 0.737858
0.584558 0.997772
0.600474 0.514875
0.616692 0.604931
0.633187 0.555957
0.649938 0.619048
0.666926 0.625446
0.684133 0.759695
0.701544 0.768155
0.719143 0.928573
0.393501 0.450721
0.394058 0.546971
0.395724 0.449967
0.398486 0.418452
0.40232 0.540593
0.407197 0.525159
0.413079 0.386026
0.419925 0.337303
0.427688 0.476537
0.436318 0.374251
0.445767 0.421497
0.455982 0.385787
0.466914 0.402074
0.478513 0.44157
0.490732 0.610289
0.503527 0.569559
0.516853 0.530218
0.530672 0.426016
0.544945 0.940732
0.559639 0.580146
0.57472 0.438011
0.590159 0.483882
0.605928 0.588703
0.622004 0.675205
0.638361 0.678356
0.65498 0.506533
0.671841 0.703889
0.688925 0.746056
0.706218 0.567353
0.723704 0.693077
0.402865 0.492562
0.403409 0.411956
0.405037 0.511899
0.407735 0.476169
0.411483 0.574304
0.416253 0.321172
0.422009 0.501152
0.428712 0.282329
0.436318 0.430472
0.444782 0.430773
0.454054 0.451951
0.464087 0.393467
0.474832 0.86822
0.486243 0.603382
0.498272 0.492992
0.510878 0.581498
0.524017 0.60332
0.537652 0.442559
0.551745 0.473166
0.566262 0.462672
0.581171 0.281168
0.596443 0.560861
0.612051 0.611429
0.627969 0.844522
0.644175 0.682661
0.660648 0.411499
0.677368 0.561078
0.694316 0.774905
0.711478 0.917602
0.728837 0.661045
0.413079 0.499899
0.41361 0.534802
0.415198 0.311781
0.417831 0.441153
0.421489 0.369464
0.426146 0.464762
0.431771 0.277679
0.438324 0.394387
0.445767 0.377354
0.454054 0.53375
0.463141 0.513216
0.472981 0.541713
0.483529 0.716107
0.494739 0.591767
0.506567 0.619945
0.518971 0.359009
0.53191 0.719529
0.545348 0.569525
0.559247 0.758289
0.573574 0.707597
0.588298 0.403068
0.603389 0.680385
0.618822 0.569001
0.634571 0.722872
0.650612 0.652895
0.666926 0.601521
0.683492 0.633658
0.700293 0.695535
0.717311 0.878741
0.734533 0.684378
0.424083 0.417344
0.4246 0.313381
0.426146 0.405298
0.428712 0.403441
0.432278 0.371312
0.436821 0.501833
0.442309 0.594953
0.448709 0.491463
0.455982 0.377545
0.464087 0.520392
0.472981 0.326339
0.482621 0.498024
0.492962 0.546437
0.503962 0.770525
0.515579 0.512117
0.527771 0.424635
0.5405 0.420224
0.553729 0.465975
0.567423 0.861704
0.581548 0.567966
0.596075 0.60385
0.610975 0.595208
0.626221 0.58087
0.641788 0.694421
0.657653 0.52479
0.673797 0.655489
0.690198 0.666708
0.706839 0.75671
0.723704 0.878386
0.740777 0.73574
0.435815 0.565135
0.436318 0.449303
0.437824 0.688782
0.440321 0.441942
0.443794 0.371359
0.44822 0.801403
0.453571 0.433708
0.459814 0.384655
0.466914 0.659549
0.474832 0.57944
0.483529 0.37074
0.492962 0.579938
0.503091 0.349876
0.513874 0.294502
0.525272 0.484098
0.537244 0.649562
0.549754 0.818799
0.562765 0.306489
0.576244 0.754408
0.590159 0.597892
0.604479 0.557265
0.619176 0.746533
0.634225 0.50925
0.6496 0.662549
0.66528 0.473686
0.681242 0.56076
0.697468 0.680602
0.71394 0.915276
0.730641 0.758858
0.747555 0.842126
0.44822 0.636184
0.448709 0.496832
0.450173 0.521923
0.452603 0.457155
0.455982 0.34133
0.460291 0.391187
0.465503 0.470858
0.471588 0.528724
0.478513 0.380037
0.486243 0.539814
0.494739 0.605528
0.503962 0.590151
0.513874 0.52025
0.524436 0.898334
0.535609 0.571279
0.547355 0.449989
0.559639 0.447073
0.572425 0.510989
0.585682 0.677505
0.599378 0.405229
0.613483 0.691847
0.627969 0.580386
0.642812 0.60006
0.657987 0.544835
0.673471 0.76051
0.689244 0.616671
0.705286 0.987131
0.721579 0.835427
0.738107 0.514191
0.754854 0.971136
0.461243 0.461476
0.461718 0.388449
0.463141 0.434702
0.465503 0.429824
0.468789 0.442551
0.472981 0.338521
0.478055 0.430816
0.483982 0.553655
0.490732 0.402282
0.498272 0.377457
0.506567 0.4384
0.515579 0.611056
0.525272 0.413323
0.535609 0.774714
0.546553 0.626513
0.558069 0.456226
0.570122 0.569949
0.582679 0.601638
0.595707 0.728106
0.609177 0.672216
0.623061 0.76391
0.63733 0.500641
0.651959 0.634893
0.666926 0.846475
0.682207 0.672931
0.697783 0.890972
0.713633 0.656973
0.72974 0.758086
0.746087 0.862968
0.762659 0.916363
0.474832 0.379735
0.475294 0.576788
0.476676 0.721913
0.478971 0.474015
0.482166 0.450497
0.486243 0.381285
0.491179 0.56406
0.49695 0.526639
0.503527 0.472113
0.510878 0.535426
0.518971 0.657252
0.527771 0.599958
0.537244 0.526138
0.547355 0.50664
0.558069 0.564253
0.569352 0.759202
0.581171 0.677146
0.593494 0.622164
0.60629 0.611353
0.61953 0.545594
0.633187 0.73882
0.647232 0.761138
0.661643 0.533269
0.676396 0.642661
0.691468 0.898384
0.706839 1.1259
0.72249 0.633562
0.738404 0.920454
0.754564 0.771357
0.770954 0.963148
0.488941 0.919631
0.48939 0.732453
0.490732 0.437569
0.492962 0.683229
0.496067 0.638083
0.50003 0.416147
0.504832 0.488992
0.510448 0.619758
0.516853 0.75855
0.524017 0.565846
0.53191 0.65277
0.5405 0.577564
0.549754 0.542936
0.559639 0.544819
0.570122 0.41903
0.581171 0.474734
0.592755 0.727436
0.604842 0.418804
0.617403 0.669568
0.630409 0.574035
0.643835 0.840256
0.657653 0.458458
0.671841 0.821402
0.686374 0.765518
0.701232 0.712619
0.716393 0.651457
0.731841 0.693974
0.747555 1.11125
0.763521 0.693555
0.779723 1.10212
0.503527 0.653318
0.503962 0.396258
0.505266 0.412157
0.507432 0.546011
0.510448 0.441426
0.514301 0.484712
0.518971 0.511023
0.524436 0.474511
0.530672 0.441049
0.537652 0.589197
0.545348 0.659214
0.553729 0.557284
0.562765 0.441863
0.572425 0.570617
0.582679 0.754048
0.593494 0.459198
0.604842 0.570178
0.616692 0.681996
0.629016 0.643042
0.641788 0.764212
0.65498 0.827235
0.668568 0.441521
0.682529 0.684179
0.696839 0.964967
0.711478 0.733117
0.726426 0.618982
0.741664 0.648237
0.757175 0.554693
0.772942 0.671971
0.788951 0.749263
0.518548 0.437434
0.518971 0.538997
0.520237 0.499306
0.522341 0.413474
0.525272 0.55558
0.529016 0.362889
0.533557 0.714461
0.538874 0.666962
0.544945 0.535897
0.551745 0.497986
0.559247 0.558423
0.567423 0.564513
0.576244 0.686666
0.585682 0.563734
0.595707 0.69064
0.60629 0.675796
0.617403 0.70317
0.629016 0.608347
0.641104 0.865978
0.653639 0.611508
0.666597 0.666611
0.679953 0.505949
0.693684 0.840947
0.707769 0.882674
0.722187 0.562912
0.736918 0.613162
0.751943 0.852255
0.767246 0.800712
0.782811 1.0021
0.798621 1.19732
0.533968 0.604691
0.534379 0.497177
0.535609 0.568284
0.537652 0.923051
0.5405 0.402514
0.54414 0.515094
0.548556 0.814292
0.553729 0.904716
0.559639 0.734203
0.566262 0.636983
0.573574 0.679283
0.581548 0.658601
0.590159 0.514603
0.599378 0.430699
0.609177 0.83479
0.61953 0.721312
0.630409 0.644693
0.641788 0.786369
0.653639 0.646982
0.665939 0.68514
0.678662 0.819743
0.691785 0.697195
0.705286 1.02207
0.719143 0.995094
0.733337 1.02552
0.747849 0.888946
0.762659 0.867701
0.777751 1.17289
0.79311 0.793528
0.808719 1.07594
0.549754 0.694232
0.550153 0.697557
0.551347 0.603984
0.553333 0.535721
0.5561 0.559058
0.559639 0.492366
0.563933 0.729612
0.568967 0.626253
0.57472 0.805211
0.581171 0.595392
0.588298 0.720953
0.596075 0.735436
0.604479 0.557261
0.613483 0.534848
0.623061 0.78448
0.633187 0.742524
0.643835 0.685185
0.65498 0.931033
0.666597 0.80947
0.678662 0.534984
0.69115 0.995548
0.704041 0.781109
0.717311 0.867299
0.730941 0.812341
0.74491 0.731282
0.7592 0.666592
0.773793 0.740912
0.788673 0.828263
0.803822 0.80164
0.819227 1.3505
0.565874 0.663346
0.566262 0.701836
0.567423 0.582464
0.569352 0.633957
0.572042 0.670106
0.575482 0.549901
0.57966 0.717447
0.584558 0.943829
0.590159 0.616364
0.596443 0.708068
0.603389 0.524541
0.610975 0.692312
0.619176 0.647669
0.627969 1.05698
0.63733 0.56644
0.647232 0.492454
0.657653 0.557965
0.668568 0.620272
0.679953 0.388938
0.691785 0.738258
0.704041 0.837262
0.716699 0.712271
0.72974 0.929313
0.743141 0.805507
0.756886 1.17751
0.770954 0.752336
0.785328 1.14915
0.799993 0.99996
0.814932 1.10841
0.830131 0.996074
0.582302 0.532964
0.582679 0.603312
0.583807 0.690497
0.585682 0.836205
0.588298 0.434737
0.591643 0.627494
0.595707 0.437121
0.600474 0.757516
0.605928 0.546857
0.612051 0.890427
0.618822 0.777343
0.626221 0.552831
0.634225 0.671296
0.642812 0.771211
0.651959 0.508529
0.661643 0.65738
0.671841 0.692467
0.682529 0.641065
0.693684 0.926108
0.705286 0.97315
0.717311 0.935085
0.72974 0.779837
0.742551 0.68139
0.755726 0.741255
0.769245 0.957562
0.783091 0.983723
0.797247 1.4748
0.811696 0.854735
0.826424 0.955176
0.841415 1.01752
0.599012 0.561826
0.599378 0.847909
0.600474 0.651273
0.602298 0.679971
0.604842 0.624312
0.608096 0.689778
0.612051 0.68649
0.616692 0.483191
0.622004 0.531635
0.627969 0.601881
0.634571 1.07859
0.641788 0.584715
0.6496 0.808659
0.657987 0.625196
0.666926 0.710019
0.676396 0.685366
0.686374 0.965263
0.696839 0.809143
0.707769 1.00937
0.719143 0.682571
0.730941 0.739556
0.743141 0.824067
0.755726 0.915586
0.768674 1.12756
0.78197 0.931937
0.795595 0.867437
0.809532 1.19679
0.823766 0.758383
0.838281 0.763807
0.853064 1.12093
0.61598 0.792107
0.616336 0.483792
0.617403 0.620389
0.619176 0.68921
0.621651 0.690988
0.624818 1.0865
0.628667 0.626099
0.633187 0.703595
0.638361 0.63121
0.644175 0.938141
0.650612 0.583127
0.657653 0.690984
0.66528 0.544599
0.673471 0.634897
0.682207 0.867682
0.691468 0.773657
0.701232 0.674515
0.711478 0.859527
0.722187 0.756616
0.733337 0.809766
0.74491 0.718789
0.756886 1.00551
0.769245 1.14762
0.78197 0.93484
0.795043 1.164
0.808447 0.828109
0.822167 1.10586
0.836186 1.05933
0.850489 0.950729
0.865064 0.967904
0.633187 0.529696
0.633533 0.55307
0.634571 0.600302
0.636296 0.483227
0.638705 1.08285
0.641788 0.722147
0.645536 0.688177
0.649938 0.698858
0.65498 0.733949
0.660648 0.708191
0.666926 0.66822
0.673797 0.763669
0.681242 0.906822
0.689244 0.852157
0.697783 0.684971
0.706839 0.738954
0.716393 0.726507
0.726426 0.736889
0.736918 0.919993
0.747849 0.901137
0.7592 0.89636
0.770954 0.875608
0.783091 0.975466
0.795595 0.794244
0.808447 0.650874
0.821633 0.980737
0.835136 1.36746
0.848941 1.05796
0.863033 1.16266
0.877399 0.950564
0.650612 0.719606
0.650949 0.790644
0.651959 0.562125
0.653639 0.838514
0.655984 0.741741
0.658986 0.836933
0.662637 0.592644
0.666926 0.544519
0.671841 0.662358
0.677368 0.727406
0.683492 0.529238
0.690198 0.506404
0.697468 0.78202
0.705286 0.799915
0.713633 0.722447
0.72249 0.665831
0.731841 0.580631
0.741664 0.868703
0.751943 0.654779
0.762659 1.00325
0.773793 0.925935
0.785328 0.984914
0.797247 0.999386
0.809532 0.749264
0.822167 1.44998
0.835136 0.71859
0.848424 1.16369
0.862016 1.12235
0.875898 1.13032
0.890056 1.33945
0.66824 0.723837
0.668568 0.870272
0.669552 0.969167
0.671187 1.03414
0.673471 0.920193
0.676396 0.781913
0.679953 1.07746
0.684133 0.631353
0.688925 0.700069
0.694316 0.997341
0.700293 0.541394
0.706839 0.725011
0.71394 0.915531
0.721579 0.964062
0.72974 0.699044
0.738404 1.00764
0.747555 1.23428
0.757175 0.815899
0.767246 0.979509
0.777751 0.880397
0.788673 1.06883
0.799993 1.05547
0.811696 0.93999
0.823766 1.06621
0.836186 0.864642
0.848941 0.88879
0.862016 0.982722
0.875397 1.42956
0.88907 1.27211
0.903022 1.0178
0.686054 0.494987
0.686374 1.04189
0.687332 0.741223
0.688925 0.463259
0.69115 0.691826
0.694001 0.669303
0.697468 0.658292
0.701544 0.929604
0.706218 0.719486
0.711478 0.591466
0.717311 0.777766
0.723704 0.841856
0.730641 0.837329
0.738107 0.976806
0.746087 0.824036
0.754564 0.928925
0.763521 0.809072
0.772942 0.906787
0.782811 0.775945
0.79311 1.01824
0.803822 0.749689
0.814932 1.10864
0.826424 1.14723
0.838281 0.952853
0.850489 1.24787
0.863033 0.899233
0.875898 1.29106
0.88907 1.21776
0.902536 1.18329
0.916283 0.866159
0.704041 0.904762
0.704352 0.706835
0.705286 0.723731
0.706839 0.783087
0.709008 0.959341
0.711786 0.5944
0.715168 0.837037
0.719143 0.720019
0.723704 0.704983
0.728837 0.768456
0.734533 0.82135
0.740777 0.833791
0.747555 0.607382
0.754854 0.812469
0.762659 0.679874
0.770954 0.896431
0.779723 0.989635
0.788951 1.02963
0.798621 0.702144
0.808719 1.78104
0.819227 0.814687
0.830131 0.702847
0.841415 0.897608
0.853064 0.936923
0.865064 0.884899
0.877399 1.37364
0.890056 0.720065
0.903022 1.15396
0.916283 1.18932
0.929827 1.46879
0.376991 0.537472
0.377572 0.302255
0.379311 0.445863
0.382191 0.208764
0.386187 0.318664
0.391265 0.389791
0.397384 0.323772
0.404495 0.469472
0.412548 0.524764
0.421489 0.439828
0.431262 0.39085
0.441813 0.287233
0.453087 0.580428
0.465031 0.409928
0.477596 0.358484
0.490732 0.478617
0.504397 0.446522
0.518548 0.518453
0.533146 0.474459
0.548156 0.650551
0.563544 0.844235
0.579281 0.758419
0.595339 0.634683
0.611692 0.581146
0.628319 0.777283
0.645196 0.994016
0.662306 0.63683
0.67963 1.03612
0.697154 0.690826
0.714861 0.792165
0.377572 0.754482
0.378153 0.380734
0.379889 0.437768
0.382765 0.670598
0.386755 0.327361
0.391825 0.303411
0.397935 0.628383
0.405037 0.417076
0.413079 0.422224
0.422009 0.392272
0.431771 0.348639
0.442309 0.531518
0.453571 0.682524
0.465503 0.345295
0.478055 0.663864
0.491179 0.494109
0.504832 0.571643
0.518971 0.661
0.533557 0.65784
0.548556 0.552318
0.563933 0.440324
0.57966 0.560074
0.595707 0.64098
0.612051 0.663658
0.628667 0.585788
0.645536 0.570237
0.662637 0.736363
0.679953 0.725968
0.697468 0.865751
0.715168 0.962735
0.379311 0.292281
0.379889 0.408751
0.381617 0.322843
0.38448 0.514417
0.388452 0.487687
0.393501 0.451014
0.399585 0.505194
0.406658 0.330841
0.414669 0.526302
0.423565 0.316985
0.433292 0.536895
0.443794 0.3333
0.455019 0.530414
0.466914 0.59203
0.479429 0.528866
0.492517 0.535892
0.506133 0.300741
0.520237 0.71691
0.534789 0.732064
0.549754 0.561109
0.565099 0.538398
0.580794 0.54295
0.596811 0.749651
0.613125 0.764792
0.629713 0.448496
0.646554 0.472552
0.663629 0.719867
0.68092 0.61613
0.698411 0.782573
0.716087 0.769293
0.382191 0.304933
0.382765 0.63302
0.38448 0.386695
0.387322 1.05679
0.391265 0.370973
0.396278 0.449972
0.40232 0.597898
0.409346 0.260936
0.417305 0.428305
0.426146 0.370374
0.435815 0.279716
0.446259 0.511019
0.457423 0.436259
0.469257 0.328321
0.481711 0.424309
0.494739 0.5776
0.508295 0.830492
0.522341 0.458662
0.536836 0.691452
0.551745 0.683575
0.567036 0.5226
0.582679 0.744696
0.598645 0.482621
0.614911 0.408702
0.631452 0.522848
0.648248 0.645228
0.66528 0.885091
0.682529 0.461855
0.699979 0.733695
0.717617 0.741018
0.386187 0.48687
0.386755 0.633019
0.388452 0.275866
0.391265 0.530074
0.39517 0.196325
0.400134 0.2708
0.406118 0.401406
0.413079 0.654496
0.420968 0.433166
0.429734 0.42097
0.439324 0.662892
0.449686 0.449214
0.460767 0.369472
0.472517 0.443921
0.484888 0.449042
0.497832 0.550825
0.511307 0.429386
0.525272 0.505033
0.539688 0.600041
0.554521 0.395184
0.569737 0.417038
0.585308 0.650876
0.601204 0.648871
0.617403 0.832526
0.633879 0.735585
0.650612 0.790711
0.667583 0.526414
0.684774 0.681693
0.702169 0.736898
0.719753 0.974044
0.391265 0.385604
0.391825 0.259266
0.393501 0.258585
0.396278 0.348704
0.400134 0.368152
0.405037 0.467845
0.41095 0.372412
0.417831 0.26141
0.425631 0.380221
0.434303 0.455135
0.443794 0.466308
0.454054 0.343885
0.465031 0.53955
0.476676 0.28357
0.488941 0.614186
0.501781 0.644638
0.515153 0.647922
0.529016 0.604431
0.543333 0.420083
0.558069 0.835412
0.573191 0.694822
0.58867 0.572032
0.604479 0.674504
0.620592 0.527161
0.636985 0.813846
0.653639 0.945434
0.670534 0.691556
0.687651 0.703049
0.704975 0.82017
0.72249 0.954678
0.397384 0.321934
0.397935 0.364712
0.399585 0.441485
0.40232 0.32182
0.406118 0.286321
0.41095 0.367427
0.416779 0.301293
0.423565 0.343882
0.431262 0.49489
0.439823 0.399961
0.449198 0.322686
0.459337 0.665468
0.470191 0.556076
0.481711 0.330778
0.493851 0.400373
0.506567 0.651756
0.519815 0.559141
0.533557 0.565666
0.547755 0.602688
0.562375 0.591738
0.577385 0.46627
0.592755 0.497092
0.608457 0.642081
0.624467 0.56802
0.640762 0.58622
0.65732 0.798815
0.674122 0.726737
0.69115 0.750873
0.708389 0.806795
0.725822 0.914854
0.404495 0.422812
0.405037 0.260034
0.406658 0.594384
0.409346 0.21814
0.413079 0.430766
0.417831 0.229432
0.423565 0.512096
0.430244 0.388815
0.437824 0.361889
0.446259 0.735386
0.455501 0.441094
0.465503 0.305622
0.476216 0.44379
0.487594 0.452746
0.499591 0.563373
0.512164 0.642818
0.525272 0.422634
0.538874 0.78188
0.552936 0.624168
0.567423 0.553645
0.582302 0.496368
0.597545 0.777565
0.613125 0.620685
0.629016 0.540376
0.645196 0.607842
0.661643 0.634873
0.678338 0.639486
0.695263 0.743036
0.712402 0.843542
0.72974 0.823884
0.412548 0.369667
0.413079 0.468241
0.414669 0.347225
0.417305 0.448229
0.420968 0.513515
0.425631 0.484384
0.431262 0.287595
0.437824 0.342099
0.445275 0.814769
0.453571 0.299429
0.462667 0.552881
0.472517 0.446951
0.483075 0.567007
0.494295 0.519317
0.506133 0.48904
0.518548 0.40024
0.531498 0.485242
0.544945 0.3637
0.558854 0.547115
0.573191 0.476815
0.587925 0.680341
0.603026 0.571903
0.618467 0.59258
0.634225 0.750588
0.650275 0.646149
0.666597 0.654713
0.683171 0.615898
0.699979 0.890263
0.717005 0.817797
0.734234 0.870784
0.421489 0.380813
0.422009 0.484384
0.423565 0.24365
0.426146 0.404416
0.429734 0.371117
0.434303 0.40598
0.439823 0.324574
0.446259 0.426345
0.453571 0.520022
0.461718 0.384641
0.470657 0.369965
0.480343 0.676061
0.490732 0.435658
0.501781 0.542264
0.513447 0.649568
0.525689 0.754647
0.538467 0.433409
0.551745 0.832163
0.565487 0.575706
0.57966 0.492751
0.594233 0.566252
0.609177 0.702806
0.624467 0.61004
0.640077 0.629378
0.655984 0.641296
0.672167 0.706664
0.688607 0.631074
0.705286 0.984799
0.722187 0.71232
0.739295 0.6177
0.431262 0.579173
0.431771 0.371276
0.433292 0.532723
0.435815 0.395912
0.439324 0.451371
0.443794 0.248908
0.449198 0.455421
0.455501 0.357873
0.462667 0.434847
0.470657 0.517367
0.479429 0.497849
0.488941 0.575481
0.499152 0.466595
0.510019 0.573526
0.5215 0.499299
0.533557 0.493207
0.546151 0.636287
0.559247 0.535936
0.572808 0.479494
0.586805 0.591234
0.601204 0.74778
0.61598 0.550774
0.631105 0.424943
0.646554 0.688566
0.662306 0.605248
0.678338 0.623845
0.694632 0.662929
0.71117 0.713997
0.727934 0.745008
0.74491 0.584762
0.441813 0.545961
0.442309 0.38648
0.443794 0.58306
0.446259 0.593906
0.449686 0.349861
0.454054 0.499
0.459337 0.332863
0.465503 0.562806
0.472517 0.679147
0.480343 0.493497
0.488941 0.651816
0.498272 0.730478
0.508295 0.53113
0.518971 0.471623
0.530258 0.611571
0.542121 0.601537
0.554521 0.75527
0.567423 0.515926
0.580794 0.678027
0.594602 0.559658
0.608817 0.586591
0.623412 0.426826
0.638361 0.661953
0.653639 0.895542
0.669224 0.787575
0.685095 0.830596
0.701232 0.698341
0.717617 0.808259
0.734234 1.04179
0.751068 0.659848
0.453087 0.514948
0.453571 0.658611
0.455019 0.413866
0.457423 0.326
0.460767 0.309983
0.465031 0.526872
0.470191 0.449155
0.476216 0.213616
0.483075 0.448601
0.490732 0.463819
0.499152 0.698208
0.508295 0.540945
0.518125 0.614181
0.528601 0.431602
0.539688 0.613956
0.551347 0.618889
0.563544 0.479772
0.576244 0.742007
0.589415 0.545465
0.603026 0.569478
0.617047 0.735193
0.631452 0.625246
0.646215 1.00133
0.661312 0.582932
0.67672 0.644069
0.692419 0.81382
0.708389 0.935321
0.724612 1.0718
0.741073 0.744549
0.757754 0.815805
0.465031 0.743572
0.465503 0.347162
0.466914 0.469521
0.469257 0.38452
0.472517 0.387581
0.476676 0.400359
0.481711 0.43892
0.487594 0.390558
0.494295 0.407595
0.501781 0.514021
0.510019 0.323179
0.518971 0.844856
0.528601 0.578967
0.538874 0.633085
0.549754 0.612831
0.561204 0.485021
0.573191 0.47515
0.585682 0.636664
0.598645 0.799522
0.612051 0.611581
0.62587 0.53804
0.640077 0.527992
0.654645 0.804347
0.669552 0.383469
0.684774 0.791043
0.700293 0.685054
0.716087 0.929881
0.73214 0.585078
0.748435 0.753075
0.764956 1.12688
0.477596 0.468287
0.478055 0.644577
0.479429 0.435728
0.481711 0.5524
0.484888 0.429659
0.488941 0.69412
0.493851 0.528274
0.499591 0.495094
0.506133 0.543598
0.513447 0.465068
0.5215 0.762267
0.530258 0.365858
0.539688 0.355595
0.549754 0.494522
0.560422 0.80747
0.571659 0.512124
0.583431 0.744872
0.595707 0.736573
0.608457 0.731338
0.621651 0.690361
0.635261 0.80059
0.649262 0.739754
0.663629 0.58723
0.678338 0.746675
0.693368 0.572582
0.708698 0.724754
0.72431 0.899209
0.740184 0.736249
0.756306 1.06389
0.772659 0.868395
0.490732 0.507356
0.491179 0.434285
0.492517 0.554869
0.494739 0.702332
0.497832 0.68548
0.501781 0.338862
0.506567 0.480155
0.512164 0.458341
0.518548 0.453322
0.525689 0.401887
0.533557 0.783381
0.542121 0.508435
0.551347 0.538148
0.561204 0.549706
0.571659 0.585194
0.582679 0.574313
0.594233 0.677971
0.60629 0.672139
0.618822 0.654911
0.6318 0.83563
0.645196 0.67124
0.658986 0.736253
0.673145 0.794651
0.687651 0.542163
0.702481 0.930268
0.717617 0.628737
0.733038 1.05252
0.748728 0.774266
0.764669 0.827722
0.780847 1.34111
0.504397 0.429729
0.504832 0.484449
0.506133 0.460714
0.508295 0.431336
0.511307 0.441938
0.515153 0.472332
0.519815 0.459991
0.525272 0.475449
0.531498 0.486528
0.538467 0.596447
0.546151 0.534894
0.554521 0.526525
0.563544 0.586903
0.573191 0.538738
0.583431 0.613117
0.594233 0.869526
0.605566 0.402036
0.617403 0.461391
0.629713 0.532717
0.642471 0.511484
0.655649 0.626469
0.669224 0.729647
0.683171 0.736626
0.697468 0.97166
0.712094 1.01789
0.72703 0.864411
0.742256 0.989122
0.757754 0.999818
0.77351 0.701827
0.789506 0.74717
0.518548 0.650547
0.518971 0.577132
0.520237 0.750437
0.522341 0.949851
0.525272 0.555312
0.529016 0.615816
0.533557 0.382038
0.538874 0.630765
0.544945 0.569433
0.551745 0.553854
0.559247 0.753806
0.567423 0.422877
0.576244 0.54986
0.585682 0.629342
0.595707 0.515854
0.60629 0.714571
0.617403 0.78777
0.629016 0.707603
0.641104 0.72945
0.653639 0.790293
0.666597 1.01417
0.679953 0.63874
0.693684 0.722673
0.707769 1.07898
0.722187 0.659762
0.736918 1.19016
0.751943 0.970506
0.767246 0.939232
0.782811 0.871944
0.798621 1.31067
0.533146 0.526552
0.533557 0.512502
0.534789 0.590456
0.536836 0.652305
0.539688 0.563013
0.543333 0.803857
0.547755 0.393049
0.552936 0.492086
0.558854 0.793796
0.565487 0.500554
0.572808 0.798916
0.580794 0.51209
0.589415 0.562311
0.598645 0.426418
0.608457 0.441402
0.618822 0.906792
0.629713 0.952492
0.641104 0.69163
0.652968 0.604036
0.66528 0.803088
0.678015 0.705795
0.69115 0.528828
0.704664 0.487979
0.718533 0.499939
0.732739 0.767879
0.747262 0.855455
0.762084 1.19442
0.777187 0.875228
0.792556 0.947045
0.808176 0.780239
0.548156 0.70827
0.548556 0.78529
0.549754 0.577732
0.551745 0.437535
0.554521 0.613577
0.558069 0.387499
0.562375 0.409783
0.567423 0.799806
0.573191 0.355481
0.57966 0.460835
0.586805 0.564459
0.594602 0.591164
0.603026 0.905575
0.612051 0.701442
0.621651 0.568896
0.6318 0.723964
0.642471 0.935544
0.653639 0.709363
0.66528 0.719871
0.677368 0.488693
0.68988 0.680434
0.702794 0.77609
0.716087 0.70706
0.72974 0.632604
0.743731 0.788811
0.758044 0.762655
0.772659 0.818375
0.787559 0.969543
0.80273 0.963173
0.818156 0.789297
0.563544 0.75905
0.563933 0.553878
0.565099 0.770934
0.567036 0.561101
0.569737 0.65309
0.573191 0.799178
0.577385 0.60602
0.582302 0.596526
0.587925 0.60523
0.594233 0.609123
0.601204 0.810091
0.608817 0.674857
0.617047 0.611845
0.62587 0.544056
0.635261 0.585261
0.645196 0.821402
0.655649 0.606202
0.666597 0.89039
0.678015 0.918303
0.68988 1.10599
0.702169 1.06258
0.714861 0.810671
0.727934 0.705966
0.741369 0.863821
0.755145 0.586057
0.769245 0.981981
0.783651 0.970611
0.798346 1.09499
0.813316 0.889366
0.828544 1.3645
0.579281 0.760224
0.57966 0.764451
0.580794 0.389385
0.582679 0.735536
0.585308 0.555603
0.58867 0.663019
0.592755 0.623365
0.597545 0.532358
0.603026 0.764892
0.609177 0.557777
0.61598 0.667938
0.623412 0.73344
0.631452 0.809013
0.640077 0.567399
0.649262 0.546652
0.658986 0.636935
0.669224 0.720183
0.679953 0.743805
0.69115 0.784609
0.702794 0.948997
0.714861 0.959835
0.727331 0.939189
0.740184 0.746707
0.7534 0.876659
0.766961 0.726505
0.780847 0.91139
0.795043 0.997888
0.809532 1.0357
0.824298 1.28236
0.839327 1.31755
0.595339 0.510875
0.595707 0.527554
0.596811 0.794014
0.598645 0.580799
0.601204 0.628201
0.604479 0.429969
0.608457 0.557634
0.613125 0.593659
0.618467 0.639765
0.624467 0.705401
0.631105 0.900632
0.638361 0.506335
0.646215 0.808916
0.654645 0.608413
0.663629 0.808311
0.673145 0.708589
0.683171 0.801654
0.693684 0.835963
0.704664 0.602489
0.716087 0.722705
0.727934 0.731686
0.740184 0.820708
0.752818 0.567196
0.765816 0.887494
0.77916 0.796973
0.792833 0.822201
0.806818 1.04044
0.821099 1.24826
0.835661 1.314
0.850489 1.13585
0.611692 0.637235
0.612051 0.661406
0.613125 0.486318
0.614911 0.550596
0.617403 0.599666
0.620592 0.802428
0.624467 0.722267
0.629016 0.772305
0.634225 0.840242
0.640077 0.713511
0.646554 0.655842
0.653639 0.561239
0.661312 0.733081
0.669552 0.689602
0.678338 0.458637
0.687651 0.826539
0.697468 0.564757
0.707769 0.814576
0.718533 0.782104
0.72974 0.824584
0.741369 0.898935
0.7534 0.799073
0.765816 1.17608
0.778597 1.06026
0.791726 0.990143
0.805185 1.1507
0.818959 1.01248
0.833032 1.1719
0.847389 1.1118
0.862016 1.00064
0.628319 1.03525
0.628667 0.542758
0.629713 0.570927
0.631452 0.559154
0.633879 0.792885
0.636985 0.744884
0.640762 0.518103
0.645196 0.724604
0.650275 0.597174
0.655984 0.915565
0.662306 0.545837
0.669224 0.822742
0.67672 0.671444
0.684774 0.630872
0.693368 0.823898
0.702481 0.953036
0.712094 0.878384
0.722187 0.908304
0.732739 1.11806
0.743731 1.04912
0.755145 0.614213
0.766961 0.713959
0.77916 1.05298
0.791726 1.24818
0.80464 0.74695
0.817887 1.08453
0.831451 1.0017
0.845316 0.99207
0.859468 1.11184
0.873892 0.896918
0.645196 0.663928
0.645536 0.552853
0.646554 0.890689
0.648248 0.82784
0.650612 0.81004
0.653639 0.541664
0.65732 0.961778
0.661643 0.702845
0.666597 0.555553
0.672167 0.696525
0.678338 0.47434
0.685095 0.659289
0.692419 0.774215
0.700293 0.758915
0.708698 0.834969
0.717617 0.824209
0.72703 0.504097
0.736918 0.610456
0.747262 0.790063
0.758044 0.802839
0.769245 1.08996
0.780847 0.78863
0.792833 0.874972
0.805185 1.06245
0.817887 0.818239
0.830923 1.00759
0.844278 0.846805
0.857935 0.806803
0.871882 0.922701
0.886105 1.12451
0.662306 0.750189
0.662637 0.961378
0.663629 0.672463
0.66528 0.964483
0.667583 0.83996
0.670534 0.718877
0.674122 1.13815
0.678338 0.555982
0.683171 0.688134
0.688607 0.699934
0.694632 0.765925
0.701232 0.72258
0.708389 0.560133
0.716087 0.719775
0.72431 0.619619
0.733038 0.580035
0.742256 0.796282
0.751943 1.14077
0.762084 0.820108
0.772659 0.834232
0.783651 1.04504
0.795043 1.05208
0.806818 0.679847
0.818959 1.06171
0.831451 1.21126
0.844278 1.09144
0.857424 1.25641
0.870876 1.03723
0.884619 1.21449
0.89864 1.35828
0.67963 0.746865
0.679953 0.776071
0.68092 0.701132
0.682529 0.638024
0.684774 0.961861
0.687651 0.782002
0.69115 0.57945
0.695263 0.754916
0.699979 0.67343
0.705286 0.696987
0.71117 0.964936
0.717617 0.992495
0.724612 1.0522
0.73214 0.513681
0.740184 0.888217
0.748728 0.780006
0.757754 0.823863
0.767246 0.836951
0.777187 1.06933
0.787559 1.11162
0.798346 0.761866
0.809532 0.853525
0.821099 0.818431
0.833032 0.917019
0.845316 1.32541
0.857935 1.37259
0.870876 1.75291
0.884123 1.2245
0.897663 0.900792
0.911483 1.28829
0.697154 0.687749
0.697468 0.583174
0.698411 0.646722
0.699979 0.4935
0.702169 0.488487
0.704975 0.789136
0.708389 0.792779
0.712402 0.683113
0.717005 0.748669
0.722187 0.686213
0.727934 0.615164
0.734234 0.842655
0.741073 0.966449
0.748435 1.02065
0.756306 0.867261
0.764669 0.943476
0.77351 0.708716
0.782811 0.957915
0.792556 0.685731
0.80273 0.747048
0.813316 0.990473
0.824298 1.26485
0.835661 0.974036
0.847389 1.08188
0.859468 0.861701
0.871882 1.24673
0.884619 1.07205
0.897663 1.07408
0.911002 1.38851
0.924623 1.50504
0.714861 1.02376
0.715168 0.599167
0.716087 0.848335
0.717617 0.856093
0.719753 0.76678
0.72249 0.934242
0.725822 0.838556
0.72974 0.697888
0.734234 0.920779
0.739295 0.599395
0.74491 0.689026
0.751068 1.11554
0.757754 0.779469
0.764956 0.788328
0.772659 0.872735
0.780847 0.785388
0.789506 0.614034
0.798621 0.688948
0.808176 0.840308
0.818156 1.0186
0.828544 0.779902
0.839327 0.881224
0.850489 0.973112
0.862016 1.03316
0.873892 1.27663
0.886105 1.15967
0.89864 1.52853
0.911483 1.33287
0.924623 1.21688
0.938046 0.917735
0.397935 0.367032
0.398486 0.327599
0.400134 0.37235
0.402865 0.212809
0.406658 0.428135
0.411483 0.480836
0.417305 0.407495
0.424083 0.521964
0.431771 0.325665
0.440321 0.300536
0.449686 0.269211
0.459814 0.839526
0.470657 0.369441
0.482166 0.563359
0.494295 0.648181
0.506999 0.396407
0.520237 0.68067
0.533968 0.550552
0.548156 0.661187
0.562765 0.605917
0.577765 0.713846
0.593124 0.647915
0.608817 0.590784
0.624818 1.05145
0.641104 0.619495
0.657653 0.63326
0.674447 1.05767
0.691468 0.855884
0.708698 1.03622
0.726124 0.920336
0.398486 0.453375
0.399036 0.435807
0.400681 0.577443
0.403409 0.318701
0.407197 0.34263
0.412016 0.31507
0.417831 0.628673
0.4246 0.397396
0.432278 0.307282
0.440819 0.553225
0.450173 0.304609
0.460291 0.450922
0.471123 0.510479
0.482621 0.461585
0.494739 0.405634
0.507432 0.594413
0.520658 0.526108
0.534379 0.690603
0.548556 0.525303
0.563155 0.823829
0.578144 0.495431
0.593494 0.697953
0.609177 0.667096
0.625169 0.879587
0.641446 0.490548
0.657987 0.744032
0.674772 0.672028
0.691785 0.89735
0.709008 0.861127
0.726426 0.891449
0.400134 0.279316
0.400681 0.539927
0.40232 0.259039
0.405037 0.40087
0.40881 0.29479
0.41361 0.384678
0.419402 0.400499
0.426146 0.505091
0.433798 0.339664
0.442309 0.320751
0.451632 0.53199
0.461718 0.464396
0.472517 0.413551
0.483982 0.508858
0.496067 0.458031
0.508727 0.707756
0.521921 0.466771
0.535609 0.633576
0.549754 0.394527
0.564322 0.595287
0.579281 0.546931
0.594602 0.669129
0.610257 0.748472
0.626221 0.701959
0.642471 0.829586
0.658986 0.659886
0.675747 1.05845
0.692735 0.620488
0.709935 0.478217
0.727331 1.0362
0.402865 0.349406
0.403409 0.581473
0.405037 0.422435
0.407735 0.242239
0.411483 0.365649
0.416253 0.342105
0.422009 0.32983
0.428712 0.30364
0.436318 0.408706
0.444782 0.436279
0.454054 0.516285
0.464087 0.354875
0.474832 0.534478
0.486243 0.438527
0.498272 0.468573
0.510878 0.585539
0.524017 0.547688
0.537652 0.497983
0.551745 0.460414
0.566262 0.599344
0.581171 0.614365
0.596443 0.795745
0.612051 0.78074
0.627969 0.564469
0.644175 0.570688
0.660648 0.753891
0.677368 0.819841
0.694316 0.952361
0.711478 0.645353
0.728837 0.806064
0.406658 0.461373
0.407197 0.417664
0.40881 0.475038
0.411483 0.548391
0.415198 0.351862
0.419925 0.408489
0.425631 0.34328
0.432278 0.359608
0.439823 0.477598
0.44822 0.416767
0.457423 0.459486
0.467383 0.462049
0.478055 0.286871
0.48939 0.536443
0.501344 0.391253
0.513874 0.5505
0.526939 0.525152
0.5405 0.338961
0.554521 0.663691
0.568967 0.411897
0.583807 0.508182
0.599012 0.461069
0.614554 0.651778
0.630409 0.555898
0.646554 0.539312
0.662968 0.798101
0.67963 0.721329
0.696524 0.820958
0.713633 0.860299
0.730941 0.857856
0.411483 0.34296
0.412016 0.34349
0.41361 0.41666
0.416253 0.434033
0.419925 0.491526
0.4246 0.346467
0.430244 0.368905
0.436821 0.34852
0.444288 0.35774
0.452603 0.387654
0.461718 0.419067
0.471588 0.357611
0.482166 0.376714
0.493407 0.531007
0.505266 0.528098
0.517701 0.417253
0.530672 0.506485
0.54414 0.511736
0.558069 0.491866
0.572425 0.382582
0.587178 0.490916
0.602298 0.54434
0.617758 0.827034
0.633533 0.507797
0.6496 0.756237
0.665939 0.781752
0.682529 0.849734
0.699352 0.728064
0.716393 0.79224
0.733636 0.968745
0.417305 0.334857
0.417831 0.318495
0.419402 0.468725
0.422009 0.537914
0.425631 0.429222
0.430244 0.497928
0.435815 0.458808
0.442309 0.350829
0.449686 0.501878
0.457902 0.418274
0.466914 0.347831
0.476676 0.54868
0.487144 0.496642
0.498272 0.490381
0.510019 0.523082
0.522341 0.512255
0.535199 0.479321
0.548556 0.623375
0.562375 0.548855
0.576625 0.43989
0.591273 0.687095
0.60629 0.829254
0.621651 0.53516
0.63733 0.676585
0.653304 0.913976
0.669552 0.703188
0.686054 0.555138
0.702794 0.714409
0.719753 0.775823
0.736918 0.626362
0.424083 0.380387
0.4246 0.420063
0.426146 0.347477
0.428712 0.499218
0.432278 0.349146
0.436821 0.569241
0.442309 0.346971
0.448709 0.481957
0.455982 0.345652
0.464087 0.504066
0.472981 0.389398
0.482621 0.291234
0.492962 0.45154
0.503962 0.406038
0.515579 0.407798
0.527771 0.64572
0.5405 0.546192
0.553729 0.818346
0.567423 0.835753
0.581548 0.633694
0.596075 0.413912
0.610975 0.707877
0.626221 0.693624
0.641788 0.68788
0.657653 0.734113
0.673797 0.522971
0.690198 0.645573
0.706839 0.741883
0.723704 0.994991
0.740777 0.889303
0.431771 0.549557
0.432278 0.342147
0.433798 0.627455
0.436318 0.537394
0.439823 0.479249
0.444288 0.571927
0.449686 0.526856
0.455982 0.587547
0.463141 0.456379
0.471123 0.515132
0.479886 0.402375
0.48939 0.502713
0.499591 0.430752
0.510448 0.70264
0.521921 0.715277
0.533968 0.642532
0.546553 0.422312
0.559639 0.626456
0.573191 0.589022
0.587178 0.719092
0.601569 0.635041
0.616336 0.635736
0.631452 0.928746
0.646894 0.586265
0.662637 0.612884
0.678662 0.817969
0.694948 0.797187
0.711478 0.946946
0.728235 0.738423
0.745204 0.879783
0.440321 0.427142
0.440819 0.436606
0.442309 0.579747
0.444782 0.392564
0.44822 0.339622
0.452603 0.442398
0.457902 0.532903
0.464087 0.331078
0.471123 0.440619
0.478971 0.666075
0.487594 0.515355
0.49695 0.286657
0.506999 0.493389
0.517701 0.630505
0.529016 0.613073
0.540906 0.446886
0.553333 0.648269
0.566262 0.604679
0.57966 0.458447
0.593494 0.464761
0.607736 0.842851
0.622356 0.516417
0.63733 0.794069
0.652632 0.695513
0.66824 0.819089
0.684133 1.02434
0.700293 0.755043
0.716699 0.717693
0.733337 1.00781
0.750191 0.758718
0.449686 0.45744
0.450173 0.423382
0.451632 0.375186
0.454054 0.351474
0.457423 0.720842
0.461718 0.388876
0.466914 0.48135
0.472981 0.397929
0.479886 0.461086
0.487594 0.547836
0.496067 0.583729
0.505266 0.439988
0.515153 0.443374
0.525689 0.607389
0.536836 0.440694
0.548556 0.651909
0.560813 0.497219
0.573574 0.548458
0.586805 0.628523
0.600474 0.757545
0.614554 0.85914
0.629016 0.696364
0.643835 0.98283
0.658986 0.590645
0.674447 0.583529
0.690198 0.642435
0.706218 0.866353
0.72249 0.540374
0.738998 0.874713
0.755726 0.90572
0.459814 0.413565
0.460291 0.367533
0.461718 0.882153
0.464087 0.373965
0.467383 0.354328
0.471588 0.535741
0.476676 0.475946
0.482621 0.431062
0.48939 0.266555
0.49695 0.545536
0.505266 0.381471
0.514301 0.650204
0.524017 0.448485
0.534379 0.612529
0.545348 0.568612
0.556889 0.714671
0.568967 0.679235
0.581548 0.552918
0.594602 0.52945
0.608096 0.474087
0.622004 0.78061
0.636296 0.962294
0.650949 0.789136
0.665939 0.680832
0.681242 0.840997
0.696839 0.72651
0.71271 0.802131
0.728837 0.734071
0.745204 0.9462
0.761796 1.22073
0.470657 0.533461
0.471123 0.389534
0.472517 0.403894
0.474832 0.475008
0.478055 0.587059
0.482166 0.549189
0.487144 0.436174
0.492962 0.5471
0.499591 0.516336
0.506999 0.388478
0.515153 0.59186
0.524017 0.468313
0.533557 0.614742
0.543737 0.433618
0.554521 0.473319
0.565874 0.909112
0.577765 0.597389
0.590159 0.556449
0.603026 0.499302
0.616336 0.758884
0.630061 0.627312
0.644175 0.565695
0.658653 0.635274
0.673471 0.839271
0.688607 0.643307
0.704041 0.685708
0.719753 0.689177
0.735726 0.736231
0.751943 0.933362
0.768389 0.823567
0.482166 0.554802
0.482621 0.529035
0.483982 0.401266
0.486243 0.534795
0.48939 0.577716
0.493407 0.632821
0.498272 0.439344
0.503962 0.462914
0.510448 0.523093
0.517701 0.506478
0.525689 0.477398
0.534379 0.710657
0.543737 0.524518
0.553729 0.591058
0.564322 0.743665
0.575482 0.544808
0.587178 0.697017
0.599378 0.41312
0.612051 0.647267
0.625169 0.539228
0.638705 0.590034
0.652632 0.604634
0.666926 0.574575
0.681564 0.566292
0.696524 0.562004
0.711786 0.952242
0.727331 0.830441
0.743141 0.909753
0.7592 0.876993
0.775492 1.15138
0.494295 0.498299
0.494739 0.339488
0.496067 0.487527
0.498272 0.736195
0.501344 0.535872
0.505266 0.979333
0.510019 0.890308
0.515579 0.862935
0.521921 0.508124
0.529016 0.496239
0.536836 0.5812
0.545348 0.588127
0.554521 0.520896
0.564322 0.654156
0.57472 0.636586
0.585682 0.478608
0.597178 0.587815
0.609177 0.803093
0.621651 0.493049
0.634571 0.619835
0.64791 0.863447
0.661643 0.642803
0.675747 0.84869
0.690198 0.69859
0.704975 0.86527
0.720058 0.733864
0.735428 0.922644
0.751068 0.674085
0.766961 0.966179
0.783091 0.655474
0.506999 0.450257
0.507432 0.484244
0.508727 0.551473
0.510878 0.470702
0.513874 0.464028
0.517701 0.682169
0.522341 0.45327
0.527771 0.588909
0.533968 0.751636
0.540906 0.90326
0.548556 0.542114
0.556889 0.876157
0.565874 0.81043
0.575482 0.460446
0.585682 0.712992
0.596443 0.799586
0.607736 0.707379
0.61953 0.645352
0.6318 0.546138
0.644516 0.704311
0.657653 0.825453
0.671187 0.670643
0.685095 0.660801
0.699352 0.608431
0.71394 1.15614
0.728837 0.76901
0.744026 0.778843
0.759489 0.660511
0.775209 0.752301
0.791171 1.47732
0.520237 0.706154
0.520658 0.762993
0.521921 0.460917
0.524017 0.411652
0.526939 0.540271
0.530672 0.755955
0.535199 0.462221
0.5405 0.446391
0.546553 0.385777
0.553333 0.547288
0.560813 0.491443
0.568967 0.535454
0.577765 0.567183
0.587178 0.648887
0.597178 0.392588
0.607736 0.565194
0.618822 0.584772
0.630409 0.720213
0.642471 0.628527
0.65498 0.85162
0.667912 0.534413
0.681242 0.456082
0.694948 1.29351
0.709008 0.85986
0.723401 0.770677
0.738107 0.711298
0.753109 0.716103
0.768389 1.27292
0.783931 0.760242
0.799719 1.28006
0.533968 0.711422
0.534379 0.437471
0.535609 0.590761
0.537652 0.843705
0.5405 0.417383
0.54414 0.575365
0.548556 0.541426
0.553729 0.400417
0.559639 0.521146
0.566262 0.694101
0.573574 0.439117
0.581548 0.748396
0.590159 0.749262
0.599378 0.596056
0.609177 0.934365
0.61953 0.810408
0.630409 0.506298
0.641788 0.742402
0.653639 0.603991
0.665939 0.699442
0.678662 0.579131
0.691785 0.727313
0.705286 0.640581
0.719143 0.762832
0.733337 0.815593
0.747849 0.900916
0.762659 0.790262
0.777751 0.822679
0.79311 1.31126
0.808719 1.02899
0.548156 0.580268
0.548556 0.501762
0.549754 0.499408
0.551745 0.343848
0.554521 0.612445
0.558069 0.599398
0.562375 0.598959
0.567423 0.578362
0.573191 0.702001
0.57966 0.597347
0.586805 0.824124
0.594602 0.64218
0.603026 0.845579
0.612051 0.714839
0.621651 0.79638
0.6318 0.777821
0.642471 0.660927
0.653639 0.881397
0.66528 0.58431
0.677368 0.664003
0.68988 0.7866
0.702794 0.829692
0.716087 0.662725
0.72974 0.902035
0.743731 0.733942
0.758044 0.721274
0.772659 0.950475
0.787559 0.696649
0.80273 0.94101
0.818156 1.04208
0.562765 0.588726
0.563155 0.657287
0.564322 0.525441
0.566262 0.668227
0.568967 0.945511
0.572425 0.401899
0.576625 0.612413
0.581548 0.594596
0.587178 0.493601
0.593494 0.402275
0.600474 0.700696
0.608096 0.645091
0.616336 0.810694
0.625169 0.780219
0.634571 0.851019
0.644516 0.60926
0.65498 0.587183
0.665939 0.643741
0.677368 0.9301
0.689244 0.938255
0.701544 0.783878
0.714247 0.962071
0.727331 1.28201
0.740777 0.699807
0.754564 0.735116
0.768674 1.01249
0.783091 1.0588
0.797797 1.11587
0.812776 0.791382
0.828015 0.855882
0.577765 0.473159
0.578144 0.670873
0.579281 0.361505
0.581171 0.731885
0.583807 0.752902
0.587178 0.591468
0.591273 0.934104
0.596075 0.695724
0.601569 1.02787
0.607736 0.588077
0.614554 0.504264
0.622004 0.534002
0.630061 0.781601
0.638705 0.561414
0.64791 0.512124
0.657653 0.654412
0.667912 0.582234
0.678662 0.67204
0.68988 0.564324
0.701544 0.75304
0.713633 0.724972
0.726124 1.04184
0.738998 0.746726
0.752235 0.778898
0.765816 0.921463
0.779723 0.470546
0.793939 1.13125
0.808447 0.899955
0.823233 0.950245
0.838281 1.08258
0.593124 1.03764
0.593494 0.638937
0.594602 0.732433
0.596443 0.540601
0.599012 0.521302
0.602298 0.4727
0.60629 0.617631
0.610975 0.729447
0.616336 0.495744
0.622356 0.876032
0.629016 0.745589
0.636296 0.659463
0.644175 0.484479
0.652632 0.717142
0.661643 0.655957
0.671187 0.68872
0.681242 0.729578
0.691785 0.817268
0.702794 0.958084
0.714247 0.640396
0.726124 0.854427
0.738404 0.507818
0.751068 0.846304
0.764095 0.855312
0.777469 0.962493
0.791171 1.09407
0.805185 1.22615
0.819495 1.07395
0.834085 0.906364
0.848941 1.11438
0.608817 0.677841
0.609177 0.660642
0.610257 0.73426
0.612051 0.845548
0.614554 0.645665
0.617758 0.469824
0.621651 1.06508
0.626221 0.818163
0.631452 0.97013
0.63733 0.701052
0.643835 0.763495
0.650949 0.75784
0.658653 0.531139
0.666926 0.734516
0.675747 0.958227
0.685095 0.6984
0.694948 0.954862
0.705286 0.891081
0.716087 0.891037
0.727331 0.619469
0.738998 0.820249
0.751068 0.787586
0.763521 0.948885
0.77634 0.972516
0.789506 1.05159
0.803003 0.711042
0.816814 0.794072
0.830923 0.980807
0.845316 1.20822
0.859978 1.02205
0.624818 0.482066
0.625169 0.850149
0.626221 0.712888
0.627969 0.605944
0.630409 0.726885
0.633533 0.846285
0.63733 0.498319
0.641788 0.863778
0.646894 0.713663
0.652632 0.834468
0.658986 0.534846
0.665939 0.670306
0.673471 0.719926
0.681564 0.683294
0.690198 0.663755
0.699352 0.693709
0.709008 0.695989
0.719143 1.02336
0.72974 1.1462
0.740777 0.663653
0.752235 0.824917
0.764095 0.60759
0.77634 1.01219
0.788951 0.985667
0.80191 0.85471
0.815201 0.974419
0.828809 0.863607
0.842718 0.900571
0.856912 1.16958
0.871379 0.960275
0.641104 0.737715
0.641446 0.632819
0.642471 0.604721
0.644175 0.657532
0.646554 0.514647
0.6496 0.907607
0.653304 0.861348
0.657653 0.52534
0.662637 0.666637
0.66824 1.04627
0.674447 0.743665
0.681242 0.806622
0.688607 0.854369
0.696524 0.741286
0.704975 0.70735
0.71394 0.717705
0.723401 0.643147
0.733337 0.898748
0.743731 0.863272
0.754564 0.683831
0.765816 1.06425
0.777469 1.00488
0.789506 0.898399
0.80191 0.953104
0.814663 1.20132
0.82775 1.11107
0.841155 0.844422
0.854862 0.951677
0.868858 1.26802
0.88313 1.45216
0.657653 1.00158
0.657987 0.579211
0.658986 0.771452
0.660648 0.565087
0.662968 0.817541
0.665939 0.651979
0.669552 0.472782
0.673797 0.708205
0.678662 0.648036
0.684133 0.791346
0.690198 1.19082
0.696839 0.551599
0.704041 0.755588
0.711786 0.609742
0.720058 0.792125
0.728837 0.772949
0.738107 0.769661
0.747849 1.0116
0.758044 0.997166
0.768674 0.740981
0.779723 0.796639
0.791171 0.84575
0.803003 0.806488
0.815201 1.28567
0.82775 1.20152
0.840633 0.742061
0.853835 1.2284
0.867343 1.52737
0.881141 1.08076
0.895216 1.11809
0.674447 0.788239
0.674772 0.622231
0.675747 0.899616
0.677368 0.725718
0.67963 0.736953
0.682529 0.752313
0.686054 0.835864
0.690198 0.699359
0.694948 0.586906
0.700293 0.91358
0.706218 0.979394
0.71271 0.691743
0.719753 0.645883
0.727331 0.803571
0.735428 0.832246
0.744026 0.654781
0.753109 0.66076
0.762659 0.829778
0.772659 0.847365
0.783091 0.745189
0.793939 0.981214
0.805185 1.11396
0.816814 1.05804
0.828809 1.36278
0.841155 0.961971
0.853835 1.08578
0.866837 1.1073
0.880144 1.36932
0.893745 0.974285
0.907625 1.38274
0.691468 0.53341
0.691785 0.700866
0.692735 0.868828
0.694316 0.781342
0.696524 0.81854
0.699352 0.808831
0.702794 0.823502
0.706839 0.873865
0.711478 0.640992
0.716699 0.649195
0.72249 1.02334
0.728837 0.669285
0.735726 0.753158
0.743141 0.696094
0.751068 0.788399
0.759489 0.8192
0.768389 1.17704
0.777751 0.960178
0.787559 0.968989
0.797797 0.834072
0.808447 0.988755
0.819495 1.17111
0.830923 0.784682
0.842718 0.835861
0.854862 1.01844
0.867343 1.07953
0.880144 1.28594
0.893254 1.36561
0.906658 1.33681
0.920343 1.34059
0.708698 0.586
0.709008 0.681224
0.709935 0.743568
0.711478 0.839401
0.713633 0.938109
0.716393 0.750628
0.719753 0.553254
0.723704 0.527253
0.728235 0.737094
0.733337 0.723509
0.738998 0.664738
0.745204 0.726295
0.751943 0.803039
0.7592 0.860838
0.766961 1.08255
0.775209 0.971439
0.783931 0.974567
0.79311 0.999781
0.80273 0.67689
0.812776 1.26487
0.823233 0.734859
0.834085 0.837655
0.845316 0.991669
0.856912 0.908746
0.868858 1.231
0.881141 0.945524
0.893745 1.12526
0.906658 0.983131
0.919866 1.47056
0.933358 0.795577
0.726124 0.85994
0.726426 1.02942
0.727331 0.644496
0.728837 0.728182
0.730941 0.897608
0.733636 0.83563
0.736918 0.945745
0.740777 0.798815
0.745204 0.763272
0.750191 0.863162
0.755726 0.817816
0.761796 0.873499
0.768389 0.794786
0.775492 0.971295
0.783091 1.15069
0.791171 1.05913
0.799719 0.888877
0.808719 0.833575
0.818156 0.745892
0.828015 0.963575
0.838281 1.32393
0.848941 0.911853
0.859978 1.14503
0.871379 0.81531
0.88313 0.825701
0.895216 1.15949
0.907625 1.49043
0.920343 1.11481
0.933358 1.12891
0.946657 1.09217
0.418879 0.467496
0.419402 0.359209
0.420968 0.436341
0.423565 0.631911
0.427174 0.406049
0.431771 0.466147
0.437323 0.316604
0.443794 0.466306
0.451147 0.410859
0.459337 0.295661
0.468321 0.678283
0.478055 0.437292
0.488493 0.297947
0.499591 0.512963
0.511307 0.508644
0.523599 0.705611
0.536427 0.404053
0.549754 0.661399
0.563544 0.796249
0.577765 0.902403
0.592384 0.91921
0.607375 0.555272
0.622708 0.771817
0.638361 0.682407
0.65431 0.68916
0.670534 0.827485
0.687013 0.936197
0.703729 0.919333
0.720667 0.778956
0.73781 0.948511
0.419402 0.808227
0.419925 0.362453
0.421489 0.243521
0.424083 0.528778
0.427688 0.280756
0.432278 0.415862
0.437824 0.458904
0.444288 0.555943
0.451632 0.395308
0.459814 0.467624
0.468789 0.395681
0.478513 0.50604
0.488941 0.390953
0.50003 0.582079
0.511736 0.399522
0.524017 0.467898
0.536836 0.900462
0.550153 0.590013
0.563933 0.699916
0.578144 0.53021
0.592755 0.683168
0.607736 0.520576
0.623061 0.537294
0.638705 0.646864
0.654645 0.630684
0.670861 0.853223
0.687332 0.786351
0.704041 0.905531
0.720971 0.749304
0.738107 0.935657
0.420968 0.32636
0.421489 0.496714
0.423047 0.36966
0.425631 0.362083
0.429223 0.391899
0.433798 0.686507
0.439324 0.638212
0.445767 0.579584
0.453087 0.303606
0.461243 0.552451
0.470191 0.28525
0.479886 0.469734
0.490285 0.333178
0.501344 0.383897
0.51302 0.633177
0.525272 0.651581
0.53806 0.637719
0.551347 0.859607
0.565099 0.68444
0.579281 0.63698
0.593864 0.881902
0.608817 0.648884
0.624116 0.863441
0.639734 0.527867
0.655649 0.973342
0.671841 0.635348
0.688288 0.591134
0.704975 0.999379
0.721883 0.797714
0.738998 0.725687
0.423565 0.464527
0.424083 0.511935
0.425631 0.306655
0.4282 0.342097
0.431771 0.408175
0.436318 0.387642
0.441813 0.492996
0.44822 0.631935
0.455501 0.441722
0.463614 0.510669
0.472517 0.452979
0.482166 0.596762
0.492517 0.432294
0.503527 0.376712
0.515153 0.895795
0.527355 0.639317
0.540094 0.781601
0.553333 0.691681
0.567036 0.522023
0.581171 0.70722
0.595707 0.559334
0.610616 0.655654
0.62587 0.604927
0.641446 0.885928
0.65732 0.710152
0.673471 0.737059
0.68988 0.97524
0.706529 0.975753
0.723401 0.88682
0.74048 1.17492
0.427174 0.671619
0.427688 0.485197
0.429223 0.289827
0.431771 0.363252
0.435312 0.390212
0.439823 0.386957
0.445275 0.577766
0.451632 0.436846
0.458859 0.457543
0.466914 0.464486
0.475755 0.510153
0.48534 0.618354
0.495624 0.471291
0.506567 0.542708
0.518125 0.642454
0.530258 0.597951
0.542929 0.613205
0.5561 0.652528
0.569737 0.460135
0.583807 0.525403
0.598279 0.508531
0.613125 0.499391
0.628319 0.545271
0.643835 0.634243
0.659651 0.681654
0.675747 0.737303
0.692102 0.726264
0.708698 0.978669
0.72552 1.15807
0.742551 0.850353
0.431771 0.408302
0.432278 0.437403
0.433798 0.330883
0.436318 0.343767
0.439823 0.490823
0.444288 0.410838
0.449686 0.484674
0.455982 0.541267
0.463141 0.46991
0.471123 0.422048
0.479886 0.559491
0.48939 0.418237
0.499591 0.560838
0.510448 0.425638
0.521921 0.578583
0.533968 0.715931
0.546553 0.573366
0.559639 0.492377
0.573191 0.67832
0.587178 0.551485
0.601569 0.651278
0.616336 0.890533
0.631452 0.601099
0.646894 0.766372
0.662637 0.712758
0.678662 0.770251
0.694948 0.498834
0.711478 0.574184
0.728235 0.787354
0.745204 1.0527
0.437323 0.42547
0.437824 0.489545
0.439324 0.461349
0.441813 0.397052
0.445275 0.394358
0.449686 0.421491
0.455019 0.519421
0.461243 0.507646
0.468321 0.335998
0.476216 0.580471
0.484888 0.505056
0.494295 0.49533
0.504397 0.61507
0.515153 0.301044
0.526523 0.379605
0.538467 0.475739
0.550949 0.565927
0.563933 0.701456
0.577385 0.726223
0.591273 1.03858
0.605566 0.427128
0.620238 0.797574
0.635261 0.614383
0.650612 0.572514
0.666268 0.592262
0.682207 0.479578
0.698411 0.682642
0.714861 1.01242
0.731541 0.688428
0.748435 0.675586
0.443794 0.343277
0.444288 0.363689
0.445767 0.487594
0.44822 0.618006
0.451632 0.344832
0.455982 0.459138
0.461243 0.400633
0.467383 0.292136
0.47437 0.249775
0.482166 0.581571
0.490732 0.509812
0.50003 0.419359
0.510019 0.394455
0.520658 0.526177
0.53191 0.459197
0.543737 0.666378
0.5561 0.558445
0.568967 0.853225
0.582302 0.442114
0.596075 0.768424
0.610257 0.525016
0.624818 0.732577
0.639734 0.68086
0.65498 0.86657
0.670534 0.425821
0.686374 0.873545
0.702481 0.628569
0.718838 0.858339
0.735428 0.726198
0.752235 0.977796
0.451147 0.567955
0.451632 0.386016
0.453087 0.263862
0.455501 0.405885
0.458859 0.541343
0.463141 0.518174
0.468321 0.582918
0.47437 0.328873
0.481255 0.54496
0.488941 0.490155
0.497391 0.486405
0.506567 0.552771
0.516429 0.448593
0.526939 0.563933
0.53806 0.611344
0.549754 0.959912
0.561985 0.362929
0.57472 0.592697
0.587925 0.804812
0.601569 0.49785
0.615624 0.531934
0.630061 0.63308
0.644856 0.711075
0.659984 0.801679
0.675422 0.66731
0.69115 0.595689
0.707149 0.80572
0.723401 0.843752
0.739888 1.09679
0.756596 0.867479
0.459337 0.378502
0.459814 0.411437
0.461243 0.633799
0.463614 0.548934
0.466914 0.639343
0.471123 0.415472
0.476216 0.576283
0.482166 0.378353
0.488941 0.436654
0.496509 0.367069
0.504832 0.856598
0.513874 0.586525
0.523599 0.552988
0.533968 0.627865
0.544945 0.613401
0.556495 0.517042
0.568581 0.605561
0.581171 0.5435
0.594233 0.717292
0.607736 0.748834
0.621651 0.412573
0.635952 0.507609
0.650612 0.835168
0.665609 0.947373
0.68092 0.662024
0.696524 0.908487
0.712402 0.829529
0.728536 0.896954
0.74491 0.865793
0.761508 1.00838
0.468321 0.459572
0.468789 0.403216
0.470191 0.367917
0.472517 0.592179
0.475755 0.495176
0.479886 0.509056
0.484888 0.550434
0.490732 0.895217
0.497391 0.375582
0.504832 0.456181
0.51302 0.617747
0.521921 0.819078
0.531498 0.525954
0.541716 0.495583
0.552539 0.554094
0.563933 0.637231
0.575863 0.592964
0.588298 0.851828
0.601204 0.820294
0.614554 0.649864
0.628319 0.659158
0.642471 0.590109
0.656986 0.595402
0.671841 0.643994
0.687013 0.705566
0.702481 0.751562
0.718228 0.903587
0.734234 0.913708
0.750483 1.07481
0.766961 1.07511
0.478055 0.423879
0.478513 0.440607
0.479886 0.507173
0.482166 0.476623
0.48534 0.444
0.48939 0.35959
0.494295 0.40141
0.50003 0.774802
0.506567 0.53344
0.513874 0.440966
0.521921 0.632231
0.530672 0.623044
0.540094 1.09277
0.550153 0.565039
0.560813 0.688036
0.572042 0.59403
0.583807 0.649008
0.596075 0.462332
0.608817 0.613381
0.622004 0.599661
0.635607 0.816626
0.6496 0.546518
0.66396 0.741522
0.678662 0.746393
0.693684 0.925817
0.709008 0.890464
0.724612 0.574224
0.74048 1.11851
0.756596 0.858702
0.772942 0.949609
0.488493 0.572078
0.488941 0.610554
0.490285 0.43884
0.492517 0.790547
0.495624 0.662259
0.499591 0.385668
0.504397 0.377538
0.510019 0.47288
0.516429 0.697372
0.523599 0.584167
0.531498 0.639518
0.540094 0.643372
0.549355 0.532303
0.559247 0.718269
0.569737 0.615144
0.580794 0.763431
0.592384 0.622617
0.604479 0.677661
0.617047 0.517534
0.630061 0.569895
0.643494 0.56972
0.65732 1.04544
0.671514 0.808927
0.686054 1.01887
0.700919 0.87402
0.716087 0.896083
0.731541 0.865164
0.747262 1.10544
0.763234 0.983424
0.779441 1.08942
0.499591 0.512876
0.50003 0.37568
0.501344 0.519147
0.503527 0.525837
0.506567 0.557902
0.510448 0.639256
0.515153 0.736892
0.520658 0.514384
0.526939 0.645217
0.533968 0.54107
0.541716 0.483232
0.550153 0.555296
0.559247 0.694902
0.568967 0.70395
0.579281 0.427621
0.590159 0.630859
0.601569 0.563886
0.613483 0.667742
0.62587 0.630752
0.638705 0.865791
0.651959 0.61666
0.665609 0.649686
0.67963 0.861785
0.694001 0.723769
0.708698 0.518338
0.723704 1.06263
0.738998 0.851544
0.754564 0.996171
0.770384 0.961716
0.786445 0.777439
0.511307 0.464794
0.511736 0.40292
0.51302 0.751685
0.515153 0.6999
0.518125 0.518867
0.521921 0.875788
0.526523 0.644911
0.53191 0.43267
0.53806 0.598453
0.544945 0.522161
0.552539 0.589082
0.560813 0.49535
0.569737 0.512009
0.579281 0.635008
0.589415 0.41103
0.600109 0.683118
0.611334 0.580991
0.623061 0.557332
0.635261 0.710295
0.64791 1.00877
0.66098 0.693437
0.674447 0.759317
0.688288 0.848404
0.702481 0.633078
0.717005 0.749223
0.731841 0.692259
0.746968 0.63261
0.762371 0.885703
0.778033 1.15493
0.793939 1.01955
0.523599 0.536919
0.524017 0.562134
0.525272 0.502282
0.527355 0.522619
0.530258 0.498403
0.533968 0.615501
0.538467 0.360658
0.543737 0.535748
0.549754 0.406155
0.556495 0.435431
0.563933 0.741277
0.572042 0.710431
0.580794 0.805846
0.590159 0.535334
0.600109 0.972433
0.610616 0.570822
0.621651 0.502932
0.633187 0.756241
0.645196 0.47721
0.657653 0.589625
0.670534 0.747642
0.683813 0.608733
0.697468 0.722951
0.711478 1.0232
0.725822 0.808944
0.74048 0.892354
0.755435 0.750825
0.770669 0.775239
0.786166 1.24767
0.80191 0.72649
0.536427 0.428606
0.536836 0.433815
0.53806 0.590398
0.540094 0.587902
0.542929 1.01389
0.546553 0.724901
0.550949 0.600627
0.5561 0.649017
0.561985 0.573946
0.568581 0.973216
0.575863 0.556669
0.583807 0.886168
0.592384 0.729322
0.601569 0.524612
0.611334 0.652494
0.621651 0.639346
0.632493 0.70754
0.643835 0.791256
0.655649 0.63194
0.667912 0.650766
0.680598 0.773729
0.693684 1.15517
0.707149 0.60018
0.720971 0.647239
0.73513 0.627436
0.749606 0.884494
0.764382 0.886919
0.779441 0.966612
0.794767 0.760447
0.810344 0.858885
0.549754 0.496796
0.550153 0.690004
0.551347 0.591298
0.553333 0.633991
0.5561 0.651086
0.559639 0.562147
0.563933 0.686303
0.568967 0.43978
0.57472 0.692416
0.581171 0.642507
0.588298 0.586051
0.596075 0.90362
0.604479 0.669886
0.613483 0.51851
0.623061 0.693884
0.633187 0.620839
0.643835 0.672868
0.65498 0.635799
0.666597 0.711785
0.678662 0.54901
0.69115 0.703667
0.704041 0.769035
0.717311 0.770226
0.730941 0.698453
0.74491 0.883249
0.7592 0.938262
0.773793 0.855937
0.788673 0.758149
0.803822 0.972768
0.819227 1.5414
0.563544 0.41493
0.563933 0.457972
0.565099 0.387901
0.567036 0.722372
0.569737 0.577759
0.573191 0.480623
0.577385 0.721525
0.582302 0.620356
0.587925 0.676584
0.594233 0.718959
0.601204 0.650409
0.608817 0.505904
0.617047 0.489312
0.62587 0.833658
0.635261 0.924897
0.645196 0.62892
0.655649 0.426446
0.666597 0.800648
0.678015 0.636071
0.68988 0.791435
0.702169 0.799683
0.714861 0.662186
0.727934 0.66546
0.741369 0.638097
0.755145 0.921289
0.769245 0.569778
0.783651 0.722638
0.798346 0.893329
0.813316 0.752785
0.828544 1.63867
0.577765 0.566666
0.578144 0.431876
0.579281 0.612897
0.581171 0.606905
0.583807 0.417148
0.587178 0.61696
0.591273 0.729271
0.596075 0.581751
0.601569 0.712534
0.607736 0.493914
0.614554 0.527524
0.622004 0.877389
0.630061 1.13744
0.638705 0.635138
0.64791 0.684751
0.657653 0.630329
0.667912 0.756814
0.678662 0.83004
0.68988 0.632436
0.701544 0.696181
0.713633 0.819814
0.726124 0.597123
0.738998 0.646417
0.752235 0.861154
0.765816 0.592124
0.779723 0.958424
0.793939 0.909996
0.808447 1.06881
0.823233 0.92985
0.838281 1.00475
0.592384 0.399896
0.592755 0.579831
0.593864 1.34385
0.595707 0.652001
0.598279 0.699382
0.601569 0.501523
0.605566 0.581418
0.610257 0.550672
0.615624 0.568173
0.621651 0.611575
0.628319 0.712956
0.635607 0.845589
0.643494 0.684236
0.651959 0.611032
0.66098 0.780504
0.670534 0.757438
0.680598 0.60888
0.69115 0.455976
0.702169 0.676745
0.713633 0.670227
0.72552 0.913476
0.73781 0.961052
0.750483 0.90685
0.763521 0.46783
0.776905 1.27493
0.790617 0.825846
0.80464 0.972724
0.818959 0.881296
0.833559 1.04937
0.848424 1.04237
0.607375 0.607377
0.607736 0.687806
0.608817 1.11729
0.610616 0.487323
0.613125 0.758191
0.616336 0.579968
0.620238 0.62187
0.624818 0.485779
0.630061 0.830696
0.635952 0.701134
0.642471 0.597177
0.6496 0.854075
0.65732 0.722931
0.665609 0.697187
0.674447 0.519602
0.683813 0.98111
0.693684 0.694207
0.704041 0.560401
0.714861 0.840945
0.726124 0.984385
0.73781 0.727315
0.749899 0.667419
0.762371 0.904538
0.775209 0.788132
0.788394 0.879865
0.80191 0.569495
0.815739 0.525011
0.829867 1.16347
0.844278 0.978532
0.858957 1.18561
0.622708 0.710952
0.623061 0.704094
0.624116 0.603044
0.62587 0.865872
0.628319 0.880273
0.631452 0.711926
0.635261 0.520022
0.639734 0.503751
0.644856 0.771866
0.650612 0.587274
0.656986 0.531638
0.66396 0.533087
0.671514 0.547171
0.67963 0.499223
0.688288 0.57421
0.697468 0.817714
0.707149 0.857195
0.717311 1.0022
0.727934 0.827807
0.738998 0.8738
0.750483 0.89699
0.762371 0.538576
0.774643 1.04655
0.787281 0.732077
0.800267 0.741635
0.813586 1.31543
0.82722 0.800161
0.841155 0.885766
0.855375 0.960253
0.869868 1.05312
0.638361 0.567744
0.638705 0.61353
0.639734 0.541014
0.641446 0.696979
0.643835 0.640962
0.646894 0.583023
0.650612 0.845028
0.65498 0.622932
0.659984 0.709444
0.665609 0.931121
0.671841 0.460904
0.678662 0.77726
0.686054 0.874879
0.694001 0.698201
0.702481 0.580246
0.711478 0.655002
0.720971 0.953467
0.730941 0.651733
0.741369 1.02652
0.752235 0.776309
0.763521 1.03919
0.775209 0.861027
0.787281 0.722293
0.799719 1.26725
0.812507 1.03493
0.825627 1.02818
0.839066 0.981838
0.852807 1.24848
0.866837 0.88937
0.881141 1.44848
0.65431 0.745666
0.654645 0.601305
0.655649 0.892348
0.65732 0.769241
0.659651 0.880389
0.662637 0.609156
0.666268 0.743396
0.670534 0.941439
0.675422 0.495585
0.68092 0.689908
0.687013 0.740225
0.693684 0.633091
0.700919 0.679452
0.708698 0.674212
0.717005 0.819309
0.725822 0.972215
0.73513 1.10922
0.74491 0.675784
0.755145 0.630952
0.765816 0.910049
0.776905 0.971685
0.788394 0.836323
0.800267 0.960192
0.812507 0.76698
0.825096 0.830167
0.83802 0.922032
0.851263 1.49663
0.86481 1.29832
0.878648 1.57869
0.892763 1.06873
0.670534 0.852448
0.670861 0.636197
0.671841 0.593332
0.673471 0.702433
0.675747 0.775304
0.678662 0.994601
0.682207 0.715478
0.686374 0.799946
0.69115 0.772403
0.696524 0.622901
0.702481 0.680731
0.709008 0.907162
0.716087 0.628145
0.723704 0.609704
0.731841 0.673346
0.74048 0.739643
0.749606 0.991605
0.7592 0.831649
0.769245 1.19688
0.779723 0.822557
0.790617 1.44673
0.80191 0.861783
0.813586 1.13487
0.825627 1.39086
0.83802 1.12981
0.850747 1.55875
0.863795 1.30393
0.877149 1.14827
0.890795 0.804382
0.904721 1.00926
0.687013 0.652293
0.687332 0.651743
0.688288 0.695277
0.68988 0.822534
0.692102 0.867488
0.694948 0.660724
0.698411 0.694264
0.702481 0.784617
0.707149 0.735212
0.712402 0.798595
0.718228 1.08574
0.724612 1.3885
0.731541 0.998359
0.738998 0.845764
0.746968 1.12995
0.755435 0.877729
0.764382 1.01344
0.773793 0.888846
0.783651 1.06134
0.793939 1.10473
0.80464 0.881173
0.815739 0.809078
0.82722 0.904464
0.839066 1.04147
0.851263 1.20729
0.863795 1.18963
0.876649 1.11935
0.88981 0.82409
0.903265 1.04312
0.917001 1.01014
0.703729 0.697298
0.704041 0.997785
0.704975 0.997583
0.706529 0.998726
0.708698 0.82627
0.711478 1.04877
0.714861 0.687746
0.718838 0.701475
0.723401 0.816163
0.728536 0.819577
0.734234 0.956727
0.74048 0.908928
0.747262 0.811668
0.754564 0.954956
0.762371 0.753941
0.770669 0.729048
0.779441 0.932709
0.788673 1.02469
0.798346 0.902799
0.808447 1.21674
0.818959 1.45703
0.829867 1.3006
0.841155 1.48609
0.852807 0.766847
0.86481 1.24729
0.877149 1.20576
0.88981 0.952068
0.902779 1.10334
0.916044 0.925385
0.929591 0.944823
0.720667 1.01447
0.720971 0.797394
0.721883 1.12596
0.723401 0.808592
0.72552 0.775947
0.728235 0.73147
0.731541 0.708791
0.735428 0.840767
0.739888 1.43459
0.74491 0.99445
0.750483 1.03517
0.756596 0.743491
0.763234 0.805175
0.770384 0.922942
0.778033 0.885455
0.786166 0.664569
0.794767 0.979934
0.803822 0.954371
0.813316 0.905146
0.823233 1.22024
0.833559 0.947721
0.844278 1.3773
0.855375 1.05198
0.866837 1.37468
0.878648 0.966525
0.890795 1.12822
0.903265 1.17197
0.916044 1.24424
0.929119 1.06281
0.942478 1.42355
0.73781 0.978214
0.738107 0.713764
0.738998 0.890107
0.74048 0.811543
0.742551 0.852848
0.745204 1.29914
0.748435 0.707271
0.752235 0.88531
0.756596 0.82073
0.761508 0.905197
0.766961 1.02941
0.772942 1.01398
0.779441 0.751172
0.786445 0.898934
0.793939 0.891839
0.80191 0.952261
0.810344 0.883701
0.819227 1.01715
0.828544 0.839722
0.838281 1.16412
0.848424 1.05274
0.858957 1.44305
0.869868 1.15794
0.881141 1.07263
0.892763 1.20301
0.904721 0.911745
0.917001 0.935811
0.929591 1.21179
0.942478 1.16948
0.95565 0.682258
0.439823 0.429613
0.440321 0.4894
0.441813 0.535283
0.444288 0.493846
0.447731 0.32605
0.452118 0.469742
0.457423 0.605514
0.463614 0.428654
0.470657 0.400254
0.478513 0.413078
0.487144 0.575318
0.496509 0.393299
0.506567 0.665475
0.517277 0.729179
0.528601 0.570898
0.5405 0.763561
0.552936 0.56477
0.565874 0.485897
0.579281 0.811549
0.593124 0.73896
0.607375 0.647284
0.622004 0.554478
0.636985 0.599298
0.652296 1.11472
0.667912 0.889434
0.683813 0.60581
0.699979 0.779467
0.716393 0.761849
0.733038 0.855979
0.749899 0.769386
0.440321 0.572111
0.440819 0.248683
0.442309 0.403723
0.444782 0.502642
0.44822 0.508149
0.452603 0.343522
0.457902 0.293312
0.464087 0.506682
0.471123 0.553656
0.478971 0.468931
0.487594 0.515736
0.49695 0.458024
0.506999 0.573673
0.517701 0.602478
0.529016 0.398256
0.540906 0.684507
0.553333 0.657762
0.566262 0.643619
0.57966 0.688292
0.593494 0.927304
0.607736 0.933621
0.622356 0.648448
0.63733 0.807953
0.652632 0.978431
0.66824 0.78876
0.684133 0.570143
0.700293 0.814584
0.716699 0.99796
0.733337 0.673543
0.750191 0.666215
0.441813 0.619763
0.442309 0.618107
0.443794 0.386902
0.446259 0.394759
0.449686 0.475279
0.454054 0.305529
0.459337 0.46887
0.465503 0.411786
0.472517 0.377451
0.480343 0.543802
0.488941 0.542479
0.498272 0.587495
0.508295 0.516693
0.518971 0.682425
0.530258 0.592455
0.542121 0.542397
0.554521 0.865355
0.567423 0.816842
0.580794 0.498231
0.594602 0.802403
0.608817 0.736065
0.623412 0.52396
0.638361 0.616209
0.653639 0.641616
0.669224 0.725388
0.685095 0.772358
0.701232 0.908242
0.717617 0.707699
0.734234 0.420354
0.751068 0.750964
0.444288 0.623358
0.444782 0.602983
0.446259 0.452573
0.448709 0.287233
0.452118 0.585699
0.456463 0.32741
0.461718 0.344189
0.467852 0.508981
0.474832 0.404963
0.482621 0.533094
0.491179 0.567779
0.500468 0.399846
0.510448 0.739545
0.521079 0.478945
0.532323 0.595802
0.54414 0.58665
0.556495 0.637679
0.569352 0.493944
0.582679 0.675513
0.596443 0.568526
0.610616 0.486135
0.625169 0.894915
0.640077 0.623825
0.655315 0.905415
0.670861 0.719644
0.686693 0.74255
0.702794 0.672371
0.719143 0.875704
0.735726 0.859305
0.752526 0.897096
0.447731 0.363427
0.44822 0.37865
0.449686 0.325421
0.452118 0.303823
0.455501 0.393207
0.459814 0.504867
0.465031 0.382189
0.471123 0.514054
0.478055 0.730894
0.485791 0.778074
0.494295 0.436257
0.503527 0.52332
0.513447 0.609495
0.524017 0.45958
0.535199 0.427596
0.546954 0.712661
0.559247 0.673862
0.572042 0.520531
0.585308 0.66455
0.599012 0.70741
0.613125 0.564946
0.62762 0.489529
0.642471 0.746754
0.657653 0.800538
0.673145 0.66267
0.688925 0.534755
0.704975 0.667135
0.721275 0.776443
0.73781 0.983373
0.754564 1.0977
0.452118 0.497861
0.452603 0.400565
0.454054 0.324334
0.456463 0.485836
0.459814 0.374205
0.464087 0.578321
0.469257 0.494768
0.475294 0.396996
0.482166 0.263467
0.489838 0.526974
0.498272 0.551234
0.507432 0.652562
0.517277 0.418917
0.527771 0.436756
0.538874 0.577024
0.550551 0.466685
0.562765 0.811832
0.575482 1.08719
0.58867 0.542795
0.602298 0.561274
0.616336 0.643441
0.630757 0.794513
0.645536 0.589037
0.660648 0.529331
0.676071 0.5696
0.691785 0.521871
0.707769 0.847125
0.724007 0.552356
0.74048 0.743478
0.757175 0.748991
0.457423 0.341216
0.457902 0.64689
0.459337 0.242928
0.461718 0.41865
0.465031 0.447066
0.469257 0.514949
0.47437 0.34906
0.480343 0.632921
0.487144 0.446921
0.494739 0.438681
0.503091 0.592384
0.512164 0.537792
0.521921 0.521517
0.532323 0.547595
0.543333 0.577393
0.554916 0.679148
0.567036 0.742094
0.57966 0.811605
0.592755 0.763074
0.60629 0.660515
0.620238 0.614722
0.634571 0.773172
0.649262 0.528314
0.66429 1.07318
0.67963 0.687782
0.695263 0.670191
0.71117 0.792316
0.727331 0.908846
0.743731 0.941493
0.760355 0.78727
0.463614 0.374771
0.464087 0.349748
0.465503 1.02158
0.467852 0.473303
0.471123 0.89259
0.475294 0.423939
0.480343 0.709003
0.486243 0.49314
0.492962 0.44129
0.500468 0.555994
0.508727 0.439383
0.517701 0.750395
0.527355 0.564772
0.537652 0.398221
0.548556 0.476439
0.56003 0.68489
0.572042 0.600699
0.584558 0.59273
0.597545 0.489809
0.610975 0.559525
0.624818 0.678337
0.639048 0.891356
0.653639 0.778741
0.668568 0.969868
0.683813 0.79551
0.699352 0.615191
0.715168 0.74966
0.731241 0.631893
0.747555 1.04626
0.764095 1.0203
0.470657 0.478952
0.471123 0.464437
0.472517 0.380502
0.474832 0.599403
0.478055 0.64245
0.482166 0.566916
0.487144 0.448979
0.492962 0.49096
0.499591 0.49328
0.506999 0.557006
0.515153 0.649882
0.524017 0.425239
0.533557 0.545683
0.543737 0.509207
0.554521 0.406919
0.565874 0.501189
0.577765 0.625614
0.590159 0.63113
0.603026 0.505372
0.616336 0.531133
0.630061 0.497139
0.644175 0.702573
0.658653 0.756634
0.673471 0.752136
0.688607 0.66712
0.704041 0.869547
0.719753 0.674607
0.735726 0.75795
0.751943 0.77106
0.768389 0.96757
0.478513 0.389085
0.478971 0.403626
0.480343 0.317424
0.482621 0.378176
0.485791 0.470077
0.489838 0.314597
0.494739 0.47162
0.500468 0.607301
0.506999 0.657313
0.514301 0.49026
0.522341 0.433034
0.531085 0.524926
0.5405 0.594272
0.550551 0.433793
0.561204 0.789431
0.572425 0.551407
0.584182 0.384482
0.596443 0.330772
0.609177 0.900636
0.622356 0.684413
0.635952 0.626274
0.649938 0.625433
0.66429 0.635163
0.678985 0.747421
0.694001 0.608752
0.709317 0.706209
0.724915 0.958105
0.740777 0.755786
0.756886 0.699203
0.773226 0.968727
0.487144 0.533941
0.487594 0.503185
0.488941 0.550943
0.491179 0.625581
0.494295 0.41863
0.498272 0.768942
0.503091 0.470191
0.508727 0.652365
0.515153 0.652986
0.522341 0.521264
0.530258 0.497633
0.538874 0.395974
0.548156 0.540026
0.558069 0.806572
0.568581 0.410225
0.57966 0.738048
0.591273 0.40448
0.603389 0.591629
0.61598 0.678316
0.629016 0.646993
0.642471 0.436697
0.656318 0.732591
0.670534 0.761878
0.685095 0.854687
0.699979 0.898415
0.715168 1.15486
0.730641 0.67556
0.746381 0.83107
0.762371 0.81952
0.778597 0.675482
0.496509 0.426703
0.49695 0.588226
0.498272 0.529477
0.500468 0.512291
0.503527 0.591097
0.507432 0.480243
0.512164 0.421826
0.517701 0.318822
0.524017 0.536882
0.531085 0.723266
0.538874 0.526471
0.547355 0.577447
0.556495 0.516849
0.566262 0.47752
0.576625 0.49332
0.587552 0.660628
0.599012 0.817117
0.610975 0.610965
0.623412 0.64643
0.636296 0.891293
0.6496 0.691008
0.663299 0.685589
0.677368 0.526682
0.691785 0.665681
0.706529 0.910993
0.721579 0.872904
0.736918 0.834366
0.752526 0.791861
0.768389 0.926586
0.78449 1.34301
0.506567 0.617729
0.506999 0.643777
0.508295 0.749519
0.510448 0.50082
0.513447 0.466487
0.517277 0.317317
0.521921 0.700991
0.527355 0.574866
0.533557 0.679768
0.5405 0.605045
0.548156 0.478336
0.556495 0.456474
0.565487 0.589303
0.575101 0.479482
0.585308 0.475169
0.596075 0.738355
0.607375 0.66128
0.619176 0.674747
0.631452 0.43621
0.644175 0.581401
0.65732 0.595892
0.670861 0.808544
0.684774 0.68656
0.699039 0.739265
0.713633 0.922597
0.728536 1.09841
0.743731 0.84873
0.7592 0.881048
0.774926 1.03073
0.790894 0.896147
0.517277 0.670228
0.517701 0.459719
0.518971 0.484205
0.521079 0.485158
0.524017 0.48682
0.527771 0.68264
0.532323 0.60268
0.537652 0.59226
0.543737 0.424139
0.550551 0.574804
0.558069 0.491827
0.566262 0.571064
0.575101 0.452541
0.584558 0.589667
0.594602 0.735629
0.605204 0.76602
0.616336 0.784189
0.627969 0.546406
0.640077 0.866522
0.652632 0.79105
0.665609 0.798034
0.678985 0.438756
0.692735 0.687679
0.706839 0.56305
0.721275 0.793504
0.736024 0.776641
0.751068 1.02319
0.766388 0.66004
0.78197 0.606496
0.797797 1.13245
0.528601 0.575456
0.529016 0.473094
0.530258 0.426658
0.532323 0.6032
0.535199 0.518454
0.538874 0.471081
0.543333 0.522027
0.548556 0.642053
0.554521 0.645985
0.561204 0.774283
0.568581 0.603037
0.576625 0.547102
0.585308 0.549948
0.594602 0.582447
0.604479 0.582695
0.614911 0.601756
0.62587 0.640684
0.63733 0.660345
0.649262 0.693462
0.661643 0.686896
0.674447 0.417674
0.687651 0.648366
0.701232 0.622086
0.715168 1.02122
0.729439 0.729395
0.744026 0.863032
0.758911 1.08289
0.774077 0.934934
0.789506 0.794996
0.805185 0.985034
0.5405 0.850993
0.540906 0.353627
0.542121 0.411953
0.54414 0.558877
0.546954 0.423211
0.550551 0.415573
0.554916 0.574398
0.56003 0.679247
0.565874 0.599152
0.572425 0.557157
0.57966 0.551277
0.587552 0.620067
0.596075 0.711387
0.605204 0.777947
0.614911 0.560323
0.625169 0.722508
0.635952 0.534838
0.647232 0.619174
0.658986 0.809098
0.671187 0.603594
0.683813 0.666758
0.696839 0.756273
0.710244 0.599715
0.724007 0.810621
0.738107 1.0572
0.752526 0.894153
0.767246 1.53632
0.78225 0.728889
0.797522 0.874526
0.813046 0.866499
0.552936 0.477441
0.553333 0.536697
0.554521 0.547242
0.556495 0.628819
0.559247 0.873306
0.562765 0.838104
0.567036 0.501888
0.572042 0.809765
0.577765 0.545802
0.584182 0.554886
0.591273 0.727483
0.599012 0.597255
0.607375 0.649198
0.616336 0.480108
0.62587 0.692841
0.635952 0.525778
0.646554 0.684433
0.657653 0.984585
0.669224 0.792446
0.681242 0.619368
0.693684 0.662276
0.706529 0.581701
0.719753 0.997433
0.733337 0.758993
0.747262 0.681928
0.761508 0.99834
0.776057 0.843405
0.790894 0.795108
0.806002 1.08525
0.821366 0.908042
0.565874 0.593207
0.566262 0.421331
0.567423 0.689742
0.569352 0.679677
0.572042 0.592178
0.575482 0.767285
0.57966 0.496185
0.584558 0.533643
0.590159 0.667823
0.596443 0.558265
0.603389 0.525601
0.610975 0.50397
0.619176 0.683078
0.627969 0.513826
0.63733 0.719278
0.647232 0.736778
0.657653 0.645889
0.668568 0.444493
0.679953 0.659299
0.691785 1.07397
0.704041 0.486712
0.716699 0.643375
0.72974 0.711793
0.743141 1.19414
0.756886 0.705288
0.770954 0.835792
0.785328 0.586314
0.799993 0.901739
0.814932 1.04583
0.830131 1.09634
0.579281 0.758195
0.57966 0.700737
0.580794 0.467525
0.582679 0.598449
0.585308 0.632708
0.58867 0.481728
0.592755 0.620241
0.597545 0.728039
0.603026 0.747242
0.609177 0.61486
0.61598 0.653993
0.623412 0.566731
0.631452 0.693318
0.640077 0.795716
0.649262 0.806724
0.658986 0.922605
0.669224 0.720196
0.679953 1.04296
0.69115 0.869029
0.702794 0.828314
0.714861 0.713802
0.727331 0.699833
0.740184 1.03722
0.7534 0.713885
0.766961 0.870715
0.780847 1.09655
0.795043 1.11304
0.809532 0.917062
0.824298 1.14764
0.839327 0.968802
0.593124 0.817706
0.593494 0.447468
0.594602 0.713582
0.596443 0.807828
0.599012 0.751307
0.602298 0.593718
0.60629 0.544385
0.610975 0.556211
0.616336 0.508405
0.622356 0.592995
0.629016 0.895821
0.636296 1.02554
0.644175 0.719844
0.652632 0.840641
0.661643 0.695892
0.671187 0.812043
0.681242 0.905355
0.691785 0.796728
0.702794 1.00438
0.714247 0.906923
0.726124 0.636006
0.738404 0.849387
0.751068 0.779286
0.764095 0.958694
0.777469 0.691799
0.791171 1.01848
0.805185 0.862238
0.819495 0.960094
0.834085 0.974922
0.848941 1.48154
0.607375 0.436154
0.607736 0.592279
0.608817 0.724684
0.610616 0.721875
0.613125 0.687079
0.616336 0.836289
0.620238 0.788697
0.624818 0.762547
0.630061 0.829353
0.635952 0.407854
0.642471 0.755591
0.6496 0.572291
0.65732 0.76736
0.665609 0.759012
0.674447 0.647172
0.683813 0.785041
0.693684 0.737555
0.704041 1.01286
0.714861 0.611102
0.726124 0.828996
0.73781 0.747303
0.749899 0.786876
0.762371 0.763793
0.775209 1.05016
0.788394 0.996141
0.80191 0.924987
0.815739 0.926403
0.829867 0.976816
0.844278 0.961689
0.858957 0.786173
0.622004 0.75194
0.622356 0.597982
0.623412 0.493716
0.625169 0.742472
0.62762 0.792162
0.630757 0.934868
0.634571 0.305826
0.639048 0.550458
0.644175 0.661963
0.649938 0.726862
0.656318 0.63387
0.663299 0.513493
0.670861 0.640333
0.678985 0.605117
0.687651 0.877423
0.696839 0.663255
0.706529 0.814405
0.716699 0.673871
0.727331 0.753931
0.738404 0.983847
0.749899 0.849012
0.761796 0.839051
0.774077 0.941148
0.786723 0.553418
0.799719 0.952085
0.813046 1.05879
0.826689 0.827985
0.840633 0.905726
0.854862 1.26764
0.869363 0.91392
0.636985 0.723019
0.63733 0.593426
0.638361 0.879218
0.640077 0.83512
0.642471 0.735157
0.645536 0.807267
0.649262 0.577956
0.653639 0.586579
0.658653 0.729112
0.66429 0.943952
0.670534 0.717887
0.677368 0.73433
0.684774 1.04505
0.692735 0.58986
0.701232 0.646319
0.710244 1.04937
0.719753 0.87197
0.72974 0.68812
0.740184 0.772896
0.751068 0.96286
0.762371 0.917656
0.774077 0.981691
0.786166 0.960282
0.798621 1.02092
0.811426 0.960687
0.824564 1.19263
0.83802 1.08196
0.851778 1.32712
0.865824 1.09689
0.880144 1.0232
0.652296 0.629034
0.652632 0.663529
0.653639 0.760649
0.655315 0.80922
0.657653 0.734189
0.660648 0.868204
0.66429 0.967205
0.668568 0.701416
0.673471 0.909407
0.678985 0.696972
0.685095 0.641672
0.691785 0.700568
0.699039 0.873636
0.706839 0.704921
0.715168 0.873013
0.724007 0.5368
0.733337 0.548019
0.743141 0.895742
0.7534 1.16678
0.764095 0.61895
0.775209 1.11067
0.786723 1.23748
0.798621 0.883495
0.810885 1.08143
0.8235 0.975125
0.836448 1.04073
0.849715 1.07803
0.863287 1.02024
0.877149 1.00402
0.891288 1.03127
0.667912 0.677897
0.66824 1.21139
0.669224 0.71165
0.670861 0.826617
0.673145 0.915448
0.676071 0.795334
0.67963 0.788648
0.683813 0.657308
0.688607 0.57857
0.694001 0.727287
0.699979 0.856882
0.706529 0.571522
0.713633 0.646811
0.721275 0.780446
0.729439 1.09674
0.738107 0.992138
0.747262 1.06319
0.756886 0.83059
0.766961 1.12014
0.777469 0.6054
0.788394 0.796152
0.799719 0.733203
0.811426 0.754414
0.8235 1.20591
0.835923 0.889887
0.848682 1.29972
0.861762 0.846974
0.875146 1.17379
0.888823 1.20818
0.902779 1.20389
0.683813 0.884929
0.684133 0.700553
0.685095 0.904668
0.686693 0.646132
0.688925 0.838172
0.691785 0.720249
0.695263 0.899143
0.699352 0.911358
0.704041 0.833677
0.709317 0.824095
0.715168 0.863254
0.721579 0.785632
0.728536 0.847455
0.736024 0.999402
0.744026 0.866396
0.752526 1.2164
0.761508 0.884914
0.770954 1.02873
0.780847 0.860737
0.791171 0.757281
0.80191 1.13406
0.813046 0.990236
0.824564 0.782049
0.836448 0.99574
0.848682 1.14679
0.861252 0.705178
0.874143 0.898441
0.887342 1.30322
0.900833 1.15341
0.914606 1.00799
0.699979 0.896363
0.700293 0.805166
0.701232 0.839258
0.702794 0.745939
0.704975 0.863987
0.707769 0.962103
0.71117 0.503096
0.715168 0.665567
0.719753 0.908035
0.724915 1.0433
0.730641 0.718324
0.736918 0.975393
0.743731 0.831824
0.751068 0.664433
0.758911 0.803847
0.767246 1.08666
0.776057 0.93522
0.785328 0.829978
0.795043 0.684587
0.805185 0.899005
0.815739 0.795104
0.826689 0.906181
0.83802 0.882643
0.849715 0.894831
0.861762 1.01912
0.874143 1.42466
0.886847 1.24769
0.899859 1.22991
0.913166 1.39496
0.926755 0.983977
0.716393 0.731651
0.716699 1.22058
0.717617 0.840035
0.719143 0.804214
0.721275 0.861423
0.724007 1.01437
0.727331 0.948476
0.731241 0.742447
0.735726 0.638699
0.740777 0.941873
0.746381 0.702065
0.752526 0.768308
0.7592 0.951357
0.766388 1.22214
0.774077 0.978379
0.78225 0.700829
0.790894 1.00951
0.799993 1.03867
0.809532 0.811998
0.819495 1.08661
0.829867 1.40194
0.840633 0.893799
0.851778 1.2164
0.863287 0.928212
0.875146 1.0781
0.887342 0.789673
0.899859 0.87564
0.912685 1.20861
0.925808 1.00813
0.939214 1.32919
0.733038 0.796601
0.733337 0.876885
0.734234 0.701796
0.735726 0.635362
0.73781 0.885582
0.74048 0.731041
0.743731 1.06362
0.747555 0.85036
0.751943 0.866503
0.756886 0.670369
0.762371 1.03953
0.768389 0.782457
0.774926 0.742484
0.78197 0.72841
0.789506 1.43567
0.797522 0.961261
0.806002 1.00276
0.814932 0.811402
0.824298 0.926683
0.834085 0.859362
0.844278 1.27216
0.854862 0.942726
0.865824 0.906514
0.877149 1.29873
0.888823 1.26258
0.900833 1.22683
0.913166 0.837274
0.925808 0.905682
0.938747 1.16799
0.951971 0.894706
0.749899 1.10997
0.750191 0.905293
0.751068 0.745381
0.752526 1.00738
0.754564 0.930397
0.757175 0.682122
0.760355 1.02954
0.764095 0.93292
0.768389 0.771425
0.773226 0.733445
0.778597 0.809777
0.78449 0.954611
0.790894 0.876262
0.797797 0.73187
0.805185 0.967465
0.813046 0.795659
0.821366 1.08115
0.830131 1.05248
0.839327 0.601952
0.848941 1.03756
0.858957 1.04953
0.869363 1.26829
0.880144 0.918515
0.891288 1.07706
0.902779 1.02773
0.914606 1.14133
0.926755 0.902915
0.939214 1.64963
0.951971 1.05667
0.965014 1.04129
0.460767 0.470751
0.461243 0.532185
0.462667 0.523072
0.465031 0.433149
0.468321 0.621181
0.472517 0.241475
0.477596 0.440238
0.483529 0.620112
0.490285 0.395955
0.497832 0.544728
0.506133 0.445962
0.515153 0.431639
0.524854 0.815833
0.535199 0.666344
0.546151 0.597087
0.557676 0.655151
0.569737 0.860746
0.582302 0.922473
0.595339 0.553856
0.608817 0.646777
0.622708 1.0537
0.636985 0.596178
0.651623 0.769301
0.666597 0.634352
0.681886 0.620849
0.697468 0.52395
0.713325 0.571791
0.729439 0.692675
0.745793 0.653342
0.762371 0.77986
0.461243 0.524775
0.461718 0.286042
0.463141 0.654689
0.465503 0.463325
0.468789 0.708713
0.472981 0.400575
0.478055 0.427903
0.483982 0.321585
0.490732 0.452191
0.498272 0.758561
0.506567 0.688672
0.515579 0.638329
0.525272 0.640211
0.535609 0.626771
0.546553 0.590546
0.558069 0.583162
0.570122 0.457802
0.582679 0.730737
0.595707 0.522649
0.609177 1.08842
0.623061 0.528017
0.63733 0.821069
0.651959 0.749454
0.666926 0.821155
0.682207 0.861104
0.697783 0.712668
0.713633 1.17935
0.72974 1.07496
0.746087 1.0269
0.762659 1.07133
0.462667 0.414691
0.463141 0.612655
0.464559 0.504353
0.466914 0.411894
0.470191 0.530519
0.47437 0.396575
0.479429 0.387928
0.48534 0.504071
0.492071 0.469155
0.499591 0.353398
0.507864 1.03983
0.516853 0.525737
0.526523 0.391275
0.536836 0.458715
0.547755 0.940393
0.559247 0.796362
0.571275 0.544831
0.583807 0.540696
0.596811 0.63863
0.610257 0.635154
0.624116 0.996988
0.638361 0.62801
0.652968 0.793457
0.667912 0.778436
0.683171 0.94115
0.698725 0.899975
0.714554 0.714676
0.730641 0.615335
0.746968 0.878686
0.763521 0.91865
0.465031 0.608994
0.465503 0.355102
0.466914 0.400835
0.469257 0.421549
0.472517 0.685801
0.476676 0.445157
0.481711 0.395136
0.487594 0.518368
0.494295 0.552979
0.501781 0.542584
0.510019 0.496114
0.518971 0.73749
0.528601 0.494727
0.538874 0.496468
0.549754 0.602249
0.561204 0.574807
0.573191 0.792003
0.585682 0.671875
0.598645 0.805812
0.612051 1.08517
0.62587 0.669942
0.640077 0.625404
0.654645 0.72722
0.669552 0.868793
0.684774 0.668754
0.700293 0.78164
0.716087 0.88904
0.73214 1.04223
0.748435 0.883714
0.764956 0.800789
0.468321 0.391505
0.468789 0.391457
0.470191 0.632692
0.472517 0.60058
0.475755 0.691298
0.479886 0.430977
0.484888 0.534451
0.490732 0.445138
0.497391 0.503617
0.504832 0.59035
0.51302 0.411028
0.521921 0.524333
0.531498 0.737253
0.541716 0.441025
0.552539 0.606762
0.563933 0.590397
0.575863 0.836455
0.588298 0.651633
0.601204 0.445717
0.614554 0.529042
0.628319 0.904358
0.642471 0.960863
0.656986 0.776886
0.671841 0.754756
0.687013 0.82547
0.702481 1.04659
0.718228 0.45216
0.734234 0.609267
0.750483 0.998742
0.766961 1.29269
0.472517 0.385336
0.472981 0.422135
0.47437 0.40242
0.476676 0.688767
0.479886 0.853716
0.483982 0.656152
0.488941 0.474906
0.494739 0.590728
0.501344 0.578733
0.508727 0.582363
0.516853 0.661098
0.525689 1.01855
0.535199 0.55205
0.545348 0.492355
0.5561 0.416433
0.567423 0.847876
0.579281 0.686008
0.591643 0.68489
0.604479 0.614406
0.617758 0.67305
0.631452 0.677511
0.645536 0.599558
0.659984 0.82036
0.674772 0.638797
0.68988 0.935228
0.705286 0.526662
0.720971 0.92745
0.736918 0.707624
0.753109 0.642423
0.76953 1.10664
0.477596 0.589881
0.478055 0.698364
0.479429 0.344989
0.481711 0.423656
0.484888 0.572404
0.488941 0.496997
0.493851 0.487262
0.499591 0.503214
0.506133 0.41935
0.513447 0.62897
0.5215 0.747458
0.530258 0.606373
0.539688 0.48493
0.549754 0.531601
0.560422 0.680594
0.571659 0.496468
0.583431 0.592814
0.595707 0.603139
0.608457 0.706751
0.621651 0.753836
0.635261 0.711554
0.649262 0.516581
0.663629 0.770038
0.678338 0.933236
0.693368 0.882704
0.708698 1.04833
0.72431 0.741048
0.740184 0.73367
0.756306 0.86653
0.772659 1.24387
0.483529 0.346814
0.483982 0.598774
0.48534 0.465534
0.487594 0.579717
0.490732 0.515548
0.494739 0.443387
0.499591 0.390936
0.505266 0.617296
0.511736 0.545696
0.518971 0.527557
0.526939 0.58268
0.535609 0.573087
0.544945 0.570485
0.554916 0.763227
0.565487 0.666263
0.576625 0.495697
0.588298 0.749393
0.600474 0.640559
0.613125 0.606326
0.626221 0.656939
0.639734 0.739616
0.653639 0.640495
0.667912 0.707385
0.682529 0.759052
0.697468 0.568857
0.71271 0.888302
0.728235 0.981118
0.744026 1.03653
0.760066 0.739646
0.77634 0.877277
0.490285 0.517271
0.490732 0.443812
0.492071 0.413551
0.494295 0.608535
0.497391 0.561702
0.501344 0.419638
0.506133 0.533324
0.511736 0.525317
0.518125 0.424061
0.525272 0.72485
0.533146 0.537436
0.541716 0.469819
0.550949 0.605965
0.560813 0.616682
0.571275 0.720646
0.582302 0.661845
0.593864 0.713676
0.605928 0.682011
0.618467 0.428936
0.631452 0.864354
0.644856 0.532121
0.658653 0.862204
0.672819 0.715746
0.687332 0.780144
0.702169 0.6757
0.717311 0.686443
0.732739 0.960558
0.748435 0.701873
0.764382 0.857796
0.780566 0.951186
0.497832 0.628442
0.498272 0.607126
0.499591 0.685951
0.501781 0.563993
0.504832 0.434369
0.508727 0.726914
0.513447 0.523363
0.518971 0.52181
0.525272 0.648353
0.532323 0.481865
0.540094 0.662329
0.548556 0.648759
0.557676 0.584074
0.567423 0.523944
0.577765 0.512106
0.58867 0.535616
0.600109 0.804385
0.612051 0.51256
0.624467 0.573187
0.63733 0.648486
0.650612 0.658913
0.66429 0.721028
0.678338 0.808565
0.692735 0.723475
0.707459 1.01432
0.72249 0.97698
0.73781 1.03231
0.7534 0.870401
0.769245 1.17691
0.785328 0.7553
0.506133 0.433811
0.506567 0.604683
0.507864 0.491451
0.510019 0.340517
0.51302 0.539417
0.516853 0.69795
0.5215 0.492867
0.526939 0.363049
0.533146 0.429517
0.540094 0.677992
0.547755 0.632873
0.5561 0.887184
0.565099 0.653505
0.57472 0.552353
0.584933 0.448911
0.595707 0.560238
0.607013 0.839691
0.618822 0.682609
0.631105 0.760282
0.643835 0.702448
0.656986 0.560415
0.670534 0.819411
0.684454 0.954662
0.698725 0.840371
0.713325 0.574703
0.728235 0.892885
0.743437 0.692374
0.758911 0.777504
0.774643 0.94855
0.790617 0.913692
0.515153 0.381119
0.515579 0.599076
0.516853 0.636502
0.518971 0.619029
0.521921 0.497929
0.525689 0.513146
0.530258 0.536299
0.535609 0.516636
0.541716 0.428692
0.548556 0.494739
0.5561 0.674177
0.564322 0.452227
0.573191 0.441676
0.582679 0.555365
0.592755 0.526068
0.603389 0.49187
0.614554 0.67096
0.626221 0.541648
0.638361 0.398099
0.650949 0.881226
0.66396 0.836665
0.677368 0.924963
0.69115 0.702251
0.705286 0.855791
0.719753 0.611864
0.734533 0.81151
0.749606 0.943517
0.764956 0.943702
0.780566 1.00957
0.796421 0.82332
0.524854 0.568286
0.525272 0.608497
0.526523 0.422246
0.528601 0.41571
0.531498 0.440915
0.535199 0.609533
0.539688 0.597704
0.544945 0.596884
0.550949 0.628827
0.557676 0.812032
0.565099 0.582619
0.573191 0.557268
0.581925 0.584409
0.591273 0.389224
0.601204 0.802155
0.611692 0.737373
0.622708 0.477197
0.634225 0.618081
0.646215 0.899114
0.658653 0.78852
0.671514 0.661333
0.684774 0.557111
0.698411 0.677678
0.712402 0.800114
0.726728 0.849557
0.741369 0.809975
0.756306 1.00168
0.771522 0.951976
0.787002 1.20551
0.80273 1.19451
0.535199 0.473625
0.535609 0.477206
0.536836 0.555886
0.538874 0.482019
0.541716 0.513257
0.545348 0.412394
0.549754 0.593223
0.554916 0.847382
0.560813 1.13895
0.567423 0.589237
0.57472 0.585927
0.582679 0.587701
0.591273 0.646143
0.600474 0.584813
0.610257 0.391456
0.620592 0.438019
0.631452 0.654336
0.642812 0.576547
0.654645 0.80216
0.666926 0.771021
0.67963 0.736245
0.692735 0.826304
0.706218 0.744285
0.720058 1.03133
0.734234 0.60282
0.748728 0.812325
0.763521 0.731684
0.778597 0.785668
0.793939 0.830353
0.809532 1.03534
0.546151 0.673964
0.546553 0.564815
0.547755 0.341595
0.549754 0.617127
0.552539 0.491614
0.5561 0.364317
0.560422 0.858362
0.565487 0.534709
0.571275 0.623616
0.577765 0.549675
0.584933 0.693019
0.592755 0.441201
0.601204 0.567312
0.610257 0.630662
0.619884 0.5285
0.630061 0.993465
0.640762 0.669512
0.651959 0.935208
0.663629 0.796394
0.675747 0.605479
0.688288 0.605855
0.701232 0.769544
0.714554 0.997873
0.728235 0.721264
0.742256 0.661329
0.756596 0.838296
0.771238 0.739388
0.786166 0.819828
0.801363 1.38053
0.816814 0.991321
0.557676 0.439171
0.558069 0.471841
0.559247 0.821366
0.561204 0.572815
0.563933 0.471669
0.567423 0.499791
0.571659 0.496036
0.576625 0.53086
0.582302 0.459814
0.58867 0.563763
0.595707 0.767983
0.603389 0.699873
0.611692 0.720228
0.620592 0.802722
0.630061 0.543494
0.640077 0.589361
0.650612 0.871513
0.661643 0.649492
0.673145 0.895455
0.685095 0.722361
0.697468 0.988144
0.710244 0.778535
0.723401 1.30688
0.736918 0.979363
0.750776 1.0747
0.764956 0.635562
0.779441 0.992586
0.794215 1.34191
0.809261 0.974336
0.824564 0.922802
0.569737 0.60869
0.570122 0.713516
0.571275 0.767253
0.573191 0.494215
0.575863 0.691469
0.579281 0.453499
0.583431 0.566194
0.588298 0.676633
0.593864 0.491764
0.600109 0.597815
0.607013 0.574516
0.614554 0.574973
0.622708 0.650352
0.631452 0.783811
0.640762 0.596036
0.650612 0.64403
0.66098 0.565678
0.671841 0.74368
0.683171 0.956743
0.694948 0.905067
0.707149 0.964279
0.719753 0.778459
0.732739 0.915621
0.746087 0.973418
0.759778 0.702432
0.773793 0.858804
0.788116 0.946815
0.80273 0.824392
0.817619 1.17074
0.832769 1.3803
0.582302 0.855348
0.582679 0.740785
0.583807 0.948567
0.585682 0.602749
0.588298 0.558815
0.591643 0.836209
0.595707 0.677039
0.600474 0.573888
0.605928 0.889011
0.612051 0.629666
0.618822 0.532065
0.626221 0.575721
0.634225 0.564586
0.642812 0.381671
0.651959 0.785719
0.661643 0.845941
0.671841 0.676233
0.682529 0.825817
0.693684 0.538875
0.705286 0.896176
0.717311 0.884534
0.72974 0.68239
0.742551 0.867657
0.755726 1.11647
0.769245 0.750149
0.783091 0.748721
0.797247 0.709523
0.811696 0.84862
0.826424 1.03879
0.841415 0.965501
0.595339 0.549111
0.595707 0.521084
0.596811 0.594892
0.598645 0.65498
0.601204 0.814298
0.604479 0.662322
0.608457 0.698427
0.613125 0.620474
0.618467 0.548703
0.624467 0.716409
0.631105 0.707477
0.638361 0.788362
0.646215 0.68319
0.654645 0.605429
0.663629 0.754208
0.673145 0.835947
0.683171 0.682531
0.693684 0.759714
0.704664 0.861037
0.716087 0.985623
0.727934 0.920935
0.740184 0.880091
0.752818 0.776401
0.765816 1.0624
0.77916 0.933753
0.792833 0.937618
0.806818 0.918849
0.821099 1.04887
0.835661 0.84709
0.850489 1.14589
0.608817 0.71087
0.609177 0.67381
0.610257 0.709336
0.612051 0.672089
0.614554 0.531038
0.617758 0.697421
0.621651 0.444878
0.626221 0.584385
0.631452 0.67284
0.63733 0.865649
0.643835 0.580561
0.650949 0.731587
0.658653 0.727377
0.666926 0.596622
0.675747 0.778725
0.685095 0.557156
0.694948 0.823703
0.705286 0.660669
0.716087 1.01254
0.727331 0.964056
0.738998 0.526106
0.751068 0.889786
0.763521 0.843646
0.77634 0.974909
0.789506 0.65233
0.803003 0.961371
0.816814 0.900839
0.830923 1.13624
0.845316 0.76891
0.859978 1.25211
0.622708 0.453716
0.623061 0.734333
0.624116 0.508111
0.62587 0.825731
0.628319 0.929404
0.631452 0.732637
0.635261 0.530214
0.639734 0.528396
0.644856 0.593832
0.650612 0.807968
0.656986 0.86412
0.66396 0.651177
0.671514 0.742996
0.67963 0.885461
0.688288 0.798637
0.697468 0.952128
0.707149 0.76545
0.717311 0.616031
0.727934 0.744841
0.738998 0.815089
0.750483 1.03201
0.762371 0.451618
0.774643 0.960041
0.787281 0.886902
0.800267 0.994714
0.813586 0.936728
0.82722 1.34925
0.841155 0.803635
0.855375 0.994552
0.869868 0.800555
0.636985 0.593324
0.63733 0.415025
0.638361 0.695542
0.640077 0.705569
0.642471 0.698413
0.645536 0.764942
0.649262 0.574747
0.653639 1.05055
0.658653 0.995941
0.66429 0.789826
0.670534 0.877186
0.677368 0.947942
0.684774 0.761642
0.692735 0.827028
0.701232 0.593512
0.710244 0.655848
0.719753 0.892107
0.72974 0.852281
0.740184 0.871239
0.751068 0.923397
0.762371 0.851278
0.774077 0.986172
0.786166 0.605275
0.798621 0.945156
0.811426 0.898391
0.824564 1.0739
0.83802 1.07055
0.851778 0.691252
0.865824 1.23724
0.880144 1.26625
0.651623 0.636476
0.651959 1.01379
0.652968 0.830034
0.654645 0.883708
0.656986 0.712158
0.659984 0.868179
0.663629 0.534965
0.667912 0.79855
0.672819 0.776351
0.678338 0.903873
0.684454 0.800315
0.69115 0.75585
0.698411 0.871844
0.706218 0.798119
0.714554 0.687927
0.723401 0.698707
0.732739 0.712737
0.742551 0.904138
0.752818 0.840384
0.763521 0.784999
0.774643 1.18473
0.786166 0.862331
0.798072 0.950402
0.810344 0.894692
0.822967 1.07045
0.835923 0.872731
0.849199 1.36435
0.862779 1.38802
0.876649 1.46845
0.890795 1.18276
0.666597 0.661561
0.666926 0.72938
0.667912 0.534325
0.669552 0.824624
0.671841 0.863599
0.674772 0.774585
0.678338 0.980232
0.682529 0.958427
0.687332 0.775628
0.692735 0.807118
0.698725 0.901093
0.705286 0.574099
0.712402 0.83276
0.720058 0.799428
0.728235 0.626225
0.736918 0.7437
0.746087 0.806431
0.755726 0.859819
0.765816 0.917146
0.77634 0.786805
0.787281 1.06667
0.798621 0.930467
0.810344 0.823444
0.822434 1.08225
0.834873 0.880313
0.847648 1.47573
0.860743 1.05468
0.874143 1.03666
0.887836 0.888936
0.901807 1.34988
0.681886 1.05078
0.682207 0.928493
0.683171 0.697594
0.684774 0.748683
0.687013 0.860435
0.68988 0.784702
0.693368 0.599077
0.697468 0.653488
0.702169 0.765371
0.707459 0.738143
0.713325 1.08538
0.719753 0.688163
0.726728 0.772418
0.734234 0.953154
0.742256 0.755632
0.750776 0.705128
0.759778 0.840391
0.769245 0.977234
0.77916 0.89757
0.789506 1.02843
0.800267 0.567664
0.811426 1.05801
0.822967 1.24966
0.834873 0.823289
0.84713 1.30634
0.859723 1.41032
0.872637 1.25596
0.885857 0.901408
0.899371 0.990681
0.913166 1.40033
0.697468 0.688886
0.697783 0.683486
0.698725 0.819704
0.700293 0.72759
0.702481 0.589633
0.705286 1.24222
0.708698 0.879545
0.71271 0.705753
0.717311 0.73631
0.72249 0.882153
0.728235 1.05767
0.734533 1.03186
0.741369 0.884403
0.748728 1.10758
0.756596 0.761543
0.764956 0.739978
0.773793 0.822969
0.783091 0.842521
0.792833 0.784987
0.803003 0.683021
0.813586 1.06774
0.824564 1.49518
0.835923 0.760453
0.847648 1.23348
0.859723 1.29959
0.872134 0.937155
0.884866 1.50791
0.897907 1.44791
0.911242 0.997015
0.92486 1.37495
0.713325 1.01688
0.713633 0.882861
0.714554 0.730036
0.716087 0.792922
0.718228 0.832839
0.720971 0.906192
0.72431 1.32639
0.728235 1.01695
0.732739 0.752503
0.73781 0.798986
0.743437 0.614456
0.749606 0.650475
0.756306 1.01112
0.763521 0.711659
0.771238 0.80605
0.779441 0.622497
0.788116 0.952929
0.797247 0.812146
0.806818 0.979399
0.816814 0.945526
0.82722 0.987616
0.83802 1.01658
0.849199 1.27509
0.860743 1.22458
0.872637 1.06169
0.884866 1.12597
0.897418 0.826496
0.910279 0.959577
0.923436 1.19536
0.936876 1.32689
0.729439 0.613826
0.72974 0.855205
0.730641 0.807072
0.73214 0.764662
0.734234 1.06924
0.736918 0.893651
0.740184 0.979394
0.744026 0.776384
0.748435 0.954436
0.7534 0.785118
0.758911 0.79268
0.764956 0.782311
0.771522 0.590365
0.778597 0.646329
0.786166 0.73454
0.794215 1.08342
0.80273 0.797641
0.811696 1.07109
0.821099 0.905692
0.830923 0.763763
0.841155 0.864348
0.851778 1.05257
0.862779 1.10533
0.874143 1.36755
0.885857 1.33758
0.897907 1.17662
0.910279 1.56896
0.922961 1.68302
0.935939 0.988567
0.949202 1.08365
0.745793 0.745039
0.746087 0.841279
0.746968 0.850461
0.748435 0.889892
0.750483 0.837888
0.753109 0.708126
0.756306 1.22586
0.760066 0.576273
0.764382 0.73453
0.769245 0.843865
0.774643 0.953386
0.780566 0.560423
0.787002 0.790533
0.793939 0.809864
0.801363 0.821912
0.809261 1.07923
0.817619 0.84747
0.826424 0.911668
0.835661 0.832198
0.845316 0.864449
0.855375 0.660736
0.865824 0.999703
0.876649 0.992651
0.887836 1.04931
0.899371 0.936622
0.911242 1.44561
0.923436 1.01275
0.935939 0.958786
0.94874 1.00376
0.961827 1.28391
0.762371 0.964942
0.762659 0.821143
0.763521 1.31853
0.764956 1.0991
0.766961 1.02569
0.76953 0.611854
0.772659 1.13527
0.77634 0.817822
0.780566 0.994924
0.785328 1.34765
0.790617 0.958964
0.796421 0.745151
0.80273 0.873814
0.809532 0.775812
0.816814 0.929054
0.824564 0.961141
0.832769 1.19005
0.841415 1.22675
0.850489 0.955616
0.859978 1.13658
0.869868 1.18889
0.880144 1.19444
0.890795 1.44141
0.901807 1.00635
0.913166 1.20339
0.92486 0.976265
0.936876 1.34142
0.949202 0.967962
0.961827 1.12376
0.974738 1.23147
0.481711 0.593801
0.482166 0.666719
0.483529 0.53887
0.485791 0.493979
0.488941 0.508211
0.492962 0.536526
0.497832 0.606135
0.503527 0.554182
0.510019 0.467773
0.517277 0.74338
0.525272 0.762548
0.533968 0.682293
0.543333 0.546142
0.553333 0.978101
0.563933 0.5378
0.575101 0.62489
0.586805 0.696574
0.599012 0.511453
0.611692 0.697492
0.624818 0.547779
0.638361 0.582858
0.652296 0.540755
0.666597 0.628306
0.681242 0.612259
0.696209 0.771637
0.711478 0.869891
0.72703 1.17982
0.742846 0.923699
0.758911 0.900219
0.775209 0.757185
0.482166 0.306716
0.482621 0.482807
0.483982 0.78223
0.486243 0.574405
0.48939 0.544132
0.493407 0.528445
0.498272 0.652016
0.503962 0.438963
0.510448 0.529324
0.517701 0.549834
0.525689 0.47935
0.534379 0.603929
0.543737 0.648074
0.553729 0.700246
0.564322 0.696164
0.575482 0.628847
0.587178 0.602149
0.599378 0.594344
0.612051 0.590758
0.625169 0.739257
0.638705 0.726347
0.652632 0.659354
0.666926 0.791039
0.681564 0.640652
0.696524 0.731993
0.711786 0.559055
0.727331 0.622672
0.743141 1.26335
0.7592 1.18346
0.775492 0.850713
0.483529 0.587453
0.483982 0.81897
0.48534 0.513836
0.487594 0.470299
0.490732 0.342394
0.494739 0.544536
0.499591 0.542653
0.505266 0.436782
0.511736 0.409734
0.518971 0.659169
0.526939 0.626435
0.535609 0.627359
0.544945 0.660508
0.554916 0.590024
0.565487 0.560887
0.576625 0.656982
0.588298 0.57207
0.600474 0.537635
0.613125 0.839195
0.626221 0.509491
0.639734 0.675553
0.653639 0.713177
0.667912 0.589327
0.682529 0.636314
0.697468 0.684976
0.71271 0.710738
0.728235 0.596544
0.744026 0.783969
0.760066 1.14164
0.77634 0.988107
0.485791 0.441315
0.486243 0.560653
0.487594 0.530222
0.489838 0.528556
0.492962 0.584927
0.49695 0.467512
0.501781 0.700529
0.507432 0.54421
0.513874 0.477088
0.521079 0.407608
0.529016 0.510068
0.537652 0.48873
0.546954 0.760491
0.556889 0.603779
0.567423 0.449841
0.578523 0.691564
0.590159 0.43155
0.602298 0.638267
0.614911 0.545693
0.627969 0.388373
0.641446 0.599467
0.655315 0.522793
0.669552 0.754897
0.684133 0.976898
0.699039 0.761337
0.714247 0.712335
0.72974 0.873931
0.745499 0.900394
0.761508 0.969715
0.777751 1.03737
0.488941 0.510457
0.48939 0.583127
0.490732 0.648228
0.492962 0.40419
0.496067 0.544401
0.50003 0.37901
0.504832 0.58941
0.510448 0.44591
0.516853 0.664331
0.524017 0.436415
0.53191 0.506036
0.5405 0.501247
0.549754 0.425324
0.559639 0.630312
0.570122 0.725759
0.581171 0.492269
0.592755 0.710179
0.604842 0.614315
0.617403 0.562502
0.630409 0.945632
0.643835 0.717308
0.657653 0.686434
0.671841 0.865747
0.686374 0.752203
0.701232 0.838086
0.716393 0.889608
0.731841 0.882967
0.747555 0.618985
0.763521 0.881465
0.779723 1.29051
0.492962 0.599038
0.493407 0.542671
0.494739 0.614347
0.49695 0.436484
0.50003 0.519949
0.503962 0.449833
0.508727 0.977195
0.514301 0.41681
0.520658 0.518484
0.527771 0.629511
0.535609 0.736349
0.54414 0.483636
0.553333 0.530943
0.563155 0.763735
0.573574 0.69436
0.584558 0.532624
0.596075 0.483351
0.608096 0.677373
0.620592 0.733011
0.633533 1.0693
0.646894 0.648716
0.660648 0.564311
0.674772 0.830555
0.689244 0.74805
0.704041 0.509052
0.719143 1.31531
0.734533 0.689612
0.750191 0.946213
0.766102 0.747135
0.78225 0.97702
0.497832 0.621896
0.498272 0.482335
0.499591 0.434498
0.501781 0.678276
0.504832 0.669066
0.508727 0.432544
0.513447 1.17108
0.518971 0.41422
0.525272 0.436516
0.532323 0.390955
0.540094 0.564913
0.548556 0.575623
0.557676 0.540935
0.567423 0.454115
0.577765 0.471406
0.58867 0.556464
0.600109 0.790347
0.612051 0.711901
0.624467 0.578022
0.63733 0.886804
0.650612 0.667001
0.66429 0.617151
0.678338 1.05523
0.692735 1.15718
0.707459 0.880952
0.72249 0.540372
0.73781 0.83609
0.7534 0.871446
0.769245 0.970164
0.785328 0.909889
0.503527 0.526237
0.503962 0.562369
0.505266 0.599632
0.507432 0.500784
0.510448 0.62455
0.514301 0.438174
0.518971 0.488287
0.524436 0.531676
0.530672 0.66607
0.537652 0.535449
0.545348 0.443327
0.553729 0.794815
0.562765 0.61395
0.572425 0.739843
0.582679 0.665944
0.593494 0.658192
0.604842 0.504613
0.616692 0.488907
0.629016 0.755438
0.641788 0.611049
0.65498 0.52653
0.668568 0.582376
0.682529 0.786752
0.696839 0.550532
0.711478 0.705733
0.726426 0.928688
0.741664 0.812661
0.757175 0.959153
0.772942 1.03785
0.788951 0.660352
0.510019 0.570832
0.510448 0.519865
0.511736 0.495927
0.513874 0.514465
0.516853 0.546711
0.520658 0.740936
0.525272 0.591111
0.530672 0.411974
0.536836 0.326715
0.543737 0.493444
0.551347 0.48661
0.559639 0.653666
0.568581 0.47488
0.578144 0.608514
0.588298 0.463742
0.599012 0.665336
0.610257 0.696002
0.622004 0.765646
0.634225 0.566971
0.646894 0.619546
0.659984 0.752124
0.673471 0.616252
0.687332 0.734922
0.701544 0.861255
0.716087 0.941632
0.730941 0.904335
0.746087 0.794292
0.761508 0.769197
0.777187 0.683902
0.79311 0.690659
0.517277 0.614078
0.517701 0.594835
0.518971 0.439418
0.521079 0.494152
0.524017 0.746483
0.527771 0.775324
0.532323 0.541155
0.537652 0.537539
0.543737 0.428311
0.550551 0.42519
0.558069 0.677185
0.566262 0.500198
0.575101 0.808029
0.584558 0.593531
0.594602 0.71696
0.605204 0.441195
0.616336 0.640356
0.627969 0.98981
0.640077 0.554245
0.652632 0.786709
0.665609 0.708347
0.678985 0.631301
0.692735 0.830691
0.706839 0.413019
0.721275 0.98442
0.736024 0.787526
0.751068 0.711377
0.766388 0.792899
0.78197 1.44013
0.797797 1.04729
0.525272 0.591511
0.525689 0.479364
0.526939 0.355368
0.529016 0.474147
0.53191 0.507671
0.535609 0.559649
0.540094 0.52744
0.545348 0.416023
0.551347 0.632692
0.558069 0.578701
0.565487 0.53122
0.573574 0.526694
0.582302 0.627158
0.591643 0.692838
0.601569 0.91375
0.612051 0.546328
0.623061 0.709342
0.634571 0.700475
0.646554 0.594427
0.658986 0.483507
0.671841 0.616734
0.685095 0.753413
0.698725 1.10645
0.71271 0.715168
0.72703 0.91226
0.741664 0.565466
0.756596 1.04376
0.771807 0.871286
0.787281 0.633685
0.803003 1.10644
0.533968 0.644016
0.534379 0.53681
0.535609 0.564517
0.537652 0.437303
0.5405 0.640124
0.54414 0.787334
0.548556 0.705219
0.553729 0.516521
0.559639 0.431431
0.566262 0.542471
0.573574 0.578516
0.581548 0.892078
0.590159 0.402654
0.599378 0.69884
0.609177 0.575836
0.61953 0.627181
0.630409 0.704647
0.641788 0.716435
0.653639 0.50024
0.665939 0.668453
0.678662 0.877848
0.691785 0.68971
0.705286 0.648239
0.719143 0.616117
0.733337 0.84716
0.747849 0.914038
0.762659 0.90297
0.777751 0.821239
0.79311 0.785149
0.808719 1.06675
0.543333 0.824863
0.543737 0.544085
0.544945 0.687072
0.546954 0.601011
0.549754 0.627339
0.553333 0.47896
0.557676 0.504202
0.562765 0.640543
0.568581 0.745972
0.575101 0.607266
0.582302 0.589872
0.590159 0.714449
0.598645 0.65473
0.607736 0.734529
0.617403 0.980109
0.62762 0.743561
0.638361 0.823056
0.6496 0.703474
0.661312 0.75406
0.673471 0.826719
0.686054 0.666286
0.699039 0.901952
0.712402 0.831826
0.726124 0.831842
0.740184 0.523648
0.754564 0.734849
0.769245 0.934789
0.78421 0.976473
0.799445 0.776526
0.814932 1.01852
0.553333 0.371951
0.553729 0.557916
0.554916 0.652734
0.556889 0.561077
0.559639 0.620614
0.563155 0.510928
0.567423 0.681299
0.572425 0.416846
0.578144 0.898766
0.584558 0.590064
0.591643 0.632063
0.599378 0.822121
0.607736 0.750663
0.616692 0.726681
0.626221 0.676227
0.636296 0.800836
0.646894 0.67305
0.657987 1.21407
0.669552 0.601578
0.681564 0.686066
0.694001 0.80051
0.706839 0.925187
0.720058 0.703339
0.733636 1.06828
0.747555 0.633091
0.761796 1.00586
0.77634 0.812788
0.791171 0.636219
0.806274 1.17644
0.821633 1.41853
0.563933 0.573393
0.564322 0.421234
0.565487 0.658478
0.567423 0.594714
0.570122 0.485488
0.573574 0.729054
0.577765 0.438365
0.582679 0.533204
0.588298 0.425085
0.594602 0.649616
0.601569 0.611155
0.609177 0.640304
0.617403 0.518974
0.626221 0.695195
0.635607 0.72586
0.645536 0.843478
0.655984 0.843756
0.666926 0.926322
0.678338 0.696872
0.690198 0.691857
0.702481 0.553096
0.715168 0.936328
0.728235 0.745758
0.741664 0.718711
0.755435 0.728543
0.76953 0.913017
0.783931 1.01113
0.798621 1.07415
0.813586 0.71563
0.828809 0.801644
0.575101 0.622261
0.575482 0.466384
0.576625 0.470478
0.578523 0.744094
0.581171 0.365393
0.584558 0.643872
0.58867 0.649013
0.593494 0.972336
0.599012 0.598073
0.605204 0.711186
0.612051 0.677793
0.61953 0.571088
0.62762 0.69213
0.636296 0.573223
0.645536 0.796071
0.655315 0.603794
0.665609 0.814039
0.676396 0.683279
0.687651 0.788819
0.699352 0.763465
0.711478 0.938095
0.724007 0.633544
0.736918 0.983122
0.750191 0.738096
0.763808 1.21488
0.777751 1.03286
0.792003 1.11312
0.806546 0.991841
0.821366 1.13515
0.836448 1.30645
0.586805 0.646399
0.587178 0.663423
0.588298 0.504354
0.590159 0.7452
0.592755 0.670045
0.596075 0.725763
0.600109 0.826551
0.604842 0.840561
0.610257 0.754281
0.616336 0.599081
0.623061 0.56605
0.630409 0.685803
0.638361 0.558663
0.646894 0.437057
0.655984 0.751416
0.665609 0.816447
0.675747 0.641441
0.686374 0.768126
0.697468 0.988398
0.709008 0.620616
0.720971 0.906379
0.733337 1.00265
0.746087 0.793795
0.7592 1.04084
0.772659 0.986047
0.786445 0.500965
0.800541 0.811257
0.814932 1.0668
0.829603 1.33264
0.844537 1.03809
0.599012 0.631555
0.599378 0.85073
0.600474 0.827283
0.602298 0.539297
0.604842 0.589228
0.608096 0.676288
0.612051 0.568424
0.616692 0.822853
0.622004 0.762769
0.627969 0.645912
0.634571 0.53353
0.641788 1.01242
0.6496 0.791291
0.657987 0.677821
0.666926 0.7415
0.676396 0.679412
0.686374 0.744163
0.696839 0.764145
0.707769 0.963262
0.719143 0.645083
0.730941 0.987478
0.743141 0.911747
0.755726 0.600652
0.768674 0.877989
0.78197 0.880532
0.795595 0.917238
0.809532 1.08354
0.823766 1.08875
0.838281 1.37569
0.853064 0.905537
0.611692 0.701585
0.612051 0.732746
0.613125 0.400037
0.614911 0.655298
0.617403 0.728
0.620592 0.561865
0.624467 0.71086
0.629016 1.01784
0.634225 0.744239
0.640077 0.568522
0.646554 0.687219
0.653639 0.601472
0.661312 0.684596
0.669552 0.638989
0.678338 0.901283
0.687651 0.947136
0.697468 0.953607
0.707769 0.908747
0.718533 1.03503
0.72974 0.51018
0.741369 1.04549
0.7534 0.890937
0.765816 0.963371
0.778597 0.877373
0.791726 0.737102
0.805185 0.999764
0.818959 1.12077
0.833032 1.21969
0.847389 1.15255
0.862016 1.0566
0.624818 0.60387
0.625169 0.770942
0.626221 0.596611
0.627969 0.678957
0.630409 0.688756
0.633533 0.790333
0.63733 0.763941
0.641788 0.789969
0.646894 0.995232
0.652632 0.741491
0.658986 0.497231
0.665939 0.978365
0.673471 0.637954
0.681564 0.88385
0.690198 0.674502
0.699352 0.990711
0.709008 0.889766
0.719143 0.674677
0.72974 0.981581
0.740777 0.943499
0.752235 0.768244
0.764095 1.01398
0.77634 0.800339
0.788951 1.14077
0.80191 1.08645
0.815201 1.06624
0.828809 1.16232
0.842718 1.14132
0.856912 1.33828
0.871379 1.11161
0.638361 0.977444
0.638705 0.823406
0.639734 0.742876
0.641446 0.714661
0.643835 0.635739
0.646894 0.772076
0.650612 0.476772
0.65498 0.749407
0.659984 0.920902
0.665609 0.558758
0.671841 0.48153
0.678662 0.653986
0.686054 0.996968
0.694001 0.775771
0.702481 0.767235
0.711478 0.596141
0.720971 0.957303
0.730941 0.794501
0.741369 0.999594
0.752235 0.699868
0.763521 0.711514
0.775209 0.750922
0.787281 0.549397
0.799719 0.932883
0.812507 0.897923
0.825627 1.25329
0.839066 0.878912
0.852807 1.17754
0.866837 1.04911
0.881141 1.01191
0.652296 0.727144
0.652632 0.65149
0.653639 0.734721
0.655315 0.616288
0.657653 0.841165
0.660648 0.674371
0.66429 0.656866
0.668568 1.00881
0.673471 0.560124
0.678985 0.688524
0.685095 0.940382
0.691785 0.678486
0.699039 0.914113
0.706839 0.528814
0.715168 0.705015
0.724007 0.824857
0.733337 0.687183
0.743141 0.793632
0.7534 0.738311
0.764095 0.882564
0.775209 0.684284
0.786723 0.923551
0.798621 0.867798
0.810885 0.734582
0.8235 0.681142
0.836448 1.28147
0.849715 1.14206
0.863287 0.885763
0.877149 1.15812
0.891288 1.26407
0.666597 0.469633
0.666926 0.620052
0.667912 0.59318
0.669552 0.826783
0.671841 0.713759
0.674772 0.60678
0.678338 0.690293
0.682529 0.81899
0.687332 0.8529
0.692735 0.755314
0.698725 0.660182
0.705286 0.750757
0.712402 0.681852
0.720058 0.740165
0.728235 0.732748
0.736918 0.961249
0.746087 0.873796
0.755726 0.989771
0.765816 0.958887
0.77634 1.04523
0.787281 1.24413
0.798621 1.10684
0.810344 0.875431
0.822434 0.879407
0.834873 1.08892
0.847648 1.29108
0.860743 0.95982
0.874143 1.00101
0.887836 1.17304
0.901807 1.01063
0.681242 0.786701
0.681564 0.563016
0.682529 0.769991
0.684133 0.68794
0.686374 0.670308
0.689244 0.765909
0.692735 0.897117
0.696839 0.765055
0.701544 0.791865
0.706839 0.623085
0.71271 0.665081
0.719143 0.799068
0.726124 0.970456
0.733636 0.656866
0.741664 0.94013
0.750191 0.733318
0.7592 0.686196
0.768674 0.69197
0.778597 0.734468
0.788951 1.0776
0.799719 1.21734
0.810885 0.961791
0.822434 0.934951
0.834348 0.883859
0.846612 0.91759
0.859213 1.25684
0.872134 0.826523
0.885362 0.794483
0.898884 0.999709
0.912685 1.12431
0.696209 0.967842
0.696524 0.802621
0.697468 0.665135
0.699039 0.537067
0.701232 0.745768
0.704041 0.927115
0.707459 0.873499
0.711478 0.734384
0.716087 0.711394
0.721275 0.883833
0.72703 1.00371
0.733337 0.563323
0.740184 0.750623
0.747555 1.06074
0.755435 0.818385
0.763808 0.992231
0.772659 0.669514
0.78197 0.82147
0.791726 1.00827
0.80191 1.05326
0.812507 0.881358
0.8235 0.973888
0.834873 0.561021
0.846612 1.13408
0.858702 1.05919
0.871127 1.17113
0.883874 1.07814
0.896929 1.68584
0.910279 1.37889
0.923911 1.77912
0.711478 0.776231
0.711786 0.643297
0.71271 0.97885
0.714247 0.803076
0.716393 0.85571
0.719143 0.739671
0.72249 1.01062
0.726426 1.03899
0.730941 1.01967
0.736024 1.06912
0.741664 0.892842
0.747849 0.999131
0.754564 1.15937
0.761796 0.668546
0.76953 1.05577
0.777751 1.03553
0.786445 0.954054
0.795595 1.629
0.805185 0.96464
0.815201 0.930158
0.825627 0.811664
0.836448 1.13292
0.847648 1.39133
0.859213 0.929836
0.871127 1.42261
0.883378 1.30887
0.895951 1.09722
0.908832 1.68694
0.92201 1.27453
0.93547 1.22176
0.72703 0.646397
0.727331 0.877483
0.728235 0.902201
0.72974 0.839257
0.731841 1.13432
0.734533 0.786016
0.73781 1.07685
0.741664 0.641403
0.746087 0.537275
0.751068 0.841651
0.756596 0.920478
0.762659 0.989991
0.769245 0.96428
0.77634 1.08197
0.783931 1.07594
0.792003 1.22104
0.800541 0.854508
0.809532 0.830107
0.818959 0.786178
0.828809 0.755099
0.839066 0.936716
0.849715 0.753073
0.860743 0.945946
0.872134 0.87212
0.883874 1.17939
0.895951 1.3173
0.90835 1.39093
0.921058 0.853426
0.934063 1.24634
0.947352 1.02468
0.742846 0.799552
0.743141 0.690441
0.744026 0.910995
0.745499 0.968799
0.747555 1.13443
0.750191 0.693169
0.7534 0.776123
0.757175 0.98522
0.761508 0.912403
0.766388 0.932509
0.771807 1.10447
0.777751 1.112
0.78421 0.795953
0.791171 0.944834
0.798621 1.00509
0.806546 0.900343
0.814932 1.31624
0.823766 1.27742
0.833032 0.914703
0.842718 0.953524
0.852807 0.983195
0.863287 1.14565
0.874143 1.1455
0.885362 0.810919
0.896929 1.28654
0.908832 0.967445
0.921058 0.830108
0.933593 1.2729
0.946426 1.12819
0.959544 1.03166
0.758911 0.872121
0.7592 0.919918
0.760066 1.13037
0.761508 1.0857
0.763521 0.880974
0.766102 0.848646
0.769245 0.932991
0.772942 0.786988
0.777187 0.717348
0.78197 0.938861
0.787281 1.07943
0.79311 1.11201
0.799445 0.91441
0.806274 0.680261
0.813586 0.921085
0.821366 1.0072
0.829603 1.04377
0.838281 1.02174
0.847389 1.34115
0.856912 0.911519
0.866837 1.19547
0.877149 1.13239
0.887836 1.59248
0.898884 1.0721
0.910279 0.88466
0.92201 0.888611
0.934063 1.24991
0.946426 0.90717
0.959087 1.00413
0.972034 0.981543
0.775209 0.930881
0.775492 1.26417
0.77634 0.751788
0.777751 1.23361
0.779723 0.948247
0.78225 0.904145
0.785328 1.53126
0.788951 0.817132
0.79311 1.00366
0.797797 0.964185
0.803003 0.842037
0.808719 0.886533
0.814932 0.708414
0.821633 0.923978
0.828809 1.22587
0.836448 0.675366
0.844537 1.04978
0.853064 1.35564
0.862016 0.916627
0.871379 0.95434
0.881141 0.770114
0.891288 1.07021
0.901807 1.56257
0.912685 1.54388
0.923911 1.06137
0.93547 1.47968
0.947352 1.15157
0.959544 1.16215
0.972034 1.05922
0.984811 1.53984
0.502655 0.49777
0.503091 0.454691
0.504397 0.499629
0.506567 0.304766
0.509588 0.523424
0.513447 0.683961
0.518125 0.462379
0.523599 0.463797
0.529845 0.737012
0.536836 0.516135
0.544543 0.51842
0.552936 0.742655
0.561985 0.533423
0.571659 0.616743
0.581925 0.497886
0.592755 0.52075
0.604116 0.482258
0.61598 0.770316
0.628319 0.830122
0.641104 0.738249
0.65431 0.554174
0.667912 0.8775
0.681886 0.53101
0.696209 0.611404
0.710861 0.907458
0.725822 0.766258
0.741073 0.902176
0.756596 0.67799
0.772375 0.934005
0.788394 1.47857
0.503091 0.544304
0.503527 0.532996
0.504832 0.375062
0.506999 0.74888
0.510019 0.546946
0.513874 0.621689
0.518548 0.416247
0.524017 0.59838
0.530258 0.450767
0.537244 0.593389
0.544945 0.62291
0.553333 0.439997
0.562375 0.635138
0.572042 0.648457
0.582302 0.507882
0.593124 0.698667
0.604479 0.904025
0.616336 0.750527
0.628667 1.07935
0.641446 0.755931
0.654645 0.939602
0.66824 0.515039
0.682207 0.594418
0.696524 0.612585
0.71117 0.709847
0.726124 0.736042
0.741369 0.822478
0.756886 0.853978
0.772659 1.09571
0.788673 0.691095
0.504397 0.640587
0.504832 0.492469
0.506133 0.532878
0.508295 0.555118
0.511307 0.493024
0.515153 0.545206
0.519815 0.462459
0.525272 0.562259
0.531498 0.560402
0.538467 0.638968
0.546151 0.796788
0.554521 0.611191
0.563544 0.839362
0.573191 0.650507
0.583431 0.573077
0.594233 0.498529
0.605566 0.382079
0.617403 0.493918
0.629713 0.660611
0.642471 0.50503
0.655649 0.788056
0.669224 0.802527
0.683171 0.749668
0.697468 0.828719
0.712094 0.957449
0.72703 0.779455
0.742256 0.533299
0.757754 0.782752
0.77351 0.942276
0.789506 0.908443
0.506567 0.474433
0.506999 0.631543
0.508295 0.529592
0.510448 0.443213
0.513447 0.590421
0.517277 0.339269
0.521921 0.480226
0.527355 0.346177
0.533557 0.610192
0.5405 0.44008
0.548156 0.478638
0.556495 0.580137
0.565487 0.656769
0.575101 0.622054
0.585308 0.551128
0.596075 0.629748
0.607375 0.65628
0.619176 0.879986
0.631452 0.550162
0.644175 0.699747
0.65732 0.814572
0.670861 0.732316
0.684774 0.833003
0.699039 0.527248
0.713633 0.69236
0.728536 0.955211
0.743731 0.888662
0.7592 0.890849
0.774926 0.962033
0.790894 0.880771
0.509588 0.643211
0.510019 0.599468
0.511307 0.481251
0.513447 0.440113
0.516429 0.385024
0.520237 0.547036
0.524854 0.628521
0.530258 0.552407
0.536427 0.381736
0.543333 0.692264
0.550949 0.586179
0.559247 0.642105
0.568195 0.616353
0.577765 0.641669
0.587925 0.844097
0.598645 0.956525
0.609897 0.857804
0.621651 0.826905
0.633879 0.680742
0.646554 0.873395
0.659651 0.748048
0.673145 0.75752
0.687013 0.683988
0.701232 0.699413
0.715781 0.846434
0.730641 0.842122
0.745793 0.939591
0.76122 0.686253
0.776905 0.647431
0.792833 1.08127
0.513447 0.566358
0.513874 0.560828
0.515153 0.447578
0.517277 0.516646
0.520237 0.667033
0.524017 0.615547
0.528601 0.53735
0.533968 0.44952
0.540094 0.590764
0.546954 0.606103
0.554521 0.854496
0.562765 0.671695
0.571659 0.466194
0.581171 0.502226
0.591273 0.947245
0.601934 0.672117
0.613125 0.76457
0.624818 0.453035
0.636985 0.76939
0.6496 0.777326
0.662637 0.618551
0.676071 0.907547
0.68988 0.857586
0.704041 0.557916
0.718533 0.949117
0.733337 0.926799
0.748435 0.651813
0.763808 0.683747
0.779441 0.738325
0.795319 1.0705
0.518125 0.544901
0.518548 0.393815
0.519815 0.419961
0.521921 0.646299
0.524854 0.503269
0.528601 0.743705
0.533146 0.523892
0.538467 0.482266
0.544543 0.610706
0.551347 0.511073
0.558854 0.725871
0.567036 0.428692
0.575863 0.706767
0.585308 0.456425
0.595339 0.707794
0.605928 0.708089
0.617047 0.35874
0.628667 0.481434
0.640762 0.628475
0.653304 0.483611
0.666268 0.837335
0.67963 0.732233
0.693368 0.546124
0.707459 1.06474
0.721883 0.768028
0.73662 0.872025
0.751652 1.13783
0.766961 0.970235
0.782531 0.99435
0.798346 0.834149
0.523599 0.433845
0.524017 0.796512
0.525272 0.481346
0.527355 0.764994
0.530258 0.873917
0.533968 0.530005
0.538467 0.562932
0.543737 0.694111
0.549754 0.582459
0.556495 0.531993
0.563933 0.442819
0.572042 0.583135
0.580794 0.855401
0.590159 0.633867
0.600109 0.514247
0.610616 0.719386
0.621651 0.66602
0.633187 0.742082
0.645196 0.561539
0.657653 0.79177
0.670534 0.835965
0.683813 0.860696
0.697468 0.896645
0.711478 0.895124
0.725822 0.830384
0.74048 0.697915
0.755435 0.846159
0.770669 1.02753
0.786166 0.883361
0.80191 1.04369
0.529845 0.491888
0.530258 0.767892
0.531498 0.627322
0.533557 0.526588
0.536427 0.724581
0.540094 0.641164
0.544543 0.553401
0.549754 0.807535
0.555706 0.648869
0.562375 0.744199
0.569737 0.583461
0.577765 0.686173
0.586431 0.637202
0.595707 0.714013
0.605566 0.526278
0.61598 0.659224
0.626921 0.64859
0.638361 0.690977
0.650275 0.882094
0.662637 0.619177
0.675422 0.889928
0.688607 1.02981
0.702169 0.500589
0.716087 0.762298
0.730341 0.918707
0.74491 0.71546
0.759778 0.619621
0.774926 0.620831
0.790339 0.95776
0.806002 0.879347
0.536836 0.829046
0.537244 0.674989
0.538467 0.668781
0.5405 0.494749
0.543333 0.477446
0.546954 0.592115
0.551347 0.528573
0.556495 0.630459
0.562375 0.500314
0.568967 0.768438
0.576244 0.578703
0.584182 0.567553
0.592755 0.579718
0.601934 0.576473
0.611692 0.927065
0.622004 0.429419
0.63284 0.668982
0.644175 0.769197
0.655984 0.612899
0.66824 0.727833
0.68092 0.876167
0.694001 0.809055
0.707459 1.19287
0.721275 0.71559
0.735428 0.857653
0.749899 1.05399
0.764669 0.866994
0.779723 1.081
0.795043 1.13474
0.810615 1.06784
0.544543 0.609992
0.544945 0.480635
0.546151 0.74147
0.548156 0.703685
0.550949 0.637961
0.554521 0.47413
0.558854 0.6766
0.563933 0.631666
0.569737 0.510668
0.576244 0.831359
0.583431 0.729565
0.591273 0.637763
0.599743 1.06734
0.608817 0.550364
0.618467 0.610479
0.628667 0.652566
0.639391 0.622123
0.650612 0.688017
0.662306 0.631968
0.674447 0.747207
0.687013 0.574286
0.699979 0.842809
0.713325 0.845414
0.72703 0.876997
0.741073 0.682931
0.755435 0.827644
0.7701 0.864459
0.785049 1.11088
0.800267 0.96051
0.815739 0.750849
0.552936 0.634307
0.553333 0.511902
0.554521 0.711649
0.556495 0.365209
0.559247 0.680081
0.562765 0.560753
0.567036 0.46477
0.572042 0.769441
0.577765 0.678598
0.584182 0.612103
0.591273 0.924676
0.599012 0.468167
0.607375 0.404279
0.616336 0.697859
0.62587 0.623797
0.635952 0.711191
0.646554 0.748273
0.657653 0.727165
0.669224 0.893314
0.681242 0.743693
0.693684 0.929461
0.706529 1.02723
0.719753 0.733479
0.733337 0.627581
0.747262 0.864949
0.761508 0.822835
0.776057 0.893505
0.790894 1.18835
0.806002 0.998163
0.821366 1.10725
0.561985 0.688709
0.562375 0.412278
0.563544 0.583716
0.565487 0.571576
0.568195 0.546981
0.571659 0.620199
0.575863 0.57394
0.580794 0.536836
0.586431 0.585186
0.592755 0.651736
0.599743 0.54073
0.607375 0.572465
0.615624 0.714098
0.624467 0.765255
0.633879 0.851273
0.643835 0.58862
0.65431 0.601678
0.66528 0.687897
0.67672 0.906187
0.688607 0.632349
0.700919 0.647315
0.713633 0.952717
0.726728 0.977195
0.740184 0.943748
0.753982 0.741989
0.768104 0.661097
0.782531 0.852273
0.797247 1.09209
0.812237 0.715054
0.827485 1.23656
0.571659 0.379226
0.572042 0.541324
0.573191 0.857241
0.575101 0.511151
0.577765 0.537007
0.581171 0.51685
0.585308 0.577986
0.590159 0.552153
0.595707 0.593826
0.601934 0.673505
0.608817 0.5855
0.616336 0.521452
0.624467 0.584491
0.633187 0.830418
0.642471 0.586598
0.652296 0.68931
0.662637 0.721844
0.673471 0.655413
0.684774 0.787566
0.696524 0.685389
0.708698 0.745644
0.721275 0.718516
0.734234 0.805904
0.747555 0.865336
0.76122 0.683433
0.775209 0.929452
0.789506 0.705181
0.804095 0.924666
0.818959 1.10608
0.834085 1.04583
0.581925 0.686228
0.582302 0.478729
0.583431 0.690251
0.585308 0.466953
0.587925 0.614441
0.591273 0.566241
0.595339 0.835285
0.600109 0.59676
0.605566 0.627479
0.611692 0.491993
0.618467 0.769932
0.62587 0.851222
0.633879 0.599458
0.642471 0.693594
0.651623 0.714805
0.661312 0.54786
0.671514 0.906642
0.682207 0.628859
0.693368 0.896666
0.704975 0.81998
0.717005 0.747793
0.729439 0.755228
0.742256 0.856625
0.755435 0.770404
0.76896 1.1249
0.782811 1.08709
0.796972 0.962428
0.811426 1.09519
0.826159 0.997719
0.841155 1.08769
0.592755 0.711169
0.593124 0.771021
0.594233 0.645356
0.596075 0.526734
0.598645 0.820378
0.601934 0.689017
0.605928 0.709199
0.610616 0.563067
0.61598 0.605246
0.622004 0.727479
0.628667 0.719429
0.635952 0.616524
0.643835 0.816605
0.652296 0.741845
0.661312 0.717365
0.670861 0.734204
0.68092 0.857563
0.691468 0.72044
0.702481 0.687014
0.71394 0.610991
0.725822 0.716279
0.738107 0.921357
0.750776 1.28609
0.763808 1.0341
0.777187 1.08095
0.790894 0.856617
0.804913 1.08231
0.819227 0.870086
0.833822 0.959621
0.848682 1.27452
0.604116 0.8191
0.604479 0.420046
0.605566 0.449404
0.607375 0.608778
0.609897 0.555961
0.613125 0.777469
0.617047 0.600039
0.621651 0.540285
0.626921 0.503056
0.63284 0.680443
0.639391 0.725546
0.646554 0.740445
0.65431 0.756009
0.662637 0.852984
0.671514 0.701503
0.68092 0.893395
0.690833 0.929743
0.701232 0.745735
0.712094 0.932089
0.723401 0.679979
0.73513 0.783288
0.747262 0.822084
0.759778 1.07187
0.772659 1.36335
0.785887 0.921664
0.799445 1.03797
0.813316 0.756844
0.827485 0.976768
0.841936 0.711652
0.856656 1.1522
0.61598 0.535803
0.616336 0.57002
0.617403 0.857157
0.619176 0.580309
0.621651 0.636835
0.624818 0.493879
0.628667 0.878141
0.633187 0.853933
0.638361 0.692548
0.644175 0.657726
0.650612 0.864653
0.657653 0.82352
0.66528 0.744308
0.673471 0.804245
0.682207 0.948217
0.691468 0.824462
0.701232 1.19553
0.711478 0.927958
0.722187 0.736304
0.733337 0.620288
0.74491 0.546599
0.756886 0.953984
0.769245 0.909034
0.78197 0.956272
0.795043 0.83541
0.808447 0.926965
0.822167 1.11628
0.836186 0.917331
0.850489 1.43031
0.865064 0.663349
0.628319 0.717275
0.628667 0.977379
0.629713 0.807369
0.631452 0.524833
0.633879 0.805226
0.636985 0.909805
0.640762 0.573949
0.645196 0.569795
0.650275 0.594801
0.655984 0.574762
0.662306 0.839429
0.669224 0.596563
0.67672 0.670732
0.684774 0.718718
0.693368 0.859908
0.702481 0.940741
0.712094 0.479576
0.722187 0.707087
0.732739 0.77165
0.743731 0.693755
0.755145 0.648024
0.766961 1.08393
0.77916 0.676844
0.791726 0.952752
0.80464 0.881131
0.817887 0.852941
0.831451 1.05994
0.845316 0.94619
0.859468 0.896115
0.873892 1.29762
0.641104 0.576769
0.641446 0.878525
0.642471 0.812584
0.644175 0.646531
0.646554 0.623774
0.6496 0.824764
0.653304 0.700815
0.657653 0.692289
0.662637 0.455208
0.66824 0.85435
0.674447 0.735507
0.681242 0.613342
0.688607 0.924775
0.696524 0.575494
0.704975 0.686892
0.71394 0.692897
0.723401 0.854307
0.733337 1.04348
0.743731 0.94443
0.754564 0.909521
0.765816 1.02328
0.777469 1.07229
0.789506 0.90735
0.80191 0.922057
0.814663 0.762255
0.82775 0.915854
0.841155 0.998422
0.854862 1.07218
0.868858 1.21346
0.88313 1.42592
0.65431 1.0258
0.654645 0.755864
0.655649 0.764465
0.65732 0.794336
0.659651 0.949716
0.662637 0.737305
0.666268 0.656262
0.670534 0.815491
0.675422 0.71717
0.68092 0.790876
0.687013 0.86234
0.693684 0.852254
0.700919 0.643636
0.708698 0.969832
0.717005 0.649595
0.725822 0.931148
0.73513 0.894212
0.74491 0.903004
0.755145 0.570411
0.765816 0.712846
0.776905 0.878357
0.788394 1.00792
0.800267 0.94136
0.812507 0.820019
0.825096 0.969659
0.83802 1.42837
0.851263 1.14145
0.86481 1.04096
0.878648 1.03057
0.892763 1.03016
0.667912 0.825256
0.66824 0.873739
0.669224 0.704994
0.670861 0.821245
0.673145 0.480864
0.676071 0.4414
0.67963 0.858225
0.683813 0.803309
0.688607 0.839693
0.694001 0.712506
0.699979 1.06975
0.706529 0.574408
0.713633 0.767335
0.721275 0.576186
0.729439 0.84844
0.738107 0.911386
0.747262 1.00541
0.756886 0.685585
0.766961 0.843347
0.777469 0.883447
0.788394 1.48128
0.799719 1.19886
0.811426 1.37743
0.8235 1.26724
0.835923 0.922558
0.848682 0.951729
0.861762 1.09346
0.875146 1.47546
0.888823 1.10097
0.902779 1.23715
0.681886 0.628988
0.682207 0.820503
0.683171 0.758308
0.684774 0.982839
0.687013 1.2076
0.68988 0.771858
0.693368 0.484548
0.697468 0.664094
0.702169 0.85384
0.707459 0.770704
0.713325 1.26805
0.719753 1.17005
0.726728 0.727251
0.734234 0.826607
0.742256 0.934816
0.750776 0.804234
0.759778 0.675129
0.769245 0.978176
0.77916 0.78518
0.789506 0.64703
0.800267 1.12993
0.811426 0.98902
0.822967 1.36949
0.834873 0.898045
0.84713 1.46332
0.859723 1.31155
0.872637 1.2317
0.885857 1.17189
0.899371 1.02518
0.913166 1.09656
0.696209 0.674291
0.696524 0.900942
0.697468 0.747546
0.699039 0.870361
0.701232 0.610007
0.704041 0.603874
0.707459 0.952217
0.711478 0.69861
0.716087 0.793654
0.721275 0.948649
0.72703 0.948635
0.733337 0.636832
0.740184 0.639154
0.747555 0.673819
0.755435 0.944804
0.763808 0.962155
0.772659 1.11804
0.78197 0.89627
0.791726 0.668182
0.80191 0.822866
0.812507 0.891793
0.8235 0.805386
0.834873 1.11363
0.846612 1.00266
0.858702 1.15479
0.871127 1.00863
0.883874 1.06868
0.896929 1.23955
0.910279 1.16303
0.923911 1.48039
0.710861 0.686042
0.71117 0.632959
0.712094 0.813664
0.713633 0.949631
0.715781 0.6942
0.718533 0.981107
0.721883 0.855366
0.725822 0.944429
0.730341 0.662733
0.735428 0.719073
0.741073 1.19605
0.747262 0.863951
0.753982 1.31835
0.76122 0.9075
0.76896 0.853787
0.777187 0.689464
0.785887 1.19667
0.795043 0.830157
0.80464 0.797786
0.814663 0.768086
0.825096 1.15628
0.835923 1.31823
0.84713 0.863867
0.858702 1.22374
0.870624 0.903163
0.882881 0.950668
0.895461 1.23676
0.90835 0.781472
0.921534 1.22352
0.935001 0.657378
0.725822 1.01973
0.726124 0.613162
0.72703 0.609495
0.728536 0.847739
0.730641 0.803602
0.733337 0.72542
0.73662 0.853889
0.74048 0.771677
0.74491 0.62508
0.749899 0.833218
0.755435 1.05106
0.761508 1.01067
0.768104 0.888861
0.775209 0.853509
0.782811 0.722734
0.790894 0.855889
0.799445 0.928267
0.808447 1.1969
0.817887 1.14003
0.82775 1.27753
0.83802 0.774971
0.848682 1.1376
0.859723 1.09493
0.871127 1.10362
0.882881 1.05053
0.894971 1.17277
0.907383 1.14277
0.920105 1.22558
0.933123 1.03454
0.946426 1.36468
0.741073 0.990808
0.741369 0.612604
0.742256 0.86772
0.743731 0.833958
0.745793 0.689129
0.748435 0.765858
0.751652 0.749756
0.755435 0.999077
0.759778 0.855936
0.764669 0.836339
0.7701 0.774641
0.776057 0.880699
0.782531 0.904196
0.789506 1.25036
0.796972 0.772553
0.804913 0.951229
0.813316 1.03568
0.822167 1.08251
0.831451 1.05936
0.841155 1.22472
0.851263 0.796189
0.861762 1.02698
0.872637 0.658208
0.883874 1.25153
0.895461 0.839089
0.907383 0.927387
0.919628 1.34418
0.932182 0.66569
0.945034 1.20202
0.958171 1.45852
0.756596 0.626836
0.756886 0.718124
0.757754 0.850347
0.7592 1.33182
0.76122 0.765362
0.763808 0.89179
0.766961 0.860994
0.770669 0.709342
0.774926 1.06515
0.779723 0.922006
0.785049 0.770437
0.790894 0.880822
0.797247 0.807963
0.804095 0.867375
0.811426 0.822434
0.819227 1.07106
0.827485 1.02339
0.836186 1.06303
0.845316 1.41755
0.854862 0.897418
0.86481 1.01171
0.875146 1.21769
0.885857 1.09185
0.896929 0.831335
0.90835 1.12276
0.920105 1.43758
0.932182 1.11006
0.94457 1.18017
0.957255 0.93108
0.970227 0.979561
0.772375 0.69829
0.772659 0.97487
0.77351 1.08416
0.774926 0.723012
0.776905 1.08153
0.779441 0.81391
0.782531 0.977753
0.786166 1.11612
0.790339 1.01161
0.795043 0.952594
0.800267 1.06373
0.806002 0.8276
0.812237 0.792325
0.818959 0.964715
0.826159 1.17461
0.833822 0.920355
0.841936 1.11624
0.850489 1.42871
0.859468 1.14836
0.868858 1.1391
0.878648 0.995312
0.888823 1.03809
0.899371 0.84788
0.910279 1.62003
0.921534 1.00199
0.933123 1.14443
0.945034 1.08101
0.957255 0.964768
0.969775 1.50937
0.982582 1.30657
0.788394 1.07453
0.788673 1.01437
0.789506 0.767509
0.790894 0.87205
0.792833 1.24735
0.795319 1.44069
0.798346 0.901052
0.80191 0.879799
0.806002 1.21264
0.810615 1.23982
0.815739 1.10509
0.821366 1.17606
0.827485 1.07167
0.834085 1.35261
0.841155 1.15207
0.848682 0.971889
0.856656 1.2875
0.865064 1.11861
0.873892 1.11835
0.88313 0.94052
0.892763 1.33027
0.902779 1.17418
0.913166 1.36797
0.923911 0.934767
0.935001 1.15221
0.946426 1.26552
0.958171 0.892611
0.970227 1.52684
0.982582 1.79651
0.995223 1.10075
0.523599 0.551557
0.524017 0.488249
0.525272 0.548814
0.527355 0.618484
0.530258 0.734885
0.533968 0.64116
0.538467 0.492904
0.543737 0.404429
0.549754 0.686416
0.556495 0.543044
0.563933 0.633761
0.572042 0.79285
0.580794 0.755877
0.590159 0.609569
0.600109 0.646186
0.610616 0.845625
0.621651 0.694337
0.633187 1.08924
0.645196 0.896296
0.657653 0.693344
0.670534 0.558333
0.683813 0.593316
0.697468 0.692382
0.711478 0.762821
0.725822 0.691404
0.74048 0.932848
0.755435 1.0264
0.770669 0.842253
0.786166 1.15167
0.80191 0.843
0.524017 0.673179
0.524436 0.683308
0.525689 0.444318
0.527771 0.554687
0.530672 0.723958
0.534379 0.505585
0.538874 0.658001
0.54414 0.305896
0.550153 0.482187
0.556889 0.731995
0.564322 0.787832
0.572425 0.726717
0.581171 0.647263
0.59053 0.768968
0.600474 0.478023
0.610975 0.805904
0.622004 0.646001
0.633533 0.658402
0.645536 0.733698
0.657987 0.856541
0.670861 0.783947
0.684133 0.732327
0.697783 0.809908
0.711786 0.903934
0.726124 0.699427
0.740777 0.673137
0.755726 0.757266
0.770954 0.676946
0.786445 1.09989
0.802183 0.945497
0.525272 0.566451
0.525689 0.749295
0.526939 0.539811
0.529016 0.634455
0.53191 0.416299
0.535609 0.488442
0.540094 0.645365
0.545348 0.638643
0.551347 0.519673
0.558069 0.467242
0.565487 0.590259
0.573574 0.535848
0.582302 0.647562
0.591643 0.687126
0.601569 0.534558
0.612051 0.928971
0.623061 0.592384
0.634571 0.726406
0.646554 0.561423
0.658986 0.652665
0.671841 0.905519
0.685095 0.683756
0.698725 0.733667
0.71271 1.18778
0.72703 0.877156
0.741664 0.957682
0.756596 0.84686
0.771807 0.810272
0.787281 0.832726
0.803003 0.691046
0.527355 0.667959
0.527771 0.417646
0.529016 0.665996
0.531085 0.667087
0.533968 0.818247
0.537652 0.51765
0.542121 1.05799
0.547355 0.526032
0.553333 0.703322
0.56003 0.656536
0.567423 0.568062
0.575482 0.652651
0.584182 0.513389
0.593494 0.607649
0.603389 0.56913
0.61384 0.496971
0.624818 0.834543
0.636296 0.658659
0.648248 0.930844
0.660648 1.00619
0.673471 0.78341
0.686693 0.758347
0.700293 0.614628
0.714247 1.151
0.728536 1.06421
0.743141 0.951021
0.758044 0.91168
0.773226 0.720861
0.788673 1.10475
0.804368 1.06526
0.530258 0.444944
0.530672 0.735056
0.53191 0.680507
0.533968 0.519015
0.536836 0.426997
0.5405 0.450853
0.544945 0.576112
0.550153 0.79981
0.5561 0.621093
0.562765 0.513845
0.570122 0.661362
0.578144 0.551548
0.586805 0.747244
0.596075 0.624743
0.605928 0.46377
0.616336 0.774634
0.62727 0.697717
0.638705 0.572257
0.650612 0.701696
0.662968 0.911971
0.675747 0.828933
0.688925 1.10395
0.702481 0.931914
0.716393 0.675926
0.730641 0.943489
0.745204 1.25017
0.760066 0.954922
0.775209 1.09483
0.790617 0.701979
0.806274 1.33596
0.533968 0.7179
0.534379 0.762872
0.535609 0.470179
0.537652 0.473026
0.5405 0.476072
0.54414 0.659296
0.548556 0.530632
0.553729 0.501332
0.559639 0.853016
0.566262 0.595408
0.573574 0.618881
0.581548 0.514527
0.590159 0.479277
0.599378 0.726564
0.609177 0.803621
0.61953 0.694813
0.630409 0.613264
0.641788 0.889894
0.653639 0.683629
0.665939 0.782172
0.678662 0.909407
0.691785 0.810558
0.705286 0.767574
0.719143 0.532703
0.733337 0.810608
0.747849 0.926836
0.762659 0.72404
0.777751 0.834107
0.79311 1.07568
0.808719 0.960362
0.538467 0.739005
0.538874 0.679439
0.540094 0.596152
0.542121 0.604719
0.544945 0.547125
0.548556 0.771867
0.552936 0.641129
0.558069 0.668626
0.563933 0.553384
0.570506 0.761717
0.577765 0.600841
0.585682 0.660586
0.594233 0.569056
0.603389 0.529274
0.613125 0.63808
0.623412 0.467525
0.634225 0.384805
0.645536 0.849391
0.65732 0.910471
0.669552 0.59096
0.682207 0.782141
0.695263 1.11652
0.708698 0.812781
0.72249 0.895431
0.73662 0.869456
0.751068 0.924428
0.765816 0.942564
0.780847 1.02493
0.796146 1.04258
0.811696 1.10992
0.543737 0.611447
0.54414 0.613723
0.545348 0.618316
0.547355 0.751105
0.550153 0.888699
0.553729 0.528301
0.558069 0.860631
0.563155 0.690082
0.568967 0.553625
0.575482 0.675603
0.582679 0.65288
0.59053 0.70932
0.599012 0.466438
0.608096 0.845192
0.617758 0.610978
0.627969 0.733108
0.638705 0.899998
0.649938 0.747837
0.661643 0.510486
0.673797 0.577363
0.686374 0.677253
0.699352 0.96927
0.71271 0.486337
0.726426 0.775218
0.74048 0.903455
0.754854 1.06194
0.76953 0.532626
0.78449 0.884885
0.799719 1.00447
0.815201 1.07141
0.549754 0.616538
0.550153 0.657283
0.551347 0.747723
0.553333 0.474487
0.5561 0.711014
0.559639 0.626633
0.563933 0.540342
0.568967 0.781417
0.57472 0.594841
0.581171 0.598885
0.588298 0.702057
0.596075 0.504487
0.604479 0.593838
0.613483 0.648971
0.623061 0.569262
0.633187 0.763559
0.643835 0.737976
0.65498 0.865168
0.666597 0.58427
0.678662 0.78297
0.69115 0.904617
0.704041 0.65302
0.717311 0.911881
0.730941 0.957194
0.74491 0.914954
0.7592 0.819034
0.773793 0.636086
0.788673 0.80789
0.803822 0.91259
0.819227 0.778231
0.556495 0.700945
0.556889 0.409712
0.558069 0.60681
0.56003 0.81515
0.562765 0.601503
0.566262 0.532194
0.570506 0.44196
0.575482 0.483696
0.581171 0.635672
0.587552 0.712358
0.594602 0.500311
0.602298 0.615405
0.610616 0.575606
0.61953 0.849955
0.629016 1.13723
0.639048 0.742713
0.6496 0.794535
0.660648 0.709716
0.672167 0.680843
0.684133 0.656017
0.696524 0.583076
0.709317 0.745434
0.72249 0.696475
0.736024 0.647878
0.749899 0.830135
0.764095 0.905366
0.778597 1.12675
0.793386 0.858096
0.808447 1.39111
0.823766 0.902555
0.563933 0.676035
0.564322 0.574467
0.565487 0.630456
0.567423 0.819023
0.570122 0.51357
0.573574 0.753383
0.577765 0.421001
0.582679 0.520332
0.588298 0.606531
0.594602 0.894649
0.601569 0.592126
0.609177 0.762985
0.617403 0.608664
0.626221 0.592376
0.635607 0.926086
0.645536 0.615381
0.655984 0.991198
0.666926 0.643901
0.678338 0.75621
0.690198 0.814737
0.702481 0.624174
0.715168 1.07813
0.728235 0.812666
0.741664 0.994644
0.755435 1.10711
0.76953 0.794125
0.783931 0.846363
0.798621 0.95276
0.813586 0.687524
0.828809 0.986285
0.572042 0.563204
0.572425 0.533039
0.573574 0.59
0.575482 0.790585
0.578144 0.610095
0.581548 0.635107
0.585682 0.569118
0.59053 0.657872
0.596075 0.76966
0.602298 0.875084
0.609177 0.615619
0.616692 0.916133
0.624818 0.514107
0.633533 0.605342
0.642812 0.689826
0.652632 0.703458
0.662968 0.829822
0.673797 0.776034
0.685095 0.714964
0.696839 0.878951
0.709008 0.746761
0.721579 0.798096
0.734533 0.946561
0.747849 0.79696
0.761508 1.06293
0.775492 1.026
0.789784 1.06928
0.804368 1.02805
0.819227 0.599131
0.834348 1.31378
0.580794 0.673479
0.581171 0.570684
0.582302 0.435707
0.584182 0.709738
0.586805 0.541734
0.590159 0.442439
0.594233 0.593998
0.599012 0.745327
0.604479 0.5482
0.610616 0.686062
0.617403 0.699946
0.624818 0.845845
0.63284 0.471147
0.641446 1.03782
0.650612 0.623172
0.660316 0.361056
0.670534 0.693532
0.681242 0.920827
0.692419 0.81697
0.704041 0.693294
0.716087 0.848743
0.728536 0.889791
0.741369 1.08185
0.754564 0.838495
0.768104 0.693037
0.78197 0.781346
0.796146 1.31715
0.810615 1.24745
0.825362 1.29623
0.840372 0.989901
0.590159 0.903423
0.59053 0.691644
0.591643 0.83924
0.593494 0.703357
0.596075 0.746439
0.599378 0.390024
0.603389 0.67838
0.608096 0.556157
0.613483 0.790251
0.61953 0.651704
0.626221 0.470684
0.633533 0.659302
0.641446 0.677601
0.649938 0.783734
0.658986 0.524154
0.668568 0.680415
0.678662 0.660889
0.689244 0.82031
0.700293 0.844379
0.711786 0.855299
0.723704 0.776601
0.736024 0.60791
0.748728 0.726528
0.761796 1.10143
0.775209 0.874748
0.788951 1.108
0.803003 0.870841
0.817351 0.844265
0.831979 1.08457
0.846871 1.05159
0.600109 0.453559
0.600474 0.650309
0.601569 0.668749
0.603389 0.756079
0.605928 0.584124
0.609177 0.99912
0.613125 0.748621
0.617758 0.773272
0.623061 0.593206
0.629016 0.583382
0.635607 0.772012
0.642812 0.657467
0.650612 0.847653
0.658986 1.01133
0.667912 0.830259
0.677368 0.680769
0.687332 0.641488
0.697783 0.753972
0.708698 0.479808
0.720058 0.792152
0.731841 0.899945
0.744026 0.871352
0.756596 0.810449
0.76953 0.719375
0.782811 1.0863
0.796421 1.12282
0.810344 0.88454
0.824564 0.947789
0.839066 0.933198
0.853835 0.83882
0.610616 0.672713
0.610975 0.767285
0.612051 0.658427
0.61384 0.716701
0.616336 0.85855
0.61953 0.449772
0.623412 0.569665
0.627969 0.794395
0.633187 0.83944
0.639048 0.912023
0.645536 1.02029
0.652632 0.589911
0.660316 0.48403
0.668568 0.554087
0.677368 0.731945
0.686693 0.663271
0.696524 0.882202
0.706839 0.761884
0.717617 0.644043
0.728837 0.784099
0.74048 1.06562
0.752526 0.932452
0.764956 0.822654
0.777751 0.774933
0.790894 0.871538
0.804368 0.970018
0.818156 1.09992
0.832242 1.03442
0.846612 0.892977
0.861252 1.19062
0.621651 0.791797
0.622004 0.79965
0.623061 0.643779
0.624818 0.570819
0.62727 0.773299
0.630409 0.936318
0.634225 0.588659
0.638705 0.641065
0.643835 0.748002
0.6496 0.624138
0.655984 0.5603
0.662968 0.753194
0.670534 0.796827
0.678662 0.736499
0.687332 0.905285
0.696524 0.753819
0.706218 0.693229
0.716393 0.536608
0.72703 0.786306
0.738107 0.763265
0.749606 0.708293
0.761508 0.780263
0.773793 0.997631
0.786445 0.65011
0.799445 0.844867
0.812776 1.09447
0.826424 1.29519
0.840372 1.01383
0.854606 0.920442
0.869111 0.785261
0.633187 0.762876
0.633533 0.886523
0.634571 0.637278
0.636296 0.714067
0.638705 0.704241
0.641788 0.748012
0.645536 0.616141
0.649938 0.812781
0.65498 0.531053
0.660648 0.568665
0.666926 0.60984
0.673797 0.832949
0.681242 0.904487
0.689244 0.511521
0.697783 0.520446
0.706839 0.75412
0.716393 0.794407
0.726426 0.929885
0.736918 0.915496
0.747849 1.19046
0.7592 0.626851
0.770954 0.726426
0.783091 0.839933
0.795595 0.984667
0.808447 1.13722
0.821633 0.769285
0.835136 0.906243
0.848941 1.10934
0.863033 1.29457
0.877399 0.958695
0.645196 0.637856
0.645536 0.690999
0.646554 0.871778
0.648248 0.532146
0.650612 0.67527
0.653639 0.761331
0.65732 0.491802
0.661643 0.457373
0.666597 0.73032
0.672167 1.05017
0.678338 0.844543
0.685095 0.701103
0.692419 0.6547
0.700293 0.677043
0.708698 0.573828
0.717617 0.959228
0.72703 0.733892
0.736918 1.03026
0.747262 0.818009
0.758044 0.97172
0.769245 0.588563
0.780847 0.598735
0.792833 1.15228
0.805185 1.04499
0.817887 0.674257
0.830923 1.01809
0.844278 0.963784
0.857935 1.16465
0.871882 1.02694
0.886105 0.923336
0.657653 0.796762
0.657987 0.750469
0.658986 0.540578
0.660648 0.765743
0.662968 0.742927
0.665939 0.651144
0.669552 0.587258
0.673797 0.617414
0.678662 1.03494
0.684133 0.795381
0.690198 1.03462
0.696839 0.81389
0.704041 0.687587
0.711786 0.906843
0.720058 0.944854
0.728837 1.04332
0.738107 0.664457
0.747849 1.05159
0.758044 0.616529
0.768674 0.688745
0.779723 0.942005
0.791171 1.10195
0.803003 0.706181
0.815201 0.882929
0.82775 0.812169
0.840633 0.953505
0.853835 0.953016
0.867343 0.963486
0.881141 1.11399
0.895216 1.18008
0.670534 0.944063
0.670861 0.81013
0.671841 0.813778
0.673471 0.929626
0.675747 0.913694
0.678662 0.878835
0.682207 0.652103
0.686374 0.614206
0.69115 0.598828
0.696524 1.18798
0.702481 0.719013
0.709008 0.805316
0.716087 0.934861
0.723704 0.866684
0.731841 0.685673
0.74048 0.772447
0.749606 0.640271
0.7592 0.80319
0.769245 1.00691
0.779723 0.798759
0.790617 1.01692
0.80191 1.03544
0.813586 0.990382
0.825627 0.970127
0.83802 0.985419
0.850747 0.977385
0.863795 0.988863
0.877149 1.12133
0.890795 1.26492
0.904721 0.746878
0.683813 0.615867
0.684133 0.813374
0.685095 0.66179
0.686693 0.683566
0.688925 0.578384
0.691785 0.884492
0.695263 1.09214
0.699352 0.595957
0.704041 0.951081
0.709317 0.541286
0.715168 0.911256
0.721579 0.772725
0.728536 0.989626
0.736024 1.00472
0.744026 0.635135
0.752526 1.02517
0.761508 0.967157
0.770954 1.10899
0.780847 1.14313
0.791171 1.09541
0.80191 1.04652
0.813046 0.664347
0.824564 1.07524
0.836448 0.76383
0.848682 1.02852
0.861252 0.971362
0.874143 1.75849
0.887342 1.32238
0.900833 1.2444
0.914606 0.717269
0.697468 0.943254
0.697783 0.697663
0.698725 0.681454
0.700293 0.65489
0.702481 0.467937
0.705286 0.990383
0.708698 0.890569
0.71271 0.809409
0.717311 1.15054
0.72249 0.822457
0.728235 0.614744
0.734533 1.09784
0.741369 0.865009
0.748728 0.663677
0.756596 0.79077
0.764956 0.912035
0.773793 0.8241
0.783091 1.0401
0.792833 0.960118
0.803003 1.06464
0.813586 0.862033
0.824564 0.887279
0.835923 0.875547
0.847648 1.18514
0.859723 0.97615
0.872134 1.16957
0.884866 0.876388
0.897907 0.983728
0.911242 1.18788
0.92486 1.32629
0.711478 1.10514
0.711786 0.623284
0.71271 0.71474
0.714247 0.786018
0.716393 0.814307
0.719143 0.639759
0.72249 0.86386
0.726426 0.883405
0.730941 0.948434
0.736024 0.936083
0.741664 0.775052
0.747849 0.736908
0.754564 0.94276
0.761796 0.876531
0.76953 0.920558
0.777751 0.633599
0.786445 0.863708
0.795595 0.984191
0.805185 1.08916
0.815201 0.93747
0.825627 1.39499
0.836448 0.843086
0.847648 0.66833
0.859213 1.13985
0.871127 0.900558
0.883378 0.810323
0.895951 1.40804
0.908832 1.38953
0.92201 1.20128
0.93547 0.835851
0.725822 0.925467
0.726124 0.845227
0.72703 0.898147
0.728536 0.577342
0.730641 1.18598
0.733337 0.926417
0.73662 0.713564
0.74048 0.802573
0.74491 0.917471
0.749899 0.902212
0.755435 0.939017
0.761508 0.844478
0.768104 1.10018
0.775209 1.14053
0.782811 0.994338
0.790894 0.832589
0.799445 0.948523
0.808447 0.874736
0.817887 0.966996
0.82775 1.35872
0.83802 0.868463
0.848682 1.27013
0.859723 1.07344
0.871127 0.960527
0.882881 1.10503
0.894971 0.940173
0.907383 1.00749
0.920105 1.37174
0.933123 1.21113
0.946426 1.51325
0.74048 0.747721
0.740777 0.79414
0.741664 1.16345
0.743141 0.913146
0.745204 0.944956
0.747849 0.717573
0.751068 0.978583
0.754854 0.649243
0.7592 0.764687
0.764095 0.749854
0.76953 0.918407
0.775492 1.15582
0.78197 1.15386
0.788951 0.748348
0.796421 0.660211
0.804368 0.990471
0.812776 0.726622
0.821633 0.98902
0.830923 0.877434
0.840633 0.930421
0.850747 0.862135
0.861252 1.35271
0.872134 0.967422
0.883378 1.03953
0.894971 0.965216
0.9069 1.12054
0.919151 1.08753
0.931712 1.3978
0.94457 1.26435
0.957714 1.13925
0.755435 0.795192
0.755726 0.765568
0.756596 1.15472
0.758044 1.30548
0.760066 1.42892
0.762659 1.03395
0.765816 0.759964
0.76953 1.10503
0.773793 0.782866
0.778597 0.882673
0.783931 0.617853
0.789784 0.673365
0.796146 0.893595
0.803003 0.809937
0.810344 0.957789
0.818156 0.858649
0.826424 1.3658
0.835136 1.12909
0.844278 0.952147
0.853835 0.962253
0.863795 1.10974
0.874143 0.991639
0.884866 0.952139
0.895951 1.38499
0.907383 1.22417
0.919151 1.04734
0.931241 1.10755
0.943641 0.965551
0.956339 1.11884
0.969323 0.755049
0.770669 1.01192
0.770954 1.19441
0.771807 0.815871
0.773226 0.889939
0.775209 0.743999
0.777751 0.92959
0.780847 0.577444
0.78449 1.22813
0.788673 1.17886
0.793386 1.09636
0.798621 0.895778
0.804368 0.771463
0.810615 0.935044
0.817351 0.780184
0.824564 1.04274
0.832242 0.821016
0.840372 0.954824
0.848941 1.47465
0.857935 1.4555
0.867343 0.834114
0.877149 0.809444
0.887342 1.04472
0.897907 0.826495
0.908832 1.21041
0.920105 1.18229
0.931712 1.37975
0.943641 1.02853
0.95588 1.21273
0.968417 1.4344
0.981241 1.53458
0.786166 1.13711
0.786445 1.09076
0.787281 0.79557
0.788673 1.06987
0.790617 0.796149
0.79311 1.09127
0.796146 0.955347
0.799719 0.72671
0.803822 1.00863
0.808447 0.861079
0.813586 0.734621
0.819227 0.652006
0.825362 1.11435
0.831979 0.806196
0.839066 0.79331
0.846612 1.07531
0.854606 0.835535
0.863033 1.36367
0.871882 1.15034
0.881141 1.05919
0.890795 1.28701
0.900833 1.04461
0.911242 0.878412
0.92201 1.14345
0.933123 1.17938
0.94457 1.05334
0.956339 1.18131
0.968417 1.04412
0.980794 1.24028
0.993459 1.38252
0.80191 1.42393
0.802183 0.963613
0.803003 0.838553
0.804368 0.835999
0.806274 1.10027
0.808719 0.873457
0.811696 1.10139
0.815201 0.999375
0.819227 0.792317
0.823766 1.00043
0.828809 1.09124
0.834348 0.992294
0.840372 0.850324
0.846871 1.10024
0.853835 1.26388
0.861252 0.84939
0.869111 1.21615
0.877399 1.18968
0.886105 1.0894
0.895216 1.19696
0.904721 1.28708
0.914606 1.09687
0.92486 1.0262
0.93547 0.924574
0.946426 1.02879
0.957714 1.53122
0.969323 1.42285
0.981241 0.951285
0.993459 1.21613
1.00596 1.16613
0.544543 0.693839
0.544945 0.483406
0.546151 0.522104
0.548156 1.1369
0.550949 0.639012
0.554521 0.49506
0.558854 0.718984
0.563933 0.578387
0.569737 0.637902
0.576244 0.608433
0.583431 0.720466
0.591273 0.609137
0.599743 0.788283
0.608817 0.765569
0.618467 0.566877
0.628667 0.425372
0.639391 0.965747
0.650612 0.625869
0.662306 1.09323
0.674447 0.881071
0.687013 0.663735
0.699979 0.867786
0.713325 0.760332
0.72703 0.92791
0.741073 0.942836
0.755435 0.619294
0.7701 0.990029
0.785049 1.05055
0.800267 1.31482
0.815739 1.19888
0.544945 0.576004
0.545348 0.604035
0.546553 0.468319
0.548556 0.662563
0.551347 0.590527
0.554916 0.64814
0.559247 0.408554
0.564322 0.812814
0.570122 0.554657
0.576625 0.949461
0.583807 0.629965
0.591643 0.69866
0.600109 0.558887
0.609177 0.550094
0.618822 0.479386
0.629016 0.566031
0.639734 0.721836
0.650949 0.681665
0.662637 0.876258
0.674772 0.822371
0.687332 0.738544
0.700293 0.62585
0.713633 0.619518
0.727331 0.757059
0.741369 0.566702
0.755726 0.864532
0.770384 0.721359
0.785328 0.709706
0.800541 0.947563
0.816008 1.03743
0.546151 0.577632
0.546553 0.54132
0.547755 0.648991
0.549754 0.650847
0.552539 0.908868
0.5561 0.702437
0.560422 0.48413
0.565487 0.536129
0.571275 0.59152
0.577765 0.635217
0.584933 0.95432
0.592755 0.701767
0.601204 0.916664
0.610257 0.489166
0.619884 0.741467
0.630061 0.788067
0.640762 1.01036
0.651959 0.785859
0.663629 0.78388
0.675747 0.711613
0.688288 0.837315
0.701232 0.852564
0.714554 0.871639
0.728235 0.760824
0.742256 0.929135
0.756596 0.903558
0.771238 1.34034
0.786166 0.787076
0.801363 1.14007
0.816814 1.00087
0.548156 0.61239
0.548556 0.67958
0.549754 0.603176
0.551745 0.748215
0.554521 0.465618
0.558069 0.616003
0.562375 0.652415
0.567423 0.787622
0.573191 0.673694
0.57966 0.730567
0.586805 0.502579
0.594602 0.666571
0.603026 0.527664
0.612051 1.01001
0.621651 0.544145
0.6318 0.831926
0.642471 0.952668
0.653639 0.816709
0.66528 0.689967
0.677368 0.758405
0.68988 0.911499
0.702794 0.82049
0.716087 0.82552
0.72974 0.637453
0.743731 0.825754
0.758044 0.918667
0.772659 0.783018
0.787559 0.891124
0.80273 1.30901
0.818156 1.04316
0.550949 0.445597
0.551347 0.57849
0.552539 0.532025
0.554521 0.477725
0.557282 0.462679
0.560813 0.755491
0.565099 0.724115
0.570122 0.7574
0.575863 0.476433
0.582302 0.530598
0.589415 0.729418
0.597178 0.808487
0.605566 0.530738
0.614554 0.560639
0.624116 0.446733
0.634225 0.605111
0.644856 0.577358
0.655984 0.741873
0.667583 0.792568
0.67963 0.798605
0.692102 0.72686
0.704975 0.555477
0.718228 0.95596
0.731841 0.767782
0.745793 0.902202
0.760066 0.82372
0.774643 0.703199
0.789506 1.05634
0.80464 1.06691
0.82003 0.817237
0.554521 0.679154
0.554916 0.562421
0.5561 0.550606
0.558069 0.490075
0.560813 0.52882
0.564322 0.616904
0.568581 0.557015
0.573574 0.608337
0.579281 0.63308
0.585682 0.52923
0.592755 0.588963
0.600474 0.660554
0.608817 0.694097
0.617758 0.733088
0.62727 0.67749
0.63733 0.63937
0.64791 0.735032
0.658986 0.745077
0.670534 0.724708
0.682529 0.981269
0.694948 0.788937
0.707769 0.73243
0.720971 0.806823
0.734533 0.747852
0.748435 0.706775
0.762659 0.887268
0.777187 0.888168
0.792003 1.16063
0.80709 1.01461
0.822434 1.06784
0.558854 0.58259
0.559247 0.767033
0.560422 0.711122
0.562375 0.527548
0.565099 0.734434
0.568581 0.600854
0.572808 0.82312
0.577765 0.638528
0.583431 0.676465
0.589787 0.672894
0.596811 0.510861
0.604479 0.830333
0.612767 0.920621
0.621651 0.85063
0.631105 0.560213
0.641104 0.715558
0.651623 0.841123
0.662637 0.976351
0.674122 0.667385
0.686054 1.02894
0.698411 0.820085
0.71117 0.579971
0.72431 0.736678
0.73781 0.816409
0.751652 0.722518
0.765816 0.82532
0.780285 1.02162
0.795043 1.04006
0.810073 1.20636
0.825362 1.14964
0.563933 0.629123
0.564322 0.516859
0.565487 0.653967
0.567423 0.585298
0.570122 0.451987
0.573574 0.529275
0.577765 0.530331
0.582679 0.760944
0.588298 0.647622
0.594602 0.547972
0.601569 0.611044
0.609177 0.64907
0.617403 0.529559
0.626221 0.910535
0.635607 0.528696
0.645536 0.791838
0.655984 0.590255
0.666926 0.830333
0.678338 0.616474
0.690198 0.92539
0.702481 0.677464
0.715168 0.716899
0.728235 0.881209
0.741664 0.563193
0.755435 1.08223
0.76953 0.960407
0.783931 0.668668
0.798621 0.903186
0.813586 0.957366
0.828809 0.819844
0.569737 0.778814
0.570122 0.755293
0.571275 0.599321
0.573191 0.697975
0.575863 0.701345
0.579281 0.77375
0.583431 0.566635
0.588298 0.645639
0.593864 0.583227
0.600109 0.47005
0.607013 0.617648
0.614554 0.60942
0.622708 0.724808
0.631452 0.873471
0.640762 0.683747
0.650612 1.15634
0.66098 0.996799
0.671841 0.521073
0.683171 1.01581
0.694948 0.955215
0.707149 0.727585
0.719753 0.93997
0.732739 0.755491
0.746087 0.980561
0.759778 0.881089
0.773793 0.973068
0.788116 0.829603
0.80273 1.05056
0.817619 0.959114
0.832769 0.958862
0.576244 0.592084
0.576625 0.648386
0.577765 0.641693
0.57966 0.557829
0.582302 0.658225
0.585682 0.717013
0.589787 0.697783
0.594602 0.791416
0.600109 0.658451
0.60629 0.666738
0.613125 0.79285
0.620592 0.562053
0.628667 0.654186
0.63733 0.621302
0.646554 0.660177
0.656318 0.635652
0.666597 0.694887
0.677368 0.603443
0.688607 0.686683
0.700293 1.15176
0.712402 0.543055
0.724915 0.707706
0.73781 1.02171
0.751068 1.05853
0.764669 0.736763
0.778597 0.945656
0.792833 0.853844
0.807361 0.873586
0.822167 1.01403
0.837234 0.788268
0.583431 0.534617
0.583807 0.400572
0.584933 0.686168
0.586805 0.536154
0.589415 0.684538
0.592755 0.74588
0.596811 0.635835
0.601569 0.675335
0.607013 0.72579
0.613125 0.611242
0.619884 0.548761
0.62727 0.719227
0.635261 0.483049
0.643835 0.71068
0.652968 0.816082
0.662637 0.840508
0.672819 0.470769
0.683492 0.696893
0.694632 1.00117
0.706218 0.811641
0.718228 0.735512
0.730641 0.726248
0.743437 0.835623
0.756596 1.09567
0.7701 0.695837
0.783931 1.28373
0.798072 1.18614
0.812507 1.15279
0.82722 0.935955
0.842197 1.05282
0.591273 0.682541
0.591643 0.506287
0.592755 0.409909
0.594602 0.472171
0.597178 0.332842
0.600474 0.579493
0.604479 0.738112
0.609177 0.813173
0.614554 0.731163
0.620592 0.659758
0.62727 0.61172
0.634571 0.720835
0.642471 0.74994
0.650949 0.532585
0.659984 0.447039
0.669552 0.600417
0.67963 0.828737
0.690198 0.771043
0.701232 1.05834
0.71271 0.923547
0.724612 0.774207
0.736918 0.815695
0.749606 0.962997
0.762659 1.03955
0.776057 0.941844
0.789784 1.04668
0.803822 1.07791
0.818156 1.44488
0.832769 0.593685
0.847648 1.17228
0.599743 0.670722
0.600109 0.616524
0.601204 0.72848
0.603026 0.548032
0.605566 0.515536
0.608817 0.551054
0.612767 0.608069
0.617403 0.670436
0.622708 0.574641
0.628667 0.635876
0.635261 0.628407
0.642471 0.275018
0.650275 0.841162
0.658653 0.794431
0.667583 0.639135
0.677044 0.808723
0.687013 0.931367
0.697468 0.627195
0.708389 0.917339
0.719753 1.00909
0.731541 0.671427
0.743731 0.677737
0.756306 0.963531
0.769245 0.749347
0.782531 1.35725
0.796146 0.894651
0.810073 1.34931
0.824298 1.27989
0.838805 0.901131
0.853578 1.01628
0.608817 0.619315
0.609177 0.560233
0.610257 0.510371
0.612051 0.631804
0.614554 0.89438
0.617758 0.48759
0.621651 0.44321
0.626221 0.627945
0.631452 0.706804
0.63733 0.820624
0.643835 0.678576
0.650949 0.96912
0.658653 0.628086
0.666926 0.448568
0.675747 0.957449
0.685095 0.77378
0.694948 0.67723
0.705286 0.927791
0.716087 0.75633
0.727331 0.823679
0.738998 0.686671
0.751068 0.760947
0.763521 0.995036
0.77634 0.710721
0.789506 1.13521
0.803003 0.828515
0.816814 0.963949
0.830923 1.20012
0.845316 1.02729
0.859978 1.44251
0.618467 0.44102
0.618822 0.668463
0.619884 0.532984
0.621651 0.558712
0.624116 0.699529
0.62727 0.792234
0.631105 0.714623
0.635607 0.848779
0.640762 0.528906
0.646554 0.60218
0.652968 0.936688
0.659984 1.011
0.667583 0.589086
0.675747 0.73501
0.684454 0.525417
0.693684 0.589031
0.703417 0.98235
0.713633 0.755081
0.72431 0.857321
0.735428 0.91656
0.746968 0.632323
0.758911 0.962029
0.771238 1.00026
0.783931 1.15554
0.796972 1.20753
0.810344 0.953519
0.824032 1.19315
0.83802 0.924867
0.852293 1.05348
0.866837 1.32522
0.628667 0.539032
0.629016 0.597709
0.630061 0.715513
0.6318 0.952087
0.634225 0.431246
0.63733 0.62056
0.641104 0.540518
0.645536 0.625995
0.650612 0.774863
0.656318 0.576108
0.662637 0.845148
0.669552 0.921391
0.677044 0.787271
0.685095 0.71575
0.693684 0.707742
0.702794 0.597791
0.712402 1.12205
0.72249 0.819215
0.733038 0.727091
0.744026 1.16278
0.755435 0.579752
0.767246 0.792831
0.779441 0.919196
0.792003 1.01271
0.804913 1.07985
0.818156 0.854731
0.831715 1.22689
0.845576 1.17863
0.859723 1.13614
0.874143 1.06801
0.639391 0.848818
0.639734 0.659012
0.640762 0.813513
0.642471 0.806828
0.644856 0.811479
0.64791 0.898915
0.651623 0.75682
0.655984 0.532494
0.66098 0.613524
0.666597 0.670995
0.672819 0.403399
0.67963 0.60682
0.687013 0.892939
0.694948 0.571671
0.703417 0.622321
0.712402 0.72724
0.721883 0.520132
0.731841 1.02391
0.742256 0.7244
0.753109 0.975455
0.764382 0.879464
0.776057 0.594359
0.788116 0.882109
0.800541 1.29253
0.813316 0.616112
0.826424 1.35468
0.83985 1.13146
0.853578 1.16736
0.867595 1.10548
0.881887 1.11725
0.650612 0.642399
0.650949 0.66542
0.651959 0.861581
0.653639 0.699792
0.655984 0.551343
0.658986 0.52027
0.662637 0.69484
0.666926 0.588672
0.671841 0.835957
0.677368 0.661658
0.683492 0.944996
0.690198 0.69106
0.697468 0.530152
0.705286 0.735442
0.713633 0.728504
0.72249 0.762781
0.731841 0.892003
0.741664 1.16897
0.751943 0.834004
0.762659 0.818369
0.773793 0.93536
0.785328 0.768745
0.797247 0.93608
0.809532 0.929783
0.822167 1.32883
0.835136 1.33754
0.848424 1.03129
0.862016 0.780968
0.875898 0.83196
0.890056 1.25915
0.662306 0.947963
0.662637 0.626156
0.663629 0.457847
0.66528 0.622298
0.667583 0.795735
0.670534 0.62336
0.674122 0.928618
0.678338 0.707521
0.683171 0.764771
0.688607 0.878385
0.694632 0.683143
0.701232 0.576108
0.708389 0.854338
0.716087 0.90545
0.72431 0.971781
0.733038 0.796291
0.742256 0.605972
0.751943 0.950863
0.762084 1.02871
0.772659 0.658866
0.783651 0.821152
0.795043 0.77859
0.806818 0.734392
0.818959 1.04425
0.831451 0.927737
0.844278 0.900091
0.857424 1.34457
0.870876 0.723471
0.884619 1.29218
0.89864 1.3743
0.674447 0.714578
0.674772 0.741363
0.675747 0.659397
0.677368 0.493245
0.67963 0.976652
0.682529 0.783634
0.686054 1.02873
0.690198 0.771354
0.694948 0.70129
0.700293 0.82272
0.706218 0.808831
0.71271 0.788032
0.719753 0.710423
0.727331 0.905097
0.735428 0.668374
0.744026 0.891456
0.753109 0.912556
0.762659 0.844309
0.772659 0.809751
0.783091 1.07082
0.793939 0.775942
0.805185 1.12903
0.816814 0.896307
0.828809 1.07292
0.841155 0.988764
0.853835 1.31022
0.866837 1.28064
0.880144 1.46146
0.893745 1.15192
0.907625 1.19255
0.687013 0.823587
0.687332 0.64846
0.688288 0.846386
0.68988 0.855852
0.692102 0.497567
0.694948 1.12027
0.698411 0.750129
0.702481 0.830378
0.707149 0.731192
0.712402 0.56032
0.718228 0.568102
0.724612 1.09815
0.731541 0.601435
0.738998 0.713509
0.746968 0.750539
0.755435 0.800307
0.764382 0.975557
0.773793 0.761076
0.783651 0.877333
0.793939 0.919996
0.80464 0.983203
0.815739 0.831047
0.82722 1.05657
0.839066 1.11293
0.851263 1.20082
0.863795 1.18359
0.876649 1.52798
0.88981 1.402
0.903265 1.05763
0.917001 1.21012
0.699979 0.641473
0.700293 0.766038
0.701232 0.696507
0.702794 0.704587
0.704975 0.811098
0.707769 1.22399
0.71117 1.13743
0.715168 1.0486
0.719753 0.88893
0.724915 0.709102
0.730641 0.8405
0.736918 1.07865
0.743731 0.817509
0.751068 0.830757
0.758911 0.901905
0.767246 0.80925
0.776057 0.891449
0.785328 0.843494
0.795043 1.14068
0.805185 0.958275
0.815739 1.0803
0.826689 0.66714
0.83802 1.1106
0.849715 1.35204
0.861762 0.890144
0.874143 0.80742
0.886847 1.13804
0.899859 1.19802
0.913166 1.48307
0.926755 1.12237
0.713325 0.753214
0.713633 1.15657
0.714554 0.6481
0.716087 0.748046
0.718228 0.578186
0.720971 0.528899
0.72431 1.0487
0.728235 0.631604
0.732739 0.671409
0.73781 1.21626
0.743437 0.896987
0.749606 0.631063
0.756306 0.652283
0.763521 1.19963
0.771238 0.850253
0.779441 0.972872
0.788116 0.805662
0.797247 0.798225
0.806818 1.17436
0.816814 0.880297
0.82722 1.25704
0.83802 1.11579
0.849199 0.812433
0.860743 1.06004
0.872637 1.3672
0.884866 1.04865
0.897418 1.02793
0.910279 1.13154
0.923436 1.11928
0.936876 0.952692
0.72703 1.03037
0.727331 0.761646
0.728235 0.613847
0.72974 0.740578
0.731841 1.06669
0.734533 1.02812
0.73781 1.06783
0.741664 0.903948
0.746087 0.659562
0.751068 0.971952
0.756596 1.02204
0.762659 0.982415
0.769245 1.11319
0.77634 0.874081
0.783931 1.0427
0.792003 0.797586
0.800541 0.894416
0.809532 0.896425
0.818959 0.800288
0.828809 1.22997
0.839066 0.983778
0.849715 0.731923
0.860743 0.966347
0.872134 0.95033
0.883874 0.793321
0.895951 1.40271
0.90835 0.852194
0.921058 1.47934
0.934063 1.20278
0.947352 1.62604
0.741073 1.02813
0.741369 1.26234
0.742256 0.680265
0.743731 0.883633
0.745793 0.656831
0.748435 0.626111
0.751652 0.93391
0.755435 0.930224
0.759778 0.685164
0.764669 0.802837
0.7701 1.16106
0.776057 0.705175
0.782531 1.10832
0.789506 0.608796
0.796972 1.10807
0.804913 1.15591
0.813316 1.13244
0.822167 0.906393
0.831451 1.23516
0.841155 0.811431
0.851263 1.38812
0.861762 1.28936
0.872637 0.832604
0.883874 0.88222
0.895461 1.48267
0.907383 1.37194
0.919628 0.885725
0.932182 1.03092
0.945034 1.31846
0.958171 1.25552
0.755435 0.845436
0.755726 0.862101
0.756596 0.886056
0.758044 0.88343
0.760066 0.944011
0.762659 0.902741
0.765816 0.777216
0.76953 0.786937
0.773793 0.8333
0.778597 1.22088
0.783931 0.915285
0.789784 1.49489
0.796146 0.707059
0.803003 1.0782
0.810344 0.947378
0.818156 0.949019
0.826424 1.13892
0.835136 1.55726
0.844278 1.15041
0.853835 1.34178
0.863795 1.16276
0.874143 1.13725
0.884866 1.03724
0.895951 1.63642
0.907383 1.03678
0.919151 1.6339
0.931241 0.990865
0.943641 1.48177
0.956339 1.01592
0.969323 1.32527
0.7701 0.992229
0.770384 0.608677
0.771238 1.29457
0.772659 0.724825
0.774643 0.952563
0.777187 1.0832
0.780285 1.16982
0.783931 0.972782
0.788116 0.764329
0.792833 0.914653
0.798072 0.994304
0.803822 0.798529
0.810073 1.18287
0.816814 0.987943
0.824032 0.759732
0.831715 1.18662
0.83985 1.11624
0.848424 1.01252
0.857424 1.1028
0.866837 1.1897
0.876649 0.718713
0.886847 1.34793
0.897418 1.30022
0.90835 1.10679
0.919628 1.54559
0.931241 1.62662
0.943176 1.31802
0.955421 1.10933
0.967964 1.18345
0.980794 1.00297
0.785049 1.1203
0.785328 0.839071
0.786166 0.865627
0.787559 1.04383
0.789506 0.760105
0.792003 0.945662
0.795043 0.898307
0.798621 0.839574
0.80273 0.987527
0.807361 0.762754
0.812507 1.13034
0.818156 0.691083
0.824298 1.22848
0.830923 0.966168
0.83802 1.02477
0.845576 1.02133
0.853578 1.13157
0.862016 1.20517
0.870876 0.856811
0.880144 0.782765
0.88981 1.10577
0.899859 0.923598
0.910279 1.64233
0.921058 1.40164
0.932182 1.3216
0.943641 1.23789
0.955421 1.02248
0.967511 1.66404
0.979899 1.40239
0.992575 0.771353
0.800267 0.880677
0.800541 1.26028
0.801363 0.618595
0.80273 0.787621
0.80464 0.975046
0.80709 1.06855
0.810073 0.870365
0.813586 1.06445
0.817619 0.967305
0.822167 1.25651
0.82722 1.49249
0.832769 0.933098
0.838805 1.07376
0.845316 1.27585
0.852293 0.876046
0.859723 0.794111
0.867595 0.809431
0.875898 0.985861
0.884619 1.07235
0.893745 1.3767
0.903265 0.894053
0.913166 1.03803
0.923436 0.965659
0.934063 1.25197
0.945034 1.00117
0.956339 1.17232
0.967964 1.12583
0.979899 1.06601
0.992133 1.05861
1.00465 1.44355
0.815739 1.37666
0.816008 1.16331
0.816814 1.24329
0.818156 0.778509
0.82003 0.829257
0.822434 1.16717
0.825362 1.25664
0.828809 1.05241
0.832769 1.09498
0.837234 0.863041
0.842197 0.759119
0.847648 0.978227
0.853578 1.06477
0.859978 1.18315
0.866837 0.909801
0.874143 1.26325
0.881887 1.2502
0.890056 0.995975
0.89864 1.17965
0.907625 1.61472
0.917001 1.15726
0.926755 0.912639
0.936876 1.06936
0.947352 1.08077
0.958171 1.11101
0.969323 1.40952
0.980794 1.20437
0.992575 1.58644
1.00465 1.4702
1.01702 1.26407
0.565487 0.484664
0.565874 0.735451
0.567036 0.821937
0.568967 0.593167
0.571659 0.77839
0.575101 0.923705
0.579281 0.596904
0.584182 0.836831
0.589787 0.675074
0.596075 0.615834
0.603026 0.503832
0.610616 0.602406
0.618822 0.88165
0.62762 0.581433
0.636985 0.705427
0.646894 0.569982
0.65732 0.885975
0.66824 0.686596
0.67963 0.717591
0.691468 0.67825
0.703729 0.682121
0.716393 0.768859
0.729439 0.875215
0.742846 0.929426
0.756596 0.875074
0.770669 0.827943
0.785049 0.761034
0.799719 1.0083
0.814663 1.11248
0.829867 0.815336
0.565874 0.509295
0.566262 0.563766
0.567423 0.70852
0.569352 0.456325
0.572042 0.676632
0.575482 0.710461
0.57966 0.928505
0.584558 0.700582
0.590159 0.681303
0.596443 0.466776
0.603389 0.65338
0.610975 0.676387
0.619176 0.547285
0.627969 0.512441
0.63733 0.557804
0.647232 0.578657
0.657653 0.980109
0.668568 0.90384
0.679953 0.850156
0.691785 0.753623
0.704041 0.726149
0.716699 0.653466
0.72974 0.777992
0.743141 1.04206
0.756886 0.734697
0.770954 0.758512
0.785328 1.18319
0.799993 0.858257
0.814932 0.977524
0.830131 1.41015
0.567036 0.666107
0.567423 0.395208
0.568581 0.68854
0.570506 0.83702
0.573191 0.674895
0.576625 0.662443
0.580794 0.543804
0.585682 0.73907
0.591273 0.751233
0.597545 0.688974
0.604479 0.82658
0.612051 0.547517
0.620238 0.784785
0.629016 0.707476
0.638361 0.83963
0.648248 0.693881
0.658653 0.65044
0.669552 0.407056
0.68092 0.657954
0.692735 0.832202
0.704975 0.921151
0.717617 0.946257
0.730641 0.861227
0.744026 1.34591
0.757754 0.999356
0.771807 0.966115
0.786166 0.913368
0.800815 1.097
0.815739 0.931759
0.830923 1.05653
0.568967 0.5475
0.569352 0.80812
0.570506 0.85229
0.572425 0.561112
0.575101 0.509633
0.578523 0.730285
0.582679 0.719367
0.587552 0.646451
0.593124 0.685543
0.599378 0.686926
0.60629 0.604464
0.61384 0.808353
0.622004 0.739211
0.630757 0.651231
0.640077 0.615794
0.649938 0.99542
0.660316 0.923878
0.671187 0.801823
0.682529 0.91365
0.694316 0.89812
0.706529 0.63873
0.719143 0.618645
0.73214 0.924464
0.745499 0.787845
0.7592 0.60533
0.773226 0.819271
0.787559 0.774118
0.802183 0.908167
0.817083 1.20942
0.832242 0.849613
0.571659 0.531695
0.572042 0.561671
0.573191 0.655897
0.575101 0.525867
0.577765 0.779709
0.581171 0.605428
0.585308 0.577776
0.590159 0.809199
0.595707 0.702681
0.601934 0.6334
0.608817 0.704773
0.616336 0.696484
0.624467 0.876651
0.633187 0.80013
0.642471 0.554646
0.652296 0.633131
0.662637 0.753613
0.673471 0.600646
0.684774 0.550355
0.696524 0.854477
0.708698 0.905027
0.721275 0.863313
0.734234 0.666448
0.747555 0.870819
0.76122 0.910446
0.775209 0.769569
0.789506 1.5184
0.804095 1.05611
0.818959 1.05112
0.834085 1.33442
0.575101 0.391259
0.575482 0.426192
0.576625 0.735315
0.578523 0.478829
0.581171 0.611497
0.584558 0.585386
0.58867 0.482673
0.593494 0.71281
0.599012 0.562714
0.605204 0.693672
0.612051 0.629157
0.61953 0.609424
0.62762 0.722945
0.636296 0.496033
0.645536 0.656831
0.655315 0.971448
0.665609 0.826888
0.676396 1.00337
0.687651 0.813678
0.699352 1.01481
0.711478 0.664427
0.724007 0.660709
0.736918 0.936343
0.750191 0.817184
0.763808 1.27306
0.777751 0.972129
0.792003 0.989609
0.806546 0.739324
0.821366 1.07424
0.836448 0.900832
0.579281 0.668857
0.57966 0.476181
0.580794 0.553519
0.582679 0.585783
0.585308 0.84521
0.58867 0.637305
0.592755 0.589731
0.597545 0.772669
0.603026 0.64539
0.609177 0.661434
0.61598 0.809376
0.623412 0.658111
0.631452 0.916011
0.640077 0.699607
0.649262 0.777781
0.658986 0.927805
0.669224 0.707706
0.679953 0.761513
0.69115 0.667847
0.702794 0.777914
0.714861 0.914186
0.727331 0.861157
0.740184 0.937947
0.7534 0.730724
0.766961 1.11612
0.780847 0.934442
0.795043 0.977814
0.809532 0.88885
0.824298 0.962514
0.839327 1.72172
0.584182 0.501847
0.584558 0.889692
0.585682 0.477986
0.587552 0.53414
0.590159 0.741475
0.593494 0.784838
0.597545 0.574424
0.602298 0.77782
0.607736 0.588507
0.61384 0.753068
0.620592 0.561482
0.627969 0.906522
0.635952 0.772007
0.644516 0.81157
0.653639 0.946336
0.663299 0.898802
0.673471 1.01196
0.684133 0.784713
0.695263 0.723258
0.706839 0.844172
0.718838 0.798922
0.731241 0.945035
0.744026 0.930033
0.757175 0.632467
0.770669 0.820722
0.78449 0.657515
0.798621 1.16682
0.813046 1.03717
0.82775 1.0754
0.842718 1.15857
0.589787 0.672135
0.590159 0.762424
0.591273 0.70317
0.593124 0.709588
0.595707 0.601951
0.599012 0.740992
0.603026 0.95381
0.607736 0.541215
0.613125 0.533837
0.619176 0.451731
0.62587 0.649594
0.633187 0.882942
0.641104 0.803849
0.6496 0.601872
0.658653 0.811508
0.66824 0.783851
0.678338 1.03914
0.688925 0.727238
0.699979 0.87512
0.711478 0.852084
0.723401 0.601595
0.735726 1.43776
0.748435 0.618758
0.761508 0.803438
0.774926 0.724477
0.788673 0.952653
0.80273 0.910138
0.817083 0.550426
0.831715 0.923488
0.846612 1.18282
0.596075 0.532602
0.596443 0.575453
0.597545 0.68956
0.599378 0.508298
0.601934 0.358232
0.605204 0.612623
0.609177 0.562253
0.61384 0.776038
0.619176 0.885486
0.625169 0.805811
0.6318 0.76513
0.639048 0.623906
0.646894 0.679856
0.655315 0.813386
0.66429 0.717245
0.673797 0.92028
0.683813 0.837777
0.694316 0.577406
0.705286 0.812259
0.716699 0.789151
0.728536 0.530431
0.740777 0.632785
0.7534 0.729026
0.766388 0.901063
0.779723 0.939511
0.793386 1.12185
0.807361 0.929774
0.821633 1.15051
0.836186 1.33517
0.851005 1.08162
0.603026 0.584655
0.603389 0.985827
0.604479 0.658568
0.60629 0.7162
0.608817 0.613895
0.612051 0.76391
0.61598 0.781634
0.620592 0.700051
0.62587 0.677138
0.6318 0.730247
0.638361 0.943734
0.645536 0.698867
0.653304 0.929822
0.661643 0.581225
0.670534 0.590427
0.679953 0.548177
0.68988 0.790063
0.700293 0.6798
0.71117 1.06524
0.72249 0.758795
0.734234 1.06303
0.746381 0.621899
0.758911 1.11724
0.771807 0.864316
0.785049 0.888069
0.798621 1.11761
0.812507 1.12228
0.826689 0.915237
0.841155 0.941615
0.855888 1.28889
0.610616 0.501428
0.610975 0.691453
0.612051 0.614271
0.61384 0.496857
0.616336 0.650408
0.61953 1.00453
0.623412 0.628051
0.627969 0.764236
0.633187 0.694576
0.639048 0.733873
0.645536 0.860636
0.652632 0.580533
0.660316 0.557777
0.668568 0.630354
0.677368 0.801929
0.686693 0.690814
0.696524 0.933875
0.706839 0.79938
0.717617 0.595649
0.728837 0.727271
0.74048 1.00168
0.752526 0.918525
0.764956 0.924107
0.777751 0.857383
0.790894 0.848681
0.804368 0.91913
0.818156 1.25224
0.832242 1.12338
0.846612 1.00576
0.861252 1.34452
0.618822 0.559328
0.619176 0.80378
0.620238 0.702121
0.622004 0.621714
0.624467 0.959545
0.62762 0.885643
0.631452 0.510763
0.635952 0.548538
0.641104 0.66321
0.646894 0.552407
0.653304 0.786389
0.660316 0.946995
0.667912 0.964261
0.676071 0.526518
0.684774 0.854836
0.694001 0.80386
0.703729 0.724364
0.71394 0.859164
0.724612 0.775475
0.735726 0.87784
0.747262 0.682779
0.7592 0.761977
0.771522 1.01989
0.78421 0.885291
0.797247 1.0208
0.810615 0.983058
0.824298 1.42399
0.838281 1.1004
0.85255 1.4542
0.86709 0.919665
0.62762 0.859115
0.627969 0.895006
0.629016 0.547402
0.630757 0.718761
0.633187 0.692028
0.636296 0.633452
0.640077 0.618387
0.644516 0.759996
0.6496 0.642138
0.655315 0.768019
0.661643 0.759631
0.668568 0.943686
0.676071 0.721367
0.684133 0.766132
0.692735 0.561896
0.701857 0.955785
0.711478 0.780279
0.721579 0.860871
0.73214 0.73754
0.743141 0.899167
0.754564 0.86162
0.766388 1.24283
0.778597 0.904599
0.791171 1.29252
0.804095 0.634694
0.817351 1.07655
0.830923 0.948357
0.844797 1.13669
0.858957 1.00436
0.87339 1.63614
0.636985 0.635057
0.63733 0.854063
0.638361 0.760286
0.640077 0.50965
0.642471 0.853469
0.645536 0.894634
0.649262 0.797796
0.653639 0.976818
0.658653 0.650407
0.66429 0.785068
0.670534 0.478703
0.677368 1.10451
0.684774 0.796224
0.692735 0.812553
0.701232 0.974211
0.710244 0.951766
0.719753 0.837443
0.72974 0.98576
0.740184 0.800652
0.751068 0.878565
0.762371 1.19718
0.774077 0.901544
0.786166 0.879088
0.798621 1.11978
0.811426 1.03254
0.824564 0.968563
0.83802 0.929564
0.851778 1.05689
0.865824 1.37669
0.880144 1.33252
0.646894 0.769453
0.647232 0.656579
0.648248 0.515591
0.649938 0.780331
0.652296 0.738215
0.655315 0.706478
0.658986 0.956559
0.663299 0.558994
0.66824 0.421731
0.673797 0.687118
0.679953 0.593529
0.686693 0.689092
0.694001 0.686728
0.701857 0.659284
0.710244 1.00759
0.719143 1.00276
0.728536 0.848933
0.738404 0.896874
0.748728 0.74477
0.759489 0.92782
0.770669 1.01738
0.78225 1.09256
0.794215 1.08596
0.806546 1.04798
0.819227 1.0769
0.832242 0.820294
0.845576 1.01887
0.859213 1.06324
0.873139 0.839173
0.887342 0.880842
0.65732 0.61799
0.657653 0.465393
0.658653 0.743506
0.660316 1.17514
0.662637 0.846685
0.665609 0.703238
0.669224 0.791324
0.673471 0.544458
0.678338 0.70613
0.683813 0.69033
0.68988 0.774715
0.696524 0.833591
0.703729 0.829885
0.711478 0.893933
0.719753 0.705049
0.728536 0.745797
0.73781 0.985811
0.747555 0.644961
0.757754 0.546673
0.768389 1.09888
0.779441 0.7954
0.790894 0.990783
0.80273 0.945878
0.814932 0.750613
0.827485 0.983149
0.840372 1.24475
0.853578 1.17885
0.86709 0.91693
0.880892 1.00632
0.894971 1.12471
0.66824 0.660707
0.668568 0.607542
0.669552 0.639805
0.671187 0.908368
0.673471 0.85111
0.676396 0.792778
0.679953 0.571549
0.684133 0.816802
0.688925 0.728719
0.694316 0.573578
0.700293 0.628686
0.706839 0.842825
0.71394 0.613875
0.721579 0.618426
0.72974 0.751532
0.738404 0.809652
0.747555 0.86252
0.757175 0.694415
0.767246 1.02162
0.777751 0.779526
0.788673 1.00998
0.799993 1.15326
0.811696 0.900793
0.823766 1.24258
0.836186 0.893983
0.848941 0.839909
0.862016 1.29426
0.875397 1.27556
0.88907 1.45976
0.903022 1.03938
0.67963 0.917243
0.679953 0.673471
0.68092 0.711175
0.682529 0.909958
0.684774 0.658717
0.687651 1.0276
0.69115 0.593607
0.695263 0.770873
0.699979 1.04776
0.705286 0.826653
0.71117 0.7612
0.717617 0.733571
0.724612 0.648747
0.73214 0.912239
0.740184 1.17449
0.748728 0.56747
0.757754 0.851347
0.767246 0.824277
0.777187 1.04928
0.787559 0.888061
0.798346 1.04391
0.809532 1.03321
0.821099 1.04462
0.833032 1.52055
0.845316 1.25225
0.857935 1.20684
0.870876 1.09846
0.884123 0.994596
0.897663 1.22459
0.911483 1.03705
0.691468 0.731104
0.691785 0.700982
0.692735 0.970428
0.694316 0.694277
0.696524 0.900332
0.699352 0.829456
0.702794 0.916057
0.706839 0.827585
0.711478 0.765099
0.716699 0.774913
0.72249 0.765657
0.728837 0.670963
0.735726 0.880115
0.743141 0.926052
0.751068 0.942931
0.759489 1.02558
0.768389 1.03753
0.777751 0.715444
0.787559 1.08576
0.797797 1.06516
0.808447 1.12721
0.819495 0.928562
0.830923 1.36865
0.842718 0.841368
0.854862 0.802205
0.867343 0.924786
0.880144 1.14399
0.893254 0.856157
0.906658 1.0983
0.920343 1.58617
0.703729 0.677148
0.704041 1.06537
0.704975 0.990077
0.706529 0.572427
0.708698 0.864826
0.711478 0.971912
0.714861 0.82485
0.718838 0.753652
0.723401 0.736629
0.728536 0.729836
0.734234 0.677251
0.74048 1.08528
0.747262 0.701028
0.754564 0.778293
0.762371 0.973838
0.770669 1.30793
0.779441 1.04035
0.788673 0.972883
0.798346 1.22016
0.808447 1.28144
0.818959 0.864924
0.829867 1.32006
0.841155 0.987253
0.852807 0.753143
0.86481 0.946776
0.877149 0.972359
0.88981 1.01456
0.902779 1.44312
0.916044 0.795103
0.929591 1.18906
0.716393 0.907169
0.716699 1.1335
0.717617 0.855279
0.719143 1.07742
0.721275 0.672518
0.724007 0.588297
0.727331 0.860541
0.731241 0.703693
0.735726 0.815269
0.740777 1.13282
0.746381 1.11604
0.752526 0.745574
0.7592 0.751565
0.766388 1.16497
0.774077 1.04998
0.78225 1.03476
0.790894 0.880007
0.799993 0.984161
0.809532 0.558567
0.819495 0.984247
0.829867 1.18031
0.840633 1.41377
0.851778 0.799683
0.863287 0.736237
0.875146 0.945396
0.887342 0.952403
0.899859 1.46855
0.912685 1.35347
0.925808 1.46497
0.939214 1.23866
0.729439 0.567291
0.72974 0.740354
0.730641 0.909852
0.73214 0.899698
0.734234 0.965206
0.736918 1.11679
0.740184 0.569666
0.744026 1.05373
0.748435 0.850107
0.7534 0.690423
0.758911 0.682821
0.764956 0.799799
0.771522 0.660922
0.778597 1.00411
0.786166 1.06884
0.794215 1.14536
0.80273 1.40573
0.811696 0.877126
0.821099 0.878483
0.830923 1.15218
0.841155 0.974382
0.851778 0.916628
0.862779 1.13852
0.874143 1.15831
0.885857 0.966715
0.897907 1.44778
0.910279 0.936432
0.922961 0.841731
0.935939 1.24681
0.949202 1.10685
0.742846 0.909276
0.743141 0.965516
0.744026 1.03969
0.745499 0.677216
0.747555 0.701524
0.750191 1.03259
0.7534 0.761258
0.757175 0.811697
0.761508 0.678751
0.766388 0.974792
0.771807 1.13749
0.777751 1.0993
0.78421 0.819394
0.791171 0.9967
0.798621 0.935252
0.806546 1.00982
0.814932 1.16269
0.823766 0.667463
0.833032 0.7104
0.842718 1.23409
0.852807 1.03518
0.863287 1.05671
0.874143 1.17323
0.885362 1.50855
0.896929 1.07173
0.908832 0.986269
0.921058 1.02289
0.933593 1.59178
0.946426 0.98378
0.959544 1.33688
0.756596 0.782348
0.756886 1.02157
0.757754 1.1099
0.7592 0.847672
0.76122 0.701378
0.763808 0.99816
0.766961 0.786221
0.770669 1.17408
0.774926 0.826588
0.779723 0.766972
0.785049 0.952191
0.790894 0.924581
0.797247 0.898154
0.804095 1.14513
0.811426 0.878995
0.819227 0.745301
0.827485 0.976301
0.836186 0.703811
0.845316 1.0558
0.854862 1.02159
0.86481 1.18482
0.875146 1.09051
0.885857 0.828898
0.896929 1.1324
0.90835 0.9367
0.920105 1.46239
0.932182 1.41471
0.94457 1.06812
0.957255 1.07491
0.970227 1.17811
0.770669 0.812182
0.770954 0.981703
0.771807 1.25152
0.773226 1.08726
0.775209 1.268
0.777751 0.981638
0.780847 0.707274
0.78449 0.925662
0.788673 1.02977
0.793386 1.33515
0.798621 1.12834
0.804368 1.21963
0.810615 1.06004
0.817351 0.91905
0.824564 0.888399
0.832242 1.04038
0.840372 0.953815
0.848941 0.774442
0.857935 0.793976
0.867343 1.36681
0.877149 0.747889
0.887342 0.756114
0.897907 1.07557
0.908832 1.22165
0.920105 1.34955
0.931712 1.11181
0.943641 1.01812
0.95588 1.21865
0.968417 0.613407
0.981241 1.39042
0.785049 0.870953
0.785328 0.911967
0.786166 0.897929
0.787559 1.15759
0.789506 0.734261
0.792003 0.887614
0.795043 1.24996
0.798621 1.09803
0.80273 1.16481
0.807361 1.0104
0.812507 0.795129
0.818156 0.840697
0.824298 0.809711
0.830923 1.43966
0.83802 1.10077
0.845576 1.065
0.853578 1.07073
0.862016 1.21219
0.870876 1.42247
0.880144 1.39497
0.88981 0.993582
0.899859 1.22398
0.910279 1.17612
0.921058 0.997659
0.932182 1.293
0.943641 1.2308
0.955421 0.922881
0.967511 1.13952
0.979899 0.999776
0.992575 1.76899
0.799719 0.8953
0.799993 0.848035
0.800815 1.161
0.802183 1.00241
0.804095 0.999931
0.806546 1.21757
0.809532 1.01579
0.813046 0.858307
0.817083 0.99303
0.821633 0.931122
0.826689 1.26939
0.832242 1.15209
0.838281 0.975368
0.844797 0.907228
0.851778 1.40351
0.859213 0.790107
0.86709 0.996607
0.875397 1.14927
0.884123 1.22172
0.893254 0.952197
0.902779 1.16371
0.912685 1.71565
0.922961 0.782426
0.933593 0.790254
0.94457 0.902677
0.95588 1.71406
0.967511 1.17942
0.979452 1.35392
0.991691 0.80295
1.00422 1.11334
0.814663 1.14543
0.814932 1.16705
0.815739 0.964498
0.817083 1.15247
0.818959 1.07378
0.821366 0.862509
0.824298 0.918904
0.82775 0.883506
0.831715 1.12288
0.836186 1.26065
0.841155 1.12977
0.846612 0.934581
0.85255 1.20491
0.858957 1.234
0.865824 0.745366
0.873139 1.07277
0.880892 1.39487
0.88907 1.04354
0.897663 1.11704
0.906658 0.869539
0.916044 1.13583
0.925808 1.19334
0.935939 1.37562
0.946426 1.25725
0.957255 1.64732
0.968417 1.30851
0.979899 1.6793
0.991691 1.38885
1.00378 1.18454
1.01616 1.08763
0.829867 0.915507
0.830131 1.20724
0.830923 0.778145
0.832242 0.983555
0.834085 0.904056
0.836448 0.923577
0.839327 1.32314
0.842718 1.34327
0.846612 1.09758
0.851005 0.976969
0.855888 0.968377
0.861252 1.17874
0.86709 1.07064
0.87339 1.00849
0.880144 1.15522
0.887342 0.80478
0.894971 0.720662
0.903022 0.576551
0.911483 0.86683
0.920343 1.1031
0.929591 1.02533
0.939214 1.27459
0.949202 1.23708
0.959544 1.22524
0.970227 1.32364
0.981241 1.31797
0.992575 1.03512
1.00422 1.79805
1.01616 1.29232
1.02839 1.14641
0.586431 0.74132
0.586805 0.876593
0.587925 0.702818
0.589787 0.669137
0.592384 0.412347
0.595707 0.79715
0.599743 0.616668
0.604479 0.638882
0.609897 0.589535
0.61598 0.82607
0.622708 0.98271
0.630061 0.930648
0.638018 0.682355
0.646554 0.77713
0.655649 0.727125
0.66528 0.667905
0.675422 0.731143
0.686054 0.899114
0.697154 0.982126
0.708698 0.808848
0.720667 0.767241
0.733038 0.749941
0.745793 1.10312
0.758911 0.941359
0.772375 1.18114
0.786166 0.806142
0.800267 1.19294
0.814663 1.0506
0.829338 1.21406
0.844278 0.897785
0.586805 0.591959
0.587178 0.481026
0.588298 0.751757
0.590159 0.956885
0.592755 1.0724
0.596075 0.832158
0.600109 0.676365
0.604842 0.591508
0.610257 0.636789
0.616336 0.540818
0.623061 0.611113
0.630409 0.70198
0.638361 0.749734
0.646894 0.916345
0.655984 0.816247
0.665609 0.573461
0.675747 0.779311
0.686374 0.653298
0.697468 0.963063
0.709008 1.01268
0.720971 0.813097
0.733337 1.0723
0.746087 0.792479
0.7592 0.965648
0.772659 0.985027
0.786445 0.848443
0.800541 1.08487
0.814932 0.896629
0.829603 1.40959
0.844537 0.949492
0.587925 0.633154
0.588298 0.614332
0.589415 0.98509
0.591273 0.582793
0.593864 0.643357
0.597178 0.626673
0.601204 0.690349
0.605928 0.549994
0.611334 0.45508
0.617403 0.922718
0.624116 0.61623
0.631452 0.548801
0.639391 0.560806
0.64791 0.674829
0.656986 0.70378
0.666597 0.752781
0.67672 0.503866
0.687332 0.981472
0.698411 0.822241
0.709935 0.670729
0.721883 0.661278
0.734234 0.459402
0.746968 0.951737
0.760066 0.776258
0.77351 1.06058
0.787281 0.958909
0.801363 0.732954
0.815739 0.958307
0.830395 1.29163
0.845316 0.830939
0.589787 0.62459
0.590159 0.586445
0.591273 0.488028
0.593124 0.574845
0.595707 0.749935
0.599012 0.641901
0.603026 0.623875
0.607736 0.717044
0.613125 0.848071
0.619176 0.709343
0.62587 0.495131
0.633187 0.832957
0.641104 0.836533
0.6496 1.05592
0.658653 0.607511
0.66824 0.82253
0.678338 0.935469
0.688925 0.666978
0.699979 1.03087
0.711478 0.671431
0.723401 0.78038
0.735726 0.749298
0.748435 0.857636
0.761508 0.883315
0.774926 0.887204
0.788673 0.686307
0.80273 1.06476
0.817083 1.27646
0.831715 1.43945
0.846612 0.954968
0.592384 0.537143
0.592755 0.702291
0.593864 0.654134
0.595707 0.554425
0.598279 0.668672
0.601569 0.734388
0.605566 0.766013
0.610257 0.561338
0.615624 0.601855
0.621651 0.512216
0.628319 0.602973
0.635607 0.718499
0.643494 1.28218
0.651959 0.902394
0.66098 1.05627
0.670534 0.495909
0.680598 0.740632
0.69115 0.89618
0.702169 0.891049
0.713633 0.887225
0.72552 0.698383
0.73781 0.677837
0.750483 0.914207
0.763521 1.23097
0.776905 0.804878
0.790617 1.05818
0.80464 0.647495
0.818959 0.969615
0.833559 0.807927
0.848424 0.776517
0.595707 0.823129
0.596075 0.728573
0.597178 0.833217
0.599012 0.715721
0.601569 0.818447
0.604842 0.631455
0.608817 0.401824
0.613483 0.746658
0.618822 0.733659
0.624818 0.951148
0.631452 0.762681
0.638705 0.846382
0.646554 0.874909
0.65498 0.794245
0.66396 0.480367
0.673471 0.922454
0.683492 0.665698
0.694001 0.938405
0.704975 0.625401
0.716393 0.972001
0.728235 0.831599
0.74048 0.874596
0.753109 0.747326
0.766102 1.14196
0.779441 1.02733
0.79311 1.03793
0.80709 0.936057
0.821366 0.944719
0.835923 0.952821
0.850747 1.40586
0.599743 0.859998
0.600109 0.563051
0.601204 0.637565
0.603026 0.595236
0.605566 0.526585
0.608817 0.571557
0.612767 0.597125
0.617403 0.858487
0.622708 0.769071
0.628667 0.855696
0.635261 0.655428
0.642471 1.03153
0.650275 0.843814
0.658653 0.672374
0.667583 0.585428
0.677044 0.735612
0.687013 0.862394
0.697468 0.911895
0.708389 0.68988
0.719753 0.932125
0.731541 0.883769
0.743731 0.965986
0.756306 0.824472
0.769245 1.2129
0.782531 0.56038
0.796146 0.972076
0.810073 1.04556
0.824298 1.10999
0.838805 1.11029
0.853578 1.62248
0.604479 0.734292
0.604842 0.609926
0.605928 0.807233
0.607736 1.05542
0.610257 0.487961
0.613483 1.10232
0.617403 0.584356
0.622004 0.859002
0.62727 0.775221
0.633187 0.613773
0.639734 0.769012
0.646894 0.563958
0.654645 0.842497
0.662968 1.24193
0.671841 0.606094
0.681242 0.445955
0.69115 0.608248
0.701544 0.896121
0.712402 0.845595
0.723704 0.813152
0.735428 0.708883
0.747555 0.823795
0.760066 0.687029
0.772942 1.04548
0.786166 0.749361
0.799719 0.881144
0.813586 1.04621
0.82775 1.31297
0.842197 0.726069
0.856912 1.30591
0.609897 0.578042
0.610257 0.695576
0.611334 0.608448
0.613125 0.708421
0.615624 0.641002
0.618822 0.791932
0.622708 0.640385
0.62727 0.918895
0.632493 0.944681
0.638361 0.602152
0.644856 0.724938
0.651959 0.945005
0.659651 0.856834
0.667912 0.846893
0.67672 0.816153
0.686054 0.778054
0.695894 1.03402
0.706218 0.884914
0.717005 0.784629
0.728235 0.948047
0.739888 0.768166
0.751943 0.918428
0.764382 0.812013
0.777187 0.81913
0.790339 1.11177
0.803822 1.03729
0.817619 1.30328
0.831715 1.33207
0.846094 1.129
0.860743 1.24149
0.61598 0.581394
0.616336 0.746966
0.617403 0.75384
0.619176 0.743445
0.621651 0.85505
0.624818 0.686407
0.628667 0.67161
0.633187 0.474074
0.638361 0.687789
0.644175 0.689706
0.650612 1.12929
0.657653 0.638903
0.66528 0.754762
0.673471 0.919741
0.682207 0.712508
0.691468 0.692017
0.701232 0.680773
0.711478 0.64979
0.722187 0.843448
0.733337 0.831561
0.74491 0.873617
0.756886 1.10597
0.769245 1.04943
0.78197 0.876703
0.795043 0.664069
0.808447 0.866969
0.822167 1.1129
0.836186 1.0065
0.850489 0.985642
0.865064 1.5837
0.622708 0.64223
0.623061 0.722981
0.624116 0.777966
0.62587 0.768936
0.628319 0.74699
0.631452 0.612905
0.635261 0.398907
0.639734 0.492793
0.644856 0.684738
0.650612 0.743904
0.656986 0.749776
0.66396 0.664617
0.671514 0.539608
0.67963 0.806659
0.688288 1.00771
0.697468 0.618674
0.707149 0.699633
0.717311 0.850491
0.727934 0.663312
0.738998 0.787424
0.750483 0.786604
0.762371 0.926411
0.774643 0.830678
0.787281 1.00685
0.800267 1.03763
0.813586 1.2526
0.82722 0.791149
0.841155 1.24337
0.855375 1.27844
0.869868 0.92271
0.630061 0.606541
0.630409 0.618862
0.631452 0.679009
0.633187 0.582477
0.635607 0.548797
0.638705 0.676418
0.642471 0.93322
0.646894 0.652385
0.651959 0.905306
0.657653 0.907179
0.66396 1.03463
0.670861 0.875725
0.678338 0.468606
0.686374 0.653518
0.694948 0.752949
0.704041 1.10618
0.713633 0.832529
0.723704 1.13454
0.734234 0.858132
0.745204 0.816856
0.756596 0.745197
0.768389 0.851235
0.780566 1.03955
0.79311 1.00106
0.806002 0.872309
0.819227 0.898276
0.832769 0.886268
0.846612 0.547356
0.860743 1.06006
0.875146 1.03107
0.638018 0.665166
0.638361 0.699225
0.639391 0.739524
0.641104 0.69331
0.643494 0.578797
0.646554 0.547576
0.650275 0.865398
0.654645 0.871583
0.659651 0.835748
0.66528 0.502866
0.671514 0.705654
0.678338 0.714729
0.685735 0.6363
0.693684 0.76892
0.702169 0.674192
0.71117 0.823192
0.720667 0.913843
0.730641 0.743941
0.741073 0.868677
0.751943 0.719292
0.763234 1.26735
0.774926 0.971815
0.787002 0.789952
0.799445 1.01963
0.812237 0.916234
0.825362 0.90305
0.838805 1.14558
0.85255 1.16502
0.866584 0.656857
0.880892 1.15383
0.646554 0.71141
0.646894 0.776975
0.64791 0.895651
0.6496 0.544951
0.651959 0.768594
0.65498 0.79863
0.658653 0.699055
0.662968 0.646308
0.667912 0.636218
0.673471 0.581477
0.67963 0.677561
0.686374 0.777462
0.693684 0.633299
0.701544 0.888895
0.709935 1.01505
0.718838 0.988226
0.728235 1.0335
0.738107 0.827616
0.748435 0.835013
0.7592 0.985053
0.770384 0.757551
0.78197 1.50562
0.793939 0.84963
0.806274 1.1186
0.818959 0.652094
0.831979 1.24579
0.845316 0.884989
0.858957 0.928385
0.872888 1.05581
0.887094 1.32575
0.655649 0.820505
0.655984 0.978181
0.656986 0.723129
0.658653 0.680948
0.66098 0.558927
0.66396 0.947204
0.667583 0.794559
0.671841 0.524728
0.67672 0.91092
0.682207 0.716672
0.688288 0.837166
0.694948 0.903931
0.702169 0.694738
0.709935 0.678227
0.718228 0.690292
0.72703 0.822694
0.736322 0.805362
0.746087 1.16931
0.756306 0.878716
0.766961 0.868431
0.778033 0.728134
0.789506 0.884803
0.801363 1.24148
0.813586 0.901629
0.826159 0.790519
0.839066 1.14031
0.852293 1.06949
0.865824 1.30767
0.879646 0.911222
0.893745 1.28176
0.66528 0.555748
0.665609 0.780058
0.666597 0.759979
0.66824 0.622532
0.670534 0.624151
0.673471 0.716832
0.677044 0.74525
0.681242 0.878252
0.686054 0.809057
0.691468 0.689107
0.697468 0.844287
0.704041 0.94715
0.71117 0.755342
0.718838 0.932376
0.72703 0.765512
0.735726 0.819969
0.74491 0.958244
0.754564 0.828561
0.764669 0.814825
0.775209 0.879392
0.786166 1.14626
0.797522 0.754515
0.809261 0.867577
0.821366 0.98732
0.833822 1.03191
0.846612 1.11845
0.859723 1.27918
0.873139 1.23257
0.886847 1.35853
0.900833 1.37822
0.675422 0.620255
0.675747 0.770338
0.67672 0.667074
0.678338 1.00341
0.680598 0.617675
0.683492 0.925997
0.687013 0.794149
0.69115 0.643794
0.695894 0.81679
0.701232 0.594815
0.707149 0.869457
0.713633 0.818052
0.720667 0.897706
0.728235 0.779583
0.736322 0.814161
0.74491 0.736494
0.753982 0.965286
0.763521 0.789579
0.77351 1.15445
0.783931 1.07041
0.794767 0.825158
0.806002 1.07396
0.817619 1.20675
0.829603 0.840261
0.841936 1.19561
0.854606 1.17109
0.867595 1.45982
0.880892 0.893067
0.894481 0.998716
0.90835 1.01235
0.686054 0.915909
0.686374 0.544813
0.687332 0.728946
0.688925 0.565618
0.69115 0.745532
0.694001 0.723986
0.697468 0.438177
0.701544 0.802229
0.706218 0.839751
0.711478 0.798857
0.717311 0.611327
0.723704 0.720806
0.730641 1.05083
0.738107 0.764984
0.746087 0.726235
0.754564 0.765464
0.763521 0.865932
0.772942 0.871095
0.782811 1.07325
0.79311 1.12615
0.803822 1.15407
0.814932 1.01084
0.826424 1.49003
0.838281 0.843223
0.850489 1.10016
0.863033 1.04839
0.875898 0.83721
0.88907 1.22902
0.902536 1.47741
0.916283 1.24957
0.697154 0.843905
0.697468 0.799497
0.698411 0.798464
0.699979 0.497696
0.702169 0.764739
0.704975 0.833176
0.708389 0.72146
0.712402 0.549875
0.717005 1.13943
0.722187 1.14644
0.727934 0.700395
0.734234 0.786408
0.741073 0.806441
0.748435 0.913299
0.756306 0.821591
0.764669 0.810415
0.77351 0.96608
0.782811 1.27587
0.792556 0.900449
0.80273 1.0487
0.813316 0.808966
0.824298 0.827634
0.835661 1.19255
0.847389 1.26559
0.859468 0.950611
0.871882 1.35684
0.884619 1.4762
0.897663 1.07404
0.911002 1.22477
0.924623 1.35385
0.708698 0.835158
0.709008 1.15967
0.709935 0.547738
0.711478 0.761151
0.713633 0.81962
0.716393 0.773022
0.719753 0.87236
0.723704 1.1371
0.728235 0.653004
0.733337 0.969528
0.738998 0.893939
0.745204 1.07304
0.751943 0.82453
0.7592 1.06671
0.766961 0.782099
0.775209 1.0753
0.783931 0.995695
0.79311 0.820266
0.80273 0.741748
0.812776 0.823563
0.823233 1.55592
0.834085 1.12589
0.845316 1.0415
0.856912 1.35906
0.868858 0.793649
0.881141 0.963908
0.893745 1.16758
0.906658 0.889281
0.919866 1.22039
0.933358 1.34028
0.720667 0.940259
0.720971 0.618421
0.721883 0.740228
0.723401 0.622308
0.72552 1.11049
0.728235 0.708441
0.731541 1.05106
0.735428 0.828665
0.739888 1.01197
0.74491 0.765411
0.750483 0.922914
0.756596 0.806105
0.763234 1.00559
0.770384 0.622884
0.778033 0.826771
0.786166 0.644739
0.794767 1.03303
0.803822 1.33452
0.813316 1.23224
0.823233 1.16033
0.833559 1.5374
0.844278 1.3063
0.855375 1.36756
0.866837 1.00109
0.878648 0.906765
0.890795 1.02823
0.903265 1.04405
0.916044 1.07633
0.929119 1.20543
0.942478 0.865704
0.733038 0.944825
0.733337 0.699078
0.734234 0.752055
0.735726 0.870786
0.73781 0.908204
0.74048 0.985519
0.743731 0.793131
0.747555 0.661209
0.751943 0.735362
0.756886 1.00936
0.762371 0.826609
0.768389 0.754095
0.774926 0.904083
0.78197 0.895642
0.789506 0.844796
0.797522 1.11032
0.806002 0.822336
0.814932 1.10951
0.824298 0.995873
0.834085 0.74327
0.844278 0.828222
0.854862 0.923495
0.865824 1.15226
0.877149 1.13272
0.888823 1.05619
0.900833 0.849831
0.913166 1.09694
0.925808 0.819427
0.938747 1.24728
0.951971 1.17577
0.745793 0.596913
0.746087 0.740359
0.746968 1.16374
0.748435 0.688824
0.750483 0.703504
0.753109 0.86016
0.756306 0.846993
0.760066 0.660281
0.764382 1.01536
0.769245 0.862225
0.774643 0.981376
0.780566 0.983344
0.787002 1.41986
0.793939 1.03279
0.801363 0.931558
0.809261 0.777613
0.817619 1.19792
0.826424 0.997297
0.835661 1.16493
0.845316 1.01328
0.855375 1.05499
0.865824 1.2913
0.876649 0.686614
0.887836 0.835955
0.899371 1.2063
0.911242 1.07943
0.923436 1.13006
0.935939 1.23973
0.94874 1.01537
0.961827 1.40872
0.758911 0.700265
0.7592 0.933775
0.760066 1.00091
0.761508 0.77949
0.763521 0.604282
0.766102 0.819142
0.769245 0.895879
0.772942 0.682324
0.777187 0.987028
0.78197 0.765429
0.787281 0.791757
0.79311 0.912057
0.799445 1.29119
0.806274 0.880364
0.813586 0.840973
0.821366 1.18967
0.829603 1.16504
0.838281 1.22218
0.847389 0.947385
0.856912 0.99785
0.866837 1.36503
0.877149 0.949726
0.887836 1.08946
0.898884 1.00515
0.910279 1.39427
0.92201 1.7343
0.934063 0.794521
0.946426 1.11316
0.959087 1.07541
0.972034 1.49002
0.772375 1.14957
0.772659 0.764849
0.77351 0.851621
0.774926 1.02509
0.776905 0.82598
0.779441 1.36897
0.782531 0.821816
0.786166 1.26294
0.790339 0.928959
0.795043 0.887918
0.800267 0.812594
0.806002 1.2369
0.812237 0.921911
0.818959 0.980311
0.826159 1.26329
0.833822 1.01685
0.841936 1.02393
0.850489 1.48364
0.859468 1.18593
0.868858 1.1502
0.878648 1.27296
0.888823 0.999271
0.899371 1.00896
0.910279 1.47745
0.921534 0.961144
0.933123 0.92943
0.945034 1.30651
0.957255 1.51589
0.969775 1.20176
0.982582 1.25641
0.786166 1.51753
0.786445 0.983968
0.787281 0.95048
0.788673 0.889663
0.790617 1.06779
0.79311 0.769173
0.796146 0.973993
0.799719 1.07925
0.803822 0.960455
0.808447 0.928063
0.813586 1.02404
0.819227 1.08316
0.825362 1.15134
0.831979 1.25509
0.839066 1.01289
0.846612 1.06037
0.854606 1.08495
0.863033 1.69366
0.871882 0.972268
0.881141 1.11213
0.890795 1.1367
0.900833 1.04835
0.911242 1.05204
0.92201 0.778164
0.933123 1.34959
0.94457 1.44574
0.956339 1.47005
0.968417 1.31496
0.980794 1.16517
0.993459 1.08941
0.800267 0.934174
0.800541 1.17564
0.801363 1.122
0.80273 1.23412
0.80464 0.886708
0.80709 1.3854
0.810073 0.697782
0.813586 0.889218
0.817619 0.618585
0.822167 0.724931
0.82722 1.04162
0.832769 1.03013
0.838805 0.819413
0.845316 0.775139
0.852293 0.882832
0.859723 0.891439
0.867595 0.746109
0.875898 1.05453
0.884619 1.40145
0.893745 1.6134
0.903265 1.08305
0.913166 1.15693
0.923436 1.43467
0.934063 1.4792
0.945034 1.36195
0.956339 1.24148
0.967964 1.27818
0.979899 0.995167
0.992133 1.26741
1.00465 1.4916
0.814663 0.959658
0.814932 1.01755
0.815739 1.27983
0.817083 1.46389
0.818959 0.813985
0.821366 0.566844
0.824298 1.07959
0.82775 0.942545
0.831715 0.91973
0.836186 0.822852
0.841155 0.740884
0.846612 0.71415
0.85255 0.935583
0.858957 1.19437
0.865824 1.12043
0.873139 0.934632
0.880892 1.08631
0.88907 1.12169
0.897663 1.59454
0.906658 1.08197
0.916044 1.44938
0.925808 1.49712
0.935939 0.871691
0.946426 1.12268
0.957255 1.68952
0.968417 0.959339
0.979899 1.24805
0.991691 1.38072
1.00378 1.09182
1.01616 1.23884
0.829338 1.01033
0.829603 1.36388
0.830395 1.09474
0.831715 1.27925
0.833559 1.39354
0.835923 1.02165
0.838805 1.14514
0.842197 0.723114
0.846094 1.08892
0.850489 1.27399
0.855375 1.14396
0.860743 1.22466
0.866584 1.39151
0.872888 0.861901
0.879646 1.06585
0.886847 1.09603
0.894481 1.13951
0.902536 0.984848
0.911002 1.18661
0.919866 1.50247
0.929119 1.20474
0.938747 0.927248
0.94874 1.39218
0.959087 1.2572
0.969775 1.37222
0.980794 1.06288
0.992133 1.12366
1.00378 1.51357
1.01573 0.828564
1.02796 1.04424
0.844278 0.755188
0.844537 0.821553
0.845316 1.00328
0.846612 1.01663
0.848424 0.859619
0.850747 0.919206
0.853578 1.07654
0.856912 1.21616
0.860743 1.02259
0.865064 1.29487
0.869868 1.17749
0.875146 0.910657
0.880892 1.2831
0.887094 0.927172
0.893745 1.00975
0.900833 1.59473
0.90835 0.92575
0.916283 1.13139
0.924623 0.852065
0.933358 0.957574
0.942478 1.36594
0.951971 1.15186
0.961827 1.52428
0.972034 1.23256
0.982582 1.0341
0.993459 0.981246
1.00465 1.1348
1.01616 0.741124
1.02796 1.09749
1.04005 0.976864
0.607375 0.542057
0.607736 0.879369
0.608817 0.54108
0.610616 0.550053
0.613125 0.629842
0.616336 0.551502
0.620238 0.718659
0.624818 0.656855
0.630061 0.647812
0.635952 0.687479
0.642471 0.95489
0.6496 0.750344
0.65732 0.955611
0.665609 0.808662
0.674447 0.904258
0.683813 0.741387
0.693684 0.642934
0.704041 0.875093
0.714861 0.583462
0.726124 1.14117
0.73781 0.689464
0.749899 0.613584
0.762371 0.722107
0.775209 1.15544
0.788394 1.48382
0.80191 0.868923
0.815739 1.14114
0.829867 0.988602
0.844278 1.10973
0.858957 0.840452
0.607736 0.688141
0.608096 0.736168
0.609177 0.81083
0.610975 0.754822
0.613483 0.759641
0.616692 0.732627
0.620592 0.507884
0.625169 0.641302
0.630409 0.775465
0.636296 0.649231
0.642812 0.644476
0.649938 0.762485
0.657653 0.857099
0.665939 0.854418
0.674772 0.684192
0.684133 0.950794
0.694001 0.602501
0.704352 0.791963
0.715168 0.520762
0.726426 0.89693
0.738107 0.988808
0.750191 0.584159
0.762659 0.736756
0.775492 0.96338
0.788673 0.7554
0.802183 1.17201
0.816008 1.0816
0.830131 1.04089
0.844537 1.18851
0.859213 1.2283
0.608817 0.564845
0.609177 0.613476
0.610257 0.725482
0.612051 0.773526
0.614554 0.809972
0.617758 0.66705
0.621651 0.866414
0.626221 0.770773
0.631452 0.682556
0.63733 0.644835
0.643835 0.926126
0.650949 0.770365
0.658653 0.795361
0.666926 0.567579
0.675747 0.77714
0.685095 0.764441
0.694948 0.704541
0.705286 0.673031
0.716087 0.891286
0.727331 1.07016
0.738998 0.582009
0.751068 0.923794
0.763521 0.638282
0.77634 0.830578
0.789506 0.836713
0.803003 0.808079
0.816814 1.0866
0.830923 0.851916
0.845316 1.07341
0.859978 1.35533
0.610616 0.707309
0.610975 0.813318
0.612051 0.644836
0.61384 0.662684
0.616336 0.628014
0.61953 0.509757
0.623412 0.743334
0.627969 0.461371
0.633187 0.876823
0.639048 0.779998
0.645536 0.703116
0.652632 0.644557
0.660316 0.800341
0.668568 0.792102
0.677368 0.916169
0.686693 0.869933
0.696524 0.476487
0.706839 0.55374
0.717617 0.890427
0.728837 0.985023
0.74048 0.854887
0.752526 0.829391
0.764956 1.15178
0.777751 0.937793
0.790894 0.818037
0.804368 1.01948
0.818156 1.04957
0.832242 1.13619
0.846612 1.01323
0.861252 0.84454
0.613125 0.622014
0.613483 0.707823
0.614554 0.693355
0.616336 0.767976
0.618822 0.695094
0.622004 0.673899
0.62587 0.518731
0.630409 1.00206
0.635607 0.583183
0.641446 0.638899
0.64791 0.702453
0.65498 0.353558
0.662637 0.729451
0.670861 0.656088
0.67963 0.913149
0.688925 0.759978
0.698725 0.925028
0.709008 0.902965
0.719753 0.69382
0.730941 1.06645
0.742551 0.957291
0.754564 0.917568
0.766961 0.859323
0.779723 1.08291
0.792833 1.00145
0.806274 0.934028
0.82003 1.25883
0.834085 1.21489
0.848424 0.978081
0.863033 1.43469
0.616336 0.737959
0.616692 0.637435
0.617758 0.601242
0.61953 0.895886
0.622004 0.651163
0.625169 0.934181
0.629016 0.607748
0.633533 0.938434
0.638705 0.843116
0.644516 0.90323
0.650949 0.549552
0.657987 0.485446
0.665609 0.676341
0.673797 0.867688
0.682529 0.515758
0.691785 0.603897
0.701544 0.592287
0.711786 0.795047
0.72249 0.977586
0.733636 0.578974
0.745204 1.03075
0.757175 0.671657
0.76953 0.96471
0.78225 0.703602
0.795319 1.08585
0.808719 0.855219
0.822434 0.930542
0.836448 0.704926
0.850747 0.997435
0.865317 1.33678
0.620238 0.611592
0.620592 0.696553
0.621651 0.902985
0.623412 0.851339
0.62587 0.597512
0.629016 0.565739
0.63284 0.875151
0.63733 0.647025
0.642471 0.495602
0.648248 0.742644
0.654645 0.956578
0.661643 0.714273
0.669224 1.00431
0.677368 0.979809
0.686054 0.668463
0.695263 0.826601
0.704975 0.852861
0.715168 0.735986
0.725822 0.718767
0.736918 1.17077
0.748435 0.66736
0.760355 0.837113
0.772659 0.831957
0.785328 1.00668
0.798346 1.24374
0.811696 1.28629
0.825362 1.02931
0.839327 1.03139
0.853578 1.02356
0.868101 1.17071
0.624818 0.495015
0.625169 0.417336
0.626221 0.95738
0.627969 0.784763
0.630409 0.786628
0.633533 0.488831
0.63733 0.542706
0.641788 0.759023
0.646894 0.629146
0.652632 0.709018
0.658986 0.684607
0.665939 0.774097
0.673471 0.63715
0.681564 0.819711
0.690198 0.861275
0.699352 0.48914
0.709008 1.14284
0.719143 0.898875
0.72974 0.896804
0.740777 1.00613
0.752235 0.680655
0.764095 1.12545
0.77634 0.758808
0.788951 0.781701
0.80191 1.04417
0.815201 1.4024
0.828809 0.94087
0.842718 0.926402
0.856912 0.827923
0.871379 0.90451
0.630061 0.565754
0.630409 0.453204
0.631452 0.864625
0.633187 0.616618
0.635607 1.00278
0.638705 0.697325
0.642471 0.578298
0.646894 0.640721
0.651959 0.985881
0.657653 0.951333
0.66396 0.641193
0.670861 0.660611
0.678338 1.25535
0.686374 0.752725
0.694948 0.767739
0.704041 0.95706
0.713633 0.707841
0.723704 0.7856
0.734234 0.831785
0.745204 0.813692
0.756596 0.83355
0.768389 1.04598
0.780566 1.08497
0.79311 0.993362
0.806002 0.747687
0.819227 1.0528
0.832769 1.1374
0.846612 1.2141
0.860743 1.11157
0.875146 1.02681
0.635952 0.457291
0.636296 0.574583
0.63733 0.728282
0.639048 1.20225
0.641446 0.876486
0.644516 0.875854
0.648248 0.620587
0.652632 0.97465
0.657653 0.85167
0.663299 0.460972
0.669552 0.808047
0.676396 0.73823
0.683813 0.775618
0.691785 0.799608
0.700293 0.801523
0.709317 0.909325
0.718838 0.848238
0.728837 0.660468
0.739295 0.785054
0.750191 0.717553
0.761508 0.974779
0.773226 0.881935
0.785328 0.954623
0.797797 1.13226
0.810615 1.03245
0.823766 1.14608
0.837234 1.01457
0.851005 1.06041
0.865064 1.16756
0.879397 0.708478
0.642471 0.768246
0.642812 0.478195
0.643835 0.88248
0.645536 0.755969
0.64791 0.62613
0.650949 0.772828
0.654645 0.706183
0.658986 0.912862
0.66396 0.8372
0.669552 0.777157
0.675747 0.580314
0.682529 0.830624
0.68988 0.993729
0.697783 0.688767
0.706218 0.700391
0.715168 0.731083
0.724612 0.568369
0.734533 1.06105
0.74491 0.870944
0.755726 1.01348
0.766961 0.76792
0.778597 0.97293
0.790617 0.749269
0.803003 0.889866
0.815739 1.12536
0.828809 1.33501
0.842197 1.19344
0.855888 0.800217
0.869868 1.00725
0.884123 1.10226
0.6496 0.563733
0.649938 0.894493
0.650949 0.717502
0.652632 0.596388
0.65498 0.814206
0.657987 0.552563
0.661643 0.519463
0.665939 0.520804
0.670861 0.566358
0.676396 0.703565
0.682529 0.963192
0.689244 0.779694
0.696524 0.810098
0.704352 0.792248
0.71271 0.86806
0.721579 1.03608
0.730941 0.907888
0.740777 0.973608
0.751068 0.51145
0.761796 1.15882
0.772942 0.754556
0.78449 0.912951
0.796421 0.929121
0.808719 0.924579
0.821366 1.04822
0.834348 0.799031
0.847648 1.08598
0.861252 1.19668
0.875146 0.838479
0.889317 0.94152
0.65732 0.667508
0.657653 1.03395
0.658653 0.951519
0.660316 0.961029
0.662637 0.618106
0.665609 0.73391
0.669224 0.769336
0.673471 1.12586
0.678338 0.765516
0.683813 0.665755
0.68988 0.480056
0.696524 0.819383
0.703729 1.12865
0.711478 0.718551
0.719753 0.856598
0.728536 0.673897
0.73781 0.808075
0.747555 0.779146
0.757754 0.938977
0.768389 1.01643
0.779441 0.948437
0.790894 0.652767
0.80273 1.19142
0.814932 0.776714
0.827485 1.45332
0.840372 1.57433
0.853578 1.12898
0.86709 1.10449
0.880892 1.01311
0.894971 1.13264
0.665609 0.600226
0.665939 0.546473
0.666926 0.580288
0.668568 0.716195
0.670861 0.685372
0.673797 0.862248
0.677368 0.77354
0.681564 0.815265
0.686374 0.807229
0.691785 0.860257
0.697783 0.781077
0.704352 1.04593
0.711478 0.874956
0.719143 1.00976
0.727331 0.743442
0.736024 0.894421
0.745204 1.13597
0.754854 0.943341
0.764956 0.91775
0.775492 0.902191
0.786445 1.26978
0.797797 1.10523
0.809532 1.13161
0.821633 1.18754
0.834085 1.36764
0.846871 1.03568
0.859978 0.956238
0.87339 1.43412
0.887094 1.10857
0.901077 1.14881
0.674447 0.794932
0.674772 0.622679
0.675747 0.473619
0.677368 0.715631
0.67963 0.53493
0.682529 0.686226
0.686054 0.761193
0.690198 0.507353
0.694948 0.670265
0.700293 0.851018
0.706218 0.880138
0.71271 0.864335
0.719753 1.04352
0.727331 0.936014
0.735428 0.805368
0.744026 0.900186
0.753109 0.913603
0.762659 0.931665
0.772659 0.944286
0.783091 0.81897
0.793939 0.803326
0.805185 1.15817
0.816814 1.05522
0.828809 1.12361
0.841155 1.64121
0.853835 0.935381
0.866837 0.86879
0.880144 1.14423
0.893745 1.14492
0.907625 1.65837
0.683813 0.788075
0.684133 0.652592
0.685095 1.01525
0.686693 0.583997
0.688925 0.727163
0.691785 0.741763
0.695263 0.761844
0.699352 0.722353
0.704041 1.35401
0.709317 0.924039
0.715168 1.08593
0.721579 0.97557
0.728536 0.676288
0.736024 1.07042
0.744026 0.718653
0.752526 1.12439
0.761508 0.822037
0.770954 1.07808
0.780847 0.884806
0.791171 1.011
0.80191 0.680279
0.813046 1.15682
0.824564 0.818055
0.836448 0.978564
0.848682 0.894169
0.861252 0.972318
0.874143 1.04363
0.887342 0.949336
0.900833 1.48324
0.914606 1.31203
0.693684 1.00346
0.694001 0.751847
0.694948 0.648569
0.696524 0.950281
0.698725 0.810984
0.701544 0.813754
0.704975 0.740149
0.709008 0.797573
0.713633 0.774731
0.718838 0.596358
0.724612 0.806358
0.730941 0.836425
0.73781 0.818509
0.745204 0.573295
0.753109 0.865619
0.761508 0.892802
0.770384 1.0256
0.779723 0.994118
0.789506 0.863572
0.799719 0.939545
0.810344 1.15061
0.821366 1.08888
0.832769 1.04512
0.844537 1.45432
0.856656 0.965112
0.869111 1.13155
0.881887 0.884176
0.894971 1.15546
0.90835 1.1045
0.92201 0.89083
0.704041 0.840618
0.704352 0.694332
0.705286 0.828157
0.706839 0.815197
0.709008 0.763268
0.711786 0.705909
0.715168 0.680861
0.719143 0.920083
0.723704 0.674374
0.728837 0.647674
0.734533 0.738945
0.740777 0.913717
0.747555 1.05008
0.754854 0.883721
0.762659 1.28057
0.770954 0.768086
0.779723 1.32044
0.788951 0.623387
0.798621 0.729302
0.808719 0.718724
0.819227 1.26456
0.830131 0.57682
0.841415 1.27092
0.853064 0.95616
0.865064 1.04478
0.877399 1.15228
0.890056 0.642146
0.903022 1.40389
0.916283 1.34216
0.929827 1.4965
0.714861 0.768921
0.715168 0.714024
0.716087 0.639822
0.717617 1.05354
0.719753 0.746309
0.72249 1.05804
0.725822 0.607759
0.72974 0.696581
0.734234 0.931225
0.739295 0.697768
0.74491 0.724919
0.751068 0.631634
0.757754 0.93931
0.764956 1.09701
0.772659 0.981652
0.780847 1.00607
0.789506 0.951538
0.798621 1.08659
0.808176 1.0152
0.818156 0.98116
0.828544 0.924697
0.839327 1.04881
0.850489 1.26773
0.862016 0.964211
0.873892 0.627915
0.886105 1.00077
0.89864 1.3398
0.911483 0.963438
0.924623 1.2538
0.938046 1.23295
0.726124 0.73033
0.726426 1.11664
0.727331 0.895137
0.728837 0.855289
0.730941 0.825209
0.733636 0.720582
0.736918 0.719826
0.740777 0.632017
0.745204 0.801676
0.750191 0.810577
0.755726 1.44758
0.761796 0.892371
0.768389 0.833487
0.775492 0.796675
0.783091 1.11844
0.791171 0.852315
0.799719 1.21083
0.808719 0.63257
0.818156 1.23325
0.828015 0.997092
0.838281 0.941846
0.848941 1.11517
0.859978 1.04404
0.871379 0.971744
0.88313 0.988276
0.895216 1.24377
0.907625 0.830535
0.920343 1.55923
0.933358 0.978851
0.946657 1.55032
0.73781 1.26131
0.738107 0.885035
0.738998 1.08441
0.74048 1.0034
0.742551 0.67612
0.745204 0.75658
0.748435 0.665306
0.752235 0.998715
0.756596 1.08969
0.761508 1.12006
0.766961 0.86489
0.772942 0.899567
0.779441 1.02903
0.786445 0.961965
0.793939 1.17191
0.80191 0.923656
0.810344 1.41677
0.819227 1.02983
0.828544 0.873639
0.838281 1.15316
0.848424 0.91789
0.858957 1.12865
0.869868 1.04725
0.881141 1.12829
0.892763 1.36804
0.904721 0.94527
0.917001 1.89462
0.929591 1.29276
0.942478 0.965265
0.95565 1.16058
0.749899 0.778317
0.750191 0.730443
0.751068 1.01692
0.752526 0.787536
0.754564 0.765307
0.757175 0.553905
0.760355 0.685028
0.764095 0.708177
0.768389 0.779884
0.773226 0.730402
0.778597 1.05241
0.78449 0.827193
0.790894 0.799499
0.797797 0.824646
0.805185 1.25444
0.813046 1.00916
0.821366 0.642806
0.830131 1.00646
0.839327 0.961584
0.848941 0.947845
0.858957 1.01891
0.869363 1.06583
0.880144 1.31967
0.891288 1.41409
0.902779 1.09638
0.914606 0.930273
0.926755 1.04744
0.939214 1.28535
0.951971 1.48586
0.965014 1.12559
0.762371 1.03045
0.762659 1.14594
0.763521 1.27959
0.764956 0.961649
0.766961 0.904135
0.76953 1.07967
0.772659 0.727226
0.77634 1.14866
0.780566 0.823869
0.785328 0.839328
0.790617 0.943723
0.796421 0.927178
0.80273 0.951118
0.809532 1.21979
0.816814 1.18087
0.824564 1.01914
0.832769 1.18741
0.841415 1.42027
0.850489 1.22345
0.859978 1.10138
0.869868 0.819163
0.880144 1.22955
0.890795 1.45218
0.901807 1.11218
0.913166 0.993381
0.92486 1.57296
0.936876 1.54507
0.949202 1.40652
0.961827 1.05355
0.974738 1.34158
0.775209 0.927289
0.775492 1.2031
0.77634 0.639968
0.777751 0.897369
0.779723 0.947274
0.78225 1.09172
0.785328 0.969149
0.788951 0.773011
0.79311 1.05382
0.797797 0.799784
0.803003 1.06907
0.808719 0.950161
0.814932 1.06669
0.821633 1.17577
0.828809 0.974546
0.836448 1.03381
0.844537 1.08948
0.853064 1.08531
0.862016 0.986558
0.871379 0.916729
0.881141 1.03748
0.891288 0.988084
0.901807 1.30486
0.912685 1.34647
0.923911 1.08875
0.93547 1.05684
0.947352 1.03649
0.959544 0.97356
0.972034 1.65808
0.984811 1.27658
0.788394 0.845591
0.788673 0.880992
0.789506 0.906359
0.790894 1.06372
0.792833 1.09608
0.795319 0.903783
0.798346 1.30238
0.80191 1.1824
0.806002 1.41369
0.810615 1.00905
0.815739 1.39351
0.821366 0.859099
0.827485 1.18417
0.834085 0.767019
0.841155 0.946613
0.848682 1.33265
0.856656 1.13704
0.865064 1.44632
0.873892 1.03234
0.88313 0.994143
0.892763 1.41491
0.902779 1.31439
0.913166 0.746655
0.923911 1.12176
0.935001 1.07855
0.946426 1.06125
0.958171 1.34037
0.970227 0.999142
0.982582 1.23697
0.995223 1.32147
0.80191 0.962372
0.802183 0.906268
0.803003 1.03252
0.804368 1.07445
0.806274 1.03706
0.808719 1.06283
0.811696 0.994482
0.815201 1.22901
0.819227 1.05417
0.823766 1.01426
0.828809 1.12311
0.834348 0.768802
0.840372 1.01897
0.846871 1.24499
0.853835 1.07402
0.861252 1.24036
0.869111 1.36192
0.877399 1.12611
0.886105 1.03998
0.895216 1.0481
0.904721 1.17989
0.914606 1.17255
0.92486 1.31708
0.93547 1.27049
0.946426 0.951573
0.957714 0.887445
0.969323 1.23731
0.981241 1.20945
0.993459 1.68995
1.00596 1.09851
0.815739 1.04425
0.816008 1.1693
0.816814 0.879589
0.818156 1.36177
0.82003 0.658101
0.822434 0.911516
0.825362 1.08049
0.828809 1.20246
0.832769 0.87335
0.837234 1.28533
0.842197 1.30643
0.847648 1.09125
0.853578 1.27779
0.859978 0.976206
0.866837 0.978519
0.874143 0.738815
0.881887 1.02255
0.890056 0.881607
0.89864 1.3171
0.907625 1.00922
0.917001 1.06151
0.926755 0.857574
0.936876 1.16029
0.947352 1.3692
0.958171 1.27389
0.969323 1.1602
0.980794 1.12412
0.992575 1.38782
1.00465 1.23066
1.01702 1.2017
0.829867 1.09364
0.830131 1.11383
0.830923 1.20524
0.832242 1.29565
0.834085 0.878893
0.836448 0.851729
0.839327 0.856899
0.842718 1.16239
0.846612 0.963259
0.851005 1.01065
0.855888 1.3967
0.861252 1.03176
0.86709 1.2214
0.87339 1.29107
0.880144 1.37746
0.887342 1.33563
0.894971 1.17524
0.903022 0.824361
0.911483 1.04112
0.920343 1.23908
0.929591 1.20993
0.939214 1.42515
0.949202 0.958495
0.959544 1.42817
0.970227 0.945408
0.981241 0.892647
0.992575 1.23114
1.00422 1.47191
1.01616 0.796615
1.02839 1.50525
0.844278 0.924032
0.844537 0.857662
0.845316 1.0223
0.846612 1.22298
0.848424 1.02454
0.850747 1.11484
0.853578 0.9982
0.856912 0.927972
0.860743 1.16137
0.865064 0.907618
0.869868 1.32006
0.875146 1.06902
0.880892 1.25459
0.887094 0.992679
0.893745 0.868715
0.900833 1.29097
0.90835 1.54078
0.916283 1.15648
0.924623 0.961436
0.933358 0.998563
0.942478 1.34844
0.951971 0.978715
0.961827 1.17423
0.972034 1.15186
0.982582 1.30374
0.993459 0.999701
1.00465 1.20611
1.01616 1.00268
1.02796 1.23163
1.04005 1.17332
0.858957 1.09843
0.859213 1.32373
0.859978 1.3093
0.861252 1.83246
0.863033 0.959705
0.865317 1.28864
0.868101 1.25449
0.871379 1.21753
0.875146 0.897012
0.879397 1.30362
0.884123 1.0857
0.889317 1.01985
0.894971 1.15558
0.901077 1.34827
0.907625 1.14546
0.914606 1.41557
0.92201 1.30979
0.929827 1.17329
0.938046 1.17313
0.946657 1.08076
0.95565 1.39667
0.965014 0.892507
0.974738 1.27199
0.984811 1.29608
0.995223 1.21286
1.00596 1.20908
1.01702 1.40443
1.02839 1.41621
1.04005 0.921349
1.052 1.31626
0 4941
