0.0418879 4.3602
0.0628319 4.03041
0.0837758 6.32635
0.10472 10.3579
0.125664 31.0912
0.146608 2.73908
0.167552 0.852643
0.188496 0.735343
0.20944 0.81571
0.230383 0.497382
0.251327 0.288343
0.272271 0.297344
0.293215 0.406963
0.314159 0.309646
0.335103 0.358939
0.356047 0.315409
0.376991 0.267179
0.397935 0.36299
0.418879 0.353352
0.439823 0.381378
0.460767 0.404872
0.481711 0.456015
0.502655 0.635049
0.523599 0.609481
0.544543 0.80751
0.565487 0.583968
0.586431 0.637424
0.607375 0.740786
0.020944 0.149355
0.0296192 0.994957
0.0468321 1.7543
0.0662306 73.5091
0.0863541 2.1819
0.106794 4.17135
0.127397 4.26529
0.148096 1.33117
0.168856 1.48772
0.189656 0.414723
0.210484 0.868683
0.231334 0.391983
0.252199 0.504008
0.273076 0.470563
0.293962 0.36079
0.314857 0.251512
0.335757 0.241211
0.356663 0.27235
0.377572 0.426596
0.398486 0.371558
0.419402 0.513484
0.440321 0.441386
0.461243 0.506047
0.482166 0.542713
0.503091 0.634107
0.524017 0.699907
0.544945 0.577749
0.565874 0.751948
0.586805 0.606327
0.607736 0.898818
0.0418879 1.97235
0.0468321 13.6962
0.0592384 53.302
0.0755145 30.1955
0.0936642 8.26022
0.112787 4.02351
0.132461 9.29019
0.152474 3.63167
0.172708 1.62779
0.193094 0.721998
0.213587 1.05901
0.23416 0.358273
0.254794 0.341558
0.275475 0.267053
0.296192 0.283551
0.316939 0.307403
0.337711 0.263899
0.358503 0.341646
0.379311 0.300489
0.400134 0.290516
0.420968 0.384571
0.441813 0.514138
0.462667 0.363553
0.483529 0.543262
0.504397 0.619466
0.525272 0.468443
0.546151 0.587223
0.567036 0.906175
0.587925 0.591165
0.608817 0.729296
0.0628319 4.40493
0.0662306 11.5851
0.0755145 22.2384
0.0888577 5.92381
0.10472 4.08509
0.122123 8.75639
0.140496 3.83008
0.159504 2.12506
0.178945 0.552578
0.198692 0.448338
0.218661 0.87483
0.238798 0.367462
0.259062 0.333543
0.279427 0.294689
0.299872 0.229221
0.320381 0.303789
0.340943 0.388359
0.361549 0.468489
0.382191 0.371014
0.402865 0.291402
0.423565 0.33606
0.444288 0.390006
0.465031 0.465206
0.485791 0.350544
0.506567 0.433873
0.527355 0.517529
0.548156 0.537554
0.568967 0.632622
0.589787 0.593847
0.610616 0.696757
0.0837758 1.65296
0.0863541 2.02219
0.0936642 24.494
0.10472 2.68937
0.118477 12.5486
0.134107 0.992346
0.151029 1.54612
0.168856 0.4283
0.187328 2.50817
0.206274 0.320653
0.225573 0.262577
0.245143 0.332262
0.264922 0.304529
0.284869 0.481583
0.304949 0.293656
0.325138 0.322201
0.345416 0.393055
0.36577 0.337939
0.386187 0.326433
0.406658 0.419056
0.427174 0.407733
0.447731 0.425677
0.468321 0.379449
0.488941 0.450746
0.509588 0.627358
0.530258 0.531488
0.550949 0.604563
0.571659 0.80144
0.592384 0.772041
0.613125 0.607999
0.10472 14.041
0.106794 3.35478
0.112787 2.17629
0.122123 2.55146
0.134107 2.00298
0.148096 6.09967
0.163577 1.71256
0.180167 4.17177
0.197585 1.71509
0.215631 0.746678
0.23416 0.960418
0.253067 0.678265
0.272271 0.347241
0.291715 0.404875
0.311354 0.258446
0.331153 0.291128
0.351085 0.507194
0.371128 0.326507
0.391265 0.364803
0.411483 0.403338
0.431771 0.337488
0.452118 0.274246
0.472517 0.451979
0.492962 0.602839
0.513447 0.531933
0.533968 0.641222
0.554521 0.601502
0.575101 0.823496
0.595707 0.658475
0.616336 0.669107
0.125664 8.17424
0.127397 2.38013
0.132461 1.89202
0.140496 1.67825
0.151029 2.66166
0.163577 1.37174
0.177715 2.20109
0.193094 2.646
0.20944 0.797525
0.226543 0.350291
0.244246 0.323049
0.262427 0.664419
0.280993 0.362588
0.299872 0.366267
0.319009 0.478246
0.33836 0.299925
0.35789 0.380111
0.377572 0.371466
0.397384 0.456226
0.417305 0.311317
0.437323 0.300312
0.457423 0.434051
0.477596 0.413585
0.497832 0.499792
0.518125 0.472579
0.538467 0.605739
0.558854 0.664115
0.579281 0.782694
0.599743 0.437725
0.620238 0.59771
0.146608 1.55936
0.148096 0.621385
0.152474 1.68596
0.159504 2.42924
0.168856 0.869725
0.180167 1.64923
0.193094 0.410882
0.207335 0.364143
0.222637 0.379818
0.238798 0.598113
0.255654 0.624037
0.273076 0.737646
0.290963 0.435806
0.309234 0.42612
0.327825 0.338811
0.346684 0.286819
0.36577 0.31591
0.38505 0.368236
0.404495 0.393878
0.424083 0.432323
0.443794 0.403997
0.463614 0.384068
0.483529 0.423435
0.503527 0.416972
0.523599 0.49918
0.543737 0.685531
0.563933 0.679721
0.584182 0.589362
0.604479 0.889265
0.624818 0.951493
0.167552 0.848792
0.168856 3.34468
0.172708 0.695482
0.178945 0.470793
0.187328 0.502419
0.197585 1.54369
0.20944 1.03798
0.222637 0.244473
0.236954 0.535368
0.252199 0.261964
0.268213 0.603617
0.284869 0.234196
0.302058 0.23012
0.319696 0.362725
0.337711 0.312012
0.356047 0.201227
0.374657 0.249967
0.393501 0.411145
0.412548 0.293764
0.431771 0.373657
0.451147 0.451135
0.470657 0.401311
0.490285 0.439886
0.510019 0.776631
0.529845 0.457902
0.549754 0.507393
0.569737 0.600917
0.589787 0.670286
0.609897 0.838184
0.630061 0.963905
0.188496 0.424709
0.189656 0.52124
0.193094 0.808159
0.198692 0.765064
0.206274 0.442664
0.215631 0.33651
0.226543 1.10461
0.238798 0.523334
0.252199 0.532327
0.266573 0.351966
0.281772 0.658981
0.297669 0.612688
0.314159 0.314754
0.331153 0.412573
0.348577 0.256259
0.36637 0.383606
0.38448 0.369154
0.402865 0.346316
0.421489 0.499652
0.440321 0.415449
0.459337 0.393596
0.478513 0.475452
0.497832 0.423005
0.517277 0.74667
0.536836 0.435607
0.556495 0.830441
0.576244 0.658083
0.596075 0.69515
0.61598 0.839683
0.635952 0.934816
0.20944 0.76281
0.210484 0.360455
0.213587 0.591822
0.218661 0.300772
0.225573 0.498944
0.23416 0.399231
0.244246 0.974566
0.255654 0.279772
0.268213 1.05237
0.281772 0.243824
0.296192 0.322159
0.311354 0.341198
0.327155 0.369019
0.343506 0.294033
0.360333 0.43571
0.377572 0.392831
0.39517 0.35728
0.413079 0.394968
0.431262 0.339137
0.449686 0.437865
0.468321 0.51047
0.487144 0.409686
0.506133 0.579199
0.525272 0.551696
0.544543 0.605177
0.563933 0.61695
0.583431 0.517259
0.603026 0.552438
0.622708 0.839025
0.642471 0.824874
0.230383 0.433864
0.231334 0.359569
0.23416 0.274113
0.238798 0.555513
0.245143 0.617472
0.253067 0.414074
0.262427 0.304902
0.273076 0.481385
0.284869 0.556122
0.297669 0.435158
0.311354 0.234888
0.325811 0.335869
0.340943 0.273647
0.356663 0.271742
0.372896 0.392424
0.38958 0.368148
0.406658 0.41043
0.424083 0.319841
0.441813 0.381368
0.459814 0.386659
0.478055 0.592584
0.496509 0.461638
0.515153 0.510388
0.533968 0.500677
0.552936 0.724983
0.572042 0.662425
0.591273 0.713343
0.610616 0.657339
0.630061 0.725266
0.6496 0.717129
0.251327 0.560447
0.252199 0.565402
0.254794 0.374183
0.259062 0.429084
0.264922 0.563332
0.272271 0.234806
0.280993 0.231628
0.290963 0.245353
0.302058 0.359196
0.314159 0.341799
0.327155 0.250208
0.340943 0.337876
0.355431 0.314306
0.370536 0.388002
0.386187 0.386693
0.40232 0.368777
0.418879 0.46764
0.435815 0.503847
0.453087 0.399357
0.470657 0.489343
0.488493 0.535238
0.506567 0.484453
0.524854 0.46169
0.543333 0.574883
0.561985 0.611519
0.580794 0.589905
0.599743 0.588576
0.618822 0.773998
0.638018 0.851976
0.65732 0.821033
0.272271 0.26273
0.273076 0.537181
0.275475 0.232148
0.279427 0.256338
0.284869 0.434212
0.291715 0.300975
0.299872 0.236761
0.309234 0.372029
0.319696 0.357161
0.331153 0.310261
0.343506 0.318222
0.356663 0.361782
0.370536 0.48073
0.38505 0.420737
0.400134 0.483568
0.415726 0.573277
0.431771 0.420724
0.44822 0.520932
0.465031 0.342261
0.482166 0.473102
0.499591 0.5597
0.517277 0.532491
0.535199 0.575629
0.553333 0.495197
0.571659 0.633961
0.590159 0.694386
0.608817 0.766884
0.62762 0.78779
0.646554 0.790217
0.665609 0.75933
0.293215 0.404544
0.293962 0.2929
0.296192 0.355704
0.299872 0.459705
0.304949 0.560781
0.311354 0.305444
0.319009 0.313273
0.327825 0.431358
0.337711 0.29686
0.348577 0.237091
0.360333 0.396232
0.372896 0.359608
0.386187 0.36918
0.400134 0.25984
0.414669 0.455202
0.429734 0.346041
0.445275 0.427429
0.461243 0.519243
0.477596 0.512652
0.494295 0.55888
0.511307 0.498131
0.528601 0.46213
0.546151 0.509794
0.563933 0.588688
0.581925 0.578536
0.600109 0.853767
0.618467 0.832721
0.636985 0.545935
0.655649 0.795906
0.674447 0.977997
0.314159 0.359478
0.314857 0.281582
0.316939 0.298143
0.320381 0.325333
0.325138 0.241006
0.331153 0.309926
0.33836 0.280277
0.346684 0.280489
0.356047 0.30293
0.36637 0.304542
0.377572 0.292418
0.38958 0.512228
0.40232 0.370293
0.415726 0.406835
0.429734 0.606692
0.444288 0.4578
0.459337 0.43202
0.474832 0.381765
0.490732 0.341901
0.506999 0.494002
0.523599 0.519518
0.5405 0.716832
0.557676 0.50952
0.575101 0.736594
0.592755 0.827022
0.610616 0.829004
0.628667 0.944432
0.646894 0.704608
0.66528 0.789707
0.683813 1.22283
0.335103 0.393543
0.335757 0.303815
0.337711 0.43183
0.340943 0.293684
0.345416 0.363673
0.351085 0.313376
0.35789 0.303632
0.36577 0.255167
0.374657 0.275614
0.38448 0.289402
0.39517 0.269608
0.406658 0.421541
0.418879 0.356565
0.431771 0.417108
0.445275 0.469899
0.459337 0.472588
0.473908 0.455207
0.488941 0.668954
0.504397 0.631562
0.520237 0.625403
0.536427 0.514114
0.552936 0.679669
0.569737 0.810981
0.586805 0.581233
0.604116 0.796224
0.621651 0.829827
0.639391 0.839863
0.65732 0.846587
0.675422 0.802426
0.693684 1.23721
0.356047 0.407556
0.356663 0.396082
0.358503 0.363998
0.361549 0.41578
0.36577 0.359093
0.371128 0.306177
0.377572 0.359143
0.38505 0.412951
0.393501 0.32355
0.402865 0.553605
0.413079 0.345161
0.424083 0.380986
0.435815 0.378921
0.44822 0.468524
0.461243 0.476796
0.474832 0.477
0.488941 0.585257
0.503527 0.616098
0.518548 0.471195
0.533968 0.685885
0.549754 0.615572
0.565874 0.595511
0.582302 0.606888
0.599012 0.602932
0.61598 0.595823
0.633187 0.869349
0.650612 0.878376
0.66824 0.854414
0.686054 1.21843
0.704041 1.31224
0.376991 0.498044
0.377572 0.415591
0.379311 0.299968
0.382191 0.349611
0.386187 0.301531
0.391265 0.445674
0.397384 0.330993
0.404495 0.369312
0.412548 0.479564
0.421489 0.443227
0.431262 0.369155
0.441813 0.364809
0.453087 0.396746
0.465031 0.353181
0.477596 0.486361
0.490732 0.507213
0.504397 0.620515
0.518548 0.600487
0.533146 0.492894
0.548156 0.561769
0.563544 0.492576
0.579281 0.887967
0.595339 0.802874
0.611692 0.557996
0.628319 0.808322
0.645196 1.15132
0.662306 0.817768
0.67963 1.07704
0.697154 1.062
0.714861 0.966075
0.397935 0.280714
0.398486 0.291285
0.400134 0.433867
0.402865 0.31174
0.406658 0.26987
0.411483 0.255998
0.417305 0.489983
0.424083 0.41508
0.431771 0.308414
0.440321 0.362454
0.449686 0.565939
0.459814 0.3586
0.470657 0.440305
0.482166 0.604127
0.494295 0.429578
0.506999 0.552222
0.520237 0.570874
0.533968 0.493623
0.548156 0.626888
0.562765 0.5075
0.577765 0.451621
0.593124 0.672772
0.608817 0.723297
0.624818 0.72134
0.641104 0.769317
0.657653 0.70155
0.674447 1.00115
0.691468 1.08634
0.708698 1.0488
0.726124 0.971438
0.418879 0.343087
0.419402 0.415947
0.420968 0.445226
0.423565 0.534986
0.427174 0.388163
0.431771 0.355754
0.437323 0.429864
0.443794 0.408927
0.451147 0.364828
0.459337 0.593761
0.468321 0.426304
0.478055 0.446339
0.488493 0.633707
0.499591 0.329967
0.511307 0.418497
0.523599 0.450755
0.536427 0.618036
0.549754 0.629393
0.563544 0.510869
0.577765 0.893874
0.592384 0.713974
0.607375 0.696272
0.622708 0.64701
0.638361 0.73661
0.65431 0.779109
0.670534 1.07
0.687013 1.01851
0.703729 0.870395
0.720667 1.2201
0.73781 1.22033
0.439823 0.359128
0.440321 0.497603
0.441813 0.347008
0.444288 0.388865
0.447731 0.425788
0.452118 0.388896
0.457423 0.414777
0.463614 0.441211
0.470657 0.415995
0.478513 0.560991
0.487144 0.386701
0.496509 0.465465
0.506567 0.715148
0.517277 0.721661
0.528601 0.437759
0.5405 0.534117
0.552936 0.604687
0.565874 0.777412
0.579281 0.489594
0.593124 0.656621
0.607375 0.778832
0.622004 0.816698
0.636985 0.921144
0.652296 0.878455
0.667912 0.961488
0.683813 0.892188
0.699979 0.928009
0.716393 1.05308
0.733038 1.23897
0.749899 1.3326
0.460767 0.60325
0.461243 0.430647
0.462667 0.349972
0.465031 0.302162
0.468321 0.350142
0.472517 0.454988
0.477596 0.469974
0.483529 0.347215
0.490285 0.379802
0.497832 0.424614
0.506133 0.764717
0.515153 0.747269
0.524854 0.507535
0.535199 0.615348
0.546151 0.547906
0.557676 0.595468
0.569737 0.625782
0.582302 0.702775
0.595339 0.534583
0.608817 0.589337
0.622708 0.714478
0.636985 0.912229
0.651623 0.684245
0.666597 1.07851
0.681886 0.928248
0.697468 0.912463
0.713325 1.17403
0.729439 1.2222
0.745793 1.37171
0.762371 1.65512
0.481711 0.487917
0.482166 0.505052
0.483529 0.404492
0.485791 0.408579
0.488941 0.396088
0.492962 0.417879
0.497832 0.55192
0.503527 0.560054
0.510019 0.5693
0.517277 0.67947
0.525272 0.553182
0.533968 0.522348
0.543333 0.694719
0.553333 0.512777
0.563933 0.766864
0.575101 0.624812
0.586805 0.631844
0.599012 0.665867
0.611692 0.727502
0.624818 0.794196
0.638361 0.733541
0.652296 0.847475
0.666597 0.654272
0.681242 0.966627
0.696209 1.02384
0.711478 1.10558
0.72703 1.15597
0.742846 1.21439
0.758911 1.34257
0.775209 1.58747
0.502655 0.674999
0.503091 0.396532
0.504397 0.650675
0.506567 0.460692
0.509588 0.426978
0.513447 0.650201
0.518125 0.589555
0.523599 0.620647
0.529845 0.535505
0.536836 0.503586
0.544543 0.678376
0.552936 0.752194
0.561985 0.770694
0.571659 0.61614
0.581925 0.615754
0.592755 0.738279
0.604116 0.893902
0.61598 0.704496
0.628319 0.763404
0.641104 0.848183
0.65431 0.83811
0.667912 1.22181
0.681886 1.11228
0.696209 0.956978
0.710861 1.11999
0.725822 0.968794
0.741073 1.33497
0.756596 1.31433
0.772375 1.18765
0.788394 1.43507
0.523599 0.53337
0.524017 0.475617
0.525272 0.481144
0.527355 0.468343
0.530258 0.723023
0.533968 0.632792
0.538467 0.631261
0.543737 0.490917
0.549754 0.531929
0.556495 0.598132
0.563933 0.656271
0.572042 0.576301
0.580794 0.694796
0.590159 0.739967
0.600109 0.752962
0.610616 0.656996
0.621651 0.853564
0.633187 0.872295
0.645196 0.817995
0.657653 1.03596
0.670534 1.01044
0.683813 0.797596
0.697468 1.19276
0.711478 1.12929
0.725822 1.17325
0.74048 1.04187
0.755435 1.08597
0.770669 1.49446
0.786166 1.41597
0.80191 1.17079
0.544543 0.458113
0.544945 0.576319
0.546151 0.452856
0.548156 0.483722
0.550949 0.556775
0.554521 0.58868
0.558854 0.581696
0.563933 0.685715
0.569737 0.653866
0.576244 0.913132
0.583431 0.723632
0.591273 0.679854
0.599743 0.591696
0.608817 0.549311
0.618467 0.731686
0.628667 0.911581
0.639391 0.842543
0.650612 0.808146
0.662306 0.869125
0.674447 0.923477
0.687013 0.882282
0.699979 0.928154
0.713325 0.926417
0.72703 1.39
0.741073 1.13759
0.755435 1.34155
0.7701 1.37897
0.785049 1.53026
0.800267 1.27677
0.815739 1.44182
0.565487 0.99814
0.565874 0.584029
0.567036 0.608903
0.568967 0.598424
0.571659 0.551468
0.575101 0.625643
0.579281 0.898253
0.584182 0.695578
0.589787 0.777058
0.596075 0.752909
0.603026 0.717869
0.610616 0.758424
0.618822 0.72113
0.62762 0.801975
0.636985 0.845888
0.646894 0.907785
0.65732 0.847698
0.66824 0.858911
0.67963 1.20086
0.691468 1.17511
0.703729 0.851296
0.716393 0.859145
0.729439 1.08362
0.742846 1.2309
0.756596 1.71184
0.770669 1.21827
0.785049 1.11789
0.799719 1.73062
0.814663 1.05687
0.829867 1.58983
0.586431 0.665696
0.586805 0.617573
0.587925 0.809917
0.589787 0.704753
0.592384 0.820106
0.595707 0.730038
0.599743 0.701275
0.604479 0.637967
0.609897 0.828262
0.61598 0.672107
0.622708 0.658913
0.630061 0.73464
0.638018 0.77634
0.646554 0.890114
0.655649 0.859264
0.66528 0.983468
0.675422 1.15288
0.686054 0.741185
0.697154 0.909195
0.708698 0.861028
0.720667 1.19894
0.733038 0.863714
0.745793 1.32548
0.758911 1.24544
0.772375 1.45755
0.786166 1.81615
0.800267 1.24879
0.814663 1.25702
0.829338 1.25469
0.844278 1.41414
0.607375 0.441844
0.607736 0.71129
0.608817 0.904248
0.610616 0.795862
0.613125 0.877162
0.616336 0.838682
0.620238 0.812805
0.624818 0.958856
0.630061 0.833174
0.635952 0.748972
0.642471 0.764875
0.6496 0.628778
0.65732 0.95139
0.665609 0.820597
0.674447 0.910205
0.683813 0.955136
0.693684 0.749607
0.704041 0.72265
0.714861 1.01374
0.726124 0.946687
0.73781 1.07621
0.749899 1.09906
0.762371 1.50122
0.775209 1.40589
0.788394 0.959114
0.80191 1.52741
0.815739 1.42617
0.829867 1.46787
0.844278 1.52882
0.858957 1.16679
0.020944 3.78132
0.0296192 2.43655
0.0468321 6.78744
0.0662306 31.7984
0.0863541 35.0043
0.106794 8.30741
0.127397 18.0168
0.148096 4.73078
0.168856 1.33243
0.189656 1.20574
0.210484 0.48446
0.231334 0.621397
0.252199 0.780134
0.273076 0.28099
0.293962 0.278701
0.314857 0.369504
0.335757 0.264071
0.356663 0.358631
0.377572 0.541832
0.398486 0.322382
0.419402 0.417498
0.440321 0.446565
0.461243 0.384526
0.482166 0.399182
0.503091 0.439614
0.524017 0.541555
0.544945 0.552169
0.565874 0.609925
0.586805 0.77465
0.607736 0.777117
0.0296192 2.67239
0.036276 7.98694
0.051302 7.10421
0.0694632 42.722
0.0888577 7.02038
0.108828 10.2899
0.129107 2.25692
0.14957 2.40889
0.170149 2.91616
0.190808 0.48383
0.211524 1.68495
0.23228 0.387168
0.253067 0.438213
0.273878 0.449575
0.294708 0.347706
0.315552 0.338458
0.33641 0.272835
0.357277 0.344608
0.378153 0.292194
0.399036 0.257506
0.419925 0.505019
0.440819 0.35676
0.461718 0.335054
0.482621 0.467255
0.503527 0.636317
0.524436 0.577402
0.545348 0.560689
0.566262 0.699062
0.587178 0.654078
0.608096 0.92071
0.0468321 5.7975
0.051302 17.8547
0.0628319 6.51397
0.0783651 26.2648
0.0959772 10.9394
0.114715 0.880972
0.134107 3.45042
0.153906 1.30751
0.173974 0.41113
0.194226 0.446182
0.214612 0.431592
0.235095 0.372243
0.255654 0.441029
0.27627 0.360323
0.296932 0.273014
0.317631 0.272025
0.33836 0.27086
0.359114 0.441485
0.379889 0.258116
0.400681 0.364365
0.421489 0.316202
0.442309 0.462967
0.463141 0.446877
0.483982 0.482923
0.504832 0.447187
0.525689 0.712477
0.546553 0.674818
0.567423 0.849386
0.588298 1.0703
0.609177 0.761906
0.0662306 13.4135
0.0694632 25.4167
0.0783651 14.6351
0.0912926 39.6968
0.106794 8.86503
0.123906 8.70733
0.142049 13.123
0.160874 1.724
0.180167 0.590672
0.199793 0.396258
0.219662 0.687908
0.239714 0.356441
0.259908 0.537667
0.280211 0.470147
0.300602 0.281792
0.321065 0.310693
0.341586 0.236727
0.362155 0.458316
0.382765 0.305461
0.403409 0.353528
0.424083 0.352439
0.444782 0.383441
0.465503 0.431825
0.486243 0.469791
0.506999 0.483574
0.527771 0.473951
0.548556 0.579248
0.569352 0.660857
0.590159 0.731179
0.610975 0.872552
0.0863541 2.03423
0.0888577 5.92466
0.0959772 27.8488
0.106794 4.17125
0.120314 8.93554
0.135732 2.32543
0.152474 5.17721
0.170149 1.31938
0.188496 0.577113
0.207335 0.517077
0.226543 0.715212
0.246036 0.490049
0.265749 0.319902
0.285637 0.464215
0.305667 0.263325
0.325811 0.30377
0.346051 0.304268
0.36637 0.317072
0.386755 0.301298
0.407197 0.39844
0.427688 0.395488
0.44822 0.386001
0.468789 0.459749
0.48939 0.533937
0.510019 0.565911
0.530672 0.529304
0.551347 0.640208
0.572042 0.695894
0.592755 0.602975
0.613483 0.730923
0.106794 4.0226
0.108828 4.78729
0.114715 4.37334
0.123906 2.38996
0.135732 6.23991
0.14957 2.58831
0.164913 0.748263
0.18138 1.23262
0.198692 0.380402
0.216646 0.356368
0.235095 0.612545
0.253932 0.274091
0.273076 0.560673
0.292466 0.407018
0.312058 0.37232
0.331815 0.323244
0.351709 0.273113
0.371718 0.35143
0.391825 0.298019
0.412016 0.381256
0.432278 0.328605
0.452603 0.440166
0.472981 0.471217
0.493407 0.331977
0.513874 0.662922
0.534379 0.5954
0.554916 0.652387
0.575482 0.636951
0.596075 0.865191
0.616692 0.933363
0.127397 6.34049
0.129107 3.00696
0.134107 2.61092
0.142049 3.52318
0.152474 1.19489
0.164913 1.09871
0.178945 0.852854
0.194226 0.375849
0.210484 1.43018
0.22751 0.262015
0.245143 0.525543
0.263261 0.754088
0.281772 0.39031
0.300602 0.301694
0.319696 0.380399
0.339007 0.424651
0.358503 0.33865
0.378153 0.283551
0.397935 0.408857
0.417831 0.271597
0.437824 0.277558
0.457902 0.300244
0.478055 0.496433
0.498272 0.564532
0.518548 0.482243
0.538874 0.587458
0.559247 0.64066
0.57966 0.801017
0.600109 0.692618
0.620592 0.707497
0.148096 1.82824
0.14957 2.36944
0.153906 2.31366
0.160874 0.404926
0.170149 2.72086
0.18138 0.594115
0.194226 0.717059
0.20839 1.12485
0.22362 0.464074
0.239714 0.360725
0.25651 0.37974
0.273878 0.400123
0.291715 0.631062
0.309942 0.237629
0.328493 0.268282
0.347316 0.361441
0.36637 0.379583
0.385619 0.31222
0.405037 0.265771
0.4246 0.383939
0.444288 0.388859
0.464087 0.458477
0.483982 0.390839
0.503962 0.468841
0.524017 0.6592
0.54414 0.556102
0.564322 0.605017
0.584558 0.686002
0.604842 0.733989
0.625169 0.764791
0.168856 1.16649
0.170149 1.6207
0.173974 0.402791
0.180167 0.981598
0.188496 0.559537
0.198692 0.778573
0.210484 1.86859
0.22362 0.288757
0.237878 0.300723
0.253067 0.354623
0.26903 0.557132
0.285637 0.301576
0.302783 0.835867
0.320381 0.266417
0.33836 0.360328
0.356663 0.355849
0.375242 0.300277
0.394058 0.346634
0.413079 0.338266
0.432278 0.314042
0.451632 0.320019
0.471123 0.458034
0.490732 0.490651
0.510448 0.622243
0.530258 0.579809
0.550153 0.470505
0.570122 0.689807
0.590159 0.727869
0.610257 0.595264
0.630409 0.75294
0.189656 0.809565
0.190808 0.352898
0.194226 0.64275
0.199793 1.74788
0.207335 0.546065
0.216646 0.558367
0.22751 0.412571
0.239714 0.347456
0.253067 0.377082
0.267394 0.23946
0.282549 0.37587
0.298405 0.224235
0.314857 0.242559
0.331815 0.217391
0.349205 0.4958
0.366968 0.273033
0.38505 0.314738
0.403409 0.430964
0.422009 0.329274
0.440819 0.436635
0.459814 0.456046
0.478971 0.463983
0.498272 0.493077
0.517701 0.494
0.537244 0.804617
0.556889 0.509377
0.576625 0.715423
0.596443 0.669791
0.616336 0.708961
0.636296 0.86406
0.210484 0.690548
0.211524 1.2875
0.214612 0.456013
0.219662 0.525616
0.226543 1.21208
0.235095 0.408312
0.245143 0.398899
0.25651 0.337263
0.26903 0.333808
0.282549 0.504241
0.296932 0.190153
0.312058 0.33867
0.327825 0.24419
0.344144 0.249986
0.360942 0.264107
0.378153 0.369156
0.395724 0.436751
0.41361 0.458915
0.431771 0.386741
0.450173 0.317844
0.468789 0.440245
0.487594 0.554023
0.506567 0.590291
0.525689 0.441257
0.544945 0.690426
0.564322 0.727703
0.583807 0.630195
0.603389 0.795095
0.623061 0.8618
0.642812 0.800229
0.231334 0.615691
0.23228 0.452061
0.235095 0.452386
0.239714 0.394108
0.246036 1.19942
0.253932 0.38643
0.263261 0.358226
0.273878 0.47889
0.285637 0.47682
0.298405 0.385588
0.312058 0.279381
0.326484 0.261832
0.341586 0.19828
0.357277 0.384936
0.373484 0.611641
0.390143 0.351708
0.407197 0.422365
0.4246 0.448692
0.442309 0.341168
0.460291 0.384721
0.478513 0.451422
0.49695 0.58363
0.515579 0.582495
0.534379 0.479789
0.553333 0.614123
0.572425 0.609702
0.591643 0.594017
0.610975 0.469553
0.630409 0.883183
0.649938 0.747718
0.252199 0.400712
0.253067 0.456687
0.255654 0.482905
0.259908 0.276856
0.265749 0.265436
0.273076 0.523966
0.281772 0.39005
0.291715 0.531164
0.302783 0.283193
0.314857 0.279457
0.327825 0.256834
0.341586 0.391133
0.356047 0.2697
0.371128 0.300856
0.386755 0.309371
0.402865 0.4158
0.419402 0.231971
0.436318 0.238417
0.453571 0.44082
0.471123 0.64407
0.488941 0.567098
0.506999 0.605511
0.525272 0.442907
0.543737 0.612977
0.562375 0.676635
0.581171 0.772141
0.600109 0.634659
0.619176 0.704789
0.638361 0.646061
0.657653 0.764618
0.273076 0.531401
0.273878 0.49388
0.27627 0.383193
0.280211 0.186756
0.285637 0.469388
0.292466 0.373194
0.300602 0.445361
0.309942 0.35052
0.320381 0.417189
0.331815 0.417292
0.344144 0.287239
0.357277 0.350353
0.371128 0.344951
0.385619 0.478966
0.400681 0.45221
0.416253 0.351271
0.432278 0.330227
0.448709 0.579525
0.465503 0.415966
0.482621 0.341987
0.50003 0.565611
0.517701 0.588614
0.535609 0.518303
0.553729 0.506018
0.572042 0.645896
0.59053 0.617159
0.609177 0.689781
0.627969 0.817236
0.646894 0.577918
0.665939 1.07693
0.293962 0.273403
0.294708 0.355974
0.296932 0.502312
0.300602 0.406915
0.305667 0.309212
0.312058 0.410864
0.319696 0.232945
0.328493 0.231752
0.33836 0.322112
0.349205 0.336549
0.360942 0.279714
0.373484 0.300115
0.386755 0.33854
0.400681 0.380194
0.415198 0.393047
0.430244 0.383802
0.445767 0.417873
0.461718 0.410535
0.478055 0.393316
0.494739 0.53251
0.511736 0.620746
0.529016 0.584877
0.546553 0.513474
0.564322 0.698366
0.582302 0.72573
0.600474 0.654405
0.618822 0.714022
0.63733 0.758798
0.655984 0.91849
0.674772 0.967595
0.314857 0.418317
0.315552 0.165309
0.317631 0.254945
0.321065 0.278742
0.325811 0.251132
0.331815 0.271823
0.339007 0.226112
0.347316 0.591409
0.356663 0.314833
0.366968 0.265954
0.378153 0.259942
0.390143 0.358307
0.402865 0.367935
0.416253 0.292056
0.430244 0.359883
0.444782 0.429413
0.459814 0.523788
0.475294 0.424075
0.491179 0.501542
0.507432 0.453427
0.524017 0.707582
0.540906 0.542701
0.558069 0.551275
0.575482 0.588718
0.593124 0.643507
0.610975 0.742359
0.629016 0.784915
0.647232 0.765917
0.665609 0.834872
0.684133 1.06551
0.335757 0.290875
0.33641 0.308362
0.33836 0.284865
0.341586 0.486726
0.346051 0.345244
0.351709 0.32555
0.358503 0.277573
0.36637 0.309658
0.375242 0.298257
0.38505 0.473931
0.395724 0.363026
0.407197 0.419718
0.419402 0.353024
0.432278 0.400995
0.445767 0.369493
0.459814 0.412341
0.47437 0.313854
0.48939 0.375186
0.504832 0.535363
0.520658 0.6386
0.536836 0.609825
0.553333 0.545845
0.570122 0.717939
0.587178 0.666118
0.604479 0.781133
0.622004 0.770672
0.639734 0.761817
0.657653 0.917725
0.675747 0.989311
0.694001 0.913537
0.356663 0.25446
0.357277 0.332313
0.359114 0.406147
0.362155 0.271642
0.36637 0.407642
0.371718 0.293638
0.378153 0.318085
0.385619 0.352493
0.394058 0.320897
0.403409 0.433277
0.41361 0.380346
0.4246 0.466609
0.436318 0.38979
0.448709 0.479998
0.461718 0.434908
0.475294 0.327451
0.48939 0.529086
0.503962 0.485573
0.518971 0.57009
0.534379 0.493293
0.550153 0.533666
0.566262 0.574074
0.582679 0.556186
0.599378 0.725615
0.616336 0.758707
0.633533 0.701516
0.650949 0.846119
0.668568 0.743437
0.686374 0.703766
0.704352 0.96777
0.377572 0.35045
0.378153 0.394878
0.379889 0.349126
0.382765 0.32005
0.386755 0.322295
0.391825 0.411966
0.397935 0.294456
0.405037 0.415843
0.413079 0.430153
0.422009 0.237108
0.431771 0.448974
0.442309 0.395312
0.453571 0.403095
0.465503 0.417506
0.478055 0.506594
0.491179 0.486876
0.504832 0.394038
0.518971 0.547143
0.533557 0.519957
0.548556 0.681813
0.563933 0.572522
0.57966 0.762355
0.595707 0.772725
0.612051 0.739704
0.628667 0.852947
0.645536 0.699079
0.662637 0.867299
0.679953 0.849629
0.697468 1.09255
0.715168 1.02374
0.398486 0.320411
0.399036 0.325006
0.400681 0.430313
0.403409 0.417496
0.407197 0.299354
0.412016 0.490539
0.417831 0.39751
0.4246 0.33249
0.432278 0.342346
0.440819 0.541871
0.450173 0.383958
0.460291 0.368346
0.471123 0.563485
0.482621 0.401353
0.494739 0.425471
0.507432 0.419374
0.520658 0.414766
0.534379 0.623036
0.548556 0.822428
0.563155 0.783144
0.578144 0.678816
0.593494 0.720329
0.609177 0.808287
0.625169 0.718889
0.641446 0.660859
0.657987 0.894379
0.674772 0.770341
0.691785 0.924663
0.709008 1.07664
0.726426 1.19926
0.419402 0.36668
0.419925 0.43398
0.421489 0.308747
0.424083 0.454873
0.427688 0.353485
0.432278 0.404277
0.437824 0.323382
0.444288 0.37291
0.451632 0.32685
0.459814 0.391843
0.468789 0.441034
0.478513 0.330654
0.488941 0.474493
0.50003 0.453474
0.511736 0.469883
0.524017 0.530545
0.536836 0.517555
0.550153 0.805327
0.563933 0.58701
0.578144 0.492735
0.592755 0.779721
0.607736 0.638956
0.623061 0.660434
0.638705 0.798773
0.654645 0.770202
0.670861 1.02369
0.687332 1.01355
0.704041 1.31919
0.720971 1.18427
0.738107 1.02949
0.440321 0.562592
0.440819 0.355537
0.442309 0.331393
0.444782 0.475104
0.44822 0.463781
0.452603 0.437712
0.457902 0.448923
0.464087 0.370259
0.471123 0.384012
0.478971 0.474469
0.487594 0.478146
0.49695 0.529165
0.506999 0.530845
0.517701 0.535617
0.529016 0.506006
0.540906 0.592079
0.553333 0.507454
0.566262 0.695813
0.57966 0.58579
0.593494 0.683264
0.607736 0.715935
0.622356 0.612619
0.63733 0.963997
0.652632 0.672964
0.66824 0.862343
0.684133 1.00676
0.700293 1.20103
0.716699 1.15437
0.733337 1.2333
0.750191 1.18548
0.461243 0.476824
0.461718 0.486308
0.463141 0.32465
0.465503 0.382904
0.468789 0.374445
0.472981 0.427575
0.478055 0.506911
0.483982 0.394764
0.490732 0.512791
0.498272 0.476442
0.506567 0.470182
0.515579 0.50524
0.525272 0.548864
0.535609 0.592969
0.546553 0.525187
0.558069 0.603528
0.570122 0.569497
0.582679 0.549938
0.595707 0.69274
0.609177 0.7373
0.623061 0.946014
0.63733 0.687179
0.651959 0.626798
0.666926 1.0331
0.682207 0.973904
0.697783 1.34371
0.713633 0.930286
0.72974 1.29116
0.746087 1.29701
0.762659 1.38522
0.482166 0.71425
0.482621 0.389206
0.483982 0.417818
0.486243 0.429119
0.48939 0.545376
0.493407 0.62307
0.498272 0.409594
0.503962 0.358525
0.510448 0.584498
0.517701 0.506787
0.525689 0.583985
0.534379 0.648086
0.543737 0.709549
0.553729 0.634792
0.564322 0.585816
0.575482 0.629739
0.587178 0.780977
0.599378 0.594105
0.612051 0.904409
0.625169 0.809764
0.638705 0.757647
0.652632 0.826345
0.666926 1.01067
0.681564 1.20389
0.696524 0.991664
0.711786 0.877135
0.727331 1.17895
0.743141 1.11705
0.7592 1.57248
0.775492 1.44338
0.503091 0.456273
0.503527 0.490956
0.504832 0.397198
0.506999 0.419045
0.510019 0.555613
0.513874 0.597704
0.518548 0.384191
0.524017 0.511771
0.530258 0.600847
0.537244 0.487427
0.544945 0.591984
0.553333 0.637369
0.562375 0.579933
0.572042 0.501039
0.582302 0.505795
0.593124 0.782007
0.604479 0.656298
0.616336 0.806519
0.628667 0.752
0.641446 0.743324
0.654645 0.660607
0.66824 0.844004
0.682207 1.15454
0.696524 0.947395
0.71117 0.937916
0.726124 1.1368
0.741369 1.17423
0.756886 1.41048
0.772659 0.948159
0.788673 1.21556
0.524017 0.54645
0.524436 0.55885
0.525689 0.513797
0.527771 0.441416
0.530672 0.62371
0.534379 0.591901
0.538874 0.534335
0.54414 0.545676
0.550153 0.537045
0.556889 0.678607
0.564322 0.649154
0.572425 0.506429
0.581171 0.533414
0.59053 0.685008
0.600474 0.654978
0.610975 1.03923
0.622004 0.711305
0.633533 0.720355
0.645536 0.86085
0.657987 1.00101
0.670861 0.764892
0.684133 1.02459
0.697783 1.08326
0.711786 1.04753
0.726124 1.13068
0.740777 0.948987
0.755726 1.57616
0.770954 1.59249
0.786445 1.4998
0.802183 1.02763
0.544945 0.563451
0.545348 0.645676
0.546553 0.739664
0.548556 0.50798
0.551347 0.576642
0.554916 0.801036
0.559247 0.512469
0.564322 0.584391
0.570122 0.712766
0.576625 0.717114
0.583807 0.721477
0.591643 0.593035
0.600109 0.70177
0.609177 0.667237
0.618822 0.67141
0.629016 0.671992
0.639734 0.899088
0.650949 0.865398
0.662637 0.760856
0.674772 0.869752
0.687332 1.09998
0.700293 1.12097
0.713633 1.11129
0.727331 1.2328
0.741369 1.043
0.755726 1.54738
0.770384 1.66762
0.785328 1.1069
0.800541 1.61344
0.816008 1.35276
0.565874 0.647268
0.566262 0.727228
0.567423 0.56046
0.569352 0.663218
0.572042 0.606937
0.575482 0.654513
0.57966 0.663207
0.584558 0.548707
0.590159 0.599536
0.596443 0.763089
0.603389 0.882065
0.610975 0.792104
0.619176 0.725616
0.627969 0.720047
0.63733 0.631986
0.647232 1.00451
0.657653 0.866731
0.668568 1.13951
0.679953 1.01806
0.691785 0.751359
0.704041 1.04239
0.716699 1.12305
0.72974 1.14804
0.743141 1.26388
0.756886 0.886833
0.770954 1.66129
0.785328 1.21694
0.799993 1.48424
0.814932 1.29849
0.830131 1.13984
0.586805 0.742034
0.587178 0.84327
0.588298 0.771416
0.590159 0.527167
0.592755 0.628323
0.596075 0.695968
0.600109 0.763531
0.604842 0.816703
0.610257 0.630263
0.616336 0.656065
0.623061 0.731757
0.630409 0.86393
0.638361 0.683406
0.646894 0.777429
0.655984 0.734915
0.665609 1.00991
0.675747 1.18129
0.686374 0.950352
0.697468 1.09698
0.709008 1.06832
0.720971 1.1916
0.733337 1.08614
0.746087 1.0653
0.7592 1.01762
0.772659 1.22642
0.786445 1.35403
0.800541 1.64586
0.814932 1.41037
0.829603 1.24464
0.844537 1.45347
0.607736 0.756722
0.608096 0.624285
0.609177 0.614902
0.610975 0.80526
0.613483 0.672182
0.616692 0.957984
0.620592 0.740674
0.625169 0.80606
0.630409 0.848123
0.636296 0.97495
0.642812 0.921874
0.649938 0.836382
0.657653 0.792325
0.665939 0.971035
0.674772 1.08088
0.684133 0.792073
0.694001 0.892644
0.704352 0.829056
0.715168 0.90556
0.726426 1.22381
0.738107 1.33184
0.750191 1.27369
0.762659 1.49451
0.775492 1.11165
0.788673 1.4382
0.802183 1.33997
0.816008 1.18298
0.830131 1.35341
0.844537 1.21364
0.859213 1.35491
0.0418879 0.463808
0.0468321 7.61174
0.0592384 15.8685
0.0755145 11.0762
0.0936642 10.6603
0.112787 5.2813
0.132461 0.872076
0.152474 0.979588
0.172708 1.95484
0.193094 0.73744
0.213587 0.546955
0.23416 0.448247
0.254794 0.449118
0.275475 0.385615
0.296192 0.19324
0.316939 0.388505
0.337711 0.249427
0.358503 0.269004
0.379311 0.461916
0.400134 0.408744
0.420968 0.356176
0.441813 0.378325
0.462667 0.449079
0.483529 0.484938
0.504397 0.393809
0.525272 0.436811
0.546151 0.546887
0.567036 0.615002
0.587925 0.884244
0.608817 0.739621
0.0468321 9.22723
0.051302 9.46052
0.0628319 10.5663
0.0783651 0.936701
0.0959772 1.59505
0.114715 1.40382
0.134107 18.1096
0.153906 0.848876
0.173974 0.726721
0.194226 0.367467
0.214612 1.06408
0.235095 0.379313
0.255654 0.26993
0.27627 0.52425
0.296932 0.294514
0.317631 0.431166
0.33836 0.253923
0.359114 0.321696
0.379889 0.527853
0.400681 0.219196
0.421489 0.576466
0.442309 0.355238
0.463141 0.417486
0.483982 0.421507
0.504832 0.553524
0.525689 0.491911
0.546553 0.579148
0.567423 0.549439
0.588298 0.658757
0.609177 0.594807
0.0592384 11.6932
0.0628319 24.8688
0.072552 0.976073
0.0863541 5.00088
0.102604 1.653
0.120314 3.51448
0.138926 7.97416
0.158123 10.6316
0.177715 1.90786
0.197585 2.29777
0.217656 0.446674
0.237878 0.266922
0.258214 0.410025
0.278641 0.427788
0.299139 0.217988
0.319696 0.409187
0.340299 0.602669
0.360942 0.29114
0.381617 0.203339
0.40232 0.433147
0.423047 0.406208
0.443794 0.418631
0.464559 0.542848
0.48534 0.503743
0.506133 0.409256
0.526939 0.580846
0.547755 0.547542
0.568581 0.694114
0.589415 0.666582
0.610257 0.674658
0.0755145 29.6326
0.0783651 7.60373
0.0863541 6.22866
0.0982358 9.00427
0.112787 4.5978
0.129107 0.816017
0.146608 0.527564
0.164913 2.7602
0.183782 0.863068
0.203059 0.595091
0.222637 0.663464
0.242444 0.349056
0.262427 0.62611
0.282549 0.282678
0.302783 0.331376
0.323108 0.306712
0.343506 0.295008
0.363967 0.277955
0.38448 0.358514
0.405037 0.455194
0.425631 0.3572
0.446259 0.523757
0.466914 0.48971
0.487594 0.464032
0.508295 0.472697
0.529016 0.407474
0.549754 0.732153
0.570506 0.55715
0.591273 0.706473
0.612051 0.75306
0.0936642 16.7043
0.0959772 14.2465
0.102604 3.22845
0.112787 1.44173
0.125664 2.47646
0.140496 1.97727
0.15673 2.80982
0.173974 2.37612
0.191954 0.353362
0.210484 0.214606
0.229429 0.624478
0.248696 0.740736
0.268213 0.4081
0.287932 0.236354
0.307812 0.312586
0.327825 0.31597
0.347947 0.20218
0.368161 0.321596
0.388452 0.391924
0.40881 0.328101
0.429223 0.309821
0.449686 0.415922
0.470191 0.33718
0.490732 0.417608
0.511307 0.579976
0.53191 0.617469
0.552539 0.684097
0.573191 0.760649
0.593864 0.66339
0.614554 0.591804
0.112787 4.97614
0.114715 5.73664
0.120314 11.0726
0.129107 8.74237
0.140496 0.503256
0.153906 3.06585
0.168856 2.05637
0.184972 0.700496
0.201976 0.429904
0.219662 0.474607
0.237878 0.500853
0.25651 0.32706
0.275475 0.330793
0.294708 0.416591
0.314159 0.408365
0.333792 0.265576
0.353575 0.364796
0.373484 0.358228
0.393501 0.454356
0.41361 0.441496
0.433798 0.428905
0.454054 0.436252
0.47437 0.57289
0.494739 0.460113
0.515153 0.480669
0.535609 0.623105
0.5561 0.774377
0.576625 0.632352
0.597178 0.749171
0.617758 0.765881
0.132461 8.85375
0.134107 2.72376
0.138926 5.97659
0.146608 2.69593
0.15673 2.02906
0.168856 0.866664
0.182585 0.977977
0.197585 1.23279
0.213587 0.567682
0.230383 0.331477
0.247812 0.714066
0.265749 0.335823
0.284098 0.331077
0.302783 0.315819
0.321747 0.236747
0.340943 0.326769
0.360333 0.638028
0.379889 0.365342
0.399585 0.411783
0.419402 0.272185
0.439324 0.34163
0.459337 0.423562
0.479429 0.315856
0.499591 0.498997
0.519815 0.611646
0.540094 0.637225
0.560422 0.598286
0.580794 0.67544
0.601204 0.623479
0.621651 0.639186
0.152474 0.512157
0.153906 10.9269
0.158123 1.46716
0.164913 3.2957
0.173974 2.87649
0.184972 1.22288
0.197585 0.662144
0.211524 0.467528
0.226543 0.460348
0.242444 0.297972
0.259062 0.28889
0.27627 0.28092
0.293962 0.28019
0.312058 0.304112
0.33049 0.328848
0.349205 0.338597
0.368161 0.563585
0.387322 0.324947
0.406658 0.315493
0.426146 0.416311
0.445767 0.459331
0.465503 0.371574
0.48534 0.404798
0.505266 0.500569
0.525272 0.440791
0.545348 0.548678
0.565487 0.520318
0.585682 0.623605
0.605928 0.731449
0.626221 0.732081
0.172708 2.03659
0.173974 0.910471
0.177715 0.373647
0.183782 0.655281
0.191954 0.431304
0.201976 0.546503
0.213587 0.460031
0.226543 0.259908
0.240628 0.389793
0.255654 0.769505
0.271465 0.436518
0.287932 0.557415
0.304949 0.277151
0.322428 0.459246
0.340299 0.411396
0.358503 0.308286
0.376991 0.339547
0.395724 0.395445
0.414669 0.357786
0.433798 0.293697
0.453087 0.374218
0.472517 0.502872
0.492071 0.463683
0.511736 0.44066
0.531498 0.528745
0.551347 0.662617
0.571275 0.644475
0.591273 0.851946
0.611334 0.782814
0.631452 0.868353
0.193094 0.659301
0.194226 1.46443
0.197585 1.30523
0.203059 2.29777
0.210484 0.873751
0.219662 0.481604
0.230383 0.878925
0.242444 0.528688
0.255654 0.390034
0.269844 0.294077
0.284869 0.545379
0.300602 0.357576
0.316939 0.332365
0.333792 0.305007
0.351085 0.387801
0.368756 0.329023
0.386755 0.369327
0.405037 0.439223
0.423565 0.424454
0.442309 0.368596
0.461243 0.405011
0.480343 0.431244
0.499591 0.617378
0.518971 0.427066
0.538467 0.619755
0.558069 0.559244
0.577765 0.672563
0.597545 0.649416
0.617403 0.482726
0.63733 0.709865
0.213587 0.332998
0.214612 0.719188
0.217656 0.637891
0.222637 1.96583
0.229429 0.26762
0.237878 0.343243
0.247812 0.366948
0.259062 0.351119
0.271465 0.390149
0.284869 0.342662
0.299139 0.228299
0.314159 0.528993
0.329826 0.234115
0.346051 0.440878
0.36276 0.50704
0.379889 0.340531
0.397384 0.345596
0.415198 0.464727
0.433292 0.440214
0.451632 0.358053
0.470191 0.44814
0.488941 0.535845
0.507864 0.590651
0.526939 0.673119
0.546151 0.686237
0.565487 0.679593
0.584933 0.781784
0.604479 0.926777
0.624116 0.875024
0.643835 0.91862
0.23416 0.463548
0.235095 1.04016
0.237878 0.437359
0.242444 0.710821
0.248696 0.315807
0.25651 0.24134
0.265749 0.406833
0.27627 0.379286
0.287932 0.242243
0.300602 0.513732
0.314159 0.260509
0.328493 0.251115
0.343506 0.198061
0.359114 0.375272
0.375242 0.319823
0.391825 0.394043
0.40881 0.355814
0.426146 0.534493
0.443794 0.371146
0.461718 0.39714
0.479886 0.472232
0.498272 0.713919
0.516853 0.436122
0.535609 0.640133
0.554521 0.551655
0.573574 0.702199
0.592755 0.635018
0.612051 0.782614
0.631452 0.729687
0.650949 0.975589
0.254794 0.371055
0.255654 0.388218
0.258214 0.311379
0.262427 0.293573
0.268213 0.364747
0.275475 0.238936
0.284098 0.264836
0.293962 0.385893
0.304949 0.258066
0.316939 0.331276
0.329826 0.379767
0.343506 0.247451
0.35789 0.269258
0.372896 0.335032
0.388452 0.598808
0.404495 0.35244
0.420968 0.412319
0.437824 0.471735
0.455019 0.389812
0.472517 0.372794
0.490285 0.500145
0.508295 0.60388
0.526523 0.479526
0.544945 0.531588
0.563544 0.625719
0.582302 0.515156
0.601204 0.76577
0.620238 0.750283
0.639391 0.737974
0.658653 0.775431
0.275475 0.425256
0.27627 0.413998
0.278641 0.44486
0.282549 0.347618
0.287932 0.389593
0.294708 0.244794
0.302783 0.49373
0.312058 0.392161
0.322428 0.288236
0.333792 0.262439
0.346051 0.299047
0.359114 0.298012
0.372896 0.475346
0.387322 0.340163
0.40232 0.40636
0.417831 0.370447
0.433798 0.424267
0.450173 0.369189
0.466914 0.796239
0.483982 0.386014
0.501344 0.579576
0.518971 0.519539
0.536836 0.574765
0.554916 0.606415
0.573191 0.894974
0.591643 0.606775
0.610257 0.952036
0.629016 0.831426
0.64791 0.983724
0.666926 0.866845
0.296192 0.383863
0.296932 0.307925
0.299139 0.282153
0.302783 0.398437
0.307812 0.408635
0.314159 0.322697
0.321747 0.304362
0.33049 0.295455
0.340299 0.333955
0.351085 0.234212
0.36276 0.390874
0.375242 0.31732
0.388452 0.341863
0.40232 0.28771
0.416779 0.412514
0.431771 0.341184
0.44724 0.414131
0.463141 0.447647
0.479429 0.403921
0.496067 0.781519
0.51302 0.493732
0.530258 0.581504
0.547755 0.525354
0.565487 0.533258
0.583431 0.831064
0.601569 0.881589
0.619884 0.64534
0.638361 0.77106
0.656986 0.855357
0.675747 1.06025
0.316939 0.513425
0.317631 0.302308
0.319696 0.367584
0.323108 0.29421
0.327825 0.237368
0.333792 0.216046
0.340943 0.255959
0.349205 0.362858
0.358503 0.446194
0.368756 0.189783
0.379889 0.377491
0.391825 0.300588
0.404495 0.498179
0.417831 0.462087
0.431771 0.402145
0.446259 0.360554
0.461243 0.390801
0.476676 0.461871
0.492517 0.529352
0.508727 0.539357
0.525272 0.412956
0.542121 0.570085
0.559247 0.765111
0.576625 0.53829
0.594233 0.883422
0.612051 0.780494
0.630061 0.679182
0.648248 0.842458
0.666597 1.04691
0.685095 0.949293
0.337711 0.266098
0.33836 0.3711
0.340299 0.295957
0.343506 0.255935
0.347947 0.243389
0.353575 0.363383
0.360333 0.329195
0.368161 0.328641
0.376991 0.32015
0.386755 0.290678
0.397384 0.268273
0.40881 0.383409
0.420968 0.351406
0.433798 0.342221
0.44724 0.339786
0.461243 0.360141
0.475755 0.458348
0.490732 0.506725
0.506133 0.454584
0.521921 0.65103
0.53806 0.637108
0.554521 0.552396
0.571275 0.554526
0.588298 0.774588
0.605566 0.651736
0.623061 0.673105
0.640762 0.843945
0.658653 0.798179
0.67672 0.768776
0.694948 1.14403
0.358503 0.271007
0.359114 0.292745
0.360942 0.248827
0.363967 0.274553
0.368161 0.4136
0.373484 0.310046
0.379889 0.488944
0.387322 0.227664
0.395724 0.320453
0.405037 0.334562
0.415198 0.390399
0.426146 0.440546
0.437824 0.380221
0.450173 0.394525
0.463141 0.45317
0.476676 0.42918
0.490732 0.342972
0.505266 0.454042
0.520237 0.490834
0.535609 0.66131
0.551347 0.545236
0.567423 0.835547
0.583807 0.763269
0.600474 0.718295
0.617403 0.404718
0.634571 0.714349
0.651959 0.613647
0.669552 0.935189
0.687332 1.00044
0.705286 0.947921
0.379311 0.312278
0.379889 0.337339
0.381617 0.392705
0.38448 0.349276
0.388452 0.349575
0.393501 0.308276
0.399585 0.305744
0.406658 0.29715
0.414669 0.410894
0.423565 0.411168
0.433292 0.396156
0.443794 0.410129
0.455019 0.418091
0.466914 0.362047
0.479429 0.367093
0.492517 0.444188
0.506133 0.498728
0.520237 0.533825
0.534789 0.526379
0.549754 0.544084
0.565099 0.762448
0.580794 0.742415
0.596811 0.716119
0.613125 0.809483
0.629713 0.70013
0.646554 0.831147
0.663629 0.836172
0.68092 0.971373
0.698411 1.1136
0.716087 1.08751
0.400134 0.452918
0.400681 0.381303
0.40232 0.321756
0.405037 0.368671
0.40881 0.332248
0.41361 0.315475
0.419402 0.349923
0.426146 0.425054
0.433798 0.314039
0.442309 0.447551
0.451632 0.51166
0.461718 0.499051
0.472517 0.441374
0.483982 0.637622
0.496067 0.382631
0.508727 0.404649
0.521921 0.500158
0.535609 0.55758
0.549754 0.528198
0.564322 0.697842
0.579281 0.826542
0.594602 0.665046
0.610257 0.807704
0.626221 0.893397
0.642471 0.689008
0.658986 1.09918
0.675747 1.09484
0.692735 0.96744
0.709935 1.11818
0.727331 0.903245
0.420968 0.311832
0.421489 0.404065
0.423047 0.501138
0.425631 0.321599
0.429223 0.548784
0.433798 0.372999
0.439324 0.339599
0.445767 0.427839
0.453087 0.408923
0.461243 0.335657
0.470191 0.485364
0.479886 0.476498
0.490285 0.470859
0.501344 0.462594
0.51302 0.525358
0.525272 0.665946
0.53806 0.505461
0.551347 0.687049
0.565099 0.685952
0.579281 0.710859
0.593864 0.633689
0.608817 0.721552
0.624116 0.876218
0.639734 0.717661
0.655649 0.868797
0.671841 0.899627
0.688288 1.06694
0.704975 1.13665
0.721883 1.15095
0.738998 1.32499
0.441813 0.558218
0.442309 0.473284
0.443794 0.288976
0.446259 0.435803
0.449686 0.452018
0.454054 0.332194
0.459337 0.377107
0.465503 0.493354
0.472517 0.460771
0.480343 0.520141
0.488941 0.453856
0.498272 0.526054
0.508295 0.452215
0.518971 0.56712
0.530258 0.622764
0.542121 0.712565
0.554521 0.73536
0.567423 0.891718
0.580794 0.627988
0.594602 0.693999
0.608817 0.618472
0.623412 0.672381
0.638361 0.851256
0.653639 0.961026
0.669224 0.847608
0.685095 1.01495
0.701232 0.974412
0.717617 1.25614
0.734234 1.26909
0.751068 1.26731
0.462667 0.461389
0.463141 0.402275
0.464559 0.309951
0.466914 0.289063
0.470191 0.359093
0.47437 0.53815
0.479429 0.538587
0.48534 0.403087
0.492071 0.426218
0.499591 0.410735
0.507864 0.57427
0.516853 0.597989
0.526523 0.439575
0.536836 0.643991
0.547755 0.667466
0.559247 0.59002
0.571275 0.656948
0.583807 0.653466
0.596811 0.726838
0.610257 0.76906
0.624116 0.664099
0.638361 0.786966
0.652968 0.879285
0.667912 0.701803
0.683171 1.10719
0.698725 0.924419
0.714554 1.21012
0.730641 1.01472
0.746968 1.43436
0.763521 1.23962
0.483529 0.514513
0.483982 0.553597
0.48534 0.500508
0.487594 0.440674
0.490732 0.466242
0.494739 0.495139
0.499591 0.509507
0.505266 0.547911
0.511736 0.556392
0.518971 0.510633
0.526939 0.551292
0.535609 0.574831
0.544945 0.56274
0.554916 0.515024
0.565487 0.647615
0.576625 0.637774
0.588298 0.594317
0.600474 0.795226
0.613125 0.757103
0.626221 0.785569
0.639734 0.593564
0.653639 0.792856
0.667912 0.932754
0.682529 0.947906
0.697468 1.07702
0.71271 1.10743
0.728235 1.08546
0.744026 1.15088
0.760066 1.08898
0.77634 1.3061
0.504397 0.464135
0.504832 0.654939
0.506133 0.490729
0.508295 0.524359
0.511307 0.492794
0.515153 0.588372
0.519815 0.468506
0.525272 0.521192
0.531498 0.498377
0.538467 0.531875
0.546151 0.639786
0.554521 0.650466
0.563544 0.673841
0.573191 0.599518
0.583431 0.740712
0.594233 0.538352
0.605566 0.68634
0.617403 0.81591
0.629713 0.681496
0.642471 0.906721
0.655649 0.882878
0.669224 0.743558
0.683171 1.03848
0.697468 0.887643
0.712094 0.954158
0.72703 1.02762
0.742256 0.864894
0.757754 1.34063
0.77351 1.54269
0.789506 1.14755
0.525272 0.480599
0.525689 0.556679
0.526939 0.482368
0.529016 0.545776
0.53191 0.459549
0.535609 0.628697
0.540094 0.607657
0.545348 0.556013
0.551347 0.81399
0.558069 0.523117
0.565487 0.607614
0.573574 0.712152
0.582302 0.657627
0.591643 0.742661
0.601569 0.763081
0.612051 0.782314
0.623061 0.756192
0.634571 0.798221
0.646554 1.01479
0.658986 0.901245
0.671841 0.869769
0.685095 0.90207
0.698725 0.842877
0.71271 0.789793
0.72703 1.02638
0.741664 1.61713
0.756596 1.12569
0.771807 1.5463
0.787281 1.45416
0.803003 1.37816
0.546151 0.455881
0.546553 0.533142
0.547755 0.516197
0.549754 0.608084
0.552539 0.707152
0.5561 0.515044
0.560422 0.471278
0.565487 0.743632
0.571275 0.725183
0.577765 0.668678
0.584933 0.841055
0.592755 0.552002
0.601204 0.759211
0.610257 0.644005
0.619884 0.677361
0.630061 0.754027
0.640762 0.697304
0.651959 0.765239
0.663629 0.797948
0.675747 0.97609
0.688288 0.99148
0.701232 0.869896
0.714554 0.903275
0.728235 1.03477
0.742256 1.06541
0.756596 1.16943
0.771238 1.6437
0.786166 1.29258
0.801363 1.40257
0.816814 1.28471
0.567036 0.722531
0.567423 0.722107
0.568581 0.658341
0.570506 0.635662
0.573191 0.618673
0.576625 0.664323
0.580794 0.737889
0.585682 0.814956
0.591273 0.652238
0.597545 0.746343
0.604479 0.759609
0.612051 0.798057
0.620238 0.939138
0.629016 0.680406
0.638361 0.697027
0.648248 0.772441
0.658653 0.902219
0.669552 0.746367
0.68092 1.1794
0.692735 0.716591
0.704975 0.935901
0.717617 1.18062
0.730641 1.3922
0.744026 1.20249
0.757754 1.13005
0.771807 1.50998
0.786166 1.09426
0.800815 1.4431
0.815739 1.86409
0.830923 1.59134
0.587925 0.686706
0.588298 0.713206
0.589415 0.743043
0.591273 0.639653
0.593864 0.50409
0.597178 0.748136
0.601204 0.705643
0.605928 0.773146
0.611334 0.747371
0.617403 0.635724
0.624116 0.942973
0.631452 1.04608
0.639391 0.830459
0.64791 0.645597
0.656986 0.95689
0.666597 0.793082
0.67672 0.931985
0.687332 1.15652
0.698411 1.0228
0.709935 1.03682
0.721883 1.29607
0.734234 1.09542
0.746968 1.46241
0.760066 1.4096
0.77351 1.38021
0.787281 1.41191
0.801363 1.465
0.815739 1.63545
0.830395 1.14816
0.845316 1.09225
0.608817 0.841216
0.609177 0.71281
0.610257 0.803605
0.612051 0.700642
0.614554 0.721297
0.617758 0.626131
0.621651 0.731582
0.626221 0.684439
0.631452 0.724591
0.63733 0.742136
0.643835 0.869789
0.650949 1.05423
0.658653 1.03001
0.666926 0.8493
0.675747 0.955356
0.685095 0.942905
0.694948 1.05623
0.705286 1.06831
0.716087 1.30888
0.727331 1.30333
0.738998 1.17907
0.751068 0.901731
0.763521 1.20879
0.77634 1.48197
0.789506 1.34009
0.803003 1.36491
0.816814 1.02904
0.830923 1.24596
0.845316 1.27181
0.859978 1.23585
0.0628319 5.07869
0.0662306 10.692
0.0755145 73.0397
0.0888577 5.42638
0.10472 7.28444
0.122123 37.7737
0.140496 0.627143
0.159504 1.77477
0.178945 0.694169
0.198692 0.456072
0.218661 0.345638
0.238798 0.342999
0.259062 0.150701
0.279427 0.262008
0.299872 0.308679
0.320381 0.282054
0.340943 0.272793
0.361549 0.316069
0.382191 0.344625
0.402865 0.328067
0.423565 0.272711
0.444288 0.485455
0.465031 0.554695
0.485791 0.431251
0.506567 0.461202
0.527355 0.823182
0.548156 0.546425
0.568967 0.534461
0.589787 0.570197
0.610616 0.854196
0.0662306 15.596
0.0694632 9.36075
0.0783651 0.788014
0.0912926 1.33855
0.106794 2.96162
0.123906 9.14835
0.142049 1.3946
0.160874 2.861
0.180167 2.32369
0.199793 0.596115
0.219662 0.466466
0.239714 0.415612
0.259908 0.273391
0.280211 0.589327
0.300602 0.270463
0.321065 0.234983
0.341586 0.284842
0.362155 0.346449
0.382765 0.322327
0.403409 0.290867
0.424083 0.381583
0.444782 0.351225
0.465503 0.392072
0.486243 0.554949
0.506999 0.468566
0.527771 0.516666
0.548556 0.761931
0.569352 0.57173
0.590159 0.660464
0.610975 0.664229
0.0755145 4.39656
0.0783651 11.4689
0.0863541 23.9303
0.0982358 11.1396
0.112787 5.57392
0.129107 8.92245
0.146608 1.58229
0.164913 1.23826
0.183782 6.76267
0.203059 0.32663
0.222637 0.404912
0.242444 1.12694
0.262427 0.384371
0.282549 0.44756
0.302783 0.294299
0.323108 0.389546
0.343506 0.331581
0.363967 0.260452
0.38448 0.392423
0.405037 0.30118
0.425631 0.329915
0.446259 0.475842
0.466914 0.428332
0.487594 0.460241
0.508295 0.580291
0.529016 0.49418
0.549754 0.556855
0.570506 0.663215
0.591273 0.726516
0.612051 0.825108
0.0888577 2.11125
0.0912926 39.1461
0.0982358 5.64042
0.108828 4.00941
0.122123 4.35853
0.137339 11.0937
0.153906 0.542411
0.171434 0.563097
0.189656 0.429382
0.20839 0.33142
0.22751 0.569257
0.246926 0.358003
0.266573 0.224852
0.286404 0.366373
0.306384 0.249682
0.326484 0.461631
0.346684 0.305189
0.366968 0.224103
0.387322 0.289446
0.407735 0.31627
0.4282 0.432009
0.448709 0.45172
0.469257 0.4259
0.489838 0.414253
0.510448 0.540705
0.531085 0.468678
0.551745 0.763875
0.572425 0.734973
0.593124 0.529153
0.61384 0.925749
0.10472 13.6371
0.106794 11.1675
0.112787 6.35207
0.122123 4.79577
0.134107 9.87653
0.148096 6.16536
0.163577 1.08001
0.180167 1.03464
0.197585 0.507921
0.215631 0.997974
0.23416 0.56221
0.253067 0.285653
0.272271 0.327157
0.291715 0.346228
0.311354 0.48286
0.331153 0.329072
0.351085 0.358418
0.371128 0.324921
0.391265 0.331966
0.411483 0.352745
0.431771 0.365465
0.452118 0.428266
0.472517 0.553825
0.492962 0.504249
0.513447 0.545558
0.533968 0.458466
0.554521 0.849041
0.575101 0.642047
0.595707 0.663409
0.616336 0.757474
0.122123 3.31489
0.123906 25.3895
0.129107 5.45391
0.137339 16.0678
0.148096 1.79898
0.160874 2.06734
0.17523 0.855436
0.190808 1.76658
0.207335 0.901011
0.224599 0.582426
0.242444 0.533908
0.26075 0.414067
0.279427 0.306676
0.298405 0.388614
0.317631 0.316655
0.337061 0.3121
0.356663 0.294805
0.376409 0.438575
0.396278 0.329714
0.416253 0.382602
0.436318 0.6637
0.456463 0.48261
0.476676 0.398608
0.49695 0.515222
0.517277 0.511696
0.537652 0.624563
0.558069 0.742469
0.578523 0.563776
0.599012 0.794508
0.61953 0.92742
0.140496 4.27573
0.142049 4.87433
0.146608 1.07636
0.153906 3.72317
0.163577 5.0674
0.17523 1.48977
0.188496 0.658797
0.203059 0.49835
0.218661 0.473639
0.235095 0.261605
0.252199 0.341919
0.269844 0.211912
0.287932 0.283242
0.306384 0.33744
0.325138 0.328319
0.344144 0.393912
0.363364 0.227603
0.382765 0.312982
0.40232 0.347628
0.422009 0.433344
0.441813 0.298454
0.461718 0.636286
0.481711 0.432466
0.501781 0.471659
0.521921 0.463307
0.542121 0.726562
0.562375 0.553526
0.582679 0.807469
0.603026 0.727978
0.623412 0.841173
0.159504 1.22199
0.160874 1.39657
0.164913 0.630117
0.171434 1.46611
0.180167 1.28007
0.190808 0.618533
0.203059 0.923389
0.216646 0.471605
0.231334 0.286101
0.246926 0.328777
0.263261 0.35403
0.280211 0.267367
0.297669 0.355062
0.315552 0.25956
0.333792 0.276868
0.352332 0.446298
0.371128 0.432303
0.390143 0.388017
0.409346 0.404922
0.428712 0.417443
0.44822 0.406508
0.467852 0.645578
0.487594 0.476113
0.507432 0.506558
0.527355 0.553352
0.547355 0.622327
0.567423 0.540066
0.587552 0.833726
0.607736 0.85753
0.627969 0.574128
0.178945 0.747164
0.180167 3.29695
0.183782 0.770313
0.189656 0.461454
0.197585 1.27466
0.207335 0.407498
0.218661 0.596185
0.231334 0.658835
0.245143 0.316266
0.259908 0.268249
0.275475 0.261588
0.291715 0.366192
0.308524 0.626351
0.325811 0.288831
0.343506 0.315317
0.361549 0.298917
0.379889 0.316558
0.398486 0.386857
0.417305 0.273653
0.436318 0.367013
0.455501 0.375521
0.474832 0.352485
0.494295 0.457348
0.513874 0.452242
0.533557 0.510558
0.553333 0.480755
0.573191 0.597123
0.593124 0.697537
0.613125 0.817774
0.633187 0.763855
0.198692 0.482691
0.199793 0.393305
0.203059 1.41523
0.20839 0.365705
0.215631 0.602941
0.224599 1.12994
0.235095 0.589234
0.246926 0.4394
0.259908 0.565513
0.273878 0.427032
0.288692 0.268938
0.304228 0.220349
0.320381 0.340956
0.337061 0.241161
0.354194 0.378944
0.371718 0.278449
0.38958 0.329524
0.407735 0.324607
0.426146 0.381503
0.444782 0.386356
0.463614 0.551127
0.482621 0.415371
0.501781 0.508141
0.521079 0.547264
0.5405 0.712746
0.56003 0.622817
0.57966 0.772544
0.599378 0.730916
0.619176 0.855736
0.639048 0.55657
0.218661 0.300031
0.219662 0.560688
0.222637 1.11757
0.22751 1.3305
0.23416 0.768824
0.242444 0.357241
0.252199 0.297909
0.263261 0.633298
0.275475 0.254561
0.288692 0.316161
0.302783 0.483944
0.317631 0.346935
0.333134 0.26745
0.349205 0.299371
0.36577 0.298455
0.382765 0.360841
0.400134 0.435083
0.417831 0.365674
0.435815 0.445495
0.454054 0.502485
0.472517 0.544142
0.491179 0.498242
0.510019 0.447302
0.529016 0.653408
0.548156 0.700219
0.567423 0.910856
0.586805 0.710386
0.60629 0.823844
0.62587 0.721952
0.645536 0.929214
0.238798 0.582316
0.239714 0.312303
0.242444 0.657051
0.246926 0.933141
0.253067 0.349902
0.26075 0.37437
0.269844 0.446081
0.280211 0.523555
0.291715 0.281397
0.304228 0.359886
0.317631 0.23556
0.331815 0.340124
0.346684 0.415134
0.362155 0.354124
0.378153 0.389283
0.394614 0.420496
0.411483 0.258088
0.428712 0.420515
0.446259 0.401958
0.464087 0.443388
0.482166 0.540829
0.500468 0.459877
0.518971 0.640763
0.537652 0.610081
0.556495 0.657726
0.575482 0.592097
0.594602 0.899486
0.61384 0.886825
0.633187 0.876761
0.652632 1.05427
0.259062 0.263957
0.259908 0.398855
0.262427 0.28613
0.266573 0.395048
0.272271 0.635516
0.279427 0.425103
0.287932 0.383812
0.297669 0.22255
0.308524 0.313912
0.320381 0.378549
0.333134 0.278639
0.346684 0.279441
0.360942 0.286325
0.375826 0.46789
0.391265 0.408707
0.407197 0.418998
0.423565 0.387303
0.440321 0.407813
0.457423 0.427288
0.474832 0.457168
0.492517 0.368304
0.510448 0.428991
0.528601 0.574489
0.546954 0.528326
0.565487 0.484297
0.584182 0.604137
0.603026 0.668261
0.622004 0.791181
0.641104 0.818697
0.660316 0.989805
0.279427 0.329336
0.280211 0.580738
0.282549 0.356227
0.286404 0.345623
0.291715 0.27029
0.298405 0.276904
0.306384 0.324967
0.315552 0.274447
0.325811 0.252806
0.337061 0.479354
0.349205 0.301806
0.362155 0.323488
0.375826 0.455817
0.390143 0.48024
0.405037 0.310114
0.420447 0.370823
0.436318 0.36979
0.452603 0.402643
0.469257 0.519315
0.486243 0.390211
0.503527 0.526694
0.521079 0.698742
0.538874 0.554193
0.556889 0.541002
0.575101 0.549167
0.593494 0.822291
0.612051 0.600885
0.630757 0.754947
0.6496 0.599841
0.668568 0.965847
0.299872 0.273513
0.300602 0.356445
0.302783 0.287805
0.306384 0.331973
0.311354 0.283128
0.317631 0.330298
0.325138 0.279479
0.333792 0.238061
0.343506 0.476389
0.354194 0.376005
0.36577 0.374075
0.378153 0.235401
0.391265 0.35158
0.405037 0.34428
0.419402 0.398481
0.434303 0.480628
0.449686 0.428986
0.465503 0.391686
0.481711 0.545308
0.498272 0.553922
0.515153 0.48871
0.532323 0.655266
0.549754 0.590811
0.567423 0.527324
0.585308 0.705913
0.603389 0.861782
0.621651 0.771516
0.640077 0.773572
0.658653 0.952977
0.677368 1.18976
0.320381 0.548051
0.321065 0.548626
0.323108 0.444794
0.326484 0.27042
0.331153 0.320369
0.337061 0.264686
0.344144 0.212298
0.352332 0.291878
0.361549 0.269548
0.371718 0.312438
0.382765 0.456864
0.394614 0.350878
0.407197 0.402623
0.420447 0.405797
0.434303 0.477261
0.448709 0.372009
0.463614 0.392639
0.478971 0.516911
0.494739 0.684295
0.510878 0.605106
0.527355 0.576152
0.54414 0.52885
0.561204 0.566441
0.578523 0.97401
0.596075 0.720396
0.61384 0.958109
0.6318 0.673273
0.649938 0.757919
0.66824 1.11752
0.686693 1.09682
0.340943 0.289296
0.341586 0.390314
0.343506 0.70888
0.346684 0.52482
0.351085 0.334771
0.356663 0.343428
0.363364 0.273475
0.371128 0.371081
0.379889 0.23875
0.38958 0.338532
0.400134 0.30108
0.411483 0.4823
0.423565 0.445361
0.436318 0.3948
0.449686 0.377845
0.463614 0.424473
0.478055 0.416631
0.492962 0.447142
0.508295 0.786928
0.524017 0.660632
0.540094 0.592144
0.556495 0.66091
0.573191 0.708775
0.590159 0.704243
0.607375 0.674117
0.624818 0.818928
0.642471 0.934191
0.660316 0.927603
0.678338 0.943277
0.696524 1.52462
0.361549 0.281966
0.362155 0.347495
0.363967 0.417602
0.366968 0.257384
0.371128 0.292764
0.376409 0.355214
0.382765 0.443328
0.390143 0.30204
0.398486 0.373449
0.407735 0.409878
0.417831 0.291745
0.428712 0.35937
0.440321 0.454334
0.452603 0.47437
0.465503 0.636402
0.478971 0.506402
0.492962 0.435004
0.507432 0.54117
0.522341 0.501025
0.537652 0.608784
0.553333 0.588843
0.569352 0.737711
0.585682 0.758634
0.602298 0.67881
0.619176 0.744005
0.636296 0.996078
0.653639 1.11905
0.671187 0.827257
0.688925 0.989584
0.706839 1.16144
0.382191 0.259794
0.382765 0.369639
0.38448 0.215166
0.387322 0.470955
0.391265 0.357037
0.396278 0.311612
0.40232 0.284846
0.409346 0.545957
0.417305 0.484287
0.426146 0.490787
0.435815 0.406585
0.446259 0.369189
0.457423 0.375613
0.469257 0.468294
0.481711 0.517006
0.494739 0.49343
0.508295 0.642042
0.522341 0.396869
0.536836 0.524468
0.551745 0.576234
0.567036 0.786403
0.582679 0.657701
0.598645 0.877433
0.614911 0.730754
0.631452 0.975821
0.648248 0.673271
0.66528 1.05919
0.682529 0.811669
0.699979 0.964986
0.717617 1.36526
0.402865 0.605703
0.403409 0.293493
0.405037 0.340357
0.407735 0.431425
0.411483 0.297589
0.416253 0.532617
0.422009 0.430462
0.428712 0.453452
0.436318 0.417593
0.444782 0.387944
0.454054 0.305001
0.464087 0.525016
0.474832 0.443314
0.486243 0.496318
0.498272 0.430691
0.510878 0.643648
0.524017 0.587838
0.537652 0.529093
0.551745 0.478223
0.566262 0.485839
0.581171 0.647243
0.596443 0.76342
0.612051 0.852795
0.627969 0.86627
0.644175 0.906265
0.660648 1.00708
0.677368 0.985997
0.694316 1.00841
0.711478 0.988018
0.728837 1.17321
0.423565 0.460133
0.424083 0.385938
0.425631 0.406313
0.4282 0.402227
0.431771 0.431798
0.436318 0.377811
0.441813 0.492057
0.44822 0.320289
0.455501 0.352341
0.463614 0.301964
0.472517 0.357638
0.482166 0.428346
0.492517 0.545572
0.503527 0.691163
0.515153 0.753939
0.527355 0.62627
0.540094 0.590262
0.553333 0.670437
0.567036 0.726583
0.581171 0.562067
0.595707 0.627297
0.610616 0.771785
0.62587 0.749725
0.641446 0.959902
0.65732 0.953173
0.673471 1.1575
0.68988 1.09499
0.706529 0.92356
0.723401 1.20646
0.74048 1.17092
0.444288 0.414785
0.444782 0.449642
0.446259 0.329939
0.448709 0.402597
0.452118 0.496925
0.456463 0.407161
0.461718 0.450552
0.467852 0.346975
0.474832 0.425183
0.482621 0.457332
0.491179 0.557192
0.500468 0.559467
0.510448 0.619174
0.521079 0.590662
0.532323 0.561187
0.54414 0.560645
0.556495 0.519956
0.569352 0.564098
0.582679 0.538496
0.596443 0.653532
0.610616 0.641111
0.625169 0.664973
0.640077 0.820465
0.655315 0.747708
0.670861 0.933783
0.686693 0.705017
0.702794 1.02977
0.719143 1.1762
0.735726 1.49961
0.752526 1.36187
0.465031 0.359565
0.465503 0.467117
0.466914 0.45883
0.469257 0.413867
0.472517 0.431084
0.476676 0.387581
0.481711 0.413982
0.487594 0.652664
0.494295 0.435779
0.501781 0.560588
0.510019 0.385428
0.518971 0.510542
0.528601 0.509147
0.538874 0.622139
0.549754 0.50849
0.561204 0.606085
0.573191 0.581995
0.585682 1.06544
0.598645 0.691744
0.612051 0.781584
0.62587 0.752513
0.640077 0.807853
0.654645 0.618994
0.669552 0.978662
0.684774 1.01892
0.700293 1.38458
0.716087 0.873719
0.73214 1.38338
0.748435 1.25993
0.764956 1.1207
0.485791 0.418395
0.486243 0.530305
0.487594 0.453391
0.489838 0.605896
0.492962 0.504199
0.49695 0.479883
0.501781 0.562953
0.507432 0.344422
0.513874 0.586554
0.521079 0.522356
0.529016 0.509084
0.537652 0.620498
0.546954 0.52011
0.556889 0.42
0.567423 0.746679
0.578523 0.622306
0.590159 0.720154
0.602298 0.779481
0.614911 0.693091
0.627969 0.701997
0.641446 0.928798
0.655315 0.950416
0.669552 1.00247
0.684133 1.15367
0.699039 1.06175
0.714247 1.35654
0.72974 0.987082
0.745499 1.09362
0.761508 1.18667
0.777751 1.20881
0.506567 0.734201
0.506999 0.57706
0.508295 0.459068
0.510448 0.525973
0.513447 0.548768
0.517277 0.453348
0.521921 0.533104
0.527355 0.526166
0.533557 0.549041
0.5405 0.647154
0.548156 0.586991
0.556495 0.839602
0.565487 0.592126
0.575101 0.482459
0.585308 0.650873
0.596075 0.761958
0.607375 0.69581
0.619176 0.781739
0.631452 0.868184
0.644175 1.12024
0.65732 0.986218
0.670861 0.781751
0.684774 0.810972
0.699039 1.13935
0.713633 1.03391
0.728536 0.970639
0.743731 1.2074
0.7592 1.02568
0.774926 1.56194
0.790894 1.40814
0.527355 0.63596
0.527771 0.648172
0.529016 0.505328
0.531085 0.520317
0.533968 0.471557
0.537652 0.62983
0.542121 0.624711
0.547355 0.613187
0.553333 0.711968
0.56003 0.676185
0.567423 0.50051
0.575482 0.567575
0.584182 0.573486
0.593494 0.737432
0.603389 0.820207
0.61384 0.757831
0.624818 0.948443
0.636296 0.87002
0.648248 0.76753
0.660648 1.05334
0.673471 0.857568
0.686693 1.04231
0.700293 1.15785
0.714247 1.12652
0.728536 1.08952
0.743141 1.1372
0.758044 1.40197
0.773226 1.36803
0.788673 1.36197
0.804368 1.24354
0.548156 0.78414
0.548556 0.534311
0.549754 0.548496
0.551745 0.659503
0.554521 0.583128
0.558069 0.405044
0.562375 0.744215
0.567423 0.664621
0.573191 0.686127
0.57966 0.779077
0.586805 0.62966
0.594602 0.570042
0.603026 0.769817
0.612051 0.613693
0.621651 0.926393
0.6318 0.763198
0.642471 0.770388
0.653639 0.915936
0.66528 0.723997
0.677368 0.917369
0.68988 0.937964
0.702794 0.986554
0.716087 1.10269
0.72974 1.28661
0.743731 1.0693
0.758044 1.06211
0.772659 1.08918
0.787559 1.50266
0.80273 1.58535
0.818156 1.18623
0.568967 0.83627
0.569352 0.694154
0.570506 0.599569
0.572425 0.691171
0.575101 0.564954
0.578523 0.516374
0.582679 0.616875
0.587552 0.755977
0.593124 0.64437
0.599378 0.691295
0.60629 0.797564
0.61384 0.866563
0.622004 0.690615
0.630757 0.934428
0.640077 0.825202
0.649938 0.910516
0.660316 0.764154
0.671187 0.852142
0.682529 1.19568
0.694316 1.02288
0.706529 0.983076
0.719143 1.44611
0.73214 1.02043
0.745499 1.39314
0.7592 1.32583
0.773226 1.32289
0.787559 1.43086
0.802183 1.253
0.817083 1.18103
0.832242 1.2697
0.589787 0.625602
0.590159 0.734523
0.591273 0.608168
0.593124 0.615995
0.595707 0.752088
0.599012 0.726276
0.603026 0.718465
0.607736 0.793959
0.613125 0.713026
0.619176 0.606736
0.62587 0.723125
0.633187 0.777445
0.641104 0.702598
0.6496 0.740978
0.658653 0.68005
0.66824 0.846075
0.678338 0.877367
0.688925 0.775167
0.699979 0.910196
0.711478 1.28958
0.723401 1.0467
0.735726 1.16302
0.748435 1.14894
0.761508 1.68641
0.774926 1.07032
0.788673 1.49584
0.80273 1.55371
0.817083 1.39076
0.831715 1.42589
0.846612 1.37406
0.610616 0.662344
0.610975 0.824584
0.612051 0.795932
0.61384 0.658203
0.616336 0.985639
0.61953 0.95632
0.623412 0.741369
0.627969 0.642368
0.633187 0.694889
0.639048 0.859013
0.645536 1.07577
0.652632 0.997166
0.660316 0.799928
0.668568 0.974044
0.677368 1.04411
0.686693 0.919112
0.696524 1.26138
0.706839 1.27463
0.717617 1.17211
0.728837 0.944224
0.74048 1.25034
0.752526 1.28784
0.764956 1.40359
0.777751 1.41421
0.790894 1.55373
0.804368 1.23774
0.818156 1.30792
0.832242 1.18578
0.846612 1.37705
0.861252 1.18638
0.0837758 22.915
0.0863541 18.7149
0.0936642 4.53454
0.10472 9.75439
0.118477 1.53147
0.134107 5.34059
0.151029 0.571387
0.168856 2.64861
0.187328 0.844312
0.206274 0.401477
0.225573 0.303924
0.245143 0.324896
0.264922 0.282926
0.284869 0.576573
0.304949 0.291244
0.325138 0.286967
0.345416 0.48891
0.36577 0.274342
0.386187 0.428647
0.406658 0.479356
0.427174 0.450982
0.447731 0.431618
0.468321 0.480141
0.488941 0.575365
0.509588 0.422616
0.530258 0.581008
0.550949 0.518565
0.571659 0.736381
0.592384 0.671183
0.613125 0.700433
0.0863541 13.5772
0.0888577 3.84494
0.0959772 1.89743
0.106794 18.0861
0.120314 8.3195
0.135732 7.33917
0.152474 1.11411
0.170149 0.718827
0.188496 0.322738
0.207335 0.566948
0.226543 0.432386
0.246036 0.31337
0.265749 0.642327
0.285637 0.4953
0.305667 0.356387
0.325811 0.28069
0.346051 0.399189
0.36637 0.335061
0.386755 0.354796
0.407197 0.429607
0.427688 0.382633
0.44822 0.34902
0.468789 0.366048
0.48939 0.42016
0.510019 0.505381
0.530672 0.609273
0.551347 0.626105
0.572042 0.68054
0.592755 0.652802
0.613483 0.801519
0.0936642 6.49255
0.0959772 3.54695
0.102604 25.8261
0.112787 2.48923
0.125664 14.2602
0.140496 6.34173
0.15673 0.671585
0.173974 0.367945
0.191954 0.728043
0.210484 0.403394
0.229429 0.546664
0.248696 0.520583
0.268213 0.383904
0.287932 0.33272
0.307812 0.282167
0.327825 0.278194
0.347947 0.328949
0.368161 0.34339
0.388452 0.408232
0.40881 0.457236
0.429223 0.327573
0.449686 0.382564
0.470191 0.403319
0.490732 0.519783
0.511307 0.547218
0.53191 0.729697
0.552539 0.537496
0.573191 0.565021
0.593864 0.567117
0.614554 0.854055
0.10472 18.3847
0.106794 32.9194
0.112787 19.3075
0.122123 3.389
0.134107 1.04341
0.148096 0.92035
0.163577 0.675284
0.180167 0.891743
0.197585 0.706682
0.215631 0.598255
0.23416 0.431334
0.253067 0.385518
0.272271 0.418027
0.291715 0.281451
0.311354 0.238389
0.331153 0.413332
0.351085 0.407712
0.371128 0.314688
0.391265 0.356516
0.411483 0.474615
0.431771 0.37625
0.452118 0.469655
0.472517 0.480895
0.492962 0.378342
0.513447 0.554016
0.533968 0.563305
0.554521 0.760576
0.575101 0.830187
0.595707 0.697253
0.616336 0.785381
0.118477 1.00973
0.120314 35.7307
0.125664 0.744698
0.134107 2.41183
0.145104 8.42001
0.158123 1.01598
0.172708 2.20249
0.188496 2.08152
0.205208 0.4151
0.222637 0.302262
0.240628 0.371668
0.259062 0.24513
0.277853 0.373486
0.296932 0.27431
0.316247 0.440833
0.335757 0.251963
0.355431 0.368541
0.375242 0.313365
0.39517 0.36062
0.415198 0.376658
0.435312 0.520214
0.455501 0.425061
0.475755 0.571355
0.496067 0.537035
0.516429 0.555924
0.536836 0.654792
0.557282 0.748667
0.577765 0.619193
0.598279 0.902539
0.618822 0.867078
0.134107 0.688764
0.135732 3.96607
0.140496 6.79128
0.148096 1.7956
0.158123 0.748931
0.170149 0.847397
0.183782 0.627241
0.198692 0.928595
0.214612 0.268391
0.231334 0.24575
0.248696 0.330331
0.266573 0.34272
0.284869 0.390609
0.303507 0.356496
0.322428 0.219897
0.341586 0.250891
0.360942 0.342071
0.380466 0.222513
0.400134 0.363357
0.419925 0.399454
0.439823 0.560929
0.459814 0.416853
0.479886 0.430841
0.50003 0.509763
0.520237 0.490196
0.5405 0.580789
0.560813 0.441381
0.581171 0.608937
0.601569 0.638885
0.622004 0.813888
0.151029 9.44493
0.152474 1.64176
0.15673 1.41701
0.163577 0.75987
0.172708 0.607111
0.183782 0.738126
0.196472 1.42598
0.210484 0.664789
0.225573 0.912289
0.241537 0.460891
0.258214 0.537004
0.275475 0.357213
0.293215 0.205382
0.311354 0.439334
0.329826 0.381523
0.348577 0.405923
0.367565 0.413321
0.386755 0.328747
0.406118 0.288806
0.425631 0.409295
0.445275 0.468266
0.465031 0.406922
0.484888 0.580507
0.504832 0.589679
0.524854 0.580613
0.544945 0.403954
0.565099 0.605967
0.585308 0.571289
0.605566 0.749277
0.62587 0.847946
0.168856 0.617925
0.170149 2.36586
0.173974 0.858846
0.180167 0.938945
0.188496 1.29562
0.198692 0.549356
0.210484 0.564014
0.22362 0.25365
0.237878 0.448679
0.253067 0.29253
0.26903 0.455161
0.285637 0.26347
0.302783 0.24711
0.320381 0.266218
0.33836 0.231321
0.356663 0.26262
0.375242 0.33011
0.394058 0.283942
0.413079 0.528939
0.432278 0.430494
0.451632 0.467681
0.471123 0.544758
0.490732 0.446311
0.510448 0.469175
0.530258 0.507501
0.550153 0.569627
0.570122 0.713596
0.590159 0.638269
0.610257 0.747458
0.630409 1.01012
0.187328 1.25714
0.188496 0.93846
0.191954 1.92457
0.197585 0.898093
0.205208 0.267237
0.214612 0.554324
0.225573 0.459249
0.237878 0.525687
0.251327 0.396301
0.265749 0.214496
0.280993 0.406531
0.296932 0.312538
0.31346 0.245452
0.33049 0.318365
0.347947 0.282491
0.36577 0.27071
0.383909 0.303914
0.40232 0.285439
0.420968 0.370081
0.439823 0.543425
0.458859 0.469712
0.478055 0.53321
0.497391 0.391603
0.516853 0.56206
0.536427 0.684418
0.5561 0.880504
0.575863 0.801137
0.595707 0.712546
0.615624 0.91365
0.635607 1.0842
0.206274 0.515027
0.207335 1.95674
0.210484 0.580176
0.215631 0.644083
0.222637 0.355554
0.231334 0.336661
0.241537 0.481004
0.253067 0.510605
0.265749 0.608058
0.279427 0.751897
0.293962 0.374309
0.309234 0.35381
0.325138 0.39845
0.341586 0.319074
0.358503 0.252419
0.375826 0.295326
0.393501 0.313328
0.411483 0.444175
0.429734 0.425671
0.44822 0.336399
0.466914 0.381651
0.485791 0.527892
0.504832 0.368697
0.524017 0.473969
0.543333 0.528999
0.562765 0.806401
0.582302 0.553778
0.601934 0.69096
0.621651 0.987854
0.641446 0.761819
0.225573 0.485732
0.226543 0.869999
0.229429 0.74476
0.23416 0.356122
0.240628 0.8773
0.248696 0.441696
0.258214 0.575241
0.26903 0.315665
0.280993 0.617332
0.293962 0.272724
0.307812 0.352399
0.322428 0.399329
0.337711 0.30931
0.353575 0.36673
0.369944 0.324559
0.386755 0.392784
0.403952 0.442649
0.421489 0.261531
0.439324 0.437348
0.457423 0.35971
0.475755 0.638785
0.494295 0.564203
0.51302 0.453284
0.53191 0.797424
0.550949 0.648987
0.570122 0.618003
0.589415 0.885815
0.608817 0.809884
0.628319 0.720139
0.64791 0.941261
0.245143 0.346037
0.246036 0.463739
0.248696 0.324006
0.253067 0.331378
0.259062 0.346945
0.266573 0.458045
0.275475 0.256776
0.285637 0.318256
0.296932 0.199946
0.309234 0.246566
0.322428 0.463492
0.33641 0.566209
0.351085 0.281619
0.36637 0.32083
0.382191 0.242889
0.398486 0.353699
0.415198 0.446511
0.432278 0.558108
0.449686 0.365282
0.467383 0.559772
0.48534 0.555243
0.503527 0.408929
0.521921 0.535061
0.5405 0.610027
0.559247 0.639886
0.578144 0.812604
0.597178 0.761061
0.616336 0.94287
0.635607 0.858709
0.65498 0.938992
0.264922 0.323752
0.265749 0.338603
0.268213 0.36082
0.272271 0.450929
0.277853 0.2645
0.284869 0.463041
0.293215 0.432133
0.302783 0.319201
0.31346 0.443852
0.325138 0.28423
0.337711 0.444335
0.351085 0.305864
0.36517 0.219885
0.379889 0.301039
0.39517 0.432463
0.41095 0.369658
0.427174 0.401694
0.443794 0.550833
0.460767 0.399133
0.478055 0.351865
0.495624 0.489518
0.513447 0.523551
0.531498 0.546184
0.549754 0.694746
0.568195 0.779964
0.586805 0.682566
0.605566 0.694941
0.624467 0.650763
0.643494 0.766185
0.662637 0.845468
0.284869 0.348851
0.285637 0.481184
0.287932 0.370246
0.291715 0.512962
0.296932 0.490042
0.303507 0.334516
0.311354 0.243964
0.320381 0.402368
0.33049 0.437325
0.341586 0.357405
0.353575 0.186702
0.36637 0.410809
0.379889 0.239722
0.394058 0.322044
0.40881 0.516856
0.424083 0.415267
0.439823 0.436863
0.455982 0.456376
0.472517 0.463454
0.48939 0.343628
0.506567 0.502292
0.524017 0.529011
0.541716 0.63289
0.559639 0.953243
0.577765 0.507698
0.596075 0.75154
0.614554 0.585597
0.633187 0.647255
0.651959 0.855814
0.670861 0.920773
0.304949 0.314567
0.305667 0.233246
0.307812 0.420191
0.311354 0.341248
0.316247 0.543369
0.322428 0.385788
0.329826 0.237629
0.33836 0.409219
0.347947 0.235902
0.358503 0.389326
0.369944 0.267717
0.382191 0.324678
0.39517 0.617064
0.40881 0.463736
0.423047 0.339731
0.437824 0.433971
0.453087 0.499661
0.468789 0.509453
0.484888 0.455531
0.501344 0.428895
0.518125 0.452715
0.535199 0.527724
0.552539 0.663953
0.570122 0.733375
0.587925 0.786019
0.605928 0.736581
0.624116 0.779274
0.642471 0.952592
0.66098 0.882646
0.67963 1.14725
0.325138 0.305083
0.325811 0.422396
0.327825 0.483024
0.331153 0.232282
0.335757 0.363582
0.341586 0.276171
0.348577 0.290063
0.356663 0.318861
0.36577 0.287277
0.375826 0.334159
0.386755 0.266887
0.398486 0.528023
0.41095 0.363583
0.424083 0.421874
0.437824 0.351766
0.452118 0.543986
0.466914 0.600335
0.482166 0.482397
0.497832 0.477861
0.513874 0.618792
0.530258 0.697097
0.546954 0.800159
0.563933 0.639456
0.581171 0.663006
0.598645 0.870599
0.616336 0.761642
0.634225 0.871708
0.652296 0.830511
0.670534 0.904219
0.688925 1.01012
0.345416 0.293854
0.346051 0.265481
0.347947 0.424657
0.351085 0.293113
0.355431 0.247812
0.360942 0.47631
0.367565 0.395186
0.375242 0.273737
0.383909 0.367885
0.393501 0.290668
0.403952 0.475337
0.415198 0.444734
0.427174 0.480407
0.439823 0.326028
0.453087 0.339419
0.466914 0.579126
0.481255 0.45735
0.496067 0.590575
0.511307 0.695639
0.526939 0.623045
0.542929 0.602818
0.559247 0.765361
0.575863 0.735404
0.592755 0.707917
0.609897 0.663191
0.62727 0.833072
0.644856 0.687815
0.662637 1.00245
0.680598 1.1126
0.698725 0.988161
0.36577 0.332555
0.36637 0.285836
0.368161 0.350565
0.371128 0.450878
0.375242 0.393072
0.380466 0.353929
0.386755 0.383599
0.394058 0.373584
0.40232 0.3212
0.411483 0.309241
0.421489 0.335319
0.432278 0.583056
0.443794 0.436188
0.455982 0.302897
0.468789 0.353228
0.482166 0.445757
0.496067 0.40683
0.510448 0.471988
0.525272 0.582306
0.5405 0.619906
0.5561 0.617395
0.572042 0.697248
0.588298 0.781942
0.604842 0.661838
0.621651 0.778862
0.638705 0.847043
0.655984 0.944105
0.673471 0.893352
0.69115 1.07767
0.709008 1.00427
0.386187 0.230287
0.386755 0.338902
0.388452 0.270102
0.391265 0.304648
0.39517 0.40413
0.400134 0.47589
0.406118 0.472631
0.413079 0.471446
0.420968 0.313059
0.429734 0.26761
0.439324 0.401013
0.449686 0.341131
0.460767 0.680463
0.472517 0.384319
0.484888 0.347112
0.497832 0.675714
0.511307 0.580273
0.525272 0.541387
0.539688 0.504433
0.554521 0.611727
0.569737 0.787194
0.585308 0.629451
0.601204 0.739401
0.617403 0.734434
0.633879 0.784701
0.650612 0.904002
0.667583 0.958411
0.684774 0.99321
0.702169 1.14047
0.719753 1.25629
0.406658 0.327326
0.407197 0.372108
0.40881 0.25391
0.411483 0.390961
0.415198 0.335301
0.419925 0.412503
0.425631 0.414389
0.432278 0.4814
0.439823 0.509689
0.44822 0.352594
0.457423 0.47816
0.467383 0.483929
0.478055 0.409421
0.48939 0.448833
0.501344 0.515642
0.513874 0.467205
0.526939 0.548295
0.5405 0.708695
0.554521 0.503147
0.568967 0.58434
0.583807 0.626244
0.599012 0.765606
0.614554 1.01015
0.630409 0.775225
0.646554 0.915077
0.662968 1.12911
0.67963 0.852809
0.696524 1.32959
0.713633 0.898103
0.730941 1.14841
0.427174 0.40025
0.427688 0.370718
0.429223 0.478849
0.431771 0.309804
0.435312 0.470946
0.439823 0.47542
0.445275 0.325557
0.451632 0.331674
0.458859 0.393945
0.466914 0.396826
0.475755 0.389766
0.48534 0.579673
0.495624 0.458677
0.506567 0.527537
0.518125 0.562094
0.530258 0.611452
0.542929 0.636151
0.5561 0.733358
0.569737 0.644762
0.583807 0.768478
0.598279 0.482722
0.613125 0.681396
0.628319 0.824211
0.643835 0.745541
0.659651 0.71443
0.675747 0.806869
0.692102 1.11154
0.708698 1.09496
0.72552 1.03699
0.742551 1.28843
0.447731 0.331658
0.44822 0.36424
0.449686 0.373252
0.452118 0.383779
0.455501 0.342832
0.459814 0.536777
0.465031 0.467149
0.471123 0.399055
0.478055 0.400614
0.485791 0.487105
0.494295 0.628264
0.503527 0.530493
0.513447 0.522696
0.524017 0.632335
0.535199 0.552683
0.546954 0.691541
0.559247 0.706923
0.572042 0.477684
0.585308 0.745838
0.599012 0.797958
0.613125 0.778998
0.62762 0.594701
0.642471 0.657972
0.657653 0.837979
0.673145 1.29648
0.688925 0.934287
0.704975 0.969165
0.721275 1.01077
0.73781 1.32596
0.754564 1.32761
0.468321 0.542063
0.468789 0.441173
0.470191 0.375218
0.472517 0.384884
0.475755 0.417878
0.479886 0.468519
0.484888 0.481238
0.490732 0.581682
0.497391 0.389365
0.504832 0.49757
0.51302 0.448435
0.521921 0.493898
0.531498 0.58421
0.541716 0.506867
0.552539 0.640704
0.563933 0.650741
0.575863 0.596088
0.588298 0.650614
0.601204 0.630753
0.614554 0.717109
0.628319 0.947303
0.642471 0.843899
0.656986 0.939276
0.671841 0.882014
0.687013 0.885379
0.702481 1.13456
0.718228 0.789244
0.734234 1.49628
0.750483 1.23303
0.766961 1.48646
0.488941 0.66254
0.48939 0.398649
0.490732 0.52444
0.492962 0.460464
0.496067 0.6429
0.50003 0.412589
0.504832 0.635954
0.510448 0.49601
0.516853 0.576873
0.524017 0.361376
0.53191 0.606728
0.5405 0.47208
0.549754 0.697644
0.559639 0.644337
0.570122 0.751026
0.581171 0.647431
0.592755 0.658941
0.604842 0.736906
0.617403 0.67295
0.630409 0.689462
0.643835 0.731043
0.657653 0.632303
0.671841 1.20983
0.686374 0.846925
0.701232 1.3369
0.716393 1.23664
0.731841 1.19609
0.747555 1.23883
0.763521 1.05666
0.779723 1.2389
0.509588 0.418123
0.510019 0.498478
0.511307 0.487933
0.513447 0.538122
0.516429 0.554784
0.520237 0.540122
0.524854 0.413976
0.530258 0.565893
0.536427 0.501606
0.543333 0.57828
0.550949 0.58843
0.559247 0.587319
0.568195 0.543235
0.577765 0.786946
0.587925 0.676787
0.598645 0.774764
0.609897 0.650095
0.621651 0.696464
0.633879 0.814808
0.646554 0.624848
0.659651 0.93128
0.673145 0.900345
0.687013 1.10601
0.701232 1.13729
0.715781 1.05625
0.730641 0.86775
0.745793 1.07468
0.76122 1.5348
0.776905 1.67445
0.792833 1.38666
0.530258 0.492
0.530672 0.550953
0.53191 0.569706
0.533968 0.489673
0.536836 0.660548
0.5405 0.501998
0.544945 0.562986
0.550153 0.74173
0.5561 0.644094
0.562765 0.571669
0.570122 0.770589
0.578144 0.633612
0.586805 0.669767
0.596075 0.697946
0.605928 0.75444
0.616336 0.899056
0.62727 0.73843
0.638705 0.796529
0.650612 0.798501
0.662968 0.740507
0.675747 0.872093
0.688925 0.889241
0.702481 0.852691
0.716393 1.36378
0.730641 1.32084
0.745204 1.39682
0.760066 1.71144
0.775209 1.24902
0.790617 1.04363
0.806274 1.23121
0.550949 0.711908
0.551347 0.502184
0.552539 0.514658
0.554521 0.506075
0.557282 0.618862
0.560813 0.696876
0.565099 0.641758
0.570122 0.695538
0.575863 0.742468
0.582302 0.714492
0.589415 0.753976
0.597178 0.704241
0.605566 0.748707
0.614554 0.823082
0.624116 0.621993
0.634225 0.797241
0.644856 1.07086
0.655984 0.895624
0.667583 0.872548
0.67963 0.949689
0.692102 0.996103
0.704975 1.40811
0.718228 1.26681
0.731841 1.17683
0.745793 1.32667
0.760066 1.33076
0.774643 1.72056
0.789506 1.58483
0.80464 1.54379
0.82003 1.4727
0.571659 0.696788
0.572042 0.647434
0.573191 0.532966
0.575101 0.552145
0.577765 0.56224
0.581171 1.01886
0.585308 0.737534
0.590159 0.744823
0.595707 0.669338
0.601934 0.76512
0.608817 0.743186
0.616336 0.663533
0.624467 0.699994
0.633187 0.847729
0.642471 0.765609
0.652296 1.04316
0.662637 0.930408
0.673471 0.802632
0.684774 0.963817
0.696524 0.904921
0.708698 1.58773
0.721275 1.37032
0.734234 1.24255
0.747555 1.42989
0.76122 1.45302
0.775209 1.21354
0.789506 1.31924
0.804095 1.30361
0.818959 1.43612
0.834085 1.44253
0.592384 0.732893
0.592755 0.6614
0.593864 0.473303
0.595707 0.797096
0.598279 0.650968
0.601569 0.643305
0.605566 0.750546
0.610257 0.741716
0.615624 0.645395
0.621651 0.754911
0.628319 0.937355
0.635607 0.755989
0.643494 0.99824
0.651959 0.860628
0.66098 0.86179
0.670534 1.06607
0.680598 0.826011
0.69115 0.928296
0.702169 0.911293
0.713633 1.16005
0.72552 0.89158
0.73781 1.28214
0.750483 1.32204
0.763521 1.07506
0.776905 1.48198
0.790617 1.34418
0.80464 1.58308
0.818959 1.24851
0.833559 1.55029
0.848424 1.58619
0.613125 0.893652
0.613483 0.910239
0.614554 0.823002
0.616336 0.995676
0.618822 0.786817
0.622004 0.861497
0.62587 0.789248
0.630409 0.778751
0.635607 0.737705
0.641446 0.839477
0.64791 0.761668
0.65498 0.861272
0.662637 0.749946
0.670861 0.686305
0.67963 0.893396
0.688925 0.916562
0.698725 1.21451
0.709008 0.890845
0.719753 1.20392
0.730941 1.08332
0.742551 1.30287
0.754564 1.15142
0.766961 1.24966
0.779723 1.21008
0.792833 0.962714
0.806274 1.39843
0.82003 1.24213
0.834085 1.29724
0.848424 1.46686
0.863033 1.31042
0.10472 2.74915
0.106794 7.22438
0.112787 1.85025
0.122123 3.37391
0.134107 8.12936
0.148096 2.90359
0.163577 1.1122
0.180167 0.964942
0.197585 1.17053
0.215631 0.391181
0.23416 0.998551
0.253067 0.308012
0.272271 0.32825
0.291715 0.305088
0.311354 0.33934
0.331153 0.201769
0.351085 0.35033
0.371128 0.340557
0.391265 0.279719
0.411483 0.350268
0.431771 0.530081
0.452118 0.465966
0.472517 0.43348
0.492962 0.41203
0.513447 0.385493
0.533968 0.644563
0.554521 0.63694
0.575101 0.533674
0.595707 0.683969
0.616336 0.581252
0.106794 18.4058
0.108828 15.2731
0.114715 7.64141
0.123906 3.41106
0.135732 1.73808
0.14957 2.70545
0.164913 0.486386
0.18138 0.579359
0.198692 1.11907
0.216646 1.38241
0.235095 0.311093
0.253932 0.3046
0.273076 0.273875
0.292466 0.355324
0.312058 0.624426
0.331815 0.371266
0.351709 0.340345
0.371718 0.232623
0.391825 0.426713
0.412016 0.304628
0.432278 0.570273
0.452603 0.514219
0.472981 0.46387
0.493407 0.513914
0.513874 0.604697
0.534379 0.582027
0.554916 0.435318
0.575482 0.593118
0.596075 0.839723
0.616692 0.675109
0.112787 1.58054
0.114715 11.4301
0.120314 2.50447
0.129107 3.68754
0.140496 8.84107
0.153906 1.07829
0.168856 3.0824
0.184972 0.49598
0.201976 0.362845
0.219662 0.778906
0.237878 0.435846
0.25651 0.626037
0.275475 0.448251
0.294708 0.287119
0.314159 0.234265
0.333792 0.703877
0.353575 0.300402
0.373484 0.294295
0.393501 0.279831
0.41361 0.375339
0.433798 0.441278
0.454054 0.339991
0.47437 0.599367
0.494739 0.375201
0.515153 0.547455
0.535609 0.507947
0.5561 0.513031
0.576625 0.733765
0.597178 0.747736
0.617758 0.62617
0.122123 2.71847
0.123906 1.90479
0.129107 4.4701
0.137339 2.94986
0.148096 3.67913
0.160874 4.6205
0.17523 0.502426
0.190808 0.599922
0.207335 0.416299
0.224599 0.449838
0.242444 0.318571
0.26075 1.02357
0.279427 0.397281
0.298405 0.364168
0.317631 0.306135
0.337061 0.28133
0.356663 0.376513
0.376409 0.405625
0.396278 0.395822
0.416253 0.344717
0.436318 0.389935
0.456463 0.416565
0.476676 0.400377
0.49695 0.36985
0.517277 0.492524
0.537652 0.60962
0.558069 0.55948
0.578523 0.70538
0.599012 0.681794
0.61953 0.832427
0.134107 2.85035
0.135732 10.5062
0.140496 14.209
0.148096 0.961822
0.158123 1.55663
0.170149 1.13047
0.183782 2.17605
0.198692 1.94659
0.214612 0.492968
0.231334 0.588948
0.248696 0.277442
0.266573 0.260339
0.284869 0.387401
0.303507 0.345967
0.322428 0.34392
0.341586 0.300036
0.360942 0.277674
0.380466 0.223799
0.400134 0.395019
0.419925 0.409003
0.439823 0.302992
0.459814 0.334708
0.479886 0.511934
0.50003 0.421353
0.520237 0.593668
0.5405 0.533558
0.560813 0.546734
0.581171 0.601141
0.601569 0.788333
0.622004 0.746116
0.148096 18.4947
0.14957 5.04916
0.153906 1.79098
0.160874 1.62148
0.170149 0.383249
0.18138 0.524642
0.194226 0.686461
0.20839 0.486387
0.22362 0.662441
0.239714 0.533827
0.25651 0.4334
0.273878 0.532939
0.291715 0.474197
0.309942 0.244005
0.328493 0.303888
0.347316 0.221055
0.36637 0.268851
0.385619 0.445005
0.405037 0.317597
0.4246 0.405822
0.444288 0.380377
0.464087 0.670937
0.483982 0.460114
0.503962 0.592229
0.524017 0.538001
0.54414 0.574321
0.564322 0.731726
0.584558 0.711743
0.604842 0.724128
0.625169 0.846378
0.163577 2.09093
0.164913 3.51783
0.168856 0.645011
0.17523 1.72703
0.183782 1.39032
0.194226 0.986956
0.206274 0.294988
0.219662 0.350659
0.23416 0.298934
0.249576 0.308825
0.265749 0.297961
0.282549 0.249645
0.299872 0.24822
0.317631 0.323945
0.335757 0.351677
0.354194 0.298712
0.372896 0.375688
0.391825 0.256979
0.41095 0.331065
0.430244 0.414063
0.449686 0.380231
0.469257 0.409967
0.488941 0.556797
0.508727 0.420286
0.528601 0.482671
0.548556 0.538372
0.568581 0.764277
0.58867 0.764596
0.608817 0.648312
0.629016 0.725957
0.180167 0.929469
0.18138 0.732612
0.184972 1.07213
0.190808 1.10195
0.198692 0.705555
0.20839 0.490068
0.219662 0.405242
0.23228 0.472973
0.246036 0.462599
0.26075 0.354938
0.27627 0.36592
0.292466 0.228665
0.309234 0.30733
0.326484 0.354023
0.344144 0.34826
0.362155 0.291604
0.380466 0.31174
0.399036 0.415017
0.417831 0.330244
0.436821 0.334091
0.455982 0.58312
0.475294 0.489239
0.494739 0.382827
0.514301 0.454261
0.533968 0.640219
0.553729 0.642684
0.573574 0.587359
0.593494 0.527358
0.613483 0.620338
0.633533 0.749491
0.197585 0.689148
0.198692 0.50157
0.201976 0.334594
0.207335 0.744274
0.214612 0.23428
0.22362 0.602367
0.23416 0.338437
0.246036 0.817293
0.259062 0.95735
0.273076 0.362806
0.287932 0.184032
0.303507 0.393306
0.319696 0.273587
0.33641 0.193218
0.353575 0.246449
0.371128 0.281495
0.389017 0.255433
0.407197 0.43243
0.425631 0.472394
0.444288 0.37196
0.463141 0.353291
0.482166 0.360039
0.501344 0.510141
0.520658 0.455144
0.540094 0.646091
0.559639 0.567519
0.579281 0.694206
0.599012 0.580644
0.618822 0.725441
0.638705 0.85862
0.215631 0.811638
0.216646 0.374508
0.219662 0.50543
0.224599 0.371994
0.231334 0.392955
0.239714 0.495301
0.249576 0.252162
0.26075 0.415364
0.273076 0.454152
0.286404 0.254986
0.300602 0.237427
0.315552 0.310438
0.331153 0.372261
0.347316 0.4792
0.363967 0.369771
0.381042 0.340996
0.398486 0.42202
0.416253 0.408345
0.434303 0.354433
0.452603 0.384904
0.471123 0.432862
0.489838 0.371413
0.508727 0.659861
0.527771 0.538766
0.546954 0.436318
0.566262 0.673042
0.585682 0.878327
0.605204 0.991929
0.624818 0.75816
0.644516 0.840252
0.23416 0.378449
0.235095 0.699389
0.237878 0.919197
0.242444 1.10563
0.248696 0.366978
0.25651 0.32017
0.265749 0.36694
0.27627 0.403633
0.287932 0.512235
0.300602 0.240298
0.314159 0.314943
0.328493 0.422804
0.343506 0.397083
0.359114 0.211211
0.375242 0.379085
0.391825 0.300219
0.40881 0.321618
0.426146 0.544795
0.443794 0.36852
0.461718 0.422561
0.479886 0.526648
0.498272 0.487154
0.516853 0.444411
0.535609 0.591191
0.554521 0.634912
0.573574 0.621019
0.592755 0.635079
0.612051 0.7457
0.631452 0.792393
0.650949 1.25519
0.253067 0.47549
0.253932 0.369338
0.25651 0.454625
0.26075 0.690558
0.266573 0.342592
0.273878 0.274614
0.282549 0.569657
0.292466 0.314132
0.303507 0.224401
0.315552 0.303756
0.328493 0.266491
0.342227 0.266346
0.356663 0.339092
0.371718 0.380191
0.387322 0.402671
0.403409 0.263419
0.419925 0.313975
0.436821 0.510651
0.454054 0.512772
0.471588 0.431029
0.48939 0.423189
0.507432 0.446784
0.525689 0.683143
0.54414 0.566541
0.562765 0.571066
0.581548 0.725222
0.600474 0.56585
0.61953 0.713806
0.638705 0.884775
0.657987 0.80964
0.272271 0.442266
0.273076 0.327535
0.275475 0.353721
0.279427 0.364469
0.284869 0.35597
0.291715 0.622714
0.299872 0.286134
0.309234 0.300621
0.319696 0.269225
0.331153 0.317464
0.343506 0.39326
0.356663 0.239628
0.370536 0.274238
0.38505 0.293257
0.400134 0.316184
0.415726 0.28214
0.431771 0.36292
0.44822 0.7429
0.465031 0.31436
0.482166 0.346173
0.499591 0.507458
0.517277 0.589432
0.535199 0.651613
0.553333 0.655102
0.571659 0.607209
0.590159 0.666061
0.608817 0.775463
0.62762 0.61567
0.646554 0.892402
0.665609 1.20309
0.291715 0.331588
0.292466 0.282593
0.294708 0.263892
0.298405 0.431696
0.303507 0.304396
0.309942 0.409686
0.317631 0.371876
0.326484 0.326239
0.33641 0.290065
0.347316 0.269367
0.359114 0.2887
0.371718 0.280712
0.38505 0.352832
0.399036 0.555804
0.41361 0.437245
0.428712 0.385604
0.444288 0.492531
0.460291 0.444728
0.476676 0.375717
0.493407 0.469539
0.510448 0.631068
0.527771 0.575455
0.545348 0.496259
0.563155 0.751839
0.581171 0.739559
0.599378 0.717524
0.617758 0.589268
0.636296 0.779515
0.65498 0.977254
0.673797 0.812204
0.311354 0.261498
0.312058 0.294818
0.314159 0.262518
0.317631 0.418143
0.322428 0.314999
0.328493 0.319648
0.335757 0.423356
0.344144 0.338515
0.353575 0.289053
0.363967 0.30209
0.375242 0.37541
0.387322 0.361408
0.400134 0.279456
0.41361 0.376416
0.427688 0.374865
0.442309 0.363367
0.457423 0.382043
0.472981 0.562612
0.488941 0.578997
0.505266 0.379061
0.521921 0.49388
0.538874 0.52656
0.5561 0.589492
0.573574 0.424697
0.591273 0.828487
0.609177 0.839905
0.62727 0.957674
0.645536 0.782067
0.66396 0.730675
0.682529 0.83101
0.331153 0.218373
0.331815 0.2389
0.333792 0.208942
0.337061 0.277243
0.341586 0.329555
0.347316 0.334726
0.354194 0.266036
0.362155 0.346712
0.371128 0.575615
0.381042 0.387709
0.391825 0.404291
0.403409 0.448398
0.415726 0.242153
0.428712 0.381712
0.442309 0.41706
0.456463 0.514536
0.471123 0.409019
0.486243 0.442137
0.501781 0.311309
0.517701 0.66404
0.533968 0.5315
0.550551 0.618051
0.567423 0.666837
0.584558 0.762449
0.601934 0.898521
0.61953 0.973221
0.63733 0.784936
0.655315 0.790666
0.673471 0.986591
0.691785 0.907737
0.351085 0.500814
0.351709 0.294774
0.353575 0.349037
0.356663 0.276618
0.360942 0.499474
0.36637 0.274258
0.372896 0.346593
0.380466 0.255948
0.389017 0.404784
0.398486 0.331321
0.40881 0.240252
0.419925 0.391204
0.431771 0.393079
0.444288 0.33932
0.457423 0.411338
0.471123 0.366087
0.48534 0.363262
0.50003 0.511058
0.515153 0.545286
0.530672 0.509033
0.546553 0.529154
0.562765 0.741965
0.579281 0.795296
0.596075 0.682017
0.613125 0.659899
0.630409 0.663391
0.64791 1.06043
0.665609 0.754184
0.683492 1.00259
0.701544 1.09197
0.371128 0.296911
0.371718 0.432687
0.373484 0.302241
0.376409 0.293781
0.380466 0.256594
0.385619 0.442907
0.391825 0.387646
0.399036 0.417852
0.407197 0.358481
0.416253 0.402049
0.426146 0.284832
0.436821 0.335558
0.44822 0.359276
0.460291 0.455999
0.472981 0.392004
0.486243 0.541925
0.50003 0.462289
0.514301 0.534416
0.529016 0.646602
0.54414 0.495229
0.559639 0.571816
0.575482 0.751114
0.591643 0.708964
0.608096 0.638497
0.624818 0.794401
0.641788 0.829848
0.658986 0.813768
0.676396 1.01163
0.694001 1.11373
0.711786 0.952693
0.391265 0.34398
0.391825 0.343181
0.393501 0.382859
0.396278 0.282557
0.400134 0.356109
0.405037 0.321862
0.41095 0.350936
0.417831 0.42764
0.425631 0.379349
0.434303 0.3932
0.443794 0.327807
0.454054 0.364945
0.465031 0.23411
0.476676 0.410787
0.488941 0.63582
0.501781 0.557293
0.515153 0.479411
0.529016 0.537546
0.543333 0.543896
0.558069 0.508413
0.573191 0.624386
0.58867 0.672106
0.604479 0.78778
0.620592 0.810379
0.636985 0.885779
0.653639 0.961689
0.670534 0.912146
0.687651 1.11219
0.704975 1.18656
0.72249 1.24633
0.411483 0.450082
0.412016 0.282632
0.41361 0.282132
0.416253 0.356562
0.419925 0.577844
0.4246 0.299903
0.430244 0.340437
0.436821 0.461441
0.444288 0.424156
0.452603 0.44914
0.461718 0.517696
0.471588 0.295423
0.482166 0.504595
0.493407 0.603607
0.505266 0.504278
0.517701 0.53177
0.530672 0.534625
0.54414 0.586034
0.558069 0.632449
0.572425 0.697637
0.587178 0.753587
0.602298 0.83105
0.617758 0.681367
0.633533 0.61567
0.6496 0.75149
0.665939 1.0495
0.682529 0.808551
0.699352 0.971357
0.716393 1.14127
0.733636 1.27628
0.431771 0.402863
0.432278 0.36498
0.433798 0.339229
0.436318 0.318508
0.439823 0.437657
0.444288 0.475914
0.449686 0.383337
0.455982 0.430358
0.463141 0.531076
0.471123 0.383142
0.479886 0.471486
0.48939 0.54875
0.499591 0.434487
0.510448 0.489297
0.521921 0.484382
0.533968 0.575565
0.546553 0.670697
0.559639 0.59091
0.573191 0.648798
0.587178 0.542643
0.601569 0.822297
0.616336 0.77726
0.631452 0.694035
0.646894 0.929571
0.662637 0.985692
0.678662 1.01214
0.694948 0.87442
0.711478 1.13094
0.728235 1.00206
0.745204 1.22051
0.452118 0.442783
0.452603 0.424823
0.454054 0.404659
0.456463 0.431782
0.459814 0.424046
0.464087 0.498409
0.469257 0.493363
0.475294 0.465665
0.482166 0.451535
0.489838 0.563433
0.498272 0.628301
0.507432 0.637178
0.517277 0.578821
0.527771 0.489829
0.538874 0.510368
0.550551 0.525551
0.562765 0.602388
0.575482 0.829687
0.58867 0.750367
0.602298 0.602703
0.616336 0.854407
0.630757 0.878134
0.645536 0.924566
0.660648 0.756533
0.676071 0.906015
0.691785 0.820589
0.707769 1.13849
0.724007 1.03535
0.74048 1.51582
0.757175 1.08895
0.472517 0.431129
0.472981 0.366852
0.47437 0.352552
0.476676 0.486762
0.479886 0.490957
0.483982 0.439151
0.488941 0.343846
0.494739 0.407554
0.501344 0.410661
0.508727 0.474664
0.516853 0.465565
0.525689 0.702439
0.535199 0.779443
0.545348 0.623997
0.5561 0.643233
0.567423 0.612456
0.579281 0.673879
0.591643 0.630489
0.604479 0.731134
0.617758 0.66428
0.631452 0.841648
0.645536 0.940715
0.659984 0.9026
0.674772 1.23082
0.68988 0.748919
0.705286 1.00942
0.720971 1.01636
0.736918 1.26848
0.753109 1.39128
0.76953 1.2681
0.492962 0.436228
0.493407 0.611045
0.494739 0.475987
0.49695 0.358762
0.50003 0.630315
0.503962 0.563142
0.508727 0.507326
0.514301 0.520277
0.520658 0.51255
0.527771 0.792289
0.535609 0.496686
0.54414 0.736666
0.553333 0.681084
0.563155 0.768987
0.573574 0.556528
0.584558 0.562291
0.596075 0.770255
0.608096 0.642478
0.620592 0.684603
0.633533 0.929841
0.646894 0.827171
0.660648 0.874589
0.674772 0.81535
0.689244 0.946211
0.704041 0.777449
0.719143 1.06164
0.734533 1.05073
0.750191 1.39624
0.766102 1.29002
0.78225 1.34756
0.513447 0.604421
0.513874 0.484804
0.515153 0.795601
0.517277 0.479225
0.520237 0.440407
0.524017 0.583632
0.528601 0.500904
0.533968 0.685407
0.540094 0.397473
0.546954 0.734075
0.554521 0.571588
0.562765 0.663053
0.571659 0.761353
0.581171 0.679404
0.591273 0.602612
0.601934 0.624334
0.613125 0.654939
0.624818 0.755427
0.636985 1.02253
0.6496 0.943925
0.662637 1.04373
0.676071 0.864445
0.68988 1.0918
0.704041 0.994091
0.718533 1.00793
0.733337 1.11602
0.748435 1.19321
0.763808 1.29427
0.779441 1.51246
0.795319 1.23844
0.533968 0.528632
0.534379 0.425882
0.535609 0.484774
0.537652 0.5318
0.5405 0.5179
0.54414 0.588297
0.548556 0.444642
0.553729 0.551523
0.559639 0.718527
0.566262 0.850068
0.573574 0.552072
0.581548 0.71073
0.590159 0.726912
0.599378 0.726596
0.609177 0.770686
0.61953 0.850311
0.630409 1.1736
0.641788 0.803313
0.653639 0.682668
0.665939 0.860873
0.678662 0.960659
0.691785 0.920645
0.705286 1.26874
0.719143 1.19675
0.733337 1.2863
0.747849 1.31083
0.762659 1.52195
0.777751 1.32869
0.79311 1.37294
0.808719 1.29443
0.554521 0.595411
0.554916 0.51454
0.5561 0.52092
0.558069 0.420167
0.560813 0.552803
0.564322 0.52589
0.568581 0.723055
0.573574 0.560642
0.579281 0.590618
0.585682 0.646336
0.592755 0.64868
0.600474 0.648337
0.608817 0.67429
0.617758 0.864286
0.62727 0.787299
0.63733 0.867215
0.64791 0.750311
0.658986 0.838519
0.670534 0.746416
0.682529 1.04869
0.694948 0.962744
0.707769 0.948717
0.720971 1.1557
0.734533 1.38557
0.748435 1.32701
0.762659 1.21646
0.777187 1.2731
0.792003 1.26755
0.80709 1.60505
0.822434 1.29537
0.575101 0.88889
0.575482 0.509349
0.576625 0.633277
0.578523 0.633617
0.581171 0.69847
0.584558 0.830708
0.58867 0.679617
0.593494 0.858158
0.599012 0.59585
0.605204 0.859382
0.612051 0.682469
0.61953 0.761381
0.62762 0.721063
0.636296 1.06555
0.645536 0.894892
0.655315 1.0295
0.665609 0.734477
0.676396 0.993658
0.687651 1.13066
0.699352 1.00966
0.711478 0.784338
0.724007 1.03798
0.736918 1.29886
0.750191 1.38142
0.763808 1.19631
0.777751 1.03192
0.792003 0.849266
0.806546 1.34675
0.821366 0.99955
0.836448 1.24472
0.595707 0.717708
0.596075 0.654728
0.597178 0.585844
0.599012 0.68017
0.601569 0.842554
0.604842 0.559257
0.608817 0.722572
0.613483 0.943891
0.618822 0.862141
0.624818 0.796989
0.631452 0.827973
0.638705 0.808844
0.646554 0.865934
0.65498 0.700232
0.66396 0.976171
0.673471 0.849584
0.683492 1.00924
0.694001 0.748238
0.704975 1.04332
0.716393 1.23226
0.728235 1.23149
0.74048 1.66957
0.753109 1.1209
0.766102 1.31367
0.779441 1.23761
0.79311 1.33388
0.80709 1.16113
0.821366 1.16337
0.835923 1.31802
0.850747 1.66601
0.616336 0.628356
0.616692 1.104
0.617758 0.733554
0.61953 0.948677
0.622004 0.846351
0.625169 0.875774
0.629016 0.819816
0.633533 0.753287
0.638705 0.74311
0.644516 0.832088
0.650949 0.992694
0.657987 0.663694
0.665609 1.0049
0.673797 0.723114
0.682529 0.917526
0.691785 0.967293
0.701544 1.13986
0.711786 1.00254
0.72249 0.808257
0.733636 1.26969
0.745204 1.52772
0.757175 1.29919
0.76953 1.3145
0.78225 1.19979
0.795319 1.52338
0.808719 1.61769
0.822434 1.48984
0.836448 1.399
0.850747 1.29259
0.865317 1.3832
0.125664 11.5593
0.127397 4.59468
0.132461 16.9338
0.140496 2.1885
0.151029 4.16771
0.163577 1.74705
0.177715 0.966173
0.193094 0.526182
0.20944 1.08233
0.226543 0.401998
0.244246 0.34379
0.262427 0.239356
0.280993 0.353124
0.299872 0.274345
0.319009 0.283903
0.33836 0.275467
0.35789 0.426792
0.377572 0.48922
0.397384 0.33447
0.417305 0.476386
0.437323 0.42074
0.457423 0.449796
0.477596 0.447637
0.497832 0.521116
0.518125 0.475448
0.538467 0.607929
0.558854 0.487911
0.579281 0.487781
0.599743 0.56457
0.620238 0.705908
0.127397 6.26133
0.129107 2.36368
0.134107 9.29011
0.142049 3.58768
0.152474 1.39225
0.164913 1.16354
0.178945 2.29466
0.194226 0.897069
0.210484 0.70026
0.22751 0.576508
0.245143 0.774451
0.263261 0.309048
0.281772 0.295015
0.300602 0.602562
0.319696 0.347909
0.339007 0.267342
0.358503 0.390933
0.378153 0.398797
0.397935 0.342935
0.417831 0.350242
0.437824 0.378502
0.457902 0.423157
0.478055 0.499461
0.498272 0.398453
0.518548 0.541271
0.538874 0.399224
0.559247 0.499703
0.57966 0.684739
0.600109 0.647087
0.620592 0.730066
0.132461 7.97672
0.134107 3.2309
0.138926 25.0517
0.146608 2.97602
0.15673 1.71081
0.168856 0.647811
0.182585 0.804913
0.197585 0.441162
0.213587 1.36877
0.230383 1.50472
0.247812 1.30593
0.265749 0.338451
0.284098 0.312741
0.302783 0.309898
0.321747 0.27411
0.340943 0.336392
0.360333 0.366732
0.379889 0.469378
0.399585 0.226096
0.419402 0.293811
0.439324 0.405924
0.459337 0.427854
0.479429 0.477035
0.499591 0.396497
0.519815 0.558207
0.540094 0.629724
0.560422 0.489644
0.580794 0.506258
0.601204 0.808542
0.621651 0.808639
0.140496 2.01516
0.142049 5.41268
0.146608 1.59779
0.153906 4.58753
0.163577 2.82682
0.17523 1.94653
0.188496 0.546421
0.203059 0.579125
0.218661 0.666153
0.235095 0.194347
0.252199 0.319242
0.269844 0.669957
0.287932 0.34829
0.306384 0.426674
0.325138 0.279451
0.344144 0.285936
0.363364 0.216003
0.382765 0.323534
0.40232 0.341429
0.422009 0.379245
0.441813 0.47942
0.461718 0.391286
0.481711 0.553751
0.501781 0.543045
0.521921 0.455784
0.542121 0.607128
0.562375 0.563249
0.582679 0.820532
0.603026 0.794251
0.623412 0.661945
0.151029 4.06599
0.152474 1.03666
0.15673 1.89072
0.163577 0.781819
0.172708 3.65799
0.183782 1.21953
0.196472 1.1146
0.210484 0.401187
0.225573 0.280657
0.241537 0.640688
0.258214 0.499819
0.275475 0.381779
0.293215 0.242612
0.311354 0.462902
0.329826 0.417747
0.348577 0.256715
0.367565 0.370876
0.386755 0.3075
0.406118 0.49454
0.425631 0.443746
0.445275 0.476682
0.465031 0.458849
0.484888 0.433919
0.504832 0.468659
0.524854 0.439722
0.544945 0.634007
0.565099 0.366794
0.585308 0.625249
0.605566 0.735458
0.62587 0.80234
0.163577 2.90211
0.164913 1.43122
0.168856 0.604717
0.17523 0.888363
0.183782 0.894543
0.194226 0.464125
0.206274 0.301506
0.219662 0.701119
0.23416 0.343983
0.249576 0.466662
0.265749 0.468546
0.282549 0.271144
0.299872 0.292025
0.317631 0.361833
0.335757 0.310844
0.354194 0.322824
0.372896 0.286519
0.391825 0.567666
0.41095 0.369318
0.430244 0.360444
0.449686 0.337805
0.469257 0.507982
0.488941 0.563707
0.508727 0.445315
0.528601 0.503319
0.548556 0.736251
0.568581 0.623579
0.58867 0.868358
0.608817 0.774219
0.629016 0.846417
0.177715 0.948517
0.178945 2.09385
0.182585 0.332432
0.188496 2.18065
0.196472 0.562551
0.206274 0.338541
0.217656 1.37287
0.230383 0.385976
0.244246 0.498888
0.259062 0.440335
0.274677 0.27666
0.290963 0.278721
0.307812 0.346691
0.325138 0.346997
0.342867 0.246229
0.360942 0.451464
0.379311 0.488603
0.397935 0.36096
0.416779 0.321945
0.435815 0.368403
0.455019 0.390028
0.47437 0.519637
0.493851 0.39214
0.513447 0.532338
0.533146 0.621547
0.552936 0.910927
0.572808 0.488972
0.592755 0.595639
0.612767 0.687889
0.63284 0.944823
0.193094 0.55922
0.194226 0.9017
0.197585 0.877257
0.203059 0.697432
0.210484 0.472199
0.219662 0.454785
0.230383 0.327538
0.242444 0.688003
0.255654 0.492025
0.269844 0.276859
0.284869 0.332983
0.300602 0.29774
0.316939 0.350727
0.333792 0.318331
0.351085 0.272091
0.368756 0.340113
0.386755 0.256274
0.405037 0.430479
0.423565 0.270874
0.442309 0.38338
0.461243 0.371926
0.480343 0.547619
0.499591 0.4427
0.518971 0.49317
0.538467 0.606778
0.558069 0.574773
0.577765 0.633584
0.597545 0.667661
0.617403 0.624798
0.63733 0.946163
0.20944 0.888078
0.210484 1.6807
0.213587 0.651507
0.218661 0.989991
0.225573 0.382242
0.23416 0.422039
0.244246 0.744506
0.255654 0.235934
0.268213 0.403286
0.281772 0.611068
0.296192 0.314585
0.311354 0.263932
0.327155 0.333985
0.343506 0.330894
0.360333 0.36225
0.377572 0.394311
0.39517 0.383248
0.413079 0.336231
0.431262 0.45207
0.449686 0.380296
0.468321 0.615228
0.487144 0.439092
0.506133 0.525735
0.525272 0.467281
0.544543 0.503567
0.563933 0.763143
0.583431 0.647301
0.603026 0.708933
0.622708 0.8482
0.642471 0.826954
0.226543 0.77568
0.22751 0.293214
0.230383 0.308257
0.235095 0.953598
0.241537 0.380425
0.249576 0.380228
0.259062 0.230401
0.269844 0.250878
0.281772 0.320407
0.294708 0.361096
0.308524 0.313144
0.323108 0.384463
0.33836 0.411808
0.354194 0.348024
0.370536 0.227117
0.387322 0.354189
0.404495 0.348589
0.422009 0.433102
0.439823 0.511439
0.457902 0.420844
0.476216 0.517569
0.494739 0.542116
0.513447 0.405472
0.532323 0.533678
0.551347 0.562738
0.570506 0.519099
0.589787 0.835193
0.609177 0.770919
0.628667 0.841322
0.648248 0.891436
0.244246 0.402171
0.245143 0.373456
0.247812 1.01694
0.252199 0.434377
0.258214 0.336743
0.265749 0.358885
0.274677 0.515211
0.284869 0.35121
0.296192 0.387543
0.308524 0.258443
0.321747 0.416032
0.335757 0.260822
0.350459 0.339628
0.36577 0.404354
0.381617 0.281646
0.397935 0.40551
0.414669 0.406679
0.431771 0.341129
0.449198 0.429449
0.466914 0.401902
0.484888 0.473211
0.503091 0.485241
0.5215 0.697148
0.540094 0.537132
0.558854 0.743624
0.577765 0.775105
0.596811 0.655475
0.61598 0.932232
0.635261 0.935574
0.654645 0.743151
0.262427 0.890944
0.263261 0.805187
0.265749 0.287463
0.269844 0.288645
0.275475 0.318196
0.282549 0.297685
0.290963 0.331521
0.300602 0.272887
0.311354 0.287722
0.323108 0.272066
0.335757 0.27787
0.349205 0.291179
0.363364 0.475864
0.378153 0.418255
0.393501 0.340505
0.409346 0.370865
0.425631 0.496791
0.442309 0.379556
0.459337 0.442398
0.476676 0.597705
0.494295 0.568325
0.512164 0.501151
0.530258 0.466658
0.548556 0.674977
0.567036 0.666046
0.585682 0.732986
0.604479 0.617415
0.623412 0.802109
0.642471 0.949413
0.661643 0.805815
0.280993 0.348482
0.281772 0.357826
0.284098 0.394295
0.287932 0.556708
0.293215 0.338371
0.299872 0.407656
0.307812 0.237631
0.316939 0.32873
0.327155 0.410866
0.33836 0.281511
0.350459 0.373947
0.363364 0.308424
0.376991 0.32357
0.391265 0.310814
0.406118 0.438365
0.421489 0.476623
0.437323 0.569576
0.453571 0.558869
0.470191 0.43484
0.487144 0.582347
0.504397 0.425883
0.521921 0.503522
0.539688 0.531389
0.557676 0.649839
0.575863 0.633416
0.594233 0.611885
0.612767 0.56477
0.631452 0.75308
0.650275 1.07362
0.669224 1.01087
0.299872 0.434022
0.300602 0.666158
0.302783 0.264097
0.306384 0.328433
0.311354 0.298038
0.317631 0.375372
0.325138 0.328861
0.333792 0.454181
0.343506 0.295094
0.354194 0.520735
0.36577 0.385452
0.378153 0.417083
0.391265 0.360018
0.405037 0.420549
0.419402 0.437354
0.434303 0.422188
0.449686 0.435546
0.465503 0.57033
0.481711 0.50106
0.498272 0.390381
0.515153 0.435723
0.532323 0.514727
0.549754 0.648207
0.567423 0.75082
0.585308 0.621985
0.603389 0.935291
0.621651 0.878596
0.640077 1.1917
0.658653 0.913833
0.677368 0.67607
0.319009 0.362624
0.319696 0.242971
0.321747 0.336592
0.325138 0.270856
0.329826 0.252968
0.335757 0.352234
0.342867 0.273016
0.351085 0.282038
0.360333 0.309528
0.370536 0.286491
0.381617 0.465304
0.393501 0.299099
0.406118 0.337267
0.419402 0.38491
0.433292 0.22789
0.447731 0.525213
0.462667 0.365631
0.478055 0.51054
0.493851 0.471474
0.510019 0.514115
0.526523 0.56424
0.543333 0.397776
0.560422 0.514294
0.577765 0.563356
0.595339 0.673533
0.613125 0.863856
0.631105 0.969952
0.649262 1.0056
0.667583 1.11502
0.686054 1.06175
0.33836 0.324716
0.339007 0.273301
0.340943 0.340212
0.344144 0.291888
0.348577 0.483627
0.354194 0.425181
0.360942 0.319607
0.368756 0.354548
0.377572 0.285038
0.387322 0.374795
0.397935 0.417932
0.409346 0.478497
0.421489 0.3964
0.434303 0.576433
0.447731 0.350085
0.461718 0.368002
0.476216 0.514023
0.491179 0.503905
0.506567 0.524171
0.522341 0.58421
0.538467 0.728033
0.554916 0.787113
0.571659 0.54244
0.58867 0.700211
0.605928 0.63701
0.623412 0.859301
0.641104 0.730247
0.658986 0.586604
0.677044 0.914302
0.695263 0.831021
0.35789 0.243449
0.358503 0.39469
0.360333 0.369016
0.363364 0.446126
0.367565 0.248768
0.372896 0.476919
0.379311 0.304645
0.386755 0.353382
0.39517 0.481222
0.404495 0.32321
0.414669 0.4036
0.425631 0.384243
0.437323 0.289983
0.449686 0.388064
0.462667 0.44491
0.476216 0.799683
0.490285 0.423394
0.504832 0.555496
0.519815 0.387761
0.535199 0.585873
0.550949 0.651976
0.567036 0.746925
0.583431 0.797763
0.600109 0.649816
0.617047 0.812533
0.634225 0.816507
0.651623 0.984844
0.669224 1.07359
0.687013 0.842944
0.704975 1.35789
0.377572 0.219254
0.378153 0.274468
0.379889 0.339716
0.382765 0.363807
0.386755 0.351599
0.391825 0.421758
0.397935 0.475954
0.405037 0.350571
0.413079 0.546904
0.422009 0.353756
0.431771 0.325231
0.442309 0.346099
0.453571 0.519542
0.465503 0.36729
0.478055 0.280179
0.491179 0.575591
0.504832 0.674981
0.518971 0.577926
0.533557 0.668914
0.548556 0.440744
0.563933 0.689412
0.57966 0.698916
0.595707 0.549493
0.612051 0.720169
0.628667 0.666745
0.645536 0.716494
0.662637 1.01209
0.679953 1.09051
0.697468 1.04898
0.715168 0.798513
0.397384 0.36742
0.397935 0.348431
0.399585 0.225007
0.40232 0.40738
0.406118 0.411989
0.41095 0.304906
0.416779 0.39374
0.423565 0.521721
0.431262 0.500825
0.439823 0.461464
0.449198 0.415314
0.459337 0.323812
0.470191 0.383346
0.481711 0.467041
0.493851 0.430708
0.506567 0.460054
0.519815 0.539386
0.533557 0.679863
0.547755 0.674939
0.562375 0.586887
0.577385 0.676264
0.592755 0.755491
0.608457 0.629455
0.624467 0.654129
0.640762 0.798017
0.65732 1.07062
0.674122 1.06533
0.69115 1.27299
0.708389 1.46669
0.725822 1.18768
0.417305 0.391757
0.417831 0.388232
0.419402 0.286626
0.422009 0.29893
0.425631 0.366432
0.430244 0.330405
0.435815 0.36275
0.442309 0.39674
0.449686 0.289308
0.457902 0.345374
0.466914 0.452905
0.476676 0.503363
0.487144 0.567559
0.498272 0.712639
0.510019 0.614531
0.522341 0.615294
0.535199 0.570658
0.548556 0.475682
0.562375 0.614671
0.576625 0.790744
0.591273 0.881841
0.60629 0.733628
0.621651 0.544855
0.63733 0.834728
0.653304 1.06941
0.669552 1.14488
0.686054 1.01097
0.702794 0.990688
0.719753 1.41737
0.736918 0.952047
0.437323 0.383966
0.437824 0.458947
0.439324 0.304716
0.441813 0.33993
0.445275 0.36191
0.449686 0.333623
0.455019 0.379514
0.461243 0.444716
0.468321 0.460222
0.476216 0.523136
0.484888 0.525853
0.494295 0.494705
0.504397 0.587467
0.515153 0.562866
0.526523 0.585457
0.538467 0.46203
0.550949 0.521283
0.563933 0.573729
0.577385 0.771574
0.591273 0.627419
0.605566 0.701526
0.620238 0.822151
0.635261 0.759015
0.650612 0.926964
0.666268 0.585775
0.682207 1.0083
0.698411 1.21036
0.714861 0.985309
0.731541 1.36729
0.748435 1.47712
0.457423 0.442725
0.457902 0.376886
0.459337 0.411583
0.461718 0.405857
0.465031 0.379171
0.469257 0.482494
0.47437 0.456442
0.480343 0.408651
0.487144 0.764105
0.494739 0.465667
0.503091 0.52498
0.512164 0.466169
0.521921 0.570809
0.532323 0.602057
0.543333 0.457798
0.554916 0.554991
0.567036 0.538697
0.57966 0.614203
0.592755 0.916368
0.60629 0.705446
0.620238 0.644656
0.634571 0.805574
0.649262 0.846265
0.66429 0.814613
0.67963 0.759681
0.695263 1.17139
0.71117 1.18808
0.727331 1.33669
0.743731 1.35956
0.760355 1.21908
0.477596 0.41585
0.478055 0.544146
0.479429 0.459318
0.481711 0.461999
0.484888 0.466923
0.488941 0.488841
0.493851 0.426586
0.499591 0.55105
0.506133 0.589986
0.513447 0.541006
0.5215 0.473017
0.530258 0.468904
0.539688 0.734321
0.549754 0.640261
0.560422 0.604357
0.571659 0.689186
0.583431 0.688989
0.595707 0.768785
0.608457 0.763644
0.621651 0.908102
0.635261 0.753692
0.649262 0.746647
0.663629 0.9398
0.678338 0.851254
0.693368 1.07794
0.708698 1.08581
0.72431 1.2293
0.740184 1.12887
0.756306 1.19573
0.772659 1.59593
0.497832 0.484133
0.498272 0.627114
0.499591 0.473307
0.501781 0.510792
0.504832 0.627969
0.508727 0.502984
0.513447 0.53918
0.518971 0.648783
0.525272 0.616872
0.532323 0.47345
0.540094 0.630331
0.548556 0.727014
0.557676 0.563345
0.567423 0.534494
0.577765 0.570318
0.58867 0.956348
0.600109 0.730028
0.612051 0.737149
0.624467 0.976794
0.63733 0.729781
0.650612 0.807524
0.66429 1.05686
0.678338 1.05962
0.692735 1.02475
0.707459 0.952751
0.72249 1.62538
0.73781 1.14971
0.7534 1.37778
0.769245 1.63359
0.785328 1.34634
0.518125 0.536311
0.518548 0.570717
0.519815 0.676388
0.521921 0.445731
0.524854 0.455429
0.528601 0.440134
0.533146 0.705922
0.538467 0.482976
0.544543 0.71642
0.551347 0.566409
0.558854 0.560629
0.567036 0.483897
0.575863 0.713597
0.585308 0.633745
0.595339 0.518119
0.605928 0.714171
0.617047 0.749832
0.628667 0.661954
0.640762 0.656633
0.653304 0.91046
0.666268 0.581639
0.67963 0.773922
0.693368 1.23396
0.707459 0.840367
0.721883 1.16412
0.73662 1.19363
0.751652 1.42954
0.766961 1.35662
0.782531 1.65824
0.798346 1.20227
0.538467 0.658124
0.538874 0.595295
0.540094 0.608708
0.542121 0.709724
0.544945 0.50753
0.548556 0.60465
0.552936 0.731101
0.558069 0.646667
0.563933 0.696612
0.570506 0.522659
0.577765 0.784232
0.585682 0.678357
0.594233 0.67886
0.603389 0.822975
0.613125 0.605184
0.623412 0.578009
0.634225 0.850353
0.645536 0.999457
0.65732 0.727917
0.669552 0.790887
0.682207 0.789189
0.695263 1.1225
0.708698 1.10949
0.72249 1.0557
0.73662 1.2802
0.751068 1.05433
0.765816 1.10595
0.780847 1.48076
0.796146 1.35069
0.811696 1.08963
0.558854 0.563104
0.559247 0.524966
0.560422 0.623002
0.562375 0.669308
0.565099 0.387884
0.568581 0.571284
0.572808 0.617025
0.577765 0.668017
0.583431 0.6134
0.589787 0.728633
0.596811 0.674051
0.604479 0.708555
0.612767 0.638523
0.621651 0.551335
0.631105 0.957112
0.641104 0.833399
0.651623 0.709428
0.662637 0.7574
0.674122 0.960941
0.686054 1.06671
0.698411 1.25333
0.71117 1.12627
0.72431 1.01456
0.73781 1.72882
0.751652 1.07327
0.765816 1.14075
0.780285 1.65789
0.795043 1.47564
0.810073 1.25976
0.825362 1.191
0.579281 0.763751
0.57966 0.674566
0.580794 0.600258
0.582679 0.678092
0.585308 0.547898
0.58867 0.689246
0.592755 0.707073
0.597545 0.467633
0.603026 0.62831
0.609177 0.674601
0.61598 0.638777
0.623412 0.760074
0.631452 0.744004
0.640077 1.04321
0.649262 0.808483
0.658986 0.875981
0.669224 0.973739
0.679953 0.72142
0.69115 0.810283
0.702794 1.01613
0.714861 0.905931
0.727331 1.36119
0.740184 1.401
0.7534 1.51554
0.766961 1.16324
0.780847 1.36511
0.795043 1.27278
0.809532 1.31487
0.824298 1.72264
0.839327 1.0832
0.599743 0.988546
0.600109 0.993875
0.601204 0.55335
0.603026 0.969223
0.605566 0.843074
0.608817 0.871129
0.612767 0.723914
0.617403 0.777371
0.622708 0.846884
0.628667 0.904919
0.635261 0.691022
0.642471 0.978277
0.650275 0.732985
0.658653 1.00523
0.667583 1.01381
0.677044 0.74453
0.687013 1.15307
0.697468 1.1318
0.708389 1.0209
0.719753 1.18924
0.731541 1.0255
0.743731 1.42765
0.756306 1.9123
0.769245 0.934824
0.782531 1.2078
0.796146 1.57052
0.810073 1.27744
0.824298 1.62992
0.838805 1.01628
0.853578 0.956669
0.620238 0.753909
0.620592 0.701651
0.621651 0.706438
0.623412 0.794811
0.62587 0.80531
0.629016 0.655061
0.63284 0.82019
0.63733 0.977067
0.642471 0.647668
0.648248 1.00866
0.654645 0.906671
0.661643 0.57419
0.669224 1.06076
0.677368 0.861835
0.686054 1.15372
0.695263 0.850387
0.704975 1.02684
0.715168 1.39138
0.725822 1.12173
0.736918 0.987214
0.748435 1.2164
0.760355 1.10934
0.772659 1.3198
0.785328 1.46681
0.798346 1.20554
0.811696 1.26927
0.825362 1.6047
0.839327 0.950077
0.853578 1.07178
0.868101 1.15173
0.146608 1.41861
0.148096 2.49289
0.152474 0.515415
0.159504 1.24576
0.168856 0.527841
0.180167 0.667107
0.193094 3.88792
0.207335 0.491137
0.222637 0.434549
0.238798 0.392577
0.255654 0.50219
0.273076 0.526957
0.290963 0.308487
0.309234 0.290262
0.327825 0.616469
0.346684 0.266129
0.36577 0.276024
0.38505 0.488715
0.404495 0.258168
0.424083 0.634508
0.443794 0.273059
0.463614 0.422217
0.483529 0.483968
0.503527 0.540745
0.523599 0.473507
0.543737 0.60539
0.563933 0.554786
0.584182 0.70716
0.604479 0.6582
0.624818 0.813427
0.148096 10.6782
0.14957 6.31758
0.153906 0.375016
0.160874 0.804278
0.170149 2.7286
0.18138 0.652661
0.194226 0.627265
0.20839 0.701871
0.22362 0.41047
0.239714 0.468382
0.25651 0.253995
0.273878 0.27899
0.291715 0.258155
0.309942 0.202092
0.328493 0.26944
0.347316 0.447542
0.36637 0.223788
0.385619 0.399718
0.405037 0.300651
0.4246 0.333586
0.444288 0.36832
0.464087 0.54023
0.483982 0.61747
0.503962 0.486119
0.524017 0.525391
0.54414 0.616953
0.564322 0.627497
0.584558 0.622916
0.604842 0.74988
0.625169 0.750019
0.152474 1.13813
0.153906 1.53573
0.158123 2.63119
0.164913 6.74004
0.173974 1.37512
0.184972 0.564952
0.197585 2.21939
0.211524 0.497779
0.226543 0.531055
0.242444 0.559964
0.259062 0.311527
0.27627 0.513697
0.293962 0.280164
0.312058 0.271019
0.33049 0.218646
0.349205 0.425975
0.368161 0.36629
0.387322 0.269595
0.406658 0.350918
0.426146 0.342721
0.445767 0.434263
0.465503 0.456116
0.48534 0.584237
0.505266 0.478486
0.525272 0.533788
0.545348 0.58112
0.565487 0.510426
0.585682 0.679455
0.605928 0.829233
0.626221 0.728973
0.159504 0.645849
0.160874 1.42805
0.164913 2.0989
0.171434 1.88202
0.180167 0.311826
0.190808 0.476421
0.203059 0.62074
0.216646 0.412034
0.231334 0.508163
0.246926 0.398598
0.263261 0.308194
0.280211 0.533578
0.297669 0.511997
0.315552 0.255617
0.333792 0.338869
0.352332 0.393335
0.371128 0.466014
0.390143 0.325164
0.409346 0.434444
0.428712 0.458148
0.44822 0.301848
0.467852 0.410945
0.487594 0.461119
0.507432 0.609638
0.527355 0.640931
0.547355 0.531975
0.567423 0.523629
0.587552 0.63481
0.607736 0.708591
0.627969 0.766046
0.168856 2.81306
0.170149 0.880184
0.173974 2.03709
0.180167 1.03167
0.188496 0.944645
0.198692 0.311156
0.210484 0.667083
0.22362 0.235062
0.237878 0.664261
0.253067 0.273323
0.26903 0.260763
0.285637 0.322672
0.302783 0.431034
0.320381 0.266064
0.33836 0.388703
0.356663 0.281335
0.375242 0.398528
0.394058 0.285475
0.413079 0.496167
0.432278 0.329925
0.451632 0.428691
0.471123 0.427298
0.490732 0.434259
0.510448 0.571253
0.530258 0.545631
0.550153 0.608671
0.570122 0.537468
0.590159 0.736766
0.610257 0.624737
0.630409 0.887954
0.180167 1.66854
0.18138 1.0278
0.184972 0.732518
0.190808 0.584411
0.198692 1.15834
0.20839 1.05568
0.219662 0.420078
0.23228 0.292962
0.246036 0.32478
0.26075 0.269968
0.27627 0.267594
0.292466 0.570151
0.309234 0.248084
0.326484 0.3415
0.344144 0.329005
0.362155 0.297489
0.380466 0.387902
0.399036 0.283444
0.417831 0.446123
0.436821 0.448841
0.455982 0.37578
0.475294 0.586588
0.494739 0.661609
0.514301 0.560106
0.533968 0.506346
0.553729 0.56352
0.573574 0.602999
0.593494 0.516168
0.613483 0.713158
0.633533 0.966386
0.193094 0.29398
0.194226 1.19553
0.197585 0.828142
0.203059 0.320128
0.210484 0.601153
0.219662 1.55639
0.230383 0.29203
0.242444 0.337887
0.255654 0.36718
0.269844 0.413864
0.284869 0.232752
0.300602 0.420791
0.316939 0.355165
0.333792 0.185317
0.351085 0.426567
0.368756 0.366271
0.386755 0.369445
0.405037 0.284385
0.423565 0.354641
0.442309 0.385568
0.461243 0.44831
0.480343 0.476372
0.499591 0.442145
0.518971 0.449791
0.538467 0.604782
0.558069 1.02239
0.577765 0.499557
0.597545 0.708152
0.617403 0.705404
0.63733 0.914858
0.207335 0.666226
0.20839 0.504693
0.211524 0.334462
0.216646 0.386874
0.22362 1.52984
0.23228 0.469293
0.242444 0.46139
0.253932 0.633474
0.266573 0.317305
0.280211 0.298702
0.294708 0.304494
0.309942 0.616475
0.325811 0.276459
0.342227 0.303955
0.359114 0.334663
0.376409 0.370038
0.394058 0.289655
0.412016 0.378798
0.430244 0.43728
0.448709 0.521501
0.467383 0.537094
0.486243 0.450246
0.505266 0.535446
0.524436 0.435493
0.543737 0.529368
0.563155 0.564774
0.582679 0.62278
0.602298 0.72929
0.622004 0.760838
0.641788 0.671748
0.222637 0.744243
0.22362 0.301012
0.226543 1.10583
0.231334 0.537416
0.237878 0.305995
0.246036 0.802289
0.255654 0.220367
0.266573 0.366485
0.278641 0.255667
0.291715 0.276515
0.305667 0.387695
0.320381 0.430586
0.335757 0.390842
0.351709 0.385542
0.368161 0.363599
0.38505 0.405715
0.40232 0.350301
0.419925 0.442931
0.437824 0.559411
0.455982 0.382557
0.47437 0.353281
0.492962 0.378888
0.511736 0.468464
0.530672 0.506249
0.549754 0.697837
0.568967 1.03571
0.588298 0.687668
0.607736 0.595894
0.62727 0.832009
0.646894 1.05334
0.238798 0.427761
0.239714 0.354513
0.242444 0.281304
0.246926 0.247138
0.253067 0.47516
0.26075 0.812358
0.269844 0.303253
0.280211 0.329101
0.291715 0.363046
0.304228 0.485886
0.317631 0.32925
0.331815 0.275678
0.346684 0.24827
0.362155 0.391092
0.378153 0.303102
0.394614 0.39503
0.411483 0.435923
0.428712 0.406659
0.446259 0.401577
0.464087 0.39397
0.482166 0.369407
0.500468 0.528481
0.518971 0.379357
0.537652 0.631014
0.556495 0.555761
0.575482 0.509885
0.594602 0.689383
0.61384 0.606032
0.633187 0.736161
0.652632 0.982154
0.255654 0.535908
0.25651 0.501898
0.259062 0.44607
0.263261 0.431573
0.26903 0.4097
0.27627 0.358721
0.284869 0.31629
0.294708 0.36531
0.305667 0.536721
0.317631 0.324173
0.33049 0.20518
0.344144 0.439166
0.358503 0.27434
0.373484 0.385866
0.389017 0.315839
0.405037 0.465833
0.421489 0.336475
0.438324 0.386659
0.455501 0.333232
0.472981 0.542782
0.490732 0.386924
0.508727 0.697856
0.526939 0.581833
0.545348 0.602684
0.563933 0.717421
0.582679 0.526446
0.601569 0.943675
0.620592 0.743087
0.639734 0.934027
0.658986 0.797942
0.273076 0.510884
0.273878 0.691124
0.27627 0.448539
0.280211 0.36875
0.285637 0.477342
0.292466 0.32225
0.300602 0.381397
0.309942 0.37726
0.320381 0.327408
0.331815 0.235254
0.344144 0.458493
0.357277 0.294329
0.371128 0.232085
0.385619 0.22978
0.400681 0.263342
0.416253 0.370449
0.432278 0.351028
0.448709 0.367081
0.465503 0.431286
0.482621 0.506455
0.50003 0.422323
0.517701 0.641771
0.535609 0.577238
0.553729 0.546239
0.572042 0.714748
0.59053 0.824011
0.609177 0.774447
0.627969 0.832953
0.646894 0.872099
0.665939 0.902948
0.290963 0.663027
0.291715 0.266139
0.293962 0.263654
0.297669 0.379353
0.302783 0.348142
0.309234 0.452799
0.316939 0.351356
0.325811 0.416543
0.335757 0.32428
0.346684 0.284778
0.358503 0.406942
0.371128 0.537333
0.38448 0.375696
0.398486 0.359957
0.413079 0.294379
0.4282 0.327972
0.443794 0.366655
0.459814 0.483508
0.476216 0.333875
0.492962 0.411269
0.510019 0.44899
0.527355 0.469703
0.544945 0.569888
0.562765 0.823735
0.580794 0.847644
0.599012 0.815858
0.617403 0.975076
0.635952 0.716906
0.654645 0.909895
0.673471 1.15831
0.309234 0.383283
0.309942 0.177426
0.312058 0.265705
0.315552 0.531079
0.320381 0.230533
0.326484 0.27665
0.333792 0.471196
0.342227 0.328458
0.351709 0.404825
0.362155 0.364413
0.373484 0.385229
0.385619 0.282071
0.398486 0.359763
0.412016 0.335102
0.426146 0.388629
0.440819 0.352666
0.455982 0.354637
0.471588 0.34402
0.487594 0.548388
0.503962 0.709764
0.520658 0.61938
0.537652 0.761838
0.554916 0.541329
0.572425 0.726539
0.590159 0.788074
0.608096 0.49619
0.626221 0.764391
0.644516 0.649853
0.662968 0.898023
0.681564 0.890624
0.327825 0.218347
0.328493 0.373675
0.33049 0.61732
0.333792 0.278163
0.33836 0.203308
0.344144 0.373774
0.351085 0.233316
0.359114 0.333416
0.368161 0.241758
0.378153 0.307404
0.389017 0.401773
0.400681 0.468238
0.413079 0.280069
0.426146 0.507653
0.439823 0.460115
0.454054 0.395892
0.468789 0.422334
0.483982 0.569417
0.499591 0.574532
0.515579 0.52953
0.53191 0.667651
0.548556 0.822401
0.565487 0.67173
0.582679 0.604667
0.600109 0.712902
0.617758 0.775657
0.635607 0.871454
0.653639 1.16517
0.671841 1.03656
0.690198 0.93932
0.346684 0.356575
0.347316 0.251853
0.349205 0.389046
0.352332 0.285631
0.356663 0.357819
0.362155 0.485294
0.368756 0.446426
0.376409 0.224198
0.38505 0.30283
0.394614 0.287137
0.405037 0.316087
0.416253 0.296816
0.4282 0.449656
0.440819 0.506685
0.454054 0.322925
0.467852 0.36861
0.482166 0.376585
0.49695 0.411279
0.512164 0.514771
0.527771 0.691935
0.543737 0.902559
0.56003 0.510336
0.576625 0.557357
0.593494 0.603287
0.610616 0.965868
0.627969 0.791026
0.645536 0.709502
0.663299 0.934927
0.681242 0.902047
0.699352 0.964813
0.36577 0.292542
0.36637 0.408994
0.368161 0.375165
0.371128 0.354614
0.375242 0.35178
0.380466 0.267278
0.386755 0.373024
0.394058 0.36018
0.40232 0.484857
0.411483 0.362199
0.421489 0.400885
0.432278 0.475174
0.443794 0.380995
0.455982 0.39047
0.468789 0.53605
0.482166 0.38768
0.496067 0.33726
0.510448 0.634358
0.525272 0.533568
0.5405 0.578599
0.5561 0.576751
0.572042 0.641927
0.588298 0.573152
0.604842 0.753519
0.621651 0.610301
0.638705 0.7715
0.655984 1.01253
0.673471 0.907201
0.69115 0.714873
0.709008 1.16274
0.38505 0.251904
0.385619 0.319093
0.387322 0.343207
0.390143 0.371974
0.394058 0.240638
0.399036 0.331029
0.405037 0.383754
0.412016 0.390951
0.419925 0.567674
0.428712 0.49867
0.438324 0.493221
0.448709 0.314236
0.459814 0.336331
0.471588 0.476791
0.483982 0.35388
0.49695 0.584412
0.510448 0.608697
0.524436 0.42791
0.538874 0.629699
0.553729 0.692672
0.568967 0.698719
0.584558 0.644762
0.600474 0.800617
0.616692 0.663272
0.633187 0.635222
0.649938 0.823673
0.666926 1.00772
0.684133 0.948489
0.701544 1.07743
0.719143 1.08254
0.404495 0.435595
0.405037 0.335658
0.406658 0.357465
0.409346 0.453913
0.413079 0.425291
0.417831 0.282001
0.423565 0.403392
0.430244 0.392346
0.437824 0.515245
0.446259 0.473832
0.455501 0.563446
0.465503 0.380625
0.476216 0.400319
0.487594 0.456528
0.499591 0.580532
0.512164 0.520543
0.525272 0.497687
0.538874 0.603523
0.552936 0.692791
0.567423 0.567008
0.582302 0.515547
0.597545 0.744972
0.613125 0.674018
0.629016 0.944539
0.645196 0.65413
0.661643 0.726076
0.678338 0.959762
0.695263 0.962169
0.712402 1.10388
0.72974 1.30424
0.424083 0.408829
0.4246 0.304123
0.426146 0.305853
0.428712 0.376562
0.432278 0.450283
0.436821 0.373565
0.442309 0.499354
0.448709 0.315043
0.455982 0.384686
0.464087 0.417097
0.472981 0.572951
0.482621 0.411781
0.492962 0.664055
0.503962 0.458989
0.515579 0.492006
0.527771 0.52795
0.5405 0.5636
0.553729 0.569601
0.567423 0.625467
0.581548 0.617067
0.596075 0.740279
0.610975 0.588406
0.626221 0.683413
0.641788 0.805643
0.657653 0.917876
0.673797 0.816478
0.690198 1.032
0.706839 0.940861
0.723704 0.903601
0.740777 1.18644
0.443794 0.456086
0.444288 0.38027
0.445767 0.458478
0.44822 0.503484
0.451632 0.451742
0.455982 0.364856
0.461243 0.332891
0.467383 0.379285
0.47437 0.482491
0.482166 0.5164
0.490732 0.48386
0.50003 0.607419
0.510019 0.453575
0.520658 0.481879
0.53191 0.654972
0.543737 0.524931
0.5561 0.756124
0.568967 0.61807
0.582302 0.846523
0.596075 0.758191
0.610257 0.83869
0.624818 0.822547
0.639734 0.827155
0.65498 0.777406
0.670534 0.994715
0.686374 1.04647
0.702481 1.32536
0.718838 1.00935
0.735428 1.11326
0.752235 1.31246
0.463614 0.37144
0.464087 0.411967
0.465503 0.415267
0.467852 0.484162
0.471123 0.310772
0.475294 0.430902
0.480343 0.443879
0.486243 0.386858
0.492962 0.59292
0.500468 0.429038
0.508727 0.391272
0.517701 0.472531
0.527355 0.604627
0.537652 0.447957
0.548556 0.762799
0.56003 0.737521
0.572042 0.622898
0.584558 0.669638
0.597545 0.527794
0.610975 0.629583
0.624818 0.719385
0.639048 0.740914
0.653639 0.707854
0.668568 0.942049
0.683813 1.03838
0.699352 0.705554
0.715168 1.16047
0.731241 0.899144
0.747555 1.10536
0.764095 1.43177
0.483529 0.360527
0.483982 0.38043
0.48534 0.36934
0.487594 0.403737
0.490732 0.515873
0.494739 0.526828
0.499591 0.491692
0.505266 0.445909
0.511736 0.538769
0.518971 0.508232
0.526939 0.615578
0.535609 0.613471
0.544945 0.808802
0.554916 0.549591
0.565487 0.50944
0.576625 0.666514
0.588298 0.671994
0.600474 0.846136
0.613125 0.697608
0.626221 0.768826
0.639734 0.746562
0.653639 0.778452
0.667912 0.90553
0.682529 1.14912
0.697468 1.17334
0.71271 0.90897
0.728235 1.27067
0.744026 1.20639
0.760066 1.01511
0.77634 1.47228
0.503527 0.601834
0.503962 0.404865
0.505266 0.649194
0.507432 0.457223
0.510448 0.460974
0.514301 0.403808
0.518971 0.630917
0.524436 0.581322
0.530672 0.616551
0.537652 0.469469
0.545348 0.42452
0.553729 0.760421
0.562765 0.434426
0.572425 0.631571
0.582679 0.719753
0.593494 0.696423
0.604842 0.664145
0.616692 0.822003
0.629016 0.6407
0.641788 0.721829
0.65498 0.80736
0.668568 0.769881
0.682529 0.959423
0.696839 0.913727
0.711478 1.11081
0.726426 1.07582
0.741664 1.02902
0.757175 1.41169
0.772942 1.51815
0.788951 1.17559
0.523599 0.611289
0.524017 0.538794
0.525272 0.649518
0.527355 0.388762
0.530258 0.566847
0.533968 0.480296
0.538467 0.684218
0.543737 0.571906
0.549754 0.540412
0.556495 0.684318
0.563933 0.602675
0.572042 0.625338
0.580794 0.612881
0.590159 0.699724
0.600109 0.868832
0.610616 0.782663
0.621651 0.694227
0.633187 0.695441
0.645196 0.897192
0.657653 1.00664
0.670534 0.850564
0.683813 1.0942
0.697468 1.12257
0.711478 0.866143
0.725822 1.02989
0.74048 1.02926
0.755435 1.12291
0.770669 1.00888
0.786166 1.30745
0.80191 1.47384
0.543737 0.825194
0.54414 0.622217
0.545348 0.647045
0.547355 0.481836
0.550153 0.502453
0.553729 0.508022
0.558069 0.688321
0.563155 0.578835
0.568967 0.655947
0.575482 0.647952
0.582679 0.522645
0.59053 0.941266
0.599012 0.775276
0.608096 0.717277
0.617758 0.78782
0.627969 0.807128
0.638705 0.804181
0.649938 0.894307
0.661643 1.11776
0.673797 0.974064
0.686374 0.925773
0.699352 1.0459
0.71271 1.2177
0.726426 1.30178
0.74048 1.21366
0.754854 1.21256
0.76953 1.30754
0.78449 1.25135
0.799719 1.39863
0.815201 1.60538
0.563933 0.622491
0.564322 0.745885
0.565487 0.643744
0.567423 0.466026
0.570122 0.598868
0.573574 0.713806
0.577765 0.705152
0.582679 0.623782
0.588298 0.736865
0.594602 0.701533
0.601569 0.749664
0.609177 0.781904
0.617403 0.628626
0.626221 0.918406
0.635607 0.950333
0.645536 0.964174
0.655984 0.884708
0.666926 1.03537
0.678338 0.760218
0.690198 0.665559
0.702481 0.965228
0.715168 1.17319
0.728235 1.15073
0.741664 1.17281
0.755435 1.36103
0.76953 1.13099
0.783931 1.71986
0.798621 1.02931
0.813586 1.38188
0.828809 1.32729
0.584182 0.889957
0.584558 0.617583
0.585682 0.575126
0.587552 0.682045
0.590159 0.735929
0.593494 0.508668
0.597545 0.760917
0.602298 0.669034
0.607736 0.603369
0.61384 0.66642
0.620592 0.604485
0.627969 0.800111
0.635952 0.75425
0.644516 0.965053
0.653639 1.06928
0.663299 1.12359
0.673471 0.982414
0.684133 0.820701
0.695263 0.875138
0.706839 1.31911
0.718838 1.1699
0.731241 1.20425
0.744026 1.40544
0.757175 1.20127
0.770669 0.972146
0.78449 1.70088
0.798621 1.29556
0.813046 1.67008
0.82775 1.55144
0.842718 1.4164
0.604479 0.929155
0.604842 0.462065
0.605928 0.687941
0.607736 0.61782
0.610257 0.791356
0.613483 0.805033
0.617403 0.693643
0.622004 0.674855
0.62727 0.706476
0.633187 0.82196
0.639734 0.644192
0.646894 0.859429
0.654645 0.619509
0.662968 0.690537
0.671841 0.702844
0.681242 1.19117
0.69115 1.2097
0.701544 1.10928
0.712402 1.23314
0.723704 1.08593
0.735428 1.27565
0.747555 1.29647
0.760066 1.04118
0.772942 1.46664
0.786166 1.19188
0.799719 1.21384
0.813586 1.42394
0.82775 1.30656
0.842197 1.40197
0.856912 1.32104
0.624818 0.792739
0.625169 0.806442
0.626221 0.677202
0.627969 0.702025
0.630409 0.768025
0.633533 0.683133
0.63733 0.821372
0.641788 0.822576
0.646894 0.806372
0.652632 0.767308
0.658986 0.836705
0.665939 1.11327
0.673471 0.904533
0.681564 0.773646
0.690198 0.945295
0.699352 1.10592
0.709008 1.19007
0.719143 1.08121
0.72974 1.08933
0.740777 1.11051
0.752235 1.42866
0.764095 1.1066
0.77634 1.20129
0.788951 1.27578
0.80191 1.52214
0.815201 1.4098
0.828809 1.0788
0.842718 1.20353
0.856912 1.54308
0.871379 1.11114
0.167552 2.50767
0.168856 0.550939
0.172708 2.19399
0.178945 0.252367
0.187328 2.85639
0.197585 0.625578
0.20944 0.702589
0.222637 0.554104
0.236954 0.510631
0.252199 0.54605
0.268213 0.244938
0.284869 0.274711
0.302058 0.272659
0.319696 0.33872
0.337711 0.33378
0.356047 0.329382
0.374657 0.320488
0.393501 0.516871
0.412548 0.34857
0.431771 0.429999
0.451147 0.40055
0.470657 0.508479
0.490285 0.511129
0.510019 0.398542
0.529845 0.750978
0.549754 0.528573
0.569737 0.859758
0.589787 0.65487
0.609897 0.75761
0.630061 0.69215
0.168856 2.62542
0.170149 1.42287
0.173974 0.887005
0.180167 0.567269
0.188496 0.940516
0.198692 0.401349
0.210484 0.915689
0.22362 0.611976
0.237878 0.579255
0.253067 0.328794
0.26903 0.570044
0.285637 0.41636
0.302783 0.42792
0.320381 0.429587
0.33836 0.350508
0.356663 0.405967
0.375242 0.3546
0.394058 0.260698
0.413079 0.293789
0.432278 0.447999
0.451632 0.299552
0.471123 0.404409
0.490732 0.471256
0.510448 0.570166
0.530258 0.717915
0.550153 0.637782
0.570122 0.612068
0.590159 0.577385
0.610257 0.705299
0.630409 1.10379
0.172708 0.847581
0.173974 2.17823
0.177715 0.437503
0.183782 2.60963
0.191954 1.35039
0.201976 0.532054
0.213587 0.911469
0.226543 1.23697
0.240628 0.488385
0.255654 0.270816
0.271465 0.509983
0.287932 0.313135
0.304949 0.327012
0.322428 0.299116
0.340299 0.275635
0.358503 0.234534
0.376991 0.254906
0.395724 0.29903
0.414669 0.266466
0.433798 0.457354
0.453087 0.391028
0.472517 0.328675
0.492071 0.621724
0.511736 0.378331
0.531498 0.635995
0.551347 0.529204
0.571275 0.833105
0.591273 0.681851
0.611334 0.767767
0.631452 0.869471
0.178945 3.60762
0.180167 0.916907
0.183782 0.972571
0.189656 1.36202
0.197585 1.42393
0.207335 0.542692
0.218661 0.551913
0.231334 0.789955
0.245143 0.471124
0.259908 0.386488
0.275475 0.403552
0.291715 0.364177
0.308524 0.291697
0.325811 0.315542
0.343506 0.344914
0.361549 0.341067
0.379889 0.289156
0.398486 0.329322
0.417305 0.417455
0.436318 0.324611
0.455501 0.36267
0.474832 0.508431
0.494295 0.452207
0.513874 0.491696
0.533557 0.63146
0.553333 0.590857
0.573191 0.674652
0.593124 0.57018
0.613125 0.733204
0.633187 0.790407
0.187328 1.06063
0.188496 0.791679
0.191954 1.33503
0.197585 1.05375
0.205208 0.56939
0.214612 0.514727
0.225573 0.744459
0.237878 0.891834
0.251327 0.333176
0.265749 0.260323
0.280993 0.239991
0.296932 0.404105
0.31346 0.298706
0.33049 0.274787
0.347947 0.245798
0.36577 0.237384
0.383909 0.535437
0.40232 0.365061
0.420968 0.364242
0.439823 0.360049
0.458859 0.462767
0.478055 0.50866
0.497391 0.44791
0.516853 0.578333
0.536427 0.511829
0.5561 0.777896
0.575863 0.561825
0.595707 0.589408
0.615624 0.776123
0.635607 0.781359
0.197585 1.23308
0.198692 0.564748
0.201976 2.2773
0.207335 0.661964
0.214612 0.509894
0.22362 0.436307
0.23416 0.388298
0.246036 1.07586
0.259062 0.391575
0.273076 0.233029
0.287932 0.438596
0.303507 0.296773
0.319696 0.336257
0.33641 0.313469
0.353575 0.263772
0.371128 0.375843
0.389017 0.392874
0.407197 0.317185
0.425631 0.44754
0.444288 0.43018
0.463141 0.395169
0.482166 0.616114
0.501344 0.606113
0.520658 0.441498
0.540094 0.617502
0.559639 0.656845
0.579281 0.602999
0.599012 0.782439
0.618822 0.858357
0.638705 0.950443
0.20944 0.429817
0.210484 0.564985
0.213587 0.770882
0.218661 0.282437
0.225573 0.318906
0.23416 0.378059
0.244246 0.369977
0.255654 0.480867
0.268213 0.87597
0.281772 0.171283
0.296192 0.495069
0.311354 0.256828
0.327155 0.278438
0.343506 0.329131
0.360333 0.338902
0.377572 0.381261
0.39517 0.406348
0.413079 0.383944
0.431262 0.410933
0.449686 0.559966
0.468321 0.353017
0.487144 0.518926
0.506133 0.37424
0.525272 0.541836
0.544543 0.49074
0.563933 0.618281
0.583431 0.748807
0.603026 0.748946
0.622708 0.814542
0.642471 0.942624
0.222637 0.737855
0.22362 0.954928
0.226543 0.401677
0.231334 0.367751
0.237878 0.630626
0.246036 1.18708
0.255654 0.326611
0.266573 0.295682
0.278641 0.887137
0.291715 0.368581
0.305667 0.341773
0.320381 0.389534
0.335757 0.213187
0.351709 0.342486
0.368161 0.55366
0.38505 0.349241
0.40232 0.339336
0.419925 0.428323
0.437824 0.435272
0.455982 0.487561
0.47437 0.435473
0.492962 0.394316
0.511736 0.554451
0.530672 0.66298
0.549754 0.582071
0.568967 0.722525
0.588298 0.633677
0.607736 0.743372
0.62727 0.750394
0.646894 0.75149
0.236954 0.33429
0.237878 0.340631
0.240628 0.667591
0.245143 0.281753
0.251327 0.515348
0.259062 0.530196
0.268213 0.306657
0.278641 0.578805
0.290208 0.327833
0.302783 0.295165
0.316247 0.267907
0.33049 0.327278
0.345416 0.251247
0.360942 0.29422
0.376991 0.347471
0.393501 0.247593
0.410416 0.395938
0.427688 0.398041
0.445275 0.4682
0.463141 0.52434
0.481255 0.292008
0.499591 0.615761
0.518125 0.422032
0.536836 0.543327
0.555706 0.62651
0.57472 0.611746
0.593864 0.642745
0.613125 0.6614
0.632493 0.862616
0.651959 1.14886
0.252199 0.550086
0.253067 0.279344
0.255654 0.401751
0.259908 0.617418
0.265749 0.342341
0.273076 0.429424
0.281772 0.235139
0.291715 0.432526
0.302783 0.313552
0.314857 0.207711
0.327825 0.332497
0.341586 0.386251
0.356047 0.325929
0.371128 0.409613
0.386755 0.338078
0.402865 0.33411
0.419402 0.414809
0.436318 0.375668
0.453571 0.377176
0.471123 0.322539
0.488941 0.514464
0.506999 0.514059
0.525272 0.493917
0.543737 0.549848
0.562375 0.623084
0.581171 0.826128
0.600109 0.585391
0.619176 0.755364
0.638361 0.827726
0.657653 0.974642
0.268213 0.190799
0.26903 0.206458
0.271465 0.553507
0.275475 0.264837
0.280993 0.227982
0.287932 0.344324
0.296192 0.543905
0.305667 0.236161
0.316247 0.225748
0.327825 0.279259
0.340299 0.428625
0.353575 0.36922
0.367565 0.298584
0.382191 0.385844
0.397384 0.374616
0.413079 0.33479
0.429223 0.309128
0.445767 0.411353
0.462667 0.395663
0.479886 0.363434
0.497391 0.46336
0.515153 0.588551
0.533146 0.621716
0.551347 0.57754
0.569737 0.73555
0.588298 0.727915
0.607013 0.669135
0.62587 0.937167
0.644856 0.693775
0.66396 0.879745
0.284869 0.293502
0.285637 0.250099
0.287932 0.278031
0.291715 0.599176
0.296932 0.240058
0.303507 0.271225
0.311354 0.218299
0.320381 0.325308
0.33049 0.286511
0.341586 0.401642
0.353575 0.30998
0.36637 0.355499
0.379889 0.304832
0.394058 0.232381
0.40881 0.366876
0.424083 0.394433
0.439823 0.405141
0.455982 0.319193
0.472517 0.507336
0.48939 0.463678
0.506567 0.499412
0.524017 0.597864
0.541716 0.576862
0.559639 0.585231
0.577765 0.547935
0.596075 0.839964
0.614554 0.639128
0.633187 0.923485
0.651959 1.10068
0.670861 1.04622
0.302058 0.493583
0.302783 0.379752
0.304949 0.327628
0.308524 0.449217
0.31346 0.327889
0.319696 0.265918
0.327155 0.369575
0.335757 0.28697
0.345416 0.296787
0.356047 0.29496
0.367565 0.296153
0.379889 0.294437
0.392943 0.246345
0.406658 0.329875
0.420968 0.33404
0.435815 0.368442
0.451147 0.419565
0.466914 0.392011
0.483075 0.478082
0.499591 0.381248
0.516429 0.548621
0.533557 0.62771
0.550949 0.498141
0.568581 0.684891
0.586431 0.607691
0.604479 0.658081
0.622708 0.603496
0.641104 0.782284
0.659651 0.803249
0.678338 1.06814
0.319696 0.294945
0.320381 0.544535
0.322428 0.235374
0.325811 0.438421
0.33049 0.237945
0.33641 0.423769
0.343506 0.33456
0.351709 0.379804
0.360942 0.388879
0.371128 0.302042
0.382191 0.315825
0.394058 0.368767
0.406658 0.390055
0.419925 0.41441
0.433798 0.380541
0.44822 0.440109
0.463141 0.463475
0.478513 0.534851
0.494295 0.517536
0.510448 0.462349
0.526939 0.569197
0.543737 0.573801
0.560813 0.569884
0.578144 0.657914
0.595707 0.764485
0.613483 0.770179
0.631452 0.936946
0.6496 0.659362
0.667912 0.931756
0.686374 0.942881
0.337711 0.277611
0.33836 0.241532
0.340299 0.270877
0.343506 0.223017
0.347947 0.314882
0.353575 0.27654
0.360333 0.301256
0.368161 0.402889
0.376991 0.359303
0.386755 0.338321
0.397384 0.542488
0.40881 0.308127
0.420968 0.5392
0.433798 0.329779
0.44724 0.39851
0.461243 0.335333
0.475755 0.564091
0.490732 0.48068
0.506133 0.449066
0.521921 0.583418
0.53806 0.605906
0.554521 0.580467
0.571275 0.642123
0.588298 0.591914
0.605566 0.751547
0.623061 0.718968
0.640762 0.745836
0.658653 0.756647
0.67672 0.967873
0.694948 0.924192
0.356047 0.358799
0.356663 0.325165
0.358503 0.218077
0.361549 0.222962
0.36577 0.265919
0.371128 0.524464
0.377572 0.406712
0.38505 0.3324
0.393501 0.462077
0.402865 0.397695
0.413079 0.451795
0.424083 0.515982
0.435815 0.42908
0.44822 0.458262
0.461243 0.345297
0.474832 0.49874
0.488941 0.739912
0.503527 0.436718
0.518548 0.492313
0.533968 0.570696
0.549754 0.667065
0.565874 0.549478
0.582302 0.684601
0.599012 0.772655
0.61598 0.912886
0.633187 0.722374
0.650612 0.743851
0.66824 1.01968
0.686054 0.910103
0.704041 0.851456
0.374657 0.343919
0.375242 0.322505
0.376991 0.278399
0.379889 0.322368
0.383909 0.364193
0.389017 0.385235
0.39517 0.325378
0.40232 0.340561
0.410416 0.439047
0.419402 0.456112
0.429223 0.313997
0.439823 0.547512
0.451147 0.416904
0.463141 0.377231
0.475755 0.372952
0.488941 0.452743
0.502655 0.398379
0.516853 0.468483
0.531498 0.625374
0.546553 0.570117
0.561985 0.538092
0.577765 0.647864
0.593864 0.648352
0.610257 0.908832
0.626921 0.945475
0.643835 0.915494
0.66098 0.980575
0.678338 0.811793
0.695894 0.95875
0.713633 1.64791
0.393501 0.300128
0.394058 0.287664
0.395724 0.494722
0.398486 0.311891
0.40232 0.481504
0.407197 0.322774
0.413079 0.391267
0.419925 0.350669
0.427688 0.409594
0.436318 0.446227
0.445767 0.327947
0.455982 0.500946
0.466914 0.485308
0.478513 0.381068
0.490732 0.574439
0.503527 0.383139
0.516853 0.452961
0.530672 0.619747
0.544945 0.643545
0.559639 0.590028
0.57472 0.72499
0.590159 0.734638
0.605928 0.776522
0.622004 0.763518
0.638361 0.689895
0.65498 0.925009
0.671841 0.851617
0.688925 0.861187
0.706218 1.07753
0.723704 1.1128
0.412548 0.355248
0.413079 0.576294
0.414669 0.324348
0.417305 0.468656
0.420968 0.338379
0.425631 0.42458
0.431262 0.279448
0.437824 0.27938
0.445275 0.512375
0.453571 0.453111
0.462667 0.432943
0.472517 0.355138
0.483075 0.457571
0.494295 0.647666
0.506133 0.506643
0.518548 0.565482
0.531498 0.590743
0.544945 0.448876
0.558854 0.735778
0.573191 0.538706
0.587925 0.671546
0.603026 0.631324
0.618467 0.771993
0.634225 0.90086
0.650275 0.894528
0.666597 0.80737
0.683171 1.09887
0.699979 1.14746
0.717005 1.01179
0.734234 1.30577
0.431771 0.373029
0.432278 0.23498
0.433798 0.382672
0.436318 0.37677
0.439823 0.344054
0.444288 0.408971
0.449686 0.457749
0.455982 0.457807
0.463141 0.389936
0.471123 0.407935
0.479886 0.440246
0.48939 0.42657
0.499591 0.340585
0.510448 0.520274
0.521921 0.631962
0.533968 0.581167
0.546553 0.55835
0.559639 0.654803
0.573191 0.652668
0.587178 0.669909
0.601569 0.891809
0.616336 0.639771
0.631452 0.75811
0.646894 0.84817
0.662637 0.858539
0.678662 0.917128
0.694948 0.849877
0.711478 1.07063
0.728235 1.46149
0.745204 1.26801
0.451147 0.433722
0.451632 0.363856
0.453087 0.418779
0.455501 0.368629
0.458859 0.381899
0.463141 0.363972
0.468321 0.381085
0.47437 0.538205
0.481255 0.416061
0.488941 0.541631
0.497391 0.460872
0.506567 0.565033
0.516429 0.510186
0.526939 0.501873
0.53806 0.64618
0.549754 0.695908
0.561985 0.586402
0.57472 0.476589
0.587925 0.68073
0.601569 0.693631
0.615624 0.677884
0.630061 0.803405
0.644856 0.713022
0.659984 0.842771
0.675422 0.997183
0.69115 0.832806
0.707149 0.860597
0.723401 1.28033
0.739888 1.27692
0.756596 1.11872
0.470657 0.454626
0.471123 0.402951
0.472517 0.407329
0.474832 0.38744
0.478055 0.563527
0.482166 0.499087
0.487144 0.36498
0.492962 0.415957
0.499591 0.407717
0.506999 0.465322
0.515153 0.451391
0.524017 0.595135
0.533557 0.554837
0.543737 0.667978
0.554521 0.785428
0.565874 0.532286
0.577765 0.62735
0.590159 0.773989
0.603026 0.922355
0.616336 0.820864
0.630061 0.869761
0.644175 0.732985
0.658653 0.647677
0.673471 1.08933
0.688607 0.894438
0.704041 0.943021
0.719753 1.46751
0.735726 1.39191
0.751943 1.12617
0.768389 1.25647
0.490285 0.39839
0.490732 0.46087
0.492071 0.360402
0.494295 0.325489
0.497391 0.52638
0.501344 0.421388
0.506133 0.572382
0.511736 0.574212
0.518125 0.574264
0.525272 0.627952
0.533146 0.464011
0.541716 0.357407
0.550949 0.467466
0.560813 0.550444
0.571275 0.668856
0.582302 0.664171
0.593864 0.705583
0.605928 0.756341
0.618467 0.86118
0.631452 0.820501
0.644856 0.824936
0.658653 0.933765
0.672819 0.945692
0.687332 0.946303
0.702169 0.866491
0.717311 1.01529
0.732739 1.10626
0.748435 1.10498
0.764382 1.19254
0.780566 1.14573
0.510019 0.410194
0.510448 0.589909
0.511736 0.499988
0.513874 0.497113
0.516853 0.437867
0.520658 0.517296
0.525272 0.697019
0.530672 0.704427
0.536836 0.473466
0.543737 0.634748
0.551347 0.443368
0.559639 0.726072
0.568581 0.684686
0.578144 0.647425
0.588298 0.635491
0.599012 0.787153
0.610257 0.823688
0.622004 0.844162
0.634225 0.717388
0.646894 0.933225
0.659984 0.992446
0.673471 0.794212
0.687332 0.906365
0.701544 1.34216
0.716087 1.13638
0.730941 1.29874
0.746087 1.14707
0.761508 1.14149
0.777187 1.21659
0.79311 1.42317
0.529845 0.478608
0.530258 0.519985
0.531498 0.533739
0.533557 0.575985
0.536427 0.681271
0.540094 0.585145
0.544543 0.444198
0.549754 0.580337
0.555706 0.525373
0.562375 0.519017
0.569737 0.609756
0.577765 0.680794
0.586431 0.639019
0.595707 0.56001
0.605566 0.893268
0.61598 0.782021
0.626921 0.587523
0.638361 1.06821
0.650275 0.907014
0.662637 1.0344
0.675422 1.06897
0.688607 1.31878
0.702169 1.22647
0.716087 1.11704
0.730341 1.29402
0.74491 1.27585
0.759778 1.16545
0.774926 1.79261
0.790339 1.47145
0.806002 1.17585
0.549754 0.579969
0.550153 0.613425
0.551347 0.64332
0.553333 0.719521
0.5561 0.739305
0.559639 0.704679
0.563933 0.5574
0.568967 0.571985
0.57472 0.871586
0.581171 0.587979
0.588298 0.839234
0.596075 0.599871
0.604479 0.661249
0.613483 0.708031
0.623061 0.838588
0.633187 0.91495
0.643835 0.853204
0.65498 0.862016
0.666597 1.06533
0.678662 1.12471
0.69115 0.965688
0.704041 1.01988
0.717311 1.14429
0.730941 0.976553
0.74491 1.09952
0.7592 1.33067
0.773793 1.30822
0.788673 1.57292
0.803822 1.52271
0.819227 1.47586
0.569737 0.577544
0.570122 0.690957
0.571275 0.64486
0.573191 0.854003
0.575863 0.75753
0.579281 0.59356
0.583431 0.923986
0.588298 0.716188
0.593864 0.717945
0.600109 0.768759
0.607013 0.890668
0.614554 0.855852
0.622708 0.792051
0.631452 1.05338
0.640762 0.790713
0.650612 0.749534
0.66098 0.909358
0.671841 1.1662
0.683171 0.864639
0.694948 1.09716
0.707149 1.03265
0.719753 1.00395
0.732739 1.10778
0.746087 1.49125
0.759778 1.17399
0.773793 1.46807
0.788116 1.51153
0.80273 1.39307
0.817619 1.35105
0.832769 1.28569
0.589787 0.547615
0.590159 0.526918
0.591273 0.564771
0.593124 0.683021
0.595707 0.691857
0.599012 0.607004
0.603026 0.915815
0.607736 0.881611
0.613125 0.893718
0.619176 0.533048
0.62587 0.657368
0.633187 0.947163
0.641104 0.833277
0.6496 0.818223
0.658653 0.701156
0.66824 0.728705
0.678338 0.955522
0.688925 1.07662
0.699979 0.949883
0.711478 1.00793
0.723401 1.2002
0.735726 1.23413
0.748435 1.57611
0.761508 1.22385
0.774926 1.05819
0.788673 1.38193
0.80273 1.35613
0.817083 1.04291
0.831715 1.32428
0.846612 1.24856
0.609897 0.772494
0.610257 0.880648
0.611334 0.695509
0.613125 0.802706
0.615624 0.636619
0.618822 0.910354
0.622708 0.761092
0.62727 0.900308
0.632493 0.881345
0.638361 0.908488
0.644856 0.905462
0.651959 0.927558
0.659651 0.72944
0.667912 0.7597
0.67672 0.899393
0.686054 0.78661
0.695894 1.00544
0.706218 0.78746
0.717005 0.770616
0.728235 1.07301
0.739888 1.10697
0.751943 1.13165
0.764382 1.30955
0.777187 1.25992
0.790339 1.42624
0.803822 1.34332
0.817619 1.33449
0.831715 1.451
0.846094 1.30418
0.860743 1.4694
0.630061 0.636604
0.630409 0.885872
0.631452 0.796969
0.633187 0.893399
0.635607 0.756317
0.638705 0.686975
0.642471 0.958491
0.646894 0.794159
0.651959 0.927394
0.657653 0.797114
0.66396 0.86607
0.670861 1.04687
0.678338 0.873266
0.686374 1.04098
0.694948 1.11371
0.704041 0.656812
0.713633 1.16682
0.723704 0.986098
0.734234 1.04534
0.745204 1.16634
0.756596 1.26586
0.768389 1.091
0.780566 1.61853
0.79311 1.41987
0.806002 1.44718
0.819227 1.15846
0.832769 1.42684
0.846612 1.54152
0.860743 1.31927
0.875146 1.46712
0.188496 1.09833
0.189656 1.73496
0.193094 0.716806
0.198692 0.773068
0.206274 0.697077
0.215631 1.18537
0.226543 0.626533
0.238798 1.07587
0.252199 0.381884
0.266573 0.443996
0.281772 0.525311
0.297669 0.431517
0.314159 0.304233
0.331153 0.396281
0.348577 0.319897
0.36637 0.295054
0.38448 0.362251
0.402865 0.245469
0.421489 0.342414
0.440321 0.398104
0.459337 0.413369
0.478513 0.555787
0.497832 0.446481
0.517277 0.451645
0.536836 0.797684
0.556495 0.484071
0.576244 0.688146
0.596075 0.816756
0.61598 0.836404
0.635952 0.802518
0.189656 0.845099
0.190808 1.53548
0.194226 0.707751
0.199793 0.809257
0.207335 0.569775
0.216646 0.668463
0.22751 1.09258
0.239714 0.462503
0.253067 0.345714
0.267394 0.398944
0.282549 0.319352
0.298405 0.329986
0.314857 0.353181
0.331815 0.258875
0.349205 0.254432
0.366968 0.377095
0.38505 0.548866
0.403409 0.431338
0.422009 0.404969
0.440819 0.491373
0.459814 0.338403
0.478971 0.396394
0.498272 0.544434
0.517701 0.538611
0.537244 0.600994
0.556889 0.555139
0.576625 0.576523
0.596443 0.97119
0.616336 0.715289
0.636296 0.864955
0.193094 0.436287
0.194226 2.17037
0.197585 0.424491
0.203059 0.809998
0.210484 0.356303
0.219662 0.519036
0.230383 0.625714
0.242444 0.265489
0.255654 0.659032
0.269844 0.321986
0.284869 0.447739
0.300602 0.366433
0.316939 0.296284
0.333792 0.320062
0.351085 0.337553
0.368756 0.465491
0.386755 0.302643
0.405037 0.35227
0.423565 0.437489
0.442309 0.312943
0.461243 0.510732
0.480343 0.439068
0.499591 0.501003
0.518971 0.426597
0.538467 0.669073
0.558069 0.576193
0.577765 0.430407
0.597545 0.65471
0.617403 0.748428
0.63733 0.819647
0.198692 0.95509
0.199793 1.02189
0.203059 0.683208
0.20839 0.381449
0.215631 0.190048
0.224599 0.995867
0.235095 0.348964
0.246926 0.325657
0.259908 0.32828
0.273878 0.351253
0.288692 0.24641
0.304228 0.255131
0.320381 0.326874
0.337061 0.459004
0.354194 0.527292
0.371718 0.305554
0.38958 0.374127
0.407735 0.471111
0.426146 0.380745
0.444782 0.357664
0.463614 0.319899
0.482621 0.398247
0.501781 0.39804
0.521079 0.56618
0.5405 0.519459
0.56003 0.738723
0.57966 0.678859
0.599378 0.681313
0.619176 0.642806
0.639048 1.00282
0.206274 0.728932
0.207335 0.394009
0.210484 0.611357
0.215631 0.739768
0.222637 0.323056
0.231334 0.785404
0.241537 0.255182
0.253067 0.330734
0.265749 0.266432
0.279427 0.658724
0.293962 0.456991
0.309234 0.285153
0.325138 0.284633
0.341586 0.288351
0.358503 0.307204
0.375826 0.198985
0.393501 0.28762
0.411483 0.470358
0.429734 0.356066
0.44822 0.497469
0.466914 0.431024
0.485791 0.436069
0.504832 0.478149
0.524017 0.510986
0.543333 0.591448
0.562765 0.603487
0.582302 0.780856
0.601934 0.897487
0.621651 0.662574
0.641446 0.829521
0.215631 0.268246
0.216646 0.661273
0.219662 1.12125
0.224599 0.952379
0.231334 0.712145
0.239714 0.645548
0.249576 0.679399
0.26075 0.562641
0.273076 0.543033
0.286404 0.331168
0.300602 0.224559
0.315552 0.280049
0.331153 0.412218
0.347316 0.445515
0.363967 0.273262
0.381042 0.361212
0.398486 0.373318
0.416253 0.384217
0.434303 0.447321
0.452603 0.397283
0.471123 0.479744
0.489838 0.508648
0.508727 0.640456
0.527771 0.487784
0.546954 0.682428
0.566262 0.712607
0.585682 0.804353
0.605204 0.68818
0.624818 0.815663
0.644516 0.647225
0.226543 0.909984
0.22751 0.424998
0.230383 0.387511
0.235095 0.941636
0.241537 0.240621
0.249576 0.72857
0.259062 0.629949
0.269844 0.322543
0.281772 0.427352
0.294708 0.228232
0.308524 0.516192
0.323108 0.455039
0.33836 0.344166
0.354194 0.284011
0.370536 0.390017
0.387322 0.285452
0.404495 0.345976
0.422009 0.383304
0.439823 0.587479
0.457902 0.402739
0.476216 0.479683
0.494739 0.488342
0.513447 0.667852
0.532323 0.521802
0.551347 0.679803
0.570506 0.493963
0.589787 0.718949
0.609177 0.765072
0.628667 0.764815
0.648248 0.85269
0.238798 0.436151
0.239714 0.843458
0.242444 0.25936
0.246926 0.478537
0.253067 0.303677
0.26075 0.508646
0.269844 0.6095
0.280211 0.281628
0.291715 0.548053
0.304228 0.208158
0.317631 0.280339
0.331815 0.37305
0.346684 0.320165
0.362155 0.376638
0.378153 0.248854
0.394614 0.314333
0.411483 0.398605
0.428712 0.468002
0.446259 0.460698
0.464087 0.503495
0.482166 0.478535
0.500468 0.392085
0.518971 0.696077
0.537652 0.529187
0.556495 0.726653
0.575482 0.539123
0.594602 0.653975
0.61384 0.80366
0.633187 0.930102
0.652632 0.855594
0.252199 0.35815
0.253067 0.439457
0.255654 0.553569
0.259908 0.514662
0.265749 0.415001
0.273076 0.277336
0.281772 0.450969
0.291715 0.620316
0.302783 0.471054
0.314857 0.29609
0.327825 0.276608
0.341586 0.312337
0.356047 0.354042
0.371128 0.279781
0.386755 0.294144
0.402865 0.351948
0.419402 0.439769
0.436318 0.355893
0.453571 0.56758
0.471123 0.441561
0.488941 0.551152
0.506999 0.676443
0.525272 0.49119
0.543737 0.579308
0.562375 0.67493
0.581171 0.631944
0.600109 0.67012
0.619176 0.65576
0.638361 0.82699
0.657653 0.588532
0.266573 0.508783
0.267394 0.416425
0.269844 0.321444
0.273878 0.370601
0.279427 0.299645
0.286404 0.233215
0.294708 0.345323
0.304228 0.770181
0.314857 0.386356
0.326484 0.476478
0.339007 0.261495
0.352332 0.23362
0.36637 0.290869
0.381042 0.250726
0.396278 0.254671
0.412016 0.342611
0.4282 0.420014
0.444782 0.393607
0.461718 0.391748
0.478971 0.448842
0.496509 0.493763
0.514301 0.46116
0.532323 0.502854
0.550551 0.612849
0.568967 0.650451
0.587552 0.832569
0.60629 0.785839
0.625169 0.815093
0.644175 0.929508
0.663299 0.723126
0.281772 0.437978
0.282549 0.662918
0.284869 0.787566
0.288692 0.513878
0.293962 0.294673
0.300602 0.444987
0.308524 0.27209
0.317631 0.388945
0.327825 0.229885
0.339007 0.351458
0.351085 0.446537
0.363967 0.306553
0.377572 0.365423
0.391825 0.386938
0.406658 0.313556
0.422009 0.409199
0.437824 0.495856
0.454054 0.507251
0.470657 0.380243
0.487594 0.401616
0.504832 0.542944
0.522341 0.859871
0.540094 0.61745
0.558069 0.498774
0.576244 0.723775
0.594602 0.684315
0.613125 0.787918
0.6318 1.01297
0.650612 0.888019
0.669552 0.978449
0.297669 0.193981
0.298405 0.319932
0.300602 0.324163
0.304228 0.462759
0.309234 0.268049
0.315552 0.519854
0.323108 0.344562
0.331815 0.248636
0.341586 0.392103
0.352332 0.349925
0.363967 0.233431
0.376409 0.358747
0.38958 0.320395
0.403409 0.37454
0.417831 0.564125
0.432785 0.352416
0.44822 0.333585
0.464087 0.408748
0.480343 0.335118
0.49695 0.361681
0.513874 0.530425
0.531085 0.531583
0.548556 0.561952
0.566262 0.63328
0.584182 0.655124
0.602298 0.822475
0.620592 0.720393
0.639048 0.758308
0.657653 0.882826
0.676396 1.0561
0.314159 0.437891
0.314857 0.271152
0.316939 0.307668
0.320381 0.412733
0.325138 0.254254
0.331153 0.194741
0.33836 0.251858
0.346684 0.308838
0.356047 0.372411
0.36637 0.363053
0.377572 0.487414
0.38958 0.37337
0.40232 0.257678
0.415726 0.346179
0.429734 0.521248
0.444288 0.383613
0.459337 0.383232
0.474832 0.482253
0.490732 0.451746
0.506999 0.659211
0.523599 0.612975
0.5405 0.621585
0.557676 0.622041
0.575101 0.615289
0.592755 0.691168
0.610616 0.727568
0.628667 0.968524
0.646894 0.745597
0.66528 1.02926
0.683813 0.864135
0.331153 0.381717
0.331815 0.316378
0.333792 0.477913
0.337061 0.251079
0.341586 0.293882
0.347316 0.359809
0.354194 0.457061
0.362155 0.382051
0.371128 0.360787
0.381042 0.406899
0.391825 0.355606
0.403409 0.364164
0.415726 0.47831
0.428712 0.297678
0.442309 0.531357
0.456463 0.428707
0.471123 0.516957
0.486243 0.39662
0.501781 0.426767
0.517701 0.511238
0.533968 0.663216
0.550551 0.708238
0.567423 0.629514
0.584558 0.695936
0.601934 0.886653
0.61953 0.777354
0.63733 0.859681
0.655315 0.989466
0.673471 1.18994
0.691785 0.929572
0.348577 0.284867
0.349205 0.197145
0.351085 0.257093
0.354194 0.287602
0.358503 0.306743
0.363967 0.35151
0.370536 0.362096
0.378153 0.367605
0.386755 0.400444
0.396278 0.330928
0.406658 0.313901
0.417831 0.350361
0.429734 0.474458
0.442309 0.318489
0.455501 0.363017
0.469257 0.354308
0.483529 0.445445
0.498272 0.467449
0.513447 0.61057
0.529016 0.597633
0.544945 0.863724
0.561204 0.483741
0.577765 0.578414
0.594602 0.767797
0.611692 0.715469
0.629016 0.788351
0.646554 0.993567
0.66429 1.05258
0.682207 1.10292
0.700293 0.870716
0.36637 0.349125
0.366968 0.460076
0.368756 0.291893
0.371718 0.381656
0.375826 0.273374
0.381042 0.434336
0.387322 0.288626
0.394614 0.383232
0.402865 0.38963
0.412016 0.280345
0.422009 0.452308
0.432785 0.408453
0.444288 0.548202
0.456463 0.549351
0.469257 0.496215
0.482621 0.299281
0.496509 0.495142
0.510878 0.467764
0.525689 0.62367
0.540906 0.591431
0.556495 0.513993
0.572425 0.588694
0.58867 0.659999
0.605204 0.638011
0.622004 0.707848
0.639048 0.841606
0.656318 0.966231
0.673797 1.07085
0.691468 0.913125
0.709317 0.906237
0.38448 0.31717
0.38505 0.295701
0.386755 0.335483
0.38958 0.307241
0.393501 0.370289
0.398486 0.377739
0.404495 0.374907
0.411483 0.537013
0.419402 0.431515
0.4282 0.386182
0.437824 0.377521
0.44822 0.340231
0.459337 0.38415
0.471123 0.456668
0.483529 0.464648
0.496509 0.564283
0.510019 0.541832
0.524017 0.569712
0.538467 0.581809
0.553333 0.637904
0.568581 0.704348
0.584182 0.547154
0.600109 0.720942
0.616336 0.578517
0.63284 0.61622
0.6496 1.00067
0.666597 0.852995
0.683813 0.934098
0.701232 0.908828
0.718838 1.24033
0.402865 0.357042
0.403409 0.384012
0.405037 0.302521
0.407735 0.425856
0.411483 0.35982
0.416253 0.347617
0.422009 0.579863
0.428712 0.451266
0.436318 0.348182
0.444782 0.411106
0.454054 0.378071
0.464087 0.462647
0.474832 0.415432
0.486243 0.6383
0.498272 0.48427
0.510878 0.444373
0.524017 0.445938
0.537652 0.656474
0.551745 0.536051
0.566262 0.603841
0.581171 0.752404
0.596443 0.588974
0.612051 0.783253
0.627969 0.619536
0.644175 0.79938
0.660648 0.663145
0.677368 1.10129
0.694316 1.17543
0.711478 1.42425
0.728837 1.19488
0.421489 0.380469
0.422009 0.36639
0.423565 0.29692
0.426146 0.20702
0.429734 0.362993
0.434303 0.35788
0.439823 0.408985
0.446259 0.347027
0.453571 0.442583
0.461718 0.550079
0.470657 0.431839
0.480343 0.412233
0.490732 0.478101
0.501781 0.610583
0.513447 0.507327
0.525689 0.701998
0.538467 0.623545
0.551745 0.677781
0.565487 0.63435
0.57966 0.768208
0.594233 0.643824
0.609177 0.634374
0.624467 0.683833
0.640077 0.816835
0.655984 0.904083
0.672167 0.930875
0.688607 1.04668
0.705286 1.36043
0.722187 1.09782
0.739295 1.44008
0.440321 0.367372
0.440819 0.39359
0.442309 0.403064
0.444782 0.308787
0.44822 0.307938
0.452603 0.412492
0.457902 0.455489
0.464087 0.366612
0.471123 0.411849
0.478971 0.421464
0.487594 0.491014
0.49695 0.518967
0.506999 0.625448
0.517701 0.582575
0.529016 0.701348
0.540906 0.573318
0.553333 0.695034
0.566262 0.729041
0.57966 0.731954
0.593494 0.569367
0.607736 0.643828
0.622356 0.953859
0.63733 0.788366
0.652632 0.844318
0.66824 0.954147
0.684133 1.11684
0.700293 1.12409
0.716699 1.14173
0.733337 1.33792
0.750191 1.38778
0.459337 0.396532
0.459814 0.44128
0.461243 0.443637
0.463614 0.33022
0.466914 0.418022
0.471123 0.590383
0.476216 0.356235
0.482166 0.517138
0.488941 0.432811
0.496509 0.414134
0.504832 0.472642
0.513874 0.536657
0.523599 0.424191
0.533968 0.654703
0.544945 0.563159
0.556495 0.774165
0.568581 0.534951
0.581171 0.790832
0.594233 0.822052
0.607736 0.797742
0.621651 0.780515
0.635952 0.649188
0.650612 0.913702
0.665609 0.980321
0.68092 0.843253
0.696524 1.16671
0.712402 1.19158
0.728536 1.14755
0.74491 1.36062
0.761508 1.10732
0.478513 0.634722
0.478971 0.462188
0.480343 0.488918
0.482621 0.397558
0.485791 0.423744
0.489838 0.430319
0.494739 0.397153
0.500468 0.464534
0.506999 0.397008
0.514301 0.631548
0.522341 0.573838
0.531085 0.519243
0.5405 0.535695
0.550551 0.362918
0.561204 0.76846
0.572425 0.611815
0.584182 0.65081
0.596443 0.6506
0.609177 0.881738
0.622356 0.72682
0.635952 0.928677
0.649938 0.924688
0.66429 0.92282
0.678985 0.969503
0.694001 1.22085
0.709317 1.19165
0.724915 1.28359
0.740777 1.31653
0.756886 1.27672
0.773226 1.4432
0.497832 0.538893
0.498272 0.4638
0.499591 0.378486
0.501781 0.476256
0.504832 0.45806
0.508727 0.446371
0.513447 0.524872
0.518971 0.540958
0.525272 0.604292
0.532323 0.519642
0.540094 0.60573
0.548556 0.640161
0.557676 0.612137
0.567423 0.730348
0.577765 0.66395
0.58867 0.709202
0.600109 0.831182
0.612051 0.608033
0.624467 0.836627
0.63733 0.70698
0.650612 0.870988
0.66429 0.831357
0.678338 0.864535
0.692735 1.00608
0.707459 1.16155
0.72249 1.31005
0.73781 1.11631
0.7534 1.47898
0.769245 1.09629
0.785328 1.48792
0.517277 0.576593
0.517701 0.397634
0.518971 0.516347
0.521079 0.601175
0.524017 0.564836
0.527771 0.598998
0.532323 0.474551
0.537652 0.567953
0.543737 0.71386
0.550551 0.571749
0.558069 0.506865
0.566262 0.687219
0.575101 0.687787
0.584558 0.518124
0.594602 0.663667
0.605204 0.739909
0.616336 0.892999
0.627969 0.909235
0.640077 0.866922
0.652632 0.992291
0.665609 0.916319
0.678985 1.08493
0.692735 0.854848
0.706839 1.28868
0.721275 1.26793
0.736024 1.0058
0.751068 1.0856
0.766388 1.41247
0.78197 1.38415
0.797797 1.29088
0.536836 0.604897
0.537244 0.55907
0.538467 0.62162
0.5405 0.572313
0.543333 0.510439
0.546954 0.526688
0.551347 0.607419
0.556495 0.620859
0.562375 0.530747
0.568967 0.615331
0.576244 0.701334
0.584182 0.552894
0.592755 0.908766
0.601934 0.766095
0.611692 0.534876
0.622004 0.776822
0.63284 0.579819
0.644175 0.867611
0.655984 1.15975
0.66824 0.818983
0.68092 0.892692
0.694001 0.959084
0.707459 0.896487
0.721275 1.24983
0.735428 0.860616
0.749899 1.40342
0.764669 1.19004
0.779723 1.7259
0.795043 1.04433
0.810615 1.24945
0.556495 0.595018
0.556889 0.646925
0.558069 0.488084
0.56003 0.629411
0.562765 0.649762
0.566262 0.875242
0.570506 0.477486
0.575482 0.794868
0.581171 0.67389
0.587552 0.649289
0.594602 0.627556
0.602298 0.846376
0.610616 1.02096
0.61953 0.895799
0.629016 0.896049
0.639048 0.808504
0.6496 0.801305
0.660648 0.923878
0.672167 1.04946
0.684133 0.918014
0.696524 1.23423
0.709317 1.23213
0.72249 1.10573
0.736024 1.62187
0.749899 1.13252
0.764095 1.32753
0.778597 1.31775
0.793386 1.18198
0.808447 1.52041
0.823766 1.71747
0.576244 0.393351
0.576625 0.620534
0.577765 0.820565
0.57966 0.578715
0.582302 0.753513
0.585682 0.776394
0.589787 0.640151
0.594602 0.766747
0.600109 0.561647
0.60629 0.710425
0.613125 0.56638
0.620592 0.958236
0.628667 0.817857
0.63733 0.970074
0.646554 0.927165
0.656318 0.895499
0.666597 0.883578
0.677368 0.838609
0.688607 1.19515
0.700293 1.05935
0.712402 1.24019
0.724915 0.983444
0.73781 1.15195
0.751068 1.35631
0.764669 0.957556
0.778597 1.62634
0.792833 1.19343
0.807361 1.19251
0.822167 1.29028
0.837234 1.29647
0.596075 0.851109
0.596443 0.829628
0.597545 0.574197
0.599378 0.658697
0.601934 0.632284
0.605204 0.878992
0.609177 0.616318
0.61384 0.857868
0.619176 0.681074
0.625169 0.882362
0.6318 0.701754
0.639048 0.608434
0.646894 0.890729
0.655315 0.796966
0.66429 1.07816
0.673797 0.957973
0.683813 0.905338
0.694316 1.00915
0.705286 0.902219
0.716699 0.920375
0.728536 1.36011
0.740777 1.20401
0.7534 1.37734
0.766388 1.24212
0.779723 0.947528
0.793386 1.10317
0.807361 1.33647
0.821633 1.45792
0.836186 1.14715
0.851005 1.15326
0.61598 0.849474
0.616336 0.676094
0.617403 0.67218
0.619176 0.688771
0.621651 0.926987
0.624818 0.659523
0.628667 0.982198
0.633187 0.713125
0.638361 0.951835
0.644175 0.722029
0.650612 0.770404
0.657653 0.917704
0.66528 0.9391
0.673471 0.686906
0.682207 0.698295
0.691468 0.886228
0.701232 0.88902
0.711478 1.10508
0.722187 1.35817
0.733337 1.28401
0.74491 1.48383
0.756886 1.35585
0.769245 1.2041
0.78197 1.26078
0.795043 1.3747
0.808447 1.3191
0.822167 1.36827
0.836186 1.26037
0.850489 1.26676
0.865064 1.11942
0.635952 0.757143
0.636296 0.834631
0.63733 0.86873
0.639048 0.913109
0.641446 0.93127
0.644516 0.633427
0.648248 0.730892
0.652632 0.788155
0.657653 0.83444
0.663299 0.959419
0.669552 0.716903
0.676396 0.957007
0.683813 1.08627
0.691785 1.06311
0.700293 1.12696
0.709317 1.22434
0.718838 1.11443
0.728837 0.930928
0.739295 0.989379
0.750191 1.09868
0.761508 1.115
0.773226 1.71503
0.785328 1.0041
0.797797 1.58788
0.810615 1.48397
0.823766 1.19752
0.837234 1.38275
0.851005 1.2162
0.865064 1.37872
0.879397 1.31142
0.20944 0.901604
0.210484 0.239158
0.213587 0.695257
0.218661 0.768639
0.225573 0.638095
0.23416 0.580832
0.244246 0.42502
0.255654 0.310568
0.268213 0.51557
0.281772 0.340721
0.296192 0.323322
0.311354 0.527807
0.327155 0.350728
0.343506 0.296406
0.360333 0.259873
0.377572 0.496021
0.39517 0.323182
0.413079 0.351997
0.431262 0.378594
0.449686 0.416524
0.468321 0.449113
0.487144 0.496329
0.506133 0.446121
0.525272 0.437221
0.544543 0.542368
0.563933 0.696316
0.583431 0.748574
0.603026 0.671961
0.622708 0.69819
0.642471 1.01108
0.210484 1.14954
0.211524 0.537332
0.214612 0.808174
0.219662 0.507534
0.226543 0.864942
0.235095 1.21594
0.245143 0.420189
0.25651 0.415155
0.26903 0.726742
0.282549 0.27433
0.296932 0.268979
0.312058 0.368095
0.327825 0.34324
0.344144 0.385479
0.360942 0.361089
0.378153 0.380369
0.395724 0.479688
0.41361 0.36552
0.431771 0.313924
0.450173 0.392389
0.468789 0.452092
0.487594 0.457705
0.506567 0.509378
0.525689 0.484892
0.544945 0.613127
0.564322 0.663079
0.583807 1.00452
0.603389 0.802949
0.623061 0.685211
0.642812 0.782564
0.213587 1.57143
0.214612 0.707462
0.217656 0.647496
0.222637 0.309832
0.229429 1.38136
0.237878 0.754912
0.247812 1.02952
0.259062 0.226431
0.271465 0.482557
0.284869 0.335541
0.299139 0.499356
0.314159 0.657296
0.329826 0.556099
0.346051 0.292622
0.36276 0.531016
0.379889 0.454747
0.397384 0.51877
0.415198 0.45188
0.433292 0.395768
0.451632 0.447353
0.470191 0.483465
0.488941 0.49936
0.507864 0.526594
0.526939 0.472541
0.546151 0.705725
0.565487 0.569884
0.584933 0.676879
0.604479 0.701295
0.624116 0.747496
0.643835 0.84128
0.218661 1.12885
0.219662 1.53997
0.222637 0.708073
0.22751 1.37793
0.23416 0.239652
0.242444 0.409425
0.252199 0.42976
0.263261 0.46982
0.275475 0.45708
0.288692 0.553029
0.302783 0.372059
0.317631 0.35542
0.333134 0.381746
0.349205 0.277102
0.36577 0.316453
0.382765 0.348449
0.400134 0.310298
0.417831 0.40861
0.435815 0.450157
0.454054 0.357709
0.472517 0.393019
0.491179 0.363204
0.510019 0.363988
0.529016 0.547365
0.548156 0.610393
0.567423 0.744353
0.586805 0.512981
0.60629 0.748014
0.62587 0.749897
0.645536 0.884118
0.225573 0.274568
0.226543 0.76803
0.229429 0.63117
0.23416 0.784291
0.240628 0.505437
0.248696 0.597524
0.258214 0.513418
0.26903 0.74936
0.280993 0.233951
0.293962 0.330772
0.307812 0.335411
0.322428 0.320224
0.337711 0.202563
0.353575 0.337355
0.369944 0.286364
0.386755 0.47392
0.403952 0.418729
0.421489 0.37094
0.439324 0.505603
0.457423 0.300144
0.475755 0.479712
0.494295 0.500724
0.51302 0.536202
0.53191 0.614038
0.550949 0.591518
0.570122 0.622805
0.589415 0.546257
0.608817 0.789875
0.628319 0.848186
0.64791 0.708532
0.23416 0.300901
0.235095 0.71979
0.237878 0.596908
0.242444 0.330151
0.248696 0.775544
0.25651 0.474053
0.265749 0.274377
0.27627 0.381756
0.287932 0.38683
0.300602 0.179427
0.314159 0.556785
0.328493 0.336018
0.343506 0.50496
0.359114 0.461652
0.375242 0.26926
0.391825 0.369487
0.40881 0.482773
0.426146 0.400424
0.443794 0.288826
0.461718 0.427647
0.479886 0.395838
0.498272 0.495058
0.516853 0.598584
0.535609 0.570975
0.554521 0.649264
0.573574 0.571884
0.592755 0.749678
0.612051 0.838622
0.631452 0.744615
0.650949 0.986964
0.244246 0.490745
0.245143 0.443877
0.247812 0.419603
0.252199 0.538825
0.258214 0.477115
0.265749 0.28345
0.274677 0.425588
0.284869 0.334701
0.296192 0.464789
0.308524 0.634851
0.321747 0.315973
0.335757 0.273375
0.350459 0.334792
0.36577 0.307374
0.381617 0.37784
0.397935 0.642496
0.414669 0.438838
0.431771 0.496009
0.449198 0.298287
0.466914 0.330293
0.484888 0.424367
0.503091 0.562088
0.5215 0.525563
0.540094 0.647934
0.558854 0.788649
0.577765 0.747728
0.596811 0.527807
0.61598 0.888245
0.635261 0.787399
0.654645 0.918006
0.255654 0.390016
0.25651 0.496308
0.259062 0.481481
0.263261 0.357389
0.26903 0.945985
0.27627 0.288652
0.284869 1.10559
0.294708 0.346418
0.305667 0.356484
0.317631 0.261698
0.33049 0.366081
0.344144 0.363423
0.358503 0.311707
0.373484 0.247769
0.389017 0.33682
0.405037 0.399101
0.421489 0.397238
0.438324 0.329611
0.455501 0.418014
0.472981 0.524557
0.490732 0.384042
0.508727 0.723051
0.526939 0.493749
0.545348 0.605437
0.563933 0.696007
0.582679 0.704828
0.601569 0.762061
0.620592 0.897145
0.639734 0.814189
0.658986 0.837871
0.268213 0.341799
0.26903 0.376396
0.271465 0.375376
0.275475 0.429746
0.280993 0.228111
0.287932 0.184142
0.296192 0.419663
0.305667 0.237835
0.316247 0.331511
0.327825 0.427264
0.340299 0.409676
0.353575 0.25615
0.367565 0.385583
0.382191 0.303935
0.397384 0.339046
0.413079 0.304373
0.429223 0.497303
0.445767 0.580874
0.462667 0.308563
0.479886 0.469746
0.497391 0.528412
0.515153 0.68223
0.533146 0.475406
0.551347 0.441842
0.569737 0.607573
0.588298 0.812493
0.607013 0.971529
0.62587 0.785471
0.644856 0.659072
0.66396 1.10964
0.281772 0.316346
0.282549 0.435633
0.284869 0.423559
0.288692 0.277331
0.293962 0.430448
0.300602 0.270659
0.308524 0.340455
0.317631 0.270539
0.327825 0.40441
0.339007 0.339216
0.351085 0.41679
0.363967 0.247372
0.377572 0.398899
0.391825 0.349655
0.406658 0.279487
0.422009 0.509387
0.437824 0.378784
0.454054 0.509788
0.470657 0.451828
0.487594 0.518138
0.504832 0.464051
0.522341 0.565858
0.540094 0.550041
0.558069 0.573907
0.576244 0.84107
0.594602 0.774588
0.613125 0.824456
0.6318 0.718026
0.650612 0.805542
0.669552 0.911806
0.296192 0.272544
0.296932 0.561948
0.299139 0.484805
0.302783 0.536015
0.307812 0.261535
0.314159 0.742612
0.321747 0.425189
0.33049 0.327392
0.340299 0.199123
0.351085 0.43336
0.36276 0.459752
0.375242 0.304375
0.388452 0.243891
0.40232 0.322609
0.416779 0.393471
0.431771 0.41693
0.44724 0.480741
0.463141 0.36282
0.479429 0.430709
0.496067 0.474805
0.51302 0.430558
0.530258 0.659737
0.547755 0.424976
0.565487 0.656854
0.583431 0.830379
0.601569 0.738222
0.619884 1.00238
0.638361 0.92431
0.656986 0.767329
0.675747 0.784626
0.311354 0.357468
0.312058 0.194082
0.314159 0.294992
0.317631 0.514047
0.322428 0.355631
0.328493 0.251342
0.335757 0.381584
0.344144 0.371197
0.353575 0.280906
0.363967 0.219081
0.375242 0.410975
0.387322 0.557265
0.400134 0.304726
0.41361 0.342534
0.427688 0.373268
0.442309 0.462536
0.457423 0.425791
0.472981 0.439653
0.488941 0.593545
0.505266 0.487894
0.521921 0.509036
0.538874 0.509342
0.5561 0.703318
0.573574 0.726804
0.591273 1.05321
0.609177 0.849706
0.62727 0.715946
0.645536 0.796861
0.66396 1.04501
0.682529 1.07817
0.327155 0.406399
0.327825 0.520534
0.329826 0.219643
0.333134 0.32221
0.337711 0.35878
0.343506 0.294521
0.350459 0.233122
0.358503 0.224844
0.367565 0.319964
0.377572 0.262729
0.388452 0.54712
0.400134 0.346838
0.412548 0.28874
0.425631 0.446258
0.439324 0.514924
0.453571 0.400492
0.468321 0.611403
0.483529 0.591523
0.499152 0.494482
0.515153 0.430281
0.531498 0.432243
0.548156 0.668899
0.565099 0.643721
0.582302 0.611162
0.599743 0.658609
0.617403 0.965024
0.635261 0.645327
0.653304 0.755604
0.671514 1.01314
0.68988 1.04368
0.343506 0.223336
0.344144 0.294892
0.346051 0.405394
0.349205 0.333702
0.353575 0.345812
0.359114 0.323087
0.36577 0.283294
0.373484 0.388596
0.382191 0.472124
0.391825 0.346328
0.40232 0.363596
0.41361 0.383302
0.425631 0.335697
0.438324 0.285927
0.451632 0.365211
0.465503 0.398896
0.479886 0.403972
0.494739 0.503235
0.510019 0.435613
0.525689 0.420142
0.541716 0.735694
0.558069 0.731897
0.57472 0.532554
0.591643 0.59741
0.608817 0.74323
0.626221 0.814613
0.643835 0.745416
0.661643 1.0242
0.67963 0.943381
0.697783 0.93774
0.360333 0.348925
0.360942 0.246722
0.36276 0.3045
0.36577 0.359228
0.369944 0.306561
0.375242 0.323487
0.381617 0.377914
0.389017 0.347894
0.397384 0.515581
0.406658 0.365144
0.416779 0.402675
0.427688 0.332251
0.439324 0.420158
0.451632 0.394232
0.464559 0.502987
0.478055 0.48956
0.492071 0.404089
0.506567 0.693727
0.5215 0.581953
0.536836 0.697584
0.552539 0.610688
0.568581 0.625752
0.584933 0.622845
0.601569 0.766637
0.618467 1.07931
0.635607 0.834761
0.652968 0.769294
0.670534 0.845368
0.688288 0.841747
0.706218 0.997934
0.377572 0.21098
0.378153 0.522256
0.379889 0.466179
0.382765 0.446565
0.386755 0.407107
0.391825 0.30238
0.397935 0.376568
0.405037 0.280213
0.413079 0.444596
0.422009 0.308985
0.431771 0.425217
0.442309 0.340799
0.453571 0.494658
0.465503 0.386614
0.478055 0.477612
0.491179 0.438499
0.504832 0.541387
0.518971 0.601515
0.533557 0.635019
0.548556 0.721479
0.563933 0.631812
0.57966 0.690902
0.595707 0.698294
0.612051 1.00484
0.628667 0.978027
0.645536 0.979748
0.662637 0.842272
0.679953 0.924579
0.697468 1.19078
0.715168 1.11098
0.39517 0.358646
0.395724 0.341412
0.397384 0.31973
0.400134 0.363365
0.403952 0.33852
0.40881 0.292598
0.414669 0.422061
0.421489 0.404922
0.429223 0.368186
0.437824 0.290828
0.44724 0.530311
0.457423 0.344071
0.468321 0.407845
0.479886 0.400237
0.492071 0.663123
0.504832 0.528521
0.518125 0.424776
0.53191 0.56671
0.546151 0.647581
0.560813 0.743623
0.575863 0.761188
0.591273 0.61392
0.607013 0.928148
0.623061 0.699993
0.639391 0.848485
0.655984 0.898129
0.672819 1.02434
0.68988 1.09205
0.707149 1.05447
0.724612 1.43539
0.413079 0.643983
0.41361 0.427149
0.415198 0.295504
0.417831 0.360395
0.421489 0.515369
0.426146 0.343213
0.431771 0.251854
0.438324 0.308223
0.445767 0.354914
0.454054 0.642616
0.463141 0.547849
0.472981 0.404266
0.483529 0.524445
0.494739 0.758622
0.506567 0.452568
0.518971 0.490382
0.53191 0.530169
0.545348 0.547864
0.559247 0.74276
0.573574 0.613545
0.588298 0.600629
0.603389 0.582335
0.618822 1.24684
0.634571 0.713837
0.650612 0.909669
0.666926 0.857046
0.683492 0.978005
0.700293 1.21186
0.717311 1.10768
0.734533 1.03996
0.431262 0.510152
0.431771 0.363826
0.433292 0.340927
0.435815 0.534156
0.439324 0.256607
0.443794 0.473757
0.449198 0.380245
0.455501 0.403893
0.462667 0.317343
0.470657 0.349577
0.479429 0.501834
0.488941 0.584212
0.499152 0.325999
0.510019 0.595197
0.5215 0.523418
0.533557 0.537039
0.546151 0.662681
0.559247 0.678022
0.572808 0.945178
0.586805 0.55226
0.601204 0.648715
0.61598 0.721777
0.631105 0.797733
0.646554 0.785463
0.662306 0.987935
0.678338 0.868239
0.694632 1.22245
0.71117 0.917621
0.727934 1.1358
0.74491 1.13861
0.449686 0.412045
0.450173 0.371191
0.451632 0.396346
0.454054 0.322476
0.457423 0.448031
0.461718 0.437508
0.466914 0.524211
0.472981 0.586509
0.479886 0.464888
0.487594 0.447306
0.496067 0.571648
0.505266 0.468999
0.515153 0.589383
0.525689 0.602283
0.536836 0.545811
0.548556 0.508165
0.560813 0.598686
0.573574 0.585687
0.586805 0.781886
0.600474 0.727404
0.614554 0.712348
0.629016 0.896757
0.643835 0.612422
0.658986 0.897016
0.674447 0.794296
0.690198 1.05366
0.706218 0.90361
0.72249 1.28932
0.738998 1.39677
0.755726 0.981077
0.468321 0.353264
0.468789 0.400733
0.470191 0.529285
0.472517 0.3749
0.475755 0.412696
0.479886 0.48701
0.484888 0.613889
0.490732 0.326867
0.497391 0.636421
0.504832 0.551332
0.51302 0.534744
0.521921 0.411708
0.531498 0.544259
0.541716 0.491077
0.552539 0.733508
0.563933 0.651018
0.575863 0.582495
0.588298 0.552383
0.601204 1.02071
0.614554 0.828348
0.628319 0.88789
0.642471 0.860084
0.656986 0.861697
0.671841 0.963569
0.687013 0.920556
0.702481 0.961707
0.718228 1.37233
0.734234 1.07373
0.750483 1.64844
0.766961 1.30332
0.487144 0.384518
0.487594 0.487431
0.488941 0.537704
0.491179 0.448442
0.494295 0.414651
0.498272 0.473225
0.503091 0.426618
0.508727 0.342109
0.515153 0.468539
0.522341 0.577688
0.530258 0.383661
0.538874 0.441923
0.548156 0.590936
0.558069 0.552029
0.568581 0.651323
0.57966 0.636182
0.591273 0.654332
0.603389 0.710472
0.61598 0.682918
0.629016 1.00018
0.642471 0.941147
0.656318 0.790033
0.670534 0.885137
0.685095 1.15161
0.699979 1.10187
0.715168 1.21538
0.730641 0.92209
0.746381 1.71972
0.762371 1.20629
0.778597 1.46838
0.506133 0.510323
0.506567 0.634853
0.507864 0.415386
0.510019 0.599929
0.51302 0.611371
0.516853 0.453618
0.5215 0.527022
0.526939 0.50763
0.533146 0.600641
0.540094 0.556866
0.547755 0.568128
0.5561 0.679157
0.565099 0.55327
0.57472 0.63292
0.584933 0.698821
0.595707 0.64687
0.607013 0.824137
0.618822 0.975682
0.631105 0.835904
0.643835 0.669349
0.656986 0.902887
0.670534 0.708051
0.684454 0.831948
0.698725 1.32837
0.713325 1.30142
0.728235 1.41797
0.743437 1.46817
0.758911 1.16404
0.774643 1.30448
0.790617 1.0205
0.525272 0.750499
0.525689 0.536583
0.526939 0.523106
0.529016 0.632757
0.53191 0.535777
0.535609 0.587413
0.540094 0.682363
0.545348 0.674365
0.551347 0.58866
0.558069 0.758492
0.565487 0.701165
0.573574 0.846785
0.582302 0.603164
0.591643 0.732437
0.601569 1.1794
0.612051 0.663551
0.623061 0.942295
0.634571 0.718839
0.646554 0.795852
0.658986 0.873086
0.671841 0.874788
0.685095 1.11815
0.698725 1.01148
0.71271 1.01596
0.72703 1.17574
0.741664 1.44627
0.756596 1.05629
0.771807 1.4414
0.787281 1.5678
0.803003 1.17349
0.544543 0.636791
0.544945 0.526934
0.546151 0.615194
0.548156 0.513833
0.550949 0.554194
0.554521 0.699127
0.558854 0.392049
0.563933 0.625795
0.569737 0.544559
0.576244 0.566203
0.583431 0.815186
0.591273 0.726784
0.599743 1.13109
0.608817 0.613885
0.618467 0.748528
0.628667 0.696344
0.639391 0.800572
0.650612 0.828848
0.662306 1.04684
0.674447 1.0255
0.687013 0.950904
0.699979 1.24444
0.713325 1.27778
0.72703 1.11658
0.741073 1.09974
0.755435 1.15657
0.7701 1.12577
0.785049 1.16264
0.800267 1.40772
0.815739 1.4566
0.563933 0.611407
0.564322 0.590642
0.565487 0.638368
0.567423 0.752966
0.570122 0.776651
0.573574 0.68222
0.577765 0.745617
0.582679 0.702036
0.588298 0.712471
0.594602 0.612151
0.601569 0.670544
0.609177 0.850142
0.617403 0.704581
0.626221 0.755322
0.635607 0.88511
0.645536 0.973452
0.655984 0.953966
0.666926 0.966242
0.678338 0.789817
0.690198 0.990995
0.702481 1.00345
0.715168 1.0719
0.728235 1.52393
0.741664 1.09269
0.755435 1.49018
0.76953 1.24623
0.783931 1.42284
0.798621 1.34413
0.813586 1.15745
0.828809 1.1355
0.583431 0.696364
0.583807 0.751091
0.584933 0.659556
0.586805 0.787769
0.589415 0.831867
0.592755 0.67429
0.596811 0.664932
0.601569 0.861159
0.607013 0.671705
0.613125 0.682794
0.619884 0.776173
0.62727 0.850196
0.635261 0.916084
0.643835 0.681769
0.652968 1.04699
0.662637 0.876433
0.672819 0.905125
0.683492 0.967017
0.694632 1.34931
0.706218 1.24851
0.718228 1.24011
0.730641 1.0046
0.743437 1.05643
0.756596 1.20724
0.7701 1.64887
0.783931 1.14451
0.798072 1.38759
0.812507 1.15891
0.82722 1.70418
0.842197 1.03576
0.603026 0.584209
0.603389 0.793384
0.604479 0.740454
0.60629 0.670114
0.608817 0.686153
0.612051 0.890226
0.61598 0.779597
0.620592 0.807619
0.62587 0.677851
0.6318 0.567784
0.638361 0.914978
0.645536 0.797774
0.653304 0.943809
0.661643 0.99283
0.670534 0.798053
0.679953 1.02709
0.68988 1.19842
0.700293 1.19516
0.71117 0.959561
0.72249 0.962737
0.734234 1.20426
0.746381 1.22484
0.758911 1.02482
0.771807 1.35247
0.785049 1.44871
0.798621 1.08426
0.812507 1.08359
0.826689 1.56698
0.841155 1.33049
0.855888 1.12998
0.622708 0.787732
0.623061 0.781868
0.624116 0.646028
0.62587 0.872504
0.628319 0.706537
0.631452 0.721935
0.635261 0.665102
0.639734 1.01911
0.644856 0.814537
0.650612 0.700345
0.656986 0.855637
0.66396 0.91504
0.671514 0.861315
0.67963 1.05712
0.688288 1.04211
0.697468 1.07419
0.707149 1.18956
0.717311 0.979293
0.727934 1.18116
0.738998 1.20326
0.750483 1.03595
0.762371 1.18539
0.774643 1.29048
0.787281 1.04737
0.800267 1.58904
0.813586 1.53899
0.82722 1.10451
0.841155 0.999839
0.855375 1.59133
0.869868 0.882625
0.642471 0.796243
0.642812 0.698534
0.643835 0.793947
0.645536 0.905749
0.64791 0.73206
0.650949 0.886543
0.654645 0.872525
0.658986 0.90014
0.66396 0.915428
0.669552 1.13668
0.675747 0.885099
0.682529 0.985703
0.68988 1.16336
0.697783 0.938959
0.706218 1.25746
0.715168 1.14686
0.724612 1.17312
0.734533 1.11433
0.74491 1.12122
0.755726 1.20908
0.766961 1.28833
0.778597 1.42284
0.790617 1.28523
0.803003 0.980241
0.815739 1.6913
0.828809 1.25282
0.842197 1.42056
0.855888 1.26364
0.869868 1.20157
0.884123 1.31698
0.230383 0.355786
0.231334 0.435679
0.23416 1.05583
0.238798 0.262748
0.245143 0.335818
0.253067 0.351614
0.262427 0.4428
0.273076 0.599702
0.284869 0.303124
0.297669 0.495203
0.311354 0.210544
0.325811 0.33924
0.340943 0.25344
0.356663 0.392714
0.372896 0.344887
0.38958 0.315743
0.406658 0.357828
0.424083 0.302863
0.441813 0.479413
0.459814 0.528787
0.478055 0.384288
0.496509 0.380632
0.515153 0.585279
0.533968 0.537496
0.552936 0.623521
0.572042 0.783871
0.591273 0.683363
0.610616 0.81842
0.630061 0.942092
0.6496 0.7273
0.231334 0.835831
0.23228 0.26932
0.235095 0.404954
0.239714 0.694936
0.246036 0.310794
0.253932 0.519834
0.263261 0.28801
0.273878 0.351287
0.285637 0.45056
0.298405 0.363448
0.312058 0.306103
0.326484 0.359798
0.341586 0.316362
0.357277 0.29482
0.373484 0.241391
0.390143 0.341322
0.407197 0.348463
0.4246 0.321191
0.442309 0.323193
0.460291 0.353589
0.478513 0.462003
0.49695 0.564006
0.515579 0.619146
0.534379 0.701397
0.553333 0.624309
0.572425 0.612804
0.591643 0.688261
0.610975 0.678673
0.630409 0.638254
0.649938 0.993343
0.23416 0.520213
0.235095 1.14473
0.237878 0.556107
0.242444 0.372548
0.248696 0.932443
0.25651 0.142607
0.265749 0.950053
0.27627 0.267234
0.287932 0.315848
0.300602 0.304433
0.314159 0.770166
0.328493 0.363622
0.343506 0.515993
0.359114 0.346999
0.375242 0.303088
0.391825 0.38189
0.40881 0.399217
0.426146 0.365569
0.443794 0.365895
0.461718 0.474335
0.479886 0.613151
0.498272 0.602063
0.516853 0.473068
0.535609 0.546228
0.554521 0.706962
0.573574 0.771386
0.592755 0.933252
0.612051 0.665925
0.631452 1.05138
0.650949 0.966136
0.238798 0.444282
0.239714 0.556893
0.242444 1.16244
0.246926 0.744379
0.253067 0.496003
0.26075 0.483286
0.269844 0.3148
0.280211 0.405517
0.291715 0.538374
0.304228 0.401411
0.317631 0.392062
0.331815 0.222517
0.346684 0.217295
0.362155 0.40552
0.378153 0.349421
0.394614 0.413376
0.411483 0.421206
0.428712 0.475791
0.446259 0.404687
0.464087 0.439697
0.482166 0.411068
0.500468 0.531328
0.518971 0.563775
0.537652 0.517176
0.556495 0.728699
0.575482 0.693702
0.594602 0.740298
0.61384 0.991873
0.633187 0.748058
0.652632 1.07339
0.245143 0.361132
0.246036 0.304143
0.248696 0.61153
0.253067 0.66007
0.259062 0.358286
0.266573 0.478136
0.275475 0.350209
0.285637 0.528269
0.296932 0.215014
0.309234 0.36699
0.322428 0.580754
0.33641 0.281692
0.351085 0.347775
0.36637 0.229198
0.382191 0.404204
0.398486 0.366498
0.415198 0.383505
0.432278 0.576913
0.449686 0.346359
0.467383 0.41944
0.48534 0.582042
0.503527 0.55074
0.521921 0.63074
0.5405 0.512407
0.559247 0.675446
0.578144 0.743468
0.597178 0.664094
0.616336 0.775962
0.635607 0.722925
0.65498 0.950187
0.253067 0.741001
0.253932 0.506242
0.25651 0.55414
0.26075 0.911062
0.266573 0.400311
0.273878 0.765396
0.282549 0.435512
0.292466 0.351
0.303507 0.329526
0.315552 0.31484
0.328493 0.289707
0.342227 0.294247
0.356663 0.375794
0.371718 0.424311
0.387322 0.362144
0.403409 0.427554
0.419925 0.412576
0.436821 0.47166
0.454054 0.358659
0.471588 0.473091
0.48939 0.437767
0.507432 0.644795
0.525689 0.433777
0.54414 0.69964
0.562765 0.723379
0.581548 0.700352
0.600474 0.691466
0.61953 0.937416
0.638705 0.786187
0.657987 0.81923
0.262427 0.253144
0.263261 0.377553
0.265749 0.398907
0.269844 0.747159
0.275475 0.641016
0.282549 0.881857
0.290963 0.346049
0.300602 0.983533
0.311354 0.266651
0.323108 0.291324
0.335757 0.432949
0.349205 0.286764
0.363364 0.371153
0.378153 0.412615
0.393501 0.30284
0.409346 0.451229
0.425631 0.429479
0.442309 0.419642
0.459337 0.461719
0.476676 0.419439
0.494295 0.421656
0.512164 0.574812
0.530258 0.558006
0.548556 0.577896
0.567036 0.81118
0.585682 0.533114
0.604479 0.645929
0.623412 0.939603
0.642471 0.653311
0.661643 0.871131
0.273076 0.252586
0.273878 0.609237
0.27627 0.427524
0.280211 0.295281
0.285637 0.296205
0.292466 0.345059
0.300602 0.3584
0.309942 0.362564
0.320381 0.235238
0.331815 0.299135
0.344144 0.280703
0.357277 0.231999
0.371128 0.407389
0.385619 0.575684
0.400681 0.368515
0.416253 0.287868
0.432278 0.380573
0.448709 0.361136
0.465503 0.428053
0.482621 0.522531
0.50003 0.418623
0.517701 0.555978
0.535609 0.711919
0.553729 0.533153
0.572042 0.804445
0.59053 0.469292
0.609177 0.752005
0.627969 0.810755
0.646894 0.827914
0.665939 0.986102
0.284869 0.597983
0.285637 0.317955
0.287932 0.2475
0.291715 0.233355
0.296932 0.403656
0.303507 0.261813
0.311354 0.543555
0.320381 0.291532
0.33049 0.281434
0.341586 0.336415
0.353575 0.368877
0.36637 0.317317
0.379889 0.40007
0.394058 0.366194
0.40881 0.376609
0.424083 0.471637
0.439823 0.400122
0.455982 0.506206
0.472517 0.497707
0.48939 0.521382
0.506567 0.509244
0.524017 0.615369
0.541716 0.686208
0.559639 0.705464
0.577765 0.697256
0.596075 0.507634
0.614554 0.639484
0.633187 1.09893
0.651959 0.63507
0.670861 0.927408
0.297669 0.31915
0.298405 0.291968
0.300602 0.275978
0.304228 0.28981
0.309234 0.405041
0.315552 0.275337
0.323108 0.336575
0.331815 0.272847
0.341586 0.272387
0.352332 0.281492
0.363967 0.344465
0.376409 0.297909
0.38958 0.334173
0.403409 0.369467
0.417831 0.500462
0.432785 0.366395
0.44822 0.392361
0.464087 0.401921
0.480343 0.444351
0.49695 0.467516
0.513874 0.54171
0.531085 0.459233
0.548556 0.727847
0.566262 0.735815
0.584182 0.824514
0.602298 0.658174
0.620592 0.753009
0.639048 0.820286
0.657653 0.930627
0.676396 1.1133
0.311354 0.364356
0.312058 0.193532
0.314159 0.396351
0.317631 0.55348
0.322428 0.232981
0.328493 0.296321
0.335757 0.214971
0.344144 0.246324
0.353575 0.348088
0.363967 0.288707
0.375242 0.336176
0.387322 0.29551
0.400134 0.368108
0.41361 0.344564
0.427688 0.342584
0.442309 0.423258
0.457423 0.439746
0.472981 0.380657
0.488941 0.550767
0.505266 0.436843
0.521921 0.532508
0.538874 0.566443
0.5561 0.701469
0.573574 0.646021
0.591273 0.733593
0.609177 0.653471
0.62727 0.730917
0.645536 0.840216
0.66396 0.956203
0.682529 1.22231
0.325811 0.338132
0.326484 0.254784
0.328493 0.300695
0.331815 0.321398
0.33641 0.268446
0.342227 0.33046
0.349205 0.350785
0.357277 0.273065
0.36637 0.304319
0.376409 0.394175
0.387322 0.249354
0.399036 0.440144
0.411483 0.38656
0.4246 0.450559
0.438324 0.494283
0.452603 0.522243
0.467383 0.393186
0.482621 0.490595
0.498272 0.319351
0.514301 0.461522
0.530672 0.454148
0.547355 0.817169
0.564322 0.747159
0.581548 0.82151
0.599012 0.519401
0.616692 0.823034
0.634571 0.769751
0.652632 0.77129
0.670861 0.894489
0.689244 0.762447
0.340943 0.299357
0.341586 0.351686
0.343506 0.351213
0.346684 0.446059
0.351085 0.358595
0.356663 0.290389
0.363364 0.380308
0.371128 0.41178
0.379889 0.384904
0.38958 0.43829
0.400134 0.319752
0.411483 0.450956
0.423565 0.356637
0.436318 0.304313
0.449686 0.351193
0.463614 0.430343
0.478055 0.548119
0.492962 0.515033
0.508295 0.473589
0.524017 0.50795
0.540094 0.587634
0.556495 0.732509
0.573191 0.569242
0.590159 0.847858
0.607375 0.691407
0.624818 0.783255
0.642471 1.13638
0.660316 0.994414
0.678338 1.12669
0.696524 1.04279
0.356663 0.389822
0.357277 0.171737
0.359114 0.298825
0.362155 0.305259
0.36637 0.450104
0.371718 0.400095
0.378153 0.278415
0.385619 0.306131
0.394058 0.359687
0.403409 0.339197
0.41361 0.32843
0.4246 0.362688
0.436318 0.426899
0.448709 0.345078
0.461718 0.615207
0.475294 0.432329
0.48939 0.446589
0.503962 0.416536
0.518971 0.668237
0.534379 0.533521
0.550153 0.592485
0.566262 0.557506
0.582679 0.659557
0.599378 0.818933
0.616336 0.706938
0.633533 0.68502
0.650949 1.20401
0.668568 0.859956
0.686374 1.01415
0.704352 1.21789
0.372896 0.284023
0.373484 0.274561
0.375242 0.407455
0.378153 0.385407
0.382191 0.379677
0.387322 0.402082
0.393501 0.399025
0.400681 0.335599
0.40881 0.285671
0.417831 0.623001
0.427688 0.535692
0.438324 0.364347
0.449686 0.472943
0.461718 0.350793
0.47437 0.404048
0.487594 0.528657
0.501344 0.543011
0.515579 0.445363
0.530258 0.623579
0.545348 0.644368
0.560813 0.675923
0.576625 0.619093
0.592755 0.54728
0.609177 0.678328
0.62587 0.89498
0.642812 0.683902
0.659984 0.863128
0.677368 1.04234
0.694948 1.30348
0.71271 0.880497
0.38958 0.420242
0.390143 0.452789
0.391825 0.297312
0.394614 0.418044
0.398486 0.424883
0.403409 0.460677
0.409346 0.527817
0.416253 0.305666
0.424083 0.296089
0.432785 0.38887
0.442309 0.345966
0.452603 0.35933
0.463614 0.40207
0.475294 0.535095
0.487594 0.585258
0.500468 0.707215
0.513874 0.513328
0.527771 0.689183
0.542121 0.412111
0.556889 0.785669
0.572042 0.801073
0.587552 0.724352
0.603389 0.629314
0.61953 0.542673
0.635952 0.907039
0.652632 0.968442
0.669552 1.11458
0.686693 0.850172
0.704041 1.18529
0.721579 0.968095
0.406658 0.28305
0.407197 0.411081
0.40881 0.328764
0.411483 0.362589
0.415198 0.282717
0.419925 0.394818
0.425631 0.352377
0.432278 0.305578
0.439823 0.33368
0.44822 0.548728
0.457423 0.381112
0.467383 0.404728
0.478055 0.487109
0.48939 0.401639
0.501344 0.437241
0.513874 0.61165
0.526939 0.634741
0.5405 0.580088
0.554521 0.559582
0.568967 0.617246
0.583807 0.661165
0.599012 0.856441
0.614554 0.616702
0.630409 0.709405
0.646554 0.661303
0.662968 0.960894
0.67963 0.902181
0.696524 1.22233
0.713633 0.965456
0.730941 1.32552
0.424083 0.396674
0.4246 0.484302
0.426146 0.402244
0.428712 0.380605
0.432278 0.523104
0.436821 0.368128
0.442309 0.403522
0.448709 0.442693
0.455982 0.376395
0.464087 0.324984
0.472981 0.430855
0.482621 0.465713
0.492962 0.518429
0.503962 0.643103
0.515579 0.562751
0.527771 0.63599
0.5405 0.502036
0.553729 0.42193
0.567423 0.571629
0.581548 0.70962
0.596075 0.761516
0.610975 0.739293
0.626221 0.670048
0.641788 0.699339
0.657653 1.04507
0.673797 1.0854
0.690198 0.998749
0.706839 0.85957
0.723704 1.19814
0.740777 1.4479
0.441813 0.378229
0.442309 0.210432
0.443794 0.456429
0.446259 0.36532
0.449686 0.326558
0.454054 0.465269
0.459337 0.438118
0.465503 0.682998
0.472517 0.533627
0.480343 0.497929
0.488941 0.569883
0.498272 0.626996
0.508295 0.518965
0.518971 0.43184
0.530258 0.556363
0.542121 0.477082
0.554521 0.70795
0.567423 0.59955
0.580794 0.894402
0.594602 0.858635
0.608817 0.784531
0.623412 0.97067
0.638361 0.657267
0.653639 0.826608
0.669224 0.867122
0.685095 1.30322
0.701232 1.33081
0.717617 1.39745
0.734234 1.08461
0.751068 1.22553
0.459814 0.476663
0.460291 0.507118
0.461718 0.310677
0.464087 0.301966
0.467383 0.398904
0.471588 0.408409
0.476676 0.495593
0.482621 0.3673
0.48939 0.474105
0.49695 0.473345
0.505266 0.412503
0.514301 0.502291
0.524017 0.536925
0.534379 0.623286
0.545348 0.413662
0.556889 0.580744
0.568967 0.616604
0.581548 0.609953
0.594602 0.577132
0.608096 0.711204
0.622004 0.819902
0.636296 0.730214
0.650949 0.818957
0.665939 0.836036
0.681242 0.837973
0.696839 1.09343
0.71271 0.893884
0.728837 1.22276
0.745204 1.3964
0.761796 2.0217
0.478055 0.574344
0.478513 0.419033
0.479886 0.566897
0.482166 0.429279
0.48534 0.500854
0.48939 0.514444
0.494295 0.476405
0.50003 0.479243
0.506567 0.675567
0.513874 0.445374
0.521921 0.607991
0.530672 0.50591
0.540094 0.62886
0.550153 0.487761
0.560813 0.756662
0.572042 0.573352
0.583807 0.699202
0.596075 0.676225
0.608817 0.815084
0.622004 0.801732
0.635607 0.702334
0.6496 0.932145
0.66396 0.778907
0.678662 0.995617
0.693684 0.954032
0.709008 0.929954
0.724612 1.13201
0.74048 1.18241
0.756596 1.19551
0.772942 1.51557
0.496509 0.441676
0.49695 0.474742
0.498272 0.399935
0.500468 0.458484
0.503527 0.534135
0.507432 0.4969
0.512164 0.506715
0.517701 0.507554
0.524017 0.599697
0.531085 0.401532
0.538874 0.58747
0.547355 0.560341
0.556495 0.731893
0.566262 0.597442
0.576625 0.382838
0.587552 0.68905
0.599012 0.577126
0.610975 0.745202
0.623412 0.554376
0.636296 0.685936
0.6496 0.880257
0.663299 0.803258
0.677368 1.25603
0.691785 1.07355
0.706529 1.40457
0.721579 1.4021
0.736918 1.19045
0.752526 1.01974
0.768389 1.44742
0.78449 1.25652
0.515153 0.503974
0.515579 0.431288
0.516853 0.483474
0.518971 0.598751
0.521921 0.531779
0.525689 0.426091
0.530258 0.438319
0.535609 0.600072
0.541716 0.512272
0.548556 0.610996
0.5561 0.623765
0.564322 0.563913
0.573191 0.592535
0.582679 0.549217
0.592755 0.810215
0.603389 0.790477
0.614554 0.866384
0.626221 0.74275
0.638361 0.980525
0.650949 0.860099
0.66396 0.851323
0.677368 0.772267
0.69115 1.01823
0.705286 1.16752
0.719753 0.985103
0.734533 1.15127
0.749606 1.35568
0.764956 1.4314
0.780566 1.2313
0.796421 1.67548
0.533968 0.581913
0.534379 0.739964
0.535609 0.482891
0.537652 0.570366
0.5405 0.636987
0.54414 0.431179
0.548556 0.774173
0.553729 0.728069
0.559639 0.696082
0.566262 0.614485
0.573574 0.449959
0.581548 0.703307
0.590159 0.56811
0.599378 0.777359
0.609177 0.877198
0.61953 0.601012
0.630409 0.825886
0.641788 0.878408
0.653639 0.892107
0.665939 0.965167
0.678662 0.815035
0.691785 0.81677
0.705286 0.874199
0.719143 1.03825
0.733337 0.946164
0.747849 1.47956
0.762659 1.46989
0.777751 1.16834
0.79311 1.20655
0.808719 1.33371
0.552936 0.717269
0.553333 0.578867
0.554521 0.713788
0.556495 0.582388
0.559247 0.639509
0.562765 0.58074
0.567036 0.778301
0.572042 0.639488
0.577765 0.621056
0.584182 0.783908
0.591273 0.684777
0.599012 0.886231
0.607375 0.95036
0.616336 0.791248
0.62587 0.766633
0.635952 0.818652
0.646554 0.595505
0.657653 0.725455
0.669224 0.963662
0.681242 0.892748
0.693684 1.10877
0.706529 1.18889
0.719753 1.16739
0.733337 1.16771
0.747262 1.34592
0.761508 1.79717
0.776057 1.37311
0.790894 1.53184
0.806002 1.10565
0.821366 1.2993
0.572042 0.691011
0.572425 0.622965
0.573574 0.572339
0.575482 0.801894
0.578144 0.607663
0.581548 0.832507
0.585682 0.63519
0.59053 0.748746
0.596075 0.861447
0.602298 0.855171
0.609177 0.824807
0.616692 1.10943
0.624818 0.579967
0.633533 0.916506
0.642812 0.647747
0.652632 0.741061
0.662968 0.714084
0.673797 0.876541
0.685095 1.19104
0.696839 1.19632
0.709008 1.13745
0.721579 1.2502
0.734533 1.44204
0.747849 1.46407
0.761508 1.32172
0.775492 1.20799
0.789784 1.3127
0.804368 0.872155
0.819227 1.35072
0.834348 1.34158
0.591273 0.62298
0.591643 0.565123
0.592755 0.502489
0.594602 0.655196
0.597178 0.606097
0.600474 0.901759
0.604479 0.988047
0.609177 0.798846
0.614554 0.683615
0.620592 0.691389
0.62727 0.864002
0.634571 0.716963
0.642471 0.744865
0.650949 0.631369
0.659984 1.01404
0.669552 0.915707
0.67963 0.937875
0.690198 0.909307
0.701232 1.15789
0.71271 1.28103
0.724612 1.06848
0.736918 1.33888
0.749606 1.57459
0.762659 1.10516
0.776057 1.12947
0.789784 1.54068
0.803822 1.16003
0.818156 1.45133
0.832769 1.33429
0.847648 1.00661
0.610616 0.771674
0.610975 0.790834
0.612051 0.649904
0.61384 0.75289
0.616336 0.857023
0.61953 0.887596
0.623412 0.768116
0.627969 0.63276
0.633187 0.934602
0.639048 0.983768
0.645536 0.914425
0.652632 0.995827
0.660316 0.832101
0.668568 0.93914
0.677368 1.02673
0.686693 0.815191
0.696524 0.993835
0.706839 0.877383
0.717617 1.02299
0.728837 1.17566
0.74048 1.35225
0.752526 1.38062
0.764956 1.13373
0.777751 1.31673
0.790894 1.97522
0.804368 1.41177
0.818156 1.67967
0.832242 1.3097
0.846612 1.33377
0.861252 1.68287
0.630061 0.698037
0.630409 0.85381
0.631452 0.908737
0.633187 0.815091
0.635607 0.835455
0.638705 0.727089
0.642471 0.7473
0.646894 0.864052
0.651959 0.733185
0.657653 0.71234
0.66396 0.943077
0.670861 0.586758
0.678338 0.963227
0.686374 0.932129
0.694948 0.831015
0.704041 0.971851
0.713633 1.2444
0.723704 1.36534
0.734234 0.989427
0.745204 1.25767
0.756596 1.10513
0.768389 1.8189
0.780566 1.27754
0.79311 1.37796
0.806002 1.19114
0.819227 1.63282
0.832769 1.45985
0.846612 1.3958
0.860743 1.32364
0.875146 1.08977
0.6496 0.897114
0.649938 0.623823
0.650949 1.07256
0.652632 0.799462
0.65498 0.657357
0.657987 0.923919
0.661643 0.859021
0.665939 0.944003
0.670861 0.994617
0.676396 1.00107
0.682529 0.905432
0.689244 0.814415
0.696524 0.909785
0.704352 1.1215
0.71271 0.991771
0.721579 0.983346
0.730941 1.21689
0.740777 1.1723
0.751068 1.2021
0.761796 1.42683
0.772942 1.02585
0.78449 1.47244
0.796421 1.64483
0.808719 1.09421
0.821366 1.75009
0.834348 1.59874
0.847648 1.24362
0.861252 1.34642
0.875146 1.03701
0.889317 1.0489
0.251327 0.47645
0.252199 0.800785
0.254794 0.41461
0.259062 0.466787
0.264922 0.872881
0.272271 0.532876
0.280993 0.475658
0.290963 0.427598
0.302058 0.573956
0.314159 0.318098
0.327155 0.51769
0.340943 0.31184
0.355431 0.54173
0.370536 0.352036
0.386187 0.364076
0.40232 0.386746
0.418879 0.278394
0.435815 0.370187
0.453087 0.419729
0.470657 0.38238
0.488493 0.551498
0.506567 0.541557
0.524854 0.590648
0.543333 0.47307
0.561985 0.632055
0.580794 0.675225
0.599743 0.665007
0.618822 0.709808
0.638018 0.631988
0.65732 0.878667
0.252199 0.360957
0.253067 0.579472
0.255654 0.335548
0.259908 0.949813
0.265749 0.32871
0.273076 0.440313
0.281772 0.235846
0.291715 0.465392
0.302783 0.368883
0.314857 0.317974
0.327825 0.279906
0.341586 0.421781
0.356047 0.277144
0.371128 0.370292
0.386755 0.35912
0.402865 0.431367
0.419402 0.425594
0.436318 0.374567
0.453571 0.409679
0.471123 0.36278
0.488941 0.529708
0.506999 0.496271
0.525272 0.666953
0.543737 0.639409
0.562375 0.685325
0.581171 0.575376
0.600109 0.617861
0.619176 0.702935
0.638361 0.603946
0.657653 0.755754
0.254794 0.703574
0.255654 0.311376
0.258214 0.384534
0.262427 0.56249
0.268213 0.270424
0.275475 0.317489
0.284098 0.204832
0.293962 0.350984
0.304949 0.517772
0.316939 0.328086
0.329826 0.287872
0.343506 0.227347
0.35789 0.306596
0.372896 0.419906
0.388452 0.503997
0.404495 0.490085
0.420968 0.343576
0.437824 0.54011
0.455019 0.442591
0.472517 0.345126
0.490285 0.458537
0.508295 0.500042
0.526523 0.618074
0.544945 0.46187
0.563544 0.653711
0.582302 0.85962
0.601204 0.781678
0.620238 0.593422
0.639391 0.793258
0.658653 0.949597
0.259062 0.331635
0.259908 0.730044
0.262427 0.438038
0.266573 0.202395
0.272271 0.484109
0.279427 0.42556
0.287932 0.307667
0.297669 0.280054
0.308524 0.269554
0.320381 0.295926
0.333134 0.271467
0.346684 0.299619
0.360942 0.440305
0.375826 0.30819
0.391265 0.47061
0.407197 0.385797
0.423565 0.380175
0.440321 0.391734
0.457423 0.478422
0.474832 0.526114
0.492517 0.431335
0.510448 0.565471
0.528601 0.513784
0.546954 0.607294
0.565487 0.674261
0.584182 0.841903
0.603026 0.596285
0.622004 0.655149
0.641104 0.765669
0.660316 0.743007
0.264922 0.316919
0.265749 0.445379
0.268213 0.263485
0.272271 0.54761
0.277853 0.612594
0.284869 0.576948
0.293215 0.511679
0.302783 0.584725
0.31346 0.32685
0.325138 0.259668
0.337711 0.350652
0.351085 0.277393
0.36517 0.332043
0.379889 0.319186
0.39517 0.268359
0.41095 0.403085
0.427174 0.364614
0.443794 0.451191
0.460767 0.504915
0.478055 0.479357
0.495624 0.390825
0.513447 0.559742
0.531498 0.511167
0.549754 0.529259
0.568195 0.576546
0.586805 0.679045
0.605566 1.04731
0.624467 0.636696
0.643494 0.977064
0.662637 0.791844
0.272271 0.417245
0.273076 0.657081
0.275475 0.61548
0.279427 0.28549
0.284869 0.350108
0.291715 0.384351
0.299872 0.305005
0.309234 0.205776
0.319696 0.390544
0.331153 0.292347
0.343506 0.349983
0.356663 0.316831
0.370536 0.310734
0.38505 0.286836
0.400134 0.396857
0.415726 0.429548
0.431771 0.309849
0.44822 0.461023
0.465031 0.417892
0.482166 0.419975
0.499591 0.548736
0.517277 0.551285
0.535199 0.467152
0.553333 0.573223
0.571659 0.567779
0.590159 0.582496
0.608817 0.871623
0.62762 0.652575
0.646554 0.767136
0.665609 0.8424
0.280993 0.299145
0.281772 0.449354
0.284098 0.372308
0.287932 0.525712
0.293215 0.804746
0.299872 0.243229
0.307812 0.269028
0.316939 0.274214
0.327155 0.345162
0.33836 0.39077
0.350459 0.33224
0.363364 0.307555
0.376991 0.344614
0.391265 0.442724
0.406118 0.362807
0.421489 0.356166
0.437323 0.41253
0.453571 0.390321
0.470191 0.430072
0.487144 0.389645
0.504397 0.554779
0.521921 0.420105
0.539688 0.509713
0.557676 0.726779
0.575863 0.786344
0.594233 0.610518
0.612767 0.964262
0.631452 0.643343
0.650275 0.825344
0.669224 0.810923
0.290963 0.469575
0.291715 0.494546
0.293962 0.489765
0.297669 0.42208
0.302783 0.385946
0.309234 0.21036
0.316939 0.20598
0.325811 0.313264
0.335757 0.397374
0.346684 0.187011
0.358503 0.319082
0.371128 0.230793
0.38448 0.391454
0.398486 0.281616
0.413079 0.386081
0.4282 0.452815
0.443794 0.409542
0.459814 0.473381
0.476216 0.406765
0.492962 0.485577
0.510019 0.529007
0.527355 0.467827
0.544945 0.517516
0.562765 0.781729
0.580794 0.587576
0.599012 0.845908
0.617403 0.659704
0.635952 0.656051
0.654645 0.931054
0.673471 0.9553
0.302058 0.237347
0.302783 0.394535
0.304949 0.389091
0.308524 0.35683
0.31346 0.3884
0.319696 0.347475
0.327155 0.411723
0.335757 0.403782
0.345416 0.342781
0.356047 0.318602
0.367565 0.466538
0.379889 0.358747
0.392943 0.36189
0.406658 0.430101
0.420968 0.446356
0.435815 0.319363
0.451147 0.480826
0.466914 0.686224
0.483075 0.425887
0.499591 0.510642
0.516429 0.681531
0.533557 0.558734
0.550949 0.625652
0.568581 0.670215
0.586431 0.611177
0.604479 0.765246
0.622708 0.871727
0.641104 0.738144
0.659651 0.878063
0.678338 0.918684
0.314159 0.216931
0.314857 0.377426
0.316939 0.537808
0.320381 0.342832
0.325138 0.221162
0.331153 0.330328
0.33836 0.293768
0.346684 0.297802
0.356047 0.351817
0.36637 0.437229
0.377572 0.469132
0.38958 0.380202
0.40232 0.340509
0.415726 0.436518
0.429734 0.515588
0.444288 0.350895
0.459337 0.623639
0.474832 0.472634
0.490732 0.454878
0.506999 0.367848
0.523599 0.683421
0.5405 0.442497
0.557676 0.490589
0.575101 0.49222
0.592755 0.73041
0.610616 0.575697
0.628667 0.535505
0.646894 0.673092
0.66528 0.690847
0.683813 1.11253
0.327155 0.371041
0.327825 0.354974
0.329826 0.309167
0.333134 0.313675
0.337711 0.340133
0.343506 0.366918
0.350459 0.353106
0.358503 0.231718
0.367565 0.454038
0.377572 0.257653
0.388452 0.3295
0.400134 0.352134
0.412548 0.265651
0.425631 0.344386
0.439324 0.352338
0.453571 0.348662
0.468321 0.586273
0.483529 0.396194
0.499152 0.430749
0.515153 0.49658
0.531498 0.519248
0.548156 0.553408
0.565099 0.594104
0.582302 0.641855
0.599743 0.94605
0.617403 0.831949
0.635261 0.669424
0.653304 1.03384
0.671514 0.781761
0.68988 1.16048
0.340943 0.417484
0.341586 0.368631
0.343506 0.392929
0.346684 0.320016
0.351085 0.247654
0.356663 0.266197
0.363364 0.215814
0.371128 0.252929
0.379889 0.267806
0.38958 0.333745
0.400134 0.324449
0.411483 0.426535
0.423565 0.425063
0.436318 0.473896
0.449686 0.390861
0.463614 0.366597
0.478055 0.573041
0.492962 0.396738
0.508295 0.589696
0.524017 0.557453
0.540094 0.58051
0.556495 0.499331
0.573191 0.626191
0.590159 0.821887
0.607375 0.804793
0.624818 0.786899
0.642471 0.638953
0.660316 0.657162
0.678338 0.768169
0.696524 0.895922
0.355431 0.45745
0.356047 0.322567
0.35789 0.485706
0.360942 0.395953
0.36517 0.246293
0.370536 0.585817
0.376991 0.304845
0.38448 0.49032
0.392943 0.378245
0.40232 0.279059
0.412548 0.457172
0.423565 0.445885
0.435312 0.5135
0.447731 0.441135
0.460767 0.546721
0.47437 0.360802
0.488493 0.581966
0.503091 0.402915
0.518125 0.465446
0.533557 0.569089
0.549355 0.556068
0.565487 0.504084
0.581925 0.829817
0.598645 0.611985
0.615624 0.912925
0.63284 0.678257
0.650275 1.04953
0.667912 1.03411
0.685735 1.25262
0.703729 1.10027
0.370536 0.336299
0.371128 0.347377
0.372896 0.411422
0.375826 0.279471
0.379889 0.252673
0.38505 0.347413
0.391265 0.406071
0.398486 0.316476
0.406658 0.360445
0.415726 0.390263
0.425631 0.356323
0.436318 0.405123
0.447731 0.419302
0.459814 0.297378
0.472517 0.52937
0.485791 0.593568
0.499591 0.584904
0.513874 0.476778
0.528601 0.591176
0.543737 0.552099
0.559247 0.727344
0.575101 0.781859
0.591273 0.823457
0.607736 0.911411
0.624467 0.749443
0.641446 0.744479
0.658653 0.852273
0.676071 0.836609
0.693684 0.824755
0.711478 0.933592
0.386187 0.346182
0.386755 0.392409
0.388452 0.263788
0.391265 0.479918
0.39517 0.382602
0.400134 0.379573
0.406118 0.372704
0.413079 0.330961
0.420968 0.398499
0.429734 0.357642
0.439324 0.329378
0.449686 0.464647
0.460767 0.469878
0.472517 0.41121
0.484888 0.567363
0.497832 0.498724
0.511307 0.372082
0.525272 0.55651
0.539688 0.593456
0.554521 0.694418
0.569737 0.662707
0.585308 0.622186
0.601204 0.940704
0.617403 0.573496
0.633879 0.712332
0.650612 0.717243
0.667583 1.04529
0.684774 0.822845
0.702169 1.02309
0.719753 1.44809
0.40232 0.336224
0.402865 0.272281
0.404495 0.270804
0.407197 0.296351
0.41095 0.523204
0.415726 0.488066
0.421489 0.347319
0.4282 0.419025
0.435815 0.315172
0.444288 0.404857
0.453571 0.362079
0.463614 0.386466
0.47437 0.500922
0.485791 0.428821
0.497832 0.403476
0.510448 0.537813
0.523599 0.643035
0.537244 0.443393
0.551347 0.839784
0.565874 0.594316
0.580794 0.847267
0.596075 0.709393
0.611692 0.679572
0.62762 0.681874
0.643835 0.833104
0.660316 0.922872
0.677044 1.04969
0.694001 1.10523
0.71117 0.786129
0.728536 1.31986
0.418879 0.39429
0.419402 0.453151
0.420968 0.350495
0.423565 0.415088
0.427174 0.5458
0.431771 0.301492
0.437323 0.324579
0.443794 0.34373
0.451147 0.409615
0.459337 0.424533
0.468321 0.487356
0.478055 0.413133
0.488493 0.505354
0.499591 0.523393
0.511307 0.625467
0.523599 0.622562
0.536427 0.45076
0.549754 0.792506
0.563544 0.700924
0.577765 0.483166
0.592384 0.740472
0.607375 0.836042
0.622708 0.739352
0.638361 0.596001
0.65431 0.783014
0.670534 0.861085
0.687013 0.795958
0.703729 1.04231
0.720667 1.06219
0.73781 1.1419
0.435815 0.384684
0.436318 0.369395
0.437824 0.397978
0.440321 0.44512
0.443794 0.397984
0.44822 0.440644
0.453571 0.449727
0.459814 0.449565
0.466914 0.473649
0.474832 0.444059
0.483529 0.593157
0.492962 0.476343
0.503091 0.78818
0.513874 0.477241
0.525272 0.585579
0.537244 0.493194
0.549754 0.587592
0.562765 0.650674
0.576244 0.672699
0.590159 0.755089
0.604479 0.752145
0.619176 0.685227
0.634225 0.836691
0.6496 0.9147
0.66528 0.796839
0.681242 0.963862
0.697468 1.06031
0.71394 1.03729
0.730641 1.28895
0.747555 1.57096
0.453087 0.487177
0.453571 0.389613
0.455019 0.484767
0.457423 0.321577
0.460767 0.450568
0.465031 0.391019
0.470191 0.397451
0.476216 0.450776
0.483075 0.3642
0.490732 0.547993
0.499152 0.496357
0.508295 0.438415
0.518125 0.490683
0.528601 0.609218
0.539688 0.71355
0.551347 0.588777
0.563544 0.589449
0.576244 0.561571
0.589415 0.671695
0.603026 0.950013
0.617047 0.710741
0.631452 0.822663
0.646215 0.755263
0.661312 0.993055
0.67672 0.808442
0.692419 0.875034
0.708389 1.17085
0.724612 1.12175
0.741073 1.08661
0.757754 1.25418
0.470657 0.440747
0.471123 0.360695
0.472517 0.562683
0.474832 0.521962
0.478055 0.558498
0.482166 0.516425
0.487144 0.370111
0.492962 0.559735
0.499591 0.520261
0.506999 0.629259
0.515153 0.498918
0.524017 0.457493
0.533557 0.475023
0.543737 0.558738
0.554521 0.880075
0.565874 0.671742
0.577765 0.629706
0.590159 0.878578
0.603026 0.968974
0.616336 0.886647
0.630061 0.761346
0.644175 0.844313
0.658653 0.852729
0.673471 1.01294
0.688607 1.04071
0.704041 1.17106
0.719753 0.936225
0.735726 1.42767
0.751943 1.37514
0.768389 1.10225
0.488493 0.567059
0.488941 0.424941
0.490285 0.606917
0.492517 0.56434
0.495624 0.48969
0.499591 0.418991
0.504397 0.531253
0.510019 0.499601
0.516429 0.640631
0.523599 0.502396
0.531498 0.597624
0.540094 0.596351
0.549355 0.636569
0.559247 0.593811
0.569737 0.599251
0.580794 0.648325
0.592384 0.735166
0.604479 0.872792
0.617047 0.817828
0.630061 0.710614
0.643494 0.778772
0.65732 0.785466
0.671514 1.22008
0.686054 0.875998
0.700919 0.945961
0.716087 1.22496
0.731541 1.41946
0.747262 1.39742
0.763234 1.50137
0.779441 1.54888
0.506567 0.593835
0.506999 0.635779
0.508295 0.431136
0.510448 0.54462
0.513447 0.686929
0.517277 0.393042
0.521921 0.668997
0.527355 0.566621
0.533557 0.617618
0.5405 0.594287
0.548156 0.805938
0.556495 0.575357
0.565487 0.537218
0.575101 0.841056
0.585308 0.711611
0.596075 0.775556
0.607375 0.808859
0.619176 0.80341
0.631452 0.800412
0.644175 0.727573
0.65732 1.0328
0.670861 0.950897
0.684774 1.08199
0.699039 1.00429
0.713633 1.21972
0.728536 1.34691
0.743731 1.27524
0.7592 1.24772
0.774926 1.66507
0.790894 1.39536
0.524854 0.595544
0.525272 0.719128
0.526523 0.669665
0.528601 0.692898
0.531498 0.640894
0.535199 0.466787
0.539688 0.482056
0.544945 0.634123
0.550949 0.725142
0.557676 0.56111
0.565099 0.86399
0.573191 0.781982
0.581925 0.593513
0.591273 0.682132
0.601204 0.730442
0.611692 0.626729
0.622708 0.843831
0.634225 0.78155
0.646215 0.63034
0.658653 0.81629
0.671514 0.955482
0.684774 1.05949
0.698411 0.968172
0.712402 1.24607
0.726728 1.00763
0.741369 1.32486
0.756306 1.23184
0.771522 1.27125
0.787002 1.52348
0.80273 1.28131
0.543333 0.446694
0.543737 0.522235
0.544945 0.610461
0.546954 0.512768
0.549754 0.643646
0.553333 0.637338
0.557676 0.627657
0.562765 0.53207
0.568581 0.716223
0.575101 0.531569
0.582302 0.824692
0.590159 0.641053
0.598645 0.663627
0.607736 0.68178
0.617403 0.857727
0.62762 0.973356
0.638361 0.668723
0.6496 0.763083
0.661312 1.10022
0.673471 1.01061
0.686054 0.880395
0.699039 1.2962
0.712402 1.29801
0.726124 1.00452
0.740184 1.41446
0.754564 1.35639
0.769245 1.21918
0.78421 1.43776
0.799445 1.20749
0.814932 1.21351
0.561985 0.637191
0.562375 0.670074
0.563544 0.516469
0.565487 0.654674
0.568195 0.70752
0.571659 0.52958
0.575863 0.685139
0.580794 0.731951
0.586431 0.731717
0.592755 0.58087
0.599743 0.759413
0.607375 0.951519
0.615624 0.671893
0.624467 0.838269
0.633879 0.701761
0.643835 0.559275
0.65431 0.919915
0.66528 1.08239
0.67672 0.970672
0.688607 0.767231
0.700919 0.972501
0.713633 1.37635
0.726728 0.974902
0.740184 1.44108
0.753982 1.39491
0.768104 1.39761
0.782531 1.30222
0.797247 1.45979
0.812237 1.38164
0.827485 1.00612
0.580794 0.725404
0.581171 0.688526
0.582302 0.485194
0.584182 0.667211
0.586805 0.614979
0.590159 0.705072
0.594233 0.848426
0.599012 0.593784
0.604479 0.875302
0.610616 0.826491
0.617403 0.834053
0.624818 1.0406
0.63284 0.700581
0.641446 0.762067
0.650612 0.851737
0.660316 0.914053
0.670534 0.74492
0.681242 1.08925
0.692419 1.26988
0.704041 1.17389
0.716087 1.02935
0.728536 1.24945
0.741369 1.0597
0.754564 1.2831
0.768104 1.39953
0.78197 1.5196
0.796146 1.45075
0.810615 1.49481
0.825362 1.18067
0.840372 1.54364
0.599743 0.766754
0.600109 0.567954
0.601204 0.730176
0.603026 0.611593
0.605566 0.83831
0.608817 0.594516
0.612767 0.818644
0.617403 0.661632
0.622708 1.0837
0.628667 0.776749
0.635261 0.598218
0.642471 0.795112
0.650275 1.09662
0.658653 0.808991
0.667583 0.958867
0.677044 0.903395
0.687013 1.16536
0.697468 0.990017
0.708389 0.988541
0.719753 1.00277
0.731541 1.63286
0.743731 1.31128
0.756306 1.19212
0.769245 1.12686
0.782531 1.47006
0.796146 1.43302
0.810073 1.2184
0.824298 1.25204
0.838805 1.53907
0.853578 1.10501
0.618822 0.632154
0.619176 0.728046
0.620238 0.752787
0.622004 0.723643
0.624467 0.728084
0.62762 0.704454
0.631452 0.774462
0.635952 0.774545
0.641104 0.599404
0.646894 0.882105
0.653304 0.927232
0.660316 0.938889
0.667912 0.974522
0.676071 0.870938
0.684774 0.669724
0.694001 0.951346
0.703729 0.969789
0.71394 0.985335
0.724612 1.15161
0.735726 1.07248
0.747262 1.03052
0.7592 1.02938
0.771522 1.53519
0.78421 0.960061
0.797247 1.29064
0.810615 1.34957
0.824298 1.32068
0.838281 1.32125
0.85255 1.22298
0.86709 1.30184
0.638018 0.805361
0.638361 0.670281
0.639391 0.82188
0.641104 0.828341
0.643494 0.783582
0.646554 0.902254
0.650275 0.744534
0.654645 0.763992
0.659651 0.758109
0.66528 0.839757
0.671514 0.589328
0.678338 1.12985
0.685735 0.8119
0.693684 1.0766
0.702169 0.911167
0.71117 1.55486
0.720667 1.44923
0.730641 1.14369
0.741073 1.0883
0.751943 1.46622
0.763234 1.21619
0.774926 1.36637
0.787002 1.28344
0.799445 1.37816
0.812237 1.15553
0.825362 1.37069
0.838805 1.59169
0.85255 1.2069
0.866584 1.2006
0.880892 0.959839
0.65732 0.791735
0.657653 0.794729
0.658653 0.711699
0.660316 0.98858
0.662637 0.904133
0.665609 1.02114
0.669224 0.765844
0.673471 1.09627
0.678338 1.01203
0.683813 0.800369
0.68988 0.88578
0.696524 0.809567
0.703729 1.01628
0.711478 1.19334
0.719753 1.24155
0.728536 1.19059
0.73781 1.26666
0.747555 1.41994
0.757754 1.18416
0.768389 1.01406
0.779441 1.52104
0.790894 1.36783
0.80273 1.15654
0.814932 1.11491
0.827485 1.56782
0.840372 1.14461
0.853578 1.37474
0.86709 1.24088
0.880892 1.30217
0.894971 1.00576
0.272271 0.668528
0.273076 0.463734
0.275475 0.194613
0.279427 0.267051
0.284869 0.560589
0.291715 0.274106
0.299872 0.407636
0.309234 0.566085
0.319696 0.268456
0.331153 0.279405
0.343506 0.273306
0.356663 0.340996
0.370536 0.36264
0.38505 0.30044
0.400134 0.314424
0.415726 0.302064
0.431771 0.48389
0.44822 0.304821
0.465031 0.490206
0.482166 0.419392
0.499591 0.572306
0.517277 0.442878
0.535199 0.543728
0.553333 0.527721
0.571659 0.505031
0.590159 0.607247
0.608817 0.972072
0.62762 0.716833
0.646554 0.646054
0.665609 0.808657
0.273076 0.340003
0.273878 0.394077
0.27627 0.244983
0.280211 0.246931
0.285637 0.453836
0.292466 0.501999
0.300602 0.744111
0.309942 0.318167
0.320381 0.445648
0.331815 0.318141
0.344144 0.482781
0.357277 0.321388
0.371128 0.383427
0.385619 0.550897
0.400681 0.386303
0.416253 0.44611
0.432278 0.431677
0.448709 0.389981
0.465503 0.337426
0.482621 0.481048
0.50003 0.528106
0.517701 0.423609
0.535609 0.535904
0.553729 0.624402
0.572042 0.482749
0.59053 0.612425
0.609177 0.830831
0.627969 0.79849
0.646894 0.996038
0.665939 0.953279
0.275475 0.273265
0.27627 0.224296
0.278641 0.335542
0.282549 0.319676
0.287932 0.301409
0.294708 0.464332
0.302783 0.460405
0.312058 0.321873
0.322428 0.315797
0.333792 0.283732
0.346051 0.274634
0.359114 0.293313
0.372896 0.255741
0.387322 0.441423
0.40232 0.327262
0.417831 0.362229
0.433798 0.316226
0.450173 0.461068
0.466914 0.548387
0.483982 0.605317
0.501344 0.431532
0.518971 0.495134
0.536836 0.59387
0.554916 0.543159
0.573191 0.689305
0.591643 0.549607
0.610257 0.839181
0.629016 0.77266
0.64791 0.66597
0.666926 0.934091
0.279427 0.248812
0.280211 0.31813
0.282549 0.410681
0.286404 0.430195
0.291715 0.35151
0.298405 0.318983
0.306384 0.285023
0.315552 0.402972
0.325811 0.437058
0.337061 0.418589
0.349205 0.28244
0.362155 0.262257
0.375826 0.372771
0.390143 0.447006
0.405037 0.333229
0.420447 0.333383
0.436318 0.406355
0.452603 0.449676
0.469257 0.390482
0.486243 0.463752
0.503527 0.516732
0.521079 0.591171
0.538874 0.620217
0.556889 0.528582
0.575101 0.729947
0.593494 0.716542
0.612051 0.842748
0.630757 0.736441
0.6496 0.918088
0.668568 0.821035
0.284869 0.219194
0.285637 0.49792
0.287932 0.446826
0.291715 0.64043
0.296932 0.455512
0.303507 0.235135
0.311354 0.792291
0.320381 0.234435
0.33049 0.319582
0.341586 0.367385
0.353575 0.334089
0.36637 0.416368
0.379889 0.260413
0.394058 0.27611
0.40881 0.409582
0.424083 0.402878
0.439823 0.318225
0.455982 0.371633
0.472517 0.602654
0.48939 0.50594
0.506567 0.622778
0.524017 0.54422
0.541716 0.661695
0.559639 0.546731
0.577765 0.670824
0.596075 0.793749
0.614554 0.991138
0.633187 0.717055
0.651959 0.705435
0.670861 0.99386
0.291715 0.38741
0.292466 0.524523
0.294708 0.308491
0.298405 0.236768
0.303507 0.2855
0.309942 0.699582
0.317631 0.303262
0.326484 0.355575
0.33641 0.377211
0.347316 0.381213
0.359114 0.240351
0.371718 0.300975
0.38505 0.330156
0.399036 0.29795
0.41361 0.31078
0.428712 0.361295
0.444288 0.26532
0.460291 0.547305
0.476676 0.411166
0.493407 0.569911
0.510448 0.54573
0.527771 0.537507
0.545348 0.632349
0.563155 0.658415
0.581171 0.659458
0.599378 0.661675
0.617758 0.767862
0.636296 0.810551
0.65498 0.841523
0.673797 0.912712
0.299872 0.26735
0.300602 0.44717
0.302783 0.36381
0.306384 0.40056
0.311354 0.310449
0.317631 0.297339
0.325138 0.291777
0.333792 0.373067
0.343506 0.318334
0.354194 0.383077
0.36577 0.409784
0.378153 0.301324
0.391265 0.301342
0.405037 0.281344
0.419402 0.468418
0.434303 0.378669
0.449686 0.45137
0.465503 0.423954
0.481711 0.525272
0.498272 0.501777
0.515153 0.581245
0.532323 0.446656
0.549754 0.573263
0.567423 0.638508
0.585308 0.646322
0.603389 0.893165
0.621651 0.806186
0.640077 0.768394
0.658653 0.789492
0.677368 0.962299
0.309234 0.349694
0.309942 0.401999
0.312058 0.424077
0.315552 0.313956
0.320381 0.236682
0.326484 0.451143
0.333792 0.370743
0.342227 0.341665
0.351709 0.413565
0.362155 0.36128
0.373484 0.379557
0.385619 0.371633
0.398486 0.314787
0.412016 0.310426
0.426146 0.36802
0.440819 0.460503
0.455982 0.537733
0.471588 0.445668
0.487594 0.435709
0.503962 0.60935
0.520658 0.494195
0.537652 0.492124
0.554916 0.65718
0.572425 0.576049
0.590159 0.671588
0.608096 0.953142
0.626221 0.830804
0.644516 0.866365
0.662968 1.0673
0.681564 0.8936
0.319696 0.229164
0.320381 0.318981
0.322428 0.447986
0.325811 0.277109
0.33049 0.433498
0.33641 0.29222
0.343506 0.263134
0.351709 0.297239
0.360942 0.354686
0.371128 0.38969
0.382191 0.266324
0.394058 0.284945
0.406658 0.314884
0.419925 0.396364
0.433798 0.50634
0.44822 0.464905
0.463141 0.556763
0.478513 0.409862
0.494295 0.467655
0.510448 0.556428
0.526939 0.528138
0.543737 0.788289
0.560813 0.474735
0.578144 0.619828
0.595707 0.802419
0.613483 0.855382
0.631452 0.902358
0.6496 1.13184
0.667912 0.922705
0.686374 0.997473
0.331153 0.306495
0.331815 0.38091
0.333792 0.28792
0.337061 0.463208
0.341586 0.260059
0.347316 0.362179
0.354194 0.312067
0.362155 0.290935
0.371128 0.354164
0.381042 0.315713
0.391825 0.450051
0.403409 0.350852
0.415726 0.364798
0.428712 0.39737
0.442309 0.389069
0.456463 0.484289
0.471123 0.429721
0.486243 0.538366
0.501781 0.678507
0.517701 0.402139
0.533968 0.572176
0.550551 0.564083
0.567423 0.788646
0.584558 0.752734
0.601934 0.828662
0.61953 0.731286
0.63733 0.776346
0.655315 0.836738
0.673471 0.823366
0.691785 1.11237
0.343506 0.262103
0.344144 0.278448
0.346051 0.387984
0.349205 0.35197
0.353575 0.414704
0.359114 0.373787
0.36577 0.222202
0.373484 0.339416
0.382191 0.388349
0.391825 0.428734
0.40232 0.322028
0.41361 0.350459
0.425631 0.418805
0.438324 0.39688
0.451632 0.346014
0.465503 0.438119
0.479886 0.573809
0.494739 0.454735
0.510019 0.535427
0.525689 0.349021
0.541716 0.878181
0.558069 0.611557
0.57472 0.645527
0.591643 0.572529
0.608817 0.777902
0.626221 0.778533
0.643835 0.781953
0.661643 0.983123
0.67963 0.955204
0.697783 0.951361
0.356663 0.500193
0.357277 0.438825
0.359114 0.30823
0.362155 0.373906
0.36637 0.348853
0.371718 0.229101
0.378153 0.370748
0.385619 0.283352
0.394058 0.286253
0.403409 0.347046
0.41361 0.403944
0.4246 0.484362
0.436318 0.340785
0.448709 0.491972
0.461718 0.4284
0.475294 0.441918
0.48939 0.427105
0.503962 0.576991
0.518971 0.51008
0.534379 0.595542
0.550153 0.513849
0.566262 0.721023
0.582679 0.706642
0.599378 0.753047
0.616336 0.547835
0.633533 0.964575
0.650949 0.635955
0.668568 0.786497
0.686374 0.987756
0.704352 1.04693
0.370536 0.348863
0.371128 0.293274
0.372896 0.404493
0.375826 0.412727
0.379889 0.3247
0.38505 0.374789
0.391265 0.398054
0.398486 0.323254
0.406658 0.373032
0.415726 0.360792
0.425631 0.356848
0.436318 0.401034
0.447731 0.646353
0.459814 0.407885
0.472517 0.501334
0.485791 0.463777
0.499591 0.547834
0.513874 0.595652
0.528601 0.548145
0.543737 0.580864
0.559247 0.606556
0.575101 0.626602
0.591273 0.672929
0.607736 0.744362
0.624467 0.911589
0.641446 0.987732
0.658653 0.670579
0.676071 1.14254
0.693684 0.781027
0.711478 1.07612
0.38505 0.246953
0.385619 0.254945
0.387322 0.394102
0.390143 0.402587
0.394058 0.294309
0.399036 0.392828
0.405037 0.507279
0.412016 0.308667
0.419925 0.385758
0.428712 0.499194
0.438324 0.427076
0.448709 0.620765
0.459814 0.46022
0.471588 0.421561
0.483982 0.527339
0.49695 0.529609
0.510448 0.654124
0.524436 0.519864
0.538874 0.585461
0.553729 0.778639
0.568967 0.653389
0.584558 0.704592
0.600474 0.882735
0.616692 0.671075
0.633187 0.738127
0.649938 1.07697
0.666926 0.793039
0.684133 0.912738
0.701544 1.01235
0.719143 1.02756
0.400134 0.304005
0.400681 0.428518
0.40232 0.370365
0.405037 0.455979
0.40881 0.344965
0.41361 0.596899
0.419402 0.354836
0.426146 0.357473
0.433798 0.292306
0.442309 0.452071
0.451632 0.420644
0.461718 0.439182
0.472517 0.315275
0.483982 0.580584
0.496067 0.482831
0.508727 0.623664
0.521921 0.708777
0.535609 0.654914
0.549754 0.531355
0.564322 0.546236
0.579281 0.612227
0.594602 0.772533
0.610257 0.66455
0.626221 0.666055
0.642471 0.971809
0.658986 1.02412
0.675747 1.0313
0.692735 1.11822
0.709935 1.18517
0.727331 1.0033
0.415726 0.468847
0.416253 0.461395
0.417831 0.391529
0.420447 0.346251
0.424083 0.449831
0.428712 0.552004
0.434303 0.309887
0.440819 0.464792
0.44822 0.33409
0.456463 0.511078
0.465503 0.445005
0.475294 0.453965
0.485791 0.400935
0.49695 0.46831
0.508727 0.643658
0.521079 0.60688
0.533968 0.471484
0.547355 0.683553
0.561204 0.649294
0.575482 0.856124
0.590159 0.881537
0.605204 0.776225
0.620592 0.786782
0.636296 0.856103
0.652296 0.7853
0.668568 0.971974
0.685095 0.905679
0.701857 1.16535
0.718838 1.46509
0.736024 1.17594
0.431771 0.351519
0.432278 0.304225
0.433798 0.448135
0.436318 0.439513
0.439823 0.318904
0.444288 0.250091
0.449686 0.331196
0.455982 0.530717
0.463141 0.429762
0.471123 0.501015
0.479886 0.294531
0.48939 0.548096
0.499591 0.635494
0.510448 0.553107
0.521921 0.643344
0.533968 0.680943
0.546553 0.532032
0.559639 0.389742
0.573191 0.61426
0.587178 0.718224
0.601569 0.846147
0.616336 0.726364
0.631452 0.77598
0.646894 0.932729
0.662637 0.727033
0.678662 1.02752
0.694948 0.934374
0.711478 1.13916
0.728235 0.982532
0.745204 1.34229
0.44822 0.452864
0.448709 0.452373
0.450173 0.374116
0.452603 0.326483
0.455982 0.38282
0.460291 0.386973
0.465503 0.47437
0.471588 0.482573
0.478513 0.341573
0.486243 0.610496
0.494739 0.412627
0.503962 0.393486
0.513874 0.506793
0.524436 0.536816
0.535609 0.578956
0.547355 0.545001
0.559639 0.679862
0.572425 0.724208
0.585682 0.737742
0.599378 0.785931
0.613483 0.687348
0.627969 0.757993
0.642812 0.812144
0.657987 0.730465
0.673471 0.757487
0.689244 1.17431
0.705286 1.00877
0.721579 1.2328
0.738107 1.30963
0.754854 1.62072
0.465031 0.371605
0.465503 0.476542
0.466914 0.517488
0.469257 0.471568
0.472517 0.289265
0.476676 0.574036
0.481711 0.49777
0.487594 0.395617
0.494295 0.406412
0.501781 0.410707
0.510019 0.48086
0.518971 0.400685
0.528601 0.606928
0.538874 0.440369
0.549754 0.548252
0.561204 0.695621
0.573191 0.641853
0.585682 0.719462
0.598645 0.468226
0.612051 0.839929
0.62587 0.960726
0.640077 0.811385
0.654645 1.15885
0.669552 1.0988
0.684774 0.963556
0.700293 0.920467
0.716087 0.983035
0.73214 1.01417
0.748435 1.67091
0.764956 1.29217
0.482166 0.584146
0.482621 0.395692
0.483982 0.431149
0.486243 0.454367
0.48939 0.520356
0.493407 0.480394
0.498272 0.459311
0.503962 0.601167
0.510448 0.49966
0.517701 0.542333
0.525689 0.575832
0.534379 0.573248
0.543737 0.710734
0.553729 0.576984
0.564322 0.736702
0.575482 0.67695
0.587178 0.711121
0.599378 0.685661
0.612051 0.807424
0.625169 0.805558
0.638705 0.77684
0.652632 0.889524
0.666926 0.867038
0.681564 1.08222
0.696524 0.884344
0.711786 1.1253
0.727331 1.20557
0.743141 1.5151
0.7592 1.35664
0.775492 1.29207
0.499591 0.43202
0.50003 0.394946
0.501344 0.473868
0.503527 0.446357
0.506567 0.528325
0.510448 0.646301
0.515153 0.538986
0.520658 0.631236
0.526939 0.578944
0.533968 0.441411
0.541716 0.612997
0.550153 0.629918
0.559247 0.686267
0.568967 0.675078
0.579281 0.796155
0.590159 0.650519
0.601569 0.686224
0.613483 0.651931
0.62587 0.648623
0.638705 1.1728
0.651959 0.814511
0.665609 1.06929
0.67963 1.00376
0.694001 0.955788
0.708698 1.1683
0.723704 0.962783
0.738998 1.06869
0.754564 1.34425
0.770384 0.937187
0.786445 1.45478
0.517277 0.446016
0.517701 0.438864
0.518971 0.49125
0.521079 0.50829
0.524017 0.474065
0.527771 0.577199
0.532323 0.52717
0.537652 0.524169
0.543737 0.65556
0.550551 0.565102
0.558069 0.578996
0.566262 0.585534
0.575101 0.598962
0.584558 0.74166
0.594602 0.770313
0.605204 0.698826
0.616336 0.849896
0.627969 0.696781
0.640077 0.986474
0.652632 1.01697
0.665609 0.736497
0.678985 1.23133
0.692735 1.19331
0.706839 0.850983
0.721275 1.18544
0.736024 0.979635
0.751068 1.23604
0.766388 1.31376
0.78197 1.40413
0.797797 1.35858
0.535199 0.624615
0.535609 0.570423
0.536836 0.520938
0.538874 0.566551
0.541716 0.560796
0.545348 0.736896
0.549754 0.692843
0.554916 0.713725
0.560813 0.639468
0.567423 0.788317
0.57472 0.600532
0.582679 0.5767
0.591273 0.751168
0.600474 0.903284
0.610257 0.749906
0.620592 0.875605
0.631452 0.624628
0.642812 0.899962
0.654645 0.786415
0.666926 0.856496
0.67963 1.1438
0.692735 0.997148
0.706218 0.956248
0.720058 1.15373
0.734234 1.36063
0.748728 1.23221
0.763521 1.18552
0.778597 1.33263
0.793939 1.02218
0.809532 1.0885
0.553333 0.560585
0.553729 0.51157
0.554916 0.718112
0.556889 0.558813
0.559639 0.714782
0.563155 0.567159
0.567423 0.526436
0.572425 0.611676
0.578144 0.653619
0.584558 0.519564
0.591643 0.712216
0.599378 0.585785
0.607736 0.863256
0.616692 0.953613
0.626221 0.866252
0.636296 0.771186
0.646894 1.33274
0.657987 0.813403
0.669552 1.17595
0.681564 0.90856
0.694001 0.74506
0.706839 1.22212
0.720058 1.3816
0.733636 1.15526
0.747555 1.34804
0.761796 1.34727
0.77634 1.47015
0.791171 1.36166
0.806274 1.36232
0.821633 1.0654
0.571659 0.573195
0.572042 0.459821
0.573191 0.747658
0.575101 0.603704
0.577765 0.685601
0.581171 0.569875
0.585308 0.64782
0.590159 0.647458
0.595707 0.631243
0.601934 0.837874
0.608817 0.563423
0.616336 1.24703
0.624467 0.700182
0.633187 0.715717
0.642471 0.913219
0.652296 0.715193
0.662637 0.888369
0.673471 0.999579
0.684774 0.959248
0.696524 0.931779
0.708698 0.997925
0.721275 1.49725
0.734234 1.01821
0.747555 1.24335
0.76122 1.32261
0.775209 1.22133
0.789506 1.30711
0.804095 1.71992
0.818959 1.26003
0.834085 1.51183
0.590159 0.708844
0.59053 0.622044
0.591643 0.908047
0.593494 0.659329
0.596075 0.746298
0.599378 0.849035
0.603389 0.57156
0.608096 0.698016
0.613483 0.751358
0.61953 0.88473
0.626221 0.754596
0.633533 1.00967
0.641446 0.792377
0.649938 0.958447
0.658986 0.768726
0.668568 0.996848
0.678662 1.03259
0.689244 1.07968
0.700293 0.892519
0.711786 1.34674
0.723704 1.12853
0.736024 1.22143
0.748728 1.24769
0.761796 1.3615
0.775209 0.999872
0.788951 1.2476
0.803003 1.41164
0.817351 1.13612
0.831979 1.5398
0.846871 1.09854
0.608817 0.692069
0.609177 0.613936
0.610257 0.499308
0.612051 0.768314
0.614554 0.660256
0.617758 0.753049
0.621651 0.992072
0.626221 0.69622
0.631452 0.818371
0.63733 0.836685
0.643835 0.868228
0.650949 0.916775
0.658653 1.06722
0.666926 0.836233
0.675747 0.850749
0.685095 1.14052
0.694948 1.25516
0.705286 1.08926
0.716087 0.939872
0.727331 1.23119
0.738998 0.920639
0.751068 1.40165
0.763521 1.49699
0.77634 1.3884
0.789506 1.28557
0.803003 1.3813
0.816814 1.17267
0.830923 1.12911
0.845316 0.955517
0.859978 1.3977
0.62762 0.820795
0.627969 0.877578
0.629016 0.848038
0.630757 0.714567
0.633187 0.911598
0.636296 0.856382
0.640077 0.836478
0.644516 0.948903
0.6496 0.951943
0.655315 1.20556
0.661643 0.731441
0.668568 1.15343
0.676071 0.931805
0.684133 1.0844
0.692735 1.06231
0.701857 0.968417
0.711478 1.37588
0.721579 1.21172
0.73214 1.21957
0.743141 1.4048
0.754564 1.46312
0.766388 1.29105
0.778597 1.52422
0.791171 1.25052
0.804095 1.42851
0.817351 1.62564
0.830923 0.859354
0.844797 1.22948
0.858957 1.49076
0.87339 1.32442
0.646554 0.925325
0.646894 1.06704
0.64791 0.718841
0.6496 0.930165
0.651959 0.916415
0.65498 0.825077
0.658653 0.707605
0.662968 0.848541
0.667912 0.806096
0.673471 0.87535
0.67963 0.741639
0.686374 0.927121
0.693684 0.696224
0.701544 1.05599
0.709935 1.06728
0.718838 1.23438
0.728235 1.35729
0.738107 1.0347
0.748435 1.22335
0.7592 1.46081
0.770384 1.37077
0.78197 1.07598
0.793939 1.32953
0.806274 1.35348
0.818959 1.57899
0.831979 1.08381
0.845316 1.07385
0.858957 1.11557
0.872888 1.00702
0.887094 1.16879
0.665609 0.779619
0.665939 0.850019
0.666926 0.791119
0.668568 0.853235
0.670861 1.13916
0.673797 1.02428
0.677368 1.10178
0.681564 0.99292
0.686374 1.06998
0.691785 1.09359
0.697783 1.02141
0.704352 1.15578
0.711478 1.09673
0.719143 1.10265
0.727331 1.07221
0.736024 1.32587
0.745204 1.33745
0.754854 1.0616
0.764956 1.57276
0.775492 1.22865
0.786445 1.27342
0.797797 1.62438
0.809532 1.69141
0.821633 1.14578
0.834085 1.14613
0.846871 1.09098
0.859978 1.56533
0.87339 1.29596
0.887094 1.30885
0.901077 0.873155
0.293215 0.290693
0.293962 0.529543
0.296192 0.411878
0.299872 0.257622
0.304949 0.435559
0.311354 0.283724
0.319009 0.260905
0.327825 0.303864
0.337711 0.561726
0.348577 0.313186
0.360333 0.349061
0.372896 0.323498
0.386187 0.36154
0.400134 0.246329
0.414669 0.323364
0.429734 0.289618
0.445275 0.329535
0.461243 0.459104
0.477596 0.412208
0.494295 0.51919
0.511307 0.552293
0.528601 0.590592
0.546151 0.622803
0.563933 0.722877
0.581925 0.598399
0.600109 0.624278
0.618467 0.681213
0.636985 0.590935
0.655649 0.863293
0.674447 0.698497
0.293962 0.265179
0.294708 0.422486
0.296932 0.276473
0.300602 0.282286
0.305667 0.379938
0.312058 0.430455
0.319696 0.689697
0.328493 0.365708
0.33836 0.315228
0.349205 0.366081
0.360942 0.437709
0.373484 0.427953
0.386755 0.387155
0.400681 0.386263
0.415198 0.329676
0.430244 0.366256
0.445767 0.536219
0.461718 0.511028
0.478055 0.487134
0.494739 0.519967
0.511736 0.429263
0.529016 0.84145
0.546553 0.772539
0.564322 0.711461
0.582302 0.515707
0.600474 0.81779
0.618822 0.439769
0.63733 0.812302
0.655984 0.727108
0.674772 0.9013
0.296192 0.372774
0.296932 0.224694
0.299139 0.417766
0.302783 0.287473
0.307812 0.710555
0.314159 0.498007
0.321747 0.257141
0.33049 0.38036
0.340299 0.213368
0.351085 0.226459
0.36276 0.331407
0.375242 0.317571
0.388452 0.457921
0.40232 0.337899
0.416779 0.379907
0.431771 0.353505
0.44724 0.440969
0.463141 0.475883
0.479429 0.401184
0.496067 0.449499
0.51302 0.375729
0.530258 0.553785
0.547755 0.376874
0.565487 0.66329
0.583431 0.588927
0.601569 0.604982
0.619884 0.818959
0.638361 1.09955
0.656986 0.890329
0.675747 0.961229
0.299872 0.572482
0.300602 0.254458
0.302783 0.41513
0.306384 0.394994
0.311354 0.302417
0.317631 0.419043
0.325138 0.258666
0.333792 0.261545
0.343506 0.354201
0.354194 0.227693
0.36577 0.303083
0.378153 0.572746
0.391265 0.365419
0.405037 0.350903
0.419402 0.453711
0.434303 0.324645
0.449686 0.335106
0.465503 0.40698
0.481711 0.368241
0.498272 0.482887
0.515153 0.670932
0.532323 0.740057
0.549754 0.674291
0.567423 0.548279
0.585308 0.821581
0.603389 0.802955
0.621651 0.945247
0.640077 0.716705
0.658653 0.856035
0.677368 1.20944
0.304949 0.681304
0.305667 0.426969
0.307812 0.297883
0.311354 0.435177
0.316247 0.228505
0.322428 0.276876
0.329826 0.358293
0.33836 0.285192
0.347947 0.527705
0.358503 0.223708
0.369944 0.301055
0.382191 0.409713
0.39517 0.324961
0.40881 0.261662
0.423047 0.376135
0.437824 0.383088
0.453087 0.478811
0.468789 0.451298
0.484888 0.51204
0.501344 0.578993
0.518125 0.739678
0.535199 0.681754
0.552539 0.702117
0.570122 0.751811
0.587925 0.708185
0.605928 0.663067
0.624116 0.921464
0.642471 0.827362
0.66098 0.688103
0.67963 0.969608
0.311354 0.416467
0.312058 0.273559
0.314159 0.355627
0.317631 0.425512
0.322428 0.353033
0.328493 0.402469
0.335757 0.312986
0.344144 0.382337
0.353575 0.42966
0.363967 0.52964
0.375242 0.379769
0.387322 0.368071
0.400134 0.436991
0.41361 0.389445
0.427688 0.379949
0.442309 0.364952
0.457423 0.438099
0.472981 0.363213
0.488941 0.528293
0.505266 0.465194
0.521921 0.402773
0.538874 0.479539
0.5561 0.539671
0.573574 0.667603
0.591273 0.73212
0.609177 0.625559
0.62727 0.693513
0.645536 1.02004
0.66396 1.12753
0.682529 0.986264
0.319009 0.3769
0.319696 0.236608
0.321747 0.360153
0.325138 0.335236
0.329826 0.28267
0.335757 0.298286
0.342867 0.573226
0.351085 0.352582
0.360333 0.339388
0.370536 0.319002
0.381617 0.372582
0.393501 0.371119
0.406118 0.290726
0.419402 0.493593
0.433292 0.396814
0.447731 0.372098
0.462667 0.336174
0.478055 0.545199
0.493851 0.433958
0.510019 0.454343
0.526523 0.620917
0.543333 0.499537
0.560422 0.699446
0.577765 0.783113
0.595339 0.618489
0.613125 0.791527
0.631105 0.768016
0.649262 0.853118
0.667583 0.989124
0.686054 0.907608
0.327825 0.245227
0.328493 0.313164
0.33049 0.282285
0.333792 0.289138
0.33836 0.382275
0.344144 0.528663
0.351085 0.297056
0.359114 0.296698
0.368161 0.318057
0.378153 0.37267
0.389017 0.296284
0.400681 0.237419
0.413079 0.362807
0.426146 0.440982
0.439823 0.351433
0.454054 0.365609
0.468789 0.368336
0.483982 0.431354
0.499591 0.388808
0.515579 0.583502
0.53191 0.658473
0.548556 0.577165
0.565487 0.75322
0.582679 0.75239
0.600109 0.617733
0.617758 0.826686
0.635607 1.01741
0.653639 0.717732
0.671841 0.818389
0.690198 0.780781
0.337711 0.268776
0.33836 0.31289
0.340299 0.435307
0.343506 0.341071
0.347947 0.306171
0.353575 0.312726
0.360333 0.281547
0.368161 0.270293
0.376991 0.413948
0.386755 0.393037
0.397384 0.506009
0.40881 0.32664
0.420968 0.337983
0.433798 0.486889
0.44724 0.428864
0.461243 0.513583
0.475755 0.478879
0.490732 0.456769
0.506133 0.465725
0.521921 0.462139
0.53806 0.600912
0.554521 0.451039
0.571275 0.605737
0.588298 0.719162
0.605566 0.624138
0.623061 0.758694
0.640762 0.744017
0.658653 0.984397
0.67672 1.18131
0.694948 1.0558
0.348577 0.216753
0.349205 0.598157
0.351085 0.377757
0.354194 0.251604
0.358503 0.324929
0.363967 0.510222
0.370536 0.346369
0.378153 0.358923
0.386755 0.278197
0.396278 0.356428
0.406658 0.250036
0.417831 0.470938
0.429734 0.524273
0.442309 0.406656
0.455501 0.439443
0.469257 0.356464
0.483529 0.456018
0.498272 0.684561
0.513447 0.463425
0.529016 0.466716
0.544945 0.54259
0.561204 0.733726
0.577765 0.564355
0.594602 0.748385
0.611692 0.839402
0.629016 0.712963
0.646554 0.81131
0.66429 1.01636
0.682207 0.954586
0.700293 0.914853
0.360333 0.465744
0.360942 0.335853
0.36276 0.274438
0.36577 0.234168
0.369944 0.350426
0.375242 0.438666
0.381617 0.40899
0.389017 0.338919
0.397384 0.379887
0.406658 0.306011
0.416779 0.389855
0.427688 0.487174
0.439324 0.477522
0.451632 0.457309
0.464559 0.499251
0.478055 0.529271
0.492071 0.65286
0.506567 0.606403
0.5215 0.566627
0.536836 0.434842
0.552539 0.324097
0.568581 0.709579
0.584933 0.741118
0.601569 0.824726
0.618467 0.807408
0.635607 0.839296
0.652968 0.771671
0.670534 1.04188
0.688288 1.10093
0.706218 0.966787
0.372896 0.41145
0.373484 0.34516
0.375242 0.260482
0.378153 0.385219
0.382191 0.313338
0.387322 0.289681
0.393501 0.449017
0.400681 0.37952
0.40881 0.435237
0.417831 0.38082
0.427688 0.369603
0.438324 0.339432
0.449686 0.557801
0.461718 0.420048
0.47437 0.418545
0.487594 0.556547
0.501344 0.544623
0.515579 0.644829
0.530258 0.483772
0.545348 0.521049
0.560813 0.642705
0.576625 0.754366
0.592755 0.747615
0.609177 0.727015
0.62587 1.07362
0.642812 0.680824
0.659984 0.758834
0.677368 0.874755
0.694948 1.14254
0.71271 1.22296
0.386187 0.258989
0.386755 0.453952
0.388452 0.289917
0.391265 0.321241
0.39517 0.303087
0.400134 0.332346
0.406118 0.398766
0.413079 0.401155
0.420968 0.695829
0.429734 0.446998
0.439324 0.457322
0.449686 0.428419
0.460767 0.448207
0.472517 0.486996
0.484888 0.330315
0.497832 0.472076
0.511307 0.463443
0.525272 0.552038
0.539688 0.618273
0.554521 0.547093
0.569737 0.603803
0.585308 0.773368
0.601204 0.687321
0.617403 0.744951
0.633879 0.759827
0.650612 0.639472
0.667583 0.989179
0.684774 0.767987
0.702169 1.0171
0.719753 1.34523
0.400134 0.312229
0.400681 0.355449
0.40232 0.369753
0.405037 0.356128
0.40881 0.342953
0.41361 0.350534
0.419402 0.325855
0.426146 0.35028
0.433798 0.422266
0.442309 0.340632
0.451632 0.636486
0.461718 0.453412
0.472517 0.527486
0.483982 0.580699
0.496067 0.518247
0.508727 0.502947
0.521921 0.699087
0.535609 0.791259
0.549754 0.709547
0.564322 0.555469
0.579281 0.57975
0.594602 0.787172
0.610257 0.841521
0.626221 0.994321
0.642471 0.974116
0.658986 1.14674
0.675747 0.943067
0.692735 0.954013
0.709935 1.15548
0.727331 0.895017
0.414669 0.303979
0.415198 0.550536
0.416779 0.255162
0.419402 0.40983
0.423047 0.357429
0.427688 0.45439
0.433292 0.27012
0.439823 0.521398
0.44724 0.42813
0.455501 0.413559
0.464559 0.394445
0.47437 0.401629
0.484888 0.455526
0.496067 0.5132
0.507864 0.780927
0.520237 0.568361
0.533146 0.597102
0.546553 0.652041
0.560422 0.516374
0.57472 0.788703
0.589415 0.734797
0.604479 0.761455
0.619884 0.655015
0.635607 0.800119
0.651623 0.744511
0.667912 0.84163
0.684454 0.910682
0.701232 1.08838
0.718228 1.10803
0.735428 0.942495
0.429734 0.376213
0.430244 0.435922
0.431771 0.364332
0.434303 0.32892
0.437824 0.360317
0.442309 0.441402
0.447731 0.468697
0.454054 0.396521
0.461243 0.476702
0.469257 0.404471
0.478055 0.490885
0.487594 0.421009
0.497832 0.458941
0.508727 0.521548
0.520237 0.371014
0.532323 0.621973
0.544945 0.626139
0.558069 0.631229
0.571659 0.764771
0.585682 0.776934
0.600109 0.690546
0.614911 0.667846
0.630061 0.629284
0.645536 0.862053
0.661312 0.994859
0.677368 1.25043
0.693684 1.13863
0.710244 1.16644
0.72703 1.135
0.744026 1.33108
0.445275 0.403524
0.445767 0.528322
0.44724 0.443381
0.449686 0.54325
0.453087 0.468842
0.457423 0.480164
0.462667 0.435725
0.468789 0.355845
0.475755 0.382029
0.483529 0.448864
0.492071 0.482992
0.501344 0.486849
0.511307 0.580635
0.521921 0.499604
0.533146 0.566913
0.544945 0.636046
0.557282 0.637756
0.570122 0.521662
0.583431 0.479572
0.597178 0.720005
0.611334 0.645844
0.62587 0.940641
0.640762 0.905973
0.655984 1.24476
0.671514 1.30437
0.687332 1.04914
0.703417 1.17853
0.719753 1.23259
0.736322 1.14423
0.753109 1.21118
0.461243 0.351834
0.461718 0.422877
0.463141 0.498932
0.465503 0.444332
0.468789 0.442607
0.472981 0.384709
0.478055 0.520695
0.483982 0.520997
0.490732 0.537626
0.498272 0.597375
0.506567 0.612377
0.515579 0.650031
0.525272 0.620549
0.535609 0.604867
0.546553 0.451314
0.558069 0.520849
0.570122 0.620854
0.582679 0.691842
0.595707 0.693741
0.609177 0.795235
0.623061 0.602297
0.63733 0.751663
0.651959 1.1953
0.666926 0.805369
0.682207 0.777992
0.697783 1.12128
0.713633 0.903102
0.72974 1.33673
0.746087 1.44689
0.762659 1.20444
0.477596 0.376693
0.478055 0.562238
0.479429 0.387878
0.481711 0.530176
0.484888 0.425447
0.488941 0.376283
0.493851 0.459218
0.499591 0.450605
0.506133 0.486201
0.513447 0.506287
0.5215 0.485595
0.530258 0.502979
0.539688 0.560621
0.549754 0.647417
0.560422 0.721383
0.571659 0.58697
0.583431 0.800657
0.595707 0.580694
0.608457 0.982616
0.621651 0.767493
0.635261 0.906067
0.649262 0.927013
0.663629 0.793224
0.678338 0.798667
0.693368 0.820861
0.708698 1.03559
0.72431 0.960352
0.740184 1.19478
0.756306 1.54453
0.772659 1.2706
0.494295 0.548153
0.494739 0.471678
0.496067 0.368791
0.498272 0.41927
0.501344 0.484904
0.505266 0.542911
0.510019 0.682456
0.515579 0.678661
0.521921 0.742391
0.529016 0.591845
0.536836 0.615533
0.545348 0.726434
0.554521 0.718581
0.564322 0.533655
0.57472 0.395817
0.585682 0.845853
0.597178 0.810902
0.609177 0.951309
0.621651 0.849344
0.634571 0.943381
0.64791 0.899227
0.661643 1.11104
0.675747 1.15476
0.690198 0.984338
0.704975 1.14267
0.720058 1.48001
0.735428 0.929268
0.751068 1.36227
0.766961 1.28544
0.783091 1.03822
0.511307 0.584731
0.511736 0.589121
0.51302 0.466741
0.515153 0.539704
0.518125 0.602077
0.521921 0.516229
0.526523 0.395745
0.53191 0.507652
0.53806 0.471809
0.544945 0.656792
0.552539 0.679401
0.560813 0.800076
0.569737 0.671127
0.579281 0.657488
0.589415 0.77048
0.600109 0.785851
0.611334 0.614918
0.623061 0.97104
0.635261 0.842373
0.64791 0.693942
0.66098 0.94769
0.674447 1.0876
0.688288 0.787841
0.702481 0.892984
0.717005 1.11621
0.731841 1.40995
0.746968 1.14959
0.762371 1.1761
0.778033 1.55634
0.793939 1.35318
0.528601 0.54653
0.529016 0.496119
0.530258 0.519435
0.532323 0.439371
0.535199 0.547753
0.538874 0.58241
0.543333 0.699793
0.548556 0.536092
0.554521 0.593532
0.561204 0.693529
0.568581 0.688129
0.576625 0.519619
0.585308 0.764677
0.594602 0.795274
0.604479 0.817896
0.614911 0.65483
0.62587 0.632097
0.63733 1.19557
0.649262 0.63412
0.661643 0.691853
0.674447 1.03292
0.687651 1.15968
0.701232 0.941409
0.715168 1.30528
0.729439 1.14991
0.744026 1.04405
0.758911 1.76766
0.774077 1.06507
0.789506 1.62908
0.805185 1.4153
0.546151 0.612689
0.546553 0.591923
0.547755 0.564683
0.549754 0.709336
0.552539 0.680287
0.5561 0.533951
0.560422 0.503984
0.565487 0.554994
0.571275 0.75753
0.577765 0.668984
0.584933 0.813206
0.592755 0.776468
0.601204 0.579448
0.610257 0.607901
0.619884 0.746213
0.630061 0.729901
0.640762 0.785217
0.651959 1.0026
0.663629 0.871216
0.675747 0.967459
0.688288 0.932227
0.701232 1.07437
0.714554 0.900509
0.728235 1.12548
0.742256 1.08806
0.756596 1.25956
0.771238 1.28848
0.786166 1.12881
0.801363 1.3365
0.816814 1.23096
0.563933 0.544528
0.564322 0.625908
0.565487 0.533382
0.567423 0.518687
0.570122 0.714073
0.573574 0.695894
0.577765 0.603487
0.582679 0.604704
0.588298 0.697067
0.594602 0.69048
0.601569 0.760877
0.609177 0.644856
0.617403 0.811197
0.626221 1.05948
0.635607 0.610055
0.645536 0.708555
0.655984 0.882226
0.666926 0.762155
0.678338 0.871893
0.690198 1.30716
0.702481 1.28619
0.715168 1.05553
0.728235 1.27388
0.741664 1.6183
0.755435 1.4366
0.76953 1.28171
0.783931 1.18438
0.798621 1.53618
0.813586 1.50848
0.828809 1.52148
0.581925 0.797387
0.582302 0.557975
0.583431 0.631821
0.585308 0.588112
0.587925 0.693516
0.591273 0.735056
0.595339 0.817248
0.600109 0.850912
0.605566 0.620232
0.611692 0.656295
0.618467 0.756102
0.62587 0.788067
0.633879 0.787777
0.642471 0.870692
0.651623 0.96023
0.661312 0.759362
0.671514 0.975686
0.682207 0.725857
0.693368 1.08841
0.704975 1.13397
0.717005 1.30052
0.729439 1.11032
0.742256 1.21806
0.755435 1.20043
0.76896 1.21013
0.782811 1.37282
0.796972 1.67566
0.811426 1.61316
0.826159 1.13731
0.841155 1.33732
0.600109 0.630205
0.600474 0.677229
0.601569 0.500296
0.603389 0.700401
0.605928 0.774686
0.609177 0.674735
0.613125 0.761925
0.617758 0.802892
0.623061 0.6683
0.629016 0.654064
0.635607 0.87071
0.642812 0.971233
0.650612 0.841508
0.658986 0.905287
0.667912 0.697218
0.677368 1.02453
0.687332 1.13288
0.697783 0.93554
0.708698 1.04903
0.720058 1.11084
0.731841 1.20025
0.744026 1.05963
0.756596 1.24
0.76953 1.2893
0.782811 1.34333
0.796421 1.2241
0.810344 1.12153
0.824564 1.4171
0.839066 1.18751
0.853835 1.29737
0.618467 0.813443
0.618822 0.721824
0.619884 0.749395
0.621651 0.73283
0.624116 0.814745
0.62727 0.786468
0.631105 0.681581
0.635607 0.861685
0.640762 0.832262
0.646554 0.913772
0.652968 0.954089
0.659984 0.818231
0.667583 1.08479
0.675747 0.831768
0.684454 1.11132
0.693684 1.0442
0.703417 1.20664
0.713633 1.06215
0.72431 1.10065
0.735428 1.25419
0.746968 1.1053
0.758911 1.1849
0.771238 1.35672
0.783931 1.09947
0.796972 1.33541
0.810344 1.50864
0.824032 1.16299
0.83802 1.51199
0.852293 1.67766
0.866837 1.18766
0.636985 0.816414
0.63733 0.796548
0.638361 0.914794
0.640077 1.00136
0.642471 0.624727
0.645536 0.767778
0.649262 1.18052
0.653639 0.872189
0.658653 1.08953
0.66429 1.11776
0.670534 0.847919
0.677368 0.97185
0.684774 1.00693
0.692735 1.16127
0.701232 1.00603
0.710244 1.15829
0.719753 0.988907
0.72974 1.21258
0.740184 1.11789
0.751068 1.17823
0.762371 1.24238
0.774077 1.2083
0.786166 1.17217
0.798621 1.47331
0.811426 0.953209
0.824564 1.09584
0.83802 1.09289
0.851778 1.31939
0.865824 1.1663
0.880144 1.07333
0.655649 0.781059
0.655984 0.923388
0.656986 1.06918
0.658653 1.02535
0.66098 0.697225
0.66396 0.644197
0.667583 0.925944
0.671841 0.819952
0.67672 0.82355
0.682207 1.09826
0.688288 1.01601
0.694948 1.2023
0.702169 0.93762
0.709935 1.06322
0.718228 1.12539
0.72703 1.30175
0.736322 1.21695
0.746087 1.5976
0.756306 1.22675
0.766961 1.12793
0.778033 1.06353
0.789506 1.34242
0.801363 1.24551
0.813586 1.89865
0.826159 1.16339
0.839066 1.29313
0.852293 1.268
0.865824 1.24367
0.879646 1.04628
0.893745 1.09632
0.674447 0.879783
0.674772 0.814139
0.675747 0.817762
0.677368 0.829301
0.67963 1.11673
0.682529 1.12696
0.686054 1.02503
0.690198 1.08082
0.694948 0.96519
0.700293 1.38151
0.706218 1.05389
0.71271 1.31244
0.719753 1.15883
0.727331 1.2087
0.735428 1.02928
0.744026 1.37695
0.753109 1.28036
0.762659 1.35309
0.772659 1.40431
0.783091 1.42976
0.793939 1.51971
0.805185 1.47618
0.816814 1.51264
0.828809 1.50837
0.841155 1.12597
0.853835 1.12931
0.866837 1.07787
0.880144 1.25986
0.893745 1.05713
0.907625 1.15969
0.314159 0.217665
0.314857 0.48797
0.316939 0.26442
0.320381 0.287667
0.325138 0.438896
0.331153 0.341545
0.33836 0.237813
0.346684 0.280903
0.356047 0.312927
0.36637 0.294928
0.377572 0.335916
0.38958 0.302379
0.40232 0.352863
0.415726 0.457341
0.429734 0.438667
0.444288 0.32511
0.459337 0.486198
0.474832 0.533322
0.490732 0.454687
0.506999 0.4563
0.523599 0.520637
0.5405 0.55582
0.557676 0.616928
0.575101 0.636774
0.592755 0.751349
0.610616 0.699111
0.628667 0.901028
0.646894 0.939121
0.66528 1.07107
0.683813 0.901662
0.314857 0.52155
0.315552 0.416239
0.317631 0.259038
0.321065 0.302104
0.325811 0.386538
0.331815 0.308379
0.339007 0.34236
0.347316 0.229757
0.356663 0.4083
0.366968 0.402218
0.378153 0.309268
0.390143 0.298566
0.402865 0.287762
0.416253 0.439874
0.430244 0.299974
0.444782 0.415496
0.459814 0.387131
0.475294 0.394815
0.491179 0.444915
0.507432 0.475912
0.524017 0.55835
0.540906 0.607255
0.558069 0.489209
0.575482 0.723652
0.593124 0.701365
0.610975 0.65146
0.629016 0.877588
0.647232 0.843372
0.665609 0.906421
0.684133 1.23709
0.316939 0.333291
0.317631 0.348965
0.319696 0.285924
0.323108 0.400683
0.327825 0.44108
0.333792 0.374418
0.340943 0.271436
0.349205 0.397745
0.358503 0.237277
0.368756 0.253642
0.379889 0.374965
0.391825 0.240929
0.404495 0.420729
0.417831 0.387217
0.431771 0.501431
0.446259 0.363029
0.461243 0.427646
0.476676 0.510849
0.492517 0.370138
0.508727 0.36635
0.525272 0.527877
0.542121 0.403283
0.559247 0.670679
0.576625 0.486326
0.594233 0.834257
0.612051 0.881145
0.630061 0.827771
0.648248 1.12161
0.666597 0.940228
0.685095 1.01954
0.320381 0.338262
0.321065 0.258095
0.323108 0.328512
0.326484 0.288964
0.331153 0.310487
0.337061 0.283067
0.344144 0.273958
0.352332 0.425134
0.361549 0.363731
0.371718 0.51927
0.382765 0.342913
0.394614 0.512098
0.407197 0.302698
0.420447 0.331715
0.434303 0.408195
0.448709 0.446357
0.463614 0.359469
0.478971 0.405249
0.494739 0.546054
0.510878 0.467353
0.527355 0.67818
0.54414 0.684338
0.561204 0.593125
0.578523 0.730234
0.596075 0.777694
0.61384 0.807812
0.6318 0.876888
0.649938 0.813935
0.66824 0.774649
0.686693 1.24712
0.325138 0.276823
0.325811 0.32708
0.327825 0.379916
0.331153 0.40927
0.335757 0.285128
0.341586 0.350343
0.348577 0.375174
0.356663 0.510692
0.36577 0.395391
0.375826 0.508646
0.386755 0.349497
0.398486 0.349081
0.41095 0.493757
0.424083 0.301066
0.437824 0.408324
0.452118 0.548462
0.466914 0.405412
0.482166 0.49303
0.497832 0.515969
0.513874 0.635854
0.530258 0.844086
0.546954 0.660944
0.563933 0.603537
0.581171 0.816132
0.598645 0.782122
0.616336 0.753441
0.634225 0.623077
0.652296 0.755927
0.670534 1.00137
0.688925 0.963988
0.331153 0.42245
0.331815 0.277757
0.333792 0.333746
0.337061 0.342191
0.341586 0.351993
0.347316 0.304845
0.354194 0.327079
0.362155 0.359088
0.371128 0.362697
0.381042 0.35427
0.391825 0.387211
0.403409 0.318886
0.415726 0.261018
0.428712 0.413334
0.442309 0.322933
0.456463 0.394333
0.471123 0.421676
0.486243 0.542374
0.501781 0.677983
0.517701 0.573806
0.533968 0.68023
0.550551 0.672831
0.567423 0.535185
0.584558 0.6397
0.601934 0.554136
0.61953 0.952664
0.63733 0.919488
0.655315 1.00919
0.673471 0.897012
0.691785 1.04251
0.33836 0.282963
0.339007 0.226497
0.340943 0.494263
0.344144 0.327561
0.348577 0.445508
0.354194 0.466062
0.360942 0.421672
0.368756 0.187491
0.377572 0.386513
0.387322 0.449181
0.397935 0.337446
0.409346 0.313872
0.421489 0.4583
0.434303 0.417046
0.447731 0.495741
0.461718 0.466188
0.476216 0.527252
0.491179 0.648408
0.506567 0.639603
0.522341 0.533128
0.538467 0.859635
0.554916 0.536893
0.571659 0.617537
0.58867 0.53842
0.605928 0.783434
0.623412 0.769662
0.641104 1.09448
0.658986 0.763344
0.677044 0.779102
0.695263 1.02465
0.346684 0.415236
0.347316 0.327102
0.349205 0.25463
0.352332 0.438281
0.356663 0.33209
0.362155 0.474629
0.368756 0.341989
0.376409 0.33823
0.38505 0.372036
0.394614 0.503382
0.405037 0.258696
0.416253 0.29934
0.4282 0.439345
0.440819 0.31017
0.454054 0.410749
0.467852 0.547972
0.482166 0.527385
0.49695 0.372401
0.512164 0.525064
0.527771 0.509476
0.543737 0.617391
0.56003 0.543351
0.576625 0.722041
0.593494 0.622712
0.610616 0.811254
0.627969 0.662367
0.645536 0.819502
0.663299 0.927784
0.681242 0.818097
0.699352 1.27934
0.356047 0.312186
0.356663 0.292219
0.358503 0.575336
0.361549 0.315207
0.36577 0.235597
0.371128 0.301054
0.377572 0.329214
0.38505 0.36588
0.393501 0.334647
0.402865 0.294158
0.413079 0.333004
0.424083 0.552213
0.435815 0.50526
0.44822 0.659393
0.461243 0.420493
0.474832 0.34192
0.488941 0.571463
0.503527 0.409696
0.518548 0.630949
0.533968 0.465693
0.549754 0.670279
0.565874 0.621208
0.582302 0.60068
0.599012 0.782052
0.61598 0.739665
0.633187 0.660192
0.650612 0.759371
0.66824 0.966464
0.686054 0.835085
0.704041 1.05858
0.36637 0.352453
0.366968 0.298309
0.368756 0.307012
0.371718 0.360373
0.375826 0.33049
0.381042 0.359348
0.387322 0.305582
0.394614 0.42523
0.402865 0.315793
0.412016 0.339909
0.422009 0.378944
0.432785 0.471024
0.444288 0.52806
0.456463 0.331451
0.469257 0.431102
0.482621 0.455807
0.496509 0.513606
0.510878 0.557802
0.525689 0.538514
0.540906 0.488017
0.556495 0.531858
0.572425 0.632972
0.58867 0.742012
0.605204 0.671329
0.622004 0.66736
0.639048 0.691762
0.656318 1.07512
0.673797 1.04735
0.691468 0.618484
0.709317 1.27904
0.377572 0.398735
0.378153 0.32018
0.379889 0.322883
0.382765 0.406973
0.386755 0.287339
0.391825 0.305414
0.397935 0.274172
0.405037 0.28777
0.413079 0.382112
0.422009 0.661368
0.431771 0.369463
0.442309 0.341456
0.453571 0.369123
0.465503 0.322061
0.478055 0.535683
0.491179 0.506236
0.504832 0.535277
0.518971 0.614346
0.533557 0.779859
0.548556 0.788951
0.563933 0.669491
0.57966 0.644893
0.595707 0.823567
0.612051 0.708414
0.628667 0.703878
0.645536 0.900174
0.662637 0.75441
0.679953 0.88802
0.697468 1.13855
0.715168 1.14694
0.38958 0.343658
0.390143 0.258649
0.391825 0.367396
0.394614 0.254536
0.398486 0.413668
0.403409 0.273705
0.409346 0.331054
0.416253 0.431194
0.424083 0.363492
0.432785 0.42027
0.442309 0.312923
0.452603 0.335839
0.463614 0.56336
0.475294 0.527501
0.487594 0.534746
0.500468 0.374261
0.513874 0.490295
0.527771 0.6965
0.542121 0.60747
0.556889 0.635562
0.572042 0.593528
0.587552 0.72346
0.603389 0.564614
0.61953 0.586659
0.635952 0.723445
0.652632 0.911129
0.669552 0.904286
0.686693 0.802266
0.704041 0.926948
0.721579 1.06041
0.40232 0.539245
0.402865 0.278173
0.404495 0.484281
0.407197 0.466545
0.41095 0.392757
0.415726 0.353058
0.421489 0.417061
0.4282 0.436865
0.435815 0.368562
0.444288 0.412118
0.453571 0.437484
0.463614 0.589591
0.47437 0.413518
0.485791 0.46607
0.497832 0.397793
0.510448 0.49445
0.523599 0.702031
0.537244 0.619003
0.551347 0.671266
0.565874 0.492468
0.580794 0.600303
0.596075 0.814518
0.611692 0.977004
0.62762 0.852551
0.643835 0.72399
0.660316 0.676169
0.677044 0.74647
0.694001 1.07419
0.71117 1.18138
0.728536 0.996785
0.415726 0.379499
0.416253 0.360342
0.417831 0.282631
0.420447 0.282968
0.424083 0.420735
0.428712 0.383419
0.434303 0.390462
0.440819 0.458533
0.44822 0.358023
0.456463 0.482307
0.465503 0.411026
0.475294 0.367583
0.485791 0.414185
0.49695 0.411803
0.508727 0.51893
0.521079 0.489736
0.533968 0.509617
0.547355 0.516787
0.561204 0.696053
0.575482 0.665764
0.590159 0.67894
0.605204 0.761298
0.620592 0.9855
0.636296 0.780704
0.652296 0.737831
0.668568 0.753962
0.685095 0.904771
0.701857 1.1457
0.718838 1.20378
0.736024 0.822738
0.429734 0.366545
0.430244 0.347446
0.431771 0.288645
0.434303 0.455419
0.437824 0.444254
0.442309 0.357241
0.447731 0.426525
0.454054 0.422338
0.461243 0.422129
0.469257 0.47953
0.478055 0.577885
0.487594 0.568588
0.497832 0.520175
0.508727 0.643601
0.520237 0.560817
0.532323 0.762871
0.544945 0.66845
0.558069 0.595059
0.571659 0.718196
0.585682 0.635656
0.600109 0.650917
0.614911 0.745371
0.630061 0.834504
0.645536 0.758754
0.661312 0.878444
0.677368 0.87008
0.693684 1.21809
0.710244 0.895513
0.72703 1.08854
0.744026 1.07358
0.444288 0.32253
0.444782 0.427273
0.446259 0.398682
0.448709 0.337317
0.452118 0.464375
0.456463 0.533818
0.461718 0.384169
0.467852 0.450208
0.474832 0.408984
0.482621 0.41194
0.491179 0.498185
0.500468 0.395102
0.510448 0.484032
0.521079 0.536688
0.532323 0.568604
0.54414 0.563385
0.556495 0.609543
0.569352 0.757322
0.582679 0.627299
0.596443 0.625851
0.610616 0.643023
0.625169 0.617299
0.640077 0.615048
0.655315 0.894328
0.670861 0.840628
0.686693 0.882185
0.702794 0.968806
0.719143 1.43471
0.735726 1.15659
0.752526 1.37629
0.459337 0.459741
0.459814 0.415822
0.461243 0.440952
0.463614 0.489784
0.466914 0.442297
0.471123 0.508654
0.476216 0.494706
0.482166 0.37537
0.488941 0.495966
0.496509 0.376696
0.504832 0.558123
0.513874 0.398085
0.523599 0.542389
0.533968 0.400554
0.544945 0.518462
0.556495 0.73623
0.568581 0.511335
0.581171 0.808492
0.594233 0.725961
0.607736 0.688617
0.621651 0.492402
0.635952 0.666649
0.650612 0.837305
0.665609 0.735009
0.68092 1.0497
0.696524 1.08566
0.712402 0.950733
0.728536 1.10915
0.74491 1.18631
0.761508 1.29255
0.474832 0.431686
0.475294 0.488912
0.476676 0.423053
0.478971 0.412733
0.482166 0.360301
0.486243 0.344317
0.491179 0.433594
0.49695 0.545699
0.503527 0.523522
0.510878 0.514745
0.518971 0.551764
0.527771 0.548709
0.537244 0.602496
0.547355 0.622075
0.558069 0.598468
0.569352 0.642688
0.581171 0.686299
0.593494 0.507991
0.60629 0.733826
0.61953 0.604755
0.633187 0.941315
0.647232 0.740197
0.661643 0.742251
0.676396 0.808386
0.691468 1.12868
0.706839 1.19736
0.72249 1.29167
0.738404 1.58527
0.754564 1.3957
0.770954 1.63246
0.490732 0.364498
0.491179 0.377379
0.492517 0.407575
0.494739 0.501857
0.497832 0.436036
0.501781 0.526333
0.506567 0.5324
0.512164 0.384722
0.518548 0.486108
0.525689 0.563641
0.533557 0.557164
0.542121 0.338863
0.551347 0.645871
0.561204 0.508077
0.571659 0.659487
0.582679 1.00808
0.594233 0.489665
0.60629 0.675923
0.618822 0.654755
0.6318 0.852577
0.645196 0.717344
0.658986 1.0251
0.673145 1.117
0.687651 1.12519
0.702481 1.04135
0.717617 1.1743
0.733038 1.25656
0.748728 1.14108
0.764669 1.50959
0.780847 1.29547
0.506999 0.441389
0.507432 0.606187
0.508727 0.445304
0.510878 0.50178
0.513874 0.667067
0.517701 0.391027
0.522341 0.550782
0.527771 0.545677
0.533968 0.70263
0.540906 0.652003
0.548556 0.54615
0.556889 0.620098
0.565874 0.661996
0.575482 0.628408
0.585682 0.649193
0.596443 0.671635
0.607736 0.649064
0.61953 0.74663
0.6318 0.899273
0.644516 0.798293
0.657653 0.858369
0.671187 1.1759
0.685095 0.994447
0.699352 0.871382
0.71394 1.002
0.728837 0.958025
0.744026 1.25024
0.759489 1.56747
0.775209 1.23676
0.791171 1.41178
0.523599 0.47673
0.524017 0.545985
0.525272 0.684863
0.527355 0.573206
0.530258 0.608804
0.533968 0.64782
0.538467 0.652686
0.543737 0.589708
0.549754 0.715279
0.556495 0.489622
0.563933 0.52916
0.572042 0.673034
0.580794 0.72046
0.590159 0.714814
0.600109 0.682103
0.610616 0.768242
0.621651 0.696326
0.633187 0.774605
0.645196 0.731061
0.657653 0.881484
0.670534 0.812819
0.683813 1.00987
0.697468 0.998788
0.711478 1.10721
0.725822 1.20638
0.74048 1.05778
0.755435 0.915963
0.770669 1.17209
0.786166 1.17791
0.80191 1.33573
0.5405 0.624978
0.540906 0.609301
0.542121 0.448414
0.54414 0.566738
0.546954 0.493952
0.550551 0.637026
0.554916 0.436522
0.56003 0.587478
0.565874 0.553982
0.572425 0.59612
0.57966 0.814144
0.587552 0.764414
0.596075 0.911145
0.605204 0.600506
0.614911 0.652806
0.625169 0.846867
0.635952 0.935295
0.647232 0.85104
0.658986 1.11069
0.671187 0.745859
0.683813 0.803753
0.696839 1.18418
0.710244 1.03686
0.724007 1.29527
0.738107 1.57008
0.752526 1.52219
0.767246 1.19847
0.78225 1.50739
0.797522 1.2328
0.813046 1.31761
0.557676 0.721684
0.558069 0.586235
0.559247 0.726145
0.561204 0.427591
0.563933 0.650314
0.567423 0.876481
0.571659 0.490619
0.576625 0.667022
0.582302 0.623465
0.58867 0.783245
0.595707 0.69094
0.603389 0.606499
0.611692 0.846522
0.620592 0.880276
0.630061 0.910593
0.640077 0.754397
0.650612 0.812855
0.661643 0.798688
0.673145 0.759445
0.685095 0.958835
0.697468 1.09318
0.710244 1.2547
0.723401 1.11745
0.736918 1.06328
0.750776 1.36673
0.764956 1.39634
0.779441 1.32535
0.794215 1.36661
0.809261 1.52416
0.824564 1.28606
0.575101 0.721597
0.575482 0.819134
0.576625 0.623626
0.578523 0.470142
0.581171 0.591337
0.584558 0.560089
0.58867 0.665566
0.593494 0.79511
0.599012 0.628713
0.605204 0.511032
0.612051 0.875579
0.61953 0.734402
0.62762 1.08176
0.636296 0.788154
0.645536 0.820894
0.655315 0.825405
0.665609 0.888987
0.676396 1.05824
0.687651 0.953467
0.699352 1.36723
0.711478 1.1423
0.724007 1.27616
0.736918 1.14899
0.750191 1.38878
0.763808 1.41882
0.777751 1.32822
0.792003 1.19779
0.806546 1.4069
0.821366 1.16589
0.836448 1.4629
0.592755 0.675727
0.593124 0.650257
0.594233 0.64315
0.596075 0.70256
0.598645 0.707509
0.601934 0.7831
0.605928 0.768425
0.610616 0.656021
0.61598 0.957322
0.622004 0.873284
0.628667 0.857521
0.635952 0.830202
0.643835 1.0757
0.652296 0.722794
0.661312 0.785665
0.670861 0.71671
0.68092 0.967647
0.691468 1.02495
0.702481 0.886143
0.71394 0.959802
0.725822 1.19641
0.738107 1.14772
0.750776 1.17873
0.763808 1.40664
0.777187 1.3389
0.790894 1.19094
0.804913 1.01749
0.819227 1.30373
0.833822 1.43758
0.848682 1.12491
0.610616 0.668627
0.610975 0.599713
0.612051 0.865918
0.61384 0.575002
0.616336 0.913489
0.61953 0.725888
0.623412 0.866073
0.627969 0.859751
0.633187 0.855069
0.639048 0.918429
0.645536 0.779517
0.652632 0.821393
0.660316 0.913736
0.668568 0.6911
0.677368 0.76706
0.686693 1.01237
0.696524 1.05539
0.706839 1.12223
0.717617 1.0486
0.728837 1.50323
0.74048 1.36209
0.752526 1.21184
0.764956 1.20196
0.777751 1.09767
0.790894 1.62239
0.804368 1.7074
0.818156 1.26345
0.832242 1.03038
0.846612 1.28254
0.861252 1.43038
0.628667 0.772578
0.629016 0.659401
0.630061 0.727964
0.6318 0.856788
0.634225 0.982771
0.63733 0.841094
0.641104 0.732365
0.645536 0.84097
0.650612 0.674825
0.656318 0.81914
0.662637 0.957595
0.669552 0.884158
0.677044 1.14347
0.685095 1.25189
0.693684 1.18496
0.702794 0.907016
0.712402 1.0739
0.72249 1.07092
0.733038 1.2516
0.744026 1.21839
0.755435 1.20514
0.767246 1.47613
0.779441 1.15717
0.792003 0.996333
0.804913 1.42126
0.818156 1.26543
0.831715 1.24671
0.845576 1.34727
0.859723 1.07644
0.874143 1.33974
0.646894 0.630789
0.647232 0.877801
0.648248 0.908594
0.649938 0.8713
0.652296 0.981505
0.655315 0.882568
0.658986 0.866671
0.663299 0.871016
0.66824 0.961045
0.673797 0.918869
0.679953 0.895217
0.686693 0.944706
0.694001 1.01069
0.701857 0.805502
0.710244 1.05245
0.719143 1.18723
0.728536 0.819036
0.738404 1.22775
0.748728 1.25203
0.759489 1.2713
0.770669 1.39182
0.78225 1.40854
0.794215 1.1409
0.806546 0.980202
0.819227 1.15362
0.832242 1.39216
0.845576 0.95904
0.859213 1.04722
0.873139 1.10865
0.887342 1.2024
0.66528 0.930055
0.665609 0.983569
0.666597 0.808545
0.66824 0.861026
0.670534 0.816855
0.673471 0.859266
0.677044 0.861813
0.681242 0.932309
0.686054 0.810577
0.691468 1.14856
0.697468 1.15902
0.704041 1.1776
0.71117 1.30512
0.718838 1.39053
0.72703 1.2601
0.735726 0.906485
0.74491 1.43573
0.754564 1.27412
0.764669 1.18048
0.775209 1.45338
0.786166 1.24595
0.797522 1.24506
0.809261 0.979618
0.821366 1.16507
0.833822 1.27001
0.846612 1.22421
0.859723 1.61985
0.873139 1.03155
0.886847 1.33097
0.900833 1.20055
0.683813 0.879722
0.684133 1.14858
0.685095 1.00516
0.686693 1.15732
0.688925 1.08799
0.691785 0.841899
0.695263 0.872285
0.699352 1.14964
0.704041 1.11747
0.709317 1.09921
0.715168 0.868146
0.721579 1.02528
0.728536 1.07727
0.736024 1.40005
0.744026 1.16724
0.752526 1.31726
0.761508 1.10763
0.770954 1.26496
0.780847 0.944651
0.791171 1.53039
0.80191 1.23427
0.813046 1.39368
0.824564 1.7102
0.836448 1.29879
0.848682 1.20987
0.861252 1.17502
0.874143 1.16674
0.887342 1.3141
0.900833 1.06382
0.914606 1.15085
0.335103 0.439746
0.335757 0.283376
0.337711 0.235048
0.340943 0.292891
0.345416 0.36508
0.351085 0.341104
0.35789 0.43721
0.36577 0.374775
0.374657 0.344855
0.38448 0.292302
0.39517 0.297856
0.406658 0.493629
0.418879 0.438321
0.431771 0.381003
0.445275 0.370125
0.459337 0.52372
0.473908 0.546132
0.488941 0.418451
0.504397 0.43057
0.520237 0.588647
0.536427 0.49164
0.552936 0.619009
0.569737 0.70578
0.586805 0.778354
0.604116 0.797123
0.621651 0.689271
0.639391 0.732616
0.65732 0.829127
0.675422 1.11929
0.693684 0.914046
0.335757 0.347827
0.33641 0.289995
0.33836 0.300741
0.341586 0.402692
0.346051 0.219081
0.351709 0.233859
0.358503 0.283567
0.36637 0.408787
0.375242 0.354563
0.38505 0.389541
0.395724 0.32899
0.407197 0.36993
0.419402 0.3335
0.432278 0.460978
0.445767 0.397268
0.459814 0.388209
0.47437 0.413793
0.48939 0.583862
0.504832 0.498222
0.520658 0.567647
0.536836 0.585385
0.553333 0.588175
0.570122 0.666292
0.587178 0.719003
0.604479 0.751604
0.622004 0.661869
0.639734 0.987394
0.657653 0.739378
0.675747 0.695435
0.694001 0.991957
0.337711 0.31796
0.33836 0.355724
0.340299 0.332913
0.343506 0.265937
0.347947 0.330008
0.353575 0.303829
0.360333 0.346552
0.368161 0.467895
0.376991 0.355814
0.386755 0.318746
0.397384 0.305208
0.40881 0.219131
0.420968 0.47707
0.433798 0.378482
0.44724 0.477893
0.461243 0.482626
0.475755 0.351963
0.490732 0.424497
0.506133 0.520623
0.521921 0.572006
0.53806 0.647938
0.554521 0.562672
0.571275 0.752687
0.588298 0.640331
0.605566 0.711266
0.623061 0.882768
0.640762 0.769623
0.658653 0.896804
0.67672 1.30491
0.694948 1.1486
0.340943 0.255816
0.341586 0.334002
0.343506 0.312386
0.346684 0.34557
0.351085 0.310406
0.356663 0.327916
0.363364 0.290248
0.371128 0.384193
0.379889 0.327361
0.38958 0.351497
0.400134 0.278511
0.411483 0.310546
0.423565 0.2997
0.436318 0.398175
0.449686 0.561508
0.463614 0.383649
0.478055 0.381764
0.492962 0.476296
0.508295 0.538966
0.524017 0.504218
0.540094 0.56511
0.556495 0.328417
0.573191 0.62935
0.590159 0.728048
0.607375 0.78325
0.624818 0.747171
0.642471 0.694758
0.660316 0.898336
0.678338 0.919517
0.696524 0.822886
0.345416 0.32054
0.346051 0.359907
0.347947 0.405387
0.351085 0.38703
0.355431 0.330498
0.360942 0.308789
0.367565 0.364152
0.375242 0.45559
0.383909 0.28926
0.393501 0.39877
0.403952 0.357582
0.415198 0.326703
0.427174 0.346518
0.439823 0.438677
0.453087 0.482263
0.466914 0.430087
0.481255 0.323981
0.496067 0.501508
0.511307 0.410407
0.526939 0.705793
0.542929 0.52723
0.559247 0.535141
0.575863 0.750643
0.592755 0.714095
0.609897 0.734366
0.62727 0.634862
0.644856 0.706043
0.662637 0.917245
0.680598 0.946126
0.698725 0.761395
0.351085 0.369649
0.351709 0.454683
0.353575 0.446742
0.356663 0.366816
0.360942 0.247956
0.36637 0.239668
0.372896 0.349203
0.380466 0.295649
0.389017 0.561954
0.398486 0.456855
0.40881 0.406853
0.419925 0.362114
0.431771 0.32923
0.444288 0.33408
0.457423 0.511027
0.471123 0.519367
0.48534 0.51572
0.50003 0.444389
0.515153 0.529967
0.530672 0.46933
0.546553 0.864082
0.562765 0.530719
0.579281 0.679841
0.596075 0.668517
0.613125 0.735665
0.630409 0.973123
0.64791 0.971263
0.665609 0.636934
0.683492 0.891724
0.701544 0.987908
0.35789 0.352352
0.358503 0.295395
0.360333 0.268015
0.363364 0.463624
0.367565 0.516377
0.372896 0.276953
0.379311 0.329143
0.386755 0.49688
0.39517 0.308619
0.404495 0.475933
0.414669 0.430931
0.425631 0.425366
0.437323 0.38878
0.449686 0.515371
0.462667 0.430632
0.476216 0.479149
0.490285 0.499371
0.504832 0.550629
0.519815 0.411935
0.535199 0.551141
0.550949 0.487026
0.567036 0.655804
0.583431 0.653559
0.600109 0.857234
0.617047 0.710273
0.634225 0.971377
0.651623 0.615908
0.669224 0.833238
0.687013 0.93887
0.704975 0.97575
0.36577 0.287109
0.36637 0.378381
0.368161 0.330608
0.371128 0.282407
0.375242 0.267969
0.380466 0.366744
0.386755 0.333324
0.394058 0.266975
0.40232 0.369253
0.411483 0.323276
0.421489 0.449662
0.432278 0.406946
0.443794 0.652864
0.455982 0.507245
0.468789 0.478005
0.482166 0.576924
0.496067 0.479742
0.510448 0.463965
0.525272 0.55746
0.5405 0.492823
0.5561 0.489114
0.572042 0.773893
0.588298 0.645506
0.604842 0.762961
0.621651 0.874811
0.638705 0.880736
0.655984 0.72396
0.673471 1.10288
0.69115 1.18381
0.709008 0.918178
0.374657 0.266821
0.375242 0.377638
0.376991 0.2553
0.379889 0.35465
0.383909 0.324183
0.389017 0.268167
0.39517 0.362507
0.40232 0.514147
0.410416 0.391659
0.419402 0.547458
0.429223 0.396277
0.439823 0.394836
0.451147 0.520212
0.463141 0.490287
0.475755 0.564176
0.488941 0.477812
0.502655 0.557645
0.516853 0.495351
0.531498 0.798834
0.546553 0.733469
0.561985 0.561243
0.577765 0.604196
0.593864 0.83991
0.610257 0.633266
0.626921 0.827129
0.643835 0.904838
0.66098 0.919411
0.678338 0.980267
0.695894 1.07026
0.713633 1.09327
0.38448 0.306212
0.38505 0.30451
0.386755 0.323178
0.38958 0.42361
0.393501 0.308655
0.398486 0.397258
0.404495 0.409741
0.411483 0.275241
0.419402 0.362813
0.4282 0.412285
0.437824 0.472587
0.44822 0.383375
0.459337 0.579235
0.471123 0.439101
0.483529 0.540194
0.496509 0.533226
0.510019 0.376549
0.524017 0.514419
0.538467 0.605191
0.553333 0.602893
0.568581 0.443875
0.584182 0.61468
0.600109 0.623128
0.616336 0.852024
0.63284 0.889509
0.6496 1.00731
0.666597 0.587375
0.683813 1.08854
0.701232 1.17909
0.718838 1.07246
0.39517 0.418117
0.395724 0.381652
0.397384 0.354661
0.400134 0.346584
0.403952 0.482179
0.40881 0.345927
0.414669 0.409807
0.421489 0.444875
0.429223 0.27416
0.437824 0.381157
0.44724 0.449112
0.457423 0.36754
0.468321 0.39805
0.479886 0.349661
0.492071 0.485496
0.504832 0.476744
0.518125 0.494623
0.53191 0.56372
0.546151 0.546905
0.560813 0.571705
0.575863 0.606368
0.591273 0.751007
0.607013 0.769135
0.623061 0.668824
0.639391 0.631676
0.655984 0.742098
0.672819 1.00269
0.68988 0.887197
0.707149 1.24997
0.724612 1.00646
0.406658 0.306265
0.407197 0.342847
0.40881 0.456025
0.411483 0.405858
0.415198 0.359336
0.419925 0.401533
0.425631 0.415883
0.432278 0.354377
0.439823 0.458131
0.44822 0.45856
0.457423 0.441801
0.467383 0.39512
0.478055 0.42751
0.48939 0.508704
0.501344 0.495183
0.513874 0.464102
0.526939 0.436846
0.5405 0.575816
0.554521 0.597138
0.568967 0.615857
0.583807 0.691025
0.599012 0.708763
0.614554 0.764582
0.630409 0.834597
0.646554 0.943889
0.662968 0.99039
0.67963 1.28397
0.696524 1.18017
0.713633 1.18458
0.730941 1.56353
0.418879 0.351393
0.419402 0.370766
0.420968 0.328567
0.423565 0.404683
0.427174 0.330139
0.431771 0.423684
0.437323 0.330024
0.443794 0.523724
0.451147 0.323249
0.459337 0.509103
0.468321 0.570432
0.478055 0.53719
0.488493 0.474863
0.499591 0.487541
0.511307 0.634849
0.523599 0.598974
0.536427 0.786345
0.549754 0.786386
0.563544 0.656356
0.577765 0.780745
0.592384 0.771725
0.607375 0.679815
0.622708 0.701763
0.638361 0.582155
0.65431 0.901515
0.670534 0.781988
0.687013 1.09836
0.703729 1.07293
0.720667 1.1159
0.73781 1.22945
0.431771 0.402124
0.432278 0.357296
0.433798 0.36492
0.436318 0.483683
0.439823 0.33497
0.444288 0.435413
0.449686 0.435775
0.455982 0.517114
0.463141 0.499035
0.471123 0.450709
0.479886 0.5451
0.48939 0.393363
0.499591 0.577412
0.510448 0.434561
0.521921 0.460931
0.533968 0.645518
0.546553 0.76392
0.559639 0.563683
0.573191 0.594298
0.587178 0.511291
0.601569 0.899839
0.616336 0.736744
0.631452 0.657809
0.646894 0.843741
0.662637 0.78473
0.678662 0.972753
0.694948 1.13888
0.711478 1.19283
0.728235 1.1748
0.745204 1.37995
0.445275 0.52417
0.445767 0.485917
0.44724 0.420937
0.449686 0.311899
0.453087 0.427214
0.457423 0.595451
0.462667 0.556252
0.468789 0.495
0.475755 0.426412
0.483529 0.545833
0.492071 0.392271
0.501344 0.586075
0.511307 0.481477
0.521921 0.542629
0.533146 0.542904
0.544945 0.425731
0.557282 0.478689
0.570122 0.591544
0.583431 0.679088
0.597178 0.668558
0.611334 0.792172
0.62587 0.68466
0.640762 1.02512
0.655984 0.772672
0.671514 0.890623
0.687332 1.22152
0.703417 1.14852
0.719753 1.08457
0.736322 1.0556
0.753109 1.33573
0.459337 0.413193
0.459814 0.528627
0.461243 0.4088
0.463614 0.460914
0.466914 0.430814
0.471123 0.447057
0.476216 0.497711
0.482166 0.520269
0.488941 0.71693
0.496509 0.549585
0.504832 0.550258
0.513874 0.448262
0.523599 0.49946
0.533968 0.598955
0.544945 0.774694
0.556495 0.641137
0.568581 0.510445
0.581171 0.678524
0.594233 0.675341
0.607736 0.871071
0.621651 1.10814
0.635952 0.822249
0.650612 0.911531
0.665609 0.959436
0.68092 0.783028
0.696524 1.14249
0.712402 0.984163
0.728536 1.11752
0.74491 1.06319
0.761508 0.980896
0.473908 0.514971
0.47437 0.517501
0.475755 0.499049
0.478055 0.484132
0.481255 0.534071
0.48534 0.425961
0.490285 0.567431
0.496067 0.352952
0.502655 0.628524
0.510019 0.412763
0.518125 0.448537
0.526939 0.492555
0.536427 0.431843
0.546553 0.484859
0.557282 0.622194
0.568581 0.596278
0.580416 0.646412
0.592755 0.66265
0.605566 0.70357
0.618822 0.716154
0.632493 0.724311
0.646554 0.800589
0.66098 0.72503
0.675747 1.04638
0.690833 0.774543
0.706218 1.04076
0.721883 1.16982
0.73781 0.971513
0.753982 1.09295
0.770384 1.35575
0.488941 0.449579
0.48939 0.508552
0.490732 0.503436
0.492962 0.533378
0.496067 0.464675
0.50003 0.444802
0.504832 0.459312
0.510448 0.487866
0.516853 0.427884
0.524017 0.566515
0.53191 0.584929
0.5405 0.591316
0.549754 0.499309
0.559639 0.81138
0.570122 0.536111
0.581171 0.984023
0.592755 0.649406
0.604842 0.783394
0.617403 0.977173
0.630409 0.960792
0.643835 0.694729
0.657653 0.842312
0.671841 1.01398
0.686374 1.04648
0.701232 1.10958
0.716393 1.09098
0.731841 1.54347
0.747555 1.02483
0.763521 1.60078
0.779723 1.45592
0.504397 0.448468
0.504832 0.565278
0.506133 0.685901
0.508295 0.644925
0.511307 0.624322
0.515153 0.551278
0.519815 0.631931
0.525272 0.484968
0.531498 0.555384
0.538467 0.538696
0.546151 0.647614
0.554521 0.496904
0.563544 0.49448
0.573191 0.732362
0.583431 0.661257
0.594233 0.702838
0.605566 0.784398
0.617403 0.710898
0.629713 0.753982
0.642471 0.914803
0.655649 0.736032
0.669224 0.819073
0.683171 0.814437
0.697468 1.06835
0.712094 0.782112
0.72703 1.36243
0.742256 1.21477
0.757754 1.49114
0.77351 1.2883
0.789506 1.37247
0.520237 0.556915
0.520658 0.596944
0.521921 0.585342
0.524017 0.574726
0.526939 0.470935
0.530672 0.809352
0.535199 0.548353
0.5405 0.601882
0.546553 0.600358
0.553333 0.519354
0.560813 0.51651
0.568967 0.659357
0.577765 0.770486
0.587178 0.785353
0.597178 0.731889
0.607736 0.660443
0.618822 0.884342
0.630409 1.00002
0.642471 0.830084
0.65498 1.01542
0.667912 0.761688
0.681242 1.05133
0.694948 1.01318
0.709008 0.888153
0.723401 1.2113
0.738107 1.16952
0.753109 1.27597
0.768389 1.18939
0.783931 1.3433
0.799719 1.46227
0.536427 0.485355
0.536836 0.678749
0.53806 0.528261
0.540094 0.705308
0.542929 0.580398
0.546553 0.638808
0.550949 0.598205
0.5561 0.687412
0.561985 0.610657
0.568581 0.59028
0.575863 0.518178
0.583807 0.655916
0.592384 0.582129
0.601569 0.927367
0.611334 0.591065
0.621651 0.962154
0.632493 0.754155
0.643835 1.00132
0.655649 0.76894
0.667912 1.07167
0.680598 0.875024
0.693684 0.879341
0.707149 1.20792
0.720971 1.03921
0.73513 1.37046
0.749606 1.30279
0.764382 1.31833
0.779441 1.1686
0.794767 1.24182
0.810344 1.46224
0.552936 0.624418
0.553333 0.891789
0.554521 0.611224
0.556495 0.538783
0.559247 0.605009
0.562765 0.550207
0.567036 0.610985
0.572042 0.615308
0.577765 0.643172
0.584182 0.650643
0.591273 0.712314
0.599012 0.54526
0.607375 0.752719
0.616336 0.910381
0.62587 0.745599
0.635952 1.06241
0.646554 0.977912
0.657653 0.852639
0.669224 0.678104
0.681242 0.784426
0.693684 0.890389
0.706529 1.16486
0.719753 1.17647
0.733337 1.57268
0.747262 0.996285
0.761508 1.30255
0.776057 1.3139
0.790894 1.44485
0.806002 1.2997
0.821366 1.46696
0.569737 0.498179
0.570122 0.773892
0.571275 0.686315
0.573191 0.637249
0.575863 0.619801
0.579281 0.719454
0.583431 0.632156
0.588298 0.61199
0.593864 0.745267
0.600109 0.791886
0.607013 0.812186
0.614554 0.534842
0.622708 1.02575
0.631452 0.777212
0.640762 0.811221
0.650612 1.03665
0.66098 0.939331
0.671841 1.18579
0.683171 1.19998
0.694948 0.990058
0.707149 1.02786
0.719753 1.37382
0.732739 1.03841
0.746087 1.52185
0.759778 1.03203
0.773793 1.307
0.788116 1.52369
0.80273 1.3666
0.817619 0.834244
0.832769 1.05706
0.586805 0.621294
0.587178 0.887351
0.588298 0.680181
0.590159 0.652438
0.592755 0.593598
0.596075 0.760575
0.600109 0.708676
0.604842 0.59528
0.610257 1.04785
0.616336 0.666435
0.623061 0.948574
0.630409 0.623496
0.638361 0.743258
0.646894 0.925368
0.655984 0.853613
0.665609 0.797934
0.675747 1.02767
0.686374 1.02974
0.697468 0.864026
0.709008 1.36048
0.720971 1.07039
0.733337 1.31745
0.746087 1.20843
0.7592 1.13739
0.772659 1.34569
0.786445 1.43482
0.800541 1.10456
0.814932 1.63922
0.829603 1.33804
0.844537 1.1354
0.604116 0.817762
0.604479 0.65415
0.605566 1.03586
0.607375 0.587964
0.609897 0.70224
0.613125 0.872538
0.617047 0.544638
0.621651 0.773817
0.626921 0.671224
0.63284 0.615115
0.639391 0.898691
0.646554 0.755505
0.65431 0.977071
0.662637 0.918914
0.671514 1.05534
0.68092 1.14097
0.690833 0.985665
0.701232 1.1397
0.712094 0.922315
0.723401 1.34766
0.73513 1.39913
0.747262 1.39636
0.759778 1.54327
0.772659 1.38634
0.785887 1.04987
0.799445 1.33636
0.813316 1.41941
0.827485 1.51688
0.841936 1.40519
0.856656 1.0125
0.621651 0.726735
0.622004 0.736447
0.623061 0.833157
0.624818 0.861351
0.62727 0.729099
0.630409 0.681603
0.634225 0.66197
0.638705 0.850388
0.643835 1.02102
0.6496 0.910126
0.655984 0.861364
0.662968 0.948575
0.670534 0.928939
0.678662 0.9394
0.687332 1.09431
0.696524 0.929745
0.706218 1.10177
0.716393 1.0356
0.72703 1.15982
0.738107 1.17187
0.749606 1.01265
0.761508 1.38174
0.773793 1.15041
0.786445 1.46496
0.799445 1.54027
0.812776 1.24162
0.826424 1.21256
0.840372 1.69216
0.854606 1.25809
0.869111 1.22545
0.639391 0.939756
0.639734 0.661677
0.640762 0.80171
0.642471 0.906803
0.644856 0.825798
0.64791 0.837326
0.651623 1.20509
0.655984 0.86693
0.66098 0.75484
0.666597 0.895525
0.672819 1.09141
0.67963 1.3253
0.687013 0.991587
0.694948 1.09896
0.703417 0.993556
0.712402 1.1245
0.721883 0.783203
0.731841 1.2997
0.742256 1.31648
0.753109 1.55851
0.764382 1.56186
0.776057 1.17074
0.788116 1.24843
0.800541 1.11676
0.813316 1.16767
0.826424 1.20786
0.83985 1.44752
0.853578 1.28936
0.867595 1.22219
0.881887 1.31925
0.65732 0.928705
0.657653 0.76732
0.658653 1.06049
0.660316 0.885079
0.662637 0.848298
0.665609 0.829382
0.669224 0.94372
0.673471 0.829397
0.678338 1.0158
0.683813 0.842017
0.68988 0.836537
0.696524 0.81973
0.703729 0.905156
0.711478 1.24977
0.719753 1.22748
0.728536 1.27522
0.73781 1.33488
0.747555 0.967125
0.757754 1.16803
0.768389 1.09236
0.779441 1.29293
0.790894 1.29328
0.80273 1.41749
0.814932 1.61673
0.827485 1.95811
0.840372 1.22158
0.853578 1.49051
0.86709 0.983012
0.880892 1.42716
0.894971 1.16212
0.675422 0.777389
0.675747 1.00647
0.67672 0.710283
0.678338 0.915599
0.680598 1.12694
0.683492 0.824847
0.687013 0.931868
0.69115 0.826659
0.695894 1.14059
0.701232 0.816378
0.707149 1.07965
0.713633 1.12411
0.720667 1.08086
0.728235 1.21434
0.736322 1.1749
0.74491 1.24916
0.753982 1.63849
0.763521 1.18847
0.77351 1.5074
0.783931 1.11686
0.794767 1.20979
0.806002 1.3996
0.817619 1.26928
0.829603 1.10055
0.841936 1.35198
0.854606 1.16796
0.867595 1.33731
0.880892 1.24372
0.894481 1.3718
0.90835 0.865902
0.693684 0.93885
0.694001 1.01847
0.694948 1.01091
0.696524 0.94743
0.698725 0.945701
0.701544 0.852346
0.704975 0.943988
0.709008 1.38803
0.713633 1.19091
0.718838 0.771176
0.724612 1.03135
0.730941 1.48946
0.73781 1.33974
0.745204 0.969844
0.753109 1.24669
0.761508 1.32029
0.770384 1.4177
0.779723 1.84666
0.789506 1.78795
0.799719 1.27391
0.810344 1.49491
0.821366 1.74578
0.832769 1.31554
0.844537 1.63671
0.856656 1.10425
0.869111 1.43011
0.881887 1.24371
0.894971 0.999624
0.90835 0.883077
0.92201 1.07891
0.356047 0.649274
0.356663 0.341329
0.358503 0.458341
0.361549 0.347412
0.36577 0.401458
0.371128 0.294444
0.377572 0.53962
0.38505 0.33258
0.393501 0.261681
0.402865 0.350129
0.413079 0.514807
0.424083 0.388665
0.435815 0.467426
0.44822 0.373524
0.461243 0.584699
0.474832 0.51184
0.488941 0.448802
0.503527 0.51149
0.518548 0.634257
0.533968 0.692538
0.549754 0.489873
0.565874 0.509531
0.582302 0.638016
0.599012 0.723126
0.61598 0.621571
0.633187 0.794335
0.650612 0.822872
0.66824 1.06669
0.686054 0.987905
0.704041 1.27501
0.356663 0.505224
0.357277 0.411055
0.359114 0.589968
0.362155 0.251724
0.36637 0.361543
0.371718 0.341243
0.378153 0.342149
0.385619 0.321983
0.394058 0.355582
0.403409 0.307357
0.41361 0.652752
0.4246 0.342186
0.436318 0.465844
0.448709 0.433577
0.461718 0.413046
0.475294 0.464654
0.48939 0.445932
0.503962 0.526673
0.518971 0.515608
0.534379 0.522156
0.550153 0.44772
0.566262 0.594939
0.582679 0.693065
0.599378 0.544255
0.616336 0.675378
0.633533 0.786812
0.650949 1.2556
0.668568 0.958364
0.686374 0.91649
0.704352 0.9932
0.358503 0.326319
0.359114 0.232461
0.360942 0.28468
0.363967 0.366723
0.368161 0.236241
0.373484 0.425656
0.379889 0.463069
0.387322 0.506716
0.395724 0.362747
0.405037 0.324807
0.415198 0.532935
0.426146 0.44788
0.437824 0.431837
0.450173 0.363234
0.463141 0.503825
0.476676 0.431882
0.490732 0.581962
0.505266 0.483968
0.520237 0.642173
0.535609 0.502894
0.551347 0.578225
0.567423 0.521716
0.583807 0.807067
0.600474 0.763856
0.617403 0.783648
0.634571 0.828249
0.651959 0.83894
0.669552 0.888284
0.687332 0.887069
0.705286 0.996877
0.361549 0.387553
0.362155 0.489475
0.363967 0.278056
0.366968 0.392938
0.371128 0.374838
0.376409 0.389015
0.382765 0.299622
0.390143 0.413002
0.398486 0.362335
0.407735 0.429336
0.417831 0.330318
0.428712 0.382046
0.440321 0.475308
0.452603 0.361034
0.465503 0.428037
0.478971 0.601067
0.492962 0.531967
0.507432 0.500189
0.522341 0.442262
0.537652 0.435179
0.553333 0.392867
0.569352 0.542439
0.585682 0.638957
0.602298 0.548771
0.619176 0.879078
0.636296 0.768439
0.653639 0.866031
0.671187 1.06385
0.688925 1.2002
0.706839 1.2566
0.36577 0.455395
0.36637 0.345253
0.368161 0.422105
0.371128 0.326801
0.375242 0.23711
0.380466 0.266141
0.386755 0.363219
0.394058 0.401068
0.40232 0.33049
0.411483 0.427338
0.421489 0.488823
0.432278 0.361209
0.443794 0.434468
0.455982 0.312118
0.468789 0.384818
0.482166 0.538929
0.496067 0.482832
0.510448 0.694657
0.525272 0.607614
0.5405 0.657077
0.5561 0.516887
0.572042 0.48487
0.588298 0.683228
0.604842 0.868685
0.621651 0.600019
0.638705 0.797666
0.655984 0.975244
0.673471 0.923863
0.69115 1.05173
0.709008 0.993794
0.371128 0.43739
0.371718 0.365368
0.373484 0.281592
0.376409 0.344017
0.380466 0.322964
0.385619 0.400094
0.391825 0.538779
0.399036 0.309774
0.407197 0.546565
0.416253 0.431713
0.426146 0.408398
0.436821 0.319142
0.44822 0.431055
0.460291 0.374405
0.472981 0.335231
0.486243 0.429464
0.50003 0.423091
0.514301 0.429176
0.529016 0.592426
0.54414 0.622865
0.559639 0.632757
0.575482 0.705248
0.591643 0.536586
0.608096 0.793522
0.624818 0.784957
0.641788 0.561635
0.658986 0.957974
0.676396 0.980922
0.694001 1.3035
0.711786 1.43516
0.377572 0.283424
0.378153 0.362672
0.379889 0.405155
0.382765 0.478371
0.386755 0.302664
0.391825 0.367944
0.397935 0.446516
0.405037 0.412867
0.413079 0.285761
0.422009 0.341387
0.431771 0.441796
0.442309 0.466744
0.453571 0.406
0.465503 0.553355
0.478055 0.470714
0.491179 0.485806
0.504832 0.517671
0.518971 0.54698
0.533557 0.695992
0.548556 0.599071
0.563933 0.503093
0.57966 0.60796
0.595707 0.830731
0.612051 0.696054
0.628667 0.640077
0.645536 0.757014
0.662637 0.953583
0.679953 1.00994
0.697468 0.938721
0.715168 1.08514
0.38505 0.272955
0.385619 0.301421
0.387322 0.392951
0.390143 0.386926
0.394058 0.290654
0.399036 0.437007
0.405037 0.411644
0.412016 0.261597
0.419925 0.37231
0.428712 0.309636
0.438324 0.511038
0.448709 0.342222
0.459814 0.437976
0.471588 0.558084
0.483982 0.435703
0.49695 0.517131
0.510448 0.571169
0.524436 0.658983
0.538874 0.508746
0.553729 0.574161
0.568967 0.837766
0.584558 0.72022
0.600474 0.677839
0.616692 0.753148
0.633187 0.837612
0.649938 0.832317
0.666926 0.856761
0.684133 1.13063
0.701544 1.01201
0.719143 1.10194
0.393501 0.363601
0.394058 0.277763
0.395724 0.450642
0.398486 0.294576
0.40232 0.341129
0.407197 0.313295
0.413079 0.460999
0.419925 0.444836
0.427688 0.53489
0.436318 0.443897
0.445767 0.310251
0.455982 0.420594
0.466914 0.378285
0.478513 0.472006
0.490732 0.465
0.503527 0.393859
0.516853 0.587847
0.530672 0.493233
0.544945 0.59614
0.559639 0.459384
0.57472 0.64615
0.590159 0.904317
0.605928 0.884615
0.622004 0.784038
0.638361 0.586619
0.65498 0.655966
0.671841 1.06136
0.688925 1.02232
0.706218 0.996531
0.723704 1.09638
0.402865 0.354925
0.403409 0.313751
0.405037 0.375075
0.407735 0.3814
0.411483 0.403231
0.416253 0.376455
0.422009 0.365917
0.428712 0.603307
0.436318 0.434503
0.444782 0.528356
0.454054 0.466664
0.464087 0.484159
0.474832 0.457461
0.486243 0.594843
0.498272 0.423861
0.510878 0.620512
0.524017 0.508606
0.537652 0.574677
0.551745 0.489474
0.566262 0.616849
0.581171 0.870329
0.596443 0.911437
0.612051 0.660287
0.627969 0.663599
0.644175 0.858417
0.660648 0.889105
0.677368 0.910819
0.694316 1.05398
0.711478 1.07522
0.728837 1.24755
0.413079 0.336761
0.41361 0.331874
0.415198 0.353777
0.417831 0.298443
0.421489 0.3475
0.426146 0.394715
0.431771 0.447957
0.438324 0.414416
0.445767 0.425653
0.454054 0.502009
0.463141 0.409718
0.472981 0.440684
0.483529 0.4693
0.494739 0.529785
0.506567 0.483207
0.518971 0.576433
0.53191 0.517828
0.545348 0.52824
0.559247 0.57296
0.573574 0.651848
0.588298 0.903237
0.603389 0.728086
0.618822 0.821886
0.634571 0.863988
0.650612 0.738802
0.666926 0.98643
0.683492 0.972073
0.700293 0.984112
0.717311 1.00253
0.734533 1.29733
0.424083 0.54664
0.4246 0.404704
0.426146 0.423115
0.428712 0.423893
0.432278 0.463649
0.436821 0.367423
0.442309 0.372767
0.448709 0.652264
0.455982 0.423361
0.464087 0.370268
0.472981 0.498593
0.482621 0.481815
0.492962 0.498958
0.503962 0.602941
0.515579 0.57914
0.527771 0.476391
0.5405 0.587543
0.553729 0.526746
0.567423 0.898938
0.581548 0.734234
0.596075 0.636668
0.610975 0.972207
0.626221 0.966068
0.641788 0.786334
0.657653 0.857181
0.673797 0.854819
0.690198 0.654719
0.706839 1.10709
0.723704 0.969343
0.740777 1.24959
0.435815 0.387268
0.436318 0.402979
0.437824 0.386842
0.440321 0.385239
0.443794 0.484015
0.44822 0.34044
0.453571 0.403737
0.459814 0.318873
0.466914 0.347343
0.474832 0.432336
0.483529 0.579265
0.492962 0.517148
0.503091 0.522794
0.513874 0.480339
0.525272 0.478721
0.537244 0.543814
0.549754 0.507091
0.562765 0.654076
0.576244 0.552872
0.590159 0.622959
0.604479 0.687954
0.619176 0.695482
0.634225 0.753673
0.6496 0.914805
0.66528 0.793996
0.681242 1.08006
0.697468 1.14884
0.71394 1.18799
0.730641 0.836856
0.747555 1.05236
0.44822 0.408506
0.448709 0.359569
0.450173 0.320231
0.452603 0.362888
0.455982 0.360243
0.460291 0.44118
0.465503 0.448874
0.471588 0.335858
0.478513 0.502313
0.486243 0.599167
0.494739 0.431575
0.503962 0.630459
0.513874 0.497686
0.524436 0.547519
0.535609 0.651806
0.547355 0.528622
0.559639 0.572424
0.572425 0.765037
0.585682 0.593755
0.599378 0.779107
0.613483 0.630904
0.627969 0.751562
0.642812 0.888099
0.657987 0.97557
0.673471 0.968448
0.689244 0.841728
0.705286 1.32835
0.721579 1.33959
0.738107 1.44316
0.754854 1.49587
0.461243 0.473492
0.461718 0.444793
0.463141 0.337197
0.465503 0.31767
0.468789 0.381338
0.472981 0.366351
0.478055 0.554116
0.483982 0.39945
0.490732 0.604377
0.498272 0.547982
0.506567 0.608179
0.515579 0.604079
0.525272 0.632011
0.535609 0.690789
0.546553 0.579709
0.558069 0.577469
0.570122 0.656731
0.582679 0.803053
0.595707 0.750522
0.609177 0.830754
0.623061 0.796707
0.63733 0.706785
0.651959 1.06631
0.666926 0.840532
0.682207 0.853425
0.697783 1.1115
0.713633 1.1648
0.72974 1.07707
0.746087 1.23959
0.762659 1.59757
0.474832 0.485265
0.475294 0.437935
0.476676 0.658956
0.478971 0.453079
0.482166 0.566091
0.486243 0.475533
0.491179 0.534749
0.49695 0.544639
0.503527 0.45165
0.510878 0.628361
0.518971 0.630538
0.527771 0.53848
0.537244 0.555581
0.547355 0.541301
0.558069 0.48622
0.569352 0.614891
0.581171 0.742708
0.593494 0.825681
0.60629 0.993324
0.61953 0.807524
0.633187 0.70545
0.647232 0.610158
0.661643 0.961601
0.676396 1.28525
0.691468 0.900401
0.706839 1.19068
0.72249 1.41533
0.738404 1.34039
0.754564 1.23682
0.770954 1.66817
0.488941 0.541846
0.48939 0.516724
0.490732 0.473346
0.492962 0.580428
0.496067 0.478134
0.50003 0.576663
0.504832 0.514875
0.510448 0.542266
0.516853 0.530937
0.524017 0.569478
0.53191 0.457729
0.5405 0.487169
0.549754 0.724745
0.559639 0.517555
0.570122 0.596979
0.581171 0.600246
0.592755 0.761258
0.604842 0.737556
0.617403 0.87327
0.630409 0.756734
0.643835 0.794244
0.657653 0.952511
0.671841 0.857035
0.686374 1.15527
0.701232 1.16162
0.716393 1.02582
0.731841 1.15881
0.747555 1.48334
0.763521 1.50716
0.779723 1.20292
0.503527 0.676967
0.503962 0.473156
0.505266 0.495589
0.507432 0.77698
0.510448 0.492356
0.514301 0.530813
0.518971 0.458223
0.524436 0.471557
0.530672 0.539815
0.537652 0.683718
0.545348 0.63352
0.553729 0.410882
0.562765 0.633811
0.572425 0.678394
0.582679 0.793822
0.593494 0.642617
0.604842 0.657108
0.616692 0.758158
0.629016 0.729231
0.641788 0.603414
0.65498 0.797291
0.668568 0.988319
0.682529 1.07357
0.696839 1.3065
0.711478 1.04291
0.726426 1.12793
0.741664 1.16261
0.757175 1.46136
0.772942 1.33537
0.788951 1.32814
0.518548 0.401686
0.518971 0.465702
0.520237 0.422202
0.522341 0.668262
0.525272 0.602037
0.529016 0.428198
0.533557 0.596747
0.538874 0.482428
0.544945 0.512469
0.551745 0.626389
0.559247 0.732193
0.567423 0.83411
0.576244 0.525385
0.585682 0.577405
0.595707 0.686412
0.60629 0.819988
0.617403 0.67059
0.629016 0.565453
0.641104 0.837042
0.653639 0.890805
0.666597 0.781796
0.679953 0.954395
0.693684 1.1242
0.707769 1.1065
0.722187 1.09235
0.736918 1.66589
0.751943 1.20586
0.767246 1.09055
0.782811 1.66134
0.798621 1.36283
0.533968 0.449197
0.534379 0.660219
0.535609 0.522706
0.537652 0.657663
0.5405 0.579668
0.54414 0.638906
0.548556 0.53028
0.553729 0.524127
0.559639 0.570531
0.566262 0.615967
0.573574 0.689415
0.581548 0.622287
0.590159 0.618899
0.599378 0.879519
0.609177 0.618305
0.61953 0.720796
0.630409 0.862527
0.641788 0.580262
0.653639 0.946113
0.665939 0.923868
0.678662 1.20804
0.691785 0.993676
0.705286 0.943278
0.719143 1.21953
0.733337 1.12315
0.747849 1.1847
0.762659 1.65618
0.777751 1.68625
0.79311 1.56622
0.808719 1.48304
0.549754 0.641494
0.550153 0.516396
0.551347 0.614012
0.553333 0.577969
0.5561 0.717426
0.559639 0.665577
0.563933 0.689725
0.568967 0.528332
0.57472 0.696769
0.581171 0.69231
0.588298 0.749044
0.596075 0.707056
0.604479 0.805671
0.613483 0.747877
0.623061 0.860779
0.633187 0.780158
0.643835 0.814616
0.65498 0.752269
0.666597 0.899708
0.678662 0.781051
0.69115 1.08964
0.704041 1.20416
0.717311 0.947087
0.730941 1.20694
0.74491 1.20115
0.7592 1.19178
0.773793 0.985847
0.788673 1.15182
0.803822 1.50383
0.819227 1.49728
0.565874 0.627133
0.566262 0.623988
0.567423 0.59935
0.569352 0.740768
0.572042 0.619256
0.575482 0.601
0.57966 0.746292
0.584558 0.824857
0.590159 0.746292
0.596443 0.685786
0.603389 0.855448
0.610975 0.757295
0.619176 0.719414
0.627969 0.714966
0.63733 0.926049
0.647232 0.781063
0.657653 1.07997
0.668568 1.03155
0.679953 0.893781
0.691785 1.12708
0.704041 1.09134
0.716699 1.24742
0.72974 1.05955
0.743141 1.13541
0.756886 1.28793
0.770954 1.2577
0.785328 1.22997
0.799993 0.865908
0.814932 1.04021
0.830131 1.4666
0.582302 0.686868
0.582679 0.705743
0.583807 0.784721
0.585682 0.669923
0.588298 0.942389
0.591643 0.723239
0.595707 0.635316
0.600474 0.648722
0.605928 0.69466
0.612051 0.602722
0.618822 0.746076
0.626221 0.883157
0.634225 0.938814
0.642812 0.678959
0.651959 0.629205
0.661643 0.710716
0.671841 0.873471
0.682529 0.886597
0.693684 0.958407
0.705286 1.10411
0.717311 1.1761
0.72974 1.31587
0.742551 1.18635
0.755726 1.53331
0.769245 1.08824
0.783091 1.49403
0.797247 1.21709
0.811696 1.17837
0.826424 1.36998
0.841415 1.26038
0.599012 0.723401
0.599378 0.620459
0.600474 0.602471
0.602298 0.61587
0.604842 0.672191
0.608096 0.779766
0.612051 0.867952
0.616692 0.840504
0.622004 0.748631
0.627969 0.77114
0.634571 0.81641
0.641788 0.723199
0.6496 1.05963
0.657987 0.884693
0.666926 0.760474
0.676396 0.928095
0.686374 1.06264
0.696839 0.967271
0.707769 0.967392
0.719143 0.976703
0.730941 1.35516
0.743141 1.22741
0.755726 1.09119
0.768674 1.70326
0.78197 1.44194
0.795595 1.5293
0.809532 1.27889
0.823766 1.32441
0.838281 0.987839
0.853064 1.41967
0.61598 0.852546
0.616336 0.937381
0.617403 0.775415
0.619176 0.799972
0.621651 0.884303
0.624818 0.954568
0.628667 0.838924
0.633187 0.992117
0.638361 0.68304
0.644175 0.816831
0.650612 0.840841
0.657653 0.792439
0.66528 0.85991
0.673471 0.938627
0.682207 0.830152
0.691468 0.939379
0.701232 0.892566
0.711478 1.19625
0.722187 1.03449
0.733337 1.12187
0.74491 1.06265
0.756886 1.05179
0.769245 1.37166
0.78197 1.26741
0.795043 1.46654
0.808447 1.21501
0.822167 1.16645
0.836186 1.52991
0.850489 1.54727
0.865064 1.15287
0.633187 0.760513
0.633533 0.836097
0.634571 0.784846
0.636296 0.655391
0.638705 0.584984
0.641788 0.70387
0.645536 0.940484
0.649938 0.766659
0.65498 1.11851
0.660648 0.923417
0.666926 0.849766
0.673797 0.772486
0.681242 0.778926
0.689244 0.887877
0.697783 0.88683
0.706839 1.11965
0.716393 1.07207
0.726426 0.999457
0.736918 1.3506
0.747849 1.38374
0.7592 1.17456
0.770954 1.21642
0.783091 1.55377
0.795595 1.32103
0.808447 1.19908
0.821633 1.25483
0.835136 1.54127
0.848941 1.47097
0.863033 1.09679
0.877399 1.18095
0.650612 0.933624
0.650949 1.01037
0.651959 0.802444
0.653639 1.1573
0.655984 0.911825
0.658986 0.919393
0.662637 0.891322
0.666926 1.00197
0.671841 0.858066
0.677368 1.08143
0.683492 0.958016
0.690198 1.16929
0.697468 1.13472
0.705286 1.15133
0.713633 1.0285
0.72249 0.951544
0.731841 1.66745
0.741664 1.16497
0.751943 1.49305
0.762659 1.39923
0.773793 1.35052
0.785328 1.5329
0.797247 1.43162
0.809532 1.10375
0.822167 1.75204
0.835136 1.51692
0.848424 1.37493
0.862016 1.20025
0.875898 1.06356
0.890056 1.17254
0.66824 0.96234
0.668568 0.835743
0.669552 0.814092
0.671187 0.791038
0.673471 0.841772
0.676396 1.13983
0.679953 1.22293
0.684133 0.763542
0.688925 0.832249
0.694316 0.859903
0.700293 1.03265
0.706839 1.25915
0.71394 1.37443
0.721579 1.05219
0.72974 1.37638
0.738404 1.40863
0.747555 1.42469
0.757175 1.2035
0.767246 1.27101
0.777751 0.963617
0.788673 1.07243
0.799993 1.47614
0.811696 1.25888
0.823766 1.30525
0.836186 1.45881
0.848941 1.69902
0.862016 1.00516
0.875397 1.2256
0.88907 1.22531
0.903022 1.22141
0.686054 0.928336
0.686374 0.931175
0.687332 0.861005
0.688925 0.960792
0.69115 0.906231
0.694001 1.30056
0.697468 0.876269
0.701544 1.0415
0.706218 1.07169
0.711478 1.06297
0.717311 1.19845
0.723704 1.2199
0.730641 1.40674
0.738107 0.838508
0.746087 1.37518
0.754564 1.19784
0.763521 1.35999
0.772942 1.10746
0.782811 1.22029
0.79311 1.17929
0.803822 1.29756
0.814932 1.47938
0.826424 1.32625
0.838281 0.928068
0.850489 1.58373
0.863033 1.15641
0.875898 1.19435
0.88907 1.41629
0.902536 1.25348
0.916283 1.19703
0.704041 0.939326
0.704352 1.23966
0.705286 0.888065
0.706839 1.15811
0.709008 1.07042
0.711786 1.22019
0.715168 1.02714
0.719143 1.20582
0.723704 1.37041
0.728837 1.44193
0.734533 0.967461
0.740777 1.32136
0.747555 1.29328
0.754854 1.34356
0.762659 1.24608
0.770954 1.30585
0.779723 1.43953
0.788951 1.26053
0.798621 1.64927
0.808719 1.02739
0.819227 1.34764
0.830131 1.49012
0.841415 1.40262
0.853064 1.34726
0.865064 1.12255
0.877399 1.3547
0.890056 1.1288
0.903022 1.02294
0.916283 1.15554
0.929827 0.953553
0.376991 0.320194
0.377572 0.399537
0.379311 0.277
0.382191 0.336167
0.386187 0.4097
0.391265 0.379335
0.397384 0.388657
0.404495 0.348148
0.412548 0.308266
0.421489 0.420097
0.431262 0.520746
0.441813 0.509399
0.453087 0.471292
0.465031 0.399466
0.477596 0.469349
0.490732 0.677995
0.504397 0.571567
0.518548 0.500259
0.533146 0.486017
0.548156 0.746259
0.563544 0.697445
0.579281 0.609603
0.595339 0.58812
0.611692 0.682759
0.628319 0.875963
0.645196 0.806697
0.662306 1.00217
0.67963 1.13638
0.697154 1.1407
0.714861 1.26255
0.377572 0.320151
0.378153 0.348041
0.379889 0.360535
0.382765 0.344259
0.386755 0.309234
0.391825 0.330427
0.397935 0.351164
0.405037 0.339929
0.413079 0.301243
0.422009 0.374733
0.431771 0.426366
0.442309 0.51339
0.453571 0.350751
0.465503 0.475425
0.478055 0.657498
0.491179 0.496274
0.504832 0.584181
0.518971 0.770435
0.533557 0.58769
0.548556 0.618027
0.563933 0.586275
0.57966 0.711563
0.595707 0.804018
0.612051 0.617736
0.628667 0.883247
0.645536 0.651808
0.662637 0.776211
0.679953 0.918215
0.697468 0.78136
0.715168 1.11366
0.379311 0.306481
0.379889 0.315817
0.381617 0.320693
0.38448 0.45519
0.388452 0.339074
0.393501 0.437005
0.399585 0.299631
0.406658 0.289065
0.414669 0.34224
0.423565 0.449346
0.433292 0.459287
0.443794 0.480579
0.455019 0.414131
0.466914 0.421391
0.479429 0.311717
0.492517 0.61661
0.506133 0.423454
0.520237 0.531217
0.534789 0.546202
0.549754 0.694218
0.565099 0.518751
0.580794 0.651593
0.596811 0.754277
0.613125 0.764449
0.629713 0.736091
0.646554 0.696202
0.663629 0.904959
0.68092 1.05996
0.698411 0.852575
0.716087 1.00263
0.382191 0.474851
0.382765 0.309631
0.38448 0.321553
0.387322 0.362453
0.391265 0.431934
0.396278 0.421107
0.40232 0.352659
0.409346 0.369882
0.417305 0.475943
0.426146 0.269004
0.435815 0.39552
0.446259 0.407018
0.457423 0.44128
0.469257 0.552926
0.481711 0.669593
0.494739 0.455637
0.508295 0.739672
0.522341 0.743603
0.536836 0.526317
0.551745 0.627129
0.567036 0.523277
0.582679 0.78854
0.598645 0.679231
0.614911 0.640909
0.631452 0.755469
0.648248 0.792455
0.66528 0.807009
0.682529 0.7627
0.699979 0.795083
0.717617 1.01743
0.386187 0.248192
0.386755 0.348249
0.388452 0.309849
0.391265 0.251864
0.39517 0.440459
0.400134 0.458472
0.406118 0.329344
0.413079 0.383638
0.420968 0.34303
0.429734 0.477556
0.439324 0.317911
0.449686 0.366651
0.460767 0.362134
0.472517 0.390113
0.484888 0.567754
0.497832 0.40545
0.511307 0.625686
0.525272 0.665498
0.539688 0.636043
0.554521 0.591879
0.569737 0.56211
0.585308 0.695243
0.601204 0.73277
0.617403 0.649154
0.633879 0.926692
0.650612 0.682292
0.667583 0.808022
0.684774 1.32971
0.702169 0.759711
0.719753 1.03381
0.391265 0.353342
0.391825 0.300817
0.393501 0.43495
0.396278 0.31726
0.400134 0.42086
0.405037 0.458739
0.41095 0.408361
0.417831 0.480715
0.425631 0.5105
0.434303 0.334761
0.443794 0.416604
0.454054 0.399442
0.465031 0.448112
0.476676 0.573928
0.488941 0.393443
0.501781 0.508958
0.515153 0.543312
0.529016 0.494411
0.543333 0.460785
0.558069 0.592558
0.573191 0.613166
0.58867 0.839353
0.604479 0.674219
0.620592 0.812893
0.636985 0.822638
0.653639 0.808706
0.670534 0.908246
0.687651 1.03602
0.704975 1.14151
0.72249 1.06048
0.397384 0.278235
0.397935 0.406187
0.399585 0.326883
0.40232 0.317144
0.406118 0.438965
0.41095 0.339237
0.416779 0.376488
0.423565 0.350516
0.431262 0.530752
0.439823 0.507263
0.449198 0.435391
0.459337 0.550602
0.470191 0.434551
0.481711 0.424787
0.493851 0.40835
0.506567 0.662871
0.519815 0.697351
0.533557 0.604444
0.547755 0.684822
0.562375 0.576482
0.577385 0.586417
0.592755 0.49649
0.608457 0.598987
0.624467 0.644229
0.640762 0.951422
0.65732 0.883372
0.674122 0.890228
0.69115 1.00547
0.708389 1.03467
0.725822 1.15169
0.404495 0.35771
0.405037 0.421863
0.406658 0.379468
0.409346 0.259405
0.413079 0.429676
0.417831 0.369381
0.423565 0.316248
0.430244 0.42502
0.437824 0.378757
0.446259 0.361437
0.455501 0.520401
0.465503 0.732328
0.476216 0.41349
0.487594 0.408788
0.499591 0.502379
0.512164 0.422343
0.525272 0.650913
0.538874 0.498962
0.552936 0.570032
0.567423 0.602073
0.582302 0.657022
0.597545 0.607447
0.613125 0.784053
0.629016 0.749007
0.645196 0.71844
0.661643 0.689444
0.678338 0.766252
0.695263 1.06574
0.712402 1.3082
0.72974 1.06076
0.412548 0.4211
0.413079 0.380369
0.414669 0.396213
0.417305 0.334001
0.420968 0.33144
0.425631 0.386784
0.431262 0.406979
0.437824 0.380381
0.445275 0.394402
0.453571 0.518775
0.462667 0.377925
0.472517 0.443521
0.483075 0.614001
0.494295 0.566751
0.506133 0.455828
0.518548 0.646802
0.531498 0.578285
0.544945 0.477806
0.558854 0.454762
0.573191 0.616518
0.587925 0.974555
0.603026 0.735606
0.618467 0.588821
0.634225 0.776807
0.650275 0.79521
0.666597 0.96189
0.683171 0.98295
0.699979 1.05465
0.717005 1.2511
0.734234 1.14147
0.421489 0.360956
0.422009 0.389303
0.423565 0.281618
0.426146 0.484576
0.429734 0.341691
0.434303 0.35835
0.439823 0.372953
0.446259 0.302909
0.453571 0.532402
0.461718 0.4287
0.470657 0.346823
0.480343 0.449597
0.490732 0.477757
0.501781 0.605859
0.513447 0.557602
0.525689 0.500508
0.538467 0.608969
0.551745 0.665591
0.565487 0.548614
0.57966 0.668577
0.594233 0.675984
0.609177 1.01223
0.624467 0.780406
0.640077 0.643673
0.655984 0.771209
0.672167 1.10533
0.688607 1.03041
0.705286 1.09915
0.722187 1.13006
0.739295 1.1971
0.431262 0.475314
0.431771 0.368723
0.433292 0.402022
0.435815 0.450292
0.439324 0.581905
0.443794 0.455471
0.449198 0.403301
0.455501 0.361656
0.462667 0.569144
0.470657 0.364847
0.479429 0.402908
0.488941 0.471099
0.499152 0.523064
0.510019 0.546456
0.5215 0.514907
0.533557 0.539572
0.546151 0.626596
0.559247 0.509476
0.572808 0.559646
0.586805 0.775024
0.601204 0.559277
0.61598 0.812801
0.631105 0.959171
0.646554 0.643994
0.662306 0.909634
0.678338 0.844839
0.694632 0.944131
0.71117 1.15335
0.727934 0.900192
0.74491 1.53354
0.441813 0.359252
0.442309 0.365432
0.443794 0.272836
0.446259 0.404548
0.449686 0.392785
0.454054 0.410484
0.459337 0.397528
0.465503 0.415881
0.472517 0.475336
0.480343 0.449031
0.488941 0.489529
0.498272 0.470314
0.508295 0.471845
0.518971 0.645589
0.530258 0.676648
0.542121 0.677811
0.554521 0.59371
0.567423 0.834982
0.580794 0.706777
0.594602 0.627851
0.608817 0.753334
0.623412 0.876373
0.638361 1.08495
0.653639 0.853885
0.669224 0.989517
0.685095 0.906193
0.701232 0.978347
0.717617 1.16242
0.734234 1.01788
0.751068 1.18257
0.453087 0.444761
0.453571 0.314526
0.455019 0.484095
0.457423 0.456118
0.460767 0.296804
0.465031 0.512926
0.470191 0.355439
0.476216 0.549586
0.483075 0.472851
0.490732 0.559539
0.499152 0.642738
0.508295 0.501246
0.518125 0.470101
0.528601 0.649274
0.539688 0.677824
0.551347 0.745975
0.563544 0.763956
0.576244 0.424744
0.589415 0.643581
0.603026 1.01577
0.617047 0.763807
0.631452 1.00536
0.646215 0.797919
0.661312 0.940253
0.67672 0.878801
0.692419 0.892171
0.708389 1.28825
0.724612 1.04129
0.741073 1.1792
0.757754 1.63945
0.465031 0.507135
0.465503 0.463028
0.466914 0.432444
0.469257 0.459206
0.472517 0.373616
0.476676 0.475878
0.481711 0.465616
0.487594 0.675196
0.494295 0.416011
0.501781 0.383948
0.510019 0.404546
0.518971 0.500686
0.528601 0.427991
0.538874 0.381105
0.549754 0.687156
0.561204 0.750741
0.573191 0.660283
0.585682 0.623305
0.598645 0.654234
0.612051 0.709427
0.62587 0.717108
0.640077 0.751375
0.654645 1.15621
0.669552 0.663199
0.684774 1.05821
0.700293 0.875235
0.716087 1.4356
0.73214 1.17754
0.748435 1.01969
0.764956 1.28651
0.477596 0.462766
0.478055 0.300578
0.479429 0.528313
0.481711 0.485172
0.484888 0.510161
0.488941 0.437758
0.493851 0.411058
0.499591 0.576096
0.506133 0.528014
0.513447 0.618425
0.5215 0.689956
0.530258 0.540128
0.539688 0.448195
0.549754 0.552221
0.560422 0.771759
0.571659 0.857095
0.583431 1.09163
0.595707 0.584362
0.608457 0.800574
0.621651 0.872739
0.635261 0.785222
0.649262 1.159
0.663629 0.934427
0.678338 0.743887
0.693368 1.1238
0.708698 0.938751
0.72431 1.14672
0.740184 1.26823
0.756306 1.20627
0.772659 1.3679
0.490732 0.54805
0.491179 0.728856
0.492517 0.480658
0.494739 0.645456
0.497832 0.424441
0.501781 0.360106
0.506567 0.551659
0.512164 0.614859
0.518548 0.569511
0.525689 0.631698
0.533557 0.611223
0.542121 0.606828
0.551347 0.750544
0.561204 0.602717
0.571659 0.697348
0.582679 0.767075
0.594233 0.707355
0.60629 0.895478
0.618822 0.809495
0.6318 0.978775
0.645196 0.941591
0.658986 0.853979
0.673145 0.807875
0.687651 1.07628
0.702481 1.13966
0.717617 1.05532
0.733038 1.34394
0.748728 0.944952
0.764669 1.11314
0.780847 1.29543
0.504397 0.619974
0.504832 0.426831
0.506133 0.526869
0.508295 0.527834
0.511307 0.496305
0.515153 0.678933
0.519815 0.642347
0.525272 0.634531
0.531498 0.510825
0.538467 0.516941
0.546151 0.611921
0.554521 0.519495
0.563544 0.783654
0.573191 0.451577
0.583431 0.622776
0.594233 0.725554
0.605566 0.845618
0.617403 0.865896
0.629713 0.847424
0.642471 0.944276
0.655649 0.841636
0.669224 0.858563
0.683171 1.14793
0.697468 0.980919
0.712094 0.769606
0.72703 1.10375
0.742256 1.10859
0.757754 1.41728
0.77351 1.33993
0.789506 1.33068
0.518548 0.520379
0.518971 0.40881
0.520237 0.568555
0.522341 0.726506
0.525272 0.682235
0.529016 0.586554
0.533557 0.560113
0.538874 0.587339
0.544945 0.516943
0.551745 0.566244
0.559247 0.67984
0.567423 0.536866
0.576244 0.657224
0.585682 0.818257
0.595707 0.843138
0.60629 0.84177
0.617403 0.834013
0.629016 0.813935
0.641104 0.702712
0.653639 0.98086
0.666597 0.885105
0.679953 0.744638
0.693684 0.655094
0.707769 1.12577
0.722187 0.979228
0.736918 1.05247
0.751943 1.15752
0.767246 1.41327
0.782811 1.41794
0.798621 1.40303
0.533146 0.758722
0.533557 0.681506
0.534789 0.463749
0.536836 0.589248
0.539688 0.5679
0.543333 0.631415
0.547755 0.60898
0.552936 0.41568
0.558854 0.651576
0.565487 0.727782
0.572808 0.645543
0.580794 0.638646
0.589415 0.440725
0.598645 0.74184
0.608457 0.776678
0.618822 0.740876
0.629713 0.842389
0.641104 0.873492
0.652968 0.860074
0.66528 0.807256
0.678015 0.94132
0.69115 1.1942
0.704664 1.04652
0.718533 1.14831
0.732739 1.62992
0.747262 1.33635
0.762084 1.06995
0.777187 1.15497
0.792556 1.25383
0.808176 1.57083
0.548156 0.525835
0.548556 0.568322
0.549754 0.523651
0.551745 0.607722
0.554521 0.487825
0.558069 0.69037
0.562375 0.821696
0.567423 0.484268
0.573191 0.500723
0.57966 0.725631
0.586805 0.674247
0.594602 0.620765
0.603026 0.574872
0.612051 0.928834
0.621651 0.768756
0.6318 0.931909
0.642471 0.918823
0.653639 0.908287
0.66528 0.931167
0.677368 1.14665
0.68988 1.0441
0.702794 1.14592
0.716087 1.10271
0.72974 1.21872
0.743731 1.34572
0.758044 1.10027
0.772659 1.01074
0.787559 1.0253
0.80273 1.30778
0.818156 1.28256
0.563544 0.539102
0.563933 0.756865
0.565099 0.559687
0.567036 0.659459
0.569737 0.659796
0.573191 0.609952
0.577385 0.585229
0.582302 0.524376
0.587925 0.6963
0.594233 0.630957
0.601204 0.650366
0.608817 0.692826
0.617047 0.98524
0.62587 0.7426
0.635261 0.789084
0.645196 0.811216
0.655649 0.80627
0.666597 0.871919
0.678015 1.06973
0.68988 0.764593
0.702169 1.03724
0.714861 1.00443
0.727934 1.14207
0.741369 1.41809
0.755145 1.29838
0.769245 1.37351
0.783651 1.37408
0.798346 0.980106
0.813316 1.35722
0.828544 1.37032
0.579281 0.922826
0.57966 0.729759
0.580794 0.583775
0.582679 0.678677
0.585308 0.60222
0.58867 0.667195
0.592755 0.81541
0.597545 0.655641
0.603026 0.66793
0.609177 0.826369
0.61598 0.75732
0.623412 0.756658
0.631452 0.800079
0.640077 0.839271
0.649262 0.969529
0.658986 1.04409
0.669224 0.951531
0.679953 0.828906
0.69115 1.01752
0.702794 1.20613
0.714861 1.16821
0.727331 1.08282
0.740184 1.21321
0.7534 1.71565
0.766961 1.09794
0.780847 1.44984
0.795043 1.35203
0.809532 1.37778
0.824298 1.16976
0.839327 1.37271
0.595339 0.841118
0.595707 0.803692
0.596811 0.664222
0.598645 0.589737
0.601204 0.751726
0.604479 0.628619
0.608457 0.925771
0.613125 0.98153
0.618467 1.06643
0.624467 0.759721
0.631105 0.982135
0.638361 0.772564
0.646215 1.05741
0.654645 0.969008
0.663629 0.865445
0.673145 0.929064
0.683171 0.955513
0.693684 1.18442
0.704664 1.0439
0.716087 1.08334
0.727934 1.35229
0.740184 1.40182
0.752818 1.32596
0.765816 1.61201
0.77916 1.34421
0.792833 1.27302
0.806818 0.912613
0.821099 1.188
0.835661 1.21598
0.850489 1.39279
0.611692 0.954926
0.612051 0.753838
0.613125 0.811737
0.614911 0.796085
0.617403 0.833952
0.620592 0.592629
0.624467 0.728573
0.629016 1.00696
0.634225 0.809876
0.640077 1.0522
0.646554 0.961988
0.653639 0.777188
0.661312 0.738521
0.669552 1.01629
0.678338 0.816641
0.687651 0.989972
0.697468 0.903255
0.707769 1.04349
0.718533 1.34905
0.72974 1.25706
0.741369 0.880749
0.7534 1.40553
0.765816 1.09813
0.778597 1.55532
0.791726 1.16923
0.805185 1.42299
0.818959 1.04588
0.833032 1.1605
0.847389 1.41986
0.862016 1.15747
0.628319 0.819272
0.628667 0.794351
0.629713 0.643212
0.631452 0.876204
0.633879 0.92054
0.636985 0.792918
0.640762 0.856915
0.645196 0.837351
0.650275 0.83838
0.655984 0.630001
0.662306 1.00384
0.669224 0.666367
0.67672 1.12061
0.684774 0.985358
0.693368 1.19523
0.702481 0.911971
0.712094 1.07464
0.722187 1.09571
0.732739 1.35143
0.743731 1.21813
0.755145 1.17323
0.766961 1.32381
0.77916 1.10408
0.791726 1.39702
0.80464 1.31929
0.817887 1.18968
0.831451 1.59757
0.845316 1.20604
0.859468 1.80525
0.873892 1.25165
0.645196 0.723996
0.645536 0.754949
0.646554 0.723492
0.648248 0.720424
0.650612 0.854746
0.653639 0.80344
0.65732 0.95118
0.661643 1.03834
0.666597 1.05416
0.672167 0.955864
0.678338 1.00713
0.685095 0.984622
0.692419 1.01326
0.700293 1.19083
0.708698 1.00428
0.717617 1.06795
0.72703 1.29023
0.736918 1.18075
0.747262 1.39118
0.758044 0.867061
0.769245 1.54645
0.780847 1.04073
0.792833 1.23092
0.805185 1.29501
0.817887 1.4066
0.830923 1.62507
0.844278 1.16016
0.857935 1.20707
0.871882 0.858378
0.886105 1.58196
0.662306 0.880051
0.662637 0.727924
0.663629 0.801029
0.66528 0.842612
0.667583 0.940546
0.670534 0.757198
0.674122 0.998395
0.678338 0.773146
0.683171 1.00594
0.688607 1.21413
0.694632 1.04152
0.701232 1.12118
0.708389 0.951607
0.716087 1.08689
0.72431 1.20627
0.733038 1.37225
0.742256 1.14733
0.751943 1.29679
0.762084 1.3132
0.772659 1.33252
0.783651 1.31179
0.795043 1.40851
0.806818 1.18352
0.818959 1.13448
0.831451 1.4071
0.844278 1.04922
0.857424 1.27423
0.870876 1.16736
0.884619 1.22876
0.89864 0.878115
0.67963 0.733465
0.679953 1.04157
0.68092 0.923309
0.682529 0.964494
0.684774 0.956496
0.687651 0.915479
0.69115 1.12962
0.695263 0.973944
0.699979 1.00596
0.705286 1.00342
0.71117 0.80586
0.717617 1.57402
0.724612 1.21678
0.73214 0.954711
0.740184 1.05962
0.748728 1.45801
0.757754 0.868123
0.767246 1.25979
0.777187 1.13582
0.787559 1.07138
0.798346 1.48435
0.809532 1.41785
0.821099 1.23633
0.833032 1.47884
0.845316 1.45514
0.857935 1.33923
0.870876 1.26166
0.884123 1.32756
0.897663 0.817579
0.911483 1.15947
0.697154 1.02683
0.697468 1.18845
0.698411 1.23401
0.699979 0.931372
0.702169 0.977713
0.704975 1.23194
0.708389 1.24703
0.712402 1.16904
0.717005 1.08166
0.722187 1.00301
0.727934 1.17452
0.734234 1.17622
0.741073 1.02847
0.748435 1.0275
0.756306 1.32688
0.764669 1.35757
0.77351 1.40383
0.782811 1.36813
0.792556 1.40397
0.80273 1.29156
0.813316 1.58439
0.824298 1.29714
0.835661 1.47431
0.847389 1.31218
0.859468 1.09208
0.871882 1.41944
0.884619 1.49255
0.897663 1.17168
0.911002 1.07847
0.924623 1.0118
0.714861 0.829209
0.715168 0.765694
0.716087 0.902136
0.717617 1.12842
0.719753 0.942545
0.72249 1.28762
0.725822 1.37764
0.72974 1.09235
0.734234 1.26169
0.739295 1.26523
0.74491 1.28113
0.751068 1.30279
0.757754 1.41534
0.764956 1.46071
0.772659 1.49317
0.780847 1.42357
0.789506 1.08195
0.798621 1.29128
0.808176 1.59377
0.818156 1.44253
0.828544 1.23298
0.839327 1.33633
0.850489 0.98463
0.862016 1.4586
0.873892 0.949372
0.886105 1.31073
0.89864 1.19024
0.911483 1.23596
0.924623 1.24204
0.938046 1.15726
0.397935 0.245987
0.398486 0.252237
0.400134 0.36269
0.402865 0.356302
0.406658 0.356179
0.411483 0.352466
0.417305 0.438831
0.424083 0.330389
0.431771 0.366644
0.440321 0.428626
0.449686 0.540581
0.459814 0.377486
0.470657 0.52017
0.482166 0.425951
0.494295 0.455606
0.506999 0.755281
0.520237 0.586335
0.533968 0.674423
0.548156 0.755887
0.562765 0.587623
0.577765 0.745663
0.593124 0.692203
0.608817 0.561788
0.624818 0.770283
0.641104 0.95614
0.657653 0.832677
0.674447 1.21743
0.691468 1.22271
0.708698 1.1427
0.726124 0.828451
0.398486 0.406623
0.399036 0.348056
0.400681 0.343245
0.403409 0.371893
0.407197 0.31809
0.412016 0.357788
0.417831 0.314915
0.4246 0.506405
0.432278 0.3273
0.440819 0.360072
0.450173 0.439338
0.460291 0.43414
0.471123 0.396427
0.482621 0.513588
0.494739 0.490692
0.507432 0.610406
0.520658 0.576958
0.534379 0.451845
0.548556 0.593352
0.563155 0.560544
0.578144 0.63309
0.593494 0.760658
0.609177 0.712542
0.625169 0.676907
0.641446 0.803832
0.657987 0.878847
0.674772 0.717554
0.691785 0.851432
0.709008 1.01502
0.726426 1.19505
0.400134 0.241804
0.400681 0.51591
0.40232 0.304723
0.405037 0.394375
0.40881 0.37529
0.41361 0.370476
0.419402 0.303771
0.426146 0.307697
0.433798 0.407667
0.442309 0.397401
0.451632 0.357751
0.461718 0.410017
0.472517 0.568718
0.483982 0.45404
0.496067 0.428903
0.508727 0.543798
0.521921 0.485192
0.535609 0.58809
0.549754 0.476845
0.564322 0.525525
0.579281 0.691664
0.594602 0.688375
0.610257 0.67934
0.626221 0.716656
0.642471 0.802735
0.658986 0.962762
0.675747 1.10839
0.692735 0.992847
0.709935 1.22899
0.727331 1.10157
0.402865 0.343805
0.403409 0.331704
0.405037 0.390452
0.407735 0.348823
0.411483 0.348618
0.416253 0.274245
0.422009 0.422905
0.428712 0.394332
0.436318 0.585857
0.444782 0.434081
0.454054 0.436282
0.464087 0.518349
0.474832 0.515006
0.486243 0.455421
0.498272 0.431659
0.510878 0.721612
0.524017 0.563533
0.537652 0.580328
0.551745 0.495318
0.566262 0.631554
0.581171 0.750486
0.596443 0.577852
0.612051 0.715899
0.627969 0.660788
0.644175 0.933285
0.660648 0.918318
0.677368 0.643118
0.694316 0.88745
0.711478 1.06223
0.728837 1.12596
0.406658 0.292369
0.407197 0.36695
0.40881 0.319921
0.411483 0.397642
0.415198 0.320198
0.419925 0.405845
0.425631 0.431905
0.432278 0.526359
0.439823 0.280937
0.44822 0.39572
0.457423 0.409562
0.467383 0.387299
0.478055 0.40721
0.48939 0.563805
0.501344 0.40236
0.513874 0.422978
0.526939 0.530453
0.5405 0.458948
0.554521 0.655158
0.568967 0.534449
0.583807 0.714356
0.599012 0.907006
0.614554 0.591787
0.630409 1.03658
0.646554 1.06112
0.662968 1.17371
0.67963 0.830126
0.696524 0.886565
0.713633 0.941551
0.730941 1.11627
0.411483 0.394019
0.412016 0.430131
0.41361 0.347466
0.416253 0.30975
0.419925 0.49205
0.4246 0.327405
0.430244 0.375404
0.436821 0.380803
0.444288 0.431742
0.452603 0.482682
0.461718 0.522793
0.471588 0.413819
0.482166 0.42708
0.493407 0.531838
0.505266 0.595026
0.517701 0.523221
0.530672 0.449503
0.54414 0.615358
0.558069 0.738419
0.572425 0.563487
0.587178 0.828912
0.602298 0.765937
0.617758 0.622272
0.633533 0.690524
0.6496 0.887065
0.665939 0.826393
0.682529 0.938676
0.699352 1.07741
0.716393 0.916098
0.733636 1.11359
0.417305 0.451298
0.417831 0.3038
0.419402 0.415753
0.422009 0.481383
0.425631 0.435854
0.430244 0.364096
0.435815 0.399215
0.442309 0.496406
0.449686 0.388149
0.457902 0.46641
0.466914 0.481575
0.476676 0.484443
0.487144 0.466789
0.498272 0.403631
0.510019 0.56941
0.522341 0.467375
0.535199 0.54254
0.548556 0.60566
0.562375 0.589715
0.576625 0.79884
0.591273 0.627455
0.60629 0.822076
0.621651 0.58004
0.63733 0.710973
0.653304 0.778342
0.669552 0.907844
0.686054 1.07382
0.702794 0.882733
0.719753 1.15611
0.736918 1.21832
0.424083 0.517915
0.4246 0.47051
0.426146 0.510067
0.428712 0.38247
0.432278 0.398108
0.436821 0.342974
0.442309 0.493039
0.448709 0.456167
0.455982 0.36499
0.464087 0.416313
0.472981 0.431974
0.482621 0.492304
0.492962 0.462834
0.503962 0.77614
0.515579 0.602684
0.527771 0.539983
0.5405 0.772714
0.553729 0.570229
0.567423 0.697321
0.581548 0.480492
0.596075 0.931477
0.610975 0.735189
0.626221 0.765063
0.641788 0.68943
0.657653 0.770564
0.673797 0.780402
0.690198 1.08124
0.706839 1.04905
0.723704 0.889754
0.740777 1.07907
0.431771 0.442157
0.432278 0.350991
0.433798 0.266354
0.436318 0.469013
0.439823 0.379346
0.444288 0.384089
0.449686 0.414737
0.455982 0.440706
0.463141 0.433591
0.471123 0.498557
0.479886 0.432326
0.48939 0.463836
0.499591 0.500363
0.510448 0.502937
0.521921 0.64803
0.533968 0.787659
0.546553 0.809459
0.559639 0.872963
0.573191 0.961659
0.587178 0.704068
0.601569 0.716898
0.616336 0.702618
0.631452 0.979915
0.646894 0.959984
0.662637 0.709898
0.678662 1.01284
0.694948 0.967227
0.711478 0.976686
0.728235 1.17837
0.745204 1.19029
0.440321 0.414374
0.440819 0.444031
0.442309 0.354689
0.444782 0.38703
0.44822 0.37538
0.452603 0.421758
0.457902 0.372318
0.464087 0.379882
0.471123 0.495627
0.478971 0.418544
0.487594 0.489709
0.49695 0.405796
0.506999 0.516133
0.517701 0.6306
0.529016 0.485898
0.540906 0.471315
0.553333 0.660043
0.566262 0.527302
0.57966 0.454139
0.593494 0.733057
0.607736 0.700761
0.622356 0.661942
0.63733 0.831219
0.652632 0.660136
0.66824 0.960278
0.684133 0.79976
0.700293 0.838802
0.716699 0.91107
0.733337 1.46526
0.750191 1.26361
0.449686 0.391664
0.450173 0.344147
0.451632 0.467571
0.454054 0.627425
0.457423 0.408624
0.461718 0.504666
0.466914 0.470487
0.472981 0.467702
0.479886 0.396234
0.487594 0.349808
0.496067 0.367978
0.505266 0.472453
0.515153 0.554759
0.525689 0.482626
0.536836 0.7016
0.548556 0.581334
0.560813 0.660799
0.573574 0.688494
0.586805 0.648666
0.600474 0.937479
0.614554 0.811685
0.629016 0.668674
0.643835 0.827145
0.658986 0.739234
0.674447 1.21674
0.690198 0.916164
0.706218 0.927261
0.72249 0.946547
0.738998 1.52382
0.755726 1.16676
0.459814 0.357841
0.460291 0.334644
0.461718 0.315679
0.464087 0.420437
0.467383 0.433189
0.471588 0.417176
0.476676 0.449512
0.482621 0.479561
0.48939 0.444075
0.49695 0.591006
0.505266 0.460139
0.514301 0.458818
0.524017 0.418834
0.534379 0.578186
0.545348 0.510548
0.556889 0.66856
0.568967 0.619181
0.581548 0.509369
0.594602 0.626318
0.608096 0.957074
0.622004 0.719535
0.636296 0.753912
0.650949 0.654904
0.665939 0.909218
0.681242 0.878708
0.696839 0.740651
0.71271 1.25115
0.728837 1.30252
0.745204 1.15052
0.761796 1.54801
0.470657 0.434801
0.471123 0.458087
0.472517 0.485349
0.474832 0.417653
0.478055 0.402976
0.482166 0.526605
0.487144 0.581312
0.492962 0.380662
0.499591 0.44885
0.506999 0.528979
0.515153 0.511762
0.524017 0.62417
0.533557 0.588846
0.543737 0.595533
0.554521 0.661481
0.565874 0.846824
0.577765 0.652437
0.590159 0.63617
0.603026 0.903714
0.616336 0.81148
0.630061 0.902622
0.644175 0.712441
0.658653 0.663517
0.673471 0.966819
0.688607 1.105
0.704041 1.14015
0.719753 1.15781
0.735726 1.63995
0.751943 1.0392
0.768389 1.22524
0.482166 0.429293
0.482621 0.430849
0.483982 0.341617
0.486243 0.550572
0.48939 0.513959
0.493407 0.4596
0.498272 0.522428
0.503962 0.736115
0.510448 0.575081
0.517701 0.648215
0.525689 0.465064
0.534379 0.555549
0.543737 0.60354
0.553729 0.560385
0.564322 0.434133
0.575482 0.727367
0.587178 0.934102
0.599378 0.660448
0.612051 0.978992
0.625169 0.724762
0.638705 0.867128
0.652632 0.690813
0.666926 1.0825
0.681564 0.958406
0.696524 1.29772
0.711786 1.14353
0.727331 1.11771
0.743141 1.38917
0.7592 1.07739
0.775492 0.835828
0.494295 0.504067
0.494739 0.429594
0.496067 0.4458
0.498272 0.539061
0.501344 0.633465
0.505266 0.408318
0.510019 0.443887
0.515579 0.571513
0.521921 0.628313
0.529016 0.678619
0.536836 0.518026
0.545348 0.714403
0.554521 0.657414
0.564322 0.849333
0.57472 0.637223
0.585682 0.719149
0.597178 0.414948
0.609177 0.916786
0.621651 0.607073
0.634571 0.891388
0.64791 0.883835
0.661643 0.857232
0.675747 0.850642
0.690198 1.24686
0.704975 1.06093
0.720058 1.03798
0.735428 0.962405
0.751068 1.26746
0.766961 1.29204
0.783091 1.31747
0.506999 0.649607
0.507432 0.399161
0.508727 0.564083
0.510878 0.665729
0.513874 0.509719
0.517701 0.449165
0.522341 0.579975
0.527771 0.502708
0.533968 0.479037
0.540906 0.668815
0.548556 0.745661
0.556889 0.636636
0.565874 0.636762
0.575482 0.682448
0.585682 0.64942
0.596443 0.574287
0.607736 0.658459
0.61953 0.832437
0.6318 0.804668
0.644516 0.805694
0.657653 0.866282
0.671187 0.951394
0.685095 1.30452
0.699352 0.985789
0.71394 0.978297
0.728837 1.18005
0.744026 1.19832
0.759489 1.32614
0.775209 1.24319
0.791171 1.15386
0.520237 0.659758
0.520658 0.607411
0.521921 0.411194
0.524017 0.508727
0.526939 0.62416
0.530672 0.57919
0.535199 0.411654
0.5405 0.5499
0.546553 0.621051
0.553333 0.602081
0.560813 0.584797
0.568967 0.647403
0.577765 0.689636
0.587178 0.791742
0.597178 0.824233
0.607736 0.694561
0.618822 0.518731
0.630409 0.688924
0.642471 0.851111
0.65498 0.871849
0.667912 0.812187
0.681242 1.26103
0.694948 0.83157
0.709008 1.03625
0.723401 0.966172
0.738107 1.24087
0.753109 1.05093
0.768389 1.34135
0.783931 1.18208
0.799719 1.3719
0.533968 0.518938
0.534379 0.534336
0.535609 0.558384
0.537652 0.455294
0.5405 0.677695
0.54414 0.552498
0.548556 0.571744
0.553729 0.568837
0.559639 0.4701
0.566262 0.605955
0.573574 0.757329
0.581548 0.723205
0.590159 0.614187
0.599378 0.533779
0.609177 0.651207
0.61953 0.728568
0.630409 0.719494
0.641788 0.713825
0.653639 0.868043
0.665939 0.997778
0.678662 0.77152
0.691785 1.21936
0.705286 1.21762
0.719143 1.24488
0.733337 1.16173
0.747849 1.39898
0.762659 1.38046
0.777751 1.18273
0.79311 1.57124
0.808719 1.37817
0.548156 0.606733
0.548556 0.565497
0.549754 0.540409
0.551745 0.65842
0.554521 0.584808
0.558069 0.523154
0.562375 0.68762
0.567423 0.689663
0.573191 0.964991
0.57966 0.98406
0.586805 0.638963
0.594602 0.736298
0.603026 0.767652
0.612051 0.638768
0.621651 0.828849
0.6318 0.69888
0.642471 0.802595
0.653639 0.714578
0.66528 0.995394
0.677368 0.931642
0.68988 1.10765
0.702794 0.953395
0.716087 1.03666
0.72974 1.30331
0.743731 1.13248
0.758044 0.950808
0.772659 1.35583
0.787559 1.46002
0.80273 1.31974
0.818156 1.61807
0.562765 0.670672
0.563155 0.730664
0.564322 0.687723
0.566262 0.565974
0.568967 0.773001
0.572425 0.986346
0.576625 0.581695
0.581548 0.633728
0.587178 0.71638
0.593494 0.649432
0.600474 0.618138
0.608096 0.671899
0.616336 0.83357
0.625169 0.718942
0.634571 0.753339
0.644516 0.8345
0.65498 0.594499
0.665939 0.813498
0.677368 1.08991
0.689244 0.935215
0.701544 0.884478
0.714247 1.17788
0.727331 1.07007
0.740777 1.13855
0.754564 1.11155
0.768674 1.28189
0.783091 1.51488
0.797797 1.56179
0.812776 1.89236
0.828015 1.08193
0.577765 0.552397
0.578144 0.661292
0.579281 0.7312
0.581171 0.598995
0.583807 0.812799
0.587178 0.665141
0.591273 0.933003
0.596075 0.729031
0.601569 0.634193
0.607736 0.756482
0.614554 0.693775
0.622004 0.616952
0.630061 0.613961
0.638705 0.78351
0.64791 0.590698
0.657653 0.788557
0.667912 0.869263
0.678662 0.923374
0.68988 0.969778
0.701544 1.24824
0.713633 1.19633
0.726124 0.944955
0.738998 1.10251
0.752235 1.40752
0.765816 1.09775
0.779723 1.37554
0.793939 1.4031
0.808447 1.44798
0.823233 1.48626
0.838281 1.2185
0.593124 0.741786
0.593494 0.574985
0.594602 0.719182
0.596443 0.79218
0.599012 0.58948
0.602298 0.664548
0.60629 0.643712
0.610975 0.731794
0.616336 0.796287
0.622356 0.676205
0.629016 0.814126
0.636296 0.750889
0.644175 0.779304
0.652632 0.983576
0.661643 0.798896
0.671187 0.860087
0.681242 1.15484
0.691785 0.970635
0.702794 0.959995
0.714247 1.01594
0.726124 1.08621
0.738404 1.26979
0.751068 1.01597
0.764095 1.46149
0.777469 1.65107
0.791171 1.61017
0.805185 1.48174
0.819495 1.13378
0.834085 1.33442
0.848941 1.10542
0.608817 0.624251
0.609177 0.938848
0.610257 0.727715
0.612051 0.648565
0.614554 0.847986
0.617758 0.707049
0.621651 0.885009
0.626221 0.752166
0.631452 0.549468
0.63733 0.779223
0.643835 0.744893
0.650949 1.20222
0.658653 0.735094
0.666926 0.779552
0.675747 1.0001
0.685095 1.23616
0.694948 1.08988
0.705286 1.28794
0.716087 1.12071
0.727331 1.31128
0.738998 1.48146
0.751068 1.18475
0.763521 1.18877
0.77634 1.36232
0.789506 1.32767
0.803003 1.66302
0.816814 1.20013
0.830923 1.26751
0.845316 1.2374
0.859978 1.37246
0.624818 0.697865
0.625169 0.752373
0.626221 0.884013
0.627969 0.905345
0.630409 0.624628
0.633533 0.846588
0.63733 1.0017
0.641788 0.821639
0.646894 0.719779
0.652632 0.876747
0.658986 0.789239
0.665939 0.78916
0.673471 0.870005
0.681564 1.03463
0.690198 0.881696
0.699352 1.03873
0.709008 1.03382
0.719143 1.29398
0.72974 0.919236
0.740777 1.09845
0.752235 1.04901
0.764095 1.29949
0.77634 1.39775
0.788951 1.55394
0.80191 1.46005
0.815201 1.37592
0.828809 1.53094
0.842718 1.64849
0.856912 1.03759
0.871379 1.2258
0.641104 0.886877
0.641446 0.791194
0.642471 0.93699
0.644175 0.82875
0.646554 0.672801
0.6496 0.901918
0.653304 0.855055
0.657653 0.998664
0.662637 0.968561
0.66824 0.803489
0.674447 1.22281
0.681242 1.03335
0.688607 0.895775
0.696524 1.37481
0.704975 1.32213
0.71394 0.804644
0.723401 1.32473
0.733337 1.16684
0.743731 1.1706
0.754564 0.992344
0.765816 1.23867
0.777469 1.25338
0.789506 1.3873
0.80191 1.24051
0.814663 1.12415
0.82775 1.57679
0.841155 1.1486
0.854862 1.56465
0.868858 1.27183
0.88313 1.23783
0.657653 0.753055
0.657987 0.828334
0.658986 0.614048
0.660648 0.765842
0.662968 0.853067
0.665939 0.711246
0.669552 0.755192
0.673797 0.851891
0.678662 1.09353
0.684133 1.07341
0.690198 1.05952
0.696839 1.16508
0.704041 0.972472
0.711786 1.17933
0.720058 1.02882
0.728837 1.10754
0.738107 1.07517
0.747849 1.27697
0.758044 1.24883
0.768674 1.64613
0.779723 1.30766
0.791171 1.34204
0.803003 1.2935
0.815201 1.52915
0.82775 1.51821
0.840633 1.15551
0.853835 1.21036
0.867343 1.48197
0.881141 0.875934
0.895216 1.16407
0.674447 0.943305
0.674772 1.35499
0.675747 1.2701
0.677368 0.89699
0.67963 0.964785
0.682529 1.36903
0.686054 0.833426
0.690198 0.858991
0.694948 1.07814
0.700293 0.889955
0.706218 0.92862
0.71271 0.911749
0.719753 1.09772
0.727331 1.50121
0.735428 1.1404
0.744026 1.16279
0.753109 1.23859
0.762659 1.41916
0.772659 1.13576
0.783091 1.56945
0.793939 1.18282
0.805185 1.28158
0.816814 1.41732
0.828809 1.22235
0.841155 1.2695
0.853835 1.18919
0.866837 1.36801
0.880144 1.03428
0.893745 1.29732
0.907625 1.15595
0.691468 1.07578
0.691785 0.962611
0.692735 1.11351
0.694316 0.854072
0.696524 1.27592
0.699352 1.20381
0.702794 1.08842
0.706839 0.870307
0.711478 0.953973
0.716699 0.931887
0.72249 1.17017
0.728837 1.12975
0.735726 1.06299
0.743141 1.26425
0.751068 1.33192
0.759489 1.41568
0.768389 1.1971
0.777751 1.2741
0.787559 1.75292
0.797797 1.22527
0.808447 1.61145
0.819495 1.68624
0.830923 1.49348
0.842718 1.09894
0.854862 1.16727
0.867343 1.17881
0.880144 1.45223
0.893254 1.14381
0.906658 0.981988
0.920343 1.46126
0.708698 0.8321
0.709008 1.07993
0.709935 0.988584
0.711478 1.14616
0.713633 1.46303
0.716393 0.970875
0.719753 1.17031
0.723704 1.00347
0.728235 1.1677
0.733337 1.61628
0.738998 1.15118
0.745204 1.21629
0.751943 1.57371
0.7592 1.37368
0.766961 1.24102
0.775209 1.26622
0.783931 1.11669
0.79311 0.975809
0.80273 1.54422
0.812776 1.41227
0.823233 1.09239
0.834085 1.14295
0.845316 1.19148
0.856912 1.47108
0.868858 1.45639
0.881141 1.07269
0.893745 1.28449
0.906658 1.04044
0.919866 1.01444
0.933358 1.1145
0.726124 1.26765
0.726426 1.27434
0.727331 1.21399
0.728837 1.15373
0.730941 0.953786
0.733636 1.14813
0.736918 1.15083
0.740777 1.29694
0.745204 1.46079
0.750191 1.0572
0.755726 1.44311
0.761796 0.964437
0.768389 1.224
0.775492 1.32429
0.783091 1.18102
0.791171 1.04529
0.799719 1.32462
0.808719 1.53671
0.818156 1.46012
0.828015 1.16783
0.838281 1.47007
0.848941 1.31039
0.859978 1.00567
0.871379 1.30541
0.88313 1.30675
0.895216 1.30978
0.907625 1.1852
0.920343 1.15751
0.933358 0.84716
0.946657 1.18356
0.418879 0.318636
0.419402 0.265216
0.420968 0.244771
0.423565 0.284787
0.427174 0.483377
0.431771 0.317266
0.437323 0.366418
0.443794 0.429007
0.451147 0.365311
0.459337 0.548611
0.468321 0.375396
0.478055 0.560716
0.488493 0.487414
0.499591 0.432145
0.511307 0.373869
0.523599 0.546201
0.536427 0.691723
0.549754 0.533886
0.563544 0.702979
0.577765 0.606319
0.592384 0.67762
0.607375 0.759146
0.622708 0.629061
0.638361 0.776916
0.65431 1.03304
0.670534 0.762901
0.687013 1.03216
0.703729 0.87645
0.720667 1.25956
0.73781 1.30605
0.419402 0.314526
0.419925 0.340317
0.421489 0.385171
0.424083 0.320881
0.427688 0.385651
0.432278 0.440908
0.437824 0.418477
0.444288 0.30262
0.451632 0.426242
0.459814 0.514002
0.468789 0.367541
0.478513 0.507519
0.488941 0.43978
0.50003 0.559276
0.511736 0.54967
0.524017 0.586527
0.536836 0.461415
0.550153 0.470578
0.563933 0.530675
0.578144 0.737541
0.592755 0.721953
0.607736 0.82275
0.623061 0.804488
0.638705 0.914322
0.654645 0.845853
0.670861 1.04545
0.687332 0.932539
0.704041 1.01948
0.720971 1.13496
0.738107 0.854223
0.420968 0.464485
0.421489 0.350343
0.423047 0.344751
0.425631 0.381885
0.429223 0.403661
0.433798 0.349195
0.439324 0.41397
0.445767 0.405597
0.453087 0.42827
0.461243 0.327906
0.470191 0.58655
0.479886 0.476398
0.490285 0.522069
0.501344 0.463325
0.51302 0.592817
0.525272 0.540227
0.53806 0.531435
0.551347 0.639777
0.565099 0.476184
0.579281 0.551966
0.593864 0.837359
0.608817 0.783244
0.624116 0.731662
0.639734 0.774988
0.655649 0.857846
0.671841 0.924567
0.688288 1.11886
0.704975 1.03061
0.721883 1.05028
0.738998 0.907874
0.423565 0.308568
0.424083 0.290197
0.425631 0.42479
0.4282 0.360612
0.431771 0.318284
0.436318 0.543851
0.441813 0.441883
0.44822 0.313557
0.455501 0.518592
0.463614 0.588081
0.472517 0.406343
0.482166 0.49873
0.492517 0.456342
0.503527 0.457367
0.515153 0.553133
0.527355 0.46574
0.540094 0.704014
0.553333 0.704284
0.567036 0.602742
0.581171 0.745114
0.595707 0.791861
0.610616 0.586532
0.62587 0.782603
0.641446 0.574269
0.65732 0.808317
0.673471 0.916758
0.68988 1.10264
0.706529 0.893083
0.723401 1.10768
0.74048 1.15299
0.427174 0.359299
0.427688 0.377014
0.429223 0.461475
0.431771 0.314774
0.435312 0.302589
0.439823 0.342584
0.445275 0.32811
0.451632 0.426485
0.458859 0.372338
0.466914 0.52692
0.475755 0.392911
0.48534 0.44517
0.495624 0.345952
0.506567 0.480768
0.518125 0.546881
0.530258 0.49425
0.542929 0.582715
0.5561 0.568611
0.569737 0.576971
0.583807 0.807588
0.598279 0.717544
0.613125 0.789573
0.628319 0.815197
0.643835 0.838425
0.659651 0.812155
0.675747 1.05611
0.692102 0.829933
0.708698 1.28914
0.72552 1.09785
0.742551 1.34616
0.431771 0.381048
0.432278 0.467294
0.433798 0.421792
0.436318 0.621917
0.439823 0.403975
0.444288 0.482508
0.449686 0.475738
0.455982 0.354218
0.463141 0.414633
0.471123 0.559327
0.479886 0.533046
0.48939 0.315515
0.499591 0.387978
0.510448 0.391958
0.521921 0.422421
0.533968 0.599177
0.546553 0.527959
0.559639 0.660363
0.573191 0.655019
0.587178 0.727666
0.601569 0.75623
0.616336 0.66145
0.631452 0.93492
0.646894 0.940739
0.662637 0.900402
0.678662 0.902512
0.694948 0.949824
0.711478 1.14252
0.728235 1.47005
0.745204 1.22044
0.437323 0.358816
0.437824 0.358698
0.439324 0.371871
0.441813 0.433093
0.445275 0.368665
0.449686 0.550059
0.455019 0.431495
0.461243 0.352471
0.468321 0.376063
0.476216 0.483259
0.484888 0.391495
0.494295 0.393355
0.504397 0.48449
0.515153 0.567719
0.526523 0.627545
0.538467 0.652652
0.550949 0.544473
0.563933 0.609219
0.577385 0.65836
0.591273 0.810678
0.605566 0.832436
0.620238 0.779645
0.635261 0.682249
0.650612 0.852772
0.666268 0.688216
0.682207 0.848344
0.698411 0.962891
0.714861 1.26874
0.731541 1.34382
0.748435 1.26339
0.443794 0.340127
0.444288 0.480433
0.445767 0.373839
0.44822 0.428225
0.451632 0.415315
0.455982 0.50906
0.461243 0.361487
0.467383 0.439021
0.47437 0.364258
0.482166 0.399822
0.490732 0.513417
0.50003 0.389928
0.510019 0.398354
0.520658 0.450962
0.53191 0.647282
0.543737 0.552013
0.5561 0.541919
0.568967 0.647016
0.582302 0.741345
0.596075 0.748976
0.610257 0.73322
0.624818 0.785509
0.639734 0.816639
0.65498 0.954669
0.670534 0.712959
0.686374 0.858095
0.702481 0.882936
0.718838 1.03887
0.735428 1.30416
0.752235 1.0691
0.451147 0.420553
0.451632 0.375817
0.453087 0.317638
0.455501 0.322847
0.458859 0.42687
0.463141 0.398996
0.468321 0.388358
0.47437 0.457859
0.481255 0.494734
0.488941 0.560873
0.497391 0.446736
0.506567 0.571203
0.516429 0.487361
0.526939 0.535419
0.53806 0.787473
0.549754 0.774086
0.561985 0.683514
0.57472 0.67404
0.587925 0.613943
0.601569 0.886773
0.615624 0.916479
0.630061 0.625895
0.644856 1.00206
0.659984 0.94025
0.675422 0.729724
0.69115 0.969286
0.707149 1.16076
0.723401 1.32367
0.739888 1.34873
0.756596 1.11372
0.459337 0.371112
0.459814 0.449488
0.461243 0.478382
0.463614 0.446208
0.466914 0.512559
0.471123 0.504858
0.476216 0.561522
0.482166 0.436785
0.488941 0.561265
0.496509 0.344144
0.504832 0.631011
0.513874 0.453548
0.523599 0.626116
0.533968 0.726866
0.544945 0.470825
0.556495 0.651249
0.568581 0.545205
0.581171 0.46573
0.594233 0.856349
0.607736 0.700335
0.621651 0.749771
0.635952 0.801564
0.650612 1.18051
0.665609 1.26197
0.68092 1.15722
0.696524 0.895237
0.712402 0.917054
0.728536 0.923628
0.74491 0.987814
0.761508 1.29459
0.468321 0.409694
0.468789 0.452229
0.470191 0.495683
0.472517 0.395726
0.475755 0.592857
0.479886 0.468845
0.484888 0.353266
0.490732 0.644295
0.497391 0.582077
0.504832 0.450628
0.51302 0.563286
0.521921 0.559564
0.531498 0.59842
0.541716 0.564828
0.552539 0.703583
0.563933 0.902873
0.575863 0.660807
0.588298 0.629487
0.601204 0.65027
0.614554 0.648711
0.628319 0.807226
0.642471 0.759046
0.656986 1.09526
0.671841 0.879934
0.687013 1.18584
0.702481 1.03915
0.718228 1.05609
0.734234 1.24502
0.750483 1.16283
0.766961 1.60288
0.478055 0.550294
0.478513 0.44699
0.479886 0.360113
0.482166 0.422028
0.48534 0.531034
0.48939 0.604713
0.494295 0.461189
0.50003 0.454582
0.506567 0.47673
0.513874 0.784316
0.521921 0.43104
0.530672 0.408802
0.540094 0.527455
0.550153 0.456495
0.560813 0.537281
0.572042 0.777412
0.583807 0.69727
0.596075 0.633324
0.608817 0.688797
0.622004 0.623527
0.635607 0.799507
0.6496 0.803856
0.66396 0.733421
0.678662 0.788127
0.693684 0.786961
0.709008 0.936717
0.724612 1.27164
0.74048 1.10971
0.756596 1.2652
0.772942 1.07822
0.488493 0.504302
0.488941 0.435426
0.490285 0.476588
0.492517 0.392015
0.495624 0.465214
0.499591 0.5295
0.504397 0.726373
0.510019 0.422735
0.516429 0.497652
0.523599 0.401552
0.531498 0.517786
0.540094 0.556895
0.549355 0.465333
0.559247 0.458053
0.569737 0.667511
0.580794 0.60398
0.592384 0.663577
0.604479 0.784941
0.617047 0.697235
0.630061 0.750977
0.643494 0.845577
0.65732 0.782149
0.671514 0.984389
0.686054 0.806263
0.700919 1.28658
0.716087 1.19232
0.731541 1.22688
0.747262 1.09988
0.763234 1.27547
0.779441 1.3615
0.499591 0.531359
0.50003 0.488544
0.501344 0.573805
0.503527 0.525387
0.506567 0.506163
0.510448 0.551101
0.515153 0.511802
0.520658 0.466791
0.526939 0.556658
0.533968 0.687652
0.541716 0.633088
0.550153 0.556016
0.559247 0.577971
0.568967 0.615707
0.579281 0.852225
0.590159 0.794032
0.601569 0.524697
0.613483 0.737115
0.62587 0.770765
0.638705 0.776528
0.651959 0.949118
0.665609 0.886949
0.67963 1.01667
0.694001 0.745505
0.708698 0.960079
0.723704 0.75959
0.738998 1.21082
0.754564 1.37217
0.770384 1.20789
0.786445 1.48929
0.511307 0.574293
0.511736 0.403368
0.51302 0.476466
0.515153 0.496266
0.518125 0.655101
0.521921 0.880526
0.526523 0.627324
0.53191 0.521357
0.53806 0.519368
0.544945 0.67055
0.552539 0.487914
0.560813 0.855678
0.569737 0.817498
0.579281 0.666737
0.589415 0.850343
0.600109 0.698345
0.611334 0.618262
0.623061 0.778466
0.635261 0.751454
0.64791 0.904393
0.66098 1.01871
0.674447 0.759676
0.688288 1.18007
0.702481 1.0318
0.717005 1.33124
0.731841 1.17127
0.746968 1.2186
0.762371 1.4433
0.778033 1.16272
0.793939 1.29013
0.523599 0.455711
0.524017 0.463664
0.525272 0.492138
0.527355 0.405895
0.530258 0.505003
0.533968 0.809197
0.538467 0.737861
0.543737 0.584692
0.549754 0.748847
0.556495 0.599292
0.563933 0.59625
0.572042 0.880416
0.580794 0.613872
0.590159 0.649024
0.600109 0.585129
0.610616 0.849648
0.621651 0.654385
0.633187 0.668733
0.645196 0.900636
0.657653 0.987001
0.670534 0.826721
0.683813 1.00374
0.697468 1.14947
0.711478 1.26088
0.725822 1.04312
0.74048 1.3197
0.755435 1.18533
0.770669 1.28089
0.786166 1.25809
0.80191 1.32994
0.536427 0.556515
0.536836 0.669827
0.53806 0.677746
0.540094 0.622085
0.542929 0.741726
0.546553 0.705851
0.550949 0.47454
0.5561 0.824269
0.561985 0.681976
0.568581 0.696032
0.575863 0.615219
0.583807 0.735633
0.592384 0.575916
0.601569 0.793049
0.611334 0.628512
0.621651 0.712642
0.632493 0.791734
0.643835 0.765628
0.655649 0.829723
0.667912 0.874656
0.680598 0.966025
0.693684 1.06724
0.707149 0.996599
0.720971 1.02666
0.73513 1.03579
0.749606 1.18584
0.764382 1.29647
0.779441 1.455
0.794767 1.44862
0.810344 1.47493
0.549754 0.528027
0.550153 0.670788
0.551347 0.654305
0.553333 0.630369
0.5561 0.463965
0.559639 0.711847
0.563933 0.50539
0.568967 0.539689
0.57472 0.812915
0.581171 0.560062
0.588298 0.789396
0.596075 0.786251
0.604479 0.758042
0.613483 0.776449
0.623061 0.843784
0.633187 0.731925
0.643835 0.944519
0.65498 0.699309
0.666597 1.07451
0.678662 0.806299
0.69115 1.1903
0.704041 0.88606
0.717311 0.973249
0.730941 1.0869
0.74491 1.1485
0.7592 1.38262
0.773793 1.45546
0.788673 1.10489
0.803822 0.923938
0.819227 1.30388
0.563544 0.497911
0.563933 0.590694
0.565099 0.676844
0.567036 0.89623
0.569737 0.815426
0.573191 0.708838
0.577385 0.691984
0.582302 0.867075
0.587925 0.671971
0.594233 0.814566
0.601204 0.535394
0.608817 0.72223
0.617047 0.705751
0.62587 0.769305
0.635261 0.670355
0.645196 0.849469
0.655649 0.727768
0.666597 0.987299
0.678015 0.954699
0.68988 1.14234
0.702169 0.989038
0.714861 0.736213
0.727934 1.24071
0.741369 1.23525
0.755145 1.17757
0.769245 1.22693
0.783651 1.03747
0.798346 1.68804
0.813316 1.1838
0.828544 1.44788
0.577765 0.817839
0.578144 0.800854
0.579281 0.588559
0.581171 0.660348
0.583807 0.644951
0.587178 0.760839
0.591273 0.791472
0.596075 0.734044
0.601569 0.550644
0.607736 0.857362
0.614554 0.8202
0.622004 0.712648
0.630061 0.998985
0.638705 0.988144
0.64791 0.945537
0.657653 1.09719
0.667912 0.813207
0.678662 0.817057
0.68988 1.03666
0.701544 1.45976
0.713633 0.723909
0.726124 1.04605
0.738998 1.28935
0.752235 1.3135
0.765816 1.40298
0.779723 1.57207
0.793939 1.47798
0.808447 1.87972
0.823233 1.50733
0.838281 1.23431
0.592384 0.923962
0.592755 0.759664
0.593864 0.668361
0.595707 0.909029
0.598279 0.801391
0.601569 0.714502
0.605566 0.775536
0.610257 0.774312
0.615624 0.720537
0.621651 0.862667
0.628319 0.968918
0.635607 0.815578
0.643494 0.739532
0.651959 0.815971
0.66098 0.878323
0.670534 0.75536
0.680598 1.0157
0.69115 1.02754
0.702169 1.10909
0.713633 1.19234
0.72552 1.13195
0.73781 1.26989
0.750483 1.29961
0.763521 1.31311
0.776905 1.55271
0.790617 1.23645
0.80464 1.25296
0.818959 1.57857
0.833559 1.27575
0.848424 1.06431
0.607375 0.734112
0.607736 0.90513
0.608817 0.537064
0.610616 0.722676
0.613125 0.719566
0.616336 0.902155
0.620238 0.734668
0.624818 1.08824
0.630061 0.686414
0.635952 0.705994
0.642471 0.792211
0.6496 0.680303
0.65732 0.600784
0.665609 0.934842
0.674447 0.968468
0.683813 0.839629
0.693684 0.94669
0.704041 1.00621
0.714861 1.03821
0.726124 1.21942
0.73781 1.15197
0.749899 1.23349
0.762371 1.41596
0.775209 1.64514
0.788394 1.21798
0.80191 1.58459
0.815739 1.23104
0.829867 1.27375
0.844278 1.34972
0.858957 1.32282
0.622708 0.736513
0.623061 1.20824
0.624116 0.997109
0.62587 0.690172
0.628319 0.92034
0.631452 0.803566
0.635261 0.774862
0.639734 1.07006
0.644856 0.94368
0.650612 0.850513
0.656986 0.825617
0.66396 0.823522
0.671514 0.855119
0.67963 1.12738
0.688288 0.736764
0.697468 0.990214
0.707149 1.01882
0.717311 1.10563
0.727934 1.09881
0.738998 1.51273
0.750483 1.42935
0.762371 1.48201
0.774643 0.989293
0.787281 1.22295
0.800267 1.31753
0.813586 1.17298
0.82722 1.15819
0.841155 1.43765
0.855375 1.66117
0.869868 1.15593
0.638361 0.887153
0.638705 0.829301
0.639734 0.875017
0.641446 0.890735
0.643835 0.831756
0.646894 0.855581
0.650612 0.96832
0.65498 0.700287
0.659984 0.88363
0.665609 0.870649
0.671841 1.24812
0.678662 0.952928
0.686054 0.638225
0.694001 1.36145
0.702481 1.09113
0.711478 1.01021
0.720971 1.30503
0.730941 0.898781
0.741369 1.27205
0.752235 1.49333
0.763521 1.4982
0.775209 1.4987
0.787281 0.976347
0.799719 1.37495
0.812507 1.1977
0.825627 1.189
0.839066 1.2367
0.852807 1.16136
0.866837 1.61642
0.881141 0.990437
0.65431 0.701284
0.654645 0.81428
0.655649 0.97076
0.65732 0.782259
0.659651 0.880917
0.662637 0.763885
0.666268 0.738537
0.670534 0.908341
0.675422 0.854013
0.68092 1.3259
0.687013 0.788942
0.693684 0.818351
0.700919 1.23481
0.708698 1.36645
0.717005 1.15194
0.725822 1.10554
0.73513 1.57924
0.74491 1.18366
0.755145 1.23753
0.765816 1.32377
0.776905 1.4953
0.788394 1.14284
0.800267 1.24603
0.812507 1.29885
0.825096 1.25267
0.83802 1.3967
0.851263 1.10864
0.86481 1.30206
0.878648 1.20504
0.892763 1.25115
0.670534 1.00187
0.670861 0.908049
0.671841 1.04289
0.673471 0.943946
0.675747 0.982883
0.678662 0.724478
0.682207 0.823232
0.686374 1.03918
0.69115 0.978774
0.696524 0.997429
0.702481 0.994271
0.709008 0.95718
0.716087 1.17235
0.723704 1.08309
0.731841 1.32012
0.74048 1.10426
0.749606 1.25642
0.7592 1.29888
0.769245 1.3767
0.779723 1.2938
0.790617 1.45202
0.80191 1.52699
0.813586 1.20696
0.825627 1.49472
0.83802 0.954563
0.850747 0.988355
0.863795 1.25976
0.877149 1.52131
0.890795 1.17833
0.904721 1.34411
0.687013 0.993579
0.687332 0.824981
0.688288 1.00679
0.68988 1.03263
0.692102 1.13491
0.694948 0.777291
0.698411 1.17139
0.702481 1.02076
0.707149 0.903136
0.712402 1.1847
0.718228 1.02328
0.724612 1.0647
0.731541 1.28935
0.738998 1.13887
0.746968 0.814048
0.755435 1.28173
0.764382 1.46716
0.773793 1.22893
0.783651 1.32378
0.793939 1.15694
0.80464 1.15053
0.815739 1.45341
0.82722 1.08641
0.839066 1.38151
0.851263 1.28981
0.863795 1.26875
0.876649 1.45656
0.88981 1.2487
0.903265 1.00524
0.917001 1.32027
0.703729 1.12672
0.704041 0.911587
0.704975 0.830157
0.706529 0.909657
0.708698 1.18077
0.711478 0.944756
0.714861 0.991632
0.718838 1.10761
0.723401 1.08006
0.728536 1.16635
0.734234 1.34044
0.74048 1.10162
0.747262 0.8788
0.754564 1.06101
0.762371 1.25764
0.770669 1.17828
0.779441 1.53478
0.788673 1.33052
0.798346 1.20843
0.808447 1.3449
0.818959 0.981614
0.829867 1.52314
0.841155 1.56726
0.852807 1.24927
0.86481 1.15485
0.877149 1.41048
0.88981 1.26273
0.902779 1.01303
0.916044 1.22258
0.929591 1.02748
0.720667 0.912744
0.720971 1.14056
0.721883 1.34598
0.723401 1.16393
0.72552 1.18548
0.728235 1.12486
0.731541 1.07311
0.735428 0.920185
0.739888 1.11683
0.74491 1.39217
0.750483 1.21897
0.756596 1.38006
0.763234 1.15325
0.770384 1.14393
0.778033 1.54112
0.786166 1.39872
0.794767 1.90809
0.803822 1.62298
0.813316 1.40692
0.823233 1.29888
0.833559 1.35736
0.844278 1.32709
0.855375 1.22257
0.866837 1.16447
0.878648 0.901583
0.890795 1.13902
0.903265 1.04766
0.916044 1.20627
0.929119 1.46201
0.942478 1.34733
0.73781 1.17625
0.738107 1.32612
0.738998 1.48302
0.74048 1.34879
0.742551 1.14994
0.745204 0.797429
0.748435 1.44065
0.752235 1.02019
0.756596 1.36026
0.761508 1.32807
0.766961 1.3541
0.772942 1.52622
0.779441 1.17173
0.786445 1.26678
0.793939 1.30393
0.80191 1.53056
0.810344 1.05551
0.819227 1.64177
0.828544 1.22526
0.838281 1.47849
0.848424 1.22803
0.858957 1.66703
0.869868 1.2725
0.881141 1.21543
0.892763 1.22029
0.904721 1.39732
0.917001 1.39277
0.929591 1.02245
0.942478 1.04144
0.95565 1.15578
0.439823 0.334051
0.440321 0.385469
0.441813 0.432743
0.444288 0.487286
0.447731 0.450098
0.452118 0.364552
0.457423 0.414659
0.463614 0.352447
0.470657 0.584821
0.478513 0.400881
0.487144 0.39421
0.496509 0.438419
0.506567 0.587578
0.517277 0.487733
0.528601 0.573558
0.5405 0.490334
0.552936 0.49717
0.565874 0.766965
0.579281 0.937519
0.593124 0.749741
0.607375 0.709429
0.622004 0.606918
0.636985 0.840505
0.652296 0.921794
0.667912 0.802002
0.683813 0.928783
0.699979 1.1873
0.716393 1.29892
0.733038 1.06857
0.749899 1.20677
0.440321 0.40035
0.440819 0.428068
0.442309 0.313049
0.444782 0.39403
0.44822 0.546244
0.452603 0.490379
0.457902 0.423943
0.464087 0.523569
0.471123 0.44019
0.478971 0.542743
0.487594 0.498953
0.49695 0.545213
0.506999 0.807859
0.517701 0.651118
0.529016 0.637037
0.540906 0.438511
0.553333 0.507711
0.566262 0.617586
0.57966 0.786064
0.593494 0.574515
0.607736 0.776347
0.622356 0.84207
0.63733 0.866256
0.652632 0.751722
0.66824 1.13462
0.684133 0.830173
0.700293 0.94676
0.716699 1.24467
0.733337 1.18972
0.750191 0.941167
0.441813 0.391548
0.442309 0.494066
0.443794 0.434504
0.446259 0.476887
0.449686 0.443468
0.454054 0.439272
0.459337 0.373793
0.465503 0.523901
0.472517 0.436004
0.480343 0.577432
0.488941 0.487712
0.498272 0.499128
0.508295 0.539895
0.518971 0.41844
0.530258 0.73044
0.542121 0.738451
0.554521 0.729825
0.567423 0.461097
0.580794 0.877661
0.594602 0.686157
0.608817 0.716448
0.623412 0.759627
0.638361 0.795184
0.653639 0.845968
0.669224 0.943507
0.685095 0.9398
0.701232 1.16384
0.717617 1.10083
0.734234 1.26144
0.751068 1.21145
0.444288 0.336008
0.444782 0.489468
0.446259 0.511658
0.448709 0.347733
0.452118 0.424817
0.456463 0.369215
0.461718 0.472923
0.467852 0.401454
0.474832 0.455452
0.482621 0.460075
0.491179 0.529288
0.500468 0.593319
0.510448 0.486124
0.521079 0.560436
0.532323 0.629077
0.54414 0.505455
0.556495 0.565099
0.569352 0.60112
0.582679 0.744002
0.596443 0.866244
0.610616 0.843812
0.625169 0.789178
0.640077 0.658632
0.655315 0.890276
0.670861 0.779345
0.686693 0.77595
0.702794 0.993945
0.719143 0.965781
0.735726 1.06798
0.752526 1.31721
0.447731 0.363387
0.44822 0.481915
0.449686 0.535667
0.452118 0.395646
0.455501 0.478393
0.459814 0.368449
0.465031 0.362289
0.471123 0.493012
0.478055 0.385006
0.485791 0.478604
0.494295 0.425401
0.503527 0.658008
0.513447 0.52676
0.524017 0.466051
0.535199 0.474001
0.546954 0.566149
0.559247 0.715074
0.572042 0.636015
0.585308 0.791005
0.599012 0.815004
0.613125 0.763038
0.62762 0.882354
0.642471 0.826301
0.657653 0.888677
0.673145 0.994126
0.688925 0.90271
0.704975 0.824582
0.721275 1.18398
0.73781 1.07715
0.754564 1.08765
0.452118 0.524
0.452603 0.368367
0.454054 0.498944
0.456463 0.491141
0.459814 0.303617
0.464087 0.363025
0.469257 0.421853
0.475294 0.469405
0.482166 0.57549
0.489838 0.497631
0.498272 0.65747
0.507432 0.520801
0.517277 0.665285
0.527771 0.629934
0.538874 0.704124
0.550551 0.624056
0.562765 0.615346
0.575482 0.701555
0.58867 0.680615
0.602298 0.54771
0.616336 0.804348
0.630757 0.850131
0.645536 0.783896
0.660648 0.914917
0.676071 0.640208
0.691785 0.98777
0.707769 0.970607
0.724007 1.14258
0.74048 0.936686
0.757175 1.43902
0.457423 0.335868
0.457902 0.572105
0.459337 0.459824
0.461718 0.397428
0.465031 0.43899
0.469257 0.424822
0.47437 0.460805
0.480343 0.613025
0.487144 0.384903
0.494739 0.514673
0.503091 0.546927
0.512164 0.572962
0.521921 0.79328
0.532323 0.567156
0.543333 0.592142
0.554916 0.594724
0.567036 0.74196
0.57966 0.748289
0.592755 0.62073
0.60629 0.830824
0.620238 0.711768
0.634571 0.855351
0.649262 0.830728
0.66429 0.847559
0.67963 0.941731
0.695263 0.902759
0.71117 1.00122
0.727331 0.767792
0.743731 1.18094
0.760355 1.57409
0.463614 0.448205
0.464087 0.451369
0.465503 0.385856
0.467852 0.402531
0.471123 0.411546
0.475294 0.421489
0.480343 0.450394
0.486243 0.497197
0.492962 0.556155
0.500468 0.558616
0.508727 0.492122
0.517701 0.542482
0.527355 0.743966
0.537652 0.606155
0.548556 0.652222
0.56003 0.622471
0.572042 0.610316
0.584558 0.579945
0.597545 0.777644
0.610975 0.88098
0.624818 0.65974
0.639048 0.562053
0.653639 0.735426
0.668568 0.991485
0.683813 1.00814
0.699352 1.24656
0.715168 0.998903
0.731241 0.971845
0.747555 1.45704
0.764095 1.11047
0.470657 0.4628
0.471123 0.423354
0.472517 0.403742
0.474832 0.371122
0.478055 0.422713
0.482166 0.448408
0.487144 0.388466
0.492962 0.537619
0.499591 0.437425
0.506999 0.537989
0.515153 0.585163
0.524017 0.552769
0.533557 0.585686
0.543737 0.636425
0.554521 0.668087
0.565874 0.870345
0.577765 0.665196
0.590159 0.749923
0.603026 0.692215
0.616336 0.749662
0.630061 0.898599
0.644175 1.12503
0.658653 0.779681
0.673471 0.820004
0.688607 0.883527
0.704041 0.922845
0.719753 1.38495
0.735726 0.980945
0.751943 1.40473
0.768389 1.27252
0.478513 0.5014
0.478971 0.491977
0.480343 0.472804
0.482621 0.45843
0.485791 0.504554
0.489838 0.509692
0.494739 0.667174
0.500468 0.503635
0.506999 0.5353
0.514301 0.529895
0.522341 0.416196
0.531085 0.653793
0.5405 0.516366
0.550551 0.707079
0.561204 0.769171
0.572425 0.635801
0.584182 0.765749
0.596443 0.736759
0.609177 0.653885
0.622356 0.882386
0.635952 0.840574
0.649938 0.645553
0.66429 1.1608
0.678985 1.1459
0.694001 1.24014
0.709317 1.20968
0.724915 1.31558
0.740777 0.910484
0.756886 1.24934
0.773226 1.40492
0.487144 0.369466
0.487594 0.493249
0.488941 0.491699
0.491179 0.425958
0.494295 0.487305
0.498272 0.365012
0.503091 0.695342
0.508727 0.623153
0.515153 0.534688
0.522341 0.524382
0.530258 0.549063
0.538874 0.519578
0.548156 0.606035
0.558069 0.666508
0.568581 0.595373
0.57966 0.825429
0.591273 0.838639
0.603389 0.734746
0.61598 0.914398
0.629016 0.758384
0.642471 1.0344
0.656318 0.803678
0.670534 0.960186
0.685095 0.785819
0.699979 0.938163
0.715168 1.07229
0.730641 1.21072
0.746381 1.28168
0.762371 1.327
0.778597 1.4385
0.496509 0.475258
0.49695 0.542458
0.498272 0.478523
0.500468 0.43176
0.503527 0.536364
0.507432 0.512467
0.512164 0.563336
0.517701 0.473474
0.524017 0.523358
0.531085 0.600406
0.538874 0.54061
0.547355 0.599167
0.556495 0.558235
0.566262 0.598907
0.576625 0.753204
0.587552 0.659676
0.599012 0.712544
0.610975 0.861147
0.623412 0.848843
0.636296 0.761083
0.6496 0.796321
0.663299 0.873203
0.677368 1.05215
0.691785 1.08042
0.706529 0.865196
0.721579 1.33299
0.736918 1.20096
0.752526 1.23154
0.768389 1.08134
0.78449 1.21096
0.506567 0.431127
0.506999 0.587512
0.508295 0.608414
0.510448 0.537498
0.513447 0.619261
0.517277 0.672509
0.521921 0.558099
0.527355 0.574185
0.533557 0.545311
0.5405 0.651139
0.548156 0.581587
0.556495 0.580011
0.565487 0.535342
0.575101 0.732891
0.585308 0.671034
0.596075 0.855883
0.607375 0.623531
0.619176 0.84916
0.631452 0.710864
0.644175 0.731461
0.65732 0.985779
0.670861 0.974614
0.684774 0.980616
0.699039 0.917906
0.713633 1.34502
0.728536 1.03532
0.743731 1.20032
0.7592 1.35133
0.774926 1.3749
0.790894 1.45411
0.517277 0.626513
0.517701 0.436397
0.518971 0.482356
0.521079 0.552582
0.524017 0.519185
0.527771 0.508533
0.532323 0.594002
0.537652 0.560028
0.543737 0.766042
0.550551 0.627185
0.558069 0.547858
0.566262 0.657793
0.575101 0.612507
0.584558 0.74792
0.594602 0.795083
0.605204 0.781453
0.616336 0.738408
0.627969 0.77819
0.640077 0.899451
0.652632 0.777161
0.665609 0.833301
0.678985 1.04876
0.692735 0.983474
0.706839 0.961334
0.721275 1.34005
0.736024 1.399
0.751068 1.14551
0.766388 1.24045
0.78197 1.19069
0.797797 1.10663
0.528601 0.621453
0.529016 0.686205
0.530258 0.476057
0.532323 0.6559
0.535199 0.677641
0.538874 0.631072
0.543333 0.494177
0.548556 0.543806
0.554521 0.716344
0.561204 0.657342
0.568581 0.704754
0.576625 0.587332
0.585308 0.766151
0.594602 0.599429
0.604479 0.723794
0.614911 0.852159
0.62587 0.734013
0.63733 0.969447
0.649262 0.835851
0.661643 0.928307
0.674447 1.23235
0.687651 0.892407
0.701232 1.11147
0.715168 1.13054
0.729439 1.41045
0.744026 0.994797
0.758911 0.975695
0.774077 0.965795
0.789506 1.34556
0.805185 1.2455
0.5405 0.534623
0.540906 0.776683
0.542121 0.73665
0.54414 0.650464
0.546954 0.73556
0.550551 0.593871
0.554916 0.699508
0.56003 0.664684
0.565874 0.701718
0.572425 0.730627
0.57966 0.677452
0.587552 0.685324
0.596075 0.940374
0.605204 0.584931
0.614911 0.795292
0.625169 0.717996
0.635952 0.768499
0.647232 0.71918
0.658986 0.703162
0.671187 1.20784
0.683813 1.04607
0.696839 1.11248
0.710244 0.925773
0.724007 1.08251
0.738107 1.00856
0.752526 1.25319
0.767246 1.52258
0.78225 1.2189
0.797522 1.44044
0.813046 1.17962
0.552936 0.648817
0.553333 0.482419
0.554521 0.584731
0.556495 0.581787
0.559247 0.644192
0.562765 0.658454
0.567036 0.532563
0.572042 0.683331
0.577765 0.618774
0.584182 0.528507
0.591273 0.554458
0.599012 0.700583
0.607375 0.590955
0.616336 0.848135
0.62587 0.7861
0.635952 0.801901
0.646554 0.614961
0.657653 0.71847
0.669224 0.848681
0.681242 0.831742
0.693684 1.23496
0.706529 1.15707
0.719753 1.37253
0.733337 1.05275
0.747262 1.50681
0.761508 1.23635
0.776057 1.31933
0.790894 1.4722
0.806002 1.07199
0.821366 1.52873
0.565874 0.54995
0.566262 0.857583
0.567423 0.540231
0.569352 0.782845
0.572042 0.633156
0.575482 0.742475
0.57966 0.689017
0.584558 0.728467
0.590159 0.715926
0.596443 0.777572
0.603389 0.722008
0.610975 0.631425
0.619176 0.839515
0.627969 0.764705
0.63733 0.673174
0.647232 0.78093
0.657653 0.932651
0.668568 0.69578
0.679953 0.992179
0.691785 0.943889
0.704041 0.895851
0.716699 0.921677
0.72974 0.888472
0.743141 1.42156
0.756886 1.13388
0.770954 1.27874
0.785328 1.40461
0.799993 1.08056
0.814932 1.25144
0.830131 1.24457
0.579281 0.546525
0.57966 0.931514
0.580794 0.744019
0.582679 0.643815
0.585308 0.516169
0.58867 0.71654
0.592755 0.716364
0.597545 0.758184
0.603026 0.780714
0.609177 0.594206
0.61598 0.805464
0.623412 0.726923
0.631452 0.682766
0.640077 0.649964
0.649262 1.09981
0.658986 0.628415
0.669224 0.745735
0.679953 0.728107
0.69115 0.818659
0.702794 0.836628
0.714861 1.03484
0.727331 1.31334
0.740184 1.36982
0.7534 1.74595
0.766961 1.15358
0.780847 1.12738
0.795043 1.36656
0.809532 1.6601
0.824298 1.01351
0.839327 1.19157
0.593124 0.848146
0.593494 0.787065
0.594602 0.515491
0.596443 0.652421
0.599012 0.56311
0.602298 0.847352
0.60629 0.870498
0.610975 0.752139
0.616336 0.78842
0.622356 0.828291
0.629016 0.802175
0.636296 0.957102
0.644175 0.861615
0.652632 1.11252
0.661643 1.03416
0.671187 0.849191
0.681242 0.890634
0.691785 0.980893
0.702794 1.06462
0.714247 1.37479
0.726124 1.26909
0.738404 1.36845
0.751068 1.07577
0.764095 1.79743
0.777469 1.13132
0.791171 1.0083
0.805185 1.0591
0.819495 1.32941
0.834085 1.54191
0.848941 1.03144
0.607375 0.710807
0.607736 0.669514
0.608817 0.79776
0.610616 0.830069
0.613125 0.755831
0.616336 0.808682
0.620238 0.725041
0.624818 0.580644
0.630061 0.918066
0.635952 0.932299
0.642471 0.789086
0.6496 0.908693
0.65732 0.895335
0.665609 0.826803
0.674447 1.04088
0.683813 1.02918
0.693684 1.08237
0.704041 1.09087
0.714861 1.39212
0.726124 1.24582
0.73781 1.21454
0.749899 1.53971
0.762371 1.34393
0.775209 1.10367
0.788394 1.33367
0.80191 1.21986
0.815739 1.2613
0.829867 1.11041
0.844278 1.53938
0.858957 1.16508
0.622004 0.782962
0.622356 0.835248
0.623412 0.986048
0.625169 0.946262
0.62762 0.728731
0.630757 0.877218
0.634571 0.879504
0.639048 0.81253
0.644175 0.820344
0.649938 0.819525
0.656318 1.06129
0.663299 0.835769
0.670861 0.846888
0.678985 0.748901
0.687651 1.19288
0.696839 1.15253
0.706529 1.04662
0.716699 1.06418
0.727331 1.25903
0.738404 1.24124
0.749899 1.31776
0.761796 1.35835
0.774077 1.16098
0.786723 1.57212
0.799719 1.35764
0.813046 1.19097
0.826689 1.13891
0.840633 1.13407
0.854862 1.26896
0.869363 1.30326
0.636985 0.729493
0.63733 0.790211
0.638361 0.809519
0.640077 0.814215
0.642471 0.896492
0.645536 1.02672
0.649262 0.758476
0.653639 0.851824
0.658653 1.04957
0.66429 0.733703
0.670534 0.816091
0.677368 0.903254
0.684774 0.853358
0.692735 1.00569
0.701232 0.959931
0.710244 1.28926
0.719753 1.38039
0.72974 1.0703
0.740184 1.39556
0.751068 0.752562
0.762371 1.17765
0.774077 1.49451
0.786166 1.16692
0.798621 1.3778
0.811426 1.4208
0.824564 1.29287
0.83802 1.4046
0.851778 1.15924
0.865824 1.6903
0.880144 1.25458
0.652296 0.912528
0.652632 0.794297
0.653639 0.896917
0.655315 0.763668
0.657653 0.700171
0.660648 0.888067
0.66429 0.938323
0.668568 0.869259
0.673471 1.17252
0.678985 0.8121
0.685095 0.76418
0.691785 0.965217
0.699039 1.23608
0.706839 0.896469
0.715168 1.64342
0.724007 1.19399
0.733337 1.03098
0.743141 1.25585
0.7534 1.04583
0.764095 1.52549
0.775209 1.4127
0.786723 1.12485
0.798621 1.35172
0.810885 1.0331
0.8235 1.11534
0.836448 1.53132
0.849715 1.33572
0.863287 1.23995
0.877149 1.23642
0.891288 1.10182
0.667912 0.781795
0.66824 0.718939
0.669224 0.759653
0.670861 1.00817
0.673145 1.05822
0.676071 1.07071
0.67963 0.828825
0.683813 0.83015
0.688607 0.949789
0.694001 1.0296
0.699979 1.11638
0.706529 1.25642
0.713633 0.987413
0.721275 1.04735
0.729439 0.987037
0.738107 1.43163
0.747262 1.54392
0.756886 1.21407
0.766961 1.33811
0.777469 1.33707
0.788394 1.00019
0.799719 1.02378
0.811426 1.29224
0.8235 1.02334
0.835923 1.19527
0.848682 1.1258
0.861762 1.2251
0.875146 1.51989
0.888823 0.919264
0.902779 1.16937
0.683813 0.851565
0.684133 1.12456
0.685095 1.18124
0.686693 1.18091
0.688925 1.46099
0.691785 1.04224
0.695263 0.802064
0.699352 0.785112
0.704041 0.91759
0.709317 1.04577
0.715168 1.12784
0.721579 1.05382
0.728536 1.44325
0.736024 1.14525
0.744026 1.06671
0.752526 0.983362
0.761508 1.21952
0.770954 1.06353
0.780847 1.54781
0.791171 1.67619
0.80191 1.35485
0.813046 1.5022
0.824564 1.52333
0.836448 1.25528
0.848682 1.15656
0.861252 1.34946
0.874143 1.16206
0.887342 1.14358
0.900833 0.984115
0.914606 1.37156
0.699979 1.1743
0.700293 1.15908
0.701232 0.802004
0.702794 0.743107
0.704975 1.07943
0.707769 1.11245
0.71117 1.08971
0.715168 1.35105
0.719753 1.23321
0.724915 1.02635
0.730641 1.0041
0.736918 1.21573
0.743731 1.87797
0.751068 1.3501
0.758911 1.22662
0.767246 1.32167
0.776057 1.41783
0.785328 1.36718
0.795043 1.53196
0.805185 1.06135
0.815739 1.2431
0.826689 0.80035
0.83802 1.33706
0.849715 1.1721
0.861762 1.52231
0.874143 1.38028
0.886847 1.11455
0.899859 1.15355
0.913166 1.01827
0.926755 1.39778
0.716393 0.917135
0.716699 1.12326
0.717617 0.840329
0.719143 1.23447
0.721275 1.26412
0.724007 1.17303
0.727331 0.947846
0.731241 1.5187
0.735726 0.932755
0.740777 1.03208
0.746381 1.10429
0.752526 1.25908
0.7592 1.25841
0.766388 1.05502
0.774077 1.15907
0.78225 1.28165
0.790894 1.21219
0.799993 1.43193
0.809532 1.65187
0.819495 1.25019
0.829867 1.45925
0.840633 1.21777
0.851778 0.929632
0.863287 1.01045
0.875146 1.13003
0.887342 1.20353
0.899859 1.03542
0.912685 1.31892
0.925808 1.05202
0.939214 1.03038
0.733038 1.13918
0.733337 1.00694
0.734234 1.01101
0.735726 1.06612
0.73781 1.33589
0.74048 1.25861
0.743731 1.29654
0.747555 1.30236
0.751943 1.1153
0.756886 1.258
0.762371 1.32884
0.768389 1.5164
0.774926 1.48164
0.78197 1.31504
0.789506 1.43457
0.797522 0.831332
0.806002 1.11967
0.814932 1.23979
0.824298 1.4601
0.834085 1.40186
0.844278 1.36374
0.854862 1.45083
0.865824 1.42083
0.877149 1.04048
0.888823 1.23351
0.900833 1.39041
0.913166 1.16822
0.925808 1.03459
0.938747 1.08901
0.951971 1.10309
0.749899 1.17815
0.750191 1.38666
0.751068 1.15853
0.752526 1.53351
0.754564 1.03251
0.757175 1.27565
0.760355 1.60131
0.764095 1.32233
0.768389 1.52831
0.773226 1.13071
0.778597 1.54958
0.78449 1.2797
0.790894 1.25947
0.797797 1.22308
0.805185 1.1159
0.813046 1.36809
0.821366 1.0238
0.830131 1.60964
0.839327 1.22249
0.848941 1.43274
0.858957 1.19551
0.869363 1.41758
0.880144 1.38647
0.891288 1.14537
0.902779 1.37539
0.914606 1.08886
0.926755 1.06884
0.939214 1.12922
0.951971 0.810516
0.965014 1.23567
0.460767 0.363996
0.461243 0.479663
0.462667 0.460251
0.465031 0.326417
0.468321 0.424152
0.472517 0.494693
0.477596 0.467768
0.483529 0.467735
0.490285 0.462104
0.497832 0.442355
0.506133 0.46133
0.515153 0.453713
0.524854 0.584016
0.535199 0.574689
0.546151 0.765377
0.557676 0.529227
0.569737 0.599876
0.582302 0.717456
0.595339 0.552078
0.608817 0.749337
0.622708 0.725653
0.636985 0.570612
0.651623 0.796641
0.666597 0.762784
0.681886 0.949981
0.697468 1.08481
0.713325 1.2556
0.729439 1.2955
0.745793 1.09992
0.762371 1.09859
0.461243 0.407089
0.461718 0.453595
0.463141 0.497594
0.465503 0.440564
0.468789 0.485192
0.472981 0.520639
0.478055 0.646547
0.483982 0.308476
0.490732 0.605945
0.498272 0.451662
0.506567 0.514511
0.515579 0.502759
0.525272 0.663998
0.535609 0.53492
0.546553 0.650852
0.558069 0.72218
0.570122 0.712721
0.582679 0.610999
0.595707 0.692429
0.609177 0.627078
0.623061 0.815559
0.63733 0.840696
0.651959 0.811835
0.666926 0.853016
0.682207 1.05878
0.697783 1.042
0.713633 1.10452
0.72974 1.26242
0.746087 1.61817
0.762659 0.875549
0.462667 0.57703
0.463141 0.441377
0.464559 0.482104
0.466914 0.414107
0.470191 0.439179
0.47437 0.335494
0.479429 0.553096
0.48534 0.425131
0.492071 0.494887
0.499591 0.684982
0.507864 0.50855
0.516853 0.595182
0.526523 0.530889
0.536836 0.578623
0.547755 0.713716
0.559247 0.667271
0.571275 0.757342
0.583807 0.61398
0.596811 0.561971
0.610257 0.722288
0.624116 0.645276
0.638361 0.70159
0.652968 0.810982
0.667912 0.949946
0.683171 0.980641
0.698725 0.904452
0.714554 1.05568
0.730641 1.10056
0.746968 1.22202
0.763521 1.25417
0.465031 0.40093
0.465503 0.540913
0.466914 0.359983
0.469257 0.399098
0.472517 0.362551
0.476676 0.472949
0.481711 0.377735
0.487594 0.642704
0.494295 0.418643
0.501781 0.709565
0.510019 0.542868
0.518971 0.494102
0.528601 0.61182
0.538874 0.485607
0.549754 0.592635
0.561204 0.470356
0.573191 0.447332
0.585682 0.649885
0.598645 0.774042
0.612051 0.968047
0.62587 0.863662
0.640077 0.795476
0.654645 0.600135
0.669552 0.920946
0.684774 1.18463
0.700293 1.14237
0.716087 1.39757
0.73214 1.57821
0.748435 0.941432
0.764956 0.967019
0.468321 0.395886
0.468789 0.344623
0.470191 0.487353
0.472517 0.491993
0.475755 0.394114
0.479886 0.432578
0.484888 0.410079
0.490732 0.554787
0.497391 0.477995
0.504832 0.663802
0.51302 0.44925
0.521921 0.508063
0.531498 0.771372
0.541716 0.597497
0.552539 0.676392
0.563933 0.568085
0.575863 0.737787
0.588298 0.665771
0.601204 0.723843
0.614554 0.923196
0.628319 0.613346
0.642471 0.724244
0.656986 0.985467
0.671841 0.824333
0.687013 0.980786
0.702481 0.938399
0.718228 0.950765
0.734234 1.13004
0.750483 1.40517
0.766961 1.23786
0.472517 0.50475
0.472981 0.453592
0.47437 0.500648
0.476676 0.541721
0.479886 0.311439
0.483982 0.507991
0.488941 0.475118
0.494739 0.378319
0.501344 0.461428
0.508727 0.429044
0.516853 0.542886
0.525689 0.533992
0.535199 0.608987
0.545348 0.582762
0.5561 0.59482
0.567423 0.748187
0.579281 0.633886
0.591643 0.616053
0.604479 0.73271
0.617758 0.507178
0.631452 0.826566
0.645536 0.95746
0.659984 1.03356
0.674772 0.991759
0.68988 0.863415
0.705286 1.19923
0.720971 1.16538
0.736918 1.05663
0.753109 1.16708
0.76953 1.30924
0.477596 0.589531
0.478055 0.402945
0.479429 0.519917
0.481711 0.504568
0.484888 0.655597
0.488941 0.625411
0.493851 0.526776
0.499591 0.490579
0.506133 0.522187
0.513447 0.380788
0.5215 0.358727
0.530258 0.718415
0.539688 0.487062
0.549754 0.640714
0.560422 0.6717
0.571659 0.781281
0.583431 0.613994
0.595707 0.773844
0.608457 0.683044
0.621651 0.81162
0.635261 0.717208
0.649262 0.828111
0.663629 0.875976
0.678338 0.961814
0.693368 1.06358
0.708698 1.10633
0.72431 1.03649
0.740184 1.36368
0.756306 1.38361
0.772659 1.24657
0.483529 0.429889
0.483982 0.420507
0.48534 0.444353
0.487594 0.477277
0.490732 0.453643
0.494739 0.436034
0.499591 0.336763
0.505266 0.467981
0.511736 0.481619
0.518971 0.54911
0.526939 0.531552
0.535609 0.666326
0.544945 0.737982
0.554916 0.512141
0.565487 0.90843
0.576625 0.782052
0.588298 0.69765
0.600474 0.615649
0.613125 0.898783
0.626221 0.74923
0.639734 1.07203
0.653639 0.6837
0.667912 1.04991
0.682529 1.16963
0.697468 0.979873
0.71271 1.0793
0.728235 1.10442
0.744026 1.11445
0.760066 1.22895
0.77634 1.30087
0.490285 0.440764
0.490732 0.508338
0.492071 0.529048
0.494295 0.478537
0.497391 0.460872
0.501344 0.544967
0.506133 0.473597
0.511736 0.557628
0.518125 0.512973
0.525272 0.396542
0.533146 0.475833
0.541716 0.58744
0.550949 0.544688
0.560813 0.630822
0.571275 0.705958
0.582302 0.559406
0.593864 0.486339
0.605928 0.634005
0.618467 0.580626
0.631452 0.885764
0.644856 0.744519
0.658653 0.629259
0.672819 0.756735
0.687332 0.832929
0.702169 1.14822
0.717311 1.2635
0.732739 1.04331
0.748435 0.971099
0.764382 1.27069
0.780566 0.964339
0.497832 0.557221
0.498272 0.546183
0.499591 0.616608
0.501781 0.641558
0.504832 0.722779
0.508727 0.564201
0.513447 0.505003
0.518971 0.52052
0.525272 0.572103
0.532323 0.558815
0.540094 0.631999
0.548556 0.56378
0.557676 0.604307
0.567423 0.685775
0.577765 0.564464
0.58867 0.70298
0.600109 0.510112
0.612051 0.857995
0.624467 0.718923
0.63733 0.947971
0.650612 1.02527
0.66429 0.82856
0.678338 0.881053
0.692735 0.9657
0.707459 0.829913
0.72249 1.04363
0.73781 1.22587
0.7534 1.33055
0.769245 1.47667
0.785328 1.27622
0.506133 0.536493
0.506567 0.602025
0.507864 0.58757
0.510019 0.424482
0.51302 0.510191
0.516853 0.609865
0.5215 0.600805
0.526939 0.56088
0.533146 0.595493
0.540094 0.692392
0.547755 0.682361
0.5561 0.739125
0.565099 0.648798
0.57472 0.658269
0.584933 0.612197
0.595707 0.740342
0.607013 0.76893
0.618822 0.803639
0.631105 0.618207
0.643835 0.633174
0.656986 1.03299
0.670534 0.846071
0.684454 1.03056
0.698725 1.09042
0.713325 1.10622
0.728235 0.810923
0.743437 1.44798
0.758911 1.26326
0.774643 1.56062
0.790617 1.28929
0.515153 0.733895
0.515579 0.544194
0.516853 0.5122
0.518971 0.498755
0.521921 0.534063
0.525689 0.489058
0.530258 0.698018
0.535609 0.525927
0.541716 0.569464
0.548556 0.743809
0.5561 0.726564
0.564322 0.627886
0.573191 0.670248
0.582679 0.786871
0.592755 0.686372
0.603389 0.767442
0.614554 0.753833
0.626221 0.60549
0.638361 0.745754
0.650949 0.838336
0.66396 0.757277
0.677368 0.99292
0.69115 1.10477
0.705286 1.15291
0.719753 1.12979
0.734533 1.02971
0.749606 1.26495
0.764956 1.33574
0.780566 1.0577
0.796421 1.24105
0.524854 0.52996
0.525272 0.475821
0.526523 0.738299
0.528601 0.540172
0.531498 0.563647
0.535199 0.536133
0.539688 0.798544
0.544945 0.71312
0.550949 0.537459
0.557676 0.510532
0.565099 0.455399
0.573191 0.688425
0.581925 0.630181
0.591273 0.928598
0.601204 0.73041
0.611692 0.624901
0.622708 0.716041
0.634225 0.800995
0.646215 0.673672
0.658653 1.11889
0.671514 0.852675
0.684774 1.13123
0.698411 1.11789
0.712402 0.924383
0.726728 1.18245
0.741369 1.05218
0.756306 1.17829
0.771522 1.1685
0.787002 1.34099
0.80273 1.27712
0.535199 0.531444
0.535609 0.501662
0.536836 0.637259
0.538874 0.657789
0.541716 0.564867
0.545348 0.591526
0.549754 0.729969
0.554916 0.5659
0.560813 0.479662
0.567423 0.634527
0.57472 0.647308
0.582679 0.656518
0.591273 0.739121
0.600474 0.715876
0.610257 0.738675
0.620592 0.737648
0.631452 0.937038
0.642812 1.01323
0.654645 0.741393
0.666926 0.867846
0.67963 1.0044
0.692735 1.03373
0.706218 0.875083
0.720058 1.21054
0.734234 1.46952
0.748728 1.41972
0.763521 1.0394
0.778597 1.19109
0.793939 1.54145
0.809532 1.1697
0.546151 0.542145
0.546553 0.673754
0.547755 0.636618
0.549754 1.02122
0.552539 0.679232
0.5561 0.490226
0.560422 0.476082
0.565487 0.615877
0.571275 0.530233
0.577765 0.828621
0.584933 0.690749
0.592755 0.681057
0.601204 0.746879
0.610257 0.834267
0.619884 0.709645
0.630061 0.886828
0.640762 0.962648
0.651959 0.932479
0.663629 0.985169
0.675747 1.00846
0.688288 0.963598
0.701232 0.838767
0.714554 1.22282
0.728235 1.00803
0.742256 1.03179
0.756596 1.07665
0.771238 1.21431
0.786166 1.0868
0.801363 1.26323
0.816814 1.45941
0.557676 0.727359
0.558069 0.649561
0.559247 0.622601
0.561204 0.613245
0.563933 0.531113
0.567423 0.653751
0.571659 0.632315
0.576625 0.601462
0.582302 0.72409
0.58867 0.676817
0.595707 0.694954
0.603389 0.682574
0.611692 0.969861
0.620592 0.771549
0.630061 0.677554
0.640077 0.710966
0.650612 0.658341
0.661643 0.935674
0.673145 0.966537
0.685095 0.920793
0.697468 1.03116
0.710244 1.20362
0.723401 1.05597
0.736918 1.34815
0.750776 1.06102
0.764956 1.55052
0.779441 1.23476
0.794215 1.26507
0.809261 1.40214
0.824564 1.25386
0.569737 0.554765
0.570122 0.600171
0.571275 0.737334
0.573191 0.621988
0.575863 0.714404
0.579281 0.63493
0.583431 0.661689
0.588298 0.666961
0.593864 0.860263
0.600109 0.7564
0.607013 0.921403
0.614554 0.9042
0.622708 0.775996
0.631452 0.763478
0.640762 0.817542
0.650612 1.02183
0.66098 0.88512
0.671841 1.03079
0.683171 0.878959
0.694948 0.829545
0.707149 1.07048
0.719753 1.06659
0.732739 1.50322
0.746087 1.0172
0.759778 1.11646
0.773793 1.3674
0.788116 1.30464
0.80273 1.51691
0.817619 1.16354
0.832769 1.35609
0.582302 0.792115
0.582679 0.746548
0.583807 0.64262
0.585682 0.680149
0.588298 0.990562
0.591643 0.739684
0.595707 0.653771
0.600474 0.732303
0.605928 0.749561
0.612051 0.789468
0.618822 0.802941
0.626221 0.865458
0.634225 0.662251
0.642812 0.895428
0.651959 1.02184
0.661643 0.765363
0.671841 0.844859
0.682529 0.867046
0.693684 0.954713
0.705286 1.14275
0.717311 1.08541
0.72974 1.22085
0.742551 1.33337
0.755726 1.54485
0.769245 1.31204
0.783091 1.47261
0.797247 1.23985
0.811696 1.31906
0.826424 1.37619
0.841415 1.10251
0.595339 0.751218
0.595707 0.711482
0.596811 0.614805
0.598645 0.539787
0.601204 0.594867
0.604479 0.507222
0.608457 0.806046
0.613125 0.708598
0.618467 0.676116
0.624467 0.820365
0.631105 0.833967
0.638361 0.734874
0.646215 0.697699
0.654645 0.738176
0.663629 0.882209
0.673145 0.850344
0.683171 0.923598
0.693684 1.0192
0.704664 1.0441
0.716087 1.2018
0.727934 1.01123
0.740184 1.24388
0.752818 1.24017
0.765816 1.14653
0.77916 1.55908
0.792833 1.47318
0.806818 1.26341
0.821099 1.23608
0.835661 1.55517
0.850489 1.05391
0.608817 1.02182
0.609177 0.697537
0.610257 0.680893
0.612051 0.77753
0.614554 0.852206
0.617758 0.93874
0.621651 0.832358
0.626221 0.735854
0.631452 0.547796
0.63733 0.93184
0.643835 0.781342
0.650949 0.819836
0.658653 0.910963
0.666926 1.07086
0.675747 0.994008
0.685095 0.888868
0.694948 0.960377
0.705286 0.84316
0.716087 1.28155
0.727331 1.19697
0.738998 1.07228
0.751068 1.18717
0.763521 1.39972
0.77634 1.5072
0.789506 1.39176
0.803003 0.991401
0.816814 1.36972
0.830923 1.28281
0.845316 1.16396
0.859978 1.24191
0.622708 0.837835
0.623061 0.888133
0.624116 0.775591
0.62587 0.77622
0.628319 0.970114
0.631452 0.626249
0.635261 0.760301
0.639734 0.769288
0.644856 0.775137
0.650612 0.90613
0.656986 0.72757
0.66396 0.828347
0.671514 0.766806
0.67963 0.867903
0.688288 1.03556
0.697468 0.761012
0.707149 1.08133
0.717311 0.969602
0.727934 1.0483
0.738998 1.03722
0.750483 1.15393
0.762371 1.37187
0.774643 1.35532
0.787281 1.30352
0.800267 1.32086
0.813586 1.55369
0.82722 1.2005
0.841155 1.04137
0.855375 1.30182
0.869868 1.44968
0.636985 0.693496
0.63733 0.778517
0.638361 0.76074
0.640077 0.846803
0.642471 0.749525
0.645536 0.749569
0.649262 0.982464
0.653639 0.756952
0.658653 0.80322
0.66429 0.710986
0.670534 0.744091
0.677368 1.0131
0.684774 1.27002
0.692735 1.27612
0.701232 1.18158
0.710244 0.979296
0.719753 1.32659
0.72974 1.29424
0.740184 1.19716
0.751068 1.08815
0.762371 1.34427
0.774077 1.18018
0.786166 1.23204
0.798621 1.31772
0.811426 1.30913
0.824564 1.35866
0.83802 1.50947
0.851778 1.33746
0.865824 1.49223
0.880144 1.01361
0.651623 0.889219
0.651959 0.807805
0.652968 0.992092
0.654645 0.82368
0.656986 1.01179
0.659984 1.07042
0.663629 0.799563
0.667912 0.753135
0.672819 0.840012
0.678338 0.830283
0.684454 1.10177
0.69115 0.870516
0.698411 1.36351
0.706218 1.13939
0.714554 1.04048
0.723401 1.15105
0.732739 1.47775
0.742551 1.08003
0.752818 1.62129
0.763521 1.16058
0.774643 1.02637
0.786166 1.29466
0.798072 1.27321
0.810344 1.17653
0.822967 1.15298
0.835923 1.57026
0.849199 1.47123
0.862779 1.12685
0.876649 1.33758
0.890795 0.992631
0.666597 1.00187
0.666926 1.1899
0.667912 0.718971
0.669552 0.948123
0.671841 0.962351
0.674772 0.850168
0.678338 0.810896
0.682529 0.734425
0.687332 0.94047
0.692735 1.16421
0.698725 1.13786
0.705286 1.02309
0.712402 1.5701
0.720058 0.975533
0.728235 1.14323
0.736918 1.36997
0.746087 1.31649
0.755726 1.00502
0.765816 1.21886
0.77634 0.980884
0.787281 1.10998
0.798621 1.44692
0.810344 0.935635
0.822434 1.71309
0.834873 1.36054
0.847648 1.38486
0.860743 1.14339
0.874143 1.25594
0.887836 1.29781
0.901807 1.06597
0.681886 1.13092
0.682207 0.776792
0.683171 0.966651
0.684774 1.18146
0.687013 0.997214
0.68988 1.00476
0.693368 0.799178
0.697468 1.13552
0.702169 1.04349
0.707459 0.949887
0.713325 1.3077
0.719753 1.01429
0.726728 1.29566
0.734234 1.02438
0.742256 1.23835
0.750776 1.13136
0.759778 1.02352
0.769245 1.18124
0.77916 1.38619
0.789506 1.26118
0.800267 1.32049
0.811426 1.28221
0.822967 1.23038
0.834873 1.4514
0.84713 1.14194
0.859723 0.957657
0.872637 0.989902
0.885857 1.05679
0.899371 1.04882
0.913166 1.27061
0.697468 1.05827
0.697783 0.821661
0.698725 0.972271
0.700293 0.788012
0.702481 1.00449
0.705286 1.049
0.708698 1.26856
0.71271 1.02833
0.717311 1.18744
0.72249 0.909236
0.728235 1.1988
0.734533 1.2001
0.741369 1.13265
0.748728 1.32546
0.756596 1.04127
0.764956 1.15927
0.773793 1.6178
0.783091 1.1075
0.792833 1.05524
0.803003 1.48404
0.813586 1.32172
0.824564 1.21958
0.835923 1.12037
0.847648 1.28118
0.859723 1.64809
0.872134 1.18648
0.884866 1.14505
0.897907 1.01127
0.911242 1.25585
0.92486 1.02968
0.713325 1.05525
0.713633 0.989797
0.714554 1.14245
0.716087 1.07679
0.718228 0.958048
0.720971 1.01272
0.72431 1.24309
0.728235 0.903257
0.732739 1.02759
0.73781 1.30456
0.743437 1.08228
0.749606 1.43463
0.756306 1.46183
0.763521 1.35316
0.771238 1.18416
0.779441 1.32919
0.788116 0.979798
0.797247 1.16663
0.806818 1.50779
0.816814 1.66153
0.82722 1.10352
0.83802 1.36881
0.849199 1.05537
0.860743 1.44719
0.872637 1.28145
0.884866 1.46187
0.897418 1.3213
0.910279 0.994878
0.923436 1.11284
0.936876 0.699933
0.729439 1.14669
0.72974 0.988025
0.730641 0.93545
0.73214 0.954881
0.734234 1.07475
0.736918 1.48666
0.740184 1.23523
0.744026 1.01952
0.748435 1.22894
0.7534 1.42591
0.758911 1.19853
0.764956 1.18766
0.771522 1.2553
0.778597 1.48154
0.786166 1.00179
0.794215 1.20361
0.80273 1.35413
0.811696 1.48445
0.821099 1.43007
0.830923 1.36195
0.841155 1.13707
0.851778 1.29344
0.862779 1.25935
0.874143 1.07232
0.885857 1.03778
0.897907 1.25873
0.910279 1.05183
0.922961 1.03827
0.935939 1.3716
0.949202 1.27193
0.745793 1.10057
0.746087 1.34046
0.746968 1.27804
0.748435 1.4935
0.750483 1.13536
0.753109 1.30232
0.756306 1.27578
0.760066 1.08512
0.764382 1.23455
0.769245 1.02212
0.774643 1.0875
0.780566 1.42197
0.787002 1.33348
0.793939 1.70425
0.801363 1.3053
0.809261 1.2318
0.817619 1.26057
0.826424 0.905163
0.835661 1.39418
0.845316 1.47828
0.855375 1.53792
0.865824 1.42155
0.876649 1.43579
0.887836 0.93598
0.899371 1.16383
0.911242 1.11448
0.923436 1.1119
0.935939 1.02993
0.94874 1.05333
0.961827 0.859566
0.762371 1.2676
0.762659 1.30695
0.763521 1.23455
0.764956 1.60266
0.766961 1.61434
0.76953 1.42927
0.772659 1.22745
0.77634 1.41191
0.780566 1.0133
0.785328 1.06357
0.790617 1.18208
0.796421 1.54863
0.80273 1.53065
0.809532 1.11055
0.816814 1.51219
0.824564 1.3242
0.832769 1.64955
0.841415 1.00587
0.850489 1.19936
0.859978 1.0344
0.869868 1.10477
0.880144 1.16938
0.890795 1.26576
0.901807 0.962801
0.913166 1.06647
0.92486 1.13598
0.936876 1.18056
0.949202 1.29468
0.961827 1.17267
0.974738 1.09891
0.481711 0.626223
0.482166 0.512018
0.483529 0.466634
0.485791 0.309996
0.488941 0.499218
0.492962 0.529102
0.497832 0.58704
0.503527 0.528075
0.510019 0.547727
0.517277 0.64632
0.525272 0.574808
0.533968 0.68654
0.543333 0.613091
0.553333 0.527696
0.563933 0.5776
0.575101 0.623154
0.586805 0.700023
0.599012 0.59766
0.611692 0.661602
0.624818 0.713398
0.638361 0.861945
0.652296 0.720775
0.666597 0.673976
0.681242 0.973055
0.696209 0.885787
0.711478 0.934529
0.72703 0.984214
0.742846 1.15611
0.758911 1.56307
0.775209 1.2512
0.482166 0.539492
0.482621 0.581229
0.483982 0.529669
0.486243 0.489409
0.48939 0.694882
0.493407 0.441131
0.498272 0.504262
0.503962 0.541445
0.510448 0.582265
0.517701 0.432957
0.525689 0.589429
0.534379 0.560394
0.543737 0.491736
0.553729 0.735351
0.564322 0.693558
0.575482 0.509611
0.587178 0.586111
0.599378 0.581325
0.612051 0.572866
0.625169 0.675925
0.638705 0.902241
0.652632 1.0711
0.666926 1.05365
0.681564 0.721735
0.696524 1.09918
0.711786 1.28933
0.727331 0.937807
0.743141 0.918584
0.7592 1.2059
0.775492 1.33502
0.483529 0.367602
0.483982 0.46836
0.48534 0.485756
0.487594 0.467844
0.490732 0.49471
0.494739 0.351493
0.499591 0.456494
0.505266 0.538985
0.511736 0.522005
0.518971 0.524669
0.526939 0.494286
0.535609 0.723626
0.544945 0.537416
0.554916 0.868939
0.565487 0.598583
0.576625 0.8592
0.588298 0.78868
0.600474 0.569708
0.613125 0.732208
0.626221 0.830541
0.639734 0.78381
0.653639 1.03575
0.667912 0.944096
0.682529 1.01855
0.697468 0.873202
0.71271 1.22861
0.728235 1.00662
0.744026 1.1186
0.760066 1.27065
0.77634 1.32888
0.485791 0.424204
0.486243 0.463972
0.487594 0.434669
0.489838 0.484291
0.492962 0.536016
0.49695 0.401874
0.501781 0.602376
0.507432 0.44871
0.513874 0.553305
0.521079 0.595853
0.529016 0.571165
0.537652 0.578462
0.546954 0.643168
0.556889 0.711689
0.567423 0.558975
0.578523 0.803173
0.590159 0.647802
0.602298 0.774948
0.614911 0.877441
0.627969 0.907282
0.641446 0.665414
0.655315 0.857119
0.669552 0.961944
0.684133 0.934084
0.699039 1.00982
0.714247 1.16947
0.72974 1.08606
0.745499 1.25602
0.761508 1.14313
0.777751 1.24457
0.488941 0.590836
0.48939 0.484383
0.490732 0.67051
0.492962 0.416327
0.496067 0.581773
0.50003 0.537394
0.504832 0.493757
0.510448 0.756134
0.516853 0.798975
0.524017 0.541512
0.53191 0.65911
0.5405 0.584505
0.549754 0.531728
0.559639 0.598913
0.570122 0.611112
0.581171 0.633744
0.592755 0.536289
0.604842 0.593835
0.617403 0.650582
0.630409 0.820605
0.643835 0.939933
0.657653 0.864749
0.671841 1.18223
0.686374 0.774258
0.701232 1.00783
0.716393 1.11453
0.731841 1.17173
0.747555 1.35277
0.763521 1.2124
0.779723 1.20674
0.492962 0.502626
0.493407 0.53277
0.494739 0.508148
0.49695 0.54554
0.50003 0.458286
0.503962 0.596316
0.508727 0.442594
0.514301 0.674818
0.520658 0.558971
0.527771 0.520379
0.535609 0.512478
0.54414 0.662467
0.553333 0.578051
0.563155 0.671091
0.573574 0.700449
0.584558 0.569319
0.596075 0.446273
0.608096 0.634134
0.620592 0.774665
0.633533 0.728982
0.646894 0.705833
0.660648 1.07167
0.674772 1.26405
0.689244 0.973326
0.704041 0.898059
0.719143 1.20402
0.734533 1.48055
0.750191 0.874542
0.766102 1.36856
0.78225 1.13358
0.497832 0.413489
0.498272 0.436367
0.499591 0.606775
0.501781 0.420873
0.504832 0.465933
0.508727 0.548573
0.513447 0.6178
0.518971 0.567512
0.525272 0.537395
0.532323 0.568272
0.540094 0.442514
0.548556 0.619325
0.557676 0.811085
0.567423 0.764832
0.577765 0.8255
0.58867 0.627637
0.600109 0.713275
0.612051 0.944562
0.624467 0.894216
0.63733 0.938919
0.650612 0.76562
0.66429 0.744723
0.678338 0.726119
0.692735 1.09914
0.707459 1.18521
0.72249 1.14073
0.73781 1.12155
0.7534 1.07477
0.769245 1.34898
0.785328 1.35539
0.503527 0.626311
0.503962 0.548002
0.505266 0.620525
0.507432 0.486263
0.510448 0.477332
0.514301 0.466245
0.518971 0.716733
0.524436 0.482186
0.530672 0.588491
0.537652 0.572968
0.545348 0.521048
0.553729 0.637241
0.562765 0.795427
0.572425 0.476143
0.582679 0.720425
0.593494 0.703787
0.604842 0.685394
0.616692 0.723227
0.629016 0.627303
0.641788 1.06374
0.65498 0.988018
0.668568 1.15096
0.682529 0.813193
0.696839 1.09075
0.711478 1.41065
0.726426 1.17539
0.741664 1.463
0.757175 1.18912
0.772942 1.42696
0.788951 1.50945
0.510019 0.449586
0.510448 0.501983
0.511736 0.516667
0.513874 0.598011
0.516853 0.669464
0.520658 0.326504
0.525272 0.545025
0.530672 0.641847
0.536836 0.629031
0.543737 0.453938
0.551347 0.846322
0.559639 0.596332
0.568581 0.660755
0.578144 0.78846
0.588298 0.490079
0.599012 0.608769
0.610257 0.704689
0.622004 0.730088
0.634225 0.70539
0.646894 0.79525
0.659984 0.793235
0.673471 1.14847
0.687332 1.09616
0.701544 1.14525
0.716087 0.884736
0.730941 1.2237
0.746087 1.29886
0.761508 1.39087
0.777187 1.34138
0.79311 1.59274
0.517277 0.560145
0.517701 0.42514
0.518971 0.54872
0.521079 0.625286
0.524017 0.576943
0.527771 0.520111
0.532323 0.636311
0.537652 0.703611
0.543737 0.760412
0.550551 0.570668
0.558069 0.609766
0.566262 0.669584
0.575101 0.887849
0.584558 0.690052
0.594602 0.644496
0.605204 0.726111
0.616336 0.999454
0.627969 0.816597
0.640077 0.936731
0.652632 0.771207
0.665609 1.19275
0.678985 1.0203
0.692735 0.936926
0.706839 0.945903
0.721275 0.768406
0.736024 1.07015
0.751068 1.42889
0.766388 1.65511
0.78197 1.08139
0.797797 1.33348
0.525272 0.496673
0.525689 0.769624
0.526939 0.607112
0.529016 0.629881
0.53191 0.511166
0.535609 0.651379
0.540094 0.770589
0.545348 0.438414
0.551347 0.866452
0.558069 0.59494
0.565487 0.460194
0.573574 0.665805
0.582302 0.671323
0.591643 0.766675
0.601569 0.592569
0.612051 0.712424
0.623061 0.637657
0.634571 1.06802
0.646554 0.709323
0.658986 0.839958
0.671841 0.842842
0.685095 1.00822
0.698725 0.952177
0.71271 1.1709
0.72703 0.939158
0.741664 1.57457
0.756596 1.20139
0.771807 1.22741
0.787281 1.18669
0.803003 1.39359
0.533968 0.640128
0.534379 0.496109
0.535609 0.576232
0.537652 0.494076
0.5405 0.694493
0.54414 0.72196
0.548556 0.459057
0.553729 0.706607
0.559639 0.672376
0.566262 0.613644
0.573574 0.629433
0.581548 0.668273
0.590159 0.673005
0.599378 0.615858
0.609177 0.896408
0.61953 0.778789
0.630409 1.0505
0.641788 0.898659
0.653639 1.11282
0.665939 0.998371
0.678662 0.997762
0.691785 1.19617
0.705286 1.23029
0.719143 1.08165
0.733337 1.26874
0.747849 1.26199
0.762659 1.4189
0.777751 1.31558
0.79311 1.28665
0.808719 1.46331
0.543333 0.813466
0.543737 0.666487
0.544945 0.600526
0.546954 0.450714
0.549754 0.71701
0.553333 0.686954
0.557676 0.630117
0.562765 0.692745
0.568581 0.864821
0.575101 0.758525
0.582302 0.647771
0.590159 0.734448
0.598645 0.544191
0.607736 0.634506
0.617403 0.834092
0.62762 0.616134
0.638361 1.02332
0.6496 0.652728
0.661312 0.89436
0.673471 0.999379
0.686054 1.08179
0.699039 0.917553
0.712402 0.996347
0.726124 1.00917
0.740184 1.35358
0.754564 1.41095
0.769245 1.03156
0.78421 1.24205
0.799445 1.8539
0.814932 1.71854
0.553333 0.57449
0.553729 0.520436
0.554916 0.658605
0.556889 0.723314
0.559639 0.625042
0.563155 0.779763
0.567423 0.587079
0.572425 0.752134
0.578144 0.602993
0.584558 0.58939
0.591643 0.680641
0.599378 0.700136
0.607736 0.651754
0.616692 0.621698
0.626221 0.819021
0.636296 0.960933
0.646894 0.898987
0.657987 0.850207
0.669552 0.930286
0.681564 1.01366
0.694001 0.843915
0.706839 1.30074
0.720058 1.19857
0.733636 0.918262
0.747555 1.48142
0.761796 1.69769
0.77634 1.17731
0.791171 1.43413
0.806274 1.29548
0.821633 1.48778
0.563933 0.735615
0.564322 0.565133
0.565487 0.727636
0.567423 0.791193
0.570122 0.6756
0.573574 0.489978
0.577765 0.713219
0.582679 0.701067
0.588298 0.6329
0.594602 0.636444
0.601569 0.735474
0.609177 0.717737
0.617403 0.732372
0.626221 0.699244
0.635607 0.798639
0.645536 0.775837
0.655984 0.933879
0.666926 1.03653
0.678338 0.778514
0.690198 1.02589
0.702481 0.870099
0.715168 1.17663
0.728235 0.890373
0.741664 1.33259
0.755435 1.44913
0.76953 1.13884
0.783931 1.39962
0.798621 1.41828
0.813586 1.19016
0.828809 1.24465
0.575101 0.601755
0.575482 0.727689
0.576625 0.609071
0.578523 0.687463
0.581171 0.698417
0.584558 0.743877
0.58867 0.543674
0.593494 0.934048
0.599012 0.819317
0.605204 0.675209
0.612051 0.698276
0.61953 0.657186
0.62762 0.868391
0.636296 0.836237
0.645536 0.796486
0.655315 0.705038
0.665609 1.12949
0.676396 0.893784
0.687651 0.985116
0.699352 0.92781
0.711478 1.13437
0.724007 1.0989
0.736918 1.387
0.750191 1.48488
0.763808 1.04905
0.777751 1.45061
0.792003 1.15382
0.806546 1.16826
0.821366 1.40994
0.836448 1.11221
0.586805 0.6046
0.587178 0.71593
0.588298 0.619821
0.590159 0.773387
0.592755 0.819175
0.596075 0.677834
0.600109 0.656527
0.604842 0.613633
0.610257 0.672499
0.616336 0.794437
0.623061 0.773322
0.630409 0.58782
0.638361 0.449445
0.646894 0.96929
0.655984 0.898914
0.665609 0.837968
0.675747 0.773696
0.686374 0.848517
0.697468 0.966606
0.709008 1.15332
0.720971 0.953988
0.733337 0.867829
0.746087 1.24209
0.7592 1.29566
0.772659 1.02516
0.786445 1.27523
0.800541 1.27937
0.814932 1.29167
0.829603 1.18545
0.844537 1.11515
0.599012 0.880622
0.599378 0.978903
0.600474 0.712269
0.602298 0.705188
0.604842 0.709644
0.608096 0.704652
0.612051 0.644976
0.616692 0.850422
0.622004 0.668619
0.627969 0.698279
0.634571 0.614556
0.641788 0.870801
0.6496 0.8046
0.657987 1.1962
0.666926 1.1601
0.676396 1.00405
0.686374 0.876479
0.696839 1.04611
0.707769 1.12683
0.719143 1.16159
0.730941 1.14
0.743141 1.47317
0.755726 1.10746
0.768674 1.61819
0.78197 1.49965
0.795595 1.41703
0.809532 1.22793
0.823766 1.247
0.838281 1.57291
0.853064 0.90129
0.611692 0.934685
0.612051 0.960926
0.613125 0.767656
0.614911 0.605314
0.617403 0.9157
0.620592 0.830826
0.624467 0.709625
0.629016 0.68693
0.634225 0.845863
0.640077 0.882545
0.646554 0.709617
0.653639 1.29775
0.661312 0.787339
0.669552 0.955798
0.678338 1.03603
0.687651 1.2078
0.697468 0.990314
0.707769 1.02002
0.718533 0.990222
0.72974 1.02733
0.741369 1.39987
0.7534 1.33232
0.765816 1.44134
0.778597 1.5219
0.791726 1.29157
0.805185 1.42849
0.818959 1.56692
0.833032 1.3517
0.847389 1.13253
0.862016 1.56396
0.624818 0.749207
0.625169 0.827415
0.626221 1.04386
0.627969 0.727585
0.630409 0.879685
0.633533 0.689063
0.63733 1.06406
0.641788 0.838496
0.646894 0.717
0.652632 0.85391
0.658986 0.799818
0.665939 0.852292
0.673471 0.670181
0.681564 0.810171
0.690198 0.983903
0.699352 0.919034
0.709008 1.29848
0.719143 0.906038
0.72974 1.26931
0.740777 1.18006
0.752235 1.30852
0.764095 1.49346
0.77634 1.14205
0.788951 1.31546
0.80191 1.07035
0.815201 1.32802
0.828809 1.61238
0.842718 1.51102
0.856912 1.43448
0.871379 1.57595
0.638361 0.66045
0.638705 0.761082
0.639734 0.779061
0.641446 0.703749
0.643835 0.732059
0.646894 0.751344
0.650612 0.801799
0.65498 0.930286
0.659984 0.852772
0.665609 0.827809
0.671841 0.828327
0.678662 0.855387
0.686054 1.23535
0.694001 0.975526
0.702481 1.20135
0.711478 0.818265
0.720971 1.17699
0.730941 1.32251
0.741369 0.925215
0.752235 1.72084
0.763521 1.23495
0.775209 1.2549
0.787281 1.16973
0.799719 1.27258
0.812507 1.38434
0.825627 1.53041
0.839066 1.43818
0.852807 1.27434
0.866837 1.43092
0.881141 1.2782
0.652296 0.886225
0.652632 0.777562
0.653639 0.772056
0.655315 1.06528
0.657653 0.645132
0.660648 1.04782
0.66429 0.916718
0.668568 0.983343
0.673471 0.875961
0.678985 0.989758
0.685095 1.0542
0.691785 0.986991
0.699039 0.999307
0.706839 1.458
0.715168 1.24166
0.724007 0.956391
0.733337 1.27354
0.743141 1.23171
0.7534 1.32963
0.764095 1.20212
0.775209 1.50875
0.786723 1.40947
0.798621 1.5832
0.810885 1.17637
0.8235 1.24934
0.836448 1.13115
0.849715 0.99445
0.863287 1.22292
0.877149 1.10488
0.891288 1.34148
0.666597 0.94339
0.666926 1.02847
0.667912 0.89439
0.669552 0.783813
0.671841 0.987153
0.674772 0.737649
0.678338 0.884639
0.682529 0.965346
0.687332 1.03059
0.692735 0.996991
0.698725 1.02686
0.705286 1.30832
0.712402 1.03839
0.720058 0.957234
0.728235 1.28843
0.736918 1.29571
0.746087 1.10229
0.755726 1.42698
0.765816 1.28335
0.77634 1.10431
0.787281 1.32154
0.798621 1.82981
0.810344 1.0943
0.822434 1.26434
0.834873 1.11377
0.847648 1.16171
0.860743 1.49452
0.874143 0.845822
0.887836 1.52696
0.901807 1.01191
0.681242 1.17291
0.681564 1.12053
0.682529 1.18002
0.684133 0.668648
0.686374 0.89778
0.689244 1.05866
0.692735 1.15014
0.696839 0.84573
0.701544 1.34483
0.706839 1.16445
0.71271 1.18626
0.719143 0.877496
0.726124 1.16502
0.733636 1.26741
0.741664 1.1659
0.750191 1.19404
0.7592 1.31972
0.768674 1.4049
0.778597 1.36397
0.788951 1.45869
0.799719 1.26116
0.810885 1.55602
0.822434 1.05371
0.834348 1.28205
0.846612 1.23319
0.859213 1.17212
0.872134 1.33686
0.885362 1.19135
0.898884 1.3242
0.912685 1.21298
0.696209 1.13505
0.696524 1.13617
0.697468 0.941722
0.699039 0.870965
0.701232 0.92555
0.704041 1.07361
0.707459 0.949206
0.711478 0.969053
0.716087 1.15801
0.721275 1.20394
0.72703 1.33754
0.733337 1.27521
0.740184 1.4368
0.747555 1.08378
0.755435 1.33926
0.763808 1.38226
0.772659 1.35336
0.78197 1.07884
0.791726 1.55372
0.80191 1.25718
0.812507 1.26144
0.8235 1.60767
0.834873 1.14532
0.846612 1.25911
0.858702 1.28849
0.871127 1.0383
0.883874 1.15149
0.896929 1.22115
0.910279 1.17984
0.923911 1.13045
0.711478 1.41086
0.711786 1.07939
0.71271 1.04945
0.714247 1.01193
0.716393 1.07587
0.719143 1.20102
0.72249 1.20991
0.726426 1.13466
0.730941 0.904058
0.736024 1.27003
0.741664 1.11792
0.747849 1.5178
0.754564 1.40515
0.761796 1.41899
0.76953 1.29571
0.777751 1.37737
0.786445 1.15756
0.795595 1.5078
0.805185 1.33341
0.815201 1.56332
0.825627 1.40067
0.836448 1.11318
0.847648 1.07146
0.859213 1.07605
0.871127 1.33504
0.883378 0.976279
0.895951 1.24378
0.908832 1.13629
0.92201 1.17564
0.93547 1.33683
0.72703 1.2416
0.727331 1.11673
0.728235 1.4644
0.72974 1.08189
0.731841 1.16434
0.734533 1.16199
0.73781 1.32869
0.741664 1.07378
0.746087 1.28959
0.751068 1.57508
0.756596 1.35714
0.762659 1.25229
0.769245 1.12673
0.77634 1.20974
0.783931 1.6018
0.792003 1.28316
0.800541 1.09196
0.809532 1.92778
0.818959 1.5303
0.828809 1.17816
0.839066 1.2974
0.849715 1.40033
0.860743 1.75306
0.872134 1.51309
0.883874 1.05858
0.895951 1.14732
0.90835 1.27891
0.921058 0.95733
0.934063 1.2957
0.947352 0.975784
0.742846 1.23538
0.743141 1.13659
0.744026 1.42421
0.745499 1.23435
0.747555 1.51085
0.750191 1.26944
0.7534 1.48514
0.757175 1.07171
0.761508 1.35668
0.766388 1.27078
0.771807 1.25664
0.777751 1.68722
0.78421 1.30563
0.791171 1.40468
0.798621 1.63659
0.806546 1.2818
0.814932 1.6641
0.823766 1.06169
0.833032 1.22418
0.842718 1.29833
0.852807 1.07448
0.863287 1.39811
0.874143 1.33015
0.885362 1.27556
0.896929 1.38344
0.908832 1.23766
0.921058 1.21384
0.933593 1.19687
0.946426 1.22221
0.959544 1.15924
0.758911 1.02815
0.7592 1.41738
0.760066 1.57495
0.761508 1.28004
0.763521 1.24063
0.766102 1.35739
0.769245 1.27381
0.772942 1.28146
0.777187 1.24084
0.78197 1.02693
0.787281 1.16921
0.79311 1.2602
0.799445 1.25077
0.806274 1.22366
0.813586 0.984106
0.821366 1.42873
0.829603 1.33338
0.838281 1.25754
0.847389 1.38083
0.856912 0.978501
0.866837 1.067
0.877149 1.39297
0.887836 1.08203
0.898884 1.00496
0.910279 0.985064
0.92201 1.30138
0.934063 1.00605
0.946426 1.42253
0.959087 1.05419
0.972034 0.968922
0.775209 0.842556
0.775492 1.30438
0.77634 1.41665
0.777751 1.46141
0.779723 1.63446
0.78225 1.52865
0.785328 1.2541
0.788951 1.57076
0.79311 1.37189
0.797797 1.09918
0.803003 1.50008
0.808719 1.04521
0.814932 1.35794
0.821633 1.80462
0.828809 1.10239
0.836448 1.44514
0.844537 1.28613
0.853064 1.35491
0.862016 1.34163
0.871379 1.20474
0.881141 1.26528
0.891288 1.16156
0.901807 1.1214
0.912685 1.12829
0.923911 1.51043
0.93547 1.12129
0.947352 1.11564
0.959544 0.994519
0.972034 1.03425
0.984811 1.0749
0.502655 0.491441
0.503091 0.480455
0.504397 0.691113
0.506567 0.653045
0.509588 0.533452
0.513447 0.478977
0.518125 0.410253
0.523599 0.477036
0.529845 0.590444
0.536836 0.704974
0.544543 0.553748
0.552936 0.569468
0.561985 0.656378
0.571659 0.642688
0.581925 0.70004
0.592755 0.703999
0.604116 0.702366
0.61598 0.746312
0.628319 0.789961
0.641104 1.06236
0.65431 0.862073
0.667912 1.23842
0.681886 0.989815
0.696209 0.877985
0.710861 1.01229
0.725822 1.20153
0.741073 1.03356
0.756596 1.16497
0.772375 1.35297
0.788394 1.19152
0.503091 0.487792
0.503527 0.564478
0.504832 0.436057
0.506999 0.589474
0.510019 0.407489
0.513874 0.464755
0.518548 0.563369
0.524017 0.577792
0.530258 0.72692
0.537244 0.602314
0.544945 0.663339
0.553333 0.618712
0.562375 0.81603
0.572042 0.704442
0.582302 0.663937
0.593124 0.7272
0.604479 0.679317
0.616336 0.547691
0.628667 0.698697
0.641446 0.767187
0.654645 1.07152
0.66824 0.963489
0.682207 0.869545
0.696524 1.00101
0.71117 1.05146
0.726124 0.970722
0.741369 1.32626
0.756886 1.32029
0.772659 1.3936
0.788673 1.63235
0.504397 0.595923
0.504832 0.57483
0.506133 0.770754
0.508295 0.485618
0.511307 0.42982
0.515153 0.544473
0.519815 0.478294
0.525272 0.566983
0.531498 0.558173
0.538467 0.398042
0.546151 0.669914
0.554521 0.599966
0.563544 0.514773
0.573191 0.684524
0.583431 0.621231
0.594233 0.729037
0.605566 0.804361
0.617403 1.00032
0.629713 0.579609
0.642471 0.87262
0.655649 0.833714
0.669224 0.879434
0.683171 0.983782
0.697468 0.964727
0.712094 1.16306
0.72703 0.860761
0.742256 1.16629
0.757754 1.06112
0.77351 1.01104
0.789506 1.26226
0.506567 0.385406
0.506999 0.644283
0.508295 0.452061
0.510448 0.590519
0.513447 0.600557
0.517277 0.566351
0.521921 0.403309
0.527355 0.414693
0.533557 0.594571
0.5405 0.572313
0.548156 0.865036
0.556495 0.627126
0.565487 0.548446
0.575101 0.517086
0.585308 0.692777
0.596075 0.431159
0.607375 0.819781
0.619176 0.590332
0.631452 0.75536
0.644175 0.975406
0.65732 0.965526
0.670861 1.00141
0.684774 0.924648
0.699039 0.957771
0.713633 0.985881
0.728536 1.27482
0.743731 1.36765
0.7592 1.1307
0.774926 1.24817
0.790894 1.10464
0.509588 0.468284
0.510019 0.457443
0.511307 0.49076
0.513447 0.439374
0.516429 0.664006
0.520237 0.587986
0.524854 0.583876
0.530258 0.539214
0.536427 0.508216
0.543333 0.692206
0.550949 0.564655
0.559247 0.547469
0.568195 0.773486
0.577765 0.699209
0.587925 0.729452
0.598645 0.775952
0.609897 0.508093
0.621651 1.04741
0.633879 0.850696
0.646554 0.855662
0.659651 0.70156
0.673145 0.793523
0.687013 1.02929
0.701232 1.10311
0.715781 1.12958
0.730641 0.932457
0.745793 1.22001
0.76122 1.08954
0.776905 1.14243
0.792833 1.39801
0.513447 0.538847
0.513874 0.701298
0.515153 0.609912
0.517277 0.458504
0.520237 0.602485
0.524017 0.572924
0.528601 0.737919
0.533968 0.552026
0.540094 0.615992
0.546954 0.599058
0.554521 0.783025
0.562765 0.651101
0.571659 0.601131
0.581171 0.622088
0.591273 0.942326
0.601934 0.713922
0.613125 0.661579
0.624818 0.661051
0.636985 0.745663
0.6496 0.532552
0.662637 0.914485
0.676071 0.932231
0.68988 1.05661
0.704041 0.900983
0.718533 1.02589
0.733337 1.74329
0.748435 1.09392
0.763808 1.27988
0.779441 1.62848
0.795319 1.12362
0.518125 0.574939
0.518548 0.485505
0.519815 0.564926
0.521921 0.690055
0.524854 0.43256
0.528601 0.593977
0.533146 0.670959
0.538467 0.691256
0.544543 0.516466
0.551347 0.593927
0.558854 0.596029
0.567036 0.62388
0.575863 0.878323
0.585308 0.642528
0.595339 0.994929
0.605928 0.762762
0.617047 0.765636
0.628667 0.789061
0.640762 0.741825
0.653304 1.00086
0.666268 0.586997
0.67963 1.0777
0.693368 1.06294
0.707459 1.04565
0.721883 1.10678
0.73662 1.0713
0.751652 1.49604
0.766961 1.5688
0.782531 1.54291
0.798346 1.28489
0.523599 0.642009
0.524017 0.53658
0.525272 0.380051
0.527355 0.628367
0.530258 0.715675
0.533968 0.551551
0.538467 0.613612
0.543737 0.461309
0.549754 0.612344
0.556495 0.588954
0.563933 0.575316
0.572042 0.578489
0.580794 0.731931
0.590159 0.724562
0.600109 0.695714
0.610616 0.836066
0.621651 0.628009
0.633187 0.792195
0.645196 0.812135
0.657653 0.90332
0.670534 0.948667
0.683813 0.983018
0.697468 0.843023
0.711478 0.939862
0.725822 1.22463
0.74048 1.05188
0.755435 1.26843
0.770669 1.28911
0.786166 1.21699
0.80191 1.25506
0.529845 0.563509
0.530258 0.565514
0.531498 0.58633
0.533557 0.706432
0.536427 0.537477
0.540094 0.545803
0.544543 0.908466
0.549754 0.605804
0.555706 0.48212
0.562375 0.561157
0.569737 0.936027
0.577765 0.712022
0.586431 0.601783
0.595707 0.700861
0.605566 0.894842
0.61598 0.935907
0.626921 0.704831
0.638361 0.742242
0.650275 0.950069
0.662637 1.00799
0.675422 0.908281
0.688607 1.02614
0.702169 1.18342
0.716087 1.30166
0.730341 1.11342
0.74491 1.72107
0.759778 1.13441
0.774926 1.08646
0.790339 1.19212
0.806002 1.34232
0.536836 0.556206
0.537244 0.564706
0.538467 0.463276
0.5405 0.525702
0.543333 0.736362
0.546954 0.468124
0.551347 0.448175
0.556495 0.669579
0.562375 0.648427
0.568967 0.528197
0.576244 0.768648
0.584182 0.574086
0.592755 0.681697
0.601934 0.831389
0.611692 0.99083
0.622004 0.820623
0.63284 0.866394
0.644175 0.624914
0.655984 0.795851
0.66824 0.919722
0.68092 0.77705
0.694001 1.0893
0.707459 1.0712
0.721275 1.16432
0.735428 0.979749
0.749899 1.37577
0.764669 1.11615
0.779723 1.0483
0.795043 1.35763
0.810615 1.33519
0.544543 0.723494
0.544945 0.491698
0.546151 0.565251
0.548156 0.560886
0.550949 0.638313
0.554521 0.712383
0.558854 0.592331
0.563933 0.571662
0.569737 0.605751
0.576244 0.692908
0.583431 0.725264
0.591273 0.611477
0.599743 0.720923
0.608817 0.593411
0.618467 0.803951
0.628667 0.852452
0.639391 0.729694
0.650612 0.974291
0.662306 1.0369
0.674447 0.793551
0.687013 0.969821
0.699979 0.926272
0.713325 1.13801
0.72703 1.12069
0.741073 1.19106
0.755435 1.04058
0.7701 1.14179
0.785049 1.48917
0.800267 1.36792
0.815739 1.2064
0.552936 0.741416
0.553333 0.536833
0.554521 0.626642
0.556495 0.478934
0.559247 0.609182
0.562765 0.693626
0.567036 0.677657
0.572042 0.669748
0.577765 0.647411
0.584182 0.615779
0.591273 0.886739
0.599012 0.812731
0.607375 0.649129
0.616336 0.724335
0.62587 0.723848
0.635952 0.843752
0.646554 0.696729
0.657653 0.869139
0.669224 0.762386
0.681242 1.0376
0.693684 1.09396
0.706529 1.12562
0.719753 1.20413
0.733337 0.922493
0.747262 1.19924
0.761508 1.54222
0.776057 1.3409
0.790894 1.1898
0.806002 1.17759
0.821366 1.07761
0.561985 0.678528
0.562375 0.633916
0.563544 0.541539
0.565487 0.735848
0.568195 0.546891
0.571659 0.698991
0.575863 0.624339
0.580794 0.726929
0.586431 0.718878
0.592755 0.554397
0.599743 0.662453
0.607375 0.773916
0.615624 0.83733
0.624467 0.700257
0.633879 0.771598
0.643835 0.652585
0.65431 0.56055
0.66528 1.01313
0.67672 0.859835
0.688607 1.0462
0.700919 1.0766
0.713633 1.05826
0.726728 1.25942
0.740184 1.2467
0.753982 1.44952
0.768104 1.35194
0.782531 1.28658
0.797247 1.58651
0.812237 1.40145
0.827485 1.33644
0.571659 0.77101
0.572042 0.809747
0.573191 0.68106
0.575101 0.665819
0.577765 0.98076
0.581171 0.612922
0.585308 0.756403
0.590159 0.526529
0.595707 0.641364
0.601934 0.636823
0.608817 0.617241
0.616336 0.925958
0.624467 0.552554
0.633187 0.810313
0.642471 0.9115
0.652296 0.815382
0.662637 0.984346
0.673471 1.03787
0.684774 1.08704
0.696524 0.983876
0.708698 1.09301
0.721275 1.11738
0.734234 1.19297
0.747555 0.934184
0.76122 1.09772
0.775209 1.22557
0.789506 1.453
0.804095 1.39999
0.818959 1.18705
0.834085 0.946904
0.581925 0.604479
0.582302 0.752638
0.583431 0.603207
0.585308 0.720265
0.587925 0.764679
0.591273 0.576889
0.595339 0.745894
0.600109 0.884189
0.605566 0.763022
0.611692 0.65292
0.618467 0.74656
0.62587 0.919434
0.633879 0.760351
0.642471 0.861322
0.651623 0.891559
0.661312 0.815519
0.671514 1.08975
0.682207 0.836004
0.693368 1.15732
0.704975 1.23718
0.717005 0.963655
0.729439 1.0013
0.742256 1.2885
0.755435 1.09081
0.76896 1.09683
0.782811 1.53846
0.796972 1.22909
0.811426 1.38197
0.826159 1.57491
0.841155 1.41957
0.592755 0.755596
0.593124 0.763501
0.594233 0.811548
0.596075 0.771215
0.598645 0.789464
0.601934 0.801974
0.605928 0.586118
0.610616 0.665726
0.61598 0.732721
0.622004 0.844984
0.628667 0.814845
0.635952 0.788734
0.643835 0.723113
0.652296 0.977575
0.661312 1.0151
0.670861 0.812527
0.68092 0.923685
0.691468 0.998233
0.702481 1.00873
0.71394 1.10343
0.725822 1.16264
0.738107 1.00705
0.750776 1.2676
0.763808 1.52029
0.777187 1.36274
0.790894 1.29268
0.804913 1.61043
0.819227 1.68785
0.833822 1.30621
0.848682 1.38266
0.604116 0.709236
0.604479 0.741393
0.605566 0.739066
0.607375 0.821811
0.609897 0.575746
0.613125 0.686784
0.617047 0.761616
0.621651 0.63177
0.626921 0.89709
0.63284 0.834566
0.639391 0.854758
0.646554 0.916831
0.65431 0.711191
0.662637 0.791898
0.671514 0.94566
0.68092 0.928998
0.690833 0.887409
0.701232 0.889172
0.712094 1.04852
0.723401 1.13533
0.73513 1.1147
0.747262 1.15788
0.759778 1.08701
0.772659 1.5002
0.785887 1.44437
0.799445 1.39584
0.813316 1.37356
0.827485 1.12232
0.841936 1.36171
0.856656 1.46238
0.61598 0.865777
0.616336 0.695394
0.617403 0.822203
0.619176 0.962121
0.621651 0.663303
0.624818 1.03933
0.628667 0.808797
0.633187 0.917331
0.638361 0.640594
0.644175 0.78727
0.650612 0.843597
0.657653 0.7702
0.66528 0.891219
0.673471 1.00009
0.682207 0.706267
0.691468 1.03263
0.701232 1.07444
0.711478 1.09058
0.722187 1.02438
0.733337 0.864915
0.74491 1.05715
0.756886 1.26232
0.769245 1.46191
0.78197 1.68956
0.795043 1.16159
0.808447 1.50311
0.822167 1.55776
0.836186 1.0252
0.850489 1.31604
0.865064 1.40213
0.628319 0.835417
0.628667 0.525223
0.629713 0.775993
0.631452 0.712462
0.633879 0.70672
0.636985 0.762528
0.640762 0.713834
0.645196 0.916565
0.650275 0.928408
0.655984 0.819095
0.662306 1.15037
0.669224 0.830686
0.67672 0.848539
0.684774 0.967275
0.693368 1.01375
0.702481 1.04672
0.712094 1.09394
0.722187 1.06269
0.732739 0.868576
0.743731 1.33129
0.755145 1.2082
0.766961 0.96768
0.77916 1.02824
0.791726 1.31032
0.80464 1.37281
0.817887 1.1636
0.831451 1.28209
0.845316 1.14653
0.859468 0.969556
0.873892 0.905834
0.641104 0.865078
0.641446 1.09808
0.642471 0.897245
0.644175 0.788153
0.646554 0.734335
0.6496 0.680578
0.653304 0.93145
0.657653 0.890167
0.662637 0.705749
0.66824 0.797182
0.674447 1.05035
0.681242 0.999377
0.688607 1.04143
0.696524 0.946453
0.704975 0.975171
0.71394 0.940252
0.723401 1.20895
0.733337 1.06214
0.743731 1.07697
0.754564 1.2536
0.765816 1.29616
0.777469 1.31326
0.789506 0.936728
0.80191 1.55577
0.814663 1.26617
0.82775 1.58346
0.841155 1.20477
0.854862 1.04094
0.868858 1.21708
0.88313 1.10467
0.65431 1.18711
0.654645 0.562478
0.655649 1.05366
0.65732 0.821397
0.659651 0.919767
0.662637 0.805536
0.666268 0.790436
0.670534 0.932046
0.675422 1.01423
0.68092 0.784665
0.687013 0.961337
0.693684 1.0594
0.700919 1.28557
0.708698 0.846616
0.717005 1.07483
0.725822 1.07531
0.73513 1.50701
0.74491 0.875189
0.755145 1.52702
0.765816 0.944986
0.776905 1.30653
0.788394 1.57579
0.800267 1.38388
0.812507 1.28858
0.825096 1.3974
0.83802 1.11863
0.851263 1.24147
0.86481 1.24692
0.878648 1.3094
0.892763 1.33243
0.667912 0.896085
0.66824 0.688855
0.669224 1.21133
0.670861 1.01436
0.673145 0.796732
0.676071 0.722418
0.67963 0.759582
0.683813 0.944356
0.688607 1.02924
0.694001 1.06694
0.699979 0.874206
0.706529 1.17437
0.713633 1.24411
0.721275 1.08824
0.729439 1.01964
0.738107 1.03074
0.747262 1.25273
0.756886 1.30426
0.766961 1.10349
0.777469 1.24473
0.788394 1.14355
0.799719 1.27017
0.811426 1.34174
0.8235 1.00627
0.835923 1.33899
0.848682 1.5041
0.861762 1.13439
0.875146 1.35331
0.888823 1.0523
0.902779 1.44411
0.681886 0.852254
0.682207 0.918537
0.683171 0.906183
0.684774 0.883432
0.687013 0.795452
0.68988 0.836373
0.693368 1.00661
0.697468 0.970255
0.702169 1.44522
0.707459 1.23168
0.713325 0.989922
0.719753 1.20231
0.726728 0.936876
0.734234 1.51631
0.742256 0.979269
0.750776 1.34121
0.759778 1.38311
0.769245 1.44867
0.77916 0.968986
0.789506 1.09949
0.800267 1.71143
0.811426 1.28864
0.822967 1.36575
0.834873 1.33536
0.84713 1.28944
0.859723 1.36159
0.872637 1.11263
0.885857 1.34974
0.899371 1.04503
0.913166 1.4429
0.696209 0.859024
0.696524 1.1299
0.697468 1.30003
0.699039 1.09035
0.701232 1.01366
0.704041 0.962311
0.707459 1.03751
0.711478 1.27247
0.716087 0.771125
0.721275 1.15402
0.72703 1.13247
0.733337 1.07081
0.740184 1.11168
0.747555 1.4298
0.755435 1.16205
0.763808 1.26861
0.772659 1.20567
0.78197 1.40656
0.791726 1.75461
0.80191 1.48169
0.812507 1.88744
0.8235 1.397
0.834873 1.1099
0.846612 1.49664
0.858702 1.34343
0.871127 0.96173
0.883874 1.01775
0.896929 1.14193
0.910279 1.23355
0.923911 0.938169
0.710861 1.29972
0.71117 0.888248
0.712094 1.1666
0.713633 1.48761
0.715781 1.23567
0.718533 1.20204
0.721883 1.11969
0.725822 1.19281
0.730341 1.19845
0.735428 1.17707
0.741073 1.17579
0.747262 1.44461
0.753982 1.28086
0.76122 0.989539
0.76896 1.24248
0.777187 1.0144
0.785887 1.35334
0.795043 1.43967
0.80464 1.53672
0.814663 1.44567
0.825096 1.49156
0.835923 1.49359
0.84713 0.983849
0.858702 1.3073
0.870624 1.13653
0.882881 1.24996
0.895461 1.08381
0.90835 0.974359
0.921534 1.26463
0.935001 1.20006
0.725822 1.03184
0.726124 1.20035
0.72703 0.939596
0.728536 1.17168
0.730641 1.14579
0.733337 1.40813
0.73662 1.12659
0.74048 1.49817
0.74491 1.08332
0.749899 1.52908
0.755435 1.7374
0.761508 1.42182
0.768104 1.32851
0.775209 1.78141
0.782811 1.22063
0.790894 1.5868
0.799445 1.52895
0.808447 1.02907
0.817887 1.22724
0.82775 1.0275
0.83802 1.19063
0.848682 1.24082
0.859723 1.2297
0.871127 1.13241
0.882881 1.41903
0.894971 1.47835
0.907383 1.05378
0.920105 1.20787
0.933123 1.14154
0.946426 1.42473
0.741073 1.26446
0.741369 1.43487
0.742256 1.40395
0.743731 1.08884
0.745793 1.22593
0.748435 0.986084
0.751652 0.970838
0.755435 1.56657
0.759778 1.60194
0.764669 1.09767
0.7701 1.09303
0.776057 1.1811
0.782531 1.14492
0.789506 1.30274
0.796972 1.52295
0.804913 1.35069
0.813316 1.33739
0.822167 1.15014
0.831451 1.18406
0.841155 1.1848
0.851263 1.09792
0.861762 1.11753
0.872637 1.43213
0.883874 1.03835
0.895461 1.20205
0.907383 0.87838
0.919628 1.20116
0.932182 1.32561
0.945034 1.08984
0.958171 1.02723
0.756596 1.05876
0.756886 1.10619
0.757754 1.19272
0.7592 1.58578
0.76122 1.32671
0.763808 1.16466
0.766961 1.52093
0.770669 1.15285
0.774926 1.09318
0.779723 1.18129
0.785049 1.21121
0.790894 1.58235
0.797247 1.57489
0.804095 1.27838
0.811426 1.36902
0.819227 1.27114
0.827485 1.27749
0.836186 1.19018
0.845316 1.36561
0.854862 1.26612
0.86481 1.3308
0.875146 1.24469
0.885857 1.1432
0.896929 1.54533
0.90835 0.971926
0.920105 1.13101
0.932182 1.11258
0.94457 1.03543
0.957255 1.17678
0.970227 1.01194
0.772375 1.08549
0.772659 1.38717
0.77351 1.26295
0.774926 1.0285
0.776905 1.0774
0.779441 1.49994
0.782531 1.66338
0.786166 1.63834
0.790339 1.3665
0.795043 1.22433
0.800267 1.37116
0.806002 1.08048
0.812237 1.2319
0.818959 1.14791
0.826159 1.30297
0.833822 0.923167
0.841936 1.54533
0.850489 1.38241
0.859468 1.21839
0.868858 1.13507
0.878648 1.09338
0.888823 1.13834
0.899371 1.0254
0.910279 1.32279
0.921534 1.02536
0.933123 0.829954
0.945034 1.1744
0.957255 1.18383
0.969775 1.15125
0.982582 1.08849
0.788394 1.33718
0.788673 1.39836
0.789506 1.17742
0.790894 1.50535
0.792833 1.36768
0.795319 1.22478
0.798346 1.5233
0.80191 1.26635
0.806002 1.39023
0.810615 1.30508
0.815739 1.3026
0.821366 1.10807
0.827485 1.33143
0.834085 1.20782
0.841155 1.31841
0.848682 1.38045
0.856656 1.12835
0.865064 1.48849
0.873892 1.45799
0.88313 1.09619
0.892763 1.04992
0.902779 1.27972
0.913166 1.1156
0.923911 0.97726
0.935001 1.02563
0.946426 0.913555
0.958171 1.096
0.970227 1.06483
0.982582 1.24294
0.995223 0.774187
0.523599 0.430344
0.524017 0.487241
0.525272 0.42025
0.527355 0.460029
0.530258 0.637376
0.533968 0.50168
0.538467 0.528166
0.543737 0.64602
0.549754 0.685826
0.556495 0.638325
0.563933 0.481098
0.572042 0.651159
0.580794 0.670494
0.590159 0.655893
0.600109 0.712145
0.610616 0.749055
0.621651 0.87194
0.633187 0.776596
0.645196 0.766087
0.657653 0.724878
0.670534 0.762595
0.683813 0.924288
0.697468 1.05656
0.711478 1.09926
0.725822 1.1241
0.74048 1.50071
0.755435 1.41923
0.770669 1.13259
0.786166 1.22936
0.80191 1.35325
0.524017 0.663282
0.524436 0.696788
0.525689 0.597737
0.527771 0.558285
0.530672 0.465014
0.534379 0.64463
0.538874 0.628599
0.54414 0.565864
0.550153 0.615045
0.556889 0.877847
0.564322 0.613672
0.572425 0.620948
0.581171 0.63618
0.59053 0.666826
0.600474 0.687045
0.610975 0.91681
0.622004 0.754341
0.633533 0.926779
0.645536 1.03167
0.657987 1.05494
0.670861 1.11051
0.684133 0.971789
0.697783 0.993217
0.711786 0.959853
0.726124 1.25145
0.740777 1.25082
0.755726 1.3066
0.770954 1.19289
0.786445 1.23102
0.802183 1.34315
0.525272 0.507859
0.525689 0.498901
0.526939 0.60111
0.529016 0.659629
0.53191 0.618804
0.535609 0.526637
0.540094 0.630806
0.545348 0.526973
0.551347 0.604837
0.558069 0.570415
0.565487 0.566315
0.573574 0.571229
0.582302 0.724714
0.591643 0.775033
0.601569 0.757384
0.612051 0.660729
0.623061 0.626143
0.634571 0.851605
0.646554 0.988231
0.658986 0.934912
0.671841 1.09671
0.685095 1.00714
0.698725 1.07033
0.71271 0.767454
0.72703 0.995396
0.741664 1.18967
0.756596 1.49863
0.771807 1.38371
0.787281 1.65098
0.803003 1.22653
0.527355 0.489587
0.527771 0.683447
0.529016 0.560355
0.531085 0.45594
0.533968 0.559945
0.537652 0.600172
0.542121 0.739214
0.547355 0.720185
0.553333 0.569352
0.56003 0.642052
0.567423 0.520209
0.575482 0.606131
0.584182 0.671492
0.593494 0.617364
0.603389 0.834053
0.61384 0.74364
0.624818 0.607928
0.636296 1.02278
0.648248 0.736857
0.660648 0.944488
0.673471 0.860347
0.686693 0.883196
0.700293 0.933429
0.714247 1.03522
0.728536 1.09073
0.743141 0.947955
0.758044 1.52917
0.773226 1.23708
0.788673 1.43393
0.804368 1.71859
0.530258 0.613657
0.530672 0.545376
0.53191 0.594098
0.533968 0.557241
0.536836 0.612751
0.5405 0.639392
0.544945 0.558397
0.550153 0.380099
0.5561 0.742202
0.562765 0.679548
0.570122 0.528922
0.578144 0.55821
0.586805 0.704868
0.596075 0.558618
0.605928 0.569689
0.616336 0.727812
0.62727 0.758856
0.638705 0.66695
0.650612 0.625462
0.662968 0.802738
0.675747 0.848598
0.688925 1.2286
0.702481 0.960303
0.716393 1.32896
0.730641 0.900606
0.745204 1.10934
0.760066 0.967382
0.775209 1.21584
0.790617 1.39717
0.806274 1.28582
0.533968 0.506932
0.534379 0.559995
0.535609 0.583433
0.537652 0.828056
0.5405 0.699664
0.54414 0.65994
0.548556 0.546317
0.553729 0.526384
0.559639 0.796498
0.566262 0.510507
0.573574 0.673495
0.581548 0.710214
0.590159 0.705504
0.599378 0.809689
0.609177 0.680763
0.61953 0.912313
0.630409 0.728034
0.641788 0.817963
0.653639 0.959468
0.665939 0.830279
0.678662 1.16939
0.691785 0.918207
0.705286 1.05794
0.719143 1.20315
0.733337 1.14331
0.747849 0.91671
0.762659 1.41832
0.777751 1.32349
0.79311 1.3855
0.808719 1.11006
0.538467 0.678017
0.538874 0.510672
0.540094 0.659084
0.542121 0.524456
0.544945 0.531151
0.548556 0.464076
0.552936 0.504343
0.558069 0.699556
0.563933 0.573771
0.570506 0.643275
0.577765 0.618581
0.585682 0.798402
0.594233 0.710237
0.603389 0.598697
0.613125 0.715813
0.623412 0.667988
0.634225 0.792761
0.645536 1.05922
0.65732 0.722075
0.669552 0.893633
0.682207 1.14738
0.695263 0.954586
0.708698 0.978755
0.72249 1.06941
0.73662 0.976728
0.751068 1.39496
0.765816 0.99604
0.780847 1.06148
0.796146 1.12766
0.811696 1.25222
0.543737 0.671727
0.54414 0.722177
0.545348 0.623601
0.547355 0.495003
0.550153 0.728681
0.553729 0.844793
0.558069 0.484352
0.563155 0.534883
0.568967 0.770192
0.575482 0.81954
0.582679 0.591469
0.59053 0.563794
0.599012 0.911654
0.608096 0.628147
0.617758 0.711158
0.627969 0.875508
0.638705 1.02033
0.649938 1.03424
0.661643 0.939733
0.673797 1.06881
0.686374 0.830383
0.699352 0.907519
0.71271 1.13155
0.726426 1.19413
0.74048 1.27832
0.754854 1.0387
0.76953 1.17904
0.78449 1.17233
0.799719 1.31052
0.815201 1.11356
0.549754 0.765716
0.550153 0.584341
0.551347 0.674391
0.553333 0.656608
0.5561 0.740676
0.559639 0.655073
0.563933 0.59111
0.568967 0.565981
0.57472 0.743265
0.581171 0.650043
0.588298 0.752346
0.596075 0.715579
0.604479 0.64841
0.613483 0.757024
0.623061 0.75085
0.633187 0.613635
0.643835 0.59992
0.65498 0.98246
0.666597 0.864716
0.678662 0.787976
0.69115 1.13387
0.704041 1.04794
0.717311 1.01001
0.730941 0.894411
0.74491 1.40255
0.7592 1.25269
0.773793 1.2796
0.788673 1.19416
0.803822 1.53178
0.819227 1.79922
0.556495 0.611221
0.556889 0.490836
0.558069 0.645705
0.56003 0.67136
0.562765 0.627445
0.566262 0.663832
0.570506 0.677789
0.575482 0.655905
0.581171 0.657873
0.587552 0.682201
0.594602 0.916844
0.602298 0.602005
0.610616 0.543936
0.61953 0.695945
0.629016 0.729237
0.639048 0.865366
0.6496 0.916751
0.660648 0.845392
0.672167 1.16658
0.684133 1.03239
0.696524 1.39145
0.709317 1.19402
0.72249 0.921576
0.736024 1.07431
0.749899 1.19199
0.764095 1.35764
0.778597 1.35554
0.793386 1.46961
0.808447 1.13858
0.823766 1.15957
0.563933 0.547122
0.564322 0.631045
0.565487 0.6444
0.567423 0.498645
0.570122 0.627832
0.573574 0.662475
0.577765 0.604723
0.582679 0.860095
0.588298 0.718569
0.594602 0.652538
0.601569 0.921536
0.609177 0.938133
0.617403 0.60212
0.626221 0.760139
0.635607 0.850884
0.645536 0.980717
0.655984 0.941243
0.666926 0.887332
0.678338 0.931624
0.690198 0.909825
0.702481 1.18562
0.715168 1.06176
0.728235 1.25646
0.741664 1.57294
0.755435 1.60823
0.76953 1.39258
0.783931 1.24141
0.798621 1.3528
0.813586 1.54503
0.828809 1.61307
0.572042 0.52245
0.572425 0.902185
0.573574 0.565093
0.575482 0.490858
0.578144 0.549742
0.581548 0.603246
0.585682 0.729645
0.59053 0.560171
0.596075 0.688289
0.602298 0.61306
0.609177 0.832573
0.616692 0.688535
0.624818 0.985376
0.633533 0.688938
0.642812 0.903611
0.652632 0.961691
0.662968 1.02155
0.673797 0.810468
0.685095 1.03824
0.696839 0.708302
0.709008 1.04076
0.721579 1.20692
0.734533 1.05733
0.747849 1.24634
0.761508 1.2085
0.775492 1.74434
0.789784 1.2804
0.804368 1.40935
0.819227 1.21595
0.834348 1.34578
0.580794 0.868301
0.581171 0.633759
0.582302 0.631824
0.584182 0.715503
0.586805 0.628175
0.590159 0.62748
0.594233 0.66337
0.599012 0.634198
0.604479 0.678661
0.610616 0.711643
0.617403 0.89579
0.624818 0.77205
0.63284 0.838327
0.641446 0.926195
0.650612 0.899289
0.660316 0.777142
0.670534 1.08917
0.681242 0.917422
0.692419 0.871241
0.704041 1.17459
0.716087 1.16664
0.728536 1.02005
0.741369 1.30022
0.754564 1.36758
0.768104 1.08908
0.78197 1.63183
0.796146 1.10338
0.810615 1.36936
0.825362 1.45878
0.840372 1.32293
0.590159 0.855999
0.59053 0.656395
0.591643 0.774776
0.593494 0.613685
0.596075 0.866907
0.599378 0.848802
0.603389 0.956143
0.608096 0.62294
0.613483 0.837851
0.61953 0.818419
0.626221 0.597182
0.633533 0.858329
0.641446 0.942515
0.649938 1.06161
0.658986 0.745087
0.668568 0.901869
0.678662 0.711898
0.689244 1.07408
0.700293 0.857756
0.711786 1.26469
0.723704 1.20556
0.736024 1.33438
0.748728 1.13714
0.761796 1.31414
0.775209 1.06682
0.788951 1.05792
0.803003 1.33241
0.817351 1.28064
0.831979 1.17668
0.846871 1.76341
0.600109 0.557193
0.600474 0.766655
0.601569 0.71171
0.603389 0.691433
0.605928 0.590076
0.609177 0.710805
0.613125 0.852571
0.617758 0.708752
0.623061 0.808635
0.629016 0.621638
0.635607 0.763088
0.642812 0.845883
0.650612 0.875582
0.658986 1.00463
0.667912 0.909782
0.677368 0.872689
0.687332 1.09463
0.697783 0.888365
0.708698 1.26142
0.720058 1.27304
0.731841 1.11071
0.744026 1.5821
0.756596 1.14721
0.76953 1.16499
0.782811 1.05239
0.796421 1.34706
0.810344 1.3601
0.824564 1.33645
0.839066 1.59575
0.853835 1.46686
0.610616 0.75456
0.610975 0.842963
0.612051 0.8237
0.61384 0.717324
0.616336 0.797306
0.61953 0.817094
0.623412 0.630607
0.627969 0.691259
0.633187 0.710697
0.639048 0.915957
0.645536 0.73744
0.652632 0.827776
0.660316 0.769156
0.668568 1.02241
0.677368 0.984553
0.686693 1.21536
0.696524 0.986762
0.706839 0.762405
0.717617 1.20316
0.728837 1.44909
0.74048 1.11826
0.752526 1.61178
0.764956 1.10994
0.777751 1.06111
0.790894 1.46959
0.804368 1.34457
0.818156 1.21484
0.832242 0.940621
0.846612 1.29616
0.861252 1.04312
0.621651 0.661833
0.622004 0.940537
0.623061 0.590104
0.624818 0.763138
0.62727 0.703012
0.630409 0.833739
0.634225 0.909415
0.638705 0.943869
0.643835 0.99405
0.6496 0.841801
0.655984 0.656539
0.662968 0.867809
0.670534 0.982219
0.678662 0.975201
0.687332 0.944693
0.696524 0.965199
0.706218 1.13962
0.716393 1.10186
0.72703 1.2544
0.738107 1.07726
0.749606 1.09708
0.761508 1.75717
0.773793 1.44629
0.786445 1.14129
0.799445 1.09871
0.812776 1.39921
0.826424 1.15605
0.840372 1.55933
0.854606 1.44414
0.869111 1.0232
0.633187 0.766785
0.633533 0.924893
0.634571 0.680979
0.636296 0.790348
0.638705 0.751934
0.641788 0.845078
0.645536 0.897552
0.649938 0.93366
0.65498 1.00026
0.660648 1.1405
0.666926 0.988018
0.673797 1.03388
0.681242 1.06029
0.689244 1.15943
0.697783 1.29016
0.706839 0.987957
0.716393 0.972716
0.726426 1.24981
0.736918 1.27358
0.747849 1.46146
0.7592 1.16323
0.770954 1.13134
0.783091 1.50223
0.795595 1.36356
0.808447 1.01861
0.821633 1.36967
0.835136 1.06389
0.848941 1.1716
0.863033 1.16149
0.877399 1.13086
0.645196 0.949645
0.645536 0.973751
0.646554 0.868239
0.648248 0.901152
0.650612 0.819748
0.653639 0.986966
0.65732 0.677604
0.661643 0.827542
0.666597 0.929486
0.672167 1.13146
0.678338 1.09142
0.685095 0.854822
0.692419 1.01554
0.700293 1.17734
0.708698 1.29129
0.717617 1.14815
0.72703 0.876548
0.736918 1.35681
0.747262 0.895314
0.758044 1.44043
0.769245 1.51191
0.780847 1.3902
0.792833 0.92074
0.805185 1.11539
0.817887 1.16642
0.830923 1.3189
0.844278 1.05903
0.857935 1.30802
0.871882 1.38074
0.886105 1.03479
0.657653 0.910666
0.657987 0.856903
0.658986 1.05362
0.660648 0.936018
0.662968 0.914659
0.665939 1.20334
0.669552 0.920253
0.673797 0.993635
0.678662 0.98171
0.684133 1.02321
0.690198 0.974176
0.696839 1.03121
0.704041 0.976319
0.711786 1.06386
0.720058 1.08263
0.728837 1.05035
0.738107 1.34401
0.747849 1.09312
0.758044 1.42494
0.768674 1.20302
0.779723 1.29177
0.791171 1.4713
0.803003 1.05133
0.815201 1.21478
0.82775 1.23576
0.840633 1.31254
0.853835 1.05889
0.867343 1.18842
0.881141 1.07794
0.895216 1.50427
0.670534 0.917015
0.670861 0.780052
0.671841 0.873862
0.673471 0.751206
0.675747 0.744563
0.678662 1.48763
0.682207 1.15582
0.686374 1.03256
0.69115 1.2548
0.696524 0.746892
0.702481 0.82635
0.709008 1.2439
0.716087 1.43225
0.723704 1.16031
0.731841 1.33616
0.74048 1.01664
0.749606 0.985801
0.7592 1.02123
0.769245 1.25279
0.779723 1.41681
0.790617 1.22359
0.80191 1.79416
0.813586 1.44596
0.825627 1.29318
0.83802 1.37441
0.850747 1.30942
0.863795 1.43728
0.877149 1.29548
0.890795 1.19519
0.904721 0.769825
0.683813 0.886053
0.684133 0.767317
0.685095 0.920152
0.686693 1.15694
0.688925 1.11601
0.691785 0.824957
0.695263 1.24775
0.699352 1.06492
0.704041 1.11714
0.709317 1.12919
0.715168 1.31692
0.721579 1.17457
0.728536 1.09076
0.736024 1.1139
0.744026 1.23522
0.752526 1.44928
0.761508 1.40505
0.770954 1.12166
0.780847 1.41423
0.791171 1.87427
0.80191 1.55615
0.813046 1.33911
0.824564 1.15073
0.836448 1.44475
0.848682 1.21852
0.861252 0.941047
0.874143 1.16146
0.887342 1.04501
0.900833 1.25884
0.914606 1.08079
0.697468 0.967601
0.697783 1.01021
0.698725 1.02801
0.700293 0.888537
0.702481 0.775988
0.705286 0.868849
0.708698 1.0798
0.71271 0.984296
0.717311 0.915028
0.72249 1.02
0.728235 1.23156
0.734533 1.34273
0.741369 1.42568
0.748728 1.32186
0.756596 1.33499
0.764956 1.40497
0.773793 1.52065
0.783091 1.6378
0.792833 1.27203
0.803003 1.2955
0.813586 1.29191
0.824564 1.26778
0.835923 1.55836
0.847648 1.36885
0.859723 1.19856
0.872134 1.48096
0.884866 1.35213
0.897907 1.31885
0.911242 1.49429
0.92486 0.963388
0.711478 1.04111
0.711786 1.19405
0.71271 1.1893
0.714247 1.12793
0.716393 1.16459
0.719143 1.39675
0.72249 1.017
0.726426 1.32856
0.730941 1.27838
0.736024 0.918532
0.741664 1.35937
0.747849 1.09577
0.754564 1.14992
0.761796 1.31595
0.76953 1.13042
0.777751 1.1999
0.786445 1.10007
0.795595 1.81877
0.805185 1.3787
0.815201 1.47787
0.825627 1.36687
0.836448 1.14234
0.847648 1.29525
0.859213 1.04811
0.871127 1.07136
0.883378 1.58425
0.895951 1.34347
0.908832 1.48206
0.92201 1.00527
0.93547 1.21458
0.725822 1.05466
0.726124 1.48791
0.72703 1.01297
0.728536 0.866639
0.730641 1.22893
0.733337 1.16843
0.73662 1.26388
0.74048 1.42473
0.74491 1.26804
0.749899 1.00662
0.755435 1.18852
0.761508 1.24114
0.768104 1.3101
0.775209 1.19771
0.782811 0.884273
0.790894 1.50187
0.799445 1.30345
0.808447 1.13412
0.817887 1.43351
0.82775 1.34798
0.83802 1.37985
0.848682 1.33071
0.859723 1.30529
0.871127 1.10107
0.882881 1.32972
0.894971 1.25167
0.907383 1.37959
0.920105 0.933396
0.933123 1.15969
0.946426 1.24626
0.74048 0.936463
0.740777 1.40791
0.741664 1.10168
0.743141 1.26442
0.745204 1.23521
0.747849 0.972016
0.751068 1.7579
0.754854 1.23415
0.7592 1.13799
0.764095 1.37544
0.76953 1.28009
0.775492 1.19237
0.78197 1.5741
0.788951 1.10168
0.796421 1.47116
0.804368 1.55741
0.812776 1.28358
0.821633 1.89199
0.830923 1.51453
0.840633 1.41077
0.850747 0.970548
0.861252 1.23908
0.872134 0.979073
0.883378 1.62967
0.894971 1.32872
0.9069 1.00461
0.919151 1.21295
0.931712 1.17878
0.94457 0.882027
0.957714 0.796833
0.755435 1.43838
0.755726 1.33176
0.756596 1.29045
0.758044 1.28951
0.760066 1.10141
0.762659 1.43113
0.765816 1.28193
0.76953 1.36557
0.773793 1.14823
0.778597 1.34562
0.783931 0.847249
0.789784 1.33111
0.796146 1.31876
0.803003 1.31053
0.810344 1.09579
0.818156 1.39955
0.826424 1.3702
0.835136 1.29519
0.844278 1.50618
0.853835 1.00689
0.863795 1.04498
0.874143 1.35205
0.884866 0.867931
0.895951 1.21168
0.907383 0.988925
0.919151 1.16103
0.931241 1.19693
0.943641 1.0573
0.956339 0.971261
0.969323 1.06274
0.770669 1.3321
0.770954 1.51796
0.771807 1.09372
0.773226 1.26616
0.775209 1.58715
0.777751 1.33039
0.780847 1.64737
0.78449 1.29596
0.788673 1.07202
0.793386 1.30638
0.798621 1.26661
0.804368 1.64649
0.810615 1.7794
0.817351 1.19151
0.824564 1.0538
0.832242 1.38756
0.840372 0.90139
0.848941 1.09796
0.857935 1.40333
0.867343 1.02025
0.877149 1.16078
0.887342 1.43659
0.897907 1.24514
0.908832 0.988043
0.920105 1.15213
0.931712 1.11256
0.943641 1.19842
0.95588 0.999325
0.968417 1.2059
0.981241 0.989642
0.786166 1.11611
0.786445 1.16958
0.787281 1.54971
0.788673 1.78603
0.790617 0.835756
0.79311 0.951533
0.796146 1.4555
0.799719 1.32393
0.803822 1.36921
0.808447 1.60394
0.813586 1.227
0.819227 1.43926
0.825362 1.09622
0.831979 1.30312
0.839066 1.09009
0.846612 1.4143
0.854606 1.44675
0.863033 1.29111
0.871882 0.967553
0.881141 1.38541
0.890795 0.961109
0.900833 1.41924
0.911242 1.16004
0.92201 1.05177
0.933123 0.971994
0.94457 1.21649
0.956339 1.04723
0.968417 1.01081
0.980794 0.963487
0.993459 0.877518
0.80191 1.29213
0.802183 1.51129
0.803003 1.11812
0.804368 1.18846
0.806274 1.42227
0.808719 1.43379
0.811696 1.18581
0.815201 1.04525
0.819227 1.02814
0.823766 1.34373
0.828809 1.30178
0.834348 1.50873
0.840372 1.4372
0.846871 1.60638
0.853835 1.46972
0.861252 1.28194
0.869111 1.65313
0.877399 1.76293
0.886105 1.29844
0.895216 1.1059
0.904721 1.28338
0.914606 1.30332
0.92486 1.16459
0.93547 0.975364
0.946426 1.1284
0.957714 1.1241
0.969323 0.954387
0.981241 1.16573
0.993459 0.897182
1.00596 0.90831
0.544543 0.618351
0.544945 0.495742
0.546151 0.515412
0.548156 0.554635
0.550949 0.608632
0.554521 0.457694
0.558854 0.648059
0.563933 0.685198
0.569737 0.649908
0.576244 0.870505
0.583431 0.684242
0.591273 0.741713
0.599743 0.593115
0.608817 0.879858
0.618467 0.617409
0.628667 0.699863
0.639391 0.95794
0.650612 0.837782
0.662306 0.84313
0.674447 0.951767
0.687013 0.774545
0.699979 1.09064
0.713325 1.15846
0.72703 1.55459
0.741073 1.23128
0.755435 1.3054
0.7701 1.45356
0.785049 1.38411
0.800267 1.0415
0.815739 1.20954
0.544945 0.589865
0.545348 0.655765
0.546553 0.578122
0.548556 0.433638
0.551347 0.540187
0.554916 0.588808
0.559247 0.583381
0.564322 0.695957
0.570122 0.754731
0.576625 0.59218
0.583807 0.590937
0.591643 0.668595
0.600109 0.712933
0.609177 0.92583
0.618822 1.0287
0.629016 0.835995
0.639734 0.866978
0.650949 0.667954
0.662637 0.977428
0.674772 0.916121
0.687332 1.00868
0.700293 1.19715
0.713633 1.1308
0.727331 1.16678
0.741369 1.04321
0.755726 1.09014
0.770384 1.21115
0.785328 1.61753
0.800541 1.50527
0.816008 1.12257
0.546151 0.517717
0.546553 0.477368
0.547755 0.513602
0.549754 0.476987
0.552539 0.699685
0.5561 0.493295
0.560422 0.650226
0.565487 0.560504
0.571275 0.652816
0.577765 0.615021
0.584933 0.720461
0.592755 0.924566
0.601204 0.731986
0.610257 0.8287
0.619884 0.891224
0.630061 0.816681
0.640762 0.84244
0.651959 0.640637
0.663629 1.10325
0.675747 0.907677
0.688288 1.02648
0.701232 0.93897
0.714554 0.98598
0.728235 0.939613
0.742256 1.40947
0.756596 1.17933
0.771238 1.42671
0.786166 1.14303
0.801363 1.22258
0.816814 1.14086
0.548156 0.507188
0.548556 0.56794
0.549754 0.488148
0.551745 0.74596
0.554521 0.795046
0.558069 0.703798
0.562375 0.640919
0.567423 0.474533
0.573191 0.729219
0.57966 0.647378
0.586805 0.665132
0.594602 0.873393
0.603026 0.661238
0.612051 0.76884
0.621651 0.765196
0.6318 0.781097
0.642471 0.832482
0.653639 0.948239
0.66528 0.86053
0.677368 1.01704
0.68988 1.00078
0.702794 1.20575
0.716087 0.909643
0.72974 1.1213
0.743731 1.18032
0.758044 1.22773
0.772659 1.14421
0.787559 1.49825
0.80273 1.49002
0.818156 1.43586
0.550949 0.547316
0.551347 0.660409
0.552539 0.702814
0.554521 0.470921
0.557282 0.601533
0.560813 0.602953
0.565099 0.734691
0.570122 0.581885
0.575863 0.64155
0.582302 0.580601
0.589415 0.640288
0.597178 0.682612
0.605566 0.766987
0.614554 0.717993
0.624116 0.681063
0.634225 0.733979
0.644856 0.888452
0.655984 0.970001
0.667583 0.954978
0.67963 0.797445
0.692102 0.94384
0.704975 1.13174
0.718228 1.14863
0.731841 1.17125
0.745793 1.25933
0.760066 1.34732
0.774643 1.1514
0.789506 1.46318
0.80464 1.3848
0.82003 1.29478
0.554521 0.697481
0.554916 0.524841
0.5561 0.735154
0.558069 0.62492
0.560813 0.519818
0.564322 0.668119
0.568581 0.896341
0.573574 0.956956
0.579281 0.588196
0.585682 0.742714
0.592755 0.599635
0.600474 0.671035
0.608817 0.686234
0.617758 0.884958
0.62727 0.765109
0.63733 0.910894
0.64791 0.738431
0.658986 0.854847
0.670534 0.87458
0.682529 0.987777
0.694948 1.36281
0.707769 1.07238
0.720971 1.21013
0.734533 1.36698
0.748435 1.51916
0.762659 1.54661
0.777187 1.43784
0.792003 1.45422
0.80709 1.12743
0.822434 1.41732
0.558854 0.709301
0.559247 0.751464
0.560422 0.573406
0.562375 0.639587
0.565099 0.500993
0.568581 0.695361
0.572808 0.610664
0.577765 0.639115
0.583431 0.738879
0.589787 0.735762
0.596811 0.933326
0.604479 0.817476
0.612767 0.702138
0.621651 0.796167
0.631105 1.03698
0.641104 0.700428
0.651623 0.945786
0.662637 0.873437
0.674122 0.871194
0.686054 1.14676
0.698411 0.932989
0.71117 0.767867
0.72431 1.11109
0.73781 1.38857
0.751652 1.09115
0.765816 1.45376
0.780285 1.34577
0.795043 1.5248
0.810073 1.36724
0.825362 1.49899
0.563933 0.679684
0.564322 0.748969
0.565487 0.604952
0.567423 0.666556
0.570122 0.731869
0.573574 0.62967
0.577765 0.912008
0.582679 0.633611
0.588298 0.756916
0.594602 0.691307
0.601569 0.747853
0.609177 0.694961
0.617403 0.785135
0.626221 0.834139
0.635607 0.763441
0.645536 0.910049
0.655984 0.935605
0.666926 1.03472
0.678338 0.80831
0.690198 1.10333
0.702481 0.754706
0.715168 1.14215
0.728235 1.14037
0.741664 1.15734
0.755435 1.52443
0.76953 1.18529
0.783931 1.32719
0.798621 1.21373
0.813586 1.49054
0.828809 1.3908
0.569737 0.412163
0.570122 0.526685
0.571275 0.636491
0.573191 0.675625
0.575863 0.938966
0.579281 0.684328
0.583431 0.666635
0.588298 0.774984
0.593864 0.66553
0.600109 0.720688
0.607013 0.628924
0.614554 0.921154
0.622708 0.860876
0.631452 0.836817
0.640762 0.840803
0.650612 1.20333
0.66098 0.843768
0.671841 0.907782
0.683171 1.20944
0.694948 1.16651
0.707149 1.24744
0.719753 0.913589
0.732739 1.20066
0.746087 1.35376
0.759778 1.18295
0.773793 1.34014
0.788116 1.36927
0.80273 1.55257
0.817619 1.01992
0.832769 1.00985
0.576244 0.653194
0.576625 0.561271
0.577765 0.846574
0.57966 0.624776
0.582302 0.785712
0.585682 0.730967
0.589787 0.633552
0.594602 0.654939
0.600109 0.76302
0.60629 0.705402
0.613125 0.824948
0.620592 0.656005
0.628667 0.600132
0.63733 0.847368
0.646554 0.867383
0.656318 0.817882
0.666597 0.964597
0.677368 0.882559
0.688607 1.08498
0.700293 1.08979
0.712402 0.948778
0.724915 1.18183
0.73781 1.37739
0.751068 1.39027
0.764669 1.56785
0.778597 0.923938
0.792833 1.11216
0.807361 1.81396
0.822167 1.11986
0.837234 1.01838
0.583431 0.735623
0.583807 0.530903
0.584933 0.696408
0.586805 0.692957
0.589415 0.918064
0.592755 0.626492
0.596811 0.60237
0.601569 0.695701
0.607013 0.889417
0.613125 0.664509
0.619884 0.611092
0.62727 0.852036
0.635261 0.891342
0.643835 0.809589
0.652968 0.959537
0.662637 0.874574
0.672819 1.10128
0.683492 0.917917
0.694632 0.900593
0.706218 0.801503
0.718228 1.15241
0.730641 1.24084
0.743437 1.23144
0.756596 1.30995
0.7701 1.15426
0.783931 1.19031
0.798072 1.51004
0.812507 1.29181
0.82722 1.44183
0.842197 1.46256
0.591273 0.749423
0.591643 0.703599
0.592755 0.713927
0.594602 0.660367
0.597178 0.782016
0.600474 0.673572
0.604479 0.667245
0.609177 0.842178
0.614554 0.691075
0.620592 0.613894
0.62727 0.95246
0.634571 0.86008
0.642471 0.839098
0.650949 1.08413
0.659984 0.926947
0.669552 0.908237
0.67963 1.29535
0.690198 0.821733
0.701232 0.92589
0.71271 1.18325
0.724612 1.62067
0.736918 1.16822
0.749606 1.66595
0.762659 1.06434
0.776057 1.33428
0.789784 1.43516
0.803822 1.60216
0.818156 1.10766
0.832769 1.32363
0.847648 1.30356
0.599743 0.730568
0.600109 0.573573
0.601204 0.676526
0.603026 0.716455
0.605566 0.509012
0.608817 0.836169
0.612767 0.664836
0.617403 0.621373
0.622708 0.747938
0.628667 0.796631
0.635261 0.913547
0.642471 0.708279
0.650275 0.871026
0.658653 0.900569
0.667583 1.04961
0.677044 1.00884
0.687013 0.953961
0.697468 1.14277
0.708389 0.762862
0.719753 1.0772
0.731541 1.1327
0.743731 1.28685
0.756306 1.59897
0.769245 1.11445
0.782531 1.06788
0.796146 1.41976
0.810073 1.65209
0.824298 1.01149
0.838805 1.37745
0.853578 1.36623
0.608817 0.660541
0.609177 0.836435
0.610257 0.79996
0.612051 0.749695
0.614554 0.772107
0.617758 0.763539
0.621651 0.683128
0.626221 0.759916
0.631452 0.832973
0.63733 0.763727
0.643835 0.878488
0.650949 0.920405
0.658653 1.11372
0.666926 0.889938
0.675747 0.991106
0.685095 0.952858
0.694948 0.896342
0.705286 1.04111
0.716087 1.08088
0.727331 1.06739
0.738998 1.24508
0.751068 1.10136
0.763521 1.58646
0.77634 1.65878
0.789506 1.27539
0.803003 1.30395
0.816814 1.52865
0.830923 1.00198
0.845316 1.0509
0.859978 1.34663
0.618467 0.869545
0.618822 0.789567
0.619884 0.660903
0.621651 0.912941
0.624116 0.930983
0.62727 0.795697
0.631105 0.695138
0.635607 0.869188
0.640762 0.844586
0.646554 0.842995
0.652968 0.894876
0.659984 0.895226
0.667583 0.78268
0.675747 0.854983
0.684454 0.997445
0.693684 1.03604
0.703417 1.35791
0.713633 1.35237
0.72431 1.17012
0.735428 1.13568
0.746968 1.63046
0.758911 1.50927
0.771238 1.52345
0.783931 1.41638
0.796972 1.284
0.810344 1.39576
0.824032 1.7478
0.83802 1.14932
0.852293 1.25301
0.866837 1.52262
0.628667 0.783689
0.629016 0.706485
0.630061 0.739717
0.6318 1.00748
0.634225 0.793991
0.63733 0.823192
0.641104 0.822126
0.645536 1.14954
0.650612 0.773367
0.656318 1.09668
0.662637 0.848575
0.669552 0.892133
0.677044 0.858584
0.685095 0.933264
0.693684 1.02005
0.702794 1.03969
0.712402 1.32977
0.72249 1.10157
0.733038 1.15833
0.744026 1.11738
0.755435 1.27115
0.767246 1.21726
0.779441 1.23542
0.792003 1.28813
0.804913 1.28812
0.818156 1.7602
0.831715 1.43229
0.845576 1.32458
0.859723 1.26168
0.874143 1.29514
0.639391 0.909502
0.639734 0.847557
0.640762 0.695653
0.642471 0.79331
0.644856 0.603444
0.64791 1.05758
0.651623 1.16096
0.655984 0.805476
0.66098 1.22494
0.666597 0.744499
0.672819 0.86224
0.67963 0.947588
0.687013 1.11196
0.694948 0.9295
0.703417 0.947265
0.712402 1.13397
0.721883 1.15627
0.731841 1.14729
0.742256 1.13163
0.753109 1.68025
0.764382 1.56209
0.776057 1.29783
0.788116 1.17495
0.800541 1.42337
0.813316 0.964263
0.826424 1.41009
0.83985 1.20467
0.853578 1.29929
0.867595 1.26593
0.881887 1.39154
0.650612 0.896903
0.650949 0.872614
0.651959 0.742066
0.653639 0.97035
0.655984 0.583334
0.658986 0.951826
0.662637 0.872843
0.666926 1.10271
0.671841 0.891925
0.677368 0.955574
0.683492 1.0022
0.690198 0.836146
0.697468 1.07119
0.705286 1.00361
0.713633 1.2133
0.72249 1.18187
0.731841 1.15663
0.741664 1.45073
0.751943 1.42781
0.762659 1.45085
0.773793 1.2098
0.785328 1.22478
0.797247 1.33477
0.809532 1.19264
0.822167 1.53008
0.835136 1.60486
0.848424 1.37809
0.862016 1.2033
0.875898 1.05899
0.890056 1.01073
0.662306 0.837673
0.662637 1.00587
0.663629 0.705779
0.66528 1.12868
0.667583 0.943386
0.670534 0.817223
0.674122 0.724761
0.678338 0.860993
0.683171 0.750374
0.688607 0.949645
0.694632 1.1882
0.701232 1.10818
0.708389 1.12656
0.716087 1.15707
0.72431 1.19839
0.733038 0.957442
0.742256 1.19051
0.751943 1.60172
0.762084 1.14135
0.772659 1.28584
0.783651 1.26008
0.795043 1.30757
0.806818 1.66608
0.818959 1.03077
0.831451 1.77839
0.844278 1.48822
0.857424 1.4037
0.870876 1.29288
0.884619 1.28954
0.89864 1.51493
0.674447 0.873885
0.674772 1.10716
0.675747 1.13682
0.677368 1.07726
0.67963 1.03695
0.682529 0.94917
0.686054 0.818869
0.690198 1.24184
0.694948 1.15589
0.700293 1.02007
0.706218 1.19499
0.71271 1.34085
0.719753 1.01142
0.727331 1.10158
0.735428 1.13205
0.744026 1.26038
0.753109 1.26138
0.762659 1.11429
0.772659 1.51325
0.783091 0.993008
0.793939 1.66775
0.805185 1.29101
0.816814 1.4436
0.828809 1.33538
0.841155 1.24447
0.853835 1.27684
0.866837 1.512
0.880144 1.13046
0.893745 1.14843
0.907625 1.35674
0.687013 0.853405
0.687332 0.989489
0.688288 1.21893
0.68988 0.994499
0.692102 1.0273
0.694948 0.779025
0.698411 0.984414
0.702481 0.989703
0.707149 1.07075
0.712402 1.00666
0.718228 1.14049
0.724612 1.34816
0.731541 1.21743
0.738998 1.21606
0.746968 1.23193
0.755435 1.14234
0.764382 1.40728
0.773793 1.48087
0.783651 1.1492
0.793939 1.75846
0.80464 1.2414
0.815739 1.36999
0.82722 1.45741
0.839066 1.09248
0.851263 1.21393
0.863795 1.20896
0.876649 1.1295
0.88981 1.34652
0.903265 1.20991
0.917001 1.34723
0.699979 0.968896
0.700293 0.89206
0.701232 0.758068
0.702794 0.900391
0.704975 1.31277
0.707769 0.955342
0.71117 1.13144
0.715168 1.06252
0.719753 0.912813
0.724915 0.897626
0.730641 1.16061
0.736918 0.893423
0.743731 1.50543
0.751068 1.16254
0.758911 1.67783
0.767246 1.16166
0.776057 1.26778
0.785328 1.20213
0.795043 1.46001
0.805185 1.4938
0.815739 1.20394
0.826689 1.36317
0.83802 1.36216
0.849715 1.10819
0.861762 1.31942
0.874143 1.11376
0.886847 1.3561
0.899859 1.07199
0.913166 1.11724
0.926755 1.07739
0.713325 1.27396
0.713633 1.22304
0.714554 1.11681
0.716087 1.02038
0.718228 1.14738
0.720971 1.12317
0.72431 1.33117
0.728235 1.17123
0.732739 1.3299
0.73781 1.24685
0.743437 1.29626
0.749606 1.20828
0.756306 1.38849
0.763521 1.33647
0.771238 1.42251
0.779441 1.3649
0.788116 1.1195
0.797247 1.29295
0.806818 1.26529
0.816814 1.40411
0.82722 1.45455
0.83802 1.67986
0.849199 0.923621
0.860743 1.21575
0.872637 1.11622
0.884866 1.14408
0.897418 1.15247
0.910279 1.0923
0.923436 1.14585
0.936876 1.08257
0.72703 1.22426
0.727331 0.993728
0.728235 0.889094
0.72974 1.21355
0.731841 1.2337
0.734533 1.26184
0.73781 1.07572
0.741664 1.53326
0.746087 0.982143
0.751068 1.32128
0.756596 1.06079
0.762659 1.22769
0.769245 1.60969
0.77634 1.33089
0.783931 1.18198
0.792003 1.33315
0.800541 1.11336
0.809532 1.17236
0.818959 1.41814
0.828809 1.42739
0.839066 1.27188
0.849715 1.09117
0.860743 1.17644
0.872134 1.31053
0.883874 1.53289
0.895951 1.08153
0.90835 1.50441
0.921058 1.32591
0.934063 1.10137
0.947352 0.950284
0.741073 1.63796
0.741369 1.14298
0.742256 1.28067
0.743731 1.1844
0.745793 0.980265
0.748435 1.37823
0.751652 1.14284
0.755435 1.29007
0.759778 1.28046
0.764669 1.03608
0.7701 1.15296
0.776057 1.14869
0.782531 1.07631
0.789506 1.40536
0.796972 1.0109
0.804913 1.33664
0.813316 1.26637
0.822167 1.19466
0.831451 1.25677
0.841155 1.00944
0.851263 1.27609
0.861762 1.43984
0.872637 1.47138
0.883874 1.2986
0.895461 1.14546
0.907383 1.47561
0.919628 1.33664
0.932182 1.12738
0.945034 1.32247
0.958171 1.33067
0.755435 1.14928
0.755726 1.30788
0.756596 1.27388
0.758044 1.22312
0.760066 1.48119
0.762659 1.44243
0.765816 1.52707
0.76953 1.18686
0.773793 1.22363
0.778597 1.32644
0.783931 1.27946
0.789784 1.10355
0.796146 0.88351
0.803003 1.21266
0.810344 1.18204
0.818156 1.46452
0.826424 1.27702
0.835136 1.26519
0.844278 1.54344
0.853835 1.37812
0.863795 1.33999
0.874143 1.15236
0.884866 1.04867
0.895951 1.1793
0.907383 1.1029
0.919151 1.04336
0.931241 1.31582
0.943641 0.962684
0.956339 1.17749
0.969323 0.870299
0.7701 1.71167
0.770384 1.54469
0.771238 1.33242
0.772659 1.6977
0.774643 1.14839
0.777187 1.55866
0.780285 1.45879
0.783931 1.44859
0.788116 1.33187
0.792833 1.30866
0.798072 1.35221
0.803822 1.4867
0.810073 1.31782
0.816814 1.39432
0.824032 1.24693
0.831715 1.43043
0.83985 1.52908
0.848424 1.34981
0.857424 1.24016
0.866837 1.5363
0.876649 1.51644
0.886847 0.930124
0.897418 1.53561
0.90835 0.707302
0.919628 1.0681
0.931241 0.908049
0.943176 0.861697
0.955421 1.19387
0.967964 0.954556
0.980794 1.05238
0.785049 1.58704
0.785328 1.88935
0.786166 1.37178
0.787559 1.26445
0.789506 1.2196
0.792003 1.28213
0.795043 1.56519
0.798621 0.823029
0.80273 1.02605
0.807361 1.48386
0.812507 1.11404
0.818156 1.46086
0.824298 1.5916
0.830923 1.2129
0.83802 1.24311
0.845576 1.15585
0.853578 1.1175
0.862016 1.13565
0.870876 1.12281
0.880144 1.28459
0.88981 1.31428
0.899859 1.21839
0.910279 1.01943
0.921058 0.962165
0.932182 1.00029
0.943641 1.19695
0.955421 0.890489
0.967511 1.29473
0.979899 1.1426
0.992575 0.91831
0.800267 1.15468
0.800541 1.44381
0.801363 1.12209
0.80273 0.910435
0.80464 1.4429
0.80709 1.43925
0.810073 1.13504
0.813586 1.6453
0.817619 1.52779
0.822167 1.29727
0.82722 1.57168
0.832769 1.59509
0.838805 1.25903
0.845316 1.14584
0.852293 1.90408
0.859723 1.19795
0.867595 1.09108
0.875898 1.52761
0.884619 1.20104
0.893745 1.05454
0.903265 1.00561
0.913166 1.07464
0.923436 1.02981
0.934063 0.930794
0.945034 1.14378
0.956339 0.86521
0.967964 1.01995
0.979899 1.13092
0.992133 1.18231
1.00465 1.04494
0.815739 1.49412
0.816008 1.28485
0.816814 1.51155
0.818156 1.32952
0.82003 1.14689
0.822434 1.33188
0.825362 1.594
0.828809 1.43106
0.832769 1.35763
0.837234 1.2514
0.842197 1.09891
0.847648 1.44354
0.853578 1.25407
0.859978 1.33291
0.866837 1.17701
0.874143 1.35957
0.881887 1.16976
0.890056 1.24745
0.89864 1.0899
0.907625 1.0543
0.917001 0.966097
0.926755 1.07221
0.936876 1.26964
0.947352 1.08517
0.958171 1.13631
0.969323 0.846349
0.980794 1.0291
0.992575 0.82164
1.00465 0.781809
1.01702 0.919383
0.565487 0.693172
0.565874 0.771067
0.567036 0.769789
0.568967 0.652877
0.571659 0.534719
0.575101 0.780427
0.579281 0.783437
0.584182 0.634131
0.589787 0.579973
0.596075 0.837622
0.603026 0.648008
0.610616 0.637042
0.618822 0.839903
0.62762 0.704752
0.636985 0.901029
0.646894 0.988596
0.65732 0.767068
0.66824 0.92791
0.67963 0.908223
0.691468 0.851199
0.703729 1.15065
0.716393 1.46708
0.729439 0.969686
0.742846 1.10608
0.756596 0.963494
0.770669 0.932738
0.785049 1.09836
0.799719 1.14291
0.814663 1.16396
0.829867 1.29582
0.565874 0.818537
0.566262 0.680729
0.567423 0.612309
0.569352 0.7326
0.572042 0.794497
0.575482 0.640963
0.57966 0.564808
0.584558 0.748716
0.590159 0.470545
0.596443 0.622678
0.603389 0.760902
0.610975 0.807956
0.619176 0.67715
0.627969 0.75971
0.63733 0.746201
0.647232 0.693393
0.657653 0.810677
0.668568 1.22315
0.679953 1.07493
0.691785 0.922942
0.704041 0.933349
0.716699 0.981621
0.72974 1.08184
0.743141 1.06325
0.756886 1.04598
0.770954 1.01099
0.785328 1.2959
0.799993 1.62217
0.814932 1.33312
0.830131 1.26825
0.567036 0.697796
0.567423 0.624656
0.568581 0.699796
0.570506 0.859121
0.573191 0.4896
0.576625 0.705919
0.580794 0.689859
0.585682 0.725667
0.591273 0.624994
0.597545 0.582385
0.604479 0.943346
0.612051 0.67443
0.620238 0.673595
0.629016 0.806902
0.638361 0.961968
0.648248 0.815551
0.658653 0.797012
0.669552 1.04604
0.68092 1.03726
0.692735 0.892018
0.704975 1.01304
0.717617 1.05202
0.730641 1.01578
0.744026 1.12117
0.757754 1.25954
0.771807 1.20604
0.786166 1.52658
0.800815 1.1817
0.815739 1.33281
0.830923 1.48265
0.568967 0.611994
0.569352 0.642972
0.570506 0.550671
0.572425 0.541614
0.575101 0.616748
0.578523 0.661722
0.582679 0.876972
0.587552 0.722631
0.593124 0.556208
0.599378 0.865455
0.60629 0.678335
0.61384 0.775314
0.622004 0.800948
0.630757 0.802241
0.640077 0.799894
0.649938 0.752524
0.660316 1.00951
0.671187 0.698502
0.682529 0.821422
0.694316 1.0009
0.706529 1.504
0.719143 0.986732
0.73214 1.03887
0.745499 1.02595
0.7592 1.05845
0.773226 1.09573
0.787559 1.52332
0.802183 1.19746
0.817083 1.56996
0.832242 1.47286
0.571659 0.771871
0.572042 0.643455
0.573191 0.69025
0.575101 0.713469
0.577765 0.649074
0.581171 0.718959
0.585308 0.649647
0.590159 0.735453
0.595707 0.695396
0.601934 0.943784
0.608817 0.911873
0.616336 0.719565
0.624467 0.729285
0.633187 0.823629
0.642471 0.810545
0.652296 0.652702
0.662637 0.812591
0.673471 0.957397
0.684774 1.09831
0.696524 0.84494
0.708698 1.05456
0.721275 1.10414
0.734234 1.16147
0.747555 1.12319
0.76122 1.12082
0.775209 1.72179
0.789506 1.15033
0.804095 1.40517
0.818959 1.45011
0.834085 1.12
0.575101 0.7159
0.575482 0.788665
0.576625 0.605363
0.578523 0.696469
0.581171 0.521146
0.584558 0.675334
0.58867 0.577048
0.593494 0.715159
0.599012 0.685755
0.605204 0.82083
0.612051 0.866456
0.61953 0.712347
0.62762 0.737747
0.636296 0.903265
0.645536 0.773845
0.655315 0.988974
0.665609 0.794996
0.676396 1.03349
0.687651 0.754352
0.699352 1.25002
0.711478 1.05695
0.724007 1.07679
0.736918 1.0894
0.750191 1.39956
0.763808 1.24712
0.777751 1.59698
0.792003 1.35493
0.806546 1.62473
0.821366 0.926134
0.836448 0.954918
0.579281 0.752929
0.57966 0.616196
0.580794 0.701031
0.582679 0.533122
0.585308 0.833116
0.58867 0.77657
0.592755 0.723201
0.597545 0.77109
0.603026 0.732805
0.609177 0.617201
0.61598 0.837203
0.623412 0.716425
0.631452 0.909821
0.640077 0.870997
0.649262 0.774847
0.658986 0.889952
0.669224 0.879653
0.679953 0.803432
0.69115 0.976655
0.702794 1.14558
0.714861 1.23052
0.727331 1.09884
0.740184 1.14861
0.7534 1.29641
0.766961 1.42983
0.780847 1.44251
0.795043 1.50336
0.809532 1.21508
0.824298 1.21078
0.839327 1.46743
0.584182 0.534552
0.584558 0.614499
0.585682 0.784217
0.587552 0.736253
0.590159 0.744315
0.593494 0.512782
0.597545 0.598197
0.602298 0.705512
0.607736 0.811934
0.61384 0.774293
0.620592 0.885689
0.627969 0.685434
0.635952 0.894346
0.644516 1.12122
0.653639 0.791428
0.663299 0.799482
0.673471 1.14442
0.684133 0.973032
0.695263 1.00534
0.706839 1.04046
0.718838 0.989974
0.731241 1.24374
0.744026 1.39799
0.757175 1.33459
0.770669 1.07604
0.78449 1.50001
0.798621 1.31918
0.813046 1.34306
0.82775 1.41558
0.842718 1.29461
0.589787 0.579052
0.590159 0.76936
0.591273 0.829992
0.593124 0.549185
0.595707 0.78973
0.599012 0.760053
0.603026 0.732405
0.607736 0.776126
0.613125 0.64951
0.619176 0.744534
0.62587 0.610235
0.633187 0.922059
0.641104 0.863242
0.6496 0.755387
0.658653 0.906235
0.66824 0.887977
0.678338 1.04213
0.688925 0.808843
0.699979 1.18717
0.711478 1.11135
0.723401 1.24754
0.735726 1.32333
0.748435 1.07217
0.761508 1.15632
0.774926 1.37009
0.788673 1.2246
0.80273 1.10366
0.817083 1.48805
0.831715 1.39444
0.846612 1.11786
0.596075 0.769077
0.596443 0.734874
0.597545 0.649259
0.599378 0.794554
0.601934 0.682165
0.605204 0.674083
0.609177 0.66768
0.61384 0.840128
0.619176 0.715689
0.625169 0.812515
0.6318 0.932635
0.639048 0.829679
0.646894 1.10098
0.655315 0.745402
0.66429 0.851286
0.673797 0.985808
0.683813 0.823243
0.694316 0.984569
0.705286 0.99941
0.716699 0.906641
0.728536 1.037
0.740777 1.21311
0.7534 1.21915
0.766388 0.901778
0.779723 1.2353
0.793386 1.43163
0.807361 1.62123
0.821633 1.37012
0.836186 1.32839
0.851005 1.13901
0.603026 0.880605
0.603389 0.823576
0.604479 0.785696
0.60629 0.682154
0.608817 0.851514
0.612051 0.6872
0.61598 0.687208
0.620592 0.636266
0.62587 0.967824
0.6318 0.690804
0.638361 0.73662
0.645536 0.796573
0.653304 0.834825
0.661643 0.718229
0.670534 0.848423
0.679953 0.784023
0.68988 0.848961
0.700293 0.931237
0.71117 0.9919
0.72249 1.24577
0.734234 1.1111
0.746381 1.1925
0.758911 1.11244
0.771807 1.43422
0.785049 1.59056
0.798621 1.03686
0.812507 1.4861
0.826689 1.04404
0.841155 1.36697
0.855888 1.53819
0.610616 0.595731
0.610975 0.858824
0.612051 0.644605
0.61384 0.514559
0.616336 0.658542
0.61953 0.891301
0.623412 0.912448
0.627969 0.959693
0.633187 0.87235
0.639048 0.792433
0.645536 0.855875
0.652632 0.99471
0.660316 0.853517
0.668568 0.966874
0.677368 0.819341
0.686693 0.996982
0.696524 0.911034
0.706839 1.03886
0.717617 1.1397
0.728837 0.927319
0.74048 1.04309
0.752526 1.43301
0.764956 1.53323
0.777751 1.22593
0.790894 1.17348
0.804368 1.32565
0.818156 1.55849
0.832242 1.3457
0.846612 1.48405
0.861252 1.09753
0.618822 0.736297
0.619176 0.821117
0.620238 0.827818
0.622004 0.915287
0.624467 0.683539
0.62762 0.932572
0.631452 1.02041
0.635952 0.794001
0.641104 0.849549
0.646894 0.792159
0.653304 0.925109
0.660316 0.968856
0.667912 1.02461
0.676071 0.826997
0.684774 0.94884
0.694001 1.1822
0.703729 1.09148
0.71394 1.2036
0.724612 1.07028
0.735726 1.35063
0.747262 1.25166
0.7592 1.20685
0.771522 1.6035
0.78421 0.993704
0.797247 1.31147
0.810615 1.16622
0.824298 1.47589
0.838281 1.30674
0.85255 1.29815
0.86709 1.21784
0.62762 0.641001
0.627969 1.16324
0.629016 0.906615
0.630757 0.726329
0.633187 0.78409
0.636296 0.867168
0.640077 0.769748
0.644516 0.618881
0.6496 0.779193
0.655315 0.759118
0.661643 1.16013
0.668568 0.962152
0.676071 0.953342
0.684133 0.834552
0.692735 0.74325
0.701857 1.09886
0.711478 1.11584
0.721579 1.19953
0.73214 1.16357
0.743141 1.47306
0.754564 1.13978
0.766388 1.06455
0.778597 1.33617
0.791171 1.25738
0.804095 1.39521
0.817351 1.19387
0.830923 1.24648
0.844797 1.4714
0.858957 1.25352
0.87339 1.12401
0.636985 0.631091
0.63733 0.914253
0.638361 1.07196
0.640077 0.942609
0.642471 0.746409
0.645536 0.829629
0.649262 0.908117
0.653639 0.939657
0.658653 0.717368
0.66429 0.923263
0.670534 1.22793
0.677368 0.876498
0.684774 0.692768
0.692735 1.19308
0.701232 1.18995
0.710244 1.09304
0.719753 1.28537
0.72974 1.11918
0.740184 1.52471
0.751068 1.47982
0.762371 1.67813
0.774077 1.40663
0.786166 1.29412
0.798621 1.00407
0.811426 1.37178
0.824564 0.826482
0.83802 1.49503
0.851778 1.27605
0.865824 0.971738
0.880144 1.37842
0.646894 0.783726
0.647232 0.839505
0.648248 0.835931
0.649938 0.700382
0.652296 1.11162
0.655315 0.831121
0.658986 0.935197
0.663299 0.724305
0.66824 0.976054
0.673797 0.761614
0.679953 0.797135
0.686693 0.945815
0.694001 1.03381
0.701857 1.18554
0.710244 1.24237
0.719143 1.19616
0.728536 0.970576
0.738404 1.29612
0.748728 1.1537
0.759489 1.14893
0.770669 1.42067
0.78225 1.71025
0.794215 1.15273
0.806546 1.28387
0.819227 1.50441
0.832242 1.45588
0.845576 1.33431
0.859213 1.27139
0.873139 1.33128
0.887342 1.21671
0.65732 0.963783
0.657653 0.849852
0.658653 0.638873
0.660316 1.04095
0.662637 0.713547
0.665609 0.886846
0.669224 0.800022
0.673471 1.06967
0.678338 0.80977
0.683813 1.35967
0.68988 1.26801
0.696524 0.947234
0.703729 1.12846
0.711478 0.934233
0.719753 1.04552
0.728536 1.21355
0.73781 1.39233
0.747555 1.09968
0.757754 1.29032
0.768389 1.44679
0.779441 1.48746
0.790894 1.20925
0.80273 1.28387
0.814932 1.09486
0.827485 1.25624
0.840372 1.01626
0.853578 1.22606
0.86709 1.05147
0.880892 0.917428
0.894971 1.12683
0.66824 0.830755
0.668568 1.00616
0.669552 0.874991
0.671187 0.887285
0.673471 0.912099
0.676396 0.971271
0.679953 0.980615
0.684133 0.985433
0.688925 1.16009
0.694316 0.935912
0.700293 0.934008
0.706839 1.20931
0.71394 0.953364
0.721579 1.06916
0.72974 0.989231
0.738404 1.31923
0.747555 0.953032
0.757175 1.45002
0.767246 1.20894
0.777751 1.08127
0.788673 1.69214
0.799993 1.21749
0.811696 0.963294
0.823766 1.45096
0.836186 1.31929
0.848941 1.45312
0.862016 1.14358
0.875397 0.988047
0.88907 1.41196
0.903022 1.32214
0.67963 1.06508
0.679953 1.19117
0.68092 0.801817
0.682529 0.700144
0.684774 0.942644
0.687651 1.01467
0.69115 1.19633
0.695263 1.16844
0.699979 1.08361
0.705286 1.14666
0.71117 1.06073
0.717617 1.02759
0.724612 1.06614
0.73214 1.12164
0.740184 1.04526
0.748728 1.31741
0.757754 1.38096
0.767246 1.61439
0.777187 1.28995
0.787559 1.79279
0.798346 1.41204
0.809532 1.30382
0.821099 1.36571
0.833032 1.24683
0.845316 1.37865
0.857935 1.3122
0.870876 1.09262
0.884123 1.18992
0.897663 1.24884
0.911483 0.943781
0.691468 0.826453
0.691785 0.930442
0.692735 0.994168
0.694316 0.679687
0.696524 1.07904
0.699352 1.1074
0.702794 1.34064
0.706839 1.07513
0.711478 1.0592
0.716699 1.15664
0.72249 1.07155
0.728837 1.13603
0.735726 1.37215
0.743141 1.48673
0.751068 1.07068
0.759489 1.56871
0.768389 1.21735
0.777751 1.14072
0.787559 1.18269
0.797797 1.37681
0.808447 1.57895
0.819495 1.36663
0.830923 1.11738
0.842718 1.5153
0.854862 1.41589
0.867343 1.01337
0.880144 1.24074
0.893254 1.29209
0.906658 1.07249
0.920343 1.19854
0.703729 0.842055
0.704041 1.06673
0.704975 1.08494
0.706529 1.05528
0.708698 0.915045
0.711478 0.957886
0.714861 1.17407
0.718838 1.11885
0.723401 1.31714
0.728536 0.8771
0.734234 1.01952
0.74048 1.45839
0.747262 1.35133
0.754564 1.11781
0.762371 1.36204
0.770669 1.09873
0.779441 1.36799
0.788673 1.22658
0.798346 1.41397
0.808447 1.23288
0.818959 1.34717
0.829867 1.27918
0.841155 1.0996
0.852807 1.22629
0.86481 1.43223
0.877149 0.947499
0.88981 1.20168
0.902779 1.37599
0.916044 1.25011
0.929591 1.12488
0.716393 0.834459
0.716699 1.02404
0.717617 1.14841
0.719143 0.997538
0.721275 1.05933
0.724007 1.50177
0.727331 1.16271
0.731241 1.15984
0.735726 0.934765
0.740777 1.2215
0.746381 1.09636
0.752526 1.47641
0.7592 1.18182
0.766388 1.52422
0.774077 1.43818
0.78225 1.09218
0.790894 0.984953
0.799993 1.36848
0.809532 1.41885
0.819495 1.1792
0.829867 1.0447
0.840633 1.22537
0.851778 1.56343
0.863287 0.971768
0.875146 1.14039
0.887342 1.30558
0.899859 1.18465
0.912685 1.20329
0.925808 0.828081
0.939214 1.25417
0.729439 1.2029
0.72974 1.12059
0.730641 1.33662
0.73214 1.26269
0.734234 1.07835
0.736918 1.43284
0.740184 1.21451
0.744026 0.953516
0.748435 1.48089
0.7534 1.35333
0.758911 1.16389
0.764956 1.20038
0.771522 1.2291
0.778597 1.1777
0.786166 1.5549
0.794215 1.39815
0.80273 1.44235
0.811696 1.19178
0.821099 1.36954
0.830923 1.49422
0.841155 1.39049
0.851778 1.03917
0.862779 0.996175
0.874143 1.21314
0.885857 1.15021
0.897907 1.06933
0.910279 1.32114
0.922961 1.09761
0.935939 1.15219
0.949202 1.1026
0.742846 0.988631
0.743141 1.35641
0.744026 1.08333
0.745499 1.27874
0.747555 1.43383
0.750191 1.1003
0.7534 1.03288
0.757175 1.48037
0.761508 0.947709
0.766388 1.18024
0.771807 1.24157
0.777751 1.24294
0.78421 1.33824
0.791171 1.46032
0.798621 1.48636
0.806546 1.28499
0.814932 1.41108
0.823766 1.60052
0.833032 1.04248
0.842718 1.21432
0.852807 1.82617
0.863287 1.66164
0.874143 1.39711
0.885362 1.24582
0.896929 1.23805
0.908832 1.09576
0.921058 1.14589
0.933593 1.23237
0.946426 0.9671
0.959544 1.10156
0.756596 1.12841
0.756886 1.20962
0.757754 1.18374
0.7592 1.06487
0.76122 1.51846
0.763808 1.19913
0.766961 1.27467
0.770669 1.32878
0.774926 1.61531
0.779723 1.13258
0.785049 1.27679
0.790894 1.34634
0.797247 1.34993
0.804095 1.14081
0.811426 1.61988
0.819227 1.40287
0.827485 1.48936
0.836186 1.52706
0.845316 1.37795
0.854862 1.47302
0.86481 1.29097
0.875146 1.31269
0.885857 1.39355
0.896929 0.879802
0.90835 1.3747
0.920105 1.0281
0.932182 1.00434
0.94457 1.1498
0.957255 1.23388
0.970227 1.00338
0.770669 1.67706
0.770954 1.40456
0.771807 1.1524
0.773226 1.38022
0.775209 1.30172
0.777751 1.28722
0.780847 1.42405
0.78449 1.20749
0.788673 1.47555
0.793386 1.83283
0.798621 1.20558
0.804368 1.33853
0.810615 1.27339
0.817351 1.09009
0.824564 1.45959
0.832242 1.2194
0.840372 1.33143
0.848941 0.985447
0.857935 1.16235
0.867343 1.1551
0.877149 1.12574
0.887342 1.3501
0.897907 1.30058
0.908832 1.26851
0.920105 0.919715
0.931712 1.3973
0.943641 1.27846
0.95588 1.04979
0.968417 1.04721
0.981241 1.19367
0.785049 1.36782
0.785328 1.42383
0.786166 1.2464
0.787559 1.66541
0.789506 1.71628
0.792003 1.07543
0.795043 1.47391
0.798621 1.22159
0.80273 0.966536
0.807361 1.49079
0.812507 1.57584
0.818156 1.12397
0.824298 1.61272
0.830923 1.4362
0.83802 1.24134
0.845576 1.04859
0.853578 1.13024
0.862016 0.947278
0.870876 1.21228
0.880144 0.887978
0.88981 1.04574
0.899859 1.19269
0.910279 1.05107
0.921058 0.956329
0.932182 1.36745
0.943641 1.27418
0.955421 0.894823
0.967511 0.964345
0.979899 1.3008
0.992575 0.801066
0.799719 1.08857
0.799993 1.2664
0.800815 1.7103
0.802183 1.25005
0.804095 1.2396
0.806546 1.49464
0.809532 1.29054
0.813046 1.45047
0.817083 1.21803
0.821633 1.28141
0.826689 1.71822
0.832242 1.36687
0.838281 1.18084
0.844797 1.3906
0.851778 1.18569
0.859213 1.38012
0.86709 1.22411
0.875397 1.05761
0.884123 1.22082
0.893254 1.02397
0.902779 1.1183
0.912685 1.14996
0.922961 0.928611
0.933593 1.18993
0.94457 1.19836
0.95588 1.17894
0.967511 1.19682
0.979452 1.0531
0.991691 1.07505
1.00422 0.87263
0.814663 1.1863
0.814932 1.36254
0.815739 1.32576
0.817083 1.04961
0.818959 1.40171
0.821366 1.10103
0.824298 1.17955
0.82775 1.28334
0.831715 0.772707
0.836186 1.54403
0.841155 1.33745
0.846612 0.97363
0.85255 1.59134
0.858957 1.48736
0.865824 1.40706
0.873139 1.03865
0.880892 1.47002
0.88907 1.52093
0.897663 0.779383
0.906658 1.24281
0.916044 1.19355
0.925808 1.20882
0.935939 1.12666
0.946426 1.30616
0.957255 0.741263
0.968417 0.836906
0.979899 0.956904
0.991691 1.09066
1.00378 0.829061
1.01616 1.41802
0.829867 1.15727
0.830131 1.75792
0.830923 1.08604
0.832242 1.24684
0.834085 1.45666
0.836448 0.996044
0.839327 1.64886
0.842718 1.39191
0.846612 1.17607
0.851005 1.04439
0.855888 1.43982
0.861252 1.24801
0.86709 1.17296
0.87339 1.0482
0.880144 1.40259
0.887342 1.35533
0.894971 1.01108
0.903022 1.26583
0.911483 1.27526
0.920343 0.951553
0.929591 0.935956
0.939214 1.07495
0.949202 1.05992
0.959544 1.08471
0.970227 1.04158
0.981241 1.01693
0.992575 1.13493
1.00422 0.955128
1.01616 1.08603
1.02839 0.9442
0.586431 0.874446
0.586805 0.604215
0.587925 0.650164
0.589787 0.714483
0.592384 0.679782
0.595707 0.855118
0.599743 0.794003
0.604479 0.737214
0.609897 1.08472
0.61598 0.94502
0.622708 0.893663
0.630061 0.697089
0.638018 0.784792
0.646554 0.922719
0.655649 1.17098
0.66528 0.811713
0.675422 0.987919
0.686054 0.948338
0.697154 0.789053
0.708698 0.663554
0.720667 0.799657
0.733038 1.22151
0.745793 1.55316
0.758911 1.09361
0.772375 1.58107
0.786166 1.40296
0.800267 1.50025
0.814663 1.04806
0.829338 1.48294
0.844278 1.12086
0.586805 0.558603
0.587178 0.762769
0.588298 0.842553
0.590159 0.992817
0.592755 0.918246
0.596075 0.746064
0.600109 0.734048
0.604842 0.857166
0.610257 0.767973
0.616336 0.934995
0.623061 0.745939
0.630409 0.889348
0.638361 0.722504
0.646894 0.998688
0.655984 0.78641
0.665609 0.950732
0.675747 1.10365
0.686374 0.915499
0.697468 0.857706
0.709008 0.903212
0.720971 1.32453
0.733337 1.33882
0.746087 1.23588
0.7592 1.26383
0.772659 1.20229
0.786445 1.37207
0.800541 1.34568
0.814932 1.15064
0.829603 1.50197
0.844537 1.02715
0.587925 0.787057
0.588298 0.834937
0.589415 0.706181
0.591273 0.639511
0.593864 0.670367
0.597178 0.808642
0.601204 0.77429
0.605928 0.578109
0.611334 0.865083
0.617403 0.762115
0.624116 1.09019
0.631452 0.688994
0.639391 1.00673
0.64791 0.938827
0.656986 0.797523
0.666597 0.742911
0.67672 0.857198
0.687332 0.885391
0.698411 1.01079
0.709935 1.29132
0.721883 0.931849
0.734234 1.15845
0.746968 1.07953
0.760066 1.68143
0.77351 1.35897
0.787281 1.03826
0.801363 1.17806
0.815739 1.22662
0.830395 1.25983
0.845316 1.18887
0.589787 0.861465
0.590159 0.562329
0.591273 0.773697
0.593124 1.0381
0.595707 0.811559
0.599012 0.635758
0.603026 0.751873
0.607736 0.736259
0.613125 0.64857
0.619176 0.761618
0.62587 0.818446
0.633187 0.716933
0.641104 0.853137
0.6496 1.09476
0.658653 0.718295
0.66824 1.12535
0.678338 0.910877
0.688925 0.880813
0.699979 1.27713
0.711478 1.12684
0.723401 0.811765
0.735726 1.04026
0.748435 1.15285
0.761508 1.10734
0.774926 1.3274
0.788673 1.23
0.80273 1.43549
0.817083 1.19142
0.831715 1.41057
0.846612 1.6008
0.592384 0.665298
0.592755 0.716679
0.593864 0.617153
0.595707 0.832801
0.598279 0.837908
0.601569 0.960812
0.605566 0.728956
0.610257 0.766122
0.615624 0.669827
0.621651 0.60078
0.628319 0.701139
0.635607 0.824327
0.643494 0.856981
0.651959 0.730608
0.66098 0.829033
0.670534 1.05198
0.680598 1.14163
0.69115 0.852832
0.702169 0.800029
0.713633 0.999604
0.72552 1.14272
0.73781 0.985365
0.750483 1.02815
0.763521 0.939572
0.776905 1.41648
0.790617 1.2055
0.80464 1.35367
0.818959 1.49593
0.833559 1.45774
0.848424 1.3426
0.595707 0.586714
0.596075 0.871237
0.597178 0.874898
0.599012 0.953076
0.601569 0.626907
0.604842 0.636099
0.608817 0.775914
0.613483 0.709448
0.618822 0.931665
0.624818 0.869216
0.631452 0.816258
0.638705 0.66503
0.646554 0.987933
0.65498 0.956483
0.66396 1.15265
0.673471 1.10348
0.683492 0.871267
0.694001 1.0101
0.704975 1.12489
0.716393 1.17206
0.728235 1.52012
0.74048 1.54388
0.753109 1.24767
0.766102 1.25911
0.779441 1.33479
0.79311 1.47604
0.80709 0.967441
0.821366 1.53163
0.835923 1.41295
0.850747 1.20838
0.599743 0.758991
0.600109 0.782665
0.601204 0.770553
0.603026 0.744602
0.605566 0.656903
0.608817 0.740406
0.612767 0.852553
0.617403 0.79439
0.622708 0.945274
0.628667 0.778455
0.635261 0.775759
0.642471 0.749396
0.650275 0.790392
0.658653 0.84046
0.667583 0.943462
0.677044 1.08492
0.687013 1.06698
0.697468 0.887424
0.708389 1.0149
0.719753 1.13027
0.731541 1.01495
0.743731 1.25593
0.756306 1.50643
0.769245 1.50694
0.782531 1.26953
0.796146 1.46686
0.810073 1.15366
0.824298 1.37519
0.838805 1.35731
0.853578 1.43549
0.604479 0.67808
0.604842 0.725007
0.605928 0.8519
0.607736 0.959999
0.610257 0.721861
0.613483 0.828722
0.617403 0.645775
0.622004 0.757503
0.62727 0.75439
0.633187 0.835889
0.639734 0.854931
0.646894 0.877898
0.654645 0.902443
0.662968 0.750652
0.671841 0.767328
0.681242 1.11003
0.69115 1.23547
0.701544 1.10897
0.712402 1.41938
0.723704 1.04669
0.735428 0.892819
0.747555 1.52905
0.760066 1.1267
0.772942 1.38106
0.786166 1.32846
0.799719 1.0897
0.813586 1.02893
0.82775 1.37996
0.842197 1.49563
0.856912 1.19265
0.609897 0.876189
0.610257 0.713704
0.611334 0.794798
0.613125 0.627161
0.615624 0.760323
0.618822 0.964799
0.622708 0.753463
0.62727 0.890962
0.632493 0.675043
0.638361 0.683452
0.644856 0.905969
0.651959 1.01426
0.659651 1.01072
0.667912 0.959093
0.67672 0.933565
0.686054 0.760772
0.695894 1.35729
0.706218 1.01745
0.717005 1.1773
0.728235 1.36596
0.739888 1.28633
0.751943 1.2248
0.764382 1.26158
0.777187 1.14088
0.790339 1.17082
0.803822 1.23553
0.817619 1.24782
0.831715 1.38966
0.846094 1.02621
0.860743 1.15793
0.61598 0.944444
0.616336 0.67071
0.617403 0.701335
0.619176 0.751096
0.621651 0.670562
0.624818 0.764451
0.628667 0.815137
0.633187 0.883627
0.638361 0.975198
0.644175 0.604521
0.650612 0.76652
0.657653 0.957218
0.66528 0.903093
0.673471 0.809251
0.682207 0.921452
0.691468 0.958289
0.701232 0.733027
0.711478 1.22328
0.722187 1.20222
0.733337 1.22565
0.74491 1.2922
0.756886 1.17218
0.769245 1.33263
0.78197 1.25431
0.795043 0.88406
0.808447 1.24331
0.822167 1.23829
0.836186 1.19906
0.850489 1.45624
0.865064 1.29253
0.622708 0.666759
0.623061 0.842655
0.624116 0.597824
0.62587 0.661314
0.628319 0.743194
0.631452 1.13946
0.635261 0.834346
0.639734 0.745345
0.644856 0.855865
0.650612 0.872257
0.656986 0.924412
0.66396 0.917911
0.671514 1.1294
0.67963 1.18615
0.688288 1.00792
0.697468 1.04974
0.707149 1.12636
0.717311 0.950223
0.727934 1.13139
0.738998 1.14729
0.750483 1.2052
0.762371 1.56648
0.774643 1.30473
0.787281 1.2741
0.800267 1.30672
0.813586 1.21137
0.82722 1.38422
0.841155 1.38185
0.855375 1.0508
0.869868 0.931198
0.630061 0.757395
0.630409 0.630571
0.631452 0.901437
0.633187 0.765178
0.635607 0.899437
0.638705 0.795358
0.642471 0.8836
0.646894 0.899821
0.651959 0.599631
0.657653 0.953589
0.66396 0.782239
0.670861 1.13083
0.678338 0.857443
0.686374 0.871487
0.694948 0.915694
0.704041 1.07086
0.713633 1.2278
0.723704 1.34446
0.734234 1.27458
0.745204 1.03596
0.756596 1.44666
0.768389 1.20482
0.780566 1.58434
0.79311 1.58594
0.806002 1.31795
0.819227 1.4078
0.832769 1.05571
0.846612 1.14759
0.860743 0.901647
0.875146 1.187
0.638018 0.767016
0.638361 0.897357
0.639391 0.771277
0.641104 1.02967
0.643494 0.668064
0.646554 0.90899
0.650275 0.666069
0.654645 0.869952
0.659651 1.04769
0.66528 0.848409
0.671514 0.801801
0.678338 0.907023
0.685735 0.975918
0.693684 0.987983
0.702169 1.44922
0.71117 1.07827
0.720667 1.27059
0.730641 1.12136
0.741073 0.998409
0.751943 1.16018
0.763234 1.36845
0.774926 1.40763
0.787002 1.32872
0.799445 1.13868
0.812237 1.18582
0.825362 1.38957
0.838805 1.33162
0.85255 1.44926
0.866584 1.28365
0.880892 0.86578
0.646554 0.752936
0.646894 0.800325
0.64791 0.964571
0.6496 0.82518
0.651959 0.909482
0.65498 0.82862
0.658653 0.927653
0.662968 0.885696
0.667912 0.887165
0.673471 0.77437
0.67963 0.741592
0.686374 0.859775
0.693684 1.27203
0.701544 0.825709
0.709935 1.09339
0.718838 1.21536
0.728235 1.20277
0.738107 0.95274
0.748435 1.52753
0.7592 1.22089
0.770384 1.19341
0.78197 1.48542
0.793939 1.53948
0.806274 1.10143
0.818959 1.12183
0.831979 1.19695
0.845316 1.36194
0.858957 1.36004
0.872888 1.22096
0.887094 1.33602
0.655649 0.819587
0.655984 0.80022
0.656986 0.801264
0.658653 0.615903
0.66098 0.968117
0.66396 0.905745
0.667583 0.634771
0.671841 0.953902
0.67672 0.982401
0.682207 0.978552
0.688288 0.754942
0.694948 0.874608
0.702169 1.17581
0.709935 0.882025
0.718228 1.23957
0.72703 1.08527
0.736322 1.31053
0.746087 1.33244
0.756306 0.845222
0.766961 1.33899
0.778033 1.36026
0.789506 1.48722
0.801363 1.26687
0.813586 1.18461
0.826159 1.08237
0.839066 1.1217
0.852293 1.25876
0.865824 1.36292
0.879646 1.30441
0.893745 0.931378
0.66528 1.03788
0.665609 0.986299
0.666597 0.875264
0.66824 0.9207
0.670534 0.815474
0.673471 1.09627
0.677044 1.03096
0.681242 1.05885
0.686054 0.847539
0.691468 0.954253
0.697468 0.699625
0.704041 0.865933
0.71117 0.975073
0.718838 1.32784
0.72703 1.15775
0.735726 1.11048
0.74491 1.45203
0.754564 1.03497
0.764669 1.03313
0.775209 1.51777
0.786166 1.68168
0.797522 1.47304
0.809261 1.44527
0.821366 1.40002
0.833822 1.51824
0.846612 1.09867
0.859723 1.28871
0.873139 0.849627
0.886847 1.31754
0.900833 0.852274
0.675422 0.948424
0.675747 0.859637
0.67672 0.965797
0.678338 0.954242
0.680598 0.905182
0.683492 0.953406
0.687013 0.90334
0.69115 1.25338
0.695894 0.89007
0.701232 0.967147
0.707149 0.994189
0.713633 1.16622
0.720667 1.03868
0.728235 1.22563
0.736322 1.28671
0.74491 0.959792
0.753982 1.15168
0.763521 1.11098
0.77351 0.983004
0.783931 1.09585
0.794767 1.1329
0.806002 1.27393
0.817619 1.05465
0.829603 1.40083
0.841936 1.20246
0.854606 1.33022
0.867595 1.23325
0.880892 1.06009
0.894481 1.02099
0.90835 1.03128
0.686054 1.12619
0.686374 1.19191
0.687332 1.12344
0.688925 0.868034
0.69115 0.92169
0.694001 1.08318
0.697468 0.953453
0.701544 0.984235
0.706218 0.947833
0.711478 1.10637
0.717311 1.41606
0.723704 1.1287
0.730641 1.13428
0.738107 1.15131
0.746087 1.26346
0.754564 0.932781
0.763521 1.37267
0.772942 1.46737
0.782811 1.73617
0.79311 1.5668
0.803822 1.1298
0.814932 1.27368
0.826424 1.45629
0.838281 1.32057
0.850489 1.15754
0.863033 1.37817
0.875898 1.25036
0.88907 1.39743
0.902536 0.971985
0.916283 0.977968
0.697154 0.996628
0.697468 1.07339
0.698411 0.915968
0.699979 1.08683
0.702169 1.08667
0.704975 1.0573
0.708389 0.654635
0.712402 1.18659
0.717005 0.851607
0.722187 1.71212
0.727934 0.995154
0.734234 1.02975
0.741073 1.65247
0.748435 1.29511
0.756306 1.18482
0.764669 1.21677
0.77351 1.3477
0.782811 1.10973
0.792556 1.04829
0.80273 1.27524
0.813316 1.17617
0.824298 1.15819
0.835661 1.01343
0.847389 1.05989
0.859468 1.49952
0.871882 1.0458
0.884619 1.12603
0.897663 1.18215
0.911002 1.22418
0.924623 1.43476
0.708698 0.902184
0.709008 1.19991
0.709935 0.901512
0.711478 1.22373
0.713633 0.761232
0.716393 1.44386
0.719753 1.01548
0.723704 1.14387
0.728235 1.19316
0.733337 1.33159
0.738998 1.27297
0.745204 1.0628
0.751943 1.27756
0.7592 1.37561
0.766961 1.19191
0.775209 1.75383
0.783931 0.823708
0.79311 1.36976
0.80273 1.34454
0.812776 1.59609
0.823233 1.69787
0.834085 1.84016
0.845316 1.06853
0.856912 1.41966
0.868858 1.15163
0.881141 1.2648
0.893745 0.997912
0.906658 1.30261
0.919866 1.17201
0.933358 1.35967
0.720667 1.17818
0.720971 0.970865
0.721883 1.43677
0.723401 1.47102
0.72552 1.3907
0.728235 1.15942
0.731541 1.32565
0.735428 1.50359
0.739888 1.03901
0.74491 1.28443
0.750483 1.06949
0.756596 1.35986
0.763234 1.17187
0.770384 1.50393
0.778033 1.36011
0.786166 1.23235
0.794767 1.65411
0.803822 1.37126
0.813316 1.35597
0.823233 1.13247
0.833559 1.56834
0.844278 1.09583
0.855375 1.09709
0.866837 1.12846
0.878648 1.05707
0.890795 1.25256
0.903265 1.45658
0.916044 1.2317
0.929119 1.38672
0.942478 1.14447
0.733038 1.00131
0.733337 1.19821
0.734234 1.21263
0.735726 1.23538
0.73781 1.12717
0.74048 1.44207
0.743731 1.3314
0.747555 0.996784
0.751943 1.42208
0.756886 1.2033
0.762371 1.5787
0.768389 1.04837
0.774926 1.39778
0.78197 1.5113
0.789506 1.7465
0.797522 1.18466
0.806002 1.13976
0.814932 1.24887
0.824298 1.34497
0.834085 1.18098
0.844278 1.14238
0.854862 1.35639
0.865824 1.488
0.877149 1.25026
0.888823 1.3472
0.900833 1.34445
0.913166 0.896449
0.925808 1.18235
0.938747 1.31915
0.951971 0.816003
0.745793 1.35288
0.746087 1.17629
0.746968 1.32549
0.748435 1.1328
0.750483 0.967212
0.753109 1.09016
0.756306 1.17555
0.760066 1.28277
0.764382 1.1532
0.769245 1.43862
0.774643 1.04818
0.780566 1.45223
0.787002 1.27267
0.793939 1.07398
0.801363 1.42445
0.809261 1.76782
0.817619 0.912468
0.826424 1.25456
0.835661 1.04989
0.845316 1.37999
0.855375 1.20362
0.865824 1.33725
0.876649 1.62432
0.887836 1.09304
0.899371 1.28999
0.911242 1.00871
0.923436 1.13758
0.935939 1.03609
0.94874 1.09517
0.961827 1.08981
0.758911 1.29574
0.7592 1.4219
0.760066 1.60775
0.761508 1.14815
0.763521 1.47437
0.766102 1.09949
0.769245 1.2989
0.772942 1.70497
0.777187 1.26161
0.78197 1.30547
0.787281 1.19597
0.79311 1.37936
0.799445 1.66617
0.806274 1.46897
0.813586 1.08915
0.821366 1.22411
0.829603 1.39231
0.838281 1.21313
0.847389 1.25898
0.856912 1.39006
0.866837 1.27462
0.877149 1.39517
0.887836 1.17516
0.898884 1.26869
0.910279 1.06597
0.92201 0.981546
0.934063 1.26189
0.946426 1.02559
0.959087 1.07772
0.972034 1.03258
0.772375 1.57313
0.772659 1.27931
0.77351 1.18514
0.774926 1.3906
0.776905 1.52175
0.779441 1.31931
0.782531 1.13004
0.786166 1.26741
0.790339 1.39049
0.795043 1.59862
0.800267 1.42938
0.806002 1.63265
0.812237 1.45321
0.818959 1.45417
0.826159 1.21344
0.833822 1.52149
0.841936 1.48843
0.850489 1.24704
0.859468 1.4393
0.868858 1.51869
0.878648 1.19801
0.888823 1.19848
0.899371 1.29738
0.910279 0.945672
0.921534 1.25985
0.933123 0.997911
0.945034 0.919256
0.957255 0.945063
0.969775 1.14979
0.982582 1.12264
0.786166 1.35526
0.786445 1.52936
0.787281 1.08294
0.788673 1.07427
0.790617 1.27038
0.79311 1.32155
0.796146 1.21781
0.799719 1.42737
0.803822 1.52384
0.808447 1.17759
0.813586 1.39394
0.819227 1.38068
0.825362 1.3151
0.831979 1.49457
0.839066 1.32645
0.846612 1.26369
0.854606 0.737513
0.863033 1.17332
0.871882 0.9529
0.881141 1.13544
0.890795 1.24973
0.900833 1.10745
0.911242 1.17454
0.92201 0.9206
0.933123 1.18389
0.94457 1.12203
0.956339 0.903067
0.968417 1.31977
0.980794 1.08071
0.993459 1.01256
0.800267 1.53145
0.800541 1.5479
0.801363 1.46594
0.80273 1.94351
0.80464 1.64938
0.80709 1.42309
0.810073 1.34594
0.813586 1.15535
0.817619 1.68347
0.822167 1.25775
0.82722 1.14035
0.832769 1.31811
0.838805 1.18415
0.845316 1.47858
0.852293 1.22455
0.859723 1.39675
0.867595 1.26614
0.875898 1.23821
0.884619 1.15293
0.893745 1.68267
0.903265 1.30835
0.913166 1.191
0.923436 1.22688
0.934063 0.967374
0.945034 1.0717
0.956339 0.949871
0.967964 1.13281
0.979899 1.02077
0.992133 1.10962
1.00465 0.898725
0.814663 1.67257
0.814932 1.47716
0.815739 1.36936
0.817083 1.62881
0.818959 1.54553
0.821366 1.34663
0.824298 1.43056
0.82775 1.46591
0.831715 1.70368
0.836186 1.4207
0.841155 0.870118
0.846612 0.867768
0.85255 1.42623
0.858957 1.42458
0.865824 1.32976
0.873139 1.45942
0.880892 1.0087
0.88907 1.1624
0.897663 0.941997
0.906658 1.28724
0.916044 1.00597
0.925808 0.99721
0.935939 1.26292
0.946426 1.48639
0.957255 0.927158
0.968417 0.867361
0.979899 1.08526
0.991691 0.970242
1.00378 0.961609
1.01616 0.967366
0.829338 1.36278
0.829603 1.41571
0.830395 1.17671
0.831715 1.36581
0.833559 1.11505
0.835923 1.33912
0.838805 1.57308
0.842197 1.19348
0.846094 1.47649
0.850489 1.12483
0.855375 1.24674
0.860743 1.28268
0.866584 1.06514
0.872888 1.40577
0.879646 1.30192
0.886847 1.39662
0.894481 1.16142
0.902536 1.16702
0.911002 1.24061
0.919866 1.07144
0.929119 1.11375
0.938747 1.22006
0.94874 0.995384
0.959087 0.907561
0.969775 0.937732
0.980794 0.892636
0.992133 1.03182
1.00378 1.01091
1.01573 1.2429
1.02796 1.0284
0.844278 1.65545
0.844537 1.68651
0.845316 1.18307
0.846612 1.39261
0.848424 1.2192
0.850747 1.26924
0.853578 1.17018
0.856912 1.06772
0.860743 1.30569
0.865064 1.77656
0.869868 1.36109
0.875146 1.08437
0.880892 1.5201
0.887094 1.16816
0.893745 1.1166
0.900833 1.10196
0.90835 0.851101
0.916283 1.31579
0.924623 0.86175
0.933358 1.00349
0.942478 1.18209
0.951971 1.20117
0.961827 1.06178
0.972034 0.937793
0.982582 1.02451
0.993459 1.03298
1.00465 0.938702
1.01616 1.09849
1.02796 0.886653
1.04005 0.771361
0.607375 0.500058
0.607736 0.732225
0.608817 0.727347
0.610616 1.04084
0.613125 0.709127
0.616336 0.866217
0.620238 0.776202
0.624818 1.07357
0.630061 0.947523
0.635952 0.829044
0.642471 0.767007
0.6496 0.934634
0.65732 0.871586
0.665609 0.887208
0.674447 0.853318
0.683813 0.98887
0.693684 0.912875
0.704041 1.34666
0.714861 1.23359
0.726124 0.929942
0.73781 1.26894
0.749899 1.19349
0.762371 1.20426
0.775209 1.54349
0.788394 1.22792
0.80191 1.59319
0.815739 1.35753
0.829867 1.55632
0.844278 1.15037
0.858957 1.31073
0.607736 0.842323
0.608096 0.874765
0.609177 0.732871
0.610975 0.706283
0.613483 0.68616
0.616692 0.525959
0.620592 0.631219
0.625169 0.803594
0.630409 0.636876
0.636296 0.675427
0.642812 0.844063
0.649938 1.02113
0.657653 0.997714
0.665939 1.26963
0.674772 0.833729
0.684133 0.873248
0.694001 1.10239
0.704352 1.04588
0.715168 0.9512
0.726426 1.25002
0.738107 1.09825
0.750191 1.18914
0.762659 1.13015
0.775492 1.15425
0.788673 1.29324
0.802183 1.26582
0.816008 1.53736
0.830131 1.11802
0.844537 1.4647
0.859213 1.2911
0.608817 0.639862
0.609177 0.961533
0.610257 0.937355
0.612051 0.723059
0.614554 0.771452
0.617758 0.884871
0.621651 0.814098
0.626221 0.896242
0.631452 0.65801
0.63733 0.649762
0.643835 0.825319
0.650949 0.832993
0.658653 0.958474
0.666926 0.763652
0.675747 1.02367
0.685095 0.890026
0.694948 1.04348
0.705286 1.00343
0.716087 1.47888
0.727331 0.872313
0.738998 0.988555
0.751068 1.14531
0.763521 0.955985
0.77634 1.39962
0.789506 0.968999
0.803003 1.55537
0.816814 1.20719
0.830923 1.14703
0.845316 1.28642
0.859978 1.43424
0.610616 0.940459
0.610975 1.16419
0.612051 0.845024
0.61384 0.588764
0.616336 0.896591
0.61953 0.826306
0.623412 0.982724
0.627969 0.77101
0.633187 0.858307
0.639048 0.682225
0.645536 1.04552
0.652632 0.914317
0.660316 0.846261
0.668568 1.15792
0.677368 0.933585
0.686693 0.760251
0.696524 1.04062
0.706839 1.12579
0.717617 1.36382
0.728837 0.995479
0.74048 1.04207
0.752526 1.18201
0.764956 1.29781
0.777751 1.22552
0.790894 1.01576
0.804368 1.23456
0.818156 1.63763
0.832242 1.38207
0.846612 1.19696
0.861252 1.78419
0.613125 0.78565
0.613483 0.570833
0.614554 0.649887
0.616336 0.67142
0.618822 0.677427
0.622004 0.944062
0.62587 0.72189
0.630409 0.661549
0.635607 0.917113
0.641446 0.675323
0.64791 0.878472
0.65498 0.814082
0.662637 1.01671
0.670861 0.836369
0.67963 0.864408
0.688925 0.910427
0.698725 1.00646
0.709008 1.25515
0.719753 1.04535
0.730941 1.2512
0.742551 1.21873
0.754564 1.29946
0.766961 1.21227
0.779723 1.35974
0.792833 1.25866
0.806274 1.3328
0.82003 1.40229
0.834085 1.19735
0.848424 1.25702
0.863033 1.48926
0.616336 0.960096
0.616692 0.667397
0.617758 0.716917
0.61953 0.752897
0.622004 0.633956
0.625169 0.797232
0.629016 1.0492
0.633533 0.773805
0.638705 0.741904
0.644516 0.600092
0.650949 0.866506
0.657987 0.831991
0.665609 1.09151
0.673797 0.933497
0.682529 0.802465
0.691785 1.13508
0.701544 1.08497
0.711786 1.07036
0.72249 1.34372
0.733636 1.43359
0.745204 1.27816
0.757175 1.39694
0.76953 1.19429
0.78225 1.37276
0.795319 1.61749
0.808719 1.35915
0.822434 1.2396
0.836448 1.17681
0.850747 1.11305
0.865317 1.16948
0.620238 0.612426
0.620592 0.710001
0.621651 0.524649
0.623412 0.829108
0.62587 0.554704
0.629016 0.805637
0.63284 0.814941
0.63733 0.805577
0.642471 0.858007
0.648248 0.635199
0.654645 0.803203
0.661643 0.97847
0.669224 0.984011
0.677368 1.10459
0.686054 1.27849
0.695263 1.22967
0.704975 1.31888
0.715168 1.25178
0.725822 1.09261
0.736918 1.00369
0.748435 1.3698
0.760355 1.11742
0.772659 1.25634
0.785328 1.08492
0.798346 1.60819
0.811696 1.10708
0.825362 1.53232
0.839327 1.21058
0.853578 1.23095
0.868101 0.957655
0.624818 0.754076
0.625169 0.886039
0.626221 0.927015
0.627969 0.725287
0.630409 0.828033
0.633533 0.79785
0.63733 0.790808
0.641788 0.560532
0.646894 1.10983
0.652632 1.09599
0.658986 0.686061
0.665939 1.06859
0.673471 0.820777
0.681564 1.22694
0.690198 0.846474
0.699352 0.87317
0.709008 0.925064
0.719143 1.24017
0.72974 1.11758
0.740777 0.861448
0.752235 1.15999
0.764095 1.26015
0.77634 1.44632
0.788951 1.14972
0.80191 1.37035
0.815201 1.24105
0.828809 1.18969
0.842718 1.28023
0.856912 1.42781
0.871379 1.08236
0.630061 0.7263
0.630409 0.849739
0.631452 0.703811
0.633187 0.795937
0.635607 0.863423
0.638705 0.818168
0.642471 0.868586
0.646894 1.10602
0.651959 0.87909
0.657653 0.836383
0.66396 0.983428
0.670861 0.726767
0.678338 1.0496
0.686374 0.897012
0.694948 1.22335
0.704041 1.39569
0.713633 1.08512
0.723704 1.19432
0.734234 1.20574
0.745204 1.12744
0.756596 1.35721
0.768389 1.32974
0.780566 1.19045
0.79311 0.983174
0.806002 1.12511
0.819227 1.39909
0.832769 1.25473
0.846612 1.40974
0.860743 1.31465
0.875146 1.15154
0.635952 0.810239
0.636296 0.842702
0.63733 1.01601
0.639048 0.954194
0.641446 0.835602
0.644516 0.811243
0.648248 0.961625
0.652632 0.796236
0.657653 0.795035
0.663299 0.908138
0.669552 0.907949
0.676396 1.17219
0.683813 1.01104
0.691785 1.26468
0.700293 1.13083
0.709317 1.07053
0.718838 0.940109
0.728837 0.967147
0.739295 1.06866
0.750191 1.38944
0.761508 1.28926
0.773226 1.36409
0.785328 1.29459
0.797797 1.31857
0.810615 1.57956
0.823766 1.22898
0.837234 1.53259
0.851005 1.37158
0.865064 1.28539
0.879397 1.0363
0.642471 0.775083
0.642812 0.707281
0.643835 0.808581
0.645536 0.871656
0.64791 0.899943
0.650949 1.01844
0.654645 0.946515
0.658986 0.875643
0.66396 1.10847
0.669552 0.835781
0.675747 1.00774
0.682529 0.671878
0.68988 0.996079
0.697783 1.04451
0.706218 1.04783
0.715168 1.2099
0.724612 1.15108
0.734533 1.49548
0.74491 1.28866
0.755726 1.33583
0.766961 1.13594
0.778597 1.37221
0.790617 1.61391
0.803003 1.39209
0.815739 1.11423
0.828809 1.33771
0.842197 1.27969
0.855888 1.81729
0.869868 1.25669
0.884123 1.41469
0.6496 0.932564
0.649938 0.981259
0.650949 0.837437
0.652632 0.910112
0.65498 0.779903
0.657987 0.860776
0.661643 0.875437
0.665939 0.870521
0.670861 0.849557
0.676396 1.06116
0.682529 0.984192
0.689244 0.97275
0.696524 0.883203
0.704352 1.09773
0.71271 1.2022
0.721579 1.40245
0.730941 1.20957
0.740777 1.39781
0.751068 1.23771
0.761796 1.21542
0.772942 1.22209
0.78449 1.07151
0.796421 1.28661
0.808719 1.19133
0.821366 1.42135
0.834348 1.14958
0.847648 1.31585
0.861252 1.49859
0.875146 1.47039
0.889317 1.04054
0.65732 0.71065
0.657653 1.03101
0.658653 0.988571
0.660316 1.0165
0.662637 0.815715
0.665609 1.00406
0.669224 0.96204
0.673471 0.841928
0.678338 1.06784
0.683813 1.00181
0.68988 0.849369
0.696524 1.00015
0.703729 0.973443
0.711478 1.32786
0.719753 1.24775
0.728536 1.29218
0.73781 0.985308
0.747555 1.1781
0.757754 1.33497
0.768389 1.46213
0.779441 1.38571
0.790894 0.961323
0.80273 1.27294
0.814932 1.091
0.827485 1.31087
0.840372 1.25032
0.853578 1.12063
0.86709 1.17462
0.880892 1.32798
0.894971 0.759829
0.665609 0.880189
0.665939 0.931329
0.666926 0.918382
0.668568 0.869696
0.670861 1.11286
0.673797 1.00941
0.677368 0.822822
0.681564 1.05734
0.686374 0.951651
0.691785 0.911861
0.697783 1.0534
0.704352 1.2511
0.711478 0.990829
0.719143 1.38408
0.727331 0.949204
0.736024 1.22159
0.745204 1.12394
0.754854 1.46972
0.764956 1.28689
0.775492 1.1655
0.786445 1.35395
0.797797 1.2984
0.809532 1.55984
0.821633 1.34982
0.834085 1.11731
0.846871 1.47668
0.859978 1.0761
0.87339 1.20732
0.887094 1.19229
0.901077 1.03839
0.674447 1.02382
0.674772 1.02965
0.675747 0.840638
0.677368 0.931987
0.67963 0.843675
0.682529 1.13942
0.686054 0.917413
0.690198 1.0779
0.694948 1.11117
0.700293 0.994865
0.706218 1.2824
0.71271 1.06978
0.719753 0.95717
0.727331 1.07809
0.735428 1.44102
0.744026 1.17312
0.753109 0.93345
0.762659 1.34567
0.772659 1.40516
0.783091 1.47982
0.793939 1.27795
0.805185 1.20803
0.816814 1.29571
0.828809 0.700105
0.841155 1.32187
0.853835 1.36317
0.866837 1.22678
0.880144 1.39192
0.893745 1.25452
0.907625 1.10954
0.683813 0.988804
0.684133 0.91307
0.685095 1.15463
0.686693 0.753569
0.688925 0.946046
0.691785 0.892722
0.695263 1.33343
0.699352 1.00623
0.704041 0.84505
0.709317 0.834493
0.715168 1.0485
0.721579 1.00132
0.728536 1.26244
0.736024 1.08657
0.744026 1.31978
0.752526 1.2207
0.761508 1.44335
0.770954 1.01353
0.780847 1.4762
0.791171 1.60162
0.80191 1.03673
0.813046 1.33318
0.824564 1.21569
0.836448 1.42647
0.848682 1.40702
0.861252 1.01597
0.874143 1.38802
0.887342 1.06325
0.900833 1.29558
0.914606 1.09052
0.693684 0.933169
0.694001 1.06166
0.694948 1.20213
0.696524 0.876556
0.698725 0.932406
0.701544 1.23219
0.704975 1.1066
0.709008 0.912741
0.713633 1.21447
0.718838 0.981856
0.724612 1.26146
0.730941 0.88195
0.73781 1.46698
0.745204 1.03885
0.753109 1.15066
0.761508 1.19015
0.770384 1.28231
0.779723 1.46044
0.789506 1.08557
0.799719 1.43821
0.810344 1.38325
0.821366 1.30951
0.832769 1.20461
0.844537 1.2965
0.856656 1.426
0.869111 1.26076
0.881887 1.40387
0.894971 1.29159
0.90835 0.877143
0.92201 1.1912
0.704041 0.859148
0.704352 0.927718
0.705286 0.894104
0.706839 1.04913
0.709008 1.14195
0.711786 1.14168
0.715168 1.16866
0.719143 0.905807
0.723704 0.887284
0.728837 0.913885
0.734533 1.30944
0.740777 1.35354
0.747555 1.39423
0.754854 1.41038
0.762659 1.31959
0.770954 1.12927
0.779723 1.21455
0.788951 1.54646
0.798621 1.44794
0.808719 1.27753
0.819227 1.30014
0.830131 1.33032
0.841415 1.45501
0.853064 1.09004
0.865064 1.47264
0.877399 1.17549
0.890056 1.11993
0.903022 1.38164
0.916283 1.07278
0.929827 1.38752
0.714861 1.29714
0.715168 0.996007
0.716087 1.15349
0.717617 0.880306
0.719753 1.02326
0.72249 0.921876
0.725822 0.851521
0.72974 1.02743
0.734234 1.40308
0.739295 0.916363
0.74491 1.15403
0.751068 1.07175
0.757754 1.21475
0.764956 1.19368
0.772659 1.15298
0.780847 1.30696
0.789506 1.4438
0.798621 1.31713
0.808176 0.971213
0.818156 1.45021
0.828544 0.96203
0.839327 1.56643
0.850489 1.22877
0.862016 1.11898
0.873892 1.02352
0.886105 1.20306
0.89864 1.17807
0.911483 1.14539
0.924623 0.849378
0.938046 1.2316
0.726124 1.13069
0.726426 1.22596
0.727331 1.52977
0.728837 1.31281
0.730941 1.21411
0.733636 1.12147
0.736918 1.22672
0.740777 1.26435
0.745204 1.0981
0.750191 0.937608
0.755726 1.47618
0.761796 0.992499
0.768389 1.47566
0.775492 1.13057
0.783091 1.38986
0.791171 1.39856
0.799719 1.4333
0.808719 1.29049
0.818156 1.24581
0.828015 1.67179
0.838281 1.42208
0.848941 1.05733
0.859978 1.42786
0.871379 1.11625
0.88313 0.90436
0.895216 1.16931
0.907625 1.40475
0.920343 1.01511
0.933358 1.22734
0.946657 1.20333
0.73781 1.33965
0.738107 0.953419
0.738998 1.22524
0.74048 1.06088
0.742551 1.07097
0.745204 1.35195
0.748435 1.21594
0.752235 1.3047
0.756596 1.01086
0.761508 1.20728
0.766961 1.4622
0.772942 1.21916
0.779441 1.55886
0.786445 1.79455
0.793939 1.36986
0.80191 1.40624
0.810344 1.57276
0.819227 1.42594
0.828544 1.18958
0.838281 1.24557
0.848424 1.21956
0.858957 1.20442
0.869868 1.31946
0.881141 1.45273
0.892763 1.31006
0.904721 1.11696
0.917001 1.11587
0.929591 1.08548
0.942478 1.07951
0.95565 1.11887
0.749899 1.0678
0.750191 0.962841
0.751068 1.07437
0.752526 0.984186
0.754564 1.44187
0.757175 1.38147
0.760355 1.24628
0.764095 1.2407
0.768389 1.15319
0.773226 1.27494
0.778597 1.36682
0.78449 1.4935
0.790894 1.10604
0.797797 1.64412
0.805185 1.42745
0.813046 0.900697
0.821366 1.00576
0.830131 1.39744
0.839327 1.31791
0.848941 1.17421
0.858957 1.38234
0.869363 1.08671
0.880144 1.13155
0.891288 1.1333
0.902779 1.09202
0.914606 1.18369
0.926755 1.38669
0.939214 1.39029
0.951971 0.920478
0.965014 1.34418
0.762371 1.51607
0.762659 1.21385
0.763521 1.39236
0.764956 1.09011
0.766961 1.01008
0.76953 1.15527
0.772659 1.55643
0.77634 1.48721
0.780566 1.45654
0.785328 1.60755
0.790617 1.05773
0.796421 1.29425
0.80273 1.18998
0.809532 1.46284
0.816814 1.20394
0.824564 1.43002
0.832769 1.52079
0.841415 1.12553
0.850489 1.32069
0.859978 1.27677
0.869868 1.50795
0.880144 1.09418
0.890795 1.30337
0.901807 1.32691
0.913166 0.893689
0.92486 1.11379
0.936876 1.13192
0.949202 1.12108
0.961827 1.0497
0.974738 0.965673
0.775209 1.19154
0.775492 1.36233
0.77634 0.911736
0.777751 1.05779
0.779723 1.31438
0.78225 1.39646
0.785328 1.28787
0.788951 1.11082
0.79311 1.34457
0.797797 1.49048
0.803003 1.25457
0.808719 1.5613
0.814932 1.37081
0.821633 1.25168
0.828809 1.10949
0.836448 1.34936
0.844537 1.41017
0.853064 0.921244
0.862016 1.19121
0.871379 1.40559
0.881141 1.11507
0.891288 1.2509
0.901807 1.18094
0.912685 1.0827
0.923911 1.30606
0.93547 1.03361
0.947352 0.898713
0.959544 0.937852
0.972034 1.02221
0.984811 1.0831
0.788394 1.55198
0.788673 1.23776
0.789506 1.60298
0.790894 1.31856
0.792833 1.55572
0.795319 1.45019
0.798346 1.19214
0.80191 1.29381
0.806002 1.64279
0.810615 1.37052
0.815739 1.10587
0.821366 1.48912
0.827485 1.22626
0.834085 1.27347
0.841155 1.44597
0.848682 1.50585
0.856656 1.63474
0.865064 1.29714
0.873892 1.28755
0.88313 1.11289
0.892763 1.09543
0.902779 1.21157
0.913166 1.31082
0.923911 1.05306
0.935001 0.984146
0.946426 0.893568
0.958171 0.843848
0.970227 1.02658
0.982582 0.886701
0.995223 0.931686
0.80191 1.91693
0.802183 1.38039
0.803003 1.496
0.804368 1.27056
0.806274 1.69851
0.808719 1.49724
0.811696 1.37188
0.815201 1.08843
0.819227 1.61987
0.823766 1.62425
0.828809 1.36618
0.834348 1.17749
0.840372 1.38133
0.846871 1.17791
0.853835 1.59053
0.861252 1.42862
0.869111 0.816667
0.877399 1.13137
0.886105 1.13697
0.895216 1.59887
0.904721 1.12993
0.914606 1.11834
0.92486 1.35364
0.93547 1.12927
0.946426 0.948489
0.957714 1.09261
0.969323 1.09184
0.981241 0.902158
0.993459 1.0699
1.00596 1.02392
0.815739 1.45631
0.816008 1.28852
0.816814 1.08532
0.818156 1.27084
0.82003 1.6486
0.822434 1.32399
0.825362 1.06156
0.828809 1.36265
0.832769 1.47701
0.837234 1.13302
0.842197 1.35371
0.847648 1.23494
0.853578 1.25516
0.859978 1.22527
0.866837 1.24094
0.874143 0.837434
0.881887 1.47922
0.890056 1.2845
0.89864 1.01494
0.907625 1.15993
0.917001 1.18201
0.926755 0.880323
0.936876 1.22735
0.947352 1.00337
0.958171 1.07984
0.969323 1.07997
0.980794 1.01445
0.992575 1.3675
1.00465 1.0449
1.01702 0.893666
0.829867 1.05335
0.830131 1.36389
0.830923 1.5203
0.832242 1.3138
0.834085 1.1862
0.836448 1.24214
0.839327 1.2033
0.842718 1.6449
0.846612 0.965741
0.851005 1.88461
0.855888 1.01523
0.861252 1.36184
0.86709 1.09081
0.87339 1.38231
0.880144 1.06853
0.887342 1.32132
0.894971 1.5739
0.903022 1.36673
0.911483 1.29793
0.920343 1.04051
0.929591 0.893854
0.939214 1.10075
0.949202 1.16328
0.959544 1.04241
0.970227 1.02974
0.981241 0.991718
0.992575 0.876474
1.00422 0.873766
1.01616 1.01925
1.02839 1.01657
0.844278 1.19982
0.844537 1.28316
0.845316 1.49216
0.846612 1.01247
0.848424 1.82623
0.850747 1.17312
0.853578 1.31876
0.856912 1.28536
0.860743 1.29972
0.865064 1.18072
0.869868 1.06076
0.875146 1.2968
0.880892 1.34732
0.887094 1.12353
0.893745 1.12977
0.900833 1.07358
0.90835 1.01569
0.916283 1.04091
0.924623 0.966584
0.933358 1.27471
0.942478 0.812998
0.951971 1.30779
0.961827 1.06059
0.972034 1.07275
0.982582 0.979616
0.993459 0.965902
1.00465 1.05246
1.01616 0.744089
1.02796 0.931052
1.04005 0.872055
0.858957 0.933036
0.859213 1.05909
0.859978 1.44368
0.861252 1.38761
0.863033 1.02072
0.865317 1.1205
0.868101 1.15329
0.871379 1.02484
0.875146 1.185
0.879397 1.28571
0.884123 1.28036
0.889317 1.1888
0.894971 1.01912
0.901077 1.27179
0.907625 1.21416
0.914606 1.04498
0.92201 1.04244
0.929827 1.00683
0.938046 1.03929
0.946657 0.913766
0.95565 0.917181
0.965014 0.918946
0.974738 0.903891
0.984811 1.15338
0.995223 0.989379
1.00596 1.12792
1.01702 0.894836
1.02839 1.04803
1.04005 1.00018
1.052 0.862034
0 10125
