0.0418879 2.09417
0.0628319 2.99002
0.0837758 31.4442
0.10472 54.9213
0.125664 3.58381
0.146608 4.30113
0.167552 3.45828
0.188496 1.55729
0.20944 1.61082
0.230383 0.639795
0.251327 0.541798
0.272271 0.905381
0.293215 0.420192
0.314159 0.344394
0.335103 0.395778
0.356047 0.2817
0.376991 0.62751
0.397935 0.436631
0.418879 0.376894
0.439823 0.322851
0.460767 0.369938
0.481711 0.448014
0.502655 0.394319
0.523599 0.431271
0.544543 0.577115
0.565487 0.697785
0.586431 1.02646
0.607375 0.59204
0.020944 0.0433322
0.0296192 0.194777
0.0468321 2.04486
0.0662306 0.373872
0.0863541 18.2226
0.106794 22.9464
0.127397 5.02973
0.148096 5.34527
0.168856 6.76887
0.189656 1.69702
0.210484 0.80686
0.231334 2.23988
0.252199 1.903
0.273076 0.418471
0.293962 1.00313
0.314857 0.60382
0.335757 0.374172
0.356663 0.218908
0.377572 0.296369
0.398486 0.347324
0.419402 0.350081
0.440321 0.460648
0.461243 0.434522
0.482166 0.60384
0.503091 0.388493
0.524017 0.661569
0.544945 0.434023
0.565874 0.513065
0.586805 0.41037
0.607736 0.505742
0.0418879 0.140985
0.0468321 1.56232
0.0592384 2.89112
0.0755145 47.6378
0.0936642 7.21329
0.112787 8.47271
0.132461 2.16327
0.152474 2.20561
0.172708 1.91774
0.193094 4.83765
0.213587 2.37518
0.23416 0.666522
0.254794 0.806442
0.275475 0.39696
0.296192 0.535046
0.316939 0.357298
0.337711 0.370934
0.358503 0.354361
0.379311 0.556969
0.400134 0.363597
0.420968 0.444605
0.441813 0.39074
0.462667 0.635424
0.483529 0.623019
0.504397 0.399545
0.525272 0.573969
0.546151 0.690381
0.567036 0.544832
0.587925 0.548917
0.608817 0.604826
0.0628319 0.797695
0.0662306 5.32779
0.0755145 0.653065
0.0888577 43.966
0.10472 1.83826
0.122123 1.86901
0.140496 3.36368
0.159504 1.46979
0.178945 0.804801
0.198692 1.29751
0.218661 2.36566
0.238798 1.2922
0.259062 0.645689
0.279427 0.58147
0.299872 0.742561
0.320381 1.52054
0.340943 0.264994
0.361549 0.454759
0.382191 0.532834
0.402865 0.319308
0.423565 0.57311
0.444288 0.487529
0.465031 0.408318
0.485791 0.921551
0.506567 0.827672
0.527355 0.5138
0.548156 0.593492
0.568967 0.563582
0.589787 0.636663
0.610616 0.755552
0.0837758 19.108
0.0863541 26.5691
0.0936642 75.9184
0.10472 16.3799
0.118477 17.2667
0.134107 1.96227
0.151029 1.02065
0.168856 12.1664
0.187328 1.75606
0.206274 0.858855
0.225573 2.19576
0.245143 0.785758
0.264922 0.459518
0.284869 0.683794
0.304949 0.434625
0.325138 0.496235
0.345416 0.322191
0.36577 0.370383
0.386187 0.323449
0.406658 0.510596
0.427174 0.414767
0.447731 0.448337
0.468321 0.392502
0.488941 0.429805
0.509588 0.486182
0.530258 0.424574
0.550949 0.52109
0.571659 0.693959
0.592384 0.637081
0.613125 0.488848
0.10472 9.57626
0.106794 11.8769
0.112787 15.2952
0.122123 19.3184
0.134107 3.57489
0.148096 4.76354
0.163577 4.43421
0.180167 4.97537
0.197585 1.75987
0.215631 1.98773
0.23416 1.96946
0.253067 0.763574
0.272271 0.604069
0.291715 0.745366
0.311354 0.27617
0.331153 0.466655
0.351085 0.4362
0.371128 0.443935
0.391265 0.525417
0.411483 0.34636
0.431771 0.454644
0.452118 0.51952
0.472517 0.342502
0.492962 0.586136
0.513447 0.690862
0.533968 0.509997
0.554521 0.731708
0.575101 0.659968
0.595707 0.929122
0.616336 0.686154
0.125664 20.1311
0.127397 3.11252
0.132461 3.68936
0.140496 1.60203
0.151029 1.92903
0.163577 3.00458
0.177715 1.62899
0.193094 1.03838
0.20944 1.49076
0.226543 0.498474
0.244246 0.394191
0.262427 0.666667
0.280993 0.523159
0.299872 0.761255
0.319009 0.50799
0.33836 0.393311
0.35789 0.257003
0.377572 0.381814
0.397384 0.346081
0.417305 0.390122
0.437323 0.493987
0.457423 0.401279
0.477596 0.640224
0.497832 0.64533
0.518125 0.544424
0.538467 0.414688
0.558854 0.5473
0.579281 0.330187
0.599743 0.627998
0.620238 0.651565
0.146608 2.25158
0.148096 1.13339
0.152474 1.15253
0.159504 1.7452
0.168856 0.837676
0.180167 2.8058
0.193094 0.931172
0.207335 2.57684
0.222637 1.28652
0.238798 0.919883
0.255654 1.12876
0.273076 0.475792
0.290963 1.2024
0.309234 0.381267
0.327825 0.265607
0.346684 0.283419
0.36577 0.456925
0.38505 0.444992
0.404495 0.488216
0.424083 0.349511
0.443794 0.415634
0.463614 0.431349
0.483529 0.488053
0.503527 0.476402
0.523599 0.51689
0.543737 0.55478
0.563933 0.461033
0.584182 0.497756
0.604479 0.635491
0.624818 0.772914
0.167552 2.64438
0.168856 1.32467
0.172708 2.09737
0.178945 1.24716
0.187328 0.416585
0.197585 1.90728
0.20944 0.525363
0.222637 0.977053
0.236954 0.797482
0.252199 0.35599
0.268213 0.47146
0.284869 0.480375
0.302058 0.777708
0.319696 0.477743
0.337711 0.363912
0.356047 0.505748
0.374657 0.417906
0.393501 0.325863
0.412548 0.464137
0.431771 0.400998
0.451147 0.566784
0.470657 0.501734
0.490285 0.677086
0.510019 0.570134
0.529845 0.644729
0.549754 0.479326
0.569737 0.527654
0.589787 0.385491
0.609897 0.435258
0.630061 1.05198
0.188496 1.20197
0.189656 2.36138
0.193094 1.34069
0.198692 1.01669
0.206274 2.00982
0.215631 1.24218
0.226543 1.35963
0.238798 0.852568
0.252199 0.871996
0.266573 0.485214
0.281772 0.581457
0.297669 0.764548
0.314159 0.488761
0.331153 0.385431
0.348577 0.409378
0.36637 0.414233
0.38448 0.435868
0.402865 0.465772
0.421489 1.1268
0.440321 0.483572
0.459337 0.531155
0.478513 0.681199
0.497832 0.456585
0.517277 0.591618
0.536836 0.527894
0.556495 0.434797
0.576244 0.531868
0.596075 0.577817
0.61598 0.571949
0.635952 0.493218
0.20944 0.656679
0.210484 0.520628
0.213587 0.688466
0.218661 3.27948
0.225573 0.858717
0.23416 0.633571
0.244246 0.563826
0.255654 0.554984
0.268213 1.24113
0.281772 1.15953
0.296192 0.340014
0.311354 0.324843
0.327155 0.336323
0.343506 0.36165
0.360333 0.376188
0.377572 0.454465
0.39517 0.284309
0.413079 0.437484
0.431262 0.305345
0.449686 0.503999
0.468321 0.443411
0.487144 0.569524
0.506133 0.53726
0.525272 0.481033
0.544543 0.537183
0.563933 0.550406
0.583431 0.63296
0.603026 0.660299
0.622708 0.65604
0.642471 0.753991
0.230383 1.72356
0.231334 0.386361
0.23416 0.922236
0.238798 0.400676
0.245143 0.426902
0.253067 0.803694
0.262427 0.802238
0.273076 0.513966
0.284869 0.450463
0.297669 0.769996
0.311354 0.408568
0.325811 0.585225
0.340943 0.208769
0.356663 0.813493
0.372896 0.446109
0.38958 0.606035
0.406658 0.401777
0.424083 0.438092
0.441813 0.624644
0.459814 0.445646
0.478055 0.481243
0.496509 0.508202
0.515153 0.671707
0.533968 0.473306
0.552936 0.611207
0.572042 0.631135
0.591273 0.583259
0.610616 0.769472
0.630061 0.577024
0.6496 0.836541
0.251327 1.1287
0.252199 0.781927
0.254794 0.44684
0.259062 1.22991
0.264922 0.697708
0.272271 1.49492
0.280993 0.257763
0.290963 0.577381
0.302058 0.351428
0.314159 0.713462
0.327155 0.725266
0.340943 0.41128
0.355431 0.39924
0.370536 0.740957
0.386187 0.444553
0.40232 0.373745
0.418879 0.380356
0.435815 0.369077
0.453087 0.377156
0.470657 0.222787
0.488493 0.520467
0.506567 0.852012
0.524854 0.601791
0.543333 0.56943
0.561985 0.544293
0.580794 0.491445
0.599743 0.582759
0.618822 0.717067
0.638018 0.662784
0.65732 0.877383
0.272271 0.653735
0.273076 0.346205
0.275475 0.649205
0.279427 0.685668
0.284869 0.442965
0.291715 0.466633
0.299872 0.23626
0.309234 0.60726
0.319696 0.522888
0.331153 0.615439
0.343506 0.269544
0.356663 0.361224
0.370536 0.430522
0.38505 0.347102
0.400134 0.818814
0.415726 0.524609
0.431771 0.582066
0.44822 0.738521
0.465031 0.453647
0.482166 0.476492
0.499591 0.55535
0.517277 0.628002
0.535199 0.553711
0.553333 0.485345
0.571659 0.712521
0.590159 0.468697
0.608817 0.620476
0.62762 0.667822
0.646554 0.598639
0.665609 0.796777
0.293215 0.44575
0.293962 0.427458
0.296192 0.372165
0.299872 1.47347
0.304949 1.36382
0.311354 0.393051
0.319009 0.471444
0.327825 0.720113
0.337711 0.329522
0.348577 0.458031
0.360333 0.455005
0.372896 0.523394
0.386187 0.237233
0.400134 0.609445
0.414669 0.567672
0.429734 0.341306
0.445275 0.407066
0.461243 0.330792
0.477596 0.51338
0.494295 0.731615
0.511307 0.492417
0.528601 0.442563
0.546151 0.505864
0.563933 0.73436
0.581925 0.53378
0.600109 0.624551
0.618467 0.842105
0.636985 0.624581
0.655649 0.817115
0.674447 0.75583
0.314159 0.851685
0.314857 0.414981
0.316939 0.264553
0.320381 0.347684
0.325138 0.391248
0.331153 0.396331
0.33836 0.307891
0.346684 0.347098
0.356047 0.366834
0.36637 0.403401
0.377572 0.472831
0.38958 0.311299
0.40232 0.518143
0.415726 0.673633
0.429734 0.407737
0.444288 0.44074
0.459337 0.76641
0.474832 0.472799
0.490732 0.403777
0.506999 0.660034
0.523599 0.484542
0.5405 0.588583
0.557676 0.651331
0.575101 0.519724
0.592755 0.622517
0.610616 0.441379
0.628667 0.617379
0.646894 0.646963
0.66528 0.746462
0.683813 0.729803
0.335103 0.621917
0.335757 0.255493
0.337711 0.527103
0.340943 0.387847
0.345416 0.417589
0.351085 0.252244
0.35789 0.449349
0.36577 0.553137
0.374657 0.63291
0.38448 0.385229
0.39517 0.384958
0.406658 0.371549
0.418879 0.287749
0.431771 0.742109
0.445275 0.343509
0.459337 0.577382
0.473908 0.423359
0.488941 0.58151
0.504397 0.73104
0.520237 0.574354
0.536427 0.634375
0.552936 0.921324
0.569737 0.686999
0.586805 0.566302
0.604116 0.624973
0.621651 0.74989
0.639391 0.446793
0.65732 0.904663
0.675422 0.602597
0.693684 0.812274
0.356047 0.390005
0.356663 0.387475
0.358503 0.293977
0.361549 0.378378
0.36577 0.302172
0.371128 1.0635
0.377572 0.391927
0.38505 0.384046
0.393501 0.590923
0.402865 0.329628
0.413079 0.669819
0.424083 0.466507
0.435815 0.323516
0.44822 0.375332
0.461243 0.618549
0.474832 0.484177
0.488941 0.533366
0.503527 0.542729
0.518548 0.504116
0.533968 0.54297
0.549754 0.363951
0.565874 0.51045
0.582302 0.514715
0.599012 0.402303
0.61598 0.548893
0.633187 0.642406
0.650612 0.823362
0.66824 0.441959
0.686054 0.722862
0.704041 0.797031
0.376991 0.359831
0.377572 0.322037
0.379311 0.386497
0.382191 0.390764
0.386187 0.304691
0.391265 0.454265
0.397384 0.699967
0.404495 0.529721
0.412548 0.408239
0.421489 0.381893
0.431262 0.470595
0.441813 0.540863
0.453087 0.477959
0.465031 0.388239
0.477596 0.70803
0.490732 0.518734
0.504397 0.513031
0.518548 0.468925
0.533146 0.718211
0.548156 0.590446
0.563544 0.702795
0.579281 0.498542
0.595339 0.395939
0.611692 0.644287
0.628319 0.780727
0.645196 0.549014
0.662306 1.07783
0.67963 0.834074
0.697154 1.2868
0.714861 0.822947
0.397935 0.26971
0.398486 0.548302
0.400134 0.308142
0.402865 0.519045
0.406658 0.430149
0.411483 0.364912
0.417305 0.420752
0.424083 0.413664
0.431771 0.394176
0.440321 0.370071
0.449686 0.434554
0.459814 0.271018
0.470657 0.521346
0.482166 0.48166
0.494295 0.452585
0.506999 0.435491
0.520237 0.48892
0.533968 0.531788
0.548156 0.61897
0.562765 0.451185
0.577765 0.559144
0.593124 0.549389
0.608817 0.42793
0.624818 0.610774
0.641104 0.641246
0.657653 0.773376
0.674447 1.13406
0.691468 0.65097
0.708698 0.730485
0.726124 0.753195
0.418879 0.416671
0.419402 0.417077
0.420968 0.591951
0.423565 0.45099
0.427174 0.265318
0.431771 0.557046
0.437323 0.534046
0.443794 0.502633
0.451147 0.552755
0.459337 0.34567
0.468321 0.399604
0.478055 0.438751
0.488493 0.467334
0.499591 0.630748
0.511307 0.382054
0.523599 0.61395
0.536427 0.588459
0.549754 0.580317
0.563544 0.519794
0.577765 0.490477
0.592384 0.582318
0.607375 0.651579
0.622708 0.772761
0.638361 0.713777
0.65431 0.730199
0.670534 0.832581
0.687013 0.627671
0.703729 1.13327
0.720667 0.945403
0.73781 0.681859
0.439823 0.4745
0.440321 0.362144
0.441813 0.476809
0.444288 0.438132
0.447731 0.376226
0.452118 0.604381
0.457423 0.431341
0.463614 0.481377
0.470657 0.410927
0.478513 0.473655
0.487144 0.511798
0.496509 0.640869
0.506567 0.513274
0.517277 0.623786
0.528601 0.690599
0.5405 0.5185
0.552936 0.466875
0.565874 0.627722
0.579281 0.452945
0.593124 0.584729
0.607375 0.631161
0.622004 0.909271
0.636985 0.701199
0.652296 0.692469
0.667912 0.496241
0.683813 0.825393
0.699979 0.793368
0.716393 0.94463
0.733038 1.33603
0.749899 0.820446
0.460767 0.4013
0.461243 0.265137
0.462667 0.385265
0.465031 0.36839
0.468321 0.415625
0.472517 0.506409
0.477596 0.347261
0.483529 0.40814
0.490285 0.371692
0.497832 0.418431
0.506133 0.512657
0.515153 0.467439
0.524854 0.707732
0.535199 0.524348
0.546151 0.636168
0.557676 0.648493
0.569737 0.525314
0.582302 0.610439
0.595339 0.506354
0.608817 0.761989
0.622708 0.686925
0.636985 0.564034
0.651623 0.566008
0.666597 0.800335
0.681886 0.759806
0.697468 1.06928
0.713325 0.965739
0.729439 1.2727
0.745793 1.41969
0.762371 0.991739
0.481711 0.438543
0.482166 0.719666
0.483529 0.372544
0.485791 0.517316
0.488941 0.564584
0.492962 0.385837
0.497832 0.596728
0.503527 0.481142
0.510019 0.469682
0.517277 0.420684
0.525272 0.553066
0.533968 0.743088
0.543333 0.551482
0.553333 0.929387
0.563933 0.594832
0.575101 0.692422
0.586805 0.719912
0.599012 0.598714
0.611692 0.653818
0.624818 0.798845
0.638361 1.08643
0.652296 0.665827
0.666597 0.756388
0.681242 0.697222
0.696209 1.03957
0.711478 0.83491
0.72703 1.03917
0.742846 1.17305
0.758911 1.56717
0.775209 0.895364
0.502655 0.35411
0.503091 0.667282
0.504397 0.46769
0.506567 0.724678
0.509588 0.420435
0.513447 0.428227
0.518125 0.497512
0.523599 0.407027
0.529845 0.355214
0.536836 0.58773
0.544543 0.522339
0.552936 0.481658
0.561985 0.665947
0.571659 0.497782
0.581925 0.753954
0.592755 0.485232
0.604116 0.619801
0.61598 0.547184
0.628319 0.754927
0.641104 0.647138
0.65431 0.776262
0.667912 0.77149
0.681886 0.992277
0.696209 0.92911
0.710861 0.878708
0.725822 0.768959
0.741073 1.00392
0.756596 0.923802
0.772375 1.03192
0.788394 1.29646
0.523599 0.594564
0.524017 0.614493
0.525272 0.419848
0.527355 0.496579
0.530258 0.530863
0.533968 0.434357
0.538467 0.575518
0.543737 0.450678
0.549754 0.619963
0.556495 0.476535
0.563933 0.659658
0.572042 0.578161
0.580794 0.394184
0.590159 0.660934
0.600109 0.420686
0.610616 0.629739
0.621651 0.864593
0.633187 0.704454
0.645196 0.683043
0.657653 0.470239
0.670534 0.835295
0.683813 0.711071
0.697468 0.707378
0.711478 0.767809
0.725822 1.21968
0.74048 0.797994
0.755435 1.12074
0.770669 0.962745
0.786166 1.24631
0.80191 1.44455
0.544543 0.63157
0.544945 0.396134
0.546151 0.519527
0.548156 0.48891
0.550949 0.544615
0.554521 0.528225
0.558854 0.578205
0.563933 0.514645
0.569737 0.53039
0.576244 0.456915
0.583431 0.599478
0.591273 0.608702
0.599743 0.46685
0.608817 0.771185
0.618467 0.715182
0.628667 0.78358
0.639391 0.650558
0.650612 0.614212
0.662306 0.684181
0.674447 0.869552
0.687013 0.670711
0.699979 0.81506
0.713325 0.88909
0.72703 0.994604
0.741073 0.967311
0.755435 1.03769
0.7701 1.26915
0.785049 1.29905
0.800267 1.26699
0.815739 1.10135
0.565487 0.398215
0.565874 0.533458
0.567036 0.688376
0.568967 0.526509
0.571659 0.647307
0.575101 0.483984
0.579281 0.410344
0.584182 0.854503
0.589787 0.661487
0.596075 0.650479
0.603026 0.632224
0.610616 0.428335
0.618822 0.615094
0.62762 0.65423
0.636985 0.683046
0.646894 0.837083
0.65732 1.31218
0.66824 0.884394
0.67963 0.796502
0.691468 0.707169
0.703729 0.683856
0.716393 0.857889
0.729439 1.09125
0.742846 1.29914
0.756596 0.836273
0.770669 1.35938
0.785049 1.16706
0.799719 1.23041
0.814663 1.0121
0.829867 1.15918
0.586431 0.906054
0.586805 0.506206
0.587925 0.482098
0.589787 0.702986
0.592384 0.574286
0.595707 0.354691
0.599743 0.633671
0.604479 0.53428
0.609897 0.805122
0.61598 0.789082
0.622708 0.544107
0.630061 0.706683
0.638018 0.813428
0.646554 0.75206
0.655649 0.643516
0.66528 0.646942
0.675422 0.991194
0.686054 1.09711
0.697154 1.12321
0.708698 0.78331
0.720667 0.945191
0.733038 1.25798
0.745793 1.10632
0.758911 1.08879
0.772375 1.13053
0.786166 1.16297
0.800267 1.24368
0.814663 1.2816
0.829338 1.1383
0.844278 1.34889
0.607375 0.642318
0.607736 0.847431
0.608817 0.650948
0.610616 0.840242
0.613125 0.602944
0.616336 0.566335
0.620238 0.440999
0.624818 0.655176
0.630061 0.557164
0.635952 0.665304
0.642471 0.660533
0.6496 0.483217
0.65732 0.811327
0.665609 0.705751
0.674447 0.817365
0.683813 0.623984
0.693684 0.790167
0.704041 0.715128
0.714861 0.754773
0.726124 0.871766
0.73781 1.18127
0.749899 0.874156
0.762371 0.79316
0.775209 0.95283
0.788394 1.32305
0.80191 0.945104
0.815739 1.10205
0.829867 1.62842
0.844278 1.33721
0.858957 0.993676
0.020944 0.181494
0.0296192 0.39709
0.0468321 0.827149
0.0662306 3.78856
0.0863541 2.45038
0.106794 35.1357
0.127397 8.83583
0.148096 2.44467
0.168856 0.438851
0.189656 5.70611
0.210484 1.64309
0.231334 1.31423
0.252199 0.394292
0.273076 0.643677
0.293962 0.66433
0.314857 0.698851
0.335757 0.50014
0.356663 0.29779
0.377572 0.3821
0.398486 0.379661
0.419402 0.870906
0.440321 0.581219
0.461243 0.664325
0.482166 0.473712
0.503091 0.421564
0.524017 0.804487
0.544945 0.49532
0.565874 0.739648
0.586805 0.803728
0.607736 0.705999
0.0296192 0.147761
0.036276 0.234516
0.051302 0.407948
0.0694632 17.2046
0.0888577 21.8373
0.108828 2.16666
0.129107 5.36083
0.14957 6.7562
0.170149 2.41116
0.190808 2.75665
0.211524 0.932738
0.23228 0.819163
0.253067 1.53645
0.273878 0.504341
0.294708 0.290686
0.315552 0.50488
0.33641 0.321038
0.357277 0.548925
0.378153 0.590216
0.399036 0.597344
0.419925 0.463397
0.440819 0.360104
0.461718 0.461134
0.482621 0.361536
0.503527 0.343161
0.524436 0.443384
0.545348 0.509976
0.566262 0.436507
0.587178 0.640485
0.608096 0.644792
0.0468321 0.171796
0.051302 1.3696
0.0628319 3.75159
0.0783651 22.5153
0.0959772 1.83826
0.114715 9.73537
0.134107 10.2289
0.153906 4.7919
0.173974 0.49226
0.194226 6.06281
0.214612 1.03286
0.235095 1.44896
0.255654 0.560029
0.27627 0.658071
0.296932 0.265581
0.317631 1.28536
0.33836 0.350253
0.359114 0.344913
0.379889 0.266703
0.400681 0.322816
0.421489 0.435074
0.442309 0.571356
0.463141 0.348475
0.483982 0.466827
0.504832 0.455884
0.525689 0.54029
0.546553 0.813846
0.567423 0.642742
0.588298 0.5578
0.609177 0.703738
0.0662306 9.74631
0.0694632 16.852
0.0783651 25.4932
0.0912926 25.0646
0.106794 28.3398
0.123906 11.356
0.142049 7.07594
0.160874 1.98846
0.180167 0.930971
0.199793 7.11864
0.219662 1.04333
0.239714 0.728031
0.259908 0.528061
0.280211 0.551044
0.300602 0.541656
0.321065 0.283602
0.341586 0.404364
0.362155 0.661241
0.382765 0.490743
0.403409 0.476795
0.424083 0.364372
0.444782 0.351023
0.465503 0.460586
0.486243 0.663126
0.506999 0.501142
0.527771 0.56262
0.548556 0.333824
0.569352 0.657861
0.590159 0.567011
0.610975 0.782783
0.0863541 1.95847
0.0888577 2.35681
0.0959772 35.4477
0.106794 11.0087
0.120314 3.65188
0.135732 5.57864
0.152474 1.03292
0.170149 6.92179
0.188496 0.554684
0.207335 1.54021
0.226543 0.46604
0.246036 0.81991
0.265749 0.393919
0.285637 0.35277
0.305667 0.467321
0.325811 0.533249
0.346051 0.734198
0.36637 0.396735
0.386755 0.355536
0.407197 0.276681
0.427688 0.994259
0.44822 0.537439
0.468789 0.579499
0.48939 0.453162
0.510019 0.575452
0.530672 0.587839
0.551347 0.552379
0.572042 0.847447
0.592755 0.764922
0.613483 0.507572
0.106794 25.5896
0.108828 1.37317
0.114715 5.2019
0.123906 1.38458
0.135732 1.04194
0.14957 2.14294
0.164913 2.01536
0.18138 2.49357
0.198692 1.71149
0.216646 1.81665
0.235095 0.773928
0.253932 1.15862
0.273076 0.555427
0.292466 0.678769
0.312058 0.468203
0.331815 0.477912
0.351709 0.426687
0.371718 0.379703
0.391825 0.455108
0.412016 0.411513
0.432278 0.678689
0.452603 0.341939
0.472981 0.553493
0.493407 0.398574
0.513874 0.529379
0.534379 0.519394
0.554916 0.469636
0.575482 0.577851
0.596075 0.591481
0.616692 0.605094
0.127397 4.90255
0.129107 0.997715
0.134107 15.666
0.142049 1.16765
0.152474 1.97588
0.164913 9.80243
0.178945 0.640469
0.194226 2.0928
0.210484 1.099
0.22751 1.50848
0.245143 0.667022
0.263261 0.604766
0.281772 0.948346
0.300602 0.687423
0.319696 0.457342
0.339007 0.455201
0.358503 0.64376
0.378153 0.368336
0.397935 0.532512
0.417831 0.357
0.437824 0.609509
0.457902 0.492107
0.478055 0.474055
0.498272 0.614116
0.518548 0.468714
0.538874 0.492271
0.559247 0.759097
0.57966 0.411211
0.600109 0.615698
0.620592 0.504366
0.148096 1.163
0.14957 0.963724
0.153906 1.19497
0.160874 2.80207
0.170149 0.479972
0.18138 0.66061
0.194226 1.80115
0.20839 8.93665
0.22362 0.594925
0.239714 4.02151
0.25651 0.686938
0.273878 0.815118
0.291715 0.943005
0.309942 0.747879
0.328493 0.585814
0.347316 0.427952
0.36637 0.307626
0.385619 0.33484
0.405037 0.446746
0.4246 0.477275
0.444288 0.423943
0.464087 0.721055
0.483982 0.392655
0.503962 0.336132
0.524017 0.590665
0.54414 0.706263
0.564322 0.442927
0.584558 0.864028
0.604842 0.474272
0.625169 1.07214
0.168856 10.6304
0.170149 7.48682
0.173974 4.55594
0.180167 6.66282
0.188496 6.18881
0.198692 7.05154
0.210484 1.30362
0.22362 1.01041
0.237878 1.76257
0.253067 0.868441
0.26903 0.797995
0.285637 0.630952
0.302783 0.663239
0.320381 0.662143
0.33836 0.345134
0.356663 0.547872
0.375242 0.422291
0.394058 0.444266
0.413079 0.423129
0.432278 0.402205
0.451632 0.446943
0.471123 0.581406
0.490732 0.389044
0.510448 0.575687
0.530258 0.726734
0.550153 0.577946
0.570122 0.862008
0.590159 0.723136
0.610257 0.566478
0.630409 0.92659
0.189656 6.49958
0.190808 3.30182
0.194226 4.29422
0.199793 1.98867
0.207335 1.41892
0.216646 0.757063
0.22751 1.24624
0.239714 0.442348
0.253067 1.08662
0.267394 0.453894
0.282549 0.336703
0.298405 0.613813
0.314857 0.420513
0.331815 0.469336
0.349205 0.439515
0.366968 0.456259
0.38505 0.531117
0.403409 0.390781
0.422009 0.494098
0.440819 0.374555
0.459814 0.603584
0.478971 0.563989
0.498272 0.410385
0.517701 0.539025
0.537244 0.59619
0.556889 0.563802
0.576625 0.603225
0.596443 0.55834
0.616336 0.699317
0.636296 0.644751
0.210484 0.539532
0.211524 1.33654
0.214612 2.86463
0.219662 0.879646
0.226543 2.47585
0.235095 2.29205
0.245143 0.834858
0.25651 1.37886
0.26903 0.611644
0.282549 0.679131
0.296932 0.292401
0.312058 0.282846
0.327825 0.639565
0.344144 0.328085
0.360942 0.382367
0.378153 0.238122
0.395724 0.284252
0.41361 0.530203
0.431771 0.415577
0.450173 0.459009
0.468789 0.522051
0.487594 0.322549
0.506567 0.547665
0.525689 0.540084
0.544945 0.522401
0.564322 0.879284
0.583807 0.66404
0.603389 0.594925
0.623061 0.622779
0.642812 1.03542
0.231334 1.20203
0.23228 1.2645
0.235095 0.672604
0.239714 0.939158
0.246036 1.74924
0.253932 0.448696
0.263261 1.62229
0.273878 1.33945
0.285637 0.626781
0.298405 0.405669
0.312058 0.411587
0.326484 0.594676
0.341586 0.617618
0.357277 0.378963
0.373484 0.359862
0.390143 0.45622
0.407197 0.455307
0.4246 0.480565
0.442309 0.543939
0.460291 0.405385
0.478513 0.76339
0.49695 0.477717
0.515579 0.488136
0.534379 0.63525
0.553333 0.661118
0.572425 0.421854
0.591643 0.577337
0.610975 0.617706
0.630409 0.651606
0.649938 0.901855
0.252199 0.555861
0.253067 1.3278
0.255654 0.343032
0.259908 0.599847
0.265749 0.889949
0.273076 1.00528
0.281772 0.529449
0.291715 0.279815
0.302783 0.730831
0.314857 0.449147
0.327825 0.267171
0.341586 0.459814
0.356047 0.211978
0.371128 0.30776
0.386755 0.566476
0.402865 0.32472
0.419402 0.365533
0.436318 0.451936
0.453571 0.663404
0.471123 0.469144
0.488941 0.690669
0.506999 0.67508
0.525272 0.751293
0.543737 0.577117
0.562375 0.697798
0.581171 0.606557
0.600109 0.661307
0.619176 0.721563
0.638361 0.708567
0.657653 0.929177
0.273076 0.32101
0.273878 0.806911
0.27627 0.642355
0.280211 0.889062
0.285637 0.408064
0.292466 0.44536
0.300602 0.45732
0.309942 0.780531
0.320381 0.683047
0.331815 0.811987
0.344144 0.533962
0.357277 0.235184
0.371128 0.217494
0.385619 0.41847
0.400681 0.317748
0.416253 0.553602
0.432278 0.752716
0.448709 0.631398
0.465503 0.491679
0.482621 0.716794
0.50003 0.517798
0.517701 0.39401
0.535609 0.32648
0.553729 0.711332
0.572042 0.425347
0.59053 0.906275
0.609177 0.448588
0.627969 0.919592
0.646894 0.502526
0.665939 0.562588
0.293962 0.452319
0.294708 0.411538
0.296932 0.304968
0.300602 0.886923
0.305667 0.59688
0.312058 0.302068
0.319696 0.49623
0.328493 0.934453
0.33836 0.697374
0.349205 0.336237
0.360942 0.834603
0.373484 0.37812
0.386755 0.424
0.400681 0.526835
0.415198 0.335035
0.430244 0.569366
0.445767 0.467787
0.461718 0.519594
0.478055 0.587658
0.494739 0.627823
0.511736 0.474299
0.529016 0.643197
0.546553 0.552027
0.564322 0.646151
0.582302 0.403669
0.600474 0.817216
0.618822 0.685761
0.63733 0.830581
0.655984 0.766824
0.674772 0.995601
0.314857 0.425486
0.315552 0.605081
0.317631 0.334095
0.321065 0.454422
0.325811 0.387907
0.331815 0.440401
0.339007 0.45577
0.347316 0.358061
0.356663 0.545653
0.366968 0.395322
0.378153 0.345027
0.390143 0.904994
0.402865 0.42731
0.416253 0.442568
0.430244 0.566633
0.444782 0.312326
0.459814 0.318128
0.475294 0.411778
0.491179 0.386705
0.507432 0.750178
0.524017 0.54266
0.540906 0.522549
0.558069 0.574567
0.575482 0.536806
0.593124 0.559642
0.610975 0.77093
0.629016 0.761885
0.647232 0.985458
0.665609 0.967566
0.684133 0.7749
0.335757 0.194927
0.33641 0.241789
0.33836 0.262201
0.341586 0.491005
0.346051 0.512717
0.351709 0.585189
0.358503 0.434711
0.36637 0.287169
0.375242 0.491195
0.38505 0.614423
0.395724 0.622478
0.407197 0.419611
0.419402 0.425365
0.432278 0.324063
0.445767 0.668164
0.459814 0.599985
0.47437 0.529815
0.48939 0.571641
0.504832 0.541884
0.520658 0.371192
0.536836 0.629922
0.553333 0.600007
0.570122 0.575873
0.587178 0.553166
0.604479 0.482461
0.622004 0.627599
0.639734 0.875973
0.657653 0.802404
0.675747 0.750286
0.694001 0.789412
0.356663 0.280045
0.357277 0.532398
0.359114 0.40701
0.362155 0.453375
0.36637 0.452434
0.371718 0.281905
0.378153 0.387414
0.385619 0.348569
0.394058 0.388673
0.403409 0.559069
0.41361 0.579265
0.4246 0.428788
0.436318 0.49103
0.448709 0.561722
0.461718 0.380671
0.475294 0.554187
0.48939 0.539956
0.503962 0.537
0.518971 0.629423
0.534379 0.428224
0.550153 0.679176
0.566262 0.49965
0.582679 0.501758
0.599378 0.79861
0.616336 0.786465
0.633533 0.557677
0.650949 0.843786
0.668568 0.71503
0.686374 0.802102
0.704352 0.807205
0.377572 0.263133
0.378153 0.509472
0.379889 0.546864
0.382765 0.292785
0.386755 0.432555
0.391825 0.261294
0.397935 0.525076
0.405037 0.470391
0.413079 0.370638
0.422009 0.597203
0.431771 0.390692
0.442309 0.585203
0.453571 0.418007
0.465503 0.588324
0.478055 0.457755
0.491179 0.477493
0.504832 0.419851
0.518971 0.692486
0.533557 0.53712
0.548556 0.586259
0.563933 0.684448
0.57966 0.545543
0.595707 0.500675
0.612051 0.625448
0.628667 0.555504
0.645536 1.02609
0.662637 0.745764
0.679953 1.03496
0.697468 0.731435
0.715168 1.02893
0.398486 0.489862
0.399036 0.306216
0.400681 0.515522
0.403409 0.669833
0.407197 0.566145
0.412016 0.416308
0.417831 0.329466
0.4246 0.284809
0.432278 0.42045
0.440819 0.421315
0.450173 0.440299
0.460291 0.556735
0.471123 0.441452
0.482621 0.316513
0.494739 0.458561
0.507432 0.4947
0.520658 0.40066
0.534379 0.401073
0.548556 0.602902
0.563155 0.933936
0.578144 0.641101
0.593494 0.535399
0.609177 0.474082
0.625169 0.677089
0.641446 1.01236
0.657987 0.696114
0.674772 0.988674
0.691785 0.754441
0.709008 0.784325
0.726426 0.931984
0.419402 0.340803
0.419925 0.339692
0.421489 0.566127
0.424083 0.57443
0.427688 0.476824
0.432278 0.350099
0.437824 0.498368
0.444288 0.438896
0.451632 0.514141
0.459814 0.606165
0.468789 0.44213
0.478513 0.479635
0.488941 0.299531
0.50003 0.724036
0.511736 0.562478
0.524017 0.298752
0.536836 0.457078
0.550153 0.559944
0.563933 0.505213
0.578144 0.671985
0.592755 0.74071
0.607736 0.58363
0.623061 0.651666
0.638705 0.668723
0.654645 0.786431
0.670861 0.622454
0.687332 0.73139
0.704041 0.762126
0.720971 0.998097
0.738107 1.25756
0.440321 0.286884
0.440819 0.376069
0.442309 0.414875
0.444782 0.526251
0.44822 0.402318
0.452603 0.56586
0.457902 0.374848
0.464087 0.441151
0.471123 0.46691
0.478971 0.467572
0.487594 0.770645
0.49695 0.319918
0.506999 0.842936
0.517701 0.571926
0.529016 0.472843
0.540906 0.617548
0.553333 0.666967
0.566262 0.677605
0.57966 0.463393
0.593494 0.530633
0.607736 0.566654
0.622356 0.735125
0.63733 0.715441
0.652632 0.638316
0.66824 0.777063
0.684133 0.499197
0.700293 0.96051
0.716699 1.07027
0.733337 0.668673
0.750191 1.16664
0.461243 0.561049
0.461718 0.384803
0.463141 0.561267
0.465503 0.423325
0.468789 0.533956
0.472981 0.314093
0.478055 0.49517
0.483982 0.540612
0.490732 0.556135
0.498272 0.567304
0.506567 0.604742
0.515579 0.518397
0.525272 0.489814
0.535609 0.399532
0.546553 0.473018
0.558069 0.528411
0.570122 0.562955
0.582679 0.361242
0.595707 0.472381
0.609177 0.964999
0.623061 0.51178
0.63733 0.887747
0.651959 0.758448
0.666926 0.819247
0.682207 0.885766
0.697783 0.94958
0.713633 0.932984
0.72974 0.868636
0.746087 1.22835
0.762659 1.59074
0.482166 0.39481
0.482621 0.54369
0.483982 0.487016
0.486243 0.361912
0.48939 0.642826
0.493407 0.489747
0.498272 0.455271
0.503962 0.677594
0.510448 0.579488
0.517701 0.643932
0.525689 0.409953
0.534379 0.512548
0.543737 0.51879
0.553729 0.438434
0.564322 0.525468
0.575482 0.385719
0.587178 0.631091
0.599378 0.62227
0.612051 0.641258
0.625169 0.813594
0.638705 0.601397
0.652632 0.495822
0.666926 0.580877
0.681564 0.694272
0.696524 0.64904
0.711786 1.16093
0.727331 0.986457
0.743141 0.878951
0.7592 0.793412
0.775492 1.20793
0.503091 0.600711
0.503527 0.590818
0.504832 0.515028
0.506999 0.479417
0.510019 0.411145
0.513874 0.507998
0.518548 0.557771
0.524017 0.703391
0.530258 0.429892
0.537244 0.80113
0.544945 0.505851
0.553333 0.518096
0.562375 0.819348
0.572042 0.366823
0.582302 0.570454
0.593124 0.472814
0.604479 0.488599
0.616336 0.643247
0.628667 0.642028
0.641446 0.8026
0.654645 0.760072
0.66824 0.957507
0.682207 0.545519
0.696524 0.94882
0.71117 0.84146
0.726124 0.9572
0.741369 1.04706
0.756886 0.858509
0.772659 1.11189
0.788673 0.833615
0.524017 0.306774
0.524436 0.500249
0.525689 0.481984
0.527771 0.708676
0.530672 0.558115
0.534379 0.500826
0.538874 0.596978
0.54414 0.765162
0.550153 0.618382
0.556889 0.537807
0.564322 0.527698
0.572425 0.458816
0.581171 0.554902
0.59053 0.709885
0.600474 0.617719
0.610975 0.541696
0.622004 0.62364
0.633533 0.542582
0.645536 0.723588
0.657987 0.746442
0.670861 0.833948
0.684133 0.719432
0.697783 0.920849
0.711786 0.934834
0.726124 1.00173
0.740777 1.30289
0.755726 1.07029
0.770954 0.934963
0.786445 0.925538
0.802183 1.5345
0.544945 0.405282
0.545348 0.501034
0.546553 0.593972
0.548556 0.765098
0.551347 0.528187
0.554916 0.764018
0.559247 0.678497
0.564322 0.340863
0.570122 0.704381
0.576625 0.658785
0.583807 0.665433
0.591643 0.428654
0.600109 0.84564
0.609177 0.402829
0.618822 0.530193
0.629016 0.651014
0.639734 0.66986
0.650949 0.531416
0.662637 0.926347
0.674772 0.84918
0.687332 0.718878
0.700293 0.771747
0.713633 0.749813
0.727331 1.24676
0.741369 1.02214
0.755726 0.758264
0.770384 1.27906
0.785328 1.21972
0.800541 1.13721
0.816008 1.19878
0.565874 0.397956
0.566262 0.711528
0.567423 0.83541
0.569352 0.621304
0.572042 0.866243
0.575482 0.634946
0.57966 0.713984
0.584558 0.420041
0.590159 0.361895
0.596443 0.54987
0.603389 1.02417
0.610975 0.70522
0.619176 0.52176
0.627969 0.786753
0.63733 0.417152
0.647232 0.644372
0.657653 0.693737
0.668568 1.01158
0.679953 0.931816
0.691785 0.934409
0.704041 0.973138
0.716699 1.00121
0.72974 0.59411
0.743141 0.863437
0.756886 1.07262
0.770954 1.16665
0.785328 1.12841
0.799993 1.38341
0.814932 1.42734
0.830131 1.08625
0.586805 0.76643
0.587178 0.748306
0.588298 0.566686
0.590159 0.683973
0.592755 1.14283
0.596075 0.658637
0.600109 0.887277
0.604842 0.607884
0.610257 0.657053
0.616336 0.521959
0.623061 0.524181
0.630409 0.485431
0.638361 0.656542
0.646894 0.84132
0.655984 0.768922
0.665609 0.732815
0.675747 0.7617
0.686374 0.958949
0.697468 0.880452
0.709008 1.35363
0.720971 1.07426
0.733337 0.99799
0.746087 1.03295
0.7592 1.03902
0.772659 0.706656
0.786445 1.27504
0.800541 0.884386
0.814932 0.844613
0.829603 1.50016
0.844537 1.81714
0.607736 0.542554
0.608096 0.617931
0.609177 0.86293
0.610975 0.630981
0.613483 0.543532
0.616692 0.771515
0.620592 0.594341
0.625169 0.788379
0.630409 0.675975
0.636296 0.816532
0.642812 0.98543
0.649938 0.64963
0.657653 0.807206
0.665939 0.770645
0.674772 1.11088
0.684133 0.767005
0.694001 0.624638
0.704352 0.899627
0.715168 0.831995
0.726426 0.608606
0.738107 0.75331
0.750191 1.15366
0.762659 1.31943
0.775492 0.72549
0.788673 1.22391
0.802183 1.06633
0.816008 1.09731
0.830131 1.68244
0.844537 1.07693
0.859213 1.37895
0.0418879 4.62651
0.0468321 0.88596
0.0592384 7.22947
0.0755145 3.49201
0.0936642 39.7704
0.112787 18.6395
0.132461 2.70636
0.152474 1.72706
0.172708 2.39009
0.193094 7.56376
0.213587 0.946072
0.23416 0.409075
0.254794 0.510802
0.275475 0.752406
0.296192 0.632688
0.316939 0.487355
0.337711 0.612134
0.358503 0.38802
0.379311 0.486118
0.400134 0.406953
0.420968 0.509613
0.441813 0.532033
0.462667 0.444663
0.483529 0.355093
0.504397 0.530232
0.525272 0.757804
0.546151 0.535041
0.567036 0.615381
0.587925 0.554732
0.608817 0.683244
0.0468321 0.585554
0.051302 0.626962
0.0628319 0.945205
0.0783651 12.2395
0.0959772 44.6361
0.114715 5.62522
0.134107 1.16739
0.153906 3.33672
0.173974 2.44862
0.194226 5.87953
0.214612 1.46429
0.235095 0.622878
0.255654 0.433742
0.27627 0.457737
0.296932 0.59938
0.317631 0.549919
0.33836 0.445708
0.359114 0.296971
0.379889 0.455191
0.400681 0.345058
0.421489 0.411191
0.442309 0.36044
0.463141 0.299299
0.483982 0.472155
0.504832 0.333041
0.525689 0.509702
0.546553 0.546672
0.567423 0.785187
0.588298 0.375793
0.609177 0.516661
0.0592384 3.64566
0.0628319 4.90141
0.072552 2.39035
0.0863541 34.7505
0.102604 61.9967
0.120314 26.1824
0.138926 5.11508
0.158123 2.16026
0.177715 2.29499
0.197585 4.734
0.217656 0.74221
0.237878 0.466958
0.258214 1.24622
0.278641 0.473542
0.299139 0.769885
0.319696 0.420755
0.340299 0.480962
0.360942 0.343865
0.381617 0.680307
0.40232 0.279259
0.423047 0.445297
0.443794 0.401312
0.464559 0.607684
0.48534 0.484234
0.506133 0.523518
0.526939 0.707061
0.547755 0.410565
0.568581 0.48937
0.589415 0.490953
0.610257 0.486748
0.0755145 4.69042
0.0783651 11.0008
0.0863541 14.5158
0.0982358 18.7927
0.112787 7.09932
0.129107 6.21786
0.146608 8.64625
0.164913 2.82857
0.183782 3.19769
0.203059 3.12466
0.222637 1.09929
0.242444 0.697504
0.262427 1.06564
0.282549 0.403276
0.302783 0.238251
0.323108 0.435321
0.343506 0.273852
0.363967 0.486883
0.38448 0.447466
0.405037 0.378689
0.425631 0.474424
0.446259 0.794973
0.466914 0.484871
0.487594 0.597525
0.508295 0.491877
0.529016 0.741063
0.549754 0.677334
0.570506 0.46963
0.591273 0.581699
0.612051 0.699745
0.0936642 15.6089
0.0959772 182.001
0.102604 7.18288
0.112787 12.6263
0.125664 13.5631
0.140496 1.97495
0.15673 1.61461
0.173974 7.59262
0.191954 5.91359
0.210484 1.19183
0.229429 0.700891
0.248696 0.490011
0.268213 0.447942
0.287932 0.937558
0.307812 0.516905
0.327825 0.203819
0.347947 0.28836
0.368161 0.643006
0.388452 1.09935
0.40881 0.567069
0.429223 0.582293
0.449686 0.509703
0.470191 0.499046
0.490732 0.39376
0.511307 0.484742
0.53191 0.608025
0.552539 0.426062
0.573191 0.553752
0.593864 0.720453
0.614554 0.732062
0.112787 25.6121
0.114715 36.386
0.120314 14.3012
0.129107 1.02611
0.140496 6.67488
0.153906 1.2885
0.168856 4.02149
0.184972 3.68259
0.201976 1.50304
0.219662 0.579532
0.237878 0.874104
0.25651 1.0995
0.275475 0.617426
0.294708 0.742704
0.314159 0.454044
0.333792 0.42357
0.353575 0.408098
0.373484 0.442207
0.393501 0.563386
0.41361 0.554317
0.433798 0.430772
0.454054 0.63036
0.47437 0.514227
0.494739 0.617229
0.515153 0.618453
0.535609 0.501564
0.5561 0.556369
0.576625 0.596472
0.597178 0.714796
0.617758 0.522448
0.132461 0.800056
0.134107 2.339
0.138926 17.1817
0.146608 0.860049
0.15673 2.7286
0.168856 5.26236
0.182585 1.41979
0.197585 0.933829
0.213587 2.41029
0.230383 0.373264
0.247812 0.854041
0.265749 0.541186
0.284098 0.700872
0.302783 0.429638
0.321747 0.493333
0.340943 0.368881
0.360333 0.340972
0.379889 0.380005
0.399585 0.401786
0.419402 0.298694
0.439324 0.559514
0.459337 0.492685
0.479429 0.652852
0.499591 0.6419
0.519815 0.402669
0.540094 0.469331
0.560422 0.627691
0.580794 0.390744
0.601204 0.647983
0.621651 0.538393
0.152474 0.35922
0.153906 3.71528
0.158123 2.25376
0.164913 1.80823
0.173974 0.9812
0.184972 2.44901
0.197585 5.86417
0.211524 1.86945
0.226543 2.1475
0.242444 0.534792
0.259062 0.229558
0.27627 0.323403
0.293962 0.365309
0.312058 0.457626
0.33049 0.397154
0.349205 0.399795
0.368161 0.378992
0.387322 0.425087
0.406658 0.39012
0.426146 0.552614
0.445767 0.347878
0.465503 0.508632
0.48534 0.600034
0.505266 0.582764
0.525272 0.364793
0.545348 0.614275
0.565487 0.507896
0.585682 0.655079
0.605928 0.687413
0.626221 0.692008
0.172708 4.03976
0.173974 7.56738
0.177715 2.21911
0.183782 1.07432
0.191954 1.95257
0.201976 6.18563
0.213587 1.61072
0.226543 1.0591
0.240628 0.547625
0.255654 0.869664
0.271465 0.337852
0.287932 0.36211
0.304949 0.498544
0.322428 0.330424
0.340299 0.397363
0.358503 0.244901
0.376991 0.421026
0.395724 0.358193
0.414669 0.332134
0.433798 0.505239
0.453087 0.688717
0.472517 0.571305
0.492071 0.34611
0.511736 0.548586
0.531498 0.434603
0.551347 0.585859
0.571275 0.569147
0.591273 0.785684
0.611334 0.341185
0.631452 0.743515
0.193094 0.463505
0.194226 4.10796
0.197585 4.07384
0.203059 0.680687
0.210484 4.36175
0.219662 3.97717
0.230383 3.02599
0.242444 0.861071
0.255654 0.409834
0.269844 0.409508
0.284869 0.974039
0.300602 0.443399
0.316939 0.438824
0.333792 0.299912
0.351085 0.391285
0.368756 0.573857
0.386755 0.696837
0.405037 0.409077
0.423565 0.371327
0.442309 0.396631
0.461243 0.549966
0.480343 0.445177
0.499591 0.575239
0.518971 0.656058
0.538467 0.526656
0.558069 0.540539
0.577765 0.547866
0.597545 0.615183
0.617403 0.617258
0.63733 0.619461
0.213587 1.26988
0.214612 2.93445
0.217656 1.43518
0.222637 1.39303
0.229429 1.40659
0.237878 0.584508
0.247812 0.554885
0.259062 1.48241
0.271465 0.533357
0.284869 0.524993
0.299139 0.34413
0.314159 0.413565
0.329826 0.496309
0.346051 0.417615
0.36276 0.557979
0.379889 0.455953
0.397384 0.40073
0.415198 0.437798
0.433292 0.466256
0.451632 0.325784
0.470191 0.554034
0.488941 0.413199
0.507864 0.461003
0.526939 0.518623
0.546151 0.570442
0.565487 0.472853
0.584933 0.829286
0.604479 0.473178
0.624116 0.492498
0.643835 0.548193
0.23416 2.00746
0.235095 0.624245
0.237878 0.367784
0.242444 0.697724
0.248696 0.50046
0.25651 0.541497
0.265749 0.696589
0.27627 0.366695
0.287932 0.714236
0.300602 0.565838
0.314159 0.536377
0.328493 0.604287
0.343506 0.451617
0.359114 0.297147
0.375242 0.570834
0.391825 0.501823
0.40881 0.511482
0.426146 0.469258
0.443794 0.370162
0.461718 0.552023
0.479886 0.472949
0.498272 0.455324
0.516853 0.446833
0.535609 0.658875
0.554521 0.707241
0.573574 0.552809
0.592755 0.655484
0.612051 0.632327
0.631452 0.787541
0.650949 0.583174
0.254794 1.33296
0.255654 0.25401
0.258214 0.572663
0.262427 0.945937
0.268213 0.372486
0.275475 0.364521
0.284098 0.746752
0.293962 1.24719
0.304949 0.481891
0.316939 0.48792
0.329826 0.290184
0.343506 0.272049
0.35789 0.461108
0.372896 0.238699
0.388452 0.464143
0.404495 0.39981
0.420968 0.630082
0.437824 0.324742
0.455019 0.333315
0.472517 0.811992
0.490285 0.321869
0.508295 0.823503
0.526523 0.461468
0.544945 0.525035
0.563544 0.721357
0.582302 0.589835
0.601204 0.644587
0.620238 0.379979
0.639391 0.640551
0.658653 0.602231
0.275475 0.741713
0.27627 0.455901
0.278641 0.656754
0.282549 0.354357
0.287932 0.574266
0.294708 0.641468
0.302783 0.700788
0.312058 0.39353
0.322428 0.396747
0.333792 0.299342
0.346051 0.437321
0.359114 0.507787
0.372896 0.254514
0.387322 0.395396
0.40232 0.453898
0.417831 0.32529
0.433798 0.461941
0.450173 0.520508
0.466914 0.620248
0.483982 0.56734
0.501344 0.49852
0.518971 0.534167
0.536836 0.553806
0.554916 0.392647
0.573191 0.608446
0.591643 0.592056
0.610257 0.856954
0.629016 0.565369
0.64791 0.681829
0.666926 1.03256
0.296192 0.512988
0.296932 0.308013
0.299139 0.278565
0.302783 0.437236
0.307812 0.882829
0.314159 0.37428
0.321747 0.234472
0.33049 0.550512
0.340299 0.708558
0.351085 0.499277
0.36276 0.35361
0.375242 0.539565
0.388452 0.377789
0.40232 0.302377
0.416779 0.411498
0.431771 0.437106
0.44724 0.464345
0.463141 0.397116
0.479429 0.563046
0.496067 0.419466
0.51302 0.56473
0.530258 0.374676
0.547755 0.7394
0.565487 0.841702
0.583431 0.654744
0.601569 0.612248
0.619884 0.577141
0.638361 0.940769
0.656986 0.72256
0.675747 0.940723
0.316939 0.40526
0.317631 0.813407
0.319696 0.734601
0.323108 0.390984
0.327825 0.515635
0.333792 0.430658
0.340943 0.768555
0.349205 0.47887
0.358503 0.277437
0.368756 0.377428
0.379889 0.572786
0.391825 0.740666
0.404495 0.304632
0.417831 0.477699
0.431771 0.375665
0.446259 0.537081
0.461243 0.47671
0.476676 0.363612
0.492517 0.564975
0.508727 0.629631
0.525272 0.660399
0.542121 0.54734
0.559247 0.763571
0.576625 0.562288
0.594233 0.620255
0.612051 0.518077
0.630061 0.556863
0.648248 0.676135
0.666597 0.766623
0.685095 0.682884
0.337711 0.506385
0.33836 0.33017
0.340299 0.786362
0.343506 0.434726
0.347947 0.532102
0.353575 0.709259
0.360333 0.329244
0.368161 0.406484
0.376991 0.6246
0.386755 0.37994
0.397384 0.425383
0.40881 0.582535
0.420968 0.508023
0.433798 0.532715
0.44724 0.442578
0.461243 0.677679
0.475755 0.85598
0.490732 0.433186
0.506133 0.618961
0.521921 0.36776
0.53806 0.594749
0.554521 0.539208
0.571275 0.495519
0.588298 0.592443
0.605566 0.608099
0.623061 0.563062
0.640762 0.732395
0.658653 0.772096
0.67672 0.535468
0.694948 0.888953
0.358503 0.513556
0.359114 0.401063
0.360942 0.338899
0.363967 0.32522
0.368161 0.301636
0.373484 0.439697
0.379889 0.308071
0.387322 0.429718
0.395724 0.352375
0.405037 0.376319
0.415198 0.555989
0.426146 0.539531
0.437824 0.504956
0.450173 0.440746
0.463141 0.513871
0.476676 0.459523
0.490732 0.404272
0.505266 0.771452
0.520237 0.749981
0.535609 0.539643
0.551347 0.65131
0.567423 0.733946
0.583807 0.961514
0.600474 0.918533
0.617403 0.575759
0.634571 0.763333
0.651959 0.616577
0.669552 0.932554
0.687332 0.950966
0.705286 0.908467
0.379311 0.484059
0.379889 0.476598
0.381617 0.62514
0.38448 0.344419
0.388452 0.617009
0.393501 0.45568
0.399585 0.359223
0.406658 0.352268
0.414669 0.36036
0.423565 0.315758
0.433292 0.530742
0.443794 0.495563
0.455019 0.652619
0.466914 0.522106
0.479429 0.552948
0.492517 0.410556
0.506133 0.499644
0.520237 0.687532
0.534789 0.695157
0.549754 0.477109
0.565099 0.584353
0.580794 0.553878
0.596811 0.452823
0.613125 0.683543
0.629713 0.583677
0.646554 0.777379
0.663629 1.24559
0.68092 1.01692
0.698411 0.950881
0.716087 0.803877
0.400134 0.427429
0.400681 0.212625
0.40232 0.4369
0.405037 0.72692
0.40881 0.548967
0.41361 0.56247
0.419402 0.434432
0.426146 0.63362
0.433798 0.541621
0.442309 0.478894
0.451632 0.400836
0.461718 0.434246
0.472517 0.510902
0.483982 0.351773
0.496067 0.445694
0.508727 0.411325
0.521921 0.632287
0.535609 0.909523
0.549754 0.503665
0.564322 0.479106
0.579281 0.567535
0.594602 0.47258
0.610257 0.796629
0.626221 0.483824
0.642471 0.417488
0.658986 0.687142
0.675747 0.760621
0.692735 0.781282
0.709935 1.075
0.727331 0.700808
0.420968 0.439982
0.421489 0.292136
0.423047 0.421885
0.425631 0.436705
0.429223 0.399114
0.433798 0.430669
0.439324 0.521839
0.445767 0.420351
0.453087 0.381563
0.461243 0.351667
0.470191 0.382271
0.479886 0.399893
0.490285 0.459528
0.501344 0.422191
0.51302 0.566818
0.525272 0.562086
0.53806 0.424666
0.551347 0.676693
0.565099 0.606258
0.579281 0.662958
0.593864 0.680201
0.608817 0.784599
0.624116 0.691274
0.639734 0.604913
0.655649 0.756432
0.671841 1.06348
0.688288 0.817312
0.704975 1.16087
0.721883 0.768806
0.738998 1.06532
0.441813 0.380574
0.442309 0.457928
0.443794 0.411468
0.446259 0.485108
0.449686 0.40198
0.454054 0.478279
0.459337 0.601555
0.465503 0.453968
0.472517 0.471343
0.480343 0.467292
0.488941 0.534558
0.498272 0.446781
0.508295 0.613016
0.518971 0.534602
0.530258 0.420968
0.542121 0.44376
0.554521 0.489192
0.567423 0.589237
0.580794 0.44462
0.594602 0.608791
0.608817 0.438319
0.623412 0.862722
0.638361 0.788264
0.653639 0.566788
0.669224 0.848208
0.685095 0.90137
0.701232 1.02962
0.717617 0.98006
0.734234 0.713402
0.751068 0.965389
0.462667 0.452223
0.463141 0.488091
0.464559 0.334084
0.466914 0.899419
0.470191 0.491221
0.47437 0.797977
0.479429 0.447791
0.48534 0.494432
0.492071 0.454807
0.499591 0.491905
0.507864 0.642762
0.516853 0.49441
0.526523 0.526398
0.536836 0.666663
0.547755 0.639102
0.559247 0.459995
0.571275 0.532506
0.583807 0.629538
0.596811 0.756146
0.610257 0.537957
0.624116 0.474027
0.638361 0.705167
0.652968 0.4239
0.667912 1.08567
0.683171 0.634654
0.698725 1.06249
0.714554 0.620034
0.730641 1.15756
0.746968 0.705522
0.763521 1.03598
0.483529 0.383993
0.483982 0.547943
0.48534 0.555691
0.487594 0.548626
0.490732 0.391689
0.494739 0.396096
0.499591 0.537608
0.505266 0.551717
0.511736 0.437212
0.518971 0.398524
0.526939 0.606715
0.535609 0.464824
0.544945 0.65537
0.554916 0.52807
0.565487 0.835364
0.576625 0.602699
0.588298 0.721229
0.600474 0.69311
0.613125 0.523673
0.626221 0.637872
0.639734 0.490679
0.653639 0.760743
0.667912 0.741181
0.682529 0.473176
0.697468 0.856509
0.71271 0.803526
0.728235 0.897826
0.744026 1.09246
0.760066 0.909977
0.77634 0.700398
0.504397 0.384433
0.504832 0.478039
0.506133 0.521226
0.508295 0.648345
0.511307 0.388056
0.515153 0.794847
0.519815 0.399592
0.525272 0.931122
0.531498 0.4766
0.538467 0.45631
0.546151 0.500844
0.554521 0.560248
0.563544 0.597229
0.573191 0.449572
0.583431 0.531436
0.594233 0.570345
0.605566 0.591492
0.617403 0.634948
0.629713 1.01799
0.642471 0.785225
0.655649 0.629882
0.669224 0.812837
0.683171 0.830921
0.697468 0.726855
0.712094 0.827629
0.72703 0.787269
0.742256 1.22563
0.757754 1.04955
0.77351 1.25243
0.789506 1.02879
0.525272 0.456335
0.525689 0.463681
0.526939 0.766635
0.529016 0.622166
0.53191 0.493092
0.535609 0.488835
0.540094 0.456571
0.545348 0.523436
0.551347 0.558334
0.558069 0.552671
0.565487 0.616701
0.573574 0.679392
0.582302 0.790504
0.591643 0.596074
0.601569 0.975211
0.612051 0.47903
0.623061 0.67443
0.634571 0.589557
0.646554 0.532385
0.658986 0.814455
0.671841 0.72159
0.685095 0.932144
0.698725 0.897759
0.71271 1.11494
0.72703 1.43646
0.741664 0.899428
0.756596 1.15638
0.771807 1.1025
0.787281 1.51203
0.803003 1.12368
0.546151 0.669044
0.546553 0.60636
0.547755 0.588723
0.549754 0.549831
0.552539 0.51073
0.5561 0.515938
0.560422 0.429612
0.565487 0.459547
0.571275 0.505306
0.577765 0.445067
0.584933 0.896103
0.592755 0.543059
0.601204 0.607827
0.610257 0.534226
0.619884 0.622075
0.630061 0.917113
0.640762 0.553964
0.651959 0.988326
0.663629 0.881736
0.675747 0.777112
0.688288 0.785291
0.701232 0.752885
0.714554 1.01655
0.728235 0.5768
0.742256 1.21734
0.756596 0.925005
0.771238 1.42
0.786166 1.34475
0.801363 1.22379
0.816814 0.972208
0.567036 0.549117
0.567423 0.612457
0.568581 0.597446
0.570506 0.540611
0.573191 0.39782
0.576625 0.638563
0.580794 0.732103
0.585682 0.684883
0.591273 0.447386
0.597545 0.796255
0.604479 0.457323
0.612051 0.401187
0.620238 0.442833
0.629016 0.412289
0.638361 0.708296
0.648248 0.905742
0.658653 0.686036
0.669552 0.78219
0.68092 0.699639
0.692735 1.28922
0.704975 1.02917
0.717617 1.1167
0.730641 0.826741
0.744026 0.661941
0.757754 0.976233
0.771807 0.587595
0.786166 1.18247
0.800815 1.04809
0.815739 1.88813
0.830923 1.28833
0.587925 0.757261
0.588298 0.632606
0.589415 0.659149
0.591273 0.68802
0.593864 0.447061
0.597178 0.443538
0.601204 0.5585
0.605928 0.527639
0.611334 0.586879
0.617403 0.801525
0.624116 0.76951
0.631452 0.865693
0.639391 0.489566
0.64791 0.560932
0.656986 0.76812
0.666597 0.818202
0.67672 0.76964
0.687332 0.906318
0.698411 0.95265
0.709935 1.03514
0.721883 0.753758
0.734234 0.875968
0.746968 1.16248
0.760066 1.05464
0.77351 1.23347
0.787281 1.30237
0.801363 1.04673
0.815739 1.09544
0.830395 1.24008
0.845316 1.12929
0.608817 0.507407
0.609177 0.566194
0.610257 0.600537
0.612051 0.544372
0.614554 0.564221
0.617758 0.62325
0.621651 0.625811
0.626221 0.698989
0.631452 0.72878
0.63733 0.670983
0.643835 0.843613
0.650949 0.550632
0.658653 0.604097
0.666926 0.923791
0.675747 0.765651
0.685095 0.970439
0.694948 0.67842
0.705286 0.599905
0.716087 0.93066
0.727331 1.08611
0.738998 1.02361
0.751068 0.974186
0.763521 1.14117
0.77634 1.30396
0.789506 1.40051
0.803003 1.28
0.816814 0.950322
0.830923 1.13058
0.845316 1.28494
0.859978 1.20361
0.0628319 2.33641
0.0662306 4.71061
0.0755145 2.82341
0.0888577 28.6856
0.10472 1.52263
0.122123 2.23419
0.140496 2.04672
0.159504 2.90288
0.178945 2.71077
0.198692 4.40273
0.218661 0.870773
0.238798 1.16668
0.259062 1.22389
0.279427 0.903989
0.299872 0.926336
0.320381 0.488468
0.340943 0.345521
0.361549 0.480739
0.382191 0.543738
0.402865 0.377702
0.423565 0.339645
0.444288 0.536549
0.465031 0.459534
0.485791 0.542524
0.506567 0.378061
0.527355 0.434792
0.548156 0.892501
0.568967 0.657134
0.589787 0.531001
0.610616 0.622394
0.0662306 3.67994
0.0694632 5.48069
0.0783651 7.33014
0.0912926 1.84383
0.106794 5.73409
0.123906 2.05789
0.142049 9.4773
0.160874 3.62722
0.180167 8.36944
0.199793 4.30905
0.219662 0.304053
0.239714 0.838713
0.259908 2.37144
0.280211 1.50949
0.300602 0.514725
0.321065 0.379618
0.341586 0.393834
0.362155 0.792302
0.382765 0.432353
0.403409 0.451958
0.424083 0.367331
0.444782 0.446066
0.465503 0.320971
0.486243 0.431923
0.506999 0.373364
0.527771 0.717422
0.548556 0.603259
0.569352 0.518647
0.590159 0.463687
0.610975 0.442263
0.0755145 16.0417
0.0783651 10.2687
0.0863541 2.04942
0.0982358 8.87224
0.112787 35.9869
0.129107 15.8831
0.146608 3.21
0.164913 10.4856
0.183782 3.52247
0.203059 0.726182
0.222637 1.18703
0.242444 0.760332
0.262427 0.663742
0.282549 0.496872
0.302783 0.440139
0.323108 0.452283
0.343506 0.407726
0.363967 0.474425
0.38448 0.380087
0.405037 0.262991
0.425631 0.400803
0.446259 0.482904
0.466914 0.465538
0.487594 0.599653
0.508295 0.579431
0.529016 0.566496
0.549754 0.667281
0.570506 0.681429
0.591273 0.705642
0.612051 0.538512
0.0888577 1.94467
0.0912926 45.5119
0.0982358 45.9016
0.108828 39.0875
0.122123 20.8083
0.137339 1.24696
0.153906 1.92946
0.171434 0.717275
0.189656 2.13896
0.20839 0.742851
0.22751 0.78548
0.246926 0.946866
0.266573 0.670975
0.286404 0.380416
0.306384 0.392797
0.326484 0.406387
0.346684 0.395378
0.366968 0.587467
0.387322 0.355881
0.407735 0.438422
0.4282 0.610816
0.448709 0.41967
0.469257 0.463979
0.489838 0.445761
0.510448 0.462169
0.531085 0.432557
0.551745 0.493942
0.572425 0.503328
0.593124 0.527639
0.61384 0.560199
0.10472 66.1208
0.106794 8.03211
0.112787 29.9561
0.122123 7.57443
0.134107 0.74977
0.148096 2.24644
0.163577 4.38247
0.180167 1.65079
0.197585 1.3089
0.215631 4.38886
0.23416 0.912084
0.253067 2.8095
0.272271 0.430863
0.291715 0.360957
0.311354 0.719416
0.331153 0.36265
0.351085 0.379342
0.371128 0.408844
0.391265 0.564541
0.411483 0.369021
0.431771 0.733572
0.452118 0.385052
0.472517 0.434174
0.492962 0.29737
0.513447 0.654475
0.533968 0.567301
0.554521 0.546787
0.575101 0.410055
0.595707 0.38777
0.616336 0.65978
0.122123 1.32559
0.123906 4.78265
0.129107 0.76839
0.137339 3.0947
0.148096 1.4711
0.160874 2.56391
0.17523 3.43731
0.190808 1.67082
0.207335 0.449164
0.224599 0.922828
0.242444 0.267113
0.26075 0.67534
0.279427 0.46348
0.298405 0.457768
0.317631 0.512667
0.337061 0.794298
0.356663 0.317273
0.376409 0.359607
0.396278 0.338788
0.416253 0.66784
0.436318 0.56787
0.456463 0.428031
0.476676 0.416908
0.49695 0.719109
0.517277 0.570183
0.537652 0.75302
0.558069 0.613663
0.578523 0.50703
0.599012 0.569833
0.61953 0.629936
0.140496 3.20429
0.142049 0.790222
0.146608 3.35766
0.153906 4.83945
0.163577 8.00242
0.17523 1.35323
0.188496 3.3106
0.203059 1.25363
0.218661 3.06926
0.235095 0.824052
0.252199 0.390158
0.269844 0.981671
0.287932 0.480733
0.306384 0.281637
0.325138 0.455709
0.344144 0.267479
0.363364 0.369455
0.382765 0.364259
0.40232 0.36372
0.422009 0.274831
0.441813 0.380728
0.461718 0.499405
0.481711 0.472746
0.501781 0.548684
0.521921 0.605787
0.542121 0.488164
0.562375 0.548628
0.582679 0.609025
0.603026 0.563724
0.623412 0.679927
0.159504 5.76953
0.160874 3.29602
0.164913 1.24018
0.171434 8.38221
0.180167 1.76142
0.190808 3.34972
0.203059 1.23139
0.216646 2.4519
0.231334 1.12305
0.246926 1.35463
0.263261 0.984208
0.280211 0.355725
0.297669 0.506738
0.315552 0.269275
0.333792 0.378572
0.352332 0.428072
0.371128 0.28844
0.390143 0.405105
0.409346 0.588974
0.428712 0.334925
0.44822 0.810001
0.467852 0.51473
0.487594 0.425921
0.507432 0.53316
0.527355 0.536704
0.547355 0.603763
0.567423 0.374698
0.587552 0.57564
0.607736 0.603658
0.627969 0.593529
0.178945 1.15571
0.180167 1.50356
0.183782 1.40849
0.189656 9.32775
0.197585 0.950105
0.207335 0.90016
0.218661 1.26755
0.231334 2.16418
0.245143 0.338961
0.259908 0.737363
0.275475 0.787246
0.291715 0.53192
0.308524 0.353041
0.325811 0.530258
0.343506 0.421107
0.361549 0.404981
0.379889 0.420585
0.398486 0.492723
0.417305 0.406716
0.436318 0.375054
0.455501 0.394977
0.474832 0.608935
0.494295 0.328191
0.513874 0.633455
0.533557 0.409892
0.553333 0.656261
0.573191 0.631838
0.593124 0.494353
0.613125 0.599504
0.633187 0.961406
0.198692 4.40581
0.199793 2.31952
0.203059 1.50195
0.20839 1.03914
0.215631 2.52232
0.224599 2.42027
0.235095 0.933235
0.246926 0.97642
0.259908 0.618772
0.273878 0.665001
0.288692 0.498314
0.304228 0.60734
0.320381 0.253935
0.337061 0.295307
0.354194 0.454798
0.371718 0.681437
0.38958 0.452357
0.407735 0.385921
0.426146 0.507104
0.444782 0.50491
0.463614 0.382516
0.482621 0.441428
0.501781 0.547739
0.521079 0.389324
0.5405 0.456368
0.56003 0.523401
0.57966 0.713788
0.599378 0.379388
0.619176 0.668541
0.639048 0.869905
0.218661 1.10389
0.219662 0.505221
0.222637 1.15606
0.22751 0.414385
0.23416 0.767626
0.242444 0.296565
0.252199 1.53377
0.263261 0.508056
0.275475 1.40527
0.288692 0.48613
0.302783 0.670087
0.317631 0.280831
0.333134 0.817819
0.349205 0.262206
0.36577 0.510891
0.382765 0.483184
0.400134 0.349186
0.417831 0.380579
0.435815 0.281849
0.454054 0.451458
0.472517 0.342852
0.491179 0.622508
0.510019 0.658902
0.529016 0.499871
0.548156 0.702672
0.567423 0.555555
0.586805 0.652644
0.60629 0.625976
0.62587 0.607313
0.645536 0.705087
0.238798 0.426488
0.239714 0.927939
0.242444 0.68833
0.246926 0.326671
0.253067 0.658951
0.26075 0.219653
0.269844 0.346921
0.280211 0.499097
0.291715 0.400018
0.304228 0.279295
0.317631 0.204501
0.331815 0.531452
0.346684 0.480303
0.362155 0.731848
0.378153 0.372359
0.394614 0.449075
0.411483 0.483976
0.428712 0.580332
0.446259 0.429281
0.464087 0.576767
0.482166 0.599881
0.500468 0.558686
0.518971 0.744907
0.537652 0.475082
0.556495 0.526873
0.575482 0.727658
0.594602 0.675994
0.61384 0.869943
0.633187 0.777486
0.652632 0.702475
0.259062 0.392586
0.259908 0.388905
0.262427 1.32551
0.266573 0.882312
0.272271 0.424404
0.279427 0.552797
0.287932 0.569452
0.297669 0.487156
0.308524 0.268779
0.320381 0.50772
0.333134 0.317753
0.346684 0.406721
0.360942 0.356107
0.375826 0.453865
0.391265 0.375242
0.407197 0.37055
0.423565 0.494472
0.440321 0.378165
0.457423 0.376012
0.474832 0.404248
0.492517 0.406748
0.510448 0.52687
0.528601 0.522996
0.546954 0.717527
0.565487 0.464619
0.584182 0.572907
0.603026 0.597188
0.622004 0.781831
0.641104 0.630419
0.660316 0.593889
0.279427 0.262482
0.280211 0.486367
0.282549 0.50448
0.286404 0.456531
0.291715 0.397225
0.298405 0.440197
0.306384 0.254348
0.315552 0.700335
0.325811 0.428712
0.337061 0.503598
0.349205 0.493363
0.362155 0.610575
0.375826 0.501082
0.390143 0.413008
0.405037 0.420024
0.420447 0.365957
0.436318 0.3347
0.452603 0.36315
0.469257 0.626047
0.486243 0.512944
0.503527 0.448243
0.521079 0.455377
0.538874 0.471676
0.556889 0.594528
0.575101 0.689208
0.593494 0.691357
0.612051 0.738713
0.630757 0.599202
0.6496 0.635742
0.668568 0.739265
0.299872 0.611667
0.300602 0.23272
0.302783 1.28073
0.306384 0.309358
0.311354 0.586454
0.317631 0.398311
0.325138 0.258609
0.333792 0.363831
0.343506 0.582572
0.354194 0.632175
0.36577 0.324522
0.378153 0.527306
0.391265 0.413907
0.405037 0.502013
0.419402 0.383277
0.434303 0.474613
0.449686 0.664551
0.465503 0.345891
0.481711 0.373841
0.498272 0.6328
0.515153 0.722355
0.532323 0.524409
0.549754 0.381782
0.567423 0.522743
0.585308 0.544267
0.603389 0.679314
0.621651 0.626378
0.640077 0.656032
0.658653 0.631878
0.677368 0.953125
0.320381 0.305531
0.321065 0.41484
0.323108 0.469135
0.326484 0.687218
0.331153 0.481468
0.337061 0.517394
0.344144 0.460559
0.352332 0.329625
0.361549 0.412484
0.371718 0.417575
0.382765 0.51203
0.394614 0.330846
0.407197 0.328456
0.420447 0.447553
0.434303 0.463454
0.448709 0.445568
0.463614 0.457277
0.478971 0.373254
0.494739 0.498016
0.510878 0.445713
0.527355 1.03519
0.54414 0.483726
0.561204 0.473957
0.578523 0.695282
0.596075 0.619074
0.61384 0.476348
0.6318 1.05979
0.649938 0.603561
0.66824 1.11974
0.686693 0.861006
0.340943 0.393201
0.341586 0.347296
0.343506 0.365578
0.346684 0.619124
0.351085 0.620505
0.356663 0.465465
0.363364 0.534382
0.371128 0.422488
0.379889 0.676181
0.38958 0.364822
0.400134 0.388295
0.411483 0.31209
0.423565 0.432788
0.436318 0.340635
0.449686 0.521488
0.463614 0.48921
0.478055 0.484174
0.492962 0.683523
0.508295 0.359718
0.524017 0.483032
0.540094 0.409482
0.556495 0.532153
0.573191 0.613908
0.590159 0.626077
0.607375 0.619197
0.624818 0.713683
0.642471 0.840501
0.660316 0.901849
0.678338 0.713141
0.696524 0.885427
0.361549 0.254194
0.362155 0.293491
0.363967 0.292046
0.366968 0.418208
0.371128 0.368294
0.376409 0.409312
0.382765 0.357412
0.390143 0.507542
0.398486 0.408135
0.407735 0.482936
0.417831 0.366062
0.428712 0.727344
0.440321 0.507729
0.452603 0.464855
0.465503 0.591061
0.478971 0.532594
0.492962 0.76505
0.507432 0.654477
0.522341 0.757361
0.537652 0.527911
0.553333 0.639216
0.569352 0.69358
0.585682 0.696912
0.602298 0.450674
0.619176 0.640449
0.636296 0.872648
0.653639 0.633852
0.671187 0.723318
0.688925 0.615549
0.706839 0.776717
0.382191 0.268992
0.382765 0.419318
0.38448 0.32449
0.387322 0.476016
0.391265 0.495341
0.396278 0.446981
0.40232 0.549388
0.409346 0.460204
0.417305 0.268189
0.426146 0.449988
0.435815 0.440712
0.446259 0.321468
0.457423 0.440303
0.469257 0.673591
0.481711 0.483304
0.494739 0.548686
0.508295 0.504704
0.522341 0.549466
0.536836 0.684753
0.551745 0.536229
0.567036 0.572779
0.582679 0.470566
0.598645 0.759284
0.614911 0.498485
0.631452 0.506949
0.648248 0.612787
0.66528 0.69001
0.682529 0.671984
0.699979 0.912062
0.717617 1.06106
0.402865 0.272905
0.403409 0.464677
0.405037 0.396286
0.407735 0.644683
0.411483 0.500146
0.416253 0.521861
0.422009 0.278683
0.428712 0.55839
0.436318 0.473645
0.444782 0.577475
0.454054 0.412857
0.464087 0.394479
0.474832 0.560234
0.486243 0.589922
0.498272 0.636548
0.510878 0.576036
0.524017 0.56906
0.537652 0.584923
0.551745 0.858174
0.566262 0.643588
0.581171 0.829524
0.596443 0.941189
0.612051 0.570834
0.627969 0.877682
0.644175 0.621777
0.660648 0.814453
0.677368 0.659352
0.694316 0.969883
0.711478 0.812666
0.728837 0.958914
0.423565 0.27547
0.424083 0.590881
0.425631 0.432967
0.4282 0.59384
0.431771 0.430197
0.436318 0.546676
0.441813 0.694042
0.44822 0.676782
0.455501 0.589272
0.463614 0.544024
0.472517 0.709353
0.482166 0.444074
0.492517 0.277682
0.503527 0.434143
0.515153 0.661201
0.527355 0.672134
0.540094 0.422785
0.553333 0.61814
0.567036 0.584817
0.581171 0.718124
0.595707 0.590803
0.610616 0.52889
0.62587 1.07566
0.641446 0.762658
0.65732 0.856559
0.673471 0.891063
0.68988 1.05799
0.706529 0.880393
0.723401 0.587146
0.74048 1.14748
0.444288 0.495108
0.444782 0.317883
0.446259 0.561504
0.448709 0.561354
0.452118 0.399488
0.456463 0.502313
0.461718 0.356811
0.467852 0.394917
0.474832 0.440372
0.482621 0.519761
0.491179 0.919395
0.500468 0.432152
0.510448 0.640168
0.521079 0.405359
0.532323 0.491275
0.54414 0.627662
0.556495 0.465755
0.569352 0.635446
0.582679 0.573656
0.596443 0.518994
0.610616 0.57039
0.625169 0.721639
0.640077 0.556532
0.655315 0.501466
0.670861 0.893836
0.686693 0.760641
0.702794 0.736426
0.719143 1.09676
0.735726 0.824135
0.752526 0.929719
0.465031 0.557294
0.465503 0.674603
0.466914 0.435194
0.469257 0.45823
0.472517 0.416537
0.476676 0.609306
0.481711 0.557495
0.487594 0.700285
0.494295 0.438476
0.501781 0.565235
0.510019 0.507021
0.518971 0.369444
0.528601 0.721434
0.538874 0.525071
0.549754 0.370013
0.561204 0.844761
0.573191 0.708226
0.585682 0.706
0.598645 0.625945
0.612051 0.567406
0.62587 0.810471
0.640077 0.488053
0.654645 0.795624
0.669552 0.960597
0.684774 1.14084
0.700293 0.758001
0.716087 0.795699
0.73214 1.07561
0.748435 0.81683
0.764956 1.05151
0.485791 0.487107
0.486243 0.576824
0.487594 0.743755
0.489838 0.579907
0.492962 0.414067
0.49695 0.542669
0.501781 0.700027
0.507432 0.401849
0.513874 0.518078
0.521079 0.44508
0.529016 0.529745
0.537652 0.735179
0.546954 0.834372
0.556889 0.516734
0.567423 0.495974
0.578523 0.616652
0.590159 0.71017
0.602298 0.738055
0.614911 0.61534
0.627969 0.752743
0.641446 0.7751
0.655315 0.701392
0.669552 0.824362
0.684133 1.08958
0.699039 0.820114
0.714247 0.846842
0.72974 0.841582
0.745499 0.888164
0.761508 1.56947
0.777751 1.26811
0.506567 0.304213
0.506999 0.500812
0.508295 0.47623
0.510448 0.631325
0.513447 0.550537
0.517277 0.352948
0.521921 0.615401
0.527355 0.535691
0.533557 0.856677
0.5405 0.481375
0.548156 0.606467
0.556495 0.527715
0.565487 0.48204
0.575101 0.636762
0.585308 0.770878
0.596075 0.68406
0.607375 0.834826
0.619176 0.574552
0.631452 0.536041
0.644175 0.673986
0.65732 1.00363
0.670861 0.774
0.684774 0.862738
0.699039 0.89505
0.713633 1.2172
0.728536 0.91134
0.743731 0.977305
0.7592 0.864314
0.774926 0.824789
0.790894 1.11499
0.527355 0.704357
0.527771 0.604043
0.529016 0.457307
0.531085 0.79816
0.533968 0.400275
0.537652 0.704606
0.542121 0.520126
0.547355 0.653811
0.553333 0.564642
0.56003 0.504242
0.567423 0.462078
0.575482 0.621596
0.584182 0.459056
0.593494 0.467326
0.603389 0.525485
0.61384 0.570303
0.624818 0.506102
0.636296 0.55911
0.648248 0.841183
0.660648 0.595724
0.673471 0.685115
0.686693 0.970056
0.700293 0.930464
0.714247 0.988132
0.728536 0.944958
0.743141 0.886956
0.758044 0.845419
0.773226 1.31584
0.788673 1.32047
0.804368 0.972181
0.548156 0.602644
0.548556 0.537543
0.549754 0.454548
0.551745 0.531846
0.554521 0.670079
0.558069 0.682235
0.562375 0.445332
0.567423 0.592224
0.573191 1.03586
0.57966 0.444069
0.586805 0.607139
0.594602 0.589155
0.603026 0.623642
0.612051 0.549904
0.621651 0.63596
0.6318 0.689339
0.642471 0.611753
0.653639 0.670974
0.66528 0.779688
0.677368 0.774768
0.68988 0.666792
0.702794 0.909914
0.716087 0.973623
0.72974 0.83151
0.743731 1.09364
0.758044 1.15857
0.772659 0.974154
0.787559 1.00632
0.80273 1.16034
0.818156 0.844667
0.568967 0.51575
0.569352 0.72957
0.570506 0.849458
0.572425 0.658183
0.575101 0.749894
0.578523 0.736514
0.582679 0.799949
0.587552 0.560993
0.593124 0.589169
0.599378 0.439803
0.60629 0.557032
0.61384 0.757964
0.622004 0.63172
0.630757 1.0485
0.640077 0.829504
0.649938 0.693721
0.660316 0.770127
0.671187 0.711343
0.682529 0.471517
0.694316 0.690906
0.706529 0.70557
0.719143 0.96398
0.73214 0.648718
0.745499 0.76768
0.7592 0.805577
0.773226 1.06138
0.787559 0.772831
0.802183 1.03117
0.817083 1.55017
0.832242 1.10716
0.589787 0.635136
0.590159 0.655837
0.591273 0.696835
0.593124 0.653312
0.595707 0.572002
0.599012 0.748926
0.603026 0.529309
0.607736 0.486983
0.613125 0.431578
0.619176 0.738319
0.62587 0.449386
0.633187 0.488246
0.641104 0.727844
0.6496 0.56026
0.658653 0.82409
0.66824 0.684054
0.678338 0.508822
0.688925 1.03931
0.699979 1.29474
0.711478 0.874544
0.723401 1.37241
0.735726 1.11222
0.748435 1.04762
0.761508 1.26543
0.774926 1.05663
0.788673 1.37126
0.80273 1.30684
0.817083 1.4742
0.831715 1.58025
0.846612 1.23494
0.610616 0.650465
0.610975 0.653039
0.612051 0.628321
0.61384 0.803376
0.616336 0.544084
0.61953 0.580916
0.623412 0.575495
0.627969 0.528447
0.633187 0.765261
0.639048 0.454888
0.645536 0.496145
0.652632 1.20096
0.660316 0.521821
0.668568 0.867382
0.677368 0.748631
0.686693 0.788883
0.696524 0.924849
0.706839 1.17828
0.717617 0.958427
0.728837 0.925298
0.74048 0.811925
0.752526 1.38032
0.764956 0.804935
0.777751 1.11737
0.790894 1.32489
0.804368 1.35919
0.818156 1.38497
0.832242 0.909165
0.846612 0.997961
0.861252 1.38986
0.0837758 4.33454
0.0863541 15.4463
0.0936642 16.2142
0.10472 17.2822
0.118477 7.61218
0.134107 2.54211
0.151029 1.56677
0.168856 2.79505
0.187328 2.30539
0.206274 2.07245
0.225573 0.349885
0.245143 1.09455
0.264922 0.395573
0.284869 0.816932
0.304949 0.289414
0.325138 0.415242
0.345416 0.517581
0.36577 0.300319
0.386187 0.348666
0.406658 0.36565
0.427174 0.412389
0.447731 0.475703
0.468321 0.598743
0.488941 0.548618
0.509588 0.440938
0.530258 0.482702
0.550949 0.441768
0.571659 0.456806
0.592384 0.658657
0.613125 0.696402
0.0863541 18.6942
0.0888577 6.6944
0.0959772 20.3565
0.106794 30.3555
0.120314 4.04379
0.135732 7.596
0.152474 3.48547
0.170149 1.54582
0.188496 0.895506
0.207335 1.4642
0.226543 0.934841
0.246036 1.52748
0.265749 0.751251
0.285637 0.258114
0.305667 0.303507
0.325811 0.472451
0.346051 0.462792
0.36637 0.343242
0.386755 0.318387
0.407197 0.392444
0.427688 0.645846
0.44822 0.52891
0.468789 0.46209
0.48939 0.480004
0.510019 0.398338
0.530672 0.51524
0.551347 0.504204
0.572042 0.538823
0.592755 0.988893
0.613483 0.608545
0.0936642 26.41
0.0959772 7.90687
0.102604 4.55195
0.112787 8.11075
0.125664 18.9541
0.140496 4.5828
0.15673 6.95405
0.173974 1.62402
0.191954 1.89947
0.210484 0.638615
0.229429 1.21129
0.248696 0.447346
0.268213 0.559988
0.287932 0.543654
0.307812 0.804589
0.327825 0.388535
0.347947 0.555579
0.368161 0.451219
0.388452 0.424296
0.40881 0.390603
0.429223 0.619488
0.449686 0.412486
0.470191 1.02651
0.490732 0.38505
0.511307 0.616646
0.53191 0.412927
0.552539 0.648338
0.573191 0.505784
0.593864 0.723043
0.614554 0.690872
0.10472 29.3855
0.106794 34.8827
0.112787 25.9499
0.122123 28.1552
0.134107 1.70204
0.148096 1.51995
0.163577 2.07107
0.180167 4.20573
0.197585 0.978671
0.215631 1.24805
0.23416 0.627741
0.253067 0.306489
0.272271 0.382219
0.291715 0.508802
0.311354 0.737678
0.331153 0.463485
0.351085 0.456289
0.371128 0.451831
0.391265 0.290791
0.411483 0.68453
0.431771 0.295293
0.452118 0.519825
0.472517 0.433235
0.492962 0.69033
0.513447 0.636191
0.533968 0.521498
0.554521 0.34902
0.575101 0.633283
0.595707 0.508819
0.616336 0.497034
0.118477 8.3736
0.120314 2.3609
0.125664 2.99924
0.134107 12.985
0.145104 0.660105
0.158123 2.01738
0.172708 0.775105
0.188496 0.880544
0.205208 1.50539
0.222637 2.75888
0.240628 0.716083
0.259062 0.349572
0.277853 0.646141
0.296932 0.56672
0.316247 0.303804
0.335757 0.782217
0.355431 0.45055
0.375242 0.353894
0.39517 0.586683
0.415198 0.471705
0.435312 0.521412
0.455501 0.402179
0.475755 0.62639
0.496067 0.511726
0.516429 0.431574
0.536836 0.472657
0.557282 0.558834
0.577765 0.594931
0.598279 0.524989
0.618822 0.936111
0.134107 4.8925
0.135732 0.621255
0.140496 11.6104
0.148096 1.59819
0.158123 0.868002
0.170149 4.71525
0.183782 0.994905
0.198692 3.34815
0.214612 1.38224
0.231334 0.444631
0.248696 0.919511
0.266573 0.708753
0.284869 0.368467
0.303507 0.425336
0.322428 0.411395
0.341586 0.452265
0.360942 0.383006
0.380466 0.442481
0.400134 0.299632
0.419925 0.525399
0.439823 0.36652
0.459814 0.435664
0.479886 0.608341
0.50003 0.348322
0.520237 0.50317
0.5405 0.588001
0.560813 0.744774
0.581171 0.478431
0.601569 0.604596
0.622004 0.521496
0.151029 3.86763
0.152474 1.85384
0.15673 2.18488
0.163577 1.8449
0.172708 9.82714
0.183782 4.30575
0.196472 3.23583
0.210484 3.97977
0.225573 1.13552
0.241537 0.444233
0.258214 0.609943
0.275475 0.452987
0.293215 0.810573
0.311354 0.429323
0.329826 0.578332
0.348577 0.454043
0.367565 0.250483
0.386755 0.412516
0.406118 0.580463
0.425631 0.401077
0.445275 0.40062
0.465031 0.375352
0.484888 0.52708
0.504832 0.548348
0.524854 0.548023
0.544945 0.530289
0.565099 0.481389
0.585308 0.567175
0.605566 0.726892
0.62587 0.711537
0.168856 3.24168
0.170149 3.02979
0.173974 4.07513
0.180167 0.951646
0.188496 3.0456
0.198692 1.66461
0.210484 3.11057
0.22362 2.97672
0.237878 1.24392
0.253067 0.669575
0.26903 0.426599
0.285637 1.49973
0.302783 0.544836
0.320381 0.286432
0.33836 0.697591
0.356663 0.266782
0.375242 0.506161
0.394058 0.433772
0.413079 0.336362
0.432278 0.483603
0.451632 0.384204
0.471123 0.474127
0.490732 0.540831
0.510448 0.550966
0.530258 0.396516
0.550153 0.614003
0.570122 0.551867
0.590159 0.705769
0.610257 0.780147
0.630409 0.738279
0.187328 4.1379
0.188496 1.15928
0.191954 3.1773
0.197585 1.4142
0.205208 4.49285
0.214612 3.81902
0.225573 1.14624
0.237878 0.642652
0.251327 1.60035
0.265749 1.61788
0.280993 0.619757
0.296932 0.45471
0.31346 0.388004
0.33049 0.408257
0.347947 0.476755
0.36577 0.245004
0.383909 0.601136
0.40232 0.607163
0.420968 0.429264
0.439823 0.383888
0.458859 0.54216
0.478055 0.437798
0.497391 0.723434
0.516853 0.535047
0.536427 0.477104
0.5561 0.800221
0.575863 0.77607
0.595707 0.664194
0.615624 0.687637
0.635607 0.668325
0.206274 5.39719
0.207335 1.75678
0.210484 4.19511
0.215631 2.5292
0.222637 2.06149
0.231334 1.92082
0.241537 0.926655
0.253067 0.565514
0.265749 1.08822
0.279427 0.456806
0.293962 0.990247
0.309234 0.344251
0.325138 0.624595
0.341586 0.545755
0.358503 0.422145
0.375826 0.385112
0.393501 0.38607
0.411483 0.482261
0.429734 0.403469
0.44822 0.398156
0.466914 0.465702
0.485791 0.423397
0.504832 0.683361
0.524017 0.57382
0.543333 0.421391
0.562765 0.970981
0.582302 0.807689
0.601934 0.524011
0.621651 0.723747
0.641446 0.50095
0.225573 0.249402
0.226543 0.422205
0.229429 1.17797
0.23416 1.76626
0.240628 0.900271
0.248696 1.32729
0.258214 0.854595
0.26903 0.439826
0.280993 0.400956
0.293962 1.05503
0.307812 0.533492
0.322428 0.491144
0.337711 0.360267
0.353575 0.58051
0.369944 0.334365
0.386755 0.651707
0.403952 0.302176
0.421489 0.741685
0.439324 0.370459
0.457423 0.300162
0.475755 0.549184
0.494295 0.513078
0.51302 0.489668
0.53191 0.927077
0.550949 0.404444
0.570122 0.703994
0.589415 0.577581
0.608817 0.779443
0.628319 0.918167
0.64791 0.462675
0.245143 0.420569
0.246036 0.546614
0.248696 1.5292
0.253067 0.860714
0.259062 2.47286
0.266573 0.665104
0.275475 0.697273
0.285637 1.61146
0.296932 0.695557
0.309234 0.367204
0.322428 0.505224
0.33641 0.530368
0.351085 0.445127
0.36637 0.756241
0.382191 0.409115
0.398486 0.430961
0.415198 0.386337
0.432278 0.534597
0.449686 0.510716
0.467383 0.350315
0.48534 0.508061
0.503527 0.553532
0.521921 0.428801
0.5405 0.681779
0.559247 0.554731
0.578144 0.609645
0.597178 0.780857
0.616336 0.601756
0.635607 0.77652
0.65498 0.771043
0.264922 0.629779
0.265749 0.322893
0.268213 0.526296
0.272271 0.521206
0.277853 0.368543
0.284869 0.361045
0.293215 0.44594
0.302783 0.412337
0.31346 0.748405
0.325138 0.381
0.337711 0.631145
0.351085 0.526582
0.36517 0.465468
0.379889 0.489493
0.39517 0.396637
0.41095 0.435071
0.427174 0.614341
0.443794 0.578093
0.460767 0.677394
0.478055 0.594335
0.495624 0.536634
0.513447 0.488665
0.531498 0.437933
0.549754 0.627163
0.568195 0.636429
0.586805 0.680352
0.605566 0.498331
0.624467 0.522409
0.643494 0.646362
0.662637 0.557403
0.284869 0.494043
0.285637 0.287167
0.287932 0.519752
0.291715 0.893182
0.296932 0.425506
0.303507 0.605057
0.311354 0.52862
0.320381 0.521013
0.33049 0.370576
0.341586 0.553129
0.353575 0.363834
0.36637 0.505312
0.379889 0.314799
0.394058 0.482039
0.40881 0.385901
0.424083 0.371405
0.439823 0.54416
0.455982 0.683983
0.472517 0.587685
0.48939 0.554961
0.506567 0.488796
0.524017 0.382232
0.541716 0.582015
0.559639 0.47803
0.577765 0.898833
0.596075 0.46618
0.614554 0.610919
0.633187 0.461835
0.651959 0.913405
0.670861 0.850582
0.304949 1.32638
0.305667 0.84451
0.307812 0.298639
0.311354 0.646473
0.316247 0.224051
0.322428 0.619245
0.329826 0.506675
0.33836 0.498397
0.347947 0.497207
0.358503 0.546845
0.369944 0.211534
0.382191 0.700287
0.39517 0.678132
0.40881 0.313762
0.423047 0.353381
0.437824 0.334828
0.453087 0.52157
0.468789 0.33562
0.484888 0.819242
0.501344 0.389411
0.518125 0.540989
0.535199 0.429744
0.552539 0.521176
0.570122 0.407076
0.587925 0.74769
0.605928 0.532553
0.624116 0.696765
0.642471 1.00616
0.66098 0.708918
0.67963 0.885448
0.325138 0.396767
0.325811 0.451716
0.327825 0.3682
0.331153 0.412483
0.335757 0.760618
0.341586 0.286039
0.348577 0.602569
0.356663 0.521765
0.36577 0.352691
0.375826 0.427393
0.386755 0.351181
0.398486 0.849498
0.41095 0.424031
0.424083 0.367538
0.437824 0.5547
0.452118 0.433634
0.466914 0.359707
0.482166 0.525749
0.497832 0.528002
0.513874 0.658073
0.530258 0.587458
0.546954 0.566626
0.563933 0.529606
0.581171 0.473144
0.598645 0.405309
0.616336 0.536616
0.634225 0.754118
0.652296 0.875098
0.670534 0.610895
0.688925 1.11053
0.345416 0.372818
0.346051 0.354327
0.347947 0.689887
0.351085 0.198849
0.355431 0.400996
0.360942 0.320148
0.367565 0.546355
0.375242 0.244598
0.383909 0.461687
0.393501 0.355025
0.403952 0.332049
0.415198 0.332526
0.427174 0.448063
0.439823 0.45948
0.453087 0.367559
0.466914 0.518825
0.481255 0.379319
0.496067 0.502162
0.511307 0.504929
0.526939 0.603206
0.542929 0.465109
0.559247 0.514562
0.575863 0.890426
0.592755 0.718947
0.609897 0.516636
0.62727 0.71953
0.644856 0.646688
0.662637 0.655975
0.680598 1.17602
0.698725 0.84367
0.36577 0.38855
0.36637 0.610916
0.368161 0.876184
0.371128 0.493027
0.375242 0.3776
0.380466 0.376694
0.386755 0.411066
0.394058 0.408342
0.40232 0.194172
0.411483 0.351184
0.421489 0.519242
0.432278 0.483988
0.443794 0.357749
0.455982 0.447256
0.468789 0.729151
0.482166 0.384667
0.496067 0.747163
0.510448 0.435918
0.525272 0.597167
0.5405 0.479877
0.5561 0.415426
0.572042 0.771299
0.588298 0.664505
0.604842 0.585205
0.621651 0.715373
0.638705 1.01246
0.655984 0.640575
0.673471 0.417901
0.69115 0.638341
0.709008 0.80709
0.386187 0.374662
0.386755 0.38627
0.388452 0.425122
0.391265 0.59838
0.39517 0.509735
0.400134 0.320891
0.406118 0.441267
0.413079 0.47266
0.420968 0.448756
0.429734 0.386788
0.439324 0.394364
0.449686 0.592341
0.460767 0.405008
0.472517 0.721468
0.484888 0.466379
0.497832 0.64033
0.511307 0.577417
0.525272 0.548204
0.539688 0.395017
0.554521 0.647518
0.569737 0.541654
0.585308 0.513884
0.601204 0.762113
0.617403 0.658833
0.633879 0.659994
0.650612 1.24225
0.667583 0.701134
0.684774 0.858355
0.702169 1.00661
0.719753 0.998577
0.406658 0.38214
0.407197 0.481622
0.40881 0.865366
0.411483 0.630241
0.415198 0.263612
0.419925 0.459667
0.425631 0.442237
0.432278 0.456587
0.439823 0.362501
0.44822 0.453484
0.457423 0.360738
0.467383 0.477193
0.478055 0.664304
0.48939 0.431335
0.501344 0.562632
0.513874 0.629336
0.526939 0.534728
0.5405 0.47378
0.554521 0.413411
0.568967 0.829225
0.583807 0.619209
0.599012 0.858933
0.614554 0.615524
0.630409 0.926603
0.646554 0.860269
0.662968 0.742753
0.67963 0.716019
0.696524 0.848092
0.713633 0.949919
0.730941 0.915184
0.427174 0.566114
0.427688 0.380386
0.429223 0.712242
0.431771 0.511005
0.435312 0.560236
0.439823 0.53296
0.445275 0.347343
0.451632 0.404738
0.458859 0.509568
0.466914 0.466914
0.475755 0.438484
0.48534 0.453438
0.495624 0.455737
0.506567 0.669062
0.518125 0.653674
0.530258 0.576607
0.542929 0.490856
0.5561 0.358141
0.569737 0.578281
0.583807 0.805265
0.598279 0.682601
0.613125 0.726902
0.628319 0.518356
0.643835 0.660597
0.659651 0.527487
0.675747 0.749562
0.692102 0.927359
0.708698 1.28268
0.72552 0.637912
0.742551 1.66415
0.447731 0.514075
0.44822 0.396413
0.449686 0.455826
0.452118 0.38303
0.455501 0.671721
0.459814 0.539687
0.465031 0.426759
0.471123 0.779654
0.478055 0.59588
0.485791 0.548458
0.494295 0.380131
0.503527 0.742027
0.513447 0.539916
0.524017 0.558559
0.535199 0.614098
0.546954 0.354563
0.559247 0.491027
0.572042 0.651706
0.585308 0.646521
0.599012 0.604571
0.613125 0.803051
0.62762 0.723684
0.642471 0.635054
0.657653 0.604152
0.673145 0.670045
0.688925 1.00547
0.704975 1.03698
0.721275 0.830815
0.73781 0.787952
0.754564 1.1666
0.468321 0.624646
0.468789 0.524553
0.470191 0.404018
0.472517 0.457865
0.475755 0.491214
0.479886 0.354721
0.484888 0.34236
0.490732 0.846432
0.497391 0.365194
0.504832 0.618778
0.51302 0.538297
0.521921 0.74265
0.531498 0.578792
0.541716 0.488314
0.552539 0.652855
0.563933 0.370333
0.575863 0.557321
0.588298 0.738335
0.601204 0.669158
0.614554 0.532887
0.628319 0.645516
0.642471 0.713095
0.656986 0.527563
0.671841 0.780456
0.687013 0.85859
0.702481 0.762277
0.718228 0.713689
0.734234 1.28553
0.750483 1.25362
0.766961 1.21576
0.488941 0.547642
0.48939 0.417096
0.490732 0.617618
0.492962 0.361233
0.496067 0.450126
0.50003 0.578315
0.504832 0.73329
0.510448 0.422981
0.516853 0.597816
0.524017 0.797184
0.53191 0.472059
0.5405 0.674673
0.549754 0.510631
0.559639 0.441431
0.570122 0.666856
0.581171 0.571374
0.592755 0.641661
0.604842 0.799979
0.617403 0.626708
0.630409 0.651942
0.643835 0.46071
0.657653 0.750838
0.671841 0.622213
0.686374 0.946598
0.701232 0.746467
0.716393 0.973572
0.731841 0.836541
0.747555 1.03549
0.763521 1.08726
0.779723 1.18205
0.509588 0.634366
0.510019 0.725913
0.511307 0.90983
0.513447 0.547386
0.516429 0.59187
0.520237 0.500619
0.524854 0.485195
0.530258 0.481184
0.536427 0.750293
0.543333 0.818789
0.550949 0.502907
0.559247 0.495529
0.568195 0.558022
0.577765 0.657416
0.587925 0.59318
0.598645 0.614641
0.609897 0.595242
0.621651 0.707639
0.633879 0.569779
0.646554 0.512368
0.659651 0.766803
0.673145 0.987558
0.687013 0.591924
0.701232 0.808547
0.715781 0.964674
0.730641 1.37827
0.745793 0.720019
0.76122 0.952819
0.776905 1.36793
0.792833 0.974678
0.530258 0.544883
0.530672 0.523833
0.53191 0.603766
0.533968 0.409321
0.536836 0.515059
0.5405 0.607825
0.544945 0.526775
0.550153 0.600324
0.5561 0.415378
0.562765 0.506131
0.570122 0.442786
0.578144 0.480834
0.586805 0.577689
0.596075 0.829617
0.605928 0.524844
0.616336 0.578567
0.62727 0.996043
0.638705 0.631467
0.650612 0.822644
0.662968 0.807128
0.675747 0.794123
0.688925 0.982333
0.702481 1.00982
0.716393 0.946129
0.730641 1.03483
0.745204 0.876572
0.760066 1.22326
0.775209 1.0671
0.790617 0.882748
0.806274 0.887988
0.550949 0.592761
0.551347 0.668439
0.552539 0.69751
0.554521 0.454348
0.557282 0.630333
0.560813 0.452591
0.565099 0.727178
0.570122 0.4482
0.575863 0.492769
0.582302 1.08275
0.589415 0.87905
0.597178 0.663079
0.605566 0.434835
0.614554 0.452015
0.624116 0.48174
0.634225 0.756827
0.644856 0.687746
0.655984 0.641067
0.667583 0.653145
0.67963 0.91568
0.692102 1.08025
0.704975 0.801072
0.718228 0.87942
0.731841 0.898289
0.745793 1.18955
0.760066 1.20744
0.774643 1.11372
0.789506 1.26692
0.80464 1.17635
0.82003 0.887458
0.571659 0.655865
0.572042 0.695328
0.573191 0.638108
0.575101 0.587634
0.577765 0.605511
0.581171 0.782629
0.585308 0.722827
0.590159 0.683499
0.595707 0.661656
0.601934 0.752927
0.608817 0.471981
0.616336 0.60358
0.624467 0.832681
0.633187 0.7331
0.642471 0.691154
0.652296 0.883595
0.662637 0.717042
0.673471 0.834982
0.684774 0.876489
0.696524 0.907482
0.708698 1.10552
0.721275 0.890512
0.734234 0.864327
0.747555 1.04788
0.76122 1.26622
0.775209 1.20432
0.789506 1.21268
0.804095 1.10311
0.818959 1.49666
0.834085 1.3089
0.592384 0.520669
0.592755 0.583785
0.593864 0.757855
0.595707 0.800258
0.598279 0.770721
0.601569 0.92004
0.605566 0.759174
0.610257 0.870182
0.615624 0.690991
0.621651 0.477721
0.628319 0.624024
0.635607 0.591752
0.643494 0.680101
0.651959 0.639709
0.66098 0.783212
0.670534 0.869658
0.680598 0.736391
0.69115 0.732557
0.702169 1.0369
0.713633 1.09705
0.72552 1.26585
0.73781 1.0837
0.750483 1.52517
0.763521 0.954843
0.776905 1.22501
0.790617 1.13576
0.80464 1.55712
0.818959 1.23092
0.833559 1.15662
0.848424 1.12529
0.613125 0.532315
0.613483 0.708313
0.614554 0.734833
0.616336 0.621101
0.618822 0.768954
0.622004 0.616371
0.62587 0.614812
0.630409 0.706736
0.635607 0.711669
0.641446 0.82146
0.64791 0.864658
0.65498 0.665311
0.662637 0.676055
0.670861 0.735016
0.67963 0.787425
0.688925 0.847912
0.698725 0.792691
0.709008 1.27982
0.719753 0.774333
0.730941 0.830588
0.742551 1.00001
0.754564 1.22374
0.766961 0.874381
0.779723 1.04788
0.792833 1.19345
0.806274 1.15137
0.82003 0.772404
0.834085 1.11499
0.848424 1.38575
0.863033 1.39792
0.10472 45.1728
0.106794 14.0599
0.112787 14.0624
0.122123 6.12014
0.134107 3.4434
0.148096 1.11958
0.163577 2.81942
0.180167 4.33869
0.197585 1.1984
0.215631 6.05493
0.23416 0.590638
0.253067 1.18391
0.272271 0.438153
0.291715 0.554741
0.311354 1.29278
0.331153 0.376736
0.351085 0.532877
0.371128 0.390986
0.391265 0.672202
0.411483 0.442436
0.431771 0.536197
0.452118 0.672105
0.472517 0.429161
0.492962 0.530861
0.513447 0.625949
0.533968 0.753421
0.554521 0.883748
0.575101 0.549824
0.595707 0.623841
0.616336 0.780706
0.106794 30.1224
0.108828 3.47096
0.114715 12.6677
0.123906 2.85412
0.135732 0.777987
0.14957 9.08631
0.164913 1.06938
0.18138 4.05436
0.198692 5.1594
0.216646 2.88765
0.235095 2.49712
0.253932 0.423078
0.273076 0.890331
0.292466 1.03045
0.312058 0.439931
0.331815 0.357259
0.351709 0.468062
0.371718 0.374681
0.391825 0.311006
0.412016 0.41317
0.432278 0.336847
0.452603 0.401518
0.472981 0.676328
0.493407 0.685838
0.513874 0.743336
0.534379 0.735478
0.554916 0.668423
0.575482 0.650741
0.596075 0.637213
0.616692 0.694986
0.112787 7.70586
0.114715 4.28138
0.120314 3.57416
0.129107 2.42647
0.140496 1.21102
0.153906 2.18852
0.168856 1.51024
0.184972 1.00471
0.201976 3.26153
0.219662 0.84
0.237878 0.469497
0.25651 0.562998
0.275475 0.292689
0.294708 0.261599
0.314159 0.394383
0.333792 0.609188
0.353575 0.459963
0.373484 0.356075
0.393501 0.560126
0.41361 0.446882
0.433798 0.517059
0.454054 0.359547
0.47437 0.639977
0.494739 0.565511
0.515153 0.311336
0.535609 0.32543
0.5561 0.564583
0.576625 0.519039
0.597178 0.403993
0.617758 0.620297
0.122123 9.41768
0.123906 11.1664
0.129107 17.8147
0.137339 4.89257
0.148096 0.989794
0.160874 1.6731
0.17523 1.85952
0.190808 0.881828
0.207335 3.56343
0.224599 0.486865
0.242444 0.412445
0.26075 0.647639
0.279427 0.593147
0.298405 0.382896
0.317631 0.443718
0.337061 0.385254
0.356663 0.446729
0.376409 0.426195
0.396278 0.377828
0.416253 0.55423
0.436318 0.556339
0.456463 0.531747
0.476676 0.586013
0.49695 0.496231
0.517277 0.435366
0.537652 0.689768
0.558069 0.61701
0.578523 0.716409
0.599012 0.714764
0.61953 0.728458
0.134107 11.8726
0.135732 1.17086
0.140496 17.0669
0.148096 10.8459
0.158123 3.2597
0.170149 0.744518
0.183782 1.32266
0.198692 4.7784
0.214612 1.26051
0.231334 1.75087
0.248696 0.709246
0.266573 0.7548
0.284869 0.378198
0.303507 0.821724
0.322428 0.326934
0.341586 0.297049
0.360942 0.308232
0.380466 0.30438
0.400134 0.572763
0.419925 0.487446
0.439823 0.562851
0.459814 0.394249
0.479886 0.515304
0.50003 0.462102
0.520237 0.50927
0.5405 0.442279
0.560813 0.421003
0.581171 0.629664
0.601569 1.08435
0.622004 0.964578
0.148096 2.74246
0.14957 5.68305
0.153906 2.08895
0.160874 1.12925
0.170149 1.08676
0.18138 0.97561
0.194226 4.15944
0.20839 5.39726
0.22362 1.01197
0.239714 0.527189
0.25651 0.462528
0.273878 0.561816
0.291715 0.341368
0.309942 0.349583
0.328493 0.387755
0.347316 0.466094
0.36637 0.496387
0.385619 0.345184
0.405037 0.470048
0.4246 0.405102
0.444288 0.530584
0.464087 0.343612
0.483982 0.466262
0.503962 0.332137
0.524017 0.413585
0.54414 0.669497
0.564322 0.41702
0.584558 0.556822
0.604842 0.835256
0.625169 0.651862
0.163577 6.09513
0.164913 11.0418
0.168856 1.41547
0.17523 3.07731
0.183782 1.22334
0.194226 0.975643
0.206274 1.73655
0.219662 2.36058
0.23416 0.938549
0.249576 0.350838
0.265749 0.777336
0.282549 0.41169
0.299872 0.426337
0.317631 0.359425
0.335757 0.570015
0.354194 0.391434
0.372896 0.261967
0.391825 0.430466
0.41095 0.421888
0.430244 0.415697
0.449686 0.495347
0.469257 0.499791
0.488941 0.48038
0.508727 0.506298
0.528601 0.484084
0.548556 0.676914
0.568581 0.385912
0.58867 0.6466
0.608817 0.579932
0.629016 0.741519
0.180167 1.56829
0.18138 0.965559
0.184972 2.59402
0.190808 0.904474
0.198692 7.79852
0.20839 1.33984
0.219662 0.92897
0.23228 1.32191
0.246036 0.694933
0.26075 0.574733
0.27627 0.795203
0.292466 0.491486
0.309234 0.941567
0.326484 0.510644
0.344144 0.225559
0.362155 0.469879
0.380466 0.445126
0.399036 0.598076
0.417831 0.567785
0.436821 0.344143
0.455982 0.420101
0.475294 0.304197
0.494739 0.794146
0.514301 0.651213
0.533968 0.740988
0.553729 0.577414
0.573574 0.455445
0.593494 0.621023
0.613483 0.672611
0.633533 0.621621
0.197585 1.28636
0.198692 7.25265
0.201976 1.5069
0.207335 5.09646
0.214612 1.28714
0.22362 1.06103
0.23416 0.495469
0.246036 1.88216
0.259062 0.573656
0.273076 0.785268
0.287932 0.432888
0.303507 0.391609
0.319696 0.330651
0.33641 0.588348
0.353575 0.360548
0.371128 0.37475
0.389017 0.41743
0.407197 0.338017
0.425631 0.328882
0.444288 0.411368
0.463141 0.464855
0.482166 0.344982
0.501344 0.36038
0.520658 0.700036
0.540094 0.493578
0.559639 0.696564
0.579281 0.572021
0.599012 0.426853
0.618822 0.771356
0.638705 0.58133
0.215631 0.845109
0.216646 0.756989
0.219662 0.766792
0.224599 1.59829
0.231334 0.389177
0.239714 0.455166
0.249576 0.930851
0.26075 0.733281
0.273076 0.467722
0.286404 0.456809
0.300602 0.443579
0.315552 0.512747
0.331153 0.467132
0.347316 0.372967
0.363967 0.426193
0.381042 0.48095
0.398486 0.763149
0.416253 0.38105
0.434303 0.543454
0.452603 0.438762
0.471123 0.482886
0.489838 0.618628
0.508727 0.474262
0.527771 0.468619
0.546954 0.616525
0.566262 0.561796
0.585682 0.525873
0.605204 0.674971
0.624818 0.630541
0.644516 0.963767
0.23416 1.64579
0.235095 0.614244
0.237878 1.14438
0.242444 0.925646
0.248696 0.412788
0.25651 0.514741
0.265749 0.438246
0.27627 1.56497
0.287932 0.296969
0.300602 0.647417
0.314159 0.285037
0.328493 0.910027
0.343506 0.526965
0.359114 0.847314
0.375242 0.36973
0.391825 0.33873
0.40881 0.603697
0.426146 0.481808
0.443794 0.497762
0.461718 0.489275
0.479886 0.417184
0.498272 0.441069
0.516853 0.523734
0.535609 0.544002
0.554521 0.584226
0.573574 0.660773
0.592755 0.491437
0.612051 0.633073
0.631452 0.856364
0.650949 0.893873
0.253067 0.324292
0.253932 0.490017
0.25651 0.237456
0.26075 0.662706
0.266573 1.70809
0.273878 0.421674
0.282549 0.767873
0.292466 0.362633
0.303507 0.17067
0.315552 0.736315
0.328493 0.323192
0.342227 0.349574
0.356663 0.36462
0.371718 0.355816
0.387322 0.355137
0.403409 0.406343
0.419925 0.268986
0.436821 0.471045
0.454054 0.602169
0.471588 0.602097
0.48939 0.426423
0.507432 0.471863
0.525689 0.565908
0.54414 0.637498
0.562765 0.503531
0.581548 0.53107
0.600474 0.491281
0.61953 0.622885
0.638705 0.878748
0.657987 0.901144
0.272271 0.435202
0.273076 0.45951
0.275475 1.40086
0.279427 0.415628
0.284869 0.300759
0.291715 0.416316
0.299872 0.306672
0.309234 0.466022
0.319696 0.386679
0.331153 0.531452
0.343506 0.365885
0.356663 0.58652
0.370536 0.288682
0.38505 0.445582
0.400134 0.442335
0.415726 0.729895
0.431771 0.398802
0.44822 0.47909
0.465031 0.731002
0.482166 0.265803
0.499591 0.589456
0.517277 0.624913
0.535199 0.584244
0.553333 0.545704
0.571659 0.518054
0.590159 0.549637
0.608817 0.708045
0.62762 0.8401
0.646554 0.697188
0.665609 0.964973
0.291715 0.532832
0.292466 0.575812
0.294708 0.353254
0.298405 0.342771
0.303507 0.693637
0.309942 1.03024
0.317631 0.457752
0.326484 0.840723
0.33641 0.481284
0.347316 0.446858
0.359114 0.356872
0.371718 0.464321
0.38505 0.584897
0.399036 0.315302
0.41361 0.478198
0.428712 0.450542
0.444288 0.438518
0.460291 0.444565
0.476676 0.410057
0.493407 0.695795
0.510448 0.422878
0.527771 0.435552
0.545348 0.409303
0.563155 0.548666
0.581171 0.68379
0.599378 0.700319
0.617758 0.792387
0.636296 0.664081
0.65498 0.970918
0.673797 0.848956
0.311354 0.341767
0.312058 0.47085
0.314159 0.469369
0.317631 0.502979
0.322428 0.858355
0.328493 0.328215
0.335757 0.590926
0.344144 0.627395
0.353575 0.489273
0.363967 0.296163
0.375242 0.407513
0.387322 0.556138
0.400134 0.597373
0.41361 0.411008
0.427688 0.438312
0.442309 0.320591
0.457423 0.37376
0.472981 0.374949
0.488941 0.862176
0.505266 0.565811
0.521921 0.479887
0.538874 0.816414
0.5561 0.492749
0.573574 0.636301
0.591273 0.490928
0.609177 0.674498
0.62727 0.740041
0.645536 0.63579
0.66396 0.815929
0.682529 0.959321
0.331153 0.272532
0.331815 0.324255
0.333792 0.475627
0.337061 0.482512
0.341586 0.376154
0.347316 0.422624
0.354194 0.532854
0.362155 0.292662
0.371128 0.669663
0.381042 0.298514
0.391825 0.348169
0.403409 0.394077
0.415726 0.446225
0.428712 0.531243
0.442309 0.318362
0.456463 0.368547
0.471123 0.573881
0.486243 0.886602
0.501781 0.5797
0.517701 0.289202
0.533968 0.744846
0.550551 0.568803
0.567423 0.514935
0.584558 0.506858
0.601934 0.665835
0.61953 0.589919
0.63733 0.783293
0.655315 0.677039
0.673471 0.997042
0.691785 0.711534
0.351085 0.446097
0.351709 0.440072
0.353575 0.409312
0.356663 0.41993
0.360942 0.477625
0.36637 0.450739
0.372896 0.306525
0.380466 0.34267
0.389017 0.303744
0.398486 0.564486
0.40881 0.399322
0.419925 0.651058
0.431771 0.553665
0.444288 0.503024
0.457423 0.583142
0.471123 0.591211
0.48534 0.49169
0.50003 0.614313
0.515153 0.386342
0.530672 0.52349
0.546553 0.623473
0.562765 0.40317
0.579281 0.60139
0.596075 0.713042
0.613125 1.13017
0.630409 0.757534
0.64791 0.702959
0.665609 1.0368
0.683492 0.720075
0.701544 0.746633
0.371128 0.256263
0.371718 0.443378
0.373484 0.310832
0.376409 0.335994
0.380466 0.474857
0.385619 0.40121
0.391825 0.665932
0.399036 0.355139
0.407197 0.537663
0.416253 0.403246
0.426146 0.456539
0.436821 0.474717
0.44822 0.639039
0.460291 0.344878
0.472981 0.424057
0.486243 0.515692
0.50003 0.411988
0.514301 0.428258
0.529016 0.328977
0.54414 0.601626
0.559639 0.943819
0.575482 0.458833
0.591643 0.700104
0.608096 0.76075
0.624818 0.594844
0.641788 0.799495
0.658986 0.892722
0.676396 1.06518
0.694001 0.630549
0.711786 0.797227
0.391265 0.302051
0.391825 0.338148
0.393501 0.449338
0.396278 0.318558
0.400134 0.314931
0.405037 0.556477
0.41095 0.309434
0.417831 0.426655
0.425631 0.636656
0.434303 0.531669
0.443794 0.47483
0.454054 0.500578
0.465031 0.487135
0.476676 0.361965
0.488941 0.710189
0.501781 0.377222
0.515153 0.382656
0.529016 0.344341
0.543333 0.464361
0.558069 0.682588
0.573191 0.491767
0.58867 0.67386
0.604479 0.65444
0.620592 0.72779
0.636985 0.692111
0.653639 0.984087
0.670534 0.830328
0.687651 0.747077
0.704975 0.824719
0.72249 0.853878
0.411483 0.360612
0.412016 0.476528
0.41361 0.483797
0.416253 0.468728
0.419925 0.649759
0.4246 0.834113
0.430244 0.374896
0.436821 0.457202
0.444288 0.735605
0.452603 0.486165
0.461718 0.365605
0.471588 0.480828
0.482166 0.466438
0.493407 0.549924
0.505266 0.57522
0.517701 0.879445
0.530672 0.544711
0.54414 0.499113
0.558069 0.562612
0.572425 0.593949
0.587178 0.48547
0.602298 0.721001
0.617758 0.431491
0.633533 0.717202
0.6496 0.697607
0.665939 0.864504
0.682529 0.804609
0.699352 0.899788
0.716393 0.701565
0.733636 0.755633
0.431771 0.643532
0.432278 0.917467
0.433798 0.361445
0.436318 0.522713
0.439823 0.384972
0.444288 0.427986
0.449686 0.426258
0.455982 0.625034
0.463141 0.403604
0.471123 0.447697
0.479886 0.514953
0.48939 0.396378
0.499591 0.632607
0.510448 0.441222
0.521921 0.72375
0.533968 0.586187
0.546553 0.429188
0.559639 0.851333
0.573191 0.638504
0.587178 0.566804
0.601569 0.518054
0.616336 0.656423
0.631452 0.708671
0.646894 0.509857
0.662637 0.593694
0.678662 0.714368
0.694948 0.585271
0.711478 0.864071
0.728235 0.98945
0.745204 0.877929
0.452118 0.436757
0.452603 0.568741
0.454054 0.500258
0.456463 0.406732
0.459814 0.636076
0.464087 0.3661
0.469257 0.512232
0.475294 0.655041
0.482166 0.48877
0.489838 0.498712
0.498272 0.664055
0.507432 0.503254
0.517277 0.637157
0.527771 0.506092
0.538874 0.517813
0.550551 0.674849
0.562765 0.453899
0.575482 0.612325
0.58867 0.633264
0.602298 0.640741
0.616336 0.735012
0.630757 0.645988
0.645536 0.626163
0.660648 0.557152
0.676071 0.762344
0.691785 0.883584
0.707769 0.885647
0.724007 0.88039
0.74048 0.867949
0.757175 1.02935
0.472517 0.526579
0.472981 0.485473
0.47437 0.632734
0.476676 0.4919
0.479886 0.461815
0.483982 0.488741
0.488941 0.424604
0.494739 0.331724
0.501344 0.394986
0.508727 0.383307
0.516853 0.659294
0.525689 0.445908
0.535199 0.567983
0.545348 0.520398
0.5561 0.548842
0.567423 0.662488
0.579281 0.551568
0.591643 0.778326
0.604479 0.715144
0.617758 0.575322
0.631452 0.588098
0.645536 0.586077
0.659984 0.898826
0.674772 0.916824
0.68988 0.894638
0.705286 0.802381
0.720971 1.13662
0.736918 0.920148
0.753109 1.11911
0.76953 1.10801
0.492962 0.591309
0.493407 0.384322
0.494739 0.526616
0.49695 0.633632
0.50003 0.570092
0.503962 0.343801
0.508727 0.511315
0.514301 0.756552
0.520658 0.509553
0.527771 0.477439
0.535609 0.350592
0.54414 0.518668
0.553333 0.454567
0.563155 0.739318
0.573574 0.435089
0.584558 0.517719
0.596075 0.592939
0.608096 0.729854
0.620592 0.797064
0.633533 0.903496
0.646894 1.07135
0.660648 0.740248
0.674772 0.486242
0.689244 0.944458
0.704041 1.11236
0.719143 0.720604
0.734533 1.1529
0.750191 1.2393
0.766102 1.24245
0.78225 1.38927
0.513447 0.350918
0.513874 0.49191
0.515153 0.578782
0.517277 0.588795
0.520237 0.478583
0.524017 0.573932
0.528601 0.496591
0.533968 0.462086
0.540094 0.450829
0.546954 0.425833
0.554521 0.77657
0.562765 0.545809
0.571659 0.531323
0.581171 0.503913
0.591273 0.829847
0.601934 0.633123
0.613125 0.799472
0.624818 0.685315
0.636985 0.955972
0.6496 0.589225
0.662637 0.90845
0.676071 0.990733
0.68988 0.775421
0.704041 0.921601
0.718533 0.822117
0.733337 1.01478
0.748435 0.68876
0.763808 1.23859
0.779441 1.11326
0.795319 1.12798
0.533968 0.86045
0.534379 0.456449
0.535609 0.666287
0.537652 0.49086
0.5405 0.53746
0.54414 0.515697
0.548556 0.925008
0.553729 0.556103
0.559639 0.525945
0.566262 0.590713
0.573574 0.443965
0.581548 0.629977
0.590159 0.467755
0.599378 0.664424
0.609177 0.634872
0.61953 0.684323
0.630409 0.600781
0.641788 0.69156
0.653639 0.633172
0.665939 0.592909
0.678662 0.66087
0.691785 0.848128
0.705286 0.859696
0.719143 0.888616
0.733337 0.897046
0.747849 1.04125
0.762659 0.809201
0.777751 0.825848
0.79311 0.935864
0.808719 1.37088
0.554521 0.504074
0.554916 0.743279
0.5561 0.552752
0.558069 0.454448
0.560813 0.537585
0.564322 0.551413
0.568581 0.448129
0.573574 0.49132
0.579281 0.634407
0.585682 0.531007
0.592755 0.673244
0.600474 0.693408
0.608817 0.508235
0.617758 0.629782
0.62727 0.609508
0.63733 0.530962
0.64791 0.560249
0.658986 0.836207
0.670534 1.05891
0.682529 0.841173
0.694948 0.68722
0.707769 0.670906
0.720971 0.73732
0.734533 0.661839
0.748435 0.922367
0.762659 1.3871
0.777187 0.820025
0.792003 1.14032
0.80709 1.04819
0.822434 1.42583
0.575101 0.571502
0.575482 0.482723
0.576625 0.622833
0.578523 0.474164
0.581171 0.709076
0.584558 0.604652
0.58867 0.46647
0.593494 0.590901
0.599012 0.673309
0.605204 0.769783
0.612051 0.507785
0.61953 0.590905
0.62762 0.611061
0.636296 0.482656
0.645536 0.554837
0.655315 0.970901
0.665609 0.71639
0.676396 0.745893
0.687651 0.753575
0.699352 0.755565
0.711478 0.765319
0.724007 1.02257
0.736918 0.992326
0.750191 1.04832
0.763808 1.18398
0.777751 1.18463
0.792003 1.02028
0.806546 1.36552
0.821366 1.52917
0.836448 1.88049
0.595707 0.567138
0.596075 0.67384
0.597178 0.512645
0.599012 0.628894
0.601569 0.541047
0.604842 0.803002
0.608817 0.63804
0.613483 0.483208
0.618822 0.620184
0.624818 0.545535
0.631452 0.704269
0.638705 0.70281
0.646554 0.774442
0.65498 0.683451
0.66396 0.837047
0.673471 0.644977
0.683492 0.935861
0.694001 1.12898
0.704975 0.652975
0.716393 0.825707
0.728235 0.76564
0.74048 1.04394
0.753109 1.06136
0.766102 0.832043
0.779441 1.12451
0.79311 1.18917
0.80709 1.04646
0.821366 1.57899
0.835923 1.02834
0.850747 1.06691
0.616336 0.656087
0.616692 0.428117
0.617758 0.732973
0.61953 0.939176
0.622004 0.606968
0.625169 0.479801
0.629016 0.620394
0.633533 0.622741
0.638705 0.777954
0.644516 0.755497
0.650949 0.643755
0.657987 0.733409
0.665609 0.551781
0.673797 0.866366
0.682529 0.787025
0.691785 0.690723
0.701544 0.843649
0.711786 1.12452
0.72249 0.887818
0.733636 0.845778
0.745204 0.887621
0.757175 1.21686
0.76953 1.1304
0.78225 1.2015
0.795319 1.05146
0.808719 1.2183
0.822434 1.28781
0.836448 1.07442
0.850747 1.44146
0.865317 1.4193
0.125664 0.932082
0.127397 2.95481
0.132461 1.87693
0.140496 1.76026
0.151029 0.648788
0.163577 0.688381
0.177715 2.41284
0.193094 1.07473
0.20944 1.84062
0.226543 0.494854
0.244246 0.825874
0.262427 0.537227
0.280993 0.923638
0.299872 0.40395
0.319009 0.445249
0.33836 0.547997
0.35789 0.528282
0.377572 0.305486
0.397384 0.271788
0.417305 0.515044
0.437323 0.532044
0.457423 0.426743
0.477596 0.407185
0.497832 0.413418
0.518125 0.370747
0.538467 0.316509
0.558854 0.392036
0.579281 0.799918
0.599743 0.631038
0.620238 0.721355
0.127397 2.39875
0.129107 3.70328
0.134107 6.75612
0.142049 2.15843
0.152474 1.42064
0.164913 0.998796
0.178945 5.811
0.194226 1.85112
0.210484 0.676049
0.22751 1.82084
0.245143 0.894776
0.263261 0.608316
0.281772 0.395059
0.300602 0.25921
0.319696 0.55299
0.339007 0.566319
0.358503 0.463117
0.378153 0.315705
0.397935 0.641697
0.417831 0.693584
0.437824 0.332838
0.457902 0.246034
0.478055 0.535277
0.498272 0.539004
0.518548 0.470551
0.538874 0.422061
0.559247 0.762096
0.57966 0.481878
0.600109 0.492308
0.620592 0.545845
0.132461 5.95141
0.134107 6.65453
0.138926 0.995276
0.146608 12.0403
0.15673 3.70683
0.168856 2.19966
0.182585 4.63102
0.197585 1.80808
0.213587 2.58587
0.230383 0.726231
0.247812 0.388121
0.265749 0.468351
0.284098 0.570612
0.302783 0.717727
0.321747 0.335652
0.340943 0.406482
0.360333 0.284427
0.379889 0.425523
0.399585 0.312924
0.419402 0.39497
0.439324 0.54289
0.459337 0.468252
0.479429 0.690932
0.499591 0.71394
0.519815 0.848976
0.540094 0.624466
0.560422 0.563059
0.580794 0.677369
0.601204 0.626902
0.621651 0.768236
0.140496 0.534317
0.142049 3.01974
0.146608 1.21301
0.153906 3.89232
0.163577 2.28924
0.17523 0.441134
0.188496 0.567631
0.203059 1.32688
0.218661 2.22698
0.235095 1.48027
0.252199 0.869289
0.269844 1.4822
0.287932 0.392386
0.306384 0.924163
0.325138 1.05436
0.344144 0.53849
0.363364 0.261587
0.382765 0.491807
0.40232 0.448452
0.422009 0.38803
0.441813 0.49355
0.461718 0.42449
0.481711 0.491728
0.501781 0.7233
0.521921 0.694332
0.542121 0.475577
0.562375 0.663992
0.582679 0.616754
0.603026 0.755237
0.623412 0.567058
0.151029 2.07682
0.152474 8.91665
0.15673 1.26361
0.163577 3.17449
0.172708 3.43578
0.183782 2.03664
0.196472 2.3893
0.210484 0.744327
0.225573 2.05969
0.241537 1.46249
0.258214 0.72
0.275475 0.582671
0.293215 0.479705
0.311354 0.396546
0.329826 0.59801
0.348577 0.495195
0.367565 0.742752
0.386755 0.412728
0.406118 0.703558
0.425631 0.347048
0.445275 0.416639
0.465031 0.401762
0.484888 0.61424
0.504832 0.659212
0.524854 0.477294
0.544945 0.832737
0.565099 0.647394
0.585308 0.656295
0.605566 0.777617
0.62587 0.54702
0.163577 2.63064
0.164913 0.822535
0.168856 2.94179
0.17523 2.38236
0.183782 2.18859
0.194226 1.92722
0.206274 1.08513
0.219662 1.24444
0.23416 1.03935
0.249576 0.70435
0.265749 0.867569
0.282549 0.392418
0.299872 0.506202
0.317631 0.569699
0.335757 0.397918
0.354194 0.390443
0.372896 0.486755
0.391825 0.546883
0.41095 0.409186
0.430244 0.490654
0.449686 0.307821
0.469257 0.371908
0.488941 0.631171
0.508727 0.482705
0.528601 0.630518
0.548556 0.502613
0.568581 0.443868
0.58867 0.860893
0.608817 0.696658
0.629016 0.843214
0.177715 2.86266
0.178945 7.07219
0.182585 3.21323
0.188496 1.44738
0.196472 1.99023
0.206274 1.51141
0.217656 2.89174
0.230383 1.08663
0.244246 1.05852
0.259062 0.758187
0.274677 1.0519
0.290963 0.361511
0.307812 0.518293
0.325138 0.485399
0.342867 0.424801
0.360942 0.464796
0.379311 0.475446
0.397935 0.361491
0.416779 0.380656
0.435815 0.507484
0.455019 0.405185
0.47437 0.330947
0.493851 0.621295
0.513447 0.643266
0.533146 0.61387
0.552936 0.710979
0.572808 0.481022
0.592755 0.866568
0.612767 0.940763
0.63284 0.672272
0.193094 3.38355
0.194226 3.76514
0.197585 4.13404
0.203059 4.47207
0.210484 0.719925
0.219662 0.644664
0.230383 2.63736
0.242444 1.66043
0.255654 0.41731
0.269844 0.380748
0.284869 0.64397
0.300602 0.49624
0.316939 0.315324
0.333792 0.504548
0.351085 0.684918
0.368756 0.567921
0.386755 0.369517
0.405037 0.387737
0.423565 0.592045
0.442309 0.455095
0.461243 0.557401
0.480343 0.686388
0.499591 0.65111
0.518971 0.49473
0.538467 0.527791
0.558069 0.430334
0.577765 0.682709
0.597545 0.52603
0.617403 0.750913
0.63733 0.659193
0.20944 3.36968
0.210484 1.48396
0.213587 0.382618
0.218661 1.63413
0.225573 2.5604
0.23416 0.692887
0.244246 0.422859
0.255654 0.647352
0.268213 1.40858
0.281772 0.426019
0.296192 0.542321
0.311354 0.328508
0.327155 0.310822
0.343506 0.648849
0.360333 0.522722
0.377572 0.390889
0.39517 0.520874
0.413079 0.546424
0.431262 0.350001
0.449686 0.721089
0.468321 0.439595
0.487144 0.313387
0.506133 0.587744
0.525272 0.377739
0.544543 0.598312
0.563933 0.583799
0.583431 0.664956
0.603026 0.500795
0.622708 0.718896
0.642471 0.803989
0.226543 0.829903
0.22751 0.532699
0.230383 0.833508
0.235095 0.667547
0.241537 0.935618
0.249576 0.873519
0.259062 0.808139
0.269844 0.475799
0.281772 0.337262
0.294708 0.42221
0.308524 0.883729
0.323108 0.609171
0.33836 0.414178
0.354194 0.498806
0.370536 0.367367
0.387322 0.323905
0.404495 0.359829
0.422009 0.330653
0.439823 0.511732
0.457902 0.391363
0.476216 0.410293
0.494739 0.556356
0.513447 0.615214
0.532323 0.696987
0.551347 0.457481
0.570506 0.486856
0.589787 0.701257
0.609177 0.684067
0.628667 0.714788
0.648248 0.567747
0.244246 0.383343
0.245143 2.28218
0.247812 0.799842
0.252199 0.390712
0.258214 1.63679
0.265749 0.834522
0.274677 0.469395
0.284869 0.579694
0.296192 0.384381
0.308524 0.468757
0.321747 0.62188
0.335757 0.556204
0.350459 1.36071
0.36577 0.289242
0.381617 0.49001
0.397935 0.541479
0.414669 0.526932
0.431771 0.442918
0.449198 0.627505
0.466914 0.545843
0.484888 0.479773
0.503091 0.387006
0.5215 0.484617
0.540094 0.597894
0.558854 0.503735
0.577765 0.616253
0.596811 0.765586
0.61598 1.00434
0.635261 0.871713
0.654645 0.792734
0.262427 0.98804
0.263261 0.740182
0.265749 1.01778
0.269844 0.813891
0.275475 1.18014
0.282549 0.482873
0.290963 0.586175
0.300602 0.389417
0.311354 0.31674
0.323108 0.40441
0.335757 0.313495
0.349205 0.317587
0.363364 0.566769
0.378153 0.415369
0.393501 0.438217
0.409346 0.383851
0.425631 0.492012
0.442309 0.533061
0.459337 0.502261
0.476676 0.512501
0.494295 0.789841
0.512164 0.504129
0.530258 0.516846
0.548556 0.598101
0.567036 0.694264
0.585682 0.654508
0.604479 0.712607
0.623412 0.646637
0.642471 0.732616
0.661643 1.04196
0.280993 0.993746
0.281772 0.552768
0.284098 0.537984
0.287932 0.465439
0.293215 0.847193
0.299872 0.39645
0.307812 0.255551
0.316939 0.467747
0.327155 1.13896
0.33836 0.576269
0.350459 0.543146
0.363364 0.397598
0.376991 0.544193
0.391265 0.765978
0.406118 0.514185
0.421489 0.486119
0.437323 0.377028
0.453571 0.457041
0.470191 0.455611
0.487144 0.480295
0.504397 0.446071
0.521921 0.382652
0.539688 0.497915
0.557676 0.650814
0.575863 0.65257
0.594233 0.747562
0.612767 0.847601
0.631452 0.855122
0.650275 0.770806
0.669224 0.759011
0.299872 0.42312
0.300602 0.423193
0.302783 0.409852
0.306384 0.399793
0.311354 0.405332
0.317631 0.291943
0.325138 0.541815
0.333792 0.626139
0.343506 0.274578
0.354194 0.433017
0.36577 0.418673
0.378153 0.529184
0.391265 1.02275
0.405037 0.400178
0.419402 0.471793
0.434303 0.765385
0.449686 0.450127
0.465503 0.661572
0.481711 0.752896
0.498272 0.339616
0.515153 0.537738
0.532323 0.656137
0.549754 0.599209
0.567423 0.904113
0.585308 0.417451
0.603389 0.547532
0.621651 0.646139
0.640077 0.841726
0.658653 0.607672
0.677368 0.836198
0.319009 0.498926
0.319696 0.536763
0.321747 0.34609
0.325138 0.420658
0.329826 0.418236
0.335757 0.437441
0.342867 0.47089
0.351085 0.648614
0.360333 0.353993
0.370536 0.48189
0.381617 0.453884
0.393501 0.552173
0.406118 0.403364
0.419402 0.657031
0.433292 0.382245
0.447731 0.327737
0.462667 0.555939
0.478055 0.472003
0.493851 0.477414
0.510019 0.439357
0.526523 0.51192
0.543333 0.485035
0.560422 0.553488
0.577765 0.610505
0.595339 0.717181
0.613125 0.606822
0.631105 0.453473
0.649262 0.87156
0.667583 0.840701
0.686054 0.788154
0.33836 0.414434
0.339007 0.38991
0.340943 0.338811
0.344144 0.273931
0.348577 0.973898
0.354194 0.536792
0.360942 0.55464
0.368756 0.525591
0.377572 0.257433
0.387322 0.575208
0.397935 0.540958
0.409346 0.420263
0.421489 0.367698
0.434303 0.490348
0.447731 0.360447
0.461718 0.37337
0.476216 0.690597
0.491179 0.357642
0.506567 0.447826
0.522341 0.542348
0.538467 0.477427
0.554916 0.542064
0.571659 0.504015
0.58867 0.482623
0.605928 0.565609
0.623412 0.572522
0.641104 0.755288
0.658986 0.755082
0.677044 0.799729
0.695263 0.914984
0.35789 0.421314
0.358503 0.235573
0.360333 0.241693
0.363364 0.403861
0.367565 0.314674
0.372896 0.578552
0.379311 0.481118
0.386755 0.545246
0.39517 0.326353
0.404495 0.260862
0.414669 0.309878
0.425631 0.472518
0.437323 0.338268
0.449686 0.549956
0.462667 0.3542
0.476216 0.249449
0.490285 0.555855
0.504832 0.6354
0.519815 0.606571
0.535199 0.678332
0.550949 0.583408
0.567036 0.613544
0.583431 0.57793
0.600109 0.547166
0.617047 0.634253
0.634225 0.72492
0.651623 0.632717
0.669224 0.743711
0.687013 0.688626
0.704975 0.772072
0.377572 0.721757
0.378153 0.33064
0.379889 0.494142
0.382765 0.434936
0.386755 0.364068
0.391825 0.471924
0.397935 0.644824
0.405037 0.707259
0.413079 0.374823
0.422009 0.536303
0.431771 0.739203
0.442309 0.505297
0.453571 0.417756
0.465503 0.43649
0.478055 0.503204
0.491179 0.407529
0.504832 0.535336
0.518971 0.695312
0.533557 0.715189
0.548556 0.595952
0.563933 0.643012
0.57966 0.501111
0.595707 0.445008
0.612051 0.559217
0.628667 0.751908
0.645536 0.639046
0.662637 0.733312
0.679953 0.780905
0.697468 0.799238
0.715168 0.639485
0.397384 0.538815
0.397935 0.346252
0.399585 0.251534
0.40232 0.430417
0.406118 0.429471
0.41095 0.589091
0.416779 0.612407
0.423565 0.426891
0.431262 0.35946
0.439823 0.618934
0.449198 0.765954
0.459337 0.439718
0.470191 0.455557
0.481711 0.364434
0.493851 0.70198
0.506567 0.375675
0.519815 0.570173
0.533557 0.634628
0.547755 0.657575
0.562375 0.702776
0.577385 0.726014
0.592755 0.97482
0.608457 0.522241
0.624467 0.636205
0.640762 0.87726
0.65732 0.417202
0.674122 0.786675
0.69115 1.13445
0.708389 0.701857
0.725822 0.873157
0.417305 0.383199
0.417831 0.398545
0.419402 0.443258
0.422009 0.458686
0.425631 0.497165
0.430244 0.431197
0.435815 0.497773
0.442309 0.412409
0.449686 0.547112
0.457902 0.482399
0.466914 0.516254
0.476676 0.521646
0.487144 0.586519
0.498272 0.59052
0.510019 0.612933
0.522341 0.749319
0.535199 0.530211
0.548556 0.378405
0.562375 0.499724
0.576625 0.573864
0.591273 0.590594
0.60629 0.462516
0.621651 0.863406
0.63733 0.711441
0.653304 0.938434
0.669552 0.721291
0.686054 1.04658
0.702794 0.783578
0.719753 1.33551
0.736918 0.797143
0.437323 0.473345
0.437824 0.397245
0.439324 0.499669
0.441813 0.560743
0.445275 0.30914
0.449686 0.578048
0.455019 0.580708
0.461243 0.504057
0.468321 0.470813
0.476216 0.873234
0.484888 0.526088
0.494295 0.637741
0.504397 0.416784
0.515153 0.509018
0.526523 0.631371
0.538467 0.444449
0.550949 0.774974
0.563933 0.681463
0.577385 0.694217
0.591273 0.874903
0.605566 0.630713
0.620238 0.6657
0.635261 0.678047
0.650612 0.859494
0.666268 0.943086
0.682207 0.795142
0.698411 0.922449
0.714861 1.26851
0.731541 1.4011
0.748435 1.11103
0.457423 0.580746
0.457902 0.490373
0.459337 0.564931
0.461718 0.477369
0.465031 0.325974
0.469257 0.431713
0.47437 0.686965
0.480343 0.342144
0.487144 0.425065
0.494739 0.356818
0.503091 0.409716
0.512164 0.404182
0.521921 0.475675
0.532323 0.457679
0.543333 0.532174
0.554916 0.723221
0.567036 0.581923
0.57966 0.597469
0.592755 0.668932
0.60629 0.741104
0.620238 0.528836
0.634571 0.873255
0.649262 0.967354
0.66429 0.846569
0.67963 0.897157
0.695263 1.00327
0.71117 0.787783
0.727331 0.911128
0.743731 1.08271
0.760355 1.13685
0.477596 0.42882
0.478055 0.323792
0.479429 0.814467
0.481711 0.662351
0.484888 0.486649
0.488941 0.355017
0.493851 0.397217
0.499591 0.352737
0.506133 0.462145
0.513447 0.327522
0.5215 0.664549
0.530258 0.452316
0.539688 0.405537
0.549754 0.638844
0.560422 0.543395
0.571659 0.374552
0.583431 0.578797
0.595707 0.618923
0.608457 0.55754
0.621651 0.526826
0.635261 0.556958
0.649262 0.663297
0.663629 1.22621
0.678338 0.84376
0.693368 0.798616
0.708698 0.722457
0.72431 0.636309
0.740184 1.2467
0.756306 1.19777
0.772659 1.1427
0.497832 0.423963
0.498272 0.46477
0.499591 0.596206
0.501781 0.730809
0.504832 0.474952
0.508727 0.41125
0.513447 0.522079
0.518971 0.561915
0.525272 0.476216
0.532323 0.428699
0.540094 0.566288
0.548556 0.565027
0.557676 0.723563
0.567423 0.664679
0.577765 0.795443
0.58867 0.51706
0.600109 0.646056
0.612051 0.602409
0.624467 0.675652
0.63733 0.64845
0.650612 0.573481
0.66429 0.597621
0.678338 0.878787
0.692735 0.593419
0.707459 0.795823
0.72249 0.835778
0.73781 1.23715
0.7534 0.901807
0.769245 1.4967
0.785328 1.28978
0.518125 0.317898
0.518548 0.633316
0.519815 0.567685
0.521921 0.478728
0.524854 0.603174
0.528601 0.696986
0.533146 0.398674
0.538467 0.60904
0.544543 0.637863
0.551347 0.494059
0.558854 0.51425
0.567036 0.710764
0.575863 0.74483
0.585308 0.559987
0.595339 0.6943
0.605928 0.646059
0.617047 0.37791
0.628667 0.584819
0.640762 1.06834
0.653304 0.494863
0.666268 0.678876
0.67963 0.684016
0.693368 0.791008
0.707459 1.03849
0.721883 0.95465
0.73662 0.947682
0.751652 1.02382
0.766961 0.866984
0.782531 1.12913
0.798346 0.884641
0.538467 0.628408
0.538874 0.602189
0.540094 0.541577
0.542121 0.891303
0.544945 0.646318
0.548556 0.605528
0.552936 0.605337
0.558069 0.614957
0.563933 0.54449
0.570506 0.488931
0.577765 0.590141
0.585682 0.405688
0.594233 0.705599
0.603389 0.867439
0.613125 0.781081
0.623412 0.485611
0.634225 0.64468
0.645536 0.601088
0.65732 0.706735
0.669552 0.613876
0.682207 0.96311
0.695263 0.637998
0.708698 1.03773
0.72249 1.31055
0.73662 1.09185
0.751068 0.98865
0.765816 0.907842
0.780847 0.848423
0.796146 1.26513
0.811696 1.09771
0.558854 0.535266
0.559247 0.527243
0.560422 0.755009
0.562375 0.494951
0.565099 0.445103
0.568581 0.564557
0.572808 0.601521
0.577765 0.504413
0.583431 1.01159
0.589787 0.479219
0.596811 0.633685
0.604479 0.477397
0.612767 0.598284
0.621651 0.588278
0.631105 0.834511
0.641104 0.648313
0.651623 0.681101
0.662637 0.683093
0.674122 1.11926
0.686054 0.895419
0.698411 0.798752
0.71117 0.671114
0.72431 0.967192
0.73781 1.22636
0.751652 0.693453
0.765816 1.2976
0.780285 0.949664
0.795043 0.950658
0.810073 0.984577
0.825362 1.30857
0.579281 0.92298
0.57966 0.821123
0.580794 0.711922
0.582679 0.597685
0.585308 0.63592
0.58867 0.816317
0.592755 0.607977
0.597545 0.638966
0.603026 0.667464
0.609177 0.536059
0.61598 0.686238
0.623412 0.745336
0.631452 0.737533
0.640077 0.501261
0.649262 0.734487
0.658986 1.06563
0.669224 0.828049
0.679953 0.834866
0.69115 0.710359
0.702794 0.784839
0.714861 0.815484
0.727331 1.27118
0.740184 1.14875
0.7534 1.44258
0.766961 0.951599
0.780847 1.10786
0.795043 1.14148
0.809532 1.04787
0.824298 1.10234
0.839327 1.09752
0.599743 0.882972
0.600109 0.578448
0.601204 0.655792
0.603026 0.697363
0.605566 0.711943
0.608817 0.723298
0.612767 0.488376
0.617403 0.543249
0.622708 0.849412
0.628667 0.992069
0.635261 0.823718
0.642471 0.606855
0.650275 0.715492
0.658653 0.587158
0.667583 0.776416
0.677044 0.786035
0.687013 0.605994
0.697468 0.972952
0.708389 1.12384
0.719753 0.916845
0.731541 1.12621
0.743731 0.911163
0.756306 1.14668
0.769245 0.873411
0.782531 1.12146
0.796146 1.5462
0.810073 1.23461
0.824298 1.186
0.838805 1.38042
0.853578 1.73713
0.620238 0.529012
0.620592 0.762264
0.621651 0.718539
0.623412 0.686046
0.62587 0.559529
0.629016 0.580865
0.63284 0.596507
0.63733 0.774076
0.642471 0.757706
0.648248 0.588416
0.654645 0.724603
0.661643 0.654223
0.669224 0.621978
0.677368 0.795808
0.686054 0.680972
0.695263 0.656491
0.704975 0.795018
0.715168 1.12537
0.725822 1.26589
0.736918 1.39152
0.748435 0.874318
0.760355 1.23734
0.772659 1.49646
0.785328 0.960593
0.798346 1.39642
0.811696 0.941914
0.825362 1.43807
0.839327 1.55617
0.853578 1.07402
0.868101 0.897569
0.146608 6.75736
0.148096 5.1369
0.152474 2.87117
0.159504 6.2631
0.168856 4.41707
0.180167 6.96587
0.193094 1.39224
0.207335 2.18984
0.222637 0.283027
0.238798 1.38292
0.255654 2.01338
0.273076 0.849255
0.290963 0.435416
0.309234 0.492658
0.327825 0.390537
0.346684 0.287434
0.36577 0.337747
0.38505 0.584811
0.404495 0.376222
0.424083 0.731597
0.443794 0.550972
0.463614 0.428679
0.483529 0.491681
0.503527 0.592029
0.523599 0.662778
0.543737 0.392052
0.563933 0.754
0.584182 0.650627
0.604479 0.699365
0.624818 0.928499
0.148096 6.75978
0.14957 0.910522
0.153906 0.510248
0.160874 3.23554
0.170149 8.72193
0.18138 3.45269
0.194226 2.69293
0.20839 0.696648
0.22362 0.869244
0.239714 0.536312
0.25651 0.488143
0.273878 0.414912
0.291715 0.967645
0.309942 0.602521
0.328493 0.752524
0.347316 0.352617
0.36637 0.577678
0.385619 0.297922
0.405037 0.77788
0.4246 0.455532
0.444288 0.354886
0.464087 0.30065
0.483982 0.443044
0.503962 0.628906
0.524017 0.613379
0.54414 0.609133
0.564322 0.96833
0.584558 0.525245
0.604842 0.511066
0.625169 0.627117
0.152474 6.15668
0.153906 2.14831
0.158123 0.984334
0.164913 1.14791
0.173974 1.2552
0.184972 12.6946
0.197585 3.33685
0.211524 0.805738
0.226543 2.12953
0.242444 0.743358
0.259062 0.68419
0.27627 0.532279
0.293962 0.56109
0.312058 0.295553
0.33049 0.456202
0.349205 0.345711
0.368161 0.464948
0.387322 0.637788
0.406658 0.402413
0.426146 0.609046
0.445767 0.497307
0.465503 0.291886
0.48534 0.634529
0.505266 0.531583
0.525272 0.487522
0.545348 0.602336
0.565487 0.641339
0.585682 0.575936
0.605928 0.722698
0.626221 0.612575
0.159504 4.90919
0.160874 1.43668
0.164913 1.36774
0.171434 1.00311
0.180167 1.59989
0.190808 4.72654
0.203059 3.00515
0.216646 0.725107
0.231334 0.555724
0.246926 0.660964
0.263261 1.20987
0.280211 1.44604
0.297669 0.507903
0.315552 0.499539
0.333792 0.447625
0.352332 0.383758
0.371128 0.364653
0.390143 0.549578
0.409346 0.428943
0.428712 0.45659
0.44822 0.396388
0.467852 0.623302
0.487594 0.322585
0.507432 0.51015
0.527355 0.678649
0.547355 0.598669
0.567423 0.613965
0.587552 0.523145
0.607736 0.732217
0.627969 0.612228
0.168856 2.02403
0.170149 1.3057
0.173974 7.89686
0.180167 4.76805
0.188496 2.65702
0.198692 2.42137
0.210484 1.45949
0.22362 0.943033
0.237878 1.02138
0.253067 2.33263
0.26903 0.85965
0.285637 0.698384
0.302783 0.693268
0.320381 0.648672
0.33836 0.514573
0.356663 0.367921
0.375242 0.466471
0.394058 0.620634
0.413079 0.624852
0.432278 0.47125
0.451632 0.494317
0.471123 0.44636
0.490732 0.483145
0.510448 0.524107
0.530258 0.502198
0.550153 0.595594
0.570122 0.547937
0.590159 0.37003
0.610257 0.682571
0.630409 0.618845
0.180167 3.97884
0.18138 2.058
0.184972 4.24038
0.190808 1.36426
0.198692 3.33073
0.20839 0.422713
0.219662 2.93642
0.23228 0.379687
0.246036 0.384474
0.26075 1.12498
0.27627 0.601185
0.292466 0.823093
0.309234 0.717525
0.326484 0.591774
0.344144 0.413672
0.362155 0.412135
0.380466 0.422751
0.399036 0.828512
0.417831 0.289367
0.436821 0.528946
0.455982 0.649404
0.475294 0.374557
0.494739 0.389675
0.514301 0.618708
0.533968 0.559543
0.553729 0.736202
0.573574 0.574577
0.593494 0.548702
0.613483 0.676
0.633533 0.668793
0.193094 2.25748
0.194226 2.72719
0.197585 6.01499
0.203059 3.19944
0.210484 5.72949
0.219662 2.36904
0.230383 0.394592
0.242444 0.524496
0.255654 0.336967
0.269844 1.28181
0.284869 0.417684
0.300602 0.281568
0.316939 0.322882
0.333792 0.640613
0.351085 0.371719
0.368756 0.216217
0.386755 0.451213
0.405037 0.450275
0.423565 0.251169
0.442309 0.434783
0.461243 0.425816
0.480343 0.485511
0.499591 0.448316
0.518971 0.455349
0.538467 0.743188
0.558069 0.855035
0.577765 0.667732
0.597545 0.759054
0.617403 0.518486
0.63733 0.737272
0.207335 0.520334
0.20839 1.35478
0.211524 2.32998
0.216646 0.933859
0.22362 0.451448
0.23228 0.241414
0.242444 1.52339
0.253932 1.0671
0.266573 0.647413
0.280211 0.472767
0.294708 0.283394
0.309942 0.755776
0.325811 0.549925
0.342227 0.333821
0.359114 0.467852
0.376409 0.301396
0.394058 0.442543
0.412016 0.401151
0.430244 0.406202
0.448709 0.455951
0.467383 0.400387
0.486243 0.732934
0.505266 0.515588
0.524436 0.442199
0.543737 0.510532
0.563155 0.481911
0.582679 0.610297
0.602298 0.671211
0.622004 0.916973
0.641788 1.09831
0.222637 2.13892
0.22362 2.55648
0.226543 0.618568
0.231334 1.379
0.237878 0.338429
0.246036 1.22471
0.255654 0.564833
0.266573 0.338688
0.278641 1.15758
0.291715 0.393426
0.305667 0.55568
0.320381 0.268779
0.335757 0.672487
0.351709 0.713603
0.368161 0.45254
0.38505 0.584144
0.40232 0.496384
0.419925 0.276243
0.437824 0.437455
0.455982 0.378918
0.47437 0.358889
0.492962 0.545098
0.511736 0.408102
0.530672 0.490918
0.549754 0.524297
0.568967 0.681575
0.588298 0.346218
0.607736 0.681671
0.62727 0.682864
0.646894 0.852691
0.238798 0.463629
0.239714 0.499158
0.242444 1.31804
0.246926 2.74105
0.253067 1.63169
0.26075 0.485707
0.269844 1.03507
0.280211 0.408939
0.291715 0.972165
0.304228 0.287768
0.317631 0.280625
0.331815 0.291079
0.346684 0.49542
0.362155 0.511644
0.378153 0.491582
0.394614 0.308959
0.411483 0.517248
0.428712 0.829334
0.446259 0.336532
0.464087 0.510717
0.482166 0.438115
0.500468 0.749316
0.518971 0.46624
0.537652 0.552314
0.556495 0.661505
0.575482 0.515488
0.594602 0.841922
0.61384 0.852782
0.633187 0.487005
0.652632 0.714824
0.255654 0.263754
0.25651 0.574371
0.259062 2.1244
0.263261 1.54949
0.26903 0.458981
0.27627 0.623189
0.284869 0.949832
0.294708 0.661382
0.305667 0.952708
0.317631 0.468023
0.33049 0.553236
0.344144 0.283562
0.358503 0.405783
0.373484 0.3863
0.389017 0.409746
0.405037 0.471522
0.421489 0.422417
0.438324 0.480884
0.455501 0.310737
0.472981 0.42939
0.490732 0.508837
0.508727 0.566099
0.526939 0.527237
0.545348 0.75783
0.563933 0.550872
0.582679 0.754086
0.601569 0.556481
0.620592 0.650386
0.639734 0.64911
0.658986 0.941894
0.273076 0.442885
0.273878 0.32607
0.27627 0.770885
0.280211 0.365302
0.285637 0.380985
0.292466 0.522858
0.300602 0.518893
0.309942 0.253779
0.320381 0.631847
0.331815 0.353844
0.344144 0.538718
0.357277 0.557553
0.371128 0.386656
0.385619 0.372224
0.400681 0.428585
0.416253 0.423272
0.432278 0.66907
0.448709 0.425095
0.465503 0.458774
0.482621 0.391284
0.50003 0.665519
0.517701 0.681237
0.535609 0.807971
0.553729 0.614148
0.572042 0.603404
0.59053 0.575918
0.609177 0.671537
0.627969 0.737476
0.646894 0.700597
0.665939 0.631113
0.290963 0.617577
0.291715 0.419563
0.293962 0.735653
0.297669 0.432387
0.302783 0.355382
0.309234 0.516639
0.316939 0.632972
0.325811 0.539033
0.335757 0.390186
0.346684 0.391034
0.358503 0.37297
0.371128 0.371182
0.38448 0.347872
0.398486 0.741259
0.413079 0.314001
0.4282 0.381481
0.443794 0.395779
0.459814 0.464987
0.476216 0.598978
0.492962 0.503248
0.510019 0.537595
0.527355 0.553134
0.544945 0.511714
0.562765 0.486186
0.580794 0.536221
0.599012 0.770498
0.617403 0.707807
0.635952 0.580188
0.654645 0.810558
0.673471 0.767806
0.309234 0.328364
0.309942 0.468484
0.312058 0.593855
0.315552 0.594964
0.320381 0.568788
0.326484 0.531587
0.333792 0.378063
0.342227 0.330466
0.351709 0.277652
0.362155 0.406418
0.373484 0.405391
0.385619 0.578463
0.398486 0.421696
0.412016 0.337948
0.426146 0.59978
0.440819 0.530425
0.455982 0.487905
0.471588 0.366713
0.487594 1.00384
0.503962 0.553606
0.520658 0.512991
0.537652 0.464185
0.554916 0.5018
0.572425 0.937419
0.590159 0.63638
0.608096 0.897493
0.626221 0.579135
0.644516 0.542514
0.662968 0.85211
0.681564 0.72071
0.327825 0.498252
0.328493 0.462267
0.33049 0.216706
0.333792 0.391471
0.33836 0.680412
0.344144 0.310541
0.351085 0.31419
0.359114 0.254756
0.368161 0.631708
0.378153 0.338913
0.389017 0.367902
0.400681 0.485278
0.413079 0.451213
0.426146 0.462952
0.439823 0.399429
0.454054 0.701175
0.468789 0.640479
0.483982 0.534159
0.499591 0.371616
0.515579 0.714926
0.53191 0.440783
0.548556 0.648516
0.565487 0.472394
0.582679 0.446035
0.600109 0.43895
0.617758 0.679142
0.635607 0.646313
0.653639 0.558579
0.671841 0.680355
0.690198 0.544836
0.346684 0.589067
0.347316 0.311618
0.349205 0.321783
0.352332 0.257722
0.356663 0.351118
0.362155 0.504909
0.368756 0.341357
0.376409 0.566291
0.38505 0.490785
0.394614 0.34017
0.405037 0.30027
0.416253 0.377202
0.4282 0.492101
0.440819 0.481513
0.454054 0.518162
0.467852 0.552128
0.482166 0.377727
0.49695 0.608648
0.512164 0.52345
0.527771 0.549076
0.543737 0.554503
0.56003 0.498123
0.576625 0.665137
0.593494 0.534911
0.610616 0.791634
0.627969 0.532286
0.645536 0.658508
0.663299 0.928272
0.681242 0.87366
0.699352 0.729698
0.36577 0.910653
0.36637 0.51504
0.368161 0.496438
0.371128 0.294688
0.375242 0.322436
0.380466 0.571323
0.386755 0.611369
0.394058 0.382423
0.40232 0.422546
0.411483 0.371272
0.421489 0.463877
0.432278 0.490976
0.443794 0.623998
0.455982 0.630373
0.468789 0.376762
0.482166 0.554587
0.496067 0.579435
0.510448 0.868365
0.525272 0.674051
0.5405 0.485884
0.5561 0.431679
0.572042 0.426531
0.588298 0.614643
0.604842 0.672493
0.621651 0.811088
0.638705 0.762637
0.655984 0.981083
0.673471 0.587395
0.69115 0.746353
0.709008 0.893036
0.38505 0.351229
0.385619 0.454624
0.387322 0.492146
0.390143 0.308242
0.394058 0.196922
0.399036 0.440586
0.405037 0.374537
0.412016 0.409711
0.419925 0.440095
0.428712 0.739591
0.438324 0.380855
0.448709 0.35891
0.459814 0.42064
0.471588 0.71177
0.483982 0.580903
0.49695 0.393798
0.510448 0.440149
0.524436 0.44246
0.538874 0.391206
0.553729 0.511313
0.568967 0.815169
0.584558 0.551475
0.600474 0.786355
0.616692 0.801696
0.633187 0.565658
0.649938 0.783873
0.666926 0.925258
0.684133 0.924767
0.701544 0.725985
0.719143 1.33914
0.404495 0.450693
0.405037 0.363886
0.406658 0.499738
0.409346 0.399987
0.413079 0.443075
0.417831 0.576361
0.423565 0.489312
0.430244 0.589193
0.437824 0.535467
0.446259 0.651498
0.455501 0.408716
0.465503 0.397627
0.476216 0.551264
0.487594 0.505581
0.499591 0.485339
0.512164 0.897934
0.525272 0.48653
0.538874 0.60596
0.552936 0.691919
0.567423 0.559397
0.582302 0.581592
0.597545 0.43322
0.613125 0.633778
0.629016 0.634501
0.645196 0.827204
0.661643 0.572504
0.678338 0.767433
0.695263 0.84887
0.712402 0.822887
0.72974 1.02207
0.424083 0.748287
0.4246 0.279136
0.426146 0.507745
0.428712 0.416242
0.432278 0.531374
0.436821 0.408575
0.442309 0.4091
0.448709 0.563029
0.455982 0.402142
0.464087 0.65213
0.472981 0.590151
0.482621 0.674398
0.492962 0.486543
0.503962 0.339463
0.515579 0.514581
0.527771 0.688894
0.5405 0.492229
0.553729 0.581002
0.567423 0.771645
0.581548 0.732778
0.596075 0.377248
0.610975 0.760834
0.626221 0.616887
0.641788 0.59065
0.657653 1.05337
0.673797 0.755395
0.690198 0.959053
0.706839 1.09709
0.723704 1.06148
0.740777 1.02742
0.443794 0.556283
0.444288 0.436172
0.445767 0.525947
0.44822 0.606749
0.451632 0.385152
0.455982 0.395948
0.461243 0.37432
0.467383 0.381584
0.47437 0.486744
0.482166 0.680961
0.490732 0.387134
0.50003 0.407554
0.510019 0.529529
0.520658 0.404129
0.53191 0.67084
0.543737 0.638765
0.5561 0.616828
0.568967 0.589428
0.582302 0.375269
0.596075 0.576087
0.610257 0.699148
0.624818 0.701349
0.639734 0.678948
0.65498 0.832419
0.670534 0.762697
0.686374 0.685555
0.702481 0.932529
0.718838 0.715518
0.735428 1.05023
0.752235 1.40635
0.463614 0.631396
0.464087 0.444281
0.465503 0.451634
0.467852 0.438611
0.471123 0.568767
0.475294 0.638394
0.480343 0.410114
0.486243 0.597724
0.492962 0.645189
0.500468 0.413161
0.508727 0.32313
0.517701 0.668728
0.527355 0.598218
0.537652 0.561978
0.548556 0.567918
0.56003 0.653546
0.572042 0.631573
0.584558 0.555041
0.597545 0.612212
0.610975 0.507197
0.624818 0.519153
0.639048 0.722948
0.653639 0.618038
0.668568 0.957148
0.683813 0.614765
0.699352 1.32795
0.715168 0.957193
0.731241 0.878863
0.747555 1.06271
0.764095 1.08268
0.483529 0.76231
0.483982 0.419751
0.48534 0.316474
0.487594 0.494645
0.490732 0.678846
0.494739 0.667323
0.499591 0.513246
0.505266 0.345319
0.511736 0.377875
0.518971 0.507086
0.526939 0.758963
0.535609 0.358743
0.544945 0.436539
0.554916 0.453634
0.565487 0.659918
0.576625 0.517844
0.588298 0.564855
0.600474 0.530481
0.613125 0.550738
0.626221 0.722284
0.639734 0.846283
0.653639 1.1366
0.667912 0.745084
0.682529 0.733249
0.697468 0.787946
0.71271 1.04377
0.728235 1.23277
0.744026 1.05846
0.760066 1.27382
0.77634 1.08792
0.503527 0.48556
0.503962 0.498535
0.505266 0.562735
0.507432 0.486115
0.510448 0.460494
0.514301 0.425929
0.518971 0.410218
0.524436 0.620433
0.530672 0.766433
0.537652 0.495095
0.545348 0.636883
0.553729 0.538136
0.562765 0.812039
0.572425 0.621775
0.582679 0.763148
0.593494 0.60268
0.604842 0.49328
0.616692 0.628687
0.629016 0.659872
0.641788 0.961691
0.65498 0.702637
0.668568 0.680235
0.682529 0.558166
0.696839 0.954796
0.711478 1.01966
0.726426 1.13133
0.741664 1.03291
0.757175 1.38308
0.772942 0.853184
0.788951 1.53177
0.523599 0.62627
0.524017 0.718265
0.525272 0.591479
0.527355 0.492958
0.530258 0.562355
0.533968 0.545255
0.538467 0.375673
0.543737 0.684275
0.549754 0.629847
0.556495 0.60205
0.563933 0.466913
0.572042 0.562934
0.580794 0.589805
0.590159 0.675572
0.600109 0.724675
0.610616 0.711249
0.621651 0.599063
0.633187 0.884493
0.645196 0.821893
0.657653 0.797069
0.670534 0.876844
0.683813 0.623803
0.697468 1.03126
0.711478 1.07976
0.725822 1.12544
0.74048 1.06015
0.755435 1.22787
0.770669 0.833809
0.786166 1.17713
0.80191 1.10657
0.543737 0.576375
0.54414 0.787578
0.545348 0.611656
0.547355 0.671334
0.550153 0.554064
0.553729 0.824509
0.558069 0.631155
0.563155 0.613465
0.568967 0.637585
0.575482 0.775122
0.582679 0.563411
0.59053 0.60383
0.599012 0.625178
0.608096 0.599816
0.617758 0.62544
0.627969 0.675857
0.638705 0.579943
0.649938 0.549261
0.661643 0.637324
0.673797 0.835186
0.686374 0.772861
0.699352 0.833347
0.71271 0.803366
0.726426 1.17839
0.74048 0.963223
0.754854 0.985193
0.76953 1.0926
0.78449 1.25894
0.799719 1.07366
0.815201 1.47009
0.563933 0.373967
0.564322 0.649305
0.565487 0.603789
0.567423 0.689412
0.570122 0.626623
0.573574 0.560241
0.577765 0.676927
0.582679 0.448355
0.588298 0.701791
0.594602 0.523164
0.601569 0.663383
0.609177 0.714886
0.617403 0.613416
0.626221 0.534382
0.635607 0.476966
0.645536 0.593461
0.655984 1.03799
0.666926 0.967435
0.678338 0.602628
0.690198 0.796248
0.702481 1.10748
0.715168 0.849906
0.728235 0.827239
0.741664 0.870798
0.755435 0.939715
0.76953 1.08841
0.783931 1.05183
0.798621 1.08734
0.813586 1.37218
0.828809 1.11107
0.584182 0.596756
0.584558 0.666042
0.585682 0.451367
0.587552 0.527873
0.590159 0.700543
0.593494 0.712302
0.597545 0.657951
0.602298 0.796578
0.607736 0.580298
0.61384 0.608671
0.620592 0.683294
0.627969 0.75177
0.635952 0.862876
0.644516 0.468614
0.653639 0.691799
0.663299 0.816339
0.673471 0.959392
0.684133 0.824578
0.695263 0.807583
0.706839 0.539547
0.718838 0.856519
0.731241 0.925112
0.744026 1.12936
0.757175 1.19474
0.770669 1.10127
0.78449 1.27738
0.798621 1.04303
0.813046 1.60277
0.82775 1.43296
0.842718 1.09608
0.604479 0.419723
0.604842 0.295973
0.605928 0.666881
0.607736 0.699054
0.610257 0.790789
0.613483 0.679117
0.617403 0.782857
0.622004 0.990543
0.62727 0.425091
0.633187 0.751687
0.639734 0.734278
0.646894 0.713671
0.654645 0.637576
0.662968 0.53117
0.671841 0.739772
0.681242 0.958522
0.69115 0.878129
0.701544 0.999857
0.712402 0.901496
0.723704 1.2157
0.735428 1.06127
0.747555 0.599965
0.760066 1.36112
0.772942 0.902372
0.786166 0.991337
0.799719 0.967557
0.813586 0.977653
0.82775 1.01552
0.842197 1.22976
0.856912 1.17144
0.624818 0.883392
0.625169 0.662982
0.626221 0.633524
0.627969 0.4969
0.630409 0.739613
0.633533 0.655879
0.63733 0.77112
0.641788 0.488965
0.646894 0.859635
0.652632 0.859514
0.658986 0.649324
0.665939 0.896872
0.673471 0.693988
0.681564 0.848137
0.690198 0.667732
0.699352 0.738377
0.709008 0.699145
0.719143 0.903958
0.72974 0.691054
0.740777 1.10907
0.752235 0.85025
0.764095 1.13618
0.77634 1.06986
0.788951 1.02696
0.80191 1.18655
0.815201 1.36224
0.828809 1.55312
0.842718 1.55857
0.856912 0.583299
0.871379 1.28493
0.167552 0.962978
0.168856 1.02056
0.172708 4.24929
0.178945 4.81116
0.187328 1.79906
0.197585 1.85011
0.20944 2.88576
0.222637 1.25447
0.236954 0.927411
0.252199 0.799769
0.268213 0.438101
0.284869 0.785719
0.302058 0.391011
0.319696 0.353072
0.337711 0.587952
0.356047 0.367725
0.374657 0.473578
0.393501 0.359479
0.412548 0.533433
0.431771 0.275406
0.451147 0.519654
0.470657 0.481046
0.490285 0.526463
0.510019 0.570024
0.529845 1.05491
0.549754 0.48506
0.569737 0.427345
0.589787 0.579487
0.609897 0.481693
0.630061 0.578069
0.168856 0.757928
0.170149 2.31196
0.173974 7.35923
0.180167 3.13589
0.188496 3.89109
0.198692 0.678145
0.210484 1.44449
0.22362 0.570755
0.237878 1.0733
0.253067 0.574592
0.26903 0.571691
0.285637 0.242819
0.302783 0.608303
0.320381 0.403704
0.33836 0.313946
0.356663 0.424635
0.375242 0.512431
0.394058 0.397975
0.413079 0.429267
0.432278 0.283676
0.451632 0.438978
0.471123 0.394515
0.490732 0.68441
0.510448 0.466737
0.530258 0.613787
0.550153 0.458482
0.570122 0.68521
0.590159 0.347852
0.610257 0.752789
0.630409 0.546273
0.172708 3.0134
0.173974 1.44899
0.177715 1.41007
0.183782 0.861694
0.191954 1.43423
0.201976 2.51924
0.213587 1.32108
0.226543 2.31615
0.240628 0.974177
0.255654 0.90262
0.271465 0.848933
0.287932 1.11312
0.304949 0.374715
0.322428 0.414118
0.340299 0.30754
0.358503 0.271791
0.376991 0.720121
0.395724 0.291706
0.414669 0.666866
0.433798 0.474999
0.453087 0.401101
0.472517 0.457111
0.492071 0.467621
0.511736 0.591796
0.531498 0.359189
0.551347 0.768566
0.571275 0.57947
0.591273 0.551564
0.611334 0.725261
0.631452 0.618568
0.178945 3.21776
0.180167 2.60072
0.183782 0.547077
0.189656 2.26292
0.197585 0.646086
0.207335 0.449144
0.218661 0.905
0.231334 0.518432
0.245143 0.653476
0.259908 1.10146
0.275475 0.403611
0.291715 0.610809
0.308524 0.585388
0.325811 0.609367
0.343506 0.684461
0.361549 0.302765
0.379889 0.557825
0.398486 0.422971
0.417305 0.518961
0.436318 0.566108
0.455501 0.826095
0.474832 0.55079
0.494295 0.554221
0.513874 1.04304
0.533557 0.424317
0.553333 0.602205
0.573191 0.527056
0.593124 0.675142
0.613125 0.511175
0.633187 0.658715
0.187328 0.584691
0.188496 0.73005
0.191954 0.519958
0.197585 0.865917
0.205208 1.0626
0.214612 3.63175
0.225573 2.51525
0.237878 0.960525
0.251327 1.00375
0.265749 0.5524
0.280993 0.376638
0.296932 0.341178
0.31346 0.907044
0.33049 0.379281
0.347947 0.49542
0.36577 0.392381
0.383909 0.393668
0.40232 0.370988
0.420968 0.541331
0.439823 0.556308
0.458859 0.590679
0.478055 0.321838
0.497391 0.365685
0.516853 0.403021
0.536427 0.681372
0.5561 0.729218
0.575863 0.870562
0.595707 0.490304
0.615624 0.678367
0.635607 0.965436
0.197585 0.495433
0.198692 1.56241
0.201976 1.04613
0.207335 0.832914
0.214612 0.333711
0.22362 1.32296
0.23416 1.78456
0.246036 0.343143
0.259062 1.20702
0.273076 0.500883
0.287932 0.434417
0.303507 0.618784
0.319696 0.536561
0.33641 1.02689
0.353575 0.447756
0.371128 0.330171
0.389017 0.405444
0.407197 0.72886
0.425631 0.548617
0.444288 0.85406
0.463141 0.346471
0.482166 0.427676
0.501344 0.65381
0.520658 0.722951
0.540094 0.492367
0.559639 0.394356
0.579281 0.555589
0.599012 0.442107
0.618822 0.54557
0.638705 0.761294
0.20944 1.1614
0.210484 0.587509
0.213587 0.599112
0.218661 2.11212
0.225573 1.15589
0.23416 0.793348
0.244246 0.6413
0.255654 0.887268
0.268213 1.50648
0.281772 0.877225
0.296192 0.569283
0.311354 0.323467
0.327155 0.335441
0.343506 0.435347
0.360333 0.464552
0.377572 0.446783
0.39517 0.314212
0.413079 0.407258
0.431262 0.296739
0.449686 0.594566
0.468321 0.42564
0.487144 0.466463
0.506133 0.453965
0.525272 0.404007
0.544543 0.564505
0.563933 0.527992
0.583431 0.574594
0.603026 0.635972
0.622708 0.703032
0.642471 0.845284
0.222637 0.672721
0.22362 0.824291
0.226543 1.22014
0.231334 0.737751
0.237878 1.0503
0.246036 0.466542
0.255654 0.933373
0.266573 0.423762
0.278641 0.521582
0.291715 0.86404
0.305667 0.475784
0.320381 0.402378
0.335757 0.470319
0.351709 0.733676
0.368161 0.35447
0.38505 0.304555
0.40232 0.416715
0.419925 0.331493
0.437824 0.559586
0.455982 0.606986
0.47437 0.454568
0.492962 0.410533
0.511736 0.392642
0.530672 0.452244
0.549754 0.510061
0.568967 0.441015
0.588298 0.563065
0.607736 0.685071
0.62727 0.533774
0.646894 0.558218
0.236954 0.927742
0.237878 0.905472
0.240628 2.0084
0.245143 0.547762
0.251327 1.19141
0.259062 0.643946
0.268213 0.941678
0.278641 0.430534
0.290208 0.446064
0.302783 0.986845
0.316247 0.337195
0.33049 0.339971
0.345416 0.820441
0.360942 0.732002
0.376991 0.512813
0.393501 0.361086
0.410416 0.298718
0.427688 0.446196
0.445275 0.345672
0.463141 0.419801
0.481255 0.552757
0.499591 0.675382
0.518125 0.678
0.536836 0.509518
0.555706 0.666465
0.57472 0.608276
0.593864 0.760964
0.613125 0.686186
0.632493 0.870847
0.651959 0.814338
0.252199 1.68529
0.253067 1.09934
0.255654 0.700893
0.259908 0.351076
0.265749 0.441942
0.273076 0.464796
0.281772 1.06094
0.291715 0.627884
0.302783 0.576502
0.314857 0.437008
0.327825 0.488219
0.341586 0.666065
0.356047 0.318376
0.371128 0.460996
0.386755 0.335692
0.402865 0.440444
0.419402 0.407423
0.436318 0.387637
0.453571 0.493823
0.471123 0.625743
0.488941 0.452241
0.506999 0.56043
0.525272 0.375826
0.543737 0.742266
0.562375 0.623273
0.581171 0.41856
0.600109 0.884998
0.619176 0.939247
0.638361 0.912749
0.657653 0.971997
0.268213 0.467316
0.26903 0.63413
0.271465 0.414328
0.275475 0.49891
0.280993 0.385996
0.287932 0.272141
0.296192 0.775633
0.305667 0.696746
0.316247 0.410651
0.327825 0.374487
0.340299 0.317227
0.353575 0.515784
0.367565 0.343984
0.382191 0.350232
0.397384 0.418369
0.413079 0.400383
0.429223 0.338046
0.445767 0.360282
0.462667 0.663661
0.479886 0.381134
0.497391 0.464407
0.515153 0.388491
0.533146 0.762167
0.551347 0.468549
0.569737 0.375404
0.588298 0.610224
0.607013 0.647587
0.62587 0.769701
0.644856 0.630971
0.66396 0.729205
0.284869 0.371061
0.285637 0.379138
0.287932 0.637147
0.291715 0.638831
0.296932 0.312376
0.303507 0.470229
0.311354 0.445037
0.320381 0.519309
0.33049 0.458073
0.341586 0.510648
0.353575 0.618998
0.36637 0.448395
0.379889 0.420353
0.394058 0.980874
0.40881 0.209449
0.424083 0.46335
0.439823 0.441694
0.455982 0.507429
0.472517 0.58757
0.48939 0.487797
0.506567 0.531627
0.524017 0.821143
0.541716 0.562078
0.559639 0.47268
0.577765 0.49697
0.596075 0.669649
0.614554 0.709643
0.633187 0.85456
0.651959 0.571779
0.670861 0.839665
0.302058 0.618944
0.302783 0.724476
0.304949 0.410361
0.308524 0.474232
0.31346 0.202475
0.319696 0.597068
0.327155 0.244505
0.335757 0.396006
0.345416 0.394779
0.356047 0.384579
0.367565 0.403991
0.379889 0.402489
0.392943 0.469497
0.406658 0.584569
0.420968 0.396445
0.435815 0.490851
0.451147 0.439839
0.466914 0.451413
0.483075 0.492223
0.499591 0.439311
0.516429 0.484672
0.533557 0.56822
0.550949 0.574727
0.568581 0.60396
0.586431 0.599155
0.604479 0.676169
0.622708 0.562983
0.641104 0.916736
0.659651 0.822185
0.678338 0.646767
0.319696 0.33872
0.320381 0.286514
0.322428 0.929731
0.325811 0.352337
0.33049 0.25665
0.33641 0.418764
0.343506 0.364122
0.351709 0.421256
0.360942 0.229262
0.371128 0.35576
0.382191 0.300991
0.394058 0.390072
0.406658 0.971214
0.419925 0.462751
0.433798 0.31551
0.44822 0.511294
0.463141 0.435371
0.478513 0.50434
0.494295 0.386424
0.510448 0.37923
0.526939 0.625627
0.543737 0.752852
0.560813 0.491925
0.578144 0.652083
0.595707 0.628305
0.613483 0.446533
0.631452 0.894963
0.6496 0.838944
0.667912 0.845274
0.686374 0.815599
0.337711 0.354029
0.33836 0.535856
0.340299 0.378991
0.343506 0.582947
0.347947 0.798138
0.353575 0.749527
0.360333 0.342514
0.368161 0.677567
0.376991 0.504687
0.386755 0.501587
0.397384 0.337008
0.40881 0.312441
0.420968 0.538559
0.433798 0.486758
0.44724 0.553381
0.461243 0.35708
0.475755 0.528806
0.490732 0.428598
0.506133 0.45586
0.521921 0.738769
0.53806 0.501254
0.554521 0.764961
0.571275 0.772252
0.588298 0.588652
0.605566 0.647902
0.623061 0.619022
0.640762 0.694923
0.658653 0.93976
0.67672 0.688267
0.694948 0.801968
0.356047 0.483543
0.356663 0.357927
0.358503 0.518017
0.361549 0.283707
0.36577 0.354854
0.371128 0.516007
0.377572 0.388745
0.38505 0.401012
0.393501 0.506321
0.402865 0.435491
0.413079 0.420506
0.424083 0.420085
0.435815 0.685323
0.44822 0.614404
0.461243 0.453107
0.474832 0.538501
0.488941 0.333181
0.503527 0.658991
0.518548 0.553569
0.533968 0.92406
0.549754 0.638137
0.565874 0.415901
0.582302 0.716299
0.599012 0.785536
0.61598 0.688632
0.633187 0.480276
0.650612 0.765799
0.66824 0.756936
0.686054 0.992267
0.704041 0.713666
0.374657 0.478432
0.375242 0.268453
0.376991 0.529317
0.379889 0.314288
0.383909 0.543357
0.389017 0.332058
0.39517 0.480759
0.40232 0.315898
0.410416 0.469571
0.419402 0.480831
0.429223 0.669109
0.439823 0.460297
0.451147 0.523575
0.463141 0.425151
0.475755 0.645234
0.488941 0.429581
0.502655 0.596238
0.516853 0.338224
0.531498 0.39826
0.546553 0.524183
0.561985 0.508647
0.577765 0.782964
0.593864 0.782045
0.610257 0.603403
0.626921 0.559308
0.643835 0.653313
0.66098 0.898542
0.678338 0.881774
0.695894 0.675036
0.713633 0.988664
0.393501 0.381147
0.394058 0.451163
0.395724 0.567216
0.398486 0.431224
0.40232 0.51545
0.407197 0.343816
0.413079 0.421112
0.419925 0.702778
0.427688 0.251123
0.436318 0.334592
0.445767 0.446486
0.455982 0.460684
0.466914 0.380834
0.478513 0.492833
0.490732 0.550036
0.503527 0.4264
0.516853 0.586217
0.530672 0.384283
0.544945 0.476143
0.559639 0.595374
0.57472 0.456118
0.590159 0.759671
0.605928 0.570894
0.622004 0.858365
0.638361 0.90586
0.65498 0.605545
0.671841 0.997311
0.688925 0.903247
0.706218 0.769407
0.723704 0.751837
0.412548 0.405094
0.413079 0.481607
0.414669 0.33636
0.417305 0.432365
0.420968 0.741011
0.425631 0.684624
0.431262 0.353493
0.437824 0.449187
0.445275 0.35742
0.453571 0.619733
0.462667 0.372165
0.472517 0.447058
0.483075 0.496225
0.494295 0.528386
0.506133 0.775292
0.518548 0.613313
0.531498 0.402783
0.544945 0.818565
0.558854 0.632534
0.573191 0.678878
0.587925 0.41485
0.603026 0.804897
0.618467 0.481231
0.634225 0.687055
0.650275 1.18745
0.666597 0.859834
0.683171 0.452495
0.699979 0.845513
0.717005 0.670042
0.734234 0.788834
0.431771 0.250528
0.432278 0.455606
0.433798 0.319584
0.436318 0.402123
0.439823 0.467939
0.444288 0.335535
0.449686 0.357293
0.455982 0.614384
0.463141 0.722771
0.471123 0.523239
0.479886 0.640566
0.48939 0.789515
0.499591 0.57299
0.510448 0.580752
0.521921 0.441504
0.533968 0.706264
0.546553 0.518426
0.559639 0.660135
0.573191 0.626924
0.587178 0.845383
0.601569 0.556498
0.616336 0.555154
0.631452 0.535382
0.646894 0.696893
0.662637 0.832251
0.678662 0.688674
0.694948 0.651242
0.711478 0.799784
0.728235 0.762432
0.745204 1.06867
0.451147 0.593914
0.451632 0.403173
0.453087 0.839538
0.455501 0.413537
0.458859 0.490822
0.463141 0.53359
0.468321 0.683482
0.47437 0.472487
0.481255 0.40023
0.488941 0.512484
0.497391 0.658322
0.506567 0.518361
0.516429 0.637957
0.526939 0.510974
0.53806 0.368655
0.549754 0.472811
0.561985 0.668151
0.57472 0.487665
0.587925 0.709742
0.601569 0.721348
0.615624 0.67608
0.630061 0.576162
0.644856 1.10692
0.659984 0.540444
0.675422 0.663818
0.69115 0.910643
0.707149 0.79329
0.723401 1.17072
0.739888 0.939923
0.756596 1.13879
0.470657 0.445388
0.471123 0.589788
0.472517 0.570375
0.474832 0.429104
0.478055 0.578856
0.482166 0.51871
0.487144 0.804446
0.492962 0.600036
0.499591 0.619494
0.506999 0.608764
0.515153 0.308535
0.524017 0.505958
0.533557 0.587541
0.543737 0.465384
0.554521 0.816198
0.565874 0.564532
0.577765 0.957301
0.590159 0.691078
0.603026 0.701151
0.616336 0.565121
0.630061 0.888582
0.644175 0.747443
0.658653 0.916991
0.673471 0.585624
0.688607 0.920888
0.704041 0.749732
0.719753 0.767782
0.735726 0.807808
0.751943 1.17984
0.768389 1.04011
0.490285 0.380614
0.490732 0.720628
0.492071 0.508493
0.494295 0.562719
0.497391 0.606846
0.501344 0.394929
0.506133 0.352135
0.511736 0.617922
0.518125 0.671355
0.525272 0.474427
0.533146 0.519987
0.541716 0.451477
0.550949 0.707222
0.560813 0.607795
0.571275 0.584389
0.582302 0.568945
0.593864 0.654513
0.605928 0.604244
0.618467 0.577946
0.631452 1.00578
0.644856 0.687293
0.658653 1.13999
0.672819 0.727789
0.687332 0.818137
0.702169 0.703309
0.717311 1.26055
0.732739 0.957523
0.748435 1.0133
0.764382 1.28066
0.780566 0.856854
0.510019 0.614895
0.510448 0.491178
0.511736 0.626315
0.513874 0.500683
0.516853 0.446694
0.520658 0.891486
0.525272 0.391533
0.530672 0.422256
0.536836 0.431143
0.543737 0.719931
0.551347 0.365798
0.559639 0.618862
0.568581 0.813217
0.578144 0.452022
0.588298 0.634597
0.599012 0.707915
0.610257 0.622535
0.622004 0.634352
0.634225 0.744784
0.646894 0.533713
0.659984 1.07517
0.673471 0.643399
0.687332 1.04493
0.701544 0.740842
0.716087 0.944286
0.730941 0.891623
0.746087 1.1303
0.761508 0.866905
0.777187 1.26115
0.79311 1.24587
0.529845 0.451946
0.530258 0.445757
0.531498 0.51185
0.533557 0.448921
0.536427 0.616443
0.540094 0.658593
0.544543 0.675218
0.549754 0.521168
0.555706 0.398681
0.562375 0.580052
0.569737 0.750636
0.577765 0.447714
0.586431 0.401162
0.595707 0.497413
0.605566 0.798341
0.61598 0.448641
0.626921 0.58247
0.638361 0.834846
0.650275 1.06099
0.662637 0.862553
0.675422 0.732608
0.688607 0.585792
0.702169 1.02134
0.716087 0.787242
0.730341 0.635686
0.74491 1.02842
0.759778 1.08928
0.774926 0.940095
0.790339 1.15695
0.806002 0.682599
0.549754 0.572839
0.550153 1.02968
0.551347 0.325669
0.553333 0.437553
0.5561 0.96749
0.559639 0.763397
0.563933 0.531637
0.568967 0.688876
0.57472 0.408362
0.581171 0.452357
0.588298 0.400069
0.596075 0.798749
0.604479 0.563513
0.613483 0.669324
0.623061 0.735299
0.633187 0.614087
0.643835 0.52457
0.65498 0.861389
0.666597 0.921748
0.678662 0.767602
0.69115 0.708775
0.704041 0.786305
0.717311 0.650972
0.730941 1.16283
0.74491 0.91146
0.7592 1.10547
0.773793 1.189
0.788673 1.2354
0.803822 1.41133
0.819227 1.63586
0.569737 0.46294
0.570122 0.463635
0.571275 0.671451
0.573191 0.648611
0.575863 0.505129
0.579281 0.853621
0.583431 0.678604
0.588298 0.482626
0.593864 0.701208
0.600109 0.51152
0.607013 0.692415
0.614554 0.706302
0.622708 0.848773
0.631452 0.619837
0.640762 0.743232
0.650612 0.570242
0.66098 0.721978
0.671841 0.672025
0.683171 0.809538
0.694948 0.643431
0.707149 1.13563
0.719753 0.823696
0.732739 0.918911
0.746087 1.1371
0.759778 0.73263
0.773793 1.00182
0.788116 1.14097
0.80273 1.15689
0.817619 1.33887
0.832769 1.03615
0.589787 0.71784
0.590159 0.781781
0.591273 0.55756
0.593124 0.727699
0.595707 0.624858
0.599012 0.520779
0.603026 0.462291
0.607736 0.480404
0.613125 0.691004
0.619176 0.62627
0.62587 0.823336
0.633187 0.500612
0.641104 0.599197
0.6496 0.733249
0.658653 0.752182
0.66824 0.579076
0.678338 0.700428
0.688925 0.761212
0.699979 1.05885
0.711478 0.756852
0.723401 0.871412
0.735726 0.887768
0.748435 1.4327
0.761508 1.04787
0.774926 1.06188
0.788673 1.05258
0.80273 1.35612
0.817083 1.09123
0.831715 1.64769
0.846612 1.15716
0.609897 0.700668
0.610257 0.585686
0.611334 0.78716
0.613125 0.769536
0.615624 0.566467
0.618822 1.00899
0.622708 0.756512
0.62727 0.530206
0.632493 0.733722
0.638361 0.669096
0.644856 0.496452
0.651959 0.666099
0.659651 0.71509
0.667912 0.700819
0.67672 0.708842
0.686054 0.76921
0.695894 0.610867
0.706218 0.830546
0.717005 0.765009
0.728235 0.931684
0.739888 1.06284
0.751943 1.10351
0.764382 1.20353
0.777187 0.966457
0.790339 1.26129
0.803822 1.24698
0.817619 1.16528
0.831715 1.26276
0.846094 0.828507
0.860743 1.27236
0.630061 1.16382
0.630409 0.551774
0.631452 0.441401
0.633187 0.515662
0.635607 0.568708
0.638705 0.509997
0.642471 0.84306
0.646894 0.689899
0.651959 0.670708
0.657653 0.998592
0.66396 0.602287
0.670861 0.728044
0.678338 0.875793
0.686374 0.73599
0.694948 0.955126
0.704041 0.696157
0.713633 1.17546
0.723704 1.11032
0.734234 0.681733
0.745204 0.992521
0.756596 1.07998
0.768389 1.4052
0.780566 0.925227
0.79311 1.22255
0.806002 1.20116
0.819227 0.810891
0.832769 0.897849
0.846612 1.6809
0.860743 1.65982
0.875146 1.36605
0.188496 2.68525
0.189656 0.833208
0.193094 0.704315
0.198692 4.36417
0.206274 0.98301
0.215631 2.3126
0.226543 0.902351
0.238798 0.493608
0.252199 0.74567
0.266573 0.919819
0.281772 0.874232
0.297669 1.03318
0.314159 0.16322
0.331153 0.433824
0.348577 0.393299
0.36637 0.319089
0.38448 0.557215
0.402865 0.402992
0.421489 0.340573
0.440321 0.482033
0.459337 0.437326
0.478513 0.465231
0.497832 0.457314
0.517277 0.621264
0.536836 0.748577
0.556495 0.433674
0.576244 0.624396
0.596075 0.772018
0.61598 0.712553
0.635952 0.704279
0.189656 1.12532
0.190808 5.03653
0.194226 3.08088
0.199793 0.631687
0.207335 0.600783
0.216646 0.606293
0.22751 0.740339
0.239714 0.621415
0.253067 0.665545
0.267394 0.453388
0.282549 0.637656
0.298405 0.499263
0.314857 0.589706
0.331815 0.45695
0.349205 0.308625
0.366968 0.425356
0.38505 0.40394
0.403409 0.409384
0.422009 0.424664
0.440819 0.485675
0.459814 0.485548
0.478971 0.747741
0.498272 0.46229
0.517701 0.494081
0.537244 0.550977
0.556889 0.636129
0.576625 0.56577
0.596443 0.811202
0.616336 0.728551
0.636296 0.706958
0.193094 1.69515
0.194226 0.855931
0.197585 2.79924
0.203059 0.902903
0.210484 2.13692
0.219662 2.91422
0.230383 1.20169
0.242444 0.502238
0.255654 1.1086
0.269844 0.442116
0.284869 0.260708
0.300602 0.508019
0.316939 0.614114
0.333792 0.293748
0.351085 0.233035
0.368756 0.689551
0.386755 0.343903
0.405037 0.659184
0.423565 0.434348
0.442309 0.451176
0.461243 0.564542
0.480343 0.445416
0.499591 0.322063
0.518971 0.842279
0.538467 0.918164
0.558069 0.538771
0.577765 0.621977
0.597545 0.582894
0.617403 0.39593
0.63733 0.914269
0.198692 1.45743
0.199793 1.0716
0.203059 0.699392
0.20839 0.597583
0.215631 1.07986
0.224599 1.99912
0.235095 1.48805
0.246926 1.20011
0.259908 0.469543
0.273878 0.61966
0.288692 0.296355
0.304228 0.510796
0.320381 0.333778
0.337061 0.349402
0.354194 0.522339
0.371718 0.361099
0.38958 0.615613
0.407735 0.54494
0.426146 0.393296
0.444782 0.461431
0.463614 0.419944
0.482621 0.614847
0.501781 0.699666
0.521079 0.507856
0.5405 0.415839
0.56003 0.993963
0.57966 0.605723
0.599378 0.644633
0.619176 0.675138
0.639048 0.749025
0.206274 1.09638
0.207335 0.889791
0.210484 1.11599
0.215631 1.42148
0.222637 2.7861
0.231334 0.444008
0.241537 0.427724
0.253067 0.469634
0.265749 0.66954
0.279427 1.37329
0.293962 0.373788
0.309234 0.361495
0.325138 0.559582
0.341586 0.456216
0.358503 0.726134
0.375826 0.471691
0.393501 0.331068
0.411483 0.303985
0.429734 0.785794
0.44822 0.449669
0.466914 0.504429
0.485791 0.356102
0.504832 0.525538
0.524017 0.419821
0.543333 0.534058
0.562765 0.514563
0.582302 0.617361
0.601934 0.754261
0.621651 0.6594
0.641446 0.451995
0.215631 5.13898
0.216646 2.66105
0.219662 0.750738
0.224599 0.57005
0.231334 1.12313
0.239714 0.973651
0.249576 0.400935
0.26075 1.0946
0.273076 0.612677
0.286404 0.86086
0.300602 0.431542
0.315552 0.38685
0.331153 0.813488
0.347316 0.405427
0.363967 0.296737
0.381042 0.482127
0.398486 0.499676
0.416253 0.38821
0.434303 0.480581
0.452603 0.718196
0.471123 0.528756
0.489838 0.516448
0.508727 0.577893
0.527771 0.542323
0.546954 0.631534
0.566262 0.58474
0.585682 0.699213
0.605204 0.681666
0.624818 0.96107
0.644516 0.792832
0.226543 0.733752
0.22751 1.9621
0.230383 0.300281
0.235095 1.96647
0.241537 0.564799
0.249576 1.09895
0.259062 0.431835
0.269844 0.422033
0.281772 1.01253
0.294708 0.54761
0.308524 0.361658
0.323108 0.511404
0.33836 0.307099
0.354194 0.486369
0.370536 0.456053
0.387322 0.499985
0.404495 0.581509
0.422009 0.37296
0.439823 0.556149
0.457902 0.645247
0.476216 0.514188
0.494739 0.550115
0.513447 0.540462
0.532323 0.639046
0.551347 0.458833
0.570506 0.598622
0.589787 0.486382
0.609177 0.70535
0.628667 0.944351
0.648248 0.802435
0.238798 0.843115
0.239714 0.41612
0.242444 0.50315
0.246926 0.413796
0.253067 1.16191
0.26075 0.619659
0.269844 0.711186
0.280211 0.367973
0.291715 0.492369
0.304228 0.749995
0.317631 0.272731
0.331815 0.435202
0.346684 0.438649
0.362155 0.450105
0.378153 0.685453
0.394614 0.489474
0.411483 0.438815
0.428712 0.397125
0.446259 0.513945
0.464087 0.40768
0.482166 0.642532
0.500468 0.627381
0.518971 0.777611
0.537652 0.463072
0.556495 0.620351
0.575482 0.674227
0.594602 0.844796
0.61384 0.954816
0.633187 1.03468
0.652632 0.821262
0.252199 0.923204
0.253067 0.70903
0.255654 0.303109
0.259908 0.332405
0.265749 0.549648
0.273076 0.678143
0.281772 1.16405
0.291715 0.887559
0.302783 0.306385
0.314857 0.49579
0.327825 0.332447
0.341586 0.482867
0.356047 0.514625
0.371128 0.735658
0.386755 0.484175
0.402865 0.353236
0.419402 0.846287
0.436318 0.581869
0.453571 0.444279
0.471123 0.537534
0.488941 0.556406
0.506999 0.5742
0.525272 0.603707
0.543737 0.511018
0.562375 0.665322
0.581171 0.547926
0.600109 0.646643
0.619176 0.56766
0.638361 0.583482
0.657653 0.941958
0.266573 0.384617
0.267394 0.482316
0.269844 0.167258
0.273878 0.653625
0.279427 0.708866
0.286404 0.782542
0.294708 0.697951
0.304228 0.388934
0.314857 0.584701
0.326484 0.428435
0.339007 0.3961
0.352332 0.39972
0.36637 0.258735
0.381042 0.391389
0.396278 0.401034
0.412016 0.399355
0.4282 0.445708
0.444782 0.48674
0.461718 0.66594
0.478971 0.375151
0.496509 0.586608
0.514301 0.523814
0.532323 0.384895
0.550551 0.598222
0.568967 0.644486
0.587552 0.763023
0.60629 0.727166
0.625169 0.675751
0.644175 0.549473
0.663299 0.894186
0.281772 0.389651
0.282549 0.972287
0.284869 1.31533
0.288692 0.470068
0.293962 0.633324
0.300602 0.780821
0.308524 0.467981
0.317631 0.329924
0.327825 0.405439
0.339007 0.802763
0.351085 0.388174
0.363967 0.533374
0.377572 0.487291
0.391825 0.56192
0.406658 0.491254
0.422009 0.535256
0.437824 0.507588
0.454054 0.355096
0.470657 0.397303
0.487594 0.464219
0.504832 0.507835
0.522341 0.501535
0.540094 0.535964
0.558069 0.58044
0.576244 0.662063
0.594602 0.688747
0.613125 0.621538
0.6318 0.639516
0.650612 0.702593
0.669552 0.809047
0.297669 0.279046
0.298405 0.680061
0.300602 0.354148
0.304228 0.494095
0.309234 0.39683
0.315552 0.703732
0.323108 0.419695
0.331815 0.554787
0.341586 0.438784
0.352332 0.546198
0.363967 0.430064
0.376409 0.746707
0.38958 0.276247
0.403409 0.296525
0.417831 0.638338
0.432785 0.361996
0.44822 0.607814
0.464087 0.626021
0.480343 0.372468
0.49695 0.41483
0.513874 0.788569
0.531085 0.495748
0.548556 0.752558
0.566262 0.429098
0.584182 0.647748
0.602298 0.512028
0.620592 0.612408
0.639048 0.802737
0.657653 0.975609
0.676396 0.983897
0.314159 0.418159
0.314857 0.608332
0.316939 0.330005
0.320381 0.485431
0.325138 0.441902
0.331153 0.390893
0.33836 0.476266
0.346684 0.36636
0.356047 0.345051
0.36637 0.400734
0.377572 0.423974
0.38958 1.07237
0.40232 0.296888
0.415726 0.291031
0.429734 0.438547
0.444288 0.524631
0.459337 0.493241
0.474832 0.825885
0.490732 0.549729
0.506999 0.61408
0.523599 0.476822
0.5405 0.324767
0.557676 0.524532
0.575101 0.713396
0.592755 0.572531
0.610616 0.562163
0.628667 0.699121
0.646894 0.889259
0.66528 0.67043
0.683813 1.01171
0.331153 0.375629
0.331815 0.363072
0.333792 0.373082
0.337061 0.766765
0.341586 0.267242
0.347316 0.366499
0.354194 0.306353
0.362155 0.492761
0.371128 0.664647
0.381042 0.621393
0.391825 0.557585
0.403409 0.643713
0.415726 0.389518
0.428712 0.44877
0.442309 0.348445
0.456463 0.574892
0.471123 0.474067
0.486243 0.374878
0.501781 0.489826
0.517701 0.578093
0.533968 0.511913
0.550551 0.540441
0.567423 0.693121
0.584558 0.857273
0.601934 0.675622
0.61953 0.443207
0.63733 0.682345
0.655315 1.03228
0.673471 0.820622
0.691785 1.07816
0.348577 0.41702
0.349205 0.525221
0.351085 0.384905
0.354194 0.484929
0.358503 0.23199
0.363967 0.284698
0.370536 0.312565
0.378153 0.394777
0.386755 0.427598
0.396278 0.348132
0.406658 0.669222
0.417831 0.583306
0.429734 0.340136
0.442309 0.395546
0.455501 0.429206
0.469257 0.562806
0.483529 0.655916
0.498272 0.341318
0.513447 0.343633
0.529016 0.373967
0.544945 0.61682
0.561204 0.501289
0.577765 0.748912
0.594602 0.523126
0.611692 0.46052
0.629016 0.702696
0.646554 0.534844
0.66429 0.658227
0.682207 0.776595
0.700293 0.858131
0.36637 0.340061
0.366968 0.340916
0.368756 0.540764
0.371718 0.298177
0.375826 0.328807
0.381042 0.340412
0.387322 0.486361
0.394614 0.409719
0.402865 0.44679
0.412016 0.460044
0.422009 0.440166
0.432785 0.798071
0.444288 0.567042
0.456463 0.51636
0.469257 0.514282
0.482621 0.611322
0.496509 0.792228
0.510878 0.448591
0.525689 0.625609
0.540906 0.595777
0.556495 0.67394
0.572425 0.635658
0.58867 0.560212
0.605204 0.570378
0.622004 0.655929
0.639048 0.684793
0.656318 0.581289
0.673797 0.624125
0.691468 0.8466
0.709317 0.925777
0.38448 0.395528
0.38505 0.457872
0.386755 0.417744
0.38958 0.664095
0.393501 0.433765
0.398486 0.425318
0.404495 0.368936
0.411483 0.484817
0.419402 0.44713
0.4282 0.445064
0.437824 0.538231
0.44822 0.479978
0.459337 0.45
0.471123 0.590877
0.483529 0.595489
0.496509 0.661171
0.510019 0.495053
0.524017 0.476074
0.538467 0.57853
0.553333 0.411538
0.568581 0.449382
0.584182 0.63653
0.600109 0.513974
0.616336 0.633703
0.63284 0.771602
0.6496 0.793739
0.666597 0.929948
0.683813 0.811636
0.701232 0.871887
0.718838 1.05775
0.402865 0.891975
0.403409 0.45702
0.405037 0.467937
0.407735 0.573878
0.411483 0.452392
0.416253 0.454602
0.422009 0.456338
0.428712 0.33274
0.436318 0.604355
0.444782 0.751105
0.454054 0.432508
0.464087 0.582482
0.474832 0.78593
0.486243 0.485572
0.498272 0.608643
0.510878 0.513775
0.524017 0.48002
0.537652 0.767546
0.551745 0.815163
0.566262 0.71348
0.581171 0.505252
0.596443 0.452815
0.612051 0.635314
0.627969 0.724124
0.644175 0.612771
0.660648 0.949392
0.677368 1.11948
0.694316 0.907375
0.711478 0.742581
0.728837 1.06001
0.421489 0.497003
0.422009 0.37898
0.423565 0.463196
0.426146 0.278816
0.429734 0.583516
0.434303 0.303317
0.439823 0.433148
0.446259 0.4042
0.453571 0.806482
0.461718 0.651657
0.470657 0.439345
0.480343 0.734903
0.490732 0.436264
0.501781 0.639647
0.513447 0.4013
0.525689 0.545889
0.538467 0.66838
0.551745 0.457128
0.565487 0.562665
0.57966 0.547204
0.594233 0.578095
0.609177 0.61895
0.624467 0.62977
0.640077 0.557427
0.655984 0.817013
0.672167 0.726462
0.688607 0.696153
0.705286 0.631589
0.722187 0.843527
0.739295 0.925553
0.440321 0.369015
0.440819 0.429736
0.442309 0.604098
0.444782 0.528294
0.44822 0.427906
0.452603 0.610989
0.457902 0.546517
0.464087 0.566536
0.471123 0.492648
0.478971 0.703246
0.487594 0.602372
0.49695 0.457359
0.506999 0.565714
0.517701 0.997756
0.529016 0.695437
0.540906 0.712894
0.553333 0.333192
0.566262 0.428396
0.57966 0.692954
0.593494 0.914255
0.607736 0.92854
0.622356 0.834243
0.63733 0.774945
0.652632 0.653725
0.66824 0.840816
0.684133 0.91383
0.700293 0.696363
0.716699 0.642376
0.733337 1.26126
0.750191 1.17507
0.459337 0.439905
0.459814 0.48831
0.461243 0.624512
0.463614 0.209623
0.466914 0.513029
0.471123 0.56669
0.476216 0.319915
0.482166 0.568244
0.488941 0.326014
0.496509 0.485566
0.504832 0.484542
0.513874 0.548851
0.523599 0.622016
0.533968 0.64322
0.544945 0.599123
0.556495 0.607154
0.568581 0.592391
0.581171 0.828409
0.594233 0.557626
0.607736 0.765005
0.621651 0.728083
0.635952 0.768782
0.650612 0.839242
0.665609 0.874022
0.68092 0.87493
0.696524 0.854704
0.712402 1.36724
0.728536 1.08235
0.74491 0.898874
0.761508 1.06594
0.478513 0.527773
0.478971 0.38127
0.480343 0.786358
0.482621 0.348569
0.485791 0.640322
0.489838 0.477714
0.494739 0.412544
0.500468 0.826012
0.506999 0.393295
0.514301 0.693062
0.522341 0.52057
0.531085 0.387786
0.5405 0.492044
0.550551 0.75676
0.561204 0.582374
0.572425 0.771452
0.584182 0.624566
0.596443 0.63699
0.609177 0.655879
0.622356 0.762879
0.635952 0.699618
0.649938 0.457127
0.66429 0.694219
0.678985 0.767503
0.694001 0.782025
0.709317 0.722593
0.724915 1.21588
0.740777 0.681256
0.756886 1.36102
0.773226 0.866885
0.497832 0.64503
0.498272 0.534618
0.499591 0.374019
0.501781 0.709119
0.504832 0.710494
0.508727 0.443342
0.513447 0.377802
0.518971 0.820154
0.525272 0.364203
0.532323 0.671399
0.540094 0.559964
0.548556 0.479761
0.557676 0.676708
0.567423 0.432225
0.577765 0.656865
0.58867 0.788502
0.600109 0.689213
0.612051 0.737523
0.624467 0.779705
0.63733 0.946587
0.650612 0.590955
0.66429 0.54098
0.678338 0.683786
0.692735 0.93044
0.707459 0.899744
0.72249 1.23308
0.73781 1.10864
0.7534 1.20252
0.769245 0.897822
0.785328 1.19619
0.517277 0.476742
0.517701 0.457389
0.518971 0.562777
0.521079 0.474142
0.524017 0.600527
0.527771 0.463024
0.532323 0.635524
0.537652 0.510015
0.543737 0.522802
0.550551 0.568728
0.558069 0.555441
0.566262 0.465037
0.575101 0.541486
0.584558 0.835384
0.594602 0.531594
0.605204 0.765742
0.616336 0.667399
0.627969 0.791639
0.640077 0.955133
0.652632 0.897065
0.665609 0.829743
0.678985 0.698089
0.692735 0.937865
0.706839 0.925261
0.721275 0.96358
0.736024 1.30451
0.751068 1.14506
0.766388 0.917014
0.78197 1.43311
0.797797 1.40108
0.536836 0.444446
0.537244 0.568212
0.538467 0.435405
0.5405 0.610614
0.543333 0.602243
0.546954 0.672146
0.551347 0.486076
0.556495 0.623325
0.562375 0.606794
0.568967 0.505747
0.576244 0.484809
0.584182 0.577017
0.592755 0.597238
0.601934 0.57379
0.611692 0.411729
0.622004 0.70939
0.63284 0.63297
0.644175 0.603047
0.655984 0.641341
0.66824 0.763962
0.68092 1.0455
0.694001 0.663356
0.707459 0.685141
0.721275 0.750249
0.735428 1.42788
0.749899 0.89946
0.764669 1.01454
0.779723 1.20303
0.795043 1.03751
0.810615 0.991691
0.556495 0.525314
0.556889 0.530839
0.558069 0.483365
0.56003 0.398359
0.562765 0.555617
0.566262 0.396689
0.570506 0.671911
0.575482 0.586655
0.581171 0.981448
0.587552 0.649897
0.594602 0.595117
0.602298 0.680715
0.610616 1.09543
0.61953 0.52295
0.629016 0.790785
0.639048 0.643023
0.6496 0.677912
0.660648 0.821166
0.672167 0.84693
0.684133 1.023
0.696524 0.701602
0.709317 0.987922
0.72249 0.797153
0.736024 0.889367
0.749899 0.725068
0.764095 0.995958
0.778597 1.0109
0.793386 1.34326
0.808447 0.974464
0.823766 1.1165
0.576244 0.429223
0.576625 0.496419
0.577765 0.476906
0.57966 0.50117
0.582302 0.547416
0.585682 0.502653
0.589787 0.586217
0.594602 0.738036
0.600109 0.702273
0.60629 0.690078
0.613125 0.682517
0.620592 0.609919
0.628667 0.67306
0.63733 0.719822
0.646554 0.921673
0.656318 0.636248
0.666597 0.993145
0.677368 0.851976
0.688607 0.985697
0.700293 0.916182
0.712402 1.01768
0.724915 1.38599
0.73781 0.941199
0.751068 0.962392
0.764669 0.819336
0.778597 0.82652
0.792833 0.954312
0.807361 0.942647
0.822167 1.12962
0.837234 1.29252
0.596075 0.690572
0.596443 0.654214
0.597545 0.600407
0.599378 0.78885
0.601934 0.532326
0.605204 0.557148
0.609177 0.641713
0.61384 0.665753
0.619176 0.586241
0.625169 0.909079
0.6318 0.827926
0.639048 0.632358
0.646894 0.547495
0.655315 0.85637
0.66429 0.815201
0.673797 0.589606
0.683813 1.02494
0.694316 1.0086
0.705286 0.633606
0.716699 0.97659
0.728536 0.971058
0.740777 0.664011
0.7534 1.14914
0.766388 0.915758
0.779723 0.703454
0.793386 1.44846
0.807361 1.41316
0.821633 1.32492
0.836186 1.23939
0.851005 1.23076
0.61598 0.633307
0.616336 0.866292
0.617403 0.586524
0.619176 0.612539
0.621651 0.684236
0.624818 0.686519
0.628667 0.649047
0.633187 0.630239
0.638361 0.6764
0.644175 0.878102
0.650612 0.654008
0.657653 0.775505
0.66528 0.699494
0.673471 0.858713
0.682207 0.694754
0.691468 0.544164
0.701232 1.09568
0.711478 0.720181
0.722187 0.83677
0.733337 0.886879
0.74491 0.788555
0.756886 0.902381
0.769245 0.895403
0.78197 0.925156
0.795043 1.45694
0.808447 1.34487
0.822167 1.06801
0.836186 1.57952
0.850489 1.04767
0.865064 1.56459
0.635952 0.545375
0.636296 0.769792
0.63733 0.668522
0.639048 0.697213
0.641446 0.691583
0.644516 0.529323
0.648248 0.729395
0.652632 0.711224
0.657653 0.557148
0.663299 0.87288
0.669552 0.475112
0.676396 0.782401
0.683813 0.620289
0.691785 0.816576
0.700293 1.05345
0.709317 1.208
0.718838 0.503412
0.728837 0.906641
0.739295 1.03606
0.750191 0.757036
0.761508 1.10106
0.773226 0.758869
0.785328 0.892026
0.797797 1.36658
0.810615 1.29637
0.823766 1.50687
0.837234 1.02896
0.851005 1.23745
0.865064 0.991344
0.879397 1.18681
0.20944 2.7891
0.210484 2.28494
0.213587 1.17299
0.218661 2.59222
0.225573 1.03832
0.23416 0.424657
0.244246 1.12637
0.255654 0.673095
0.268213 0.580348
0.281772 0.439899
0.296192 0.652814
0.311354 0.443177
0.327155 0.428891
0.343506 1.11001
0.360333 0.547364
0.377572 0.345822
0.39517 0.398904
0.413079 0.515352
0.431262 0.291315
0.449686 0.446545
0.468321 0.787611
0.487144 0.392631
0.506133 0.611369
0.525272 0.444446
0.544543 0.47884
0.563933 0.714983
0.583431 0.740739
0.603026 0.57307
0.622708 0.572781
0.642471 0.806993
0.210484 3.56156
0.211524 1.30648
0.214612 0.504986
0.219662 0.722701
0.226543 1.589
0.235095 0.355386
0.245143 0.570152
0.25651 0.651161
0.26903 0.401068
0.282549 0.239045
0.296932 0.827208
0.312058 0.417838
0.327825 0.670288
0.344144 0.338189
0.360942 0.539751
0.378153 0.774589
0.395724 0.427239
0.41361 0.456204
0.431771 0.339606
0.450173 0.509487
0.468789 0.551788
0.487594 0.300125
0.506567 0.594075
0.525689 0.597823
0.544945 0.39729
0.564322 0.717935
0.583807 0.557496
0.603389 0.665944
0.623061 0.868272
0.642812 0.701207
0.213587 3.13722
0.214612 2.14164
0.217656 1.04135
0.222637 1.51424
0.229429 0.689083
0.237878 0.855116
0.247812 0.359256
0.259062 0.567306
0.271465 1.07317
0.284869 0.447204
0.299139 0.316616
0.314159 0.896338
0.329826 0.535722
0.346051 0.576802
0.36276 0.308316
0.379889 0.384664
0.397384 0.54301
0.415198 0.456375
0.433292 0.244008
0.451632 0.44264
0.470191 0.604874
0.488941 0.295934
0.507864 0.614528
0.526939 0.67598
0.546151 0.700799
0.565487 0.703208
0.584933 0.911276
0.604479 0.984781
0.624116 0.778947
0.643835 0.817804
0.218661 1.38358
0.219662 2.6959
0.222637 0.539524
0.22751 2.09892
0.23416 0.554162
0.242444 0.618061
0.252199 1.37392
0.263261 0.606766
0.275475 0.556855
0.288692 0.784134
0.302783 0.408273
0.317631 0.356909
0.333134 0.442843
0.349205 0.586337
0.36577 0.400113
0.382765 0.542011
0.400134 0.389614
0.417831 0.420099
0.435815 0.645138
0.454054 0.370492
0.472517 0.483354
0.491179 0.447834
0.510019 0.769775
0.529016 0.382403
0.548156 0.533814
0.567423 0.492123
0.586805 0.628574
0.60629 0.415914
0.62587 0.597477
0.645536 0.695378
0.225573 0.947394
0.226543 0.236429
0.229429 1.35511
0.23416 0.799026
0.240628 0.373098
0.248696 0.487902
0.258214 0.894158
0.26903 0.326866
0.280993 0.423878
0.293962 0.986111
0.307812 0.396204
0.322428 0.497282
0.337711 0.480295
0.353575 0.350172
0.369944 0.4433
0.386755 0.43204
0.403952 0.341201
0.421489 0.440683
0.439324 0.375707
0.457423 0.492996
0.475755 0.671934
0.494295 0.477784
0.51302 0.54655
0.53191 0.70892
0.550949 0.854353
0.570122 0.604058
0.589415 0.41372
0.608817 0.843433
0.628319 0.722009
0.64791 0.910215
0.23416 1.54027
0.235095 0.632174
0.237878 0.802986
0.242444 1.28637
0.248696 0.637911
0.25651 0.770319
0.265749 0.867656
0.27627 0.535674
0.287932 0.753144
0.300602 0.374067
0.314159 0.498703
0.328493 0.715722
0.343506 0.506033
0.359114 0.3141
0.375242 0.479624
0.391825 0.447512
0.40881 0.409211
0.426146 0.462631
0.443794 0.565907
0.461718 0.509385
0.479886 0.441996
0.498272 1.27118
0.516853 0.694776
0.535609 0.483271
0.554521 0.638027
0.573574 0.550645
0.592755 0.642228
0.612051 0.698748
0.631452 0.609602
0.650949 0.917299
0.244246 0.544269
0.245143 0.70264
0.247812 1.53214
0.252199 0.480603
0.258214 0.714673
0.265749 0.772435
0.274677 0.306541
0.284869 1.39217
0.296192 1.12059
0.308524 0.352298
0.321747 0.554234
0.335757 0.728435
0.350459 0.303299
0.36577 0.410699
0.381617 0.414195
0.397935 0.277709
0.414669 0.383104
0.431771 0.392288
0.449198 0.374856
0.466914 0.477063
0.484888 0.464197
0.503091 0.849066
0.5215 0.335615
0.540094 0.574
0.558854 0.57307
0.577765 0.443523
0.596811 0.624508
0.61598 0.734094
0.635261 0.682602
0.654645 0.774244
0.255654 1.27459
0.25651 1.36121
0.259062 0.47376
0.263261 0.491705
0.26903 1.22211
0.27627 0.556314
0.284869 0.384553
0.294708 0.571213
0.305667 0.591162
0.317631 0.495791
0.33049 0.511241
0.344144 0.305947
0.358503 0.863161
0.373484 0.434113
0.389017 0.616845
0.405037 0.450439
0.421489 0.396698
0.438324 0.505431
0.455501 0.317646
0.472981 0.42555
0.490732 0.513664
0.508727 0.460926
0.526939 0.433498
0.545348 0.651626
0.563933 0.636057
0.582679 0.822733
0.601569 0.492749
0.620592 0.566566
0.639734 0.666222
0.658986 0.918993
0.268213 0.808716
0.26903 1.35543
0.271465 0.27613
0.275475 0.335946
0.280993 0.326392
0.287932 0.437645
0.296192 0.749837
0.305667 0.815336
0.316247 0.335307
0.327825 0.617791
0.340299 0.454925
0.353575 0.381978
0.367565 0.438182
0.382191 0.433033
0.397384 0.425016
0.413079 0.645654
0.429223 0.382612
0.445767 0.69842
0.462667 0.371502
0.479886 0.416643
0.497391 0.583947
0.515153 0.727209
0.533146 0.507858
0.551347 0.628494
0.569737 0.848125
0.588298 0.566323
0.607013 0.719761
0.62587 0.801038
0.644856 0.862274
0.66396 0.499306
0.281772 0.720067
0.282549 0.419336
0.284869 0.430039
0.288692 0.38622
0.293962 0.388454
0.300602 0.271465
0.308524 0.555949
0.317631 0.254543
0.327825 0.542729
0.339007 0.377461
0.351085 0.485105
0.363967 0.431889
0.377572 0.494287
0.391825 0.485656
0.406658 0.327933
0.422009 0.465214
0.437824 0.353702
0.454054 0.60201
0.470657 0.529931
0.487594 0.544668
0.504832 0.751724
0.522341 0.615817
0.540094 0.62625
0.558069 0.605983
0.576244 0.59834
0.594602 0.771842
0.613125 0.580902
0.6318 0.6766
0.650612 0.483171
0.669552 1.05185
0.296192 0.476174
0.296932 0.455888
0.299139 0.38303
0.302783 0.571931
0.307812 1.04097
0.314159 0.694646
0.321747 0.223784
0.33049 0.428191
0.340299 0.403172
0.351085 0.503197
0.36276 0.390462
0.375242 0.664611
0.388452 0.462343
0.40232 0.454662
0.416779 0.358087
0.431771 0.511994
0.44724 0.273705
0.463141 0.483744
0.479429 0.455666
0.496067 0.492611
0.51302 0.583652
0.530258 0.5005
0.547755 0.871407
0.565487 0.59207
0.583431 0.761239
0.601569 0.547217
0.619884 0.553005
0.638361 0.629067
0.656986 0.685846
0.675747 0.564765
0.311354 0.489142
0.312058 0.491712
0.314159 0.193093
0.317631 1.44246
0.322428 0.342518
0.328493 0.787849
0.335757 0.420261
0.344144 0.549065
0.353575 0.489969
0.363967 0.769713
0.375242 0.482006
0.387322 0.279563
0.400134 0.384429
0.41361 0.72458
0.427688 0.560966
0.442309 0.6875
0.457423 0.324509
0.472981 0.401826
0.488941 0.46161
0.505266 0.55631
0.521921 0.519122
0.538874 0.676152
0.5561 0.68535
0.573574 0.708277
0.591273 0.403117
0.609177 0.636926
0.62727 0.573506
0.645536 1.0119
0.66396 0.638723
0.682529 1.01734
0.327155 0.308809
0.327825 0.309905
0.329826 0.420953
0.333134 0.343442
0.337711 0.660682
0.343506 0.191973
0.350459 0.419151
0.358503 0.571321
0.367565 0.438339
0.377572 0.491813
0.388452 0.504143
0.400134 0.464807
0.412548 0.40812
0.425631 0.455319
0.439324 0.457819
0.453571 0.534658
0.468321 0.291439
0.483529 0.445168
0.499152 0.493708
0.515153 0.690357
0.531498 0.607774
0.548156 0.582053
0.565099 0.717744
0.582302 0.943425
0.599743 0.737955
0.617403 0.520682
0.635261 0.666525
0.653304 0.707236
0.671514 0.813815
0.68988 0.86872
0.343506 0.376006
0.344144 0.195554
0.346051 0.51178
0.349205 0.396685
0.353575 0.560952
0.359114 0.499833
0.36577 0.243278
0.373484 0.341022
0.382191 0.439415
0.391825 0.211827
0.40232 0.368103
0.41361 0.601607
0.425631 0.431425
0.438324 0.349757
0.451632 0.479488
0.465503 0.416878
0.479886 0.549031
0.494739 0.644433
0.510019 0.673818
0.525689 0.475689
0.541716 0.510851
0.558069 0.653174
0.57472 0.541072
0.591643 0.56193
0.608817 0.768555
0.626221 0.374002
0.643835 1.32494
0.661643 0.4586
0.67963 0.852031
0.697783 0.776321
0.360333 0.369457
0.360942 0.308319
0.36276 0.477645
0.36577 0.310895
0.369944 0.363861
0.375242 0.603792
0.381617 0.435019
0.389017 0.588728
0.397384 0.325518
0.406658 0.491028
0.416779 0.440735
0.427688 0.410378
0.439324 0.472182
0.451632 0.516068
0.464559 0.611015
0.478055 0.351505
0.492071 0.648916
0.506567 0.705604
0.5215 0.511297
0.536836 0.7149
0.552539 0.401807
0.568581 0.76508
0.584933 0.610554
0.601569 0.834096
0.618467 0.624113
0.635607 0.720278
0.652968 0.737804
0.670534 0.921901
0.688288 0.74249
0.706218 0.858863
0.377572 0.443632
0.378153 0.693714
0.379889 0.342077
0.382765 0.546267
0.386755 0.346655
0.391825 0.329409
0.397935 0.420998
0.405037 0.356283
0.413079 0.333732
0.422009 0.368827
0.431771 0.402446
0.442309 0.344475
0.453571 0.596926
0.465503 0.513078
0.478055 0.500836
0.491179 0.608877
0.504832 0.423171
0.518971 0.514161
0.533557 0.719577
0.548556 0.500795
0.563933 0.482775
0.57966 0.475144
0.595707 0.739393
0.612051 0.891295
0.628667 0.537887
0.645536 0.661689
0.662637 0.863801
0.679953 0.516732
0.697468 0.632671
0.715168 0.973868
0.39517 0.409693
0.395724 0.470071
0.397384 0.450352
0.400134 0.523155
0.403952 0.738937
0.40881 0.32556
0.414669 0.468406
0.421489 0.351314
0.429223 0.486499
0.437824 0.700616
0.44724 0.483454
0.457423 0.480574
0.468321 0.421942
0.479886 0.454305
0.492071 0.480248
0.504832 0.446338
0.518125 0.465154
0.53191 0.765855
0.546151 0.549792
0.560813 0.576085
0.575863 0.648104
0.591273 0.517815
0.607013 0.60787
0.623061 0.528387
0.639391 0.585233
0.655984 0.819322
0.672819 0.748738
0.68988 1.01067
0.707149 1.02215
0.724612 1.04168
0.413079 0.472227
0.41361 0.55003
0.415198 0.502303
0.417831 0.321752
0.421489 0.461637
0.426146 0.322921
0.431771 0.596617
0.438324 0.758001
0.445767 0.753933
0.454054 0.460137
0.463141 0.542618
0.472981 0.363092
0.483529 0.384164
0.494739 0.933843
0.506567 0.691331
0.518971 0.675029
0.53191 0.477243
0.545348 0.33175
0.559247 0.926112
0.573574 0.653036
0.588298 0.693858
0.603389 0.770541
0.618822 0.638736
0.634571 0.501489
0.650612 0.834088
0.666926 0.666113
0.683492 0.91574
0.700293 0.883187
0.717311 0.878575
0.734533 0.742802
0.431262 0.538986
0.431771 0.371321
0.433292 0.38107
0.435815 0.827666
0.439324 0.288667
0.443794 0.510274
0.449198 0.488781
0.455501 0.327464
0.462667 0.395258
0.470657 0.445028
0.479429 0.625478
0.488941 0.542054
0.499152 0.604548
0.510019 0.470612
0.5215 0.665633
0.533557 0.476828
0.546151 0.496943
0.559247 0.43496
0.572808 0.721051
0.586805 0.598176
0.601204 0.783345
0.61598 0.780164
0.631105 0.749002
0.646554 0.678758
0.662306 0.582933
0.678338 0.745284
0.694632 0.925853
0.71117 0.694489
0.727934 1.30999
0.74491 0.92899
0.449686 0.483757
0.450173 0.533967
0.451632 0.763699
0.454054 0.435164
0.457423 0.386055
0.461718 0.408143
0.466914 0.401152
0.472981 0.437742
0.479886 0.498668
0.487594 0.51372
0.496067 0.661126
0.505266 0.439268
0.515153 0.582699
0.525689 0.614941
0.536836 0.503855
0.548556 0.734829
0.560813 0.390937
0.573574 0.582446
0.586805 0.678813
0.600474 0.562329
0.614554 0.717747
0.629016 0.672002
0.643835 0.429637
0.658986 1.12807
0.674447 0.773412
0.690198 0.860598
0.706218 0.700931
0.72249 0.674153
0.738998 0.982384
0.755726 1.09374
0.468321 0.401716
0.468789 0.483051
0.470191 0.449852
0.472517 0.567762
0.475755 0.656668
0.479886 0.580543
0.484888 0.524276
0.490732 0.362939
0.497391 0.475015
0.504832 0.376927
0.51302 0.485195
0.521921 0.543416
0.531498 0.533142
0.541716 0.724755
0.552539 0.542127
0.563933 0.686966
0.575863 0.580949
0.588298 0.742612
0.601204 0.68085
0.614554 0.781882
0.628319 0.622913
0.642471 0.892937
0.656986 0.838631
0.671841 0.897195
0.687013 0.912771
0.702481 0.878008
0.718228 0.954157
0.734234 0.881394
0.750483 1.008
0.766961 0.971122
0.487144 0.581398
0.487594 0.395411
0.488941 0.35576
0.491179 0.474765
0.494295 0.641904
0.498272 0.500769
0.503091 0.367104
0.508727 0.491895
0.515153 0.459829
0.522341 0.44597
0.530258 0.585208
0.538874 0.653046
0.548156 0.634802
0.558069 0.487013
0.568581 0.592647
0.57966 0.515351
0.591273 0.594215
0.603389 0.722551
0.61598 0.777403
0.629016 0.438009
0.642471 0.591361
0.656318 0.766856
0.670534 0.825149
0.685095 0.981777
0.699979 0.689321
0.715168 0.87544
0.730641 1.06887
0.746381 1.07701
0.762371 0.869955
0.778597 1.0978
0.506133 0.578262
0.506567 0.439576
0.507864 0.553859
0.510019 0.429282
0.51302 0.49298
0.516853 0.623313
0.5215 0.530644
0.526939 0.649265
0.533146 0.693234
0.540094 0.512091
0.547755 0.382932
0.5561 0.443466
0.565099 0.860227
0.57472 0.868283
0.584933 0.36576
0.595707 0.652142
0.607013 0.711544
0.618822 0.83663
0.631105 0.837962
0.643835 0.504775
0.656986 0.783511
0.670534 0.868804
0.684454 0.632786
0.698725 0.818921
0.713325 1.10747
0.728235 1.11513
0.743437 0.797441
0.758911 0.706257
0.774643 1.08722
0.790617 1.03196
0.525272 0.83553
0.525689 0.616083
0.526939 0.575495
0.529016 0.473652
0.53191 0.508433
0.535609 0.457124
0.540094 0.599827
0.545348 0.351793
0.551347 0.436184
0.558069 0.52219
0.565487 0.419491
0.573574 0.524487
0.582302 0.625709
0.591643 0.647578
0.601569 0.697564
0.612051 0.652253
0.623061 0.792978
0.634571 0.534358
0.646554 0.544201
0.658986 0.719795
0.671841 0.921638
0.685095 0.937199
0.698725 0.914124
0.71271 0.883562
0.72703 0.555101
0.741664 0.936951
0.756596 1.20737
0.771807 0.89457
0.787281 0.981222
0.803003 1.0193
0.544543 0.574309
0.544945 0.575891
0.546151 0.573144
0.548156 0.58429
0.550949 0.65109
0.554521 0.744882
0.558854 0.564268
0.563933 0.343063
0.569737 0.595079
0.576244 0.625245
0.583431 0.610442
0.591273 0.573458
0.599743 0.392625
0.608817 0.676868
0.618467 0.718386
0.628667 0.889877
0.639391 0.480083
0.650612 0.807538
0.662306 0.551473
0.674447 1.00488
0.687013 0.735591
0.699979 0.793257
0.713325 0.937561
0.72703 0.866043
0.741073 1.21011
0.755435 0.782644
0.7701 1.05757
0.785049 1.08767
0.800267 0.827536
0.815739 1.23212
0.563933 0.696003
0.564322 0.691061
0.565487 0.662774
0.567423 0.453665
0.570122 0.584358
0.573574 0.494321
0.577765 0.610527
0.582679 0.698854
0.588298 0.959976
0.594602 0.357588
0.601569 0.457289
0.609177 0.77752
0.617403 0.48652
0.626221 0.598988
0.635607 0.641342
0.645536 0.686299
0.655984 0.594939
0.666926 0.747532
0.678338 1.06038
0.690198 1.05503
0.702481 0.748177
0.715168 1.05192
0.728235 0.974744
0.741664 0.641724
0.755435 0.766758
0.76953 1.52325
0.783931 0.998975
0.798621 1.07945
0.813586 1.07564
0.828809 1.23999
0.583431 0.61827
0.583807 0.727303
0.584933 0.688543
0.586805 0.484029
0.589415 0.507954
0.592755 0.419765
0.596811 0.751901
0.601569 0.547511
0.607013 0.683812
0.613125 0.821024
0.619884 0.849167
0.62727 0.595872
0.635261 0.545253
0.643835 0.66647
0.652968 0.735832
0.662637 0.839756
0.672819 0.903491
0.683492 0.634189
0.694632 0.80318
0.706218 0.691227
0.718228 0.729331
0.730641 0.850318
0.743437 0.623498
0.756596 0.98454
0.7701 0.999734
0.783931 1.09253
0.798072 1.17995
0.812507 1.58624
0.82722 1.06527
0.842197 0.952429
0.603026 0.821628
0.603389 0.810465
0.604479 0.562831
0.60629 0.528986
0.608817 0.512741
0.612051 0.589219
0.61598 0.507747
0.620592 0.479023
0.62587 0.748909
0.6318 0.682201
0.638361 0.644015
0.645536 0.50629
0.653304 0.804276
0.661643 0.759045
0.670534 1.08056
0.679953 0.777732
0.68988 0.684863
0.700293 1.13977
0.71117 0.998739
0.72249 1.10045
0.734234 0.606056
0.746381 0.814318
0.758911 1.16663
0.771807 1.05948
0.785049 1.01751
0.798621 0.825465
0.812507 1.45305
0.826689 1.10377
0.841155 1.654
0.855888 1.64046
0.622708 0.694989
0.623061 0.772162
0.624116 0.728581
0.62587 0.71017
0.628319 0.626704
0.631452 0.664234
0.635261 0.733841
0.639734 0.654629
0.644856 0.632032
0.650612 0.775373
0.656986 0.730537
0.66396 0.660258
0.671514 0.792955
0.67963 0.785842
0.688288 1.00158
0.697468 0.74534
0.707149 0.784943
0.717311 0.686323
0.727934 1.37296
0.738998 0.852207
0.750483 0.992475
0.762371 0.795647
0.774643 0.975275
0.787281 0.991934
0.800267 0.89617
0.813586 1.17382
0.82722 1.29447
0.841155 1.02763
0.855375 1.57357
0.869868 1.21402
0.642471 0.629679
0.642812 0.780872
0.643835 0.693503
0.645536 0.499816
0.64791 0.699317
0.650949 0.643377
0.654645 0.64383
0.658986 0.640723
0.66396 0.764775
0.669552 0.789604
0.675747 0.737119
0.682529 0.921464
0.68988 0.716045
0.697783 0.701699
0.706218 0.903128
0.715168 0.910814
0.724612 0.702834
0.734533 1.11258
0.74491 1.02123
0.755726 0.987294
0.766961 0.599097
0.778597 0.942934
0.790617 0.914093
0.803003 1.1089
0.815739 1.19466
0.828809 1.00818
0.842197 1.55383
0.855888 1.11389
0.869868 1.51402
0.884123 1.37367
0.230383 0.668303
0.231334 0.698441
0.23416 0.637482
0.238798 0.67242
0.245143 0.465429
0.253067 1.76579
0.262427 0.617121
0.273076 0.82851
0.284869 0.298697
0.297669 0.456647
0.311354 0.365485
0.325811 0.290318
0.340943 0.370791
0.356663 0.388852
0.372896 0.344712
0.38958 0.316964
0.406658 0.473996
0.424083 0.668552
0.441813 0.417586
0.459814 0.650985
0.478055 0.601625
0.496509 0.443383
0.515153 0.71683
0.533968 0.609681
0.552936 0.833323
0.572042 0.619919
0.591273 0.624111
0.610616 0.594189
0.630061 0.794193
0.6496 0.710492
0.231334 0.704414
0.23228 1.11732
0.235095 1.18083
0.239714 0.490257
0.246036 2.06684
0.253932 0.424284
0.263261 1.05328
0.273878 0.688552
0.285637 0.991084
0.298405 0.438944
0.312058 0.399924
0.326484 0.282534
0.341586 0.319664
0.357277 0.40907
0.373484 0.400249
0.390143 0.53776
0.407197 0.444969
0.4246 0.460505
0.442309 0.456884
0.460291 0.503971
0.478513 0.399458
0.49695 0.564123
0.515579 0.533144
0.534379 0.638193
0.553333 0.611682
0.572425 0.56789
0.591643 0.818309
0.610975 0.524433
0.630409 0.507381
0.649938 0.794506
0.23416 0.922494
0.235095 0.694894
0.237878 0.674724
0.242444 0.921781
0.248696 1.60972
0.25651 0.734755
0.265749 0.415037
0.27627 0.446802
0.287932 0.441423
0.300602 0.799041
0.314159 0.375111
0.328493 0.877606
0.343506 0.466021
0.359114 0.97838
0.375242 0.397257
0.391825 0.251003
0.40881 0.414081
0.426146 0.439982
0.443794 0.588468
0.461718 0.369941
0.479886 0.487763
0.498272 0.443505
0.516853 0.355595
0.535609 0.683174
0.554521 0.453161
0.573574 0.471383
0.592755 0.585903
0.612051 0.686054
0.631452 0.938759
0.650949 0.817381
0.238798 1.37688
0.239714 0.573074
0.242444 0.300306
0.246926 0.377544
0.253067 1.04054
0.26075 1.35837
0.269844 0.316294
0.280211 0.860239
0.291715 0.298797
0.304228 0.60315
0.317631 0.391078
0.331815 0.409693
0.346684 0.813832
0.362155 0.460972
0.378153 0.509662
0.394614 0.366862
0.411483 0.365789
0.428712 0.475312
0.446259 0.980679
0.464087 0.562295
0.482166 0.466593
0.500468 0.584215
0.518971 0.427833
0.537652 0.842118
0.556495 0.521386
0.575482 0.427811
0.594602 0.644471
0.61384 0.957345
0.633187 0.75678
0.652632 0.804954
0.245143 0.856449
0.246036 1.62487
0.248696 1.46083
0.253067 1.43215
0.259062 1.58135
0.266573 1.36844
0.275475 0.749101
0.285637 0.450873
0.296932 0.422528
0.309234 0.430668
0.322428 0.459054
0.33641 0.260837
0.351085 0.564699
0.36637 0.4389
0.382191 0.587614
0.398486 0.357624
0.415198 0.558585
0.432278 0.567322
0.449686 0.525213
0.467383 0.397745
0.48534 0.451323
0.503527 0.430657
0.521921 0.474123
0.5405 0.535472
0.559247 0.405878
0.578144 0.580465
0.597178 0.637324
0.616336 0.613884
0.635607 0.489814
0.65498 0.834515
0.253067 0.974251
0.253932 1.59704
0.25651 1.78983
0.26075 0.793014
0.266573 0.587292
0.273878 0.440516
0.282549 0.48606
0.292466 0.413114
0.303507 0.512135
0.315552 0.247734
0.328493 0.546589
0.342227 0.496158
0.356663 0.276764
0.371718 0.335724
0.387322 0.533628
0.403409 0.471762
0.419925 0.399572
0.436821 0.43209
0.454054 0.410605
0.471588 0.401004
0.48939 0.361115
0.507432 0.426684
0.525689 0.629812
0.54414 0.635771
0.562765 0.53157
0.581548 0.664125
0.600474 0.530734
0.61953 0.797698
0.638705 1.05977
0.657987 0.693255
0.262427 0.4117
0.263261 0.87398
0.265749 1.20164
0.269844 0.662669
0.275475 1.19093
0.282549 0.492596
0.290963 0.410359
0.300602 0.404129
0.311354 0.327495
0.323108 0.636912
0.335757 0.4167
0.349205 0.46262
0.363364 0.480638
0.378153 0.3421
0.393501 0.246567
0.409346 0.425912
0.425631 0.467334
0.442309 0.456975
0.459337 0.691745
0.476676 0.561705
0.494295 0.41688
0.512164 0.913155
0.530258 0.634513
0.548556 0.374084
0.567036 0.886814
0.585682 0.980898
0.604479 0.557005
0.623412 0.537273
0.642471 0.749362
0.661643 0.555696
0.273076 1.16797
0.273878 0.649467
0.27627 0.53359
0.280211 0.641752
0.285637 0.640883
0.292466 0.26953
0.300602 0.61221
0.309942 0.331293
0.320381 0.297328
0.331815 0.392624
0.344144 0.847032
0.357277 0.670043
0.371128 0.330047
0.385619 0.569601
0.400681 0.647033
0.416253 0.405323
0.432278 0.578055
0.448709 0.491836
0.465503 0.35226
0.482621 0.583336
0.50003 0.761365
0.517701 0.601298
0.535609 0.504254
0.553729 0.602504
0.572042 0.525908
0.59053 0.751662
0.609177 0.646461
0.627969 0.738097
0.646894 0.939446
0.665939 0.68479
0.284869 0.549501
0.285637 0.224044
0.287932 0.588352
0.291715 0.371833
0.296932 0.350137
0.303507 0.620085
0.311354 0.39068
0.320381 0.576836
0.33049 0.641449
0.341586 0.38332
0.353575 0.477626
0.36637 0.285903
0.379889 0.592561
0.394058 0.412718
0.40881 0.340213
0.424083 0.360001
0.439823 0.841669
0.455982 0.575654
0.472517 0.645792
0.48939 0.66793
0.506567 0.592548
0.524017 0.408252
0.541716 0.677271
0.559639 0.557579
0.577765 0.78439
0.596075 0.749311
0.614554 0.49688
0.633187 0.936361
0.651959 0.771274
0.670861 0.796849
0.297669 0.229305
0.298405 0.446484
0.300602 0.32359
0.304228 0.812728
0.309234 0.484148
0.315552 0.485505
0.323108 0.412766
0.331815 0.869051
0.341586 0.401258
0.352332 0.528003
0.363967 0.348956
0.376409 0.475437
0.38958 0.337005
0.403409 0.385925
0.417831 0.40208
0.432785 0.464153
0.44822 0.457044
0.464087 0.526786
0.480343 0.450451
0.49695 0.506304
0.513874 0.586415
0.531085 0.57888
0.548556 0.632314
0.566262 0.488537
0.584182 0.772451
0.602298 0.555439
0.620592 0.77826
0.639048 0.584975
0.657653 1.07661
0.676396 0.837673
0.311354 0.509797
0.312058 0.452889
0.314159 0.821881
0.317631 0.298234
0.322428 0.225888
0.328493 0.669925
0.335757 0.285764
0.344144 0.361532
0.353575 0.433071
0.363967 0.54989
0.375242 0.302821
0.387322 0.461891
0.400134 0.239204
0.41361 0.630904
0.427688 0.459521
0.442309 0.55701
0.457423 0.404397
0.472981 0.63317
0.488941 0.428981
0.505266 0.419209
0.521921 0.490278
0.538874 0.689683
0.5561 0.495482
0.573574 0.839164
0.591273 0.575134
0.609177 0.577858
0.62727 0.766551
0.645536 0.797081
0.66396 1.06063
0.682529 0.872565
0.325811 0.336996
0.326484 0.701853
0.328493 0.594857
0.331815 0.315231
0.33641 0.234091
0.342227 0.414511
0.349205 0.436043
0.357277 0.487686
0.36637 0.4867
0.376409 0.595465
0.387322 0.386329
0.399036 0.340442
0.411483 0.541782
0.4246 0.547995
0.438324 0.338527
0.452603 0.494767
0.467383 0.705908
0.482621 0.368683
0.498272 0.542799
0.514301 0.806845
0.530672 0.362648
0.547355 0.508141
0.564322 0.458265
0.581548 0.622593
0.599012 0.646921
0.616692 0.530127
0.634571 0.631734
0.652632 0.822109
0.670861 0.553448
0.689244 0.810326
0.340943 0.527669
0.341586 0.607769
0.343506 0.444492
0.346684 0.514194
0.351085 0.369715
0.356663 0.301582
0.363364 0.324308
0.371128 0.579155
0.379889 0.426661
0.38958 0.357174
0.400134 0.354976
0.411483 0.34171
0.423565 0.626232
0.436318 0.468711
0.449686 0.426569
0.463614 0.46596
0.478055 0.479482
0.492962 0.389227
0.508295 0.611981
0.524017 0.503378
0.540094 0.486101
0.556495 0.378229
0.573191 0.700316
0.590159 0.506762
0.607375 0.644983
0.624818 0.750758
0.642471 0.726806
0.660316 0.686935
0.678338 0.790902
0.696524 0.689682
0.356663 0.661278
0.357277 0.362149
0.359114 0.271275
0.362155 0.375175
0.36637 0.496447
0.371718 0.247532
0.378153 0.511057
0.385619 0.296258
0.394058 0.675638
0.403409 0.329476
0.41361 0.338819
0.4246 0.284544
0.436318 0.400562
0.448709 0.277492
0.461718 0.350228
0.475294 0.526113
0.48939 0.497914
0.503962 0.483769
0.518971 0.484815
0.534379 0.668583
0.550153 0.607314
0.566262 0.577264
0.582679 0.464536
0.599378 0.798113
0.616336 0.429076
0.633533 0.563121
0.650949 0.675692
0.668568 0.853206
0.686374 0.979483
0.704352 0.783188
0.372896 0.407121
0.373484 0.398825
0.375242 0.283547
0.378153 0.583181
0.382191 0.449609
0.387322 0.730013
0.393501 0.447266
0.400681 0.373491
0.40881 0.474295
0.417831 0.317347
0.427688 0.512509
0.438324 0.499301
0.449686 0.693568
0.461718 0.521261
0.47437 0.358014
0.487594 0.474127
0.501344 0.318778
0.515579 0.407898
0.530258 0.689873
0.545348 0.540796
0.560813 0.668026
0.576625 0.621061
0.592755 0.696603
0.609177 0.74359
0.62587 0.526985
0.642812 0.620016
0.659984 0.821235
0.677368 0.865072
0.694948 0.69144
0.71271 1.01634
0.38958 0.370869
0.390143 0.57652
0.391825 0.399622
0.394614 0.394679
0.398486 0.475918
0.403409 0.537629
0.409346 0.35195
0.416253 0.416336
0.424083 0.519072
0.432785 0.74316
0.442309 0.664211
0.452603 0.543466
0.463614 0.484504
0.475294 0.624259
0.487594 0.490868
0.500468 0.356947
0.513874 0.396212
0.527771 0.610263
0.542121 0.423654
0.556889 0.708077
0.572042 0.303327
0.587552 0.468876
0.603389 0.713608
0.61953 0.65185
0.635952 0.697353
0.652632 0.593021
0.669552 0.720087
0.686693 0.545185
0.704041 1.0776
0.721579 1.03192
0.406658 0.540387
0.407197 0.580715
0.40881 0.499373
0.411483 0.380034
0.415198 0.346865
0.419925 0.4412
0.425631 0.438043
0.432278 0.39594
0.439823 0.549415
0.44822 0.443427
0.457423 0.648982
0.467383 0.446272
0.478055 0.557099
0.48939 0.396029
0.501344 0.81508
0.513874 0.55926
0.526939 0.550597
0.5405 0.553375
0.554521 0.508979
0.568967 0.440419
0.583807 0.714409
0.599012 0.586045
0.614554 0.762981
0.630409 0.69064
0.646554 0.657098
0.662968 0.930371
0.67963 0.957308
0.696524 0.783407
0.713633 1.0257
0.730941 0.867736
0.424083 0.467527
0.4246 0.57631
0.426146 0.526784
0.428712 0.590292
0.432278 0.561561
0.436821 0.484733
0.442309 0.506053
0.448709 0.389158
0.455982 0.470604
0.464087 0.674828
0.472981 0.564279
0.482621 0.603273
0.492962 0.586629
0.503962 0.709271
0.515579 0.426613
0.527771 0.663323
0.5405 0.610813
0.553729 0.599528
0.567423 0.566052
0.581548 0.6376
0.596075 0.393092
0.610975 0.372254
0.626221 0.62088
0.641788 0.886872
0.657653 0.853673
0.673797 0.88668
0.690198 0.960944
0.706839 1.34421
0.723704 1.06865
0.740777 0.759503
0.441813 0.524746
0.442309 0.269412
0.443794 0.424593
0.446259 0.429764
0.449686 0.546682
0.454054 0.477655
0.459337 0.408336
0.465503 0.444165
0.472517 0.568423
0.480343 0.348033
0.488941 0.681377
0.498272 0.506746
0.508295 0.607069
0.518971 0.364603
0.530258 0.477987
0.542121 0.469871
0.554521 0.770597
0.567423 0.723484
0.580794 0.678164
0.594602 0.713914
0.608817 0.811265
0.623412 0.517121
0.638361 0.857241
0.653639 0.633816
0.669224 0.722704
0.685095 0.795104
0.701232 0.764462
0.717617 0.823992
0.734234 0.845982
0.751068 1.2627
0.459814 0.370716
0.460291 0.428065
0.461718 0.584866
0.464087 0.659557
0.467383 0.429883
0.471588 0.338997
0.476676 0.365106
0.482621 0.456873
0.48939 0.415207
0.49695 0.374914
0.505266 0.609684
0.514301 0.622284
0.524017 0.831098
0.534379 0.804096
0.545348 0.686864
0.556889 0.459471
0.568967 0.526113
0.581548 0.524631
0.594602 0.888033
0.608096 0.48291
0.622004 0.826661
0.636296 0.765675
0.650949 0.763178
0.665939 0.763094
0.681242 1.09892
0.696839 0.738539
0.71271 0.816939
0.728837 0.892192
0.745204 1.0032
0.761796 0.893039
0.478055 0.403331
0.478513 0.353869
0.479886 0.254547
0.482166 0.405936
0.48534 0.386812
0.48939 0.374346
0.494295 0.471847
0.50003 0.430347
0.506567 0.422671
0.513874 0.529363
0.521921 0.651249
0.530672 0.457049
0.540094 0.665357
0.550153 0.855848
0.560813 0.46812
0.572042 0.546345
0.583807 0.562387
0.596075 0.590768
0.608817 0.854098
0.622004 0.746071
0.635607 0.71828
0.6496 0.687155
0.66396 0.996186
0.678662 0.934413
0.693684 0.689518
0.709008 1.1359
0.724612 0.671345
0.74048 0.981708
0.756596 1.16822
0.772942 1.39377
0.496509 0.434128
0.49695 0.263132
0.498272 0.737222
0.500468 0.559176
0.503527 0.442031
0.507432 0.533722
0.512164 0.595411
0.517701 0.353484
0.524017 0.444485
0.531085 0.353513
0.538874 0.455535
0.547355 0.59527
0.556495 0.567552
0.566262 0.423214
0.576625 0.589515
0.587552 0.779144
0.599012 0.720831
0.610975 0.649758
0.623412 0.580315
0.636296 1.04708
0.6496 0.848195
0.663299 0.790733
0.677368 0.861131
0.691785 1.18026
0.706529 0.514762
0.721579 0.78255
0.736918 0.906944
0.752526 1.06728
0.768389 0.973032
0.78449 0.868652
0.515153 0.564067
0.515579 0.375817
0.516853 0.651684
0.518971 0.551368
0.521921 0.479228
0.525689 0.4494
0.530258 0.523135
0.535609 0.576879
0.541716 0.534915
0.548556 0.698368
0.5561 0.608106
0.564322 0.583606
0.573191 0.557668
0.582679 0.781276
0.592755 0.546934
0.603389 0.707951
0.614554 0.612514
0.626221 0.462169
0.638361 0.833367
0.650949 0.744051
0.66396 0.579984
0.677368 0.708663
0.69115 0.862008
0.705286 1.48084
0.719753 0.883375
0.734533 1.10205
0.749606 1.07179
0.764956 1.27051
0.780566 1.06494
0.796421 0.893102
0.533968 0.553086
0.534379 0.344962
0.535609 0.652309
0.537652 0.465081
0.5405 0.612798
0.54414 0.549636
0.548556 0.672971
0.553729 0.689821
0.559639 0.426665
0.566262 0.679684
0.573574 0.711028
0.581548 0.584652
0.590159 0.62978
0.599378 0.552246
0.609177 0.453672
0.61953 0.600311
0.630409 0.846744
0.641788 0.558308
0.653639 0.696134
0.665939 0.712964
0.678662 0.610855
0.691785 0.826678
0.705286 0.916188
0.719143 0.81812
0.733337 0.818807
0.747849 0.894642
0.762659 1.13832
0.777751 1.19875
0.79311 0.926588
0.808719 0.758503
0.552936 0.539901
0.553333 0.592289
0.554521 0.593239
0.556495 0.347743
0.559247 0.593662
0.562765 0.506989
0.567036 0.517779
0.572042 0.553817
0.577765 0.511685
0.584182 0.392042
0.591273 0.747351
0.599012 0.51484
0.607375 0.560876
0.616336 0.637565
0.62587 0.616592
0.635952 0.699283
0.646554 0.713949
0.657653 0.863963
0.669224 0.57432
0.681242 0.57573
0.693684 0.602051
0.706529 0.609026
0.719753 0.990906
0.733337 0.872009
0.747262 0.962921
0.761508 1.12407
0.776057 0.938577
0.790894 0.960319
0.806002 0.904491
0.821366 1.28786
0.572042 0.579021
0.572425 0.811964
0.573574 0.701676
0.575482 0.832331
0.578144 0.608849
0.581548 0.675087
0.585682 0.430826
0.59053 0.540282
0.596075 0.805164
0.602298 0.636568
0.609177 0.477508
0.616692 0.61483
0.624818 0.63862
0.633533 0.495958
0.642812 0.88113
0.652632 0.670729
0.662968 0.889777
0.673797 0.701424
0.685095 0.652472
0.696839 1.03753
0.709008 0.511812
0.721579 1.03963
0.734533 0.833187
0.747849 1.23314
0.761508 1.18817
0.775492 1.08775
0.789784 1.00257
0.804368 0.912604
0.819227 1.09131
0.834348 1.43583
0.591273 0.660645
0.591643 0.607027
0.592755 0.623504
0.594602 0.488283
0.597178 0.564857
0.600474 0.661578
0.604479 0.864187
0.609177 0.703776
0.614554 0.434587
0.620592 0.518513
0.62727 0.812814
0.634571 0.82772
0.642471 0.52907
0.650949 0.692017
0.659984 0.81308
0.669552 0.568637
0.67963 0.578253
0.690198 1.17018
0.701232 0.918482
0.71271 1.12412
0.724612 0.743053
0.736918 1.41495
0.749606 1.43846
0.762659 0.98095
0.776057 1.11172
0.789784 0.895478
0.803822 1.29333
0.818156 1.31545
0.832769 1.55255
0.847648 0.921938
0.610616 0.622208
0.610975 0.443458
0.612051 0.549755
0.61384 0.777692
0.616336 0.646212
0.61953 0.516233
0.623412 0.795227
0.627969 0.55316
0.633187 0.958527
0.639048 0.733054
0.645536 0.740352
0.652632 0.966893
0.660316 0.624499
0.668568 0.608417
0.677368 0.58228
0.686693 0.831777
0.696524 0.76215
0.706839 0.894711
0.717617 0.967748
0.728837 0.793154
0.74048 1.14361
0.752526 1.10341
0.764956 1.25902
0.777751 1.14505
0.790894 1.12189
0.804368 1.5384
0.818156 1.50696
0.832242 0.990332
0.846612 1.33001
0.861252 1.47798
0.630061 0.602676
0.630409 0.555273
0.631452 0.628024
0.633187 0.603503
0.635607 0.663663
0.638705 0.676829
0.642471 0.592947
0.646894 0.656619
0.651959 0.691477
0.657653 0.696991
0.66396 0.835217
0.670861 0.661401
0.678338 1.08633
0.686374 0.923198
0.694948 0.947209
0.704041 0.573334
0.713633 0.867864
0.723704 0.91803
0.734234 1.00679
0.745204 1.29533
0.756596 1.04448
0.768389 0.91547
0.780566 1.26814
0.79311 1.17828
0.806002 1.26823
0.819227 1.5793
0.832769 1.50098
0.846612 1.43643
0.860743 1.32021
0.875146 1.07017
0.6496 0.718782
0.649938 0.774339
0.650949 0.821078
0.652632 0.561261
0.65498 0.725954
0.657987 0.950377
0.661643 0.887069
0.665939 0.779925
0.670861 0.711701
0.676396 0.701738
0.682529 0.595683
0.689244 0.861862
0.696524 0.631546
0.704352 0.753764
0.71271 0.8612
0.721579 0.721741
0.730941 0.933081
0.740777 0.92505
0.751068 1.0606
0.761796 0.712803
0.772942 1.21801
0.78449 1.09352
0.796421 1.25135
0.808719 1.23353
0.821366 1.41394
0.834348 1.49137
0.847648 1.15736
0.861252 1.22665
0.875146 1.38792
0.889317 1.20815
0.251327 1.65006
0.252199 0.875098
0.254794 0.381423
0.259062 0.628251
0.264922 1.53468
0.272271 0.626357
0.280993 0.622784
0.290963 0.876337
0.302058 0.516733
0.314159 0.395891
0.327155 0.226244
0.340943 0.310306
0.355431 0.538223
0.370536 0.255575
0.386187 0.251729
0.40232 0.636887
0.418879 0.321677
0.435815 0.441542
0.453087 0.331828
0.470657 0.450507
0.488493 0.668129
0.506567 0.796636
0.524854 0.564017
0.543333 0.477183
0.561985 0.645696
0.580794 0.537841
0.599743 0.655861
0.618822 0.914384
0.638018 0.680622
0.65732 0.873624
0.252199 0.322961
0.253067 0.384594
0.255654 0.923874
0.259908 0.352729
0.265749 1.18908
0.273076 0.279493
0.281772 0.492248
0.291715 0.323963
0.302783 0.268626
0.314857 1.15471
0.327825 0.657677
0.341586 0.476181
0.356047 0.659018
0.371128 0.280364
0.386755 0.35013
0.402865 0.415932
0.419402 0.438309
0.436318 0.37439
0.453571 0.488377
0.471123 0.530251
0.488941 0.331948
0.506999 0.525005
0.525272 0.454518
0.543737 0.484381
0.562375 0.575651
0.581171 0.5592
0.600109 0.763695
0.619176 0.562326
0.638361 0.95434
0.657653 0.959359
0.254794 0.958554
0.255654 0.305809
0.258214 0.418368
0.262427 0.965947
0.268213 0.28614
0.275475 0.429552
0.284098 0.563176
0.293962 0.538196
0.304949 0.400281
0.316939 0.878271
0.329826 0.371831
0.343506 0.599166
0.35789 0.478408
0.372896 0.332131
0.388452 0.587912
0.404495 0.546518
0.420968 0.451044
0.437824 0.504198
0.455019 0.516014
0.472517 0.537856
0.490285 0.673563
0.508295 0.594017
0.526523 0.495307
0.544945 0.558935
0.563544 0.464985
0.582302 0.531118
0.601204 0.721044
0.620238 0.607121
0.639391 0.786846
0.658653 0.757097
0.259062 0.522479
0.259908 0.554595
0.262427 0.987822
0.266573 0.323533
0.272271 0.994001
0.279427 0.339791
0.287932 0.388313
0.297669 0.632542
0.308524 0.798379
0.320381 0.27111
0.333134 0.448671
0.346684 0.453313
0.360942 0.511846
0.375826 0.546826
0.391265 0.435254
0.407197 0.471526
0.423565 0.450244
0.440321 0.474274
0.457423 0.446546
0.474832 0.410046
0.492517 0.466943
0.510448 0.662405
0.528601 0.528847
0.546954 0.574817
0.565487 0.746678
0.584182 0.632611
0.603026 0.706722
0.622004 0.635955
0.641104 0.694531
0.660316 0.863193
0.264922 0.433562
0.265749 0.212528
0.268213 0.671088
0.272271 0.372665
0.277853 0.694579
0.284869 0.60253
0.293215 0.742899
0.302783 0.993003
0.31346 0.39094
0.325138 0.840439
0.337711 0.438378
0.351085 0.531667
0.36517 0.436101
0.379889 0.444121
0.39517 0.526031
0.41095 0.418238
0.427174 0.478964
0.443794 0.51607
0.460767 0.372248
0.478055 0.518756
0.495624 0.408045
0.513447 0.59616
0.531498 0.720609
0.549754 0.526622
0.568195 0.578942
0.586805 0.696648
0.605566 0.745357
0.624467 0.458084
0.643494 0.695036
0.662637 0.890543
0.272271 0.39537
0.273076 0.434234
0.275475 0.611125
0.279427 0.533686
0.284869 0.578369
0.291715 0.270236
0.299872 0.484152
0.309234 0.665153
0.319696 0.373622
0.331153 0.426124
0.343506 0.395224
0.356663 0.37513
0.370536 0.414353
0.38505 0.474911
0.400134 0.335519
0.415726 0.499078
0.431771 0.474842
0.44822 0.454539
0.465031 0.369204
0.482166 0.690857
0.499591 0.473556
0.517277 0.524695
0.535199 0.502853
0.553333 0.472073
0.571659 0.713935
0.590159 0.746818
0.608817 0.757125
0.62762 0.61868
0.646554 0.689924
0.665609 1.02983
0.280993 0.50488
0.281772 0.249316
0.284098 0.373147
0.287932 0.618025
0.293215 0.42413
0.299872 0.401132
0.307812 0.719817
0.316939 0.472735
0.327155 0.591944
0.33836 0.49844
0.350459 0.256085
0.363364 0.277477
0.376991 0.378998
0.391265 0.366343
0.406118 0.322401
0.421489 0.351148
0.437323 0.513592
0.453571 0.331554
0.470191 0.451455
0.487144 0.561008
0.504397 0.49285
0.521921 0.518447
0.539688 0.562019
0.557676 0.622974
0.575863 0.787905
0.594233 0.703746
0.612767 0.577799
0.631452 0.921706
0.650275 0.679479
0.669224 0.660562
0.290963 0.855817
0.291715 0.719182
0.293962 0.317813
0.297669 0.457899
0.302783 0.925356
0.309234 0.547392
0.316939 0.586446
0.325811 0.281359
0.335757 0.42667
0.346684 0.877793
0.358503 0.36299
0.371128 0.575315
0.38448 0.413821
0.398486 0.376083
0.413079 0.429515
0.4282 0.80941
0.443794 0.474135
0.459814 0.352171
0.476216 0.504018
0.492962 0.546024
0.510019 0.57623
0.527355 0.592989
0.544945 0.378101
0.562765 0.472415
0.580794 0.561994
0.599012 0.802558
0.617403 0.63899
0.635952 0.635555
0.654645 0.899708
0.673471 0.878555
0.302058 0.353461
0.302783 0.474679
0.304949 0.433861
0.308524 0.387582
0.31346 0.77187
0.319696 0.459034
0.327155 0.336042
0.335757 0.33949
0.345416 0.313439
0.356047 0.559303
0.367565 0.304629
0.379889 0.721079
0.392943 0.377439
0.406658 0.555162
0.420968 0.398202
0.435815 0.336289
0.451147 0.60848
0.466914 0.340293
0.483075 0.508454
0.499591 0.563652
0.516429 0.536197
0.533557 0.664072
0.550949 0.564549
0.568581 0.449744
0.586431 0.732633
0.604479 0.682394
0.622708 0.732264
0.641104 0.53598
0.659651 0.605352
0.678338 0.628517
0.314159 0.95905
0.314857 0.406058
0.316939 0.489794
0.320381 0.281914
0.325138 0.379329
0.331153 0.493455
0.33836 0.387494
0.346684 0.415537
0.356047 0.243723
0.36637 0.37377
0.377572 0.298825
0.38958 0.391594
0.40232 0.693008
0.415726 0.747321
0.429734 0.517039
0.444288 0.400667
0.459337 0.359779
0.474832 0.415212
0.490732 0.559803
0.506999 0.582248
0.523599 0.538829
0.5405 0.511725
0.557676 0.541887
0.575101 0.643391
0.592755 0.496229
0.610616 0.929138
0.628667 0.587547
0.646894 0.70306
0.66528 0.729746
0.683813 0.960077
0.327155 0.573653
0.327825 0.545106
0.329826 0.273605
0.333134 0.583135
0.337711 0.382669
0.343506 0.324875
0.350459 0.548686
0.358503 0.46207
0.367565 0.548256
0.377572 0.508
0.388452 0.283999
0.400134 0.573556
0.412548 0.348426
0.425631 0.47404
0.439324 0.532642
0.453571 0.514611
0.468321 0.351821
0.483529 0.589677
0.499152 0.517174
0.515153 0.504694
0.531498 0.637009
0.548156 0.767754
0.565099 0.542029
0.582302 0.65786
0.599743 0.649784
0.617403 0.72137
0.635261 0.532067
0.653304 0.83786
0.671514 0.717647
0.68988 0.719771
0.340943 0.52219
0.341586 0.540213
0.343506 0.748683
0.346684 0.730866
0.351085 0.46239
0.356663 0.560385
0.363364 0.352409
0.371128 0.488228
0.379889 0.43313
0.38958 0.283862
0.400134 0.430026
0.411483 0.586469
0.423565 0.554033
0.436318 0.501653
0.449686 0.769475
0.463614 0.512949
0.478055 0.429893
0.492962 0.358554
0.508295 0.429683
0.524017 0.636844
0.540094 0.486921
0.556495 0.669828
0.573191 0.77533
0.590159 0.792554
0.607375 0.774182
0.624818 0.787585
0.642471 0.546134
0.660316 1.02466
0.678338 0.697095
0.696524 0.874145
0.355431 0.295883
0.356047 0.523043
0.35789 0.342335
0.360942 0.451608
0.36517 0.538707
0.370536 0.338451
0.376991 0.340541
0.38448 0.394913
0.392943 0.338101
0.40232 0.529814
0.412548 0.354317
0.423565 0.594541
0.435312 0.551631
0.447731 0.477605
0.460767 0.651658
0.47437 0.587691
0.488493 0.275151
0.503091 0.469017
0.518125 0.457067
0.533557 0.497195
0.549355 0.437402
0.565487 0.447109
0.581925 0.533743
0.598645 0.675621
0.615624 0.536201
0.63284 0.903345
0.650275 0.788114
0.667912 0.711064
0.685735 0.973531
0.703729 1.03083
0.370536 0.562515
0.371128 0.535375
0.372896 0.427624
0.375826 0.435344
0.379889 0.523394
0.38505 0.321892
0.391265 0.337024
0.398486 0.445736
0.406658 0.343017
0.415726 0.552736
0.425631 0.342431
0.436318 0.348996
0.447731 0.586787
0.459814 0.461044
0.472517 0.368658
0.485791 0.437825
0.499591 0.549931
0.513874 0.383975
0.528601 0.7
0.543737 0.540071
0.559247 0.662646
0.575101 0.551542
0.591273 0.498819
0.607736 0.508282
0.624467 0.430979
0.641446 0.732209
0.658653 0.700349
0.676071 0.621037
0.693684 0.999738
0.711478 1.11311
0.386187 0.453127
0.386755 0.601671
0.388452 0.434536
0.391265 0.296385
0.39517 0.323167
0.400134 0.349364
0.406118 0.530383
0.413079 0.530579
0.420968 0.451368
0.429734 0.429024
0.439324 0.318498
0.449686 0.65019
0.460767 0.433642
0.472517 0.784902
0.484888 0.460759
0.497832 0.463974
0.511307 0.523489
0.525272 0.480017
0.539688 0.673609
0.554521 0.443136
0.569737 0.481623
0.585308 0.553224
0.601204 0.806603
0.617403 0.803302
0.633879 0.853696
0.650612 0.430527
0.667583 0.843921
0.684774 0.936422
0.702169 0.922636
0.719753 0.990256
0.40232 0.331588
0.402865 0.396705
0.404495 0.501756
0.407197 0.488595
0.41095 0.377355
0.415726 0.389565
0.421489 0.282695
0.4282 0.382563
0.435815 0.398389
0.444288 0.317564
0.453571 0.881434
0.463614 0.759389
0.47437 0.513669
0.485791 0.497635
0.497832 0.805525
0.510448 0.566935
0.523599 0.470918
0.537244 0.538455
0.551347 0.573674
0.565874 0.33607
0.580794 0.769858
0.596075 0.504426
0.611692 0.624711
0.62762 0.744013
0.643835 0.716068
0.660316 0.58562
0.677044 0.957981
0.694001 0.666031
0.71117 0.83119
0.728536 0.968644
0.418879 0.546926
0.419402 0.527207
0.420968 0.343959
0.423565 0.345735
0.427174 0.550317
0.431771 0.894928
0.437323 0.371062
0.443794 0.589551
0.451147 0.558773
0.459337 0.531131
0.468321 0.295862
0.478055 0.496406
0.488493 0.360284
0.499591 0.383935
0.511307 0.342051
0.523599 0.503471
0.536427 0.513029
0.549754 0.580377
0.563544 0.43162
0.577765 0.544146
0.592384 0.932609
0.607375 0.519963
0.622708 0.809829
0.638361 0.594938
0.65431 0.67647
0.670534 0.815224
0.687013 0.721257
0.703729 0.777207
0.720667 0.870625
0.73781 0.987142
0.435815 0.442798
0.436318 0.353939
0.437824 0.471796
0.440321 0.376585
0.443794 0.524332
0.44822 0.568828
0.453571 0.459298
0.459814 0.579866
0.466914 0.294661
0.474832 0.454683
0.483529 0.523745
0.492962 1.04794
0.503091 0.634134
0.513874 0.499188
0.525272 0.652844
0.537244 0.655758
0.549754 0.474899
0.562765 0.534712
0.576244 0.792266
0.590159 0.708613
0.604479 0.596307
0.619176 0.742635
0.634225 0.761433
0.6496 0.679324
0.66528 1.02907
0.681242 0.950547
0.697468 0.930755
0.71394 0.704215
0.730641 1.09283
0.747555 0.722939
0.453087 0.45247
0.453571 0.495733
0.455019 0.433587
0.457423 0.455497
0.460767 0.664308
0.465031 0.450007
0.470191 0.530688
0.476216 0.66627
0.483075 0.671581
0.490732 0.502883
0.499152 0.596133
0.508295 0.416546
0.518125 0.268142
0.528601 0.780079
0.539688 0.587977
0.551347 0.535642
0.563544 0.458085
0.576244 0.703624
0.589415 0.680057
0.603026 0.911877
0.617047 0.650854
0.631452 0.663873
0.646215 0.764136
0.661312 0.67025
0.67672 0.802495
0.692419 0.77868
0.708389 0.504834
0.724612 0.961411
0.741073 1.10885
0.757754 1.05768
0.470657 0.466208
0.471123 0.544791
0.472517 0.694618
0.474832 0.459682
0.478055 0.415261
0.482166 0.381173
0.487144 0.56925
0.492962 0.543294
0.499591 0.715657
0.506999 0.328135
0.515153 0.631715
0.524017 0.716021
0.533557 0.757543
0.543737 0.597901
0.554521 0.446399
0.565874 0.763151
0.577765 0.62908
0.590159 0.859322
0.603026 0.636874
0.616336 0.932681
0.630061 0.460863
0.644175 0.521557
0.658653 0.630492
0.673471 0.78059
0.688607 0.882288
0.704041 1.03531
0.719753 0.919663
0.735726 1.11456
0.751943 0.916688
0.768389 1.26458
0.488493 0.538183
0.488941 0.417447
0.490285 0.622584
0.492517 0.608472
0.495624 0.55463
0.499591 0.880829
0.504397 0.520284
0.510019 0.579593
0.516429 0.547821
0.523599 0.531021
0.531498 0.59156
0.540094 0.751353
0.549355 0.609242
0.559247 0.7888
0.569737 0.622046
0.580794 0.559881
0.592384 0.541512
0.604479 0.676894
0.617047 0.682994
0.630061 0.586517
0.643494 0.803706
0.65732 0.901295
0.671514 0.851016
0.686054 0.865989
0.700919 0.971374
0.716087 0.80042
0.731541 0.948779
0.747262 0.930575
0.763234 1.03461
0.779441 1.19159
0.506567 0.736489
0.506999 0.386061
0.508295 0.396563
0.510448 0.422975
0.513447 0.489869
0.517277 0.514806
0.521921 0.53884
0.527355 0.619036
0.533557 0.448576
0.5405 0.530518
0.548156 0.637565
0.556495 0.456181
0.565487 0.54046
0.575101 0.675626
0.585308 0.533604
0.596075 0.549353
0.607375 0.607046
0.619176 0.837833
0.631452 0.462385
0.644175 0.909001
0.65732 0.827573
0.670861 0.966253
0.684774 0.772144
0.699039 0.494103
0.713633 1.04569
0.728536 0.962545
0.743731 1.10575
0.7592 0.929675
0.774926 1.28122
0.790894 0.954564
0.524854 0.494854
0.525272 0.637784
0.526523 0.525179
0.528601 0.672404
0.531498 0.341698
0.535199 0.498126
0.539688 0.634841
0.544945 0.67756
0.550949 0.598902
0.557676 0.444809
0.565099 0.827739
0.573191 0.688556
0.581925 0.34968
0.591273 0.601229
0.601204 0.717937
0.611692 0.791212
0.622708 0.790146
0.634225 0.624851
0.646215 0.678918
0.658653 0.820315
0.671514 0.775739
0.684774 0.714398
0.698411 0.797364
0.712402 0.650852
0.726728 0.898718
0.741369 1.0909
0.756306 1.03411
0.771522 0.900415
0.787002 1.18755
0.80273 0.914977
0.543333 0.685819
0.543737 0.605747
0.544945 0.839637
0.546954 0.602029
0.549754 0.508575
0.553333 0.605552
0.557676 0.577699
0.562765 0.60781
0.568581 0.79624
0.575101 0.482683
0.582302 0.433959
0.590159 0.518831
0.598645 0.709989
0.607736 0.578844
0.617403 0.553487
0.62762 0.74075
0.638361 0.788866
0.6496 0.628001
0.661312 0.774242
0.673471 0.817813
0.686054 0.812381
0.699039 1.08309
0.712402 0.899026
0.726124 0.730265
0.740184 0.936971
0.754564 1.08396
0.769245 0.750823
0.78421 0.953133
0.799445 0.924533
0.814932 1.41253
0.561985 0.677972
0.562375 0.537966
0.563544 0.785182
0.565487 0.695998
0.568195 0.533383
0.571659 0.911757
0.575863 0.587365
0.580794 0.391361
0.586431 0.559297
0.592755 0.603347
0.599743 0.824724
0.607375 0.616261
0.615624 0.654175
0.624467 0.598179
0.633879 0.857717
0.643835 0.619575
0.65431 0.666124
0.66528 0.536075
0.67672 0.674664
0.688607 0.682566
0.700919 0.800884
0.713633 0.528506
0.726728 0.764461
0.740184 1.05375
0.753982 1.01094
0.768104 1.19406
0.782531 0.851049
0.797247 0.737736
0.812237 1.34228
0.827485 0.876742
0.580794 0.475718
0.581171 0.542705
0.582302 0.577987
0.584182 0.628592
0.586805 0.734805
0.590159 0.653095
0.594233 0.414426
0.599012 0.568935
0.604479 0.539544
0.610616 0.416834
0.617403 0.789158
0.624818 0.42555
0.63284 1.05579
0.641446 0.849837
0.650612 0.625026
0.660316 0.669461
0.670534 0.674643
0.681242 1.03286
0.692419 0.771858
0.704041 1.12705
0.716087 0.705167
0.728536 0.901647
0.741369 0.998752
0.754564 1.24096
0.768104 0.952277
0.78197 0.983826
0.796146 1.11847
0.810615 1.56789
0.825362 1.25279
0.840372 1.20021
0.599743 0.798094
0.600109 0.405076
0.601204 0.637039
0.603026 0.408915
0.605566 0.452711
0.608817 0.566397
0.612767 0.519749
0.617403 0.757952
0.622708 0.870063
0.628667 0.689706
0.635261 0.535732
0.642471 0.725895
0.650275 0.632469
0.658653 0.862673
0.667583 0.667636
0.677044 0.752404
0.687013 0.819741
0.697468 0.736889
0.708389 0.95193
0.719753 0.839674
0.731541 0.756884
0.743731 0.953382
0.756306 0.751871
0.769245 0.924259
0.782531 1.23006
0.796146 1.18308
0.810073 1.18559
0.824298 1.29726
0.838805 1.12889
0.853578 1.4865
0.618822 0.758291
0.619176 0.740542
0.620238 1.09565
0.622004 0.569802
0.624467 0.818652
0.62762 0.671989
0.631452 0.70136
0.635952 0.560213
0.641104 0.678231
0.646894 0.75775
0.653304 0.729848
0.660316 0.465941
0.667912 0.747075
0.676071 1.04566
0.684774 0.70261
0.694001 0.771639
0.703729 0.929568
0.71394 0.730783
0.724612 1.0342
0.735726 0.853937
0.747262 0.831629
0.7592 1.20118
0.771522 0.918635
0.78421 0.888882
0.797247 0.893377
0.810615 1.13163
0.824298 1.2433
0.838281 1.4034
0.85255 1.20939
0.86709 1.20359
0.638018 0.661142
0.638361 0.469356
0.639391 0.939388
0.641104 0.704627
0.643494 0.7225
0.646554 0.531212
0.650275 0.773055
0.654645 0.65844
0.659651 0.769439
0.66528 0.998902
0.671514 0.644098
0.678338 0.924867
0.685735 0.963352
0.693684 1.03952
0.702169 1.04679
0.71117 0.903443
0.720667 1.09894
0.730641 1.09932
0.741073 0.851628
0.751943 0.735952
0.763234 0.745842
0.774926 0.868833
0.787002 0.99208
0.799445 0.97337
0.812237 1.16669
0.825362 0.994731
0.838805 1.44564
0.85255 1.31303
0.866584 1.06252
0.880892 1.05402
0.65732 0.83341
0.657653 0.958726
0.658653 0.555669
0.660316 0.881676
0.662637 0.560333
0.665609 0.798234
0.669224 1.08348
0.673471 0.822712
0.678338 0.72733
0.683813 0.685094
0.68988 0.839327
0.696524 0.778649
0.703729 0.794663
0.711478 1.1064
0.719753 0.986855
0.728536 1.01624
0.73781 0.857565
0.747555 1.06163
0.757754 1.04874
0.768389 1.23868
0.779441 0.945522
0.790894 0.979352
0.80273 1.25836
0.814932 0.943334
0.827485 1.49808
0.840372 1.02716
0.853578 1.10345
0.86709 1.35227
0.880892 1.285
0.894971 1.17483
0.272271 0.511975
0.273076 0.446665
0.275475 0.501683
0.279427 0.843629
0.284869 0.426764
0.291715 0.307732
0.299872 0.623931
0.309234 0.460007
0.319696 0.35492
0.331153 0.842537
0.343506 0.590993
0.356663 0.283709
0.370536 0.370222
0.38505 0.415195
0.400134 0.516716
0.415726 0.404537
0.431771 0.46006
0.44822 0.582636
0.465031 0.397297
0.482166 0.337674
0.499591 0.668286
0.517277 0.522442
0.535199 0.599072
0.553333 0.540202
0.571659 0.542881
0.590159 0.525545
0.608817 0.759177
0.62762 0.815977
0.646554 0.85724
0.665609 0.795914
0.273076 0.500098
0.273878 0.996577
0.27627 0.473433
0.280211 0.431497
0.285637 0.407351
0.292466 0.307701
0.300602 0.917012
0.309942 0.350487
0.320381 0.387624
0.331815 0.855727
0.344144 0.56888
0.357277 0.545796
0.371128 0.463828
0.385619 0.520109
0.400681 0.369503
0.416253 0.337784
0.432278 0.601121
0.448709 0.475136
0.465503 0.285596
0.482621 0.60544
0.50003 0.678747
0.517701 0.779115
0.535609 0.557759
0.553729 0.627076
0.572042 0.576311
0.59053 0.561023
0.609177 0.589402
0.627969 0.613597
0.646894 0.579869
0.665939 0.788165
0.275475 0.334591
0.27627 0.485599
0.278641 1.16222
0.282549 0.416075
0.287932 1.14324
0.294708 0.486784
0.302783 0.586624
0.312058 1.0314
0.322428 0.622116
0.333792 0.556369
0.346051 0.25734
0.359114 0.401495
0.372896 0.431946
0.387322 0.252418
0.40232 0.363255
0.417831 0.360196
0.433798 0.322897
0.450173 0.468145
0.466914 0.499822
0.483982 0.408618
0.501344 0.491602
0.518971 0.446107
0.536836 0.463693
0.554916 0.804066
0.573191 0.649316
0.591643 0.818985
0.610257 0.496754
0.629016 0.416881
0.64791 0.654659
0.666926 0.89425
0.279427 0.568562
0.280211 0.514103
0.282549 1.40374
0.286404 0.469005
0.291715 0.507497
0.298405 0.887423
0.306384 0.631527
0.315552 0.316894
0.325811 0.286039
0.337061 0.464153
0.349205 0.381975
0.362155 0.409528
0.375826 0.585973
0.390143 0.482515
0.405037 0.28214
0.420447 0.465175
0.436318 0.360294
0.452603 0.812574
0.469257 0.368491
0.486243 0.41517
0.503527 0.663735
0.521079 0.521138
0.538874 0.566577
0.556889 0.519375
0.575101 0.584147
0.593494 0.47491
0.612051 0.419931
0.630757 0.69121
0.6496 1.02247
0.668568 0.663732
0.284869 0.620877
0.285637 0.650474
0.287932 0.333116
0.291715 0.956483
0.296932 1.26703
0.303507 0.371599
0.311354 0.945727
0.320381 0.685597
0.33049 0.403745
0.341586 0.31763
0.353575 0.29573
0.36637 0.52249
0.379889 0.73954
0.394058 0.321862
0.40881 0.499852
0.424083 0.462036
0.439823 0.80469
0.455982 0.597714
0.472517 0.480889
0.48939 0.263484
0.506567 0.785199
0.524017 0.662568
0.541716 0.906158
0.559639 0.78375
0.577765 0.423776
0.596075 0.463805
0.614554 0.851474
0.633187 0.890669
0.651959 0.585844
0.670861 1.01496
0.291715 0.32896
0.292466 0.265459
0.294708 0.4453
0.298405 0.696105
0.303507 0.362246
0.309942 0.629111
0.317631 0.596543
0.326484 0.332966
0.33641 0.420867
0.347316 0.540622
0.359114 0.732231
0.371718 0.317412
0.38505 0.621505
0.399036 0.333138
0.41361 0.664988
0.428712 0.424325
0.444288 0.438199
0.460291 0.330587
0.476676 0.428928
0.493407 0.444783
0.510448 0.528412
0.527771 0.579691
0.545348 0.724711
0.563155 0.617506
0.581171 0.62619
0.599378 0.807359
0.617758 0.722682
0.636296 0.691415
0.65498 0.616444
0.673797 1.0598
0.299872 0.620274
0.300602 0.295389
0.302783 0.648712
0.306384 0.884562
0.311354 0.596198
0.317631 0.379204
0.325138 0.228637
0.333792 0.45972
0.343506 0.574572
0.354194 0.477709
0.36577 0.453752
0.378153 0.290075
0.391265 0.360604
0.405037 0.392741
0.419402 0.379464
0.434303 0.592303
0.449686 0.489752
0.465503 0.521969
0.481711 0.450655
0.498272 0.495879
0.515153 0.683537
0.532323 0.494898
0.549754 0.588361
0.567423 0.5596
0.585308 0.66112
0.603389 0.509192
0.621651 0.574463
0.640077 0.756057
0.658653 1.06859
0.677368 0.642224
0.309234 0.614238
0.309942 0.593976
0.312058 0.39387
0.315552 0.64031
0.320381 0.554818
0.326484 0.370516
0.333792 0.462615
0.342227 0.413571
0.351709 0.344029
0.362155 0.348792
0.373484 0.228317
0.385619 0.438356
0.398486 0.336379
0.412016 0.3825
0.426146 0.396601
0.440819 0.504033
0.455982 0.435176
0.471588 0.747864
0.487594 0.336365
0.503962 0.486106
0.520658 0.547151
0.537652 0.581936
0.554916 0.48207
0.572425 0.738663
0.590159 0.788474
0.608096 0.915342
0.626221 0.586707
0.644516 0.705452
0.662968 0.872407
0.681564 0.680188
0.319696 0.805563
0.320381 0.871703
0.322428 0.425319
0.325811 0.524739
0.33049 0.356498
0.33641 0.547411
0.343506 0.265642
0.351709 0.584468
0.360942 0.376236
0.371128 0.263777
0.382191 0.734793
0.394058 0.397905
0.406658 0.38839
0.419925 0.537147
0.433798 0.518846
0.44822 0.478034
0.463141 0.421497
0.478513 0.480111
0.494295 0.409047
0.510448 0.650737
0.526939 0.417669
0.543737 0.424675
0.560813 0.507133
0.578144 0.881163
0.595707 0.79486
0.613483 0.851805
0.631452 0.639111
0.6496 0.595686
0.667912 0.929272
0.686374 0.857978
0.331153 0.355057
0.331815 0.315491
0.333792 0.279219
0.337061 0.473564
0.341586 0.660426
0.347316 0.43966
0.354194 0.5976
0.362155 0.582058
0.371128 0.41693
0.381042 0.504459
0.391825 0.544936
0.403409 0.417892
0.415726 0.506933
0.428712 0.289391
0.442309 0.500349
0.456463 0.417559
0.471123 0.530141
0.486243 0.455762
0.501781 0.569754
0.517701 0.731128
0.533968 0.527063
0.550551 0.355577
0.567423 0.765828
0.584558 0.460932
0.601934 0.67545
0.61953 0.476685
0.63733 1.26096
0.655315 0.533652
0.673471 0.902316
0.691785 0.996716
0.343506 0.427179
0.344144 0.323245
0.346051 0.349571
0.349205 0.6758
0.353575 0.417355
0.359114 0.427162
0.36577 0.217911
0.373484 0.33211
0.382191 0.306266
0.391825 0.354044
0.40232 0.335081
0.41361 0.487957
0.425631 0.510051
0.438324 0.400747
0.451632 0.523886
0.465503 0.662905
0.479886 0.439538
0.494739 0.645061
0.510019 0.44428
0.525689 0.613396
0.541716 0.656346
0.558069 0.755419
0.57472 0.631732
0.591643 0.390367
0.608817 0.559587
0.626221 0.546927
0.643835 0.757411
0.661643 0.685723
0.67963 0.63193
0.697783 0.874729
0.356663 0.557248
0.357277 0.541046
0.359114 0.458865
0.362155 0.591194
0.36637 0.40596
0.371718 0.402014
0.378153 0.577223
0.385619 0.28693
0.394058 0.414918
0.403409 0.402753
0.41361 0.485504
0.4246 0.487186
0.436318 0.324202
0.448709 0.601595
0.461718 0.462577
0.475294 0.320573
0.48939 0.530949
0.503962 0.941609
0.518971 0.418881
0.534379 0.591658
0.550153 0.522637
0.566262 0.761177
0.582679 0.566182
0.599378 0.480837
0.616336 1.06688
0.633533 0.715737
0.650949 0.988009
0.668568 0.736217
0.686374 1.02134
0.704352 1.03855
0.370536 0.499611
0.371128 0.346419
0.372896 0.465935
0.375826 0.494058
0.379889 0.626708
0.38505 0.310298
0.391265 0.337229
0.398486 0.375425
0.406658 0.536342
0.415726 0.375013
0.425631 0.438317
0.436318 0.402892
0.447731 0.48452
0.459814 0.480916
0.472517 0.550792
0.485791 0.500672
0.499591 0.417792
0.513874 0.529495
0.528601 0.608422
0.543737 0.65238
0.559247 0.606978
0.575101 0.603261
0.591273 0.617753
0.607736 0.92243
0.624467 0.500702
0.641446 0.813438
0.658653 0.839169
0.676071 0.82432
0.693684 1.35164
0.711478 0.806263
0.38505 0.556719
0.385619 0.355057
0.387322 0.549058
0.390143 0.455627
0.394058 0.57501
0.399036 0.44297
0.405037 0.329089
0.412016 0.514433
0.419925 0.592146
0.428712 0.352269
0.438324 0.545406
0.448709 0.404504
0.459814 0.397066
0.471588 0.364188
0.483982 0.502238
0.49695 0.524146
0.510448 0.673198
0.524436 0.617752
0.538874 0.574186
0.553729 0.439566
0.568967 0.626124
0.584558 0.523063
0.600474 0.574045
0.616692 0.61609
0.633187 0.488176
0.649938 0.700601
0.666926 0.776649
0.684133 0.968423
0.701544 1.14326
0.719143 1.03959
0.400134 0.496317
0.400681 0.372122
0.40232 0.34666
0.405037 0.442918
0.40881 0.284848
0.41361 0.394393
0.419402 0.298318
0.426146 0.646687
0.433798 0.378304
0.442309 0.477471
0.451632 0.42117
0.461718 0.516587
0.472517 0.658635
0.483982 0.560561
0.496067 0.526798
0.508727 0.570348
0.521921 0.972719
0.535609 0.469768
0.549754 0.642668
0.564322 0.735879
0.579281 0.804328
0.594602 0.90766
0.610257 0.650002
0.626221 0.681278
0.642471 0.988176
0.658986 0.593434
0.675747 0.955303
0.692735 0.933813
0.709935 0.886405
0.727331 0.735527
0.415726 0.310725
0.416253 0.504756
0.417831 0.458534
0.420447 0.266176
0.424083 0.519725
0.428712 0.579627
0.434303 0.461916
0.440819 0.618869
0.44822 0.292668
0.456463 0.354684
0.465503 0.426743
0.475294 0.543223
0.485791 0.475454
0.49695 0.497702
0.508727 0.479216
0.521079 0.537699
0.533968 0.684485
0.547355 0.534104
0.561204 0.552
0.575482 0.828102
0.590159 0.827251
0.605204 0.661736
0.620592 0.616937
0.636296 0.957274
0.652296 0.791957
0.668568 0.591903
0.685095 0.630332
0.701857 0.776147
0.718838 0.730029
0.736024 0.76571
0.431771 0.431425
0.432278 0.313854
0.433798 0.335818
0.436318 0.374301
0.439823 0.521841
0.444288 0.455053
0.449686 0.488304
0.455982 0.54993
0.463141 0.326385
0.471123 0.338547
0.479886 0.503151
0.48939 0.613757
0.499591 0.48683
0.510448 0.569339
0.521921 0.482936
0.533968 0.643853
0.546553 0.724652
0.559639 0.535339
0.573191 0.616695
0.587178 0.585842
0.601569 0.585855
0.616336 0.699774
0.631452 0.673278
0.646894 0.848939
0.662637 0.848098
0.678662 1.13974
0.694948 1.23593
0.711478 1.17615
0.728235 0.514293
0.745204 0.913592
0.44822 0.558372
0.448709 0.461471
0.450173 0.374382
0.452603 0.458801
0.455982 0.445801
0.460291 0.50252
0.465503 0.485939
0.471588 0.605121
0.478513 0.532031
0.486243 0.566484
0.494739 0.476608
0.503962 0.681538
0.513874 0.711599
0.524436 0.462549
0.535609 0.614798
0.547355 0.465247
0.559639 0.53467
0.572425 0.677076
0.585682 0.71766
0.599378 0.56435
0.613483 0.610755
0.627969 0.744346
0.642812 0.544636
0.657987 0.857855
0.673471 0.859821
0.689244 0.75978
0.705286 0.794942
0.721579 0.654034
0.738107 1.09291
0.754854 1.05337
0.465031 0.435151
0.465503 0.45313
0.466914 0.567094
0.469257 0.416684
0.472517 0.503443
0.476676 0.379057
0.481711 0.601224
0.487594 0.388538
0.494295 0.368802
0.501781 0.675131
0.510019 0.58775
0.518971 0.471046
0.528601 0.421952
0.538874 0.438207
0.549754 0.532583
0.561204 0.545526
0.573191 0.531044
0.585682 0.604628
0.598645 0.650934
0.612051 0.65419
0.62587 0.648497
0.640077 0.669382
0.654645 1.01233
0.669552 0.878097
0.684774 0.906203
0.700293 0.796714
0.716087 0.765097
0.73214 0.781261
0.748435 0.62432
0.764956 0.791379
0.482166 0.501146
0.482621 0.432709
0.483982 0.809673
0.486243 0.479449
0.48939 0.604081
0.493407 0.564613
0.498272 0.446357
0.503962 0.42497
0.510448 0.365363
0.517701 0.637072
0.525689 0.681269
0.534379 0.337991
0.543737 0.490954
0.553729 0.558127
0.564322 0.497093
0.575482 0.532366
0.587178 0.655951
0.599378 0.829612
0.612051 0.79017
0.625169 0.687235
0.638705 0.860806
0.652632 0.727236
0.666926 0.709271
0.681564 0.89229
0.696524 1.1919
0.711786 0.734422
0.727331 1.01375
0.743141 0.983977
0.7592 1.02631
0.775492 1.44546
0.499591 0.404878
0.50003 0.504286
0.501344 0.415436
0.503527 0.314114
0.506567 0.430575
0.510448 0.367969
0.515153 0.679885
0.520658 0.505576
0.526939 0.292277
0.533968 0.406161
0.541716 0.731208
0.550153 0.578245
0.559247 0.743252
0.568967 0.475551
0.579281 0.744262
0.590159 0.73403
0.601569 0.569567
0.613483 0.742792
0.62587 0.67595
0.638705 0.789013
0.651959 0.553754
0.665609 0.797449
0.67963 1.20107
0.694001 0.817599
0.708698 0.845339
0.723704 1.01631
0.738998 0.812479
0.754564 1.30442
0.770384 0.919845
0.786445 1.27571
0.517277 0.45496
0.517701 0.550034
0.518971 0.75964
0.521079 0.630049
0.524017 0.62019
0.527771 0.659318
0.532323 0.563982
0.537652 0.542958
0.543737 0.738663
0.550551 0.408747
0.558069 0.559661
0.566262 0.868772
0.575101 0.59005
0.584558 0.439148
0.594602 0.606269
0.605204 0.68091
0.616336 0.644692
0.627969 0.696214
0.640077 0.544732
0.652632 0.647247
0.665609 0.960196
0.678985 0.832374
0.692735 0.840298
0.706839 0.780002
0.721275 1.15116
0.736024 1.01479
0.751068 1.03473
0.766388 0.915563
0.78197 1.62204
0.797797 0.960166
0.535199 0.507736
0.535609 0.452272
0.536836 0.582174
0.538874 0.553121
0.541716 0.52576
0.545348 0.644843
0.549754 0.482568
0.554916 0.381126
0.560813 0.574828
0.567423 0.6902
0.57472 0.5396
0.582679 0.632078
0.591273 0.913712
0.600474 0.607289
0.610257 0.80421
0.620592 0.589802
0.631452 0.7369
0.642812 0.77885
0.654645 0.874083
0.666926 0.877905
0.67963 1.02666
0.692735 0.814946
0.706218 0.62996
0.720058 0.701124
0.734234 0.95169
0.748728 1.33792
0.763521 1.51062
0.778597 1.18498
0.793939 1.26056
0.809532 1.04261
0.553333 0.364054
0.553729 0.687554
0.554916 0.459781
0.556889 0.62369
0.559639 0.619867
0.563155 0.558019
0.567423 0.532551
0.572425 0.736968
0.578144 0.682476
0.584558 0.612625
0.591643 0.585887
0.599378 0.498938
0.607736 0.692969
0.616692 0.819406
0.626221 0.615053
0.636296 1.01843
0.646894 0.566571
0.657987 0.699929
0.669552 0.78192
0.681564 0.848888
0.694001 0.829239
0.706839 0.725644
0.720058 1.26272
0.733636 0.802601
0.747555 0.904986
0.761796 0.849405
0.77634 1.04256
0.791171 1.19418
0.806274 1.10249
0.821633 1.47612
0.571659 0.642826
0.572042 0.80635
0.573191 0.567506
0.575101 0.507422
0.577765 0.774913
0.581171 0.600747
0.585308 0.602171
0.590159 0.536337
0.595707 0.743491
0.601934 0.453499
0.608817 0.684258
0.616336 0.812195
0.624467 0.905227
0.633187 0.841836
0.642471 0.650958
0.652296 0.59153
0.662637 0.508769
0.673471 0.956552
0.684774 0.815442
0.696524 1.02103
0.708698 1.04527
0.721275 0.869146
0.734234 1.13683
0.747555 1.63595
0.76122 0.767659
0.775209 1.39998
0.789506 1.23567
0.804095 1.18062
0.818959 1.421
0.834085 0.926833
0.590159 0.466722
0.59053 0.505563
0.591643 0.503305
0.593494 0.5067
0.596075 0.676952
0.599378 0.587308
0.603389 0.62068
0.608096 0.634776
0.613483 0.906732
0.61953 0.803272
0.626221 0.698268
0.633533 0.66405
0.641446 0.84756
0.649938 0.752045
0.658986 0.556072
0.668568 0.775661
0.678662 0.842176
0.689244 0.685627
0.700293 0.987566
0.711786 0.84288
0.723704 0.91061
0.736024 1.1176
0.748728 0.850898
0.761796 0.959456
0.775209 1.22977
0.788951 1.49358
0.803003 1.20406
0.817351 1.23824
0.831979 1.12429
0.846871 1.55301
0.608817 1.12069
0.609177 0.625617
0.610257 0.465902
0.612051 0.649218
0.614554 0.571357
0.617758 0.694488
0.621651 0.481866
0.626221 0.748409
0.631452 0.573917
0.63733 0.522433
0.643835 0.815133
0.650949 0.608087
0.658653 0.72996
0.666926 0.750874
0.675747 0.809553
0.685095 0.833523
0.694948 1.18757
0.705286 0.689748
0.716087 1.03853
0.727331 0.920294
0.738998 1.01927
0.751068 1.01195
0.763521 0.927876
0.77634 1.07035
0.789506 1.05005
0.803003 1.01318
0.816814 1.28912
0.830923 1.09467
0.845316 1.51192
0.859978 1.4333
0.62762 0.858407
0.627969 0.537218
0.629016 0.603268
0.630757 0.846322
0.633187 0.837733
0.636296 0.625903
0.640077 0.841786
0.644516 0.822042
0.6496 0.68366
0.655315 0.662991
0.661643 0.77942
0.668568 0.780291
0.676071 0.538254
0.684133 0.700768
0.692735 0.996887
0.701857 0.69811
0.711478 0.904374
0.721579 0.809004
0.73214 0.918633
0.743141 0.85325
0.754564 1.17696
0.766388 0.763946
0.778597 1.54121
0.791171 1.10695
0.804095 1.05958
0.817351 0.951335
0.830923 1.19055
0.844797 1.73684
0.858957 1.16403
0.87339 1.10589
0.646554 0.574718
0.646894 0.78694
0.64791 0.873702
0.6496 0.65075
0.651959 0.557138
0.65498 1.05368
0.658653 0.661469
0.662968 0.766233
0.667912 0.668323
0.673471 0.70675
0.67963 1.26089
0.686374 0.821858
0.693684 1.09865
0.701544 0.915932
0.709935 0.689708
0.718838 0.918643
0.728235 0.761996
0.738107 0.799846
0.748435 1.10216
0.7592 0.867419
0.770384 1.32513
0.78197 1.17496
0.793939 1.18694
0.806274 0.900752
0.818959 1.47586
0.831979 0.818497
0.845316 0.981665
0.858957 1.25793
0.872888 1.37824
0.887094 1.1686
0.665609 0.828199
0.665939 0.877244
0.666926 0.708428
0.668568 0.814862
0.670861 0.837727
0.673797 0.565955
0.677368 0.880209
0.681564 0.689904
0.686374 0.721147
0.691785 0.998439
0.697783 1.05051
0.704352 0.932817
0.711478 0.790236
0.719143 0.808519
0.727331 0.68185
0.736024 0.775644
0.745204 1.13891
0.754854 1.44051
0.764956 1.24976
0.775492 1.29815
0.786445 0.900205
0.797797 1.26494
0.809532 1.058
0.821633 0.834712
0.834085 1.09707
0.846871 1.52784
0.859978 1.25598
0.87339 1.15048
0.887094 1.07092
0.901077 1.11256
0.293215 0.94888
0.293962 0.667873
0.296192 0.466338
0.299872 0.466813
0.304949 0.422481
0.311354 0.326563
0.319009 0.474957
0.327825 0.330153
0.337711 0.448716
0.348577 0.701995
0.360333 0.504592
0.372896 0.380422
0.386187 0.504142
0.400134 0.565932
0.414669 0.323836
0.429734 0.44702
0.445275 0.300046
0.461243 0.482672
0.477596 0.463535
0.494295 0.470341
0.511307 0.642553
0.528601 0.520926
0.546151 0.601867
0.563933 0.561679
0.581925 0.649761
0.600109 0.682029
0.618467 0.574461
0.636985 0.587585
0.655649 0.653835
0.674447 0.871908
0.293962 0.436038
0.294708 0.523837
0.296932 0.594314
0.300602 0.442845
0.305667 0.30926
0.312058 0.562331
0.319696 0.271874
0.328493 0.47402
0.33836 0.331117
0.349205 0.287834
0.360942 0.422281
0.373484 0.46118
0.386755 0.713681
0.400681 0.353142
0.415198 0.489151
0.430244 0.49928
0.445767 0.375224
0.461718 0.455473
0.478055 0.332259
0.494739 0.446414
0.511736 0.416858
0.529016 0.463691
0.546553 0.406119
0.564322 0.574952
0.582302 0.378057
0.600474 0.449825
0.618822 0.688657
0.63733 0.737999
0.655984 0.875369
0.674772 0.73814
0.296192 0.482471
0.296932 1.19369
0.299139 0.535741
0.302783 0.33671
0.307812 0.413475
0.314159 0.631213
0.321747 0.541891
0.33049 0.504129
0.340299 0.417246
0.351085 0.296091
0.36276 0.407463
0.375242 0.426322
0.388452 0.594217
0.40232 0.420343
0.416779 0.506565
0.431771 0.536718
0.44724 0.484851
0.463141 0.410824
0.479429 0.48772
0.496067 0.609067
0.51302 0.361307
0.530258 0.440175
0.547755 0.633279
0.565487 0.598952
0.583431 0.89872
0.601569 0.543167
0.619884 0.930273
0.638361 0.769404
0.656986 0.753023
0.675747 0.925266
0.299872 0.429831
0.300602 0.394645
0.302783 0.596801
0.306384 0.454491
0.311354 0.698491
0.317631 0.311426
0.325138 0.331781
0.333792 0.392023
0.343506 0.331609
0.354194 0.406709
0.36577 0.417506
0.378153 0.338033
0.391265 0.372733
0.405037 0.18001
0.419402 0.447108
0.434303 0.670119
0.449686 0.434094
0.465503 0.490853
0.481711 0.576791
0.498272 0.583704
0.515153 0.313873
0.532323 0.479491
0.549754 0.356305
0.567423 0.470563
0.585308 0.613532
0.603389 0.541009
0.621651 1.09028
0.640077 0.560608
0.658653 0.735996
0.677368 0.626477
0.304949 0.19931
0.305667 0.532941
0.307812 0.490872
0.311354 0.510704
0.316247 0.405189
0.322428 0.420988
0.329826 0.360389
0.33836 0.387771
0.347947 0.395056
0.358503 0.590104
0.369944 0.762496
0.382191 0.463647
0.39517 0.710269
0.40881 0.477662
0.423047 0.727236
0.437824 0.386283
0.453087 0.485519
0.468789 0.51265
0.484888 0.356276
0.501344 0.379038
0.518125 0.682483
0.535199 0.413259
0.552539 0.5751
0.570122 0.639579
0.587925 0.465162
0.605928 0.595423
0.624116 0.646316
0.642471 0.944945
0.66098 0.665489
0.67963 0.712505
0.311354 0.314814
0.312058 0.347559
0.314159 0.491017
0.317631 0.687148
0.322428 0.412323
0.328493 0.372007
0.335757 0.409025
0.344144 0.542796
0.353575 0.360845
0.363967 0.505339
0.375242 0.347773
0.387322 0.268103
0.400134 0.408295
0.41361 0.369143
0.427688 0.39188
0.442309 0.566621
0.457423 0.731114
0.472981 0.427468
0.488941 0.477765
0.505266 0.541951
0.521921 0.644079
0.538874 0.54096
0.5561 0.577251
0.573574 0.72254
0.591273 0.579307
0.609177 0.495441
0.62727 0.796126
0.645536 0.511196
0.66396 0.947749
0.682529 1.00786
0.319009 0.377385
0.319696 0.584315
0.321747 0.425304
0.325138 0.636154
0.329826 0.297096
0.335757 0.38132
0.342867 0.366357
0.351085 0.738821
0.360333 0.435739
0.370536 0.598164
0.381617 0.340958
0.393501 0.36106
0.406118 0.431852
0.419402 0.317125
0.433292 0.280491
0.447731 0.46652
0.462667 0.896458
0.478055 0.548314
0.493851 0.384119
0.510019 0.596831
0.526523 0.376068
0.543333 0.461403
0.560422 0.612756
0.577765 0.524302
0.595339 0.70235
0.613125 0.557884
0.631105 0.620313
0.649262 0.68702
0.667583 0.837418
0.686054 0.676865
0.327825 0.647738
0.328493 0.259173
0.33049 0.398048
0.333792 0.474049
0.33836 0.439303
0.344144 0.667335
0.351085 0.314786
0.359114 0.493954
0.368161 0.355961
0.378153 0.382246
0.389017 0.418592
0.400681 0.35894
0.413079 0.820173
0.426146 0.453992
0.439823 0.583207
0.454054 0.337297
0.468789 0.41563
0.483982 0.507142
0.499591 0.366476
0.515579 0.725308
0.53191 0.54657
0.548556 0.564146
0.565487 0.547659
0.582679 0.664184
0.600109 0.581489
0.617758 0.841777
0.635607 0.68128
0.653639 1.00507
0.671841 0.980802
0.690198 0.90497
0.337711 0.255374
0.33836 0.40795
0.340299 0.715747
0.343506 0.385087
0.347947 0.502989
0.353575 0.342606
0.360333 0.311704
0.368161 0.242229
0.376991 0.495145
0.386755 0.394854
0.397384 0.407876
0.40881 0.413229
0.420968 0.27267
0.433798 0.640496
0.44724 0.562072
0.461243 0.569034
0.475755 0.496509
0.490732 0.565685
0.506133 0.557182
0.521921 0.642771
0.53806 0.380167
0.554521 0.452421
0.571275 0.590645
0.588298 0.549813
0.605566 0.919207
0.623061 0.49077
0.640762 0.901233
0.658653 0.721669
0.67672 0.917848
0.694948 0.923619
0.348577 0.274995
0.349205 0.67429
0.351085 0.808513
0.354194 0.496138
0.358503 0.324842
0.363967 0.251036
0.370536 0.405409
0.378153 0.323172
0.386755 0.572242
0.396278 0.452405
0.406658 0.334164
0.417831 0.448204
0.429734 0.580353
0.442309 0.470391
0.455501 0.717101
0.469257 0.341764
0.483529 0.721065
0.498272 0.543297
0.513447 0.655956
0.529016 0.720951
0.544945 0.616173
0.561204 0.443407
0.577765 0.56697
0.594602 0.427366
0.611692 0.48233
0.629016 0.850431
0.646554 0.534113
0.66429 0.689537
0.682207 0.704404
0.700293 0.765279
0.360333 0.627711
0.360942 0.342896
0.36276 0.35741
0.36577 0.814616
0.369944 0.570886
0.375242 0.333967
0.381617 0.480496
0.389017 0.379585
0.397384 0.328193
0.406658 0.684382
0.416779 0.576474
0.427688 0.629341
0.439324 0.501277
0.451632 0.406558
0.464559 0.341732
0.478055 0.728198
0.492071 0.514104
0.506567 0.489723
0.5215 0.431377
0.536836 0.54891
0.552539 0.72999
0.568581 0.592742
0.584933 0.754705
0.601569 0.704834
0.618467 0.537879
0.635607 0.684269
0.652968 0.670978
0.670534 0.754701
0.688288 0.781515
0.706218 1.1183
0.372896 0.363865
0.373484 0.335807
0.375242 0.641888
0.378153 0.41372
0.382191 0.220608
0.387322 0.267734
0.393501 0.445788
0.400681 0.495381
0.40881 0.399274
0.417831 0.570173
0.427688 0.409487
0.438324 0.523978
0.449686 0.541778
0.461718 0.355173
0.47437 0.5088
0.487594 0.709537
0.501344 0.528172
0.515579 0.507175
0.530258 0.596896
0.545348 0.675116
0.560813 0.691656
0.576625 0.56414
0.592755 0.709342
0.609177 0.493996
0.62587 0.647415
0.642812 0.772635
0.659984 0.642252
0.677368 0.852364
0.694948 0.650033
0.71271 0.734927
0.386187 0.4671
0.386755 0.320435
0.388452 0.508714
0.391265 0.267211
0.39517 0.459367
0.400134 0.506504
0.406118 0.359953
0.413079 0.418914
0.420968 0.856755
0.429734 0.471414
0.439324 0.580283
0.449686 0.302061
0.460767 0.53384
0.472517 0.440584
0.484888 0.34547
0.497832 0.525883
0.511307 0.474802
0.525272 0.457173
0.539688 0.470576
0.554521 0.592644
0.569737 0.629352
0.585308 0.650103
0.601204 0.527946
0.617403 0.664632
0.633879 0.478808
0.650612 0.794086
0.667583 0.684322
0.684774 0.962075
0.702169 0.933911
0.719753 0.888867
0.400134 0.401935
0.400681 0.677106
0.40232 0.535499
0.405037 0.359214
0.40881 0.641208
0.41361 0.419755
0.419402 0.293989
0.426146 0.391931
0.433798 0.420946
0.442309 0.596604
0.451632 0.581153
0.461718 0.622084
0.472517 0.448445
0.483982 0.524827
0.496067 0.750925
0.508727 0.517763
0.521921 0.802435
0.535609 0.582859
0.549754 0.420918
0.564322 0.637689
0.579281 0.675459
0.594602 0.619462
0.610257 0.39521
0.626221 0.388173
0.642471 0.60633
0.658986 0.675786
0.675747 0.951204
0.692735 0.751831
0.709935 0.658318
0.727331 1.16449
0.414669 0.382677
0.415198 0.42654
0.416779 0.334411
0.419402 0.65587
0.423047 0.450223
0.427688 0.476375
0.433292 0.484697
0.439823 0.642923
0.44724 0.533777
0.455501 0.322662
0.464559 0.356391
0.47437 0.553721
0.484888 0.552399
0.496067 0.464151
0.507864 0.723254
0.520237 0.513527
0.533146 0.411975
0.546553 0.515533
0.560422 0.474351
0.57472 0.670242
0.589415 0.688182
0.604479 0.876587
0.619884 0.553933
0.635607 0.58156
0.651623 0.856108
0.667912 0.577492
0.684454 0.7892
0.701232 1.10854
0.718228 0.903324
0.735428 0.83969
0.429734 0.534186
0.430244 0.317052
0.431771 0.569116
0.434303 0.389594
0.437824 0.437266
0.442309 0.388494
0.447731 0.39117
0.454054 0.624641
0.461243 0.360875
0.469257 0.424342
0.478055 0.43463
0.487594 0.561377
0.497832 0.771875
0.508727 0.562128
0.520237 0.551957
0.532323 0.472546
0.544945 0.466725
0.558069 0.688765
0.571659 0.519343
0.585682 0.695886
0.600109 0.837552
0.614911 0.583221
0.630061 0.832842
0.645536 0.594394
0.661312 0.612123
0.677368 0.841098
0.693684 0.827899
0.710244 0.749985
0.72703 1.19569
0.744026 1.11319
0.445275 0.634183
0.445767 0.599201
0.44724 0.499496
0.449686 0.196069
0.453087 0.439028
0.457423 0.707823
0.462667 0.73075
0.468789 0.359143
0.475755 0.430347
0.483529 0.699739
0.492071 0.635295
0.501344 0.496888
0.511307 0.525529
0.521921 0.477881
0.533146 0.660606
0.544945 0.575153
0.557282 0.589014
0.570122 0.556875
0.583431 0.515898
0.597178 0.670027
0.611334 0.480221
0.62587 0.44568
0.640762 0.683393
0.655984 1.1135
0.671514 0.974113
0.687332 0.663756
0.703417 0.775589
0.719753 1.05455
0.736322 0.86217
0.753109 0.858405
0.461243 0.627881
0.461718 0.656011
0.463141 0.489956
0.465503 0.355986
0.468789 0.468925
0.472981 0.700433
0.478055 0.47517
0.483982 0.448421
0.490732 0.635982
0.498272 0.646707
0.506567 0.737077
0.515579 0.694602
0.525272 0.57387
0.535609 0.599378
0.546553 0.382419
0.558069 0.73012
0.570122 0.65089
0.582679 0.479283
0.595707 0.581541
0.609177 0.893104
0.623061 0.688488
0.63733 0.71345
0.651959 0.643192
0.666926 0.930182
0.682207 0.583338
0.697783 1.21588
0.713633 1.22597
0.72974 1.03545
0.746087 1.04898
0.762659 1.12779
0.477596 0.330343
0.478055 0.46168
0.479429 0.675274
0.481711 0.570843
0.484888 0.822333
0.488941 0.333461
0.493851 0.457022
0.499591 0.4233
0.506133 0.654067
0.513447 0.737281
0.5215 0.459552
0.530258 0.864984
0.539688 0.919566
0.549754 0.495684
0.560422 0.488618
0.571659 0.434533
0.583431 0.658177
0.595707 0.657854
0.608457 0.607781
0.621651 0.472185
0.635261 0.74597
0.649262 0.720554
0.663629 0.761931
0.678338 0.833756
0.693368 0.457045
0.708698 0.770157
0.72431 0.933906
0.740184 0.930692
0.756306 0.855392
0.772659 1.12115
0.494295 0.725786
0.494739 0.3961
0.496067 0.449985
0.498272 0.81057
0.501344 0.559259
0.505266 0.739666
0.510019 0.560024
0.515579 0.528032
0.521921 0.493152
0.529016 0.530972
0.536836 0.468151
0.545348 0.590698
0.554521 0.653501
0.564322 0.789931
0.57472 0.564735
0.585682 0.816148
0.597178 0.584881
0.609177 0.880517
0.621651 0.588532
0.634571 0.707639
0.64791 0.836534
0.661643 0.644963
0.675747 0.713121
0.690198 0.735985
0.704975 0.805084
0.720058 1.08016
0.735428 1.06114
0.751068 1.22707
0.766961 0.969691
0.783091 1.12678
0.511307 0.660836
0.511736 0.609884
0.51302 0.425303
0.515153 0.689132
0.518125 0.49869
0.521921 0.295595
0.526523 0.766065
0.53191 0.69452
0.53806 0.501941
0.544945 0.642009
0.552539 0.568241
0.560813 0.598305
0.569737 0.741916
0.579281 0.732391
0.589415 0.765594
0.600109 0.574625
0.611334 0.553765
0.623061 0.98363
0.635261 0.597674
0.64791 0.922662
0.66098 0.819062
0.674447 0.807147
0.688288 0.835694
0.702481 0.790666
0.717005 0.888936
0.731841 0.699114
0.746968 0.815597
0.762371 1.03893
0.778033 0.969639
0.793939 1.30692
0.528601 0.491409
0.529016 0.508376
0.530258 0.505749
0.532323 0.509258
0.535199 0.355023
0.538874 0.562476
0.543333 0.450877
0.548556 0.464029
0.554521 0.457498
0.561204 0.510084
0.568581 0.439861
0.576625 0.801534
0.585308 0.522607
0.594602 0.559367
0.604479 0.823138
0.614911 0.956089
0.62587 0.663414
0.63733 0.721814
0.649262 0.64568
0.661643 0.869974
0.674447 0.751225
0.687651 0.877669
0.701232 0.75524
0.715168 0.712993
0.729439 0.777672
0.744026 0.863014
0.758911 1.43077
0.774077 1.28344
0.789506 1.3263
0.805185 1.19864
0.546151 0.621213
0.546553 0.564793
0.547755 0.891234
0.549754 0.587503
0.552539 0.514941
0.5561 0.438678
0.560422 0.683321
0.565487 0.733595
0.571275 0.556038
0.577765 0.739797
0.584933 0.639781
0.592755 0.687836
0.601204 0.606895
0.610257 0.610974
0.619884 0.598626
0.630061 0.695645
0.640762 0.73618
0.651959 0.676206
0.663629 0.849719
0.675747 0.667086
0.688288 1.00462
0.701232 1.19791
0.714554 1.0338
0.728235 0.96988
0.742256 0.571694
0.756596 1.2353
0.771238 1.18948
0.786166 1.19855
0.801363 1.02092
0.816814 0.814468
0.563933 0.565864
0.564322 0.540213
0.565487 0.476144
0.567423 0.672919
0.570122 0.599238
0.573574 0.397435
0.577765 0.706774
0.582679 0.656183
0.588298 0.459971
0.594602 0.651013
0.601569 0.567621
0.609177 0.816921
0.617403 0.484281
0.626221 0.845507
0.635607 0.745463
0.645536 0.510353
0.655984 1.03485
0.666926 0.953981
0.678338 0.583129
0.690198 0.627397
0.702481 1.11568
0.715168 0.941536
0.728235 0.766059
0.741664 0.644648
0.755435 0.891397
0.76953 0.915072
0.783931 1.62631
0.798621 1.16137
0.813586 0.977443
0.828809 1.23189
0.581925 0.441036
0.582302 0.411056
0.583431 0.479442
0.585308 0.811374
0.587925 0.64422
0.591273 0.776419
0.595339 0.629348
0.600109 0.750567
0.605566 0.481074
0.611692 0.744878
0.618467 0.677003
0.62587 0.641259
0.633879 0.903274
0.642471 0.783924
0.651623 0.734407
0.661312 0.49624
0.671514 0.886554
0.682207 1.06322
0.693368 0.662365
0.704975 0.692205
0.717005 0.901338
0.729439 0.993008
0.742256 0.852024
0.755435 1.12398
0.76896 0.727762
0.782811 0.772323
0.796972 1.02324
0.811426 1.18449
0.826159 1.20807
0.841155 1.45983
0.600109 0.536682
0.600474 0.412759
0.601569 0.524239
0.603389 0.557101
0.605928 0.660807
0.609177 0.800745
0.613125 0.757162
0.617758 0.779268
0.623061 0.58352
0.629016 0.705124
0.635607 0.603815
0.642812 0.736864
0.650612 1.18063
0.658986 0.818255
0.667912 0.780248
0.677368 0.858133
0.687332 0.72201
0.697783 1.17302
0.708698 1.18406
0.720058 1.05903
0.731841 0.825247
0.744026 0.776586
0.756596 0.885924
0.76953 0.963459
0.782811 0.655305
0.796421 1.0852
0.810344 1.03859
0.824564 1.17709
0.839066 0.885145
0.853835 1.35923
0.618467 0.689909
0.618822 0.689527
0.619884 0.97284
0.621651 0.745883
0.624116 0.641966
0.62727 0.814847
0.631105 0.681319
0.635607 0.749073
0.640762 0.821294
0.646554 0.763379
0.652968 0.825462
0.659984 0.818349
0.667583 1.00583
0.675747 0.599649
0.684454 0.606528
0.693684 1.04615
0.703417 0.757795
0.713633 0.770527
0.72431 0.980177
0.735428 0.998249
0.746968 1.33748
0.758911 1.34739
0.771238 1.23301
0.783931 1.20432
0.796972 1.25804
0.810344 1.1246
0.824032 0.882595
0.83802 1.16572
0.852293 1.16668
0.866837 1.67526
0.636985 0.564041
0.63733 0.797557
0.638361 0.609247
0.640077 0.859072
0.642471 0.654361
0.645536 0.912875
0.649262 0.565651
0.653639 0.498379
0.658653 0.665328
0.66429 0.597269
0.670534 0.742751
0.677368 0.491296
0.684774 0.769298
0.692735 0.920114
0.701232 0.845878
0.710244 1.39858
0.719753 1.12799
0.72974 0.786398
0.740184 0.82291
0.751068 1.3319
0.762371 1.08857
0.774077 1.10433
0.786166 1.24164
0.798621 0.768221
0.811426 1.1163
0.824564 1.4704
0.83802 1.31043
0.851778 1.40771
0.865824 0.924252
0.880144 1.38174
0.655649 0.770273
0.655984 0.869709
0.656986 1.01857
0.658653 0.621816
0.66098 0.750165
0.66396 0.947789
0.667583 0.596612
0.671841 0.815858
0.67672 0.892494
0.682207 0.934934
0.688288 0.810419
0.694948 0.789845
0.702169 0.902015
0.709935 0.835762
0.718228 0.660253
0.72703 1.47114
0.736322 1.06481
0.746087 0.760717
0.756306 1.0887
0.766961 0.865759
0.778033 0.765788
0.789506 1.2721
0.801363 1.43329
0.813586 1.11071
0.826159 1.35262
0.839066 1.44836
0.852293 0.925909
0.865824 1.11198
0.879646 1.02015
0.893745 1.39533
0.674447 0.833534
0.674772 0.661153
0.675747 0.726226
0.677368 0.807979
0.67963 0.970996
0.682529 0.591312
0.686054 0.793841
0.690198 0.750687
0.694948 0.939244
0.700293 0.887027
0.706218 0.892777
0.71271 0.828143
0.719753 0.878838
0.727331 0.909812
0.735428 0.937568
0.744026 0.909188
0.753109 0.758292
0.762659 0.599283
0.772659 1.19203
0.783091 0.830863
0.793939 0.906222
0.805185 0.75446
0.816814 0.945952
0.828809 1.08615
0.841155 1.09745
0.853835 1.0124
0.866837 1.64959
0.880144 1.377
0.893745 1.70849
0.907625 0.646167
0.314159 0.567874
0.314857 0.356546
0.316939 0.792116
0.320381 0.559154
0.325138 0.327959
0.331153 0.328692
0.33836 0.407484
0.346684 0.413913
0.356047 0.468884
0.36637 0.368464
0.377572 0.632109
0.38958 0.620818
0.40232 0.393236
0.415726 0.344895
0.429734 0.691831
0.444288 0.605857
0.459337 0.300527
0.474832 0.492552
0.490732 0.564975
0.506999 0.557918
0.523599 0.647638
0.5405 0.567568
0.557676 0.615868
0.575101 0.580892
0.592755 0.490453
0.610616 0.674903
0.628667 0.642212
0.646894 0.610228
0.66528 0.584937
0.683813 0.665196
0.314857 0.552495
0.315552 0.574303
0.317631 0.341136
0.321065 0.977635
0.325811 0.228772
0.331815 0.982156
0.339007 0.500022
0.347316 0.47857
0.356663 0.539251
0.366968 0.45882
0.378153 0.364015
0.390143 0.386034
0.402865 0.472122
0.416253 0.432543
0.430244 0.518139
0.444782 0.480816
0.459814 0.559169
0.475294 0.323092
0.491179 0.460713
0.507432 0.466873
0.524017 0.544952
0.540906 0.520344
0.558069 0.595613
0.575482 0.548311
0.593124 0.630029
0.610975 0.598739
0.629016 0.644691
0.647232 0.762658
0.665609 0.67978
0.684133 0.555311
0.316939 0.314412
0.317631 0.359659
0.319696 0.248176
0.323108 0.517552
0.327825 0.376574
0.333792 0.45917
0.340943 0.360271
0.349205 0.402143
0.358503 0.315261
0.368756 0.582462
0.379889 0.390169
0.391825 0.340328
0.404495 0.57835
0.417831 0.455269
0.431771 0.412677
0.446259 0.485213
0.461243 0.458545
0.476676 0.446656
0.492517 0.418011
0.508727 0.50852
0.525272 0.470937
0.542121 0.569912
0.559247 0.509756
0.576625 0.700765
0.594233 0.580913
0.612051 0.778219
0.630061 0.570045
0.648248 0.695968
0.666597 0.736277
0.685095 0.902135
0.320381 0.541712
0.321065 0.449518
0.323108 0.465723
0.326484 0.299084
0.331153 0.622965
0.337061 0.433654
0.344144 0.598837
0.352332 0.401463
0.361549 0.262834
0.371718 0.489979
0.382765 0.40786
0.394614 0.481732
0.407197 0.37686
0.420447 0.471581
0.434303 0.610339
0.448709 0.633395
0.463614 0.477924
0.478971 0.524982
0.494739 0.479073
0.510878 0.365587
0.527355 0.429192
0.54414 0.491076
0.561204 0.500446
0.578523 0.525021
0.596075 0.664899
0.61384 0.700468
0.6318 0.653146
0.649938 0.596877
0.66824 0.936647
0.686693 0.803522
0.325138 0.59569
0.325811 0.674106
0.327825 0.270278
0.331153 0.370498
0.335757 0.267479
0.341586 0.500501
0.348577 0.233857
0.356663 0.62761
0.36577 0.222242
0.375826 0.461428
0.386755 0.307186
0.398486 0.485244
0.41095 0.504213
0.424083 0.535044
0.437824 0.549997
0.452118 0.452274
0.466914 0.627244
0.482166 0.377549
0.497832 0.510635
0.513874 0.375691
0.530258 0.341548
0.546954 0.48598
0.563933 0.621775
0.581171 0.495223
0.598645 0.479626
0.616336 0.359045
0.634225 0.846486
0.652296 0.80901
0.670534 0.840751
0.688925 0.797958
0.331153 0.566897
0.331815 0.210848
0.333792 0.284978
0.337061 0.440251
0.341586 0.486692
0.347316 0.265683
0.354194 0.301709
0.362155 0.363861
0.371128 0.418165
0.381042 0.303111
0.391825 0.594934
0.403409 0.460826
0.415726 0.46047
0.428712 0.414681
0.442309 0.545265
0.456463 0.333286
0.471123 0.348789
0.486243 0.598441
0.501781 0.551778
0.517701 0.566145
0.533968 0.472745
0.550551 0.510051
0.567423 0.645126
0.584558 0.548414
0.601934 0.675905
0.61953 0.526551
0.63733 0.51903
0.655315 0.781254
0.673471 0.958447
0.691785 0.782416
0.33836 0.395927
0.339007 0.42915
0.340943 0.659752
0.344144 0.363377
0.348577 0.357713
0.354194 0.704401
0.360942 0.458533
0.368756 0.695033
0.377572 0.325256
0.387322 0.481888
0.397935 0.488801
0.409346 0.357491
0.421489 0.293334
0.434303 0.470795
0.447731 0.249212
0.461718 0.660799
0.476216 0.324096
0.491179 0.542721
0.506567 0.602148
0.522341 0.339275
0.538467 0.663146
0.554916 0.674477
0.571659 0.319113
0.58867 0.544252
0.605928 0.61578
0.623412 0.941538
0.641104 0.680236
0.658986 0.894535
0.677044 0.827862
0.695263 0.820139
0.346684 0.959069
0.347316 0.243679
0.349205 0.584871
0.352332 0.446968
0.356663 0.338575
0.362155 0.306663
0.368756 0.448526
0.376409 0.325026
0.38505 0.57127
0.394614 0.32358
0.405037 0.415916
0.416253 0.753458
0.4282 0.48168
0.440819 0.470284
0.454054 0.673976
0.467852 0.393946
0.482166 0.608129
0.49695 0.442171
0.512164 0.695011
0.527771 0.643255
0.543737 0.586578
0.56003 0.508929
0.576625 0.928981
0.593494 0.689626
0.610616 0.73043
0.627969 0.591923
0.645536 0.711128
0.663299 0.525735
0.681242 0.922057
0.699352 1.11635
0.356047 0.285879
0.356663 0.448444
0.358503 0.296988
0.361549 0.3676
0.36577 0.444029
0.371128 0.362969
0.377572 0.412829
0.38505 0.364652
0.393501 0.532028
0.402865 0.387437
0.413079 0.593406
0.424083 0.625296
0.435815 0.431176
0.44822 0.557332
0.461243 0.430553
0.474832 0.550902
0.488941 0.48834
0.503527 0.671708
0.518548 0.595021
0.533968 0.51273
0.549754 0.481883
0.565874 0.595175
0.582302 0.568328
0.599012 0.683707
0.61598 0.607776
0.633187 0.602193
0.650612 0.686205
0.66824 1.08073
0.686054 0.970138
0.704041 0.778082
0.36637 0.409889
0.366968 0.49883
0.368756 0.383958
0.371718 0.456474
0.375826 0.330135
0.381042 0.693009
0.387322 0.375462
0.394614 0.488965
0.402865 0.441301
0.412016 0.292147
0.422009 0.378098
0.432785 0.408602
0.444288 0.582251
0.456463 0.452609
0.469257 0.539926
0.482621 0.394334
0.496509 0.489923
0.510878 0.556796
0.525689 0.41343
0.540906 0.369866
0.556495 0.635719
0.572425 0.630006
0.58867 0.705713
0.605204 0.691375
0.622004 0.582865
0.639048 0.64402
0.656318 0.656792
0.673797 0.823351
0.691468 0.70475
0.709317 0.841133
0.377572 0.341918
0.378153 0.181364
0.379889 0.293652
0.382765 0.30336
0.386755 0.322037
0.391825 0.339302
0.397935 0.338253
0.405037 0.645252
0.413079 0.273559
0.422009 0.3912
0.431771 0.546198
0.442309 0.384408
0.453571 0.362213
0.465503 0.458991
0.478055 0.619089
0.491179 0.586622
0.504832 0.714127
0.518971 0.712072
0.533557 0.723279
0.548556 0.602495
0.563933 0.720004
0.57966 0.441863
0.595707 0.515171
0.612051 0.654561
0.628667 0.808578
0.645536 0.855685
0.662637 0.568444
0.679953 0.561382
0.697468 0.9128
0.715168 0.975199
0.38958 0.326838
0.390143 0.386811
0.391825 0.360691
0.394614 0.477488
0.398486 0.528887
0.403409 0.507608
0.409346 0.61789
0.416253 0.639477
0.424083 0.442735
0.432785 0.379012
0.442309 0.435644
0.452603 0.418732
0.463614 0.476136
0.475294 0.51317
0.487594 0.518814
0.500468 0.564718
0.513874 0.39594
0.527771 0.540315
0.542121 0.667071
0.556889 0.560654
0.572042 0.466632
0.587552 0.70076
0.603389 0.472332
0.61953 0.476392
0.635952 0.642368
0.652632 0.770071
0.669552 0.698712
0.686693 0.735787
0.704041 0.784161
0.721579 0.831202
0.40232 0.484918
0.402865 0.284205
0.404495 0.403664
0.407197 0.313083
0.41095 0.582939
0.415726 0.374807
0.421489 0.413343
0.4282 0.473376
0.435815 0.569892
0.444288 0.714621
0.453571 0.698623
0.463614 0.316923
0.47437 0.668228
0.485791 0.526978
0.497832 0.307301
0.510448 0.68506
0.523599 0.63513
0.537244 0.421713
0.551347 0.478878
0.565874 0.519872
0.580794 0.669705
0.596075 0.505707
0.611692 0.782142
0.62762 0.427719
0.643835 0.739631
0.660316 0.703362
0.677044 0.816148
0.694001 0.940107
0.71117 0.829322
0.728536 0.76538
0.415726 0.567257
0.416253 0.407516
0.417831 0.598898
0.420447 0.369891
0.424083 0.330194
0.428712 0.483698
0.434303 0.351652
0.440819 0.630873
0.44822 0.493978
0.456463 0.583301
0.465503 0.892652
0.475294 0.35717
0.485791 0.52249
0.49695 0.431122
0.508727 0.591255
0.521079 0.584894
0.533968 0.578417
0.547355 0.586045
0.561204 0.601819
0.575482 0.51484
0.590159 0.704511
0.605204 0.56081
0.620592 0.503181
0.636296 0.682224
0.652296 0.571134
0.668568 0.985658
0.685095 0.666532
0.701857 0.80834
0.718838 0.755381
0.736024 1.10511
0.429734 0.419678
0.430244 0.329068
0.431771 0.617516
0.434303 0.552972
0.437824 0.385252
0.442309 0.347087
0.447731 0.650069
0.454054 0.351705
0.461243 0.55762
0.469257 0.418843
0.478055 0.734293
0.487594 0.585933
0.497832 0.475726
0.508727 0.594735
0.520237 0.642006
0.532323 0.512084
0.544945 0.700109
0.558069 0.284061
0.571659 0.630867
0.585682 0.666518
0.600109 0.503454
0.614911 0.526881
0.630061 0.693047
0.645536 0.730404
0.661312 0.972623
0.677368 0.637601
0.693684 0.833843
0.710244 0.491618
0.72703 1.18517
0.744026 0.792341
0.444288 0.48366
0.444782 0.604082
0.446259 0.304382
0.448709 0.626313
0.452118 0.644252
0.456463 0.563264
0.461718 0.483479
0.467852 0.433318
0.474832 0.565801
0.482621 0.495333
0.491179 0.378185
0.500468 0.658432
0.510448 0.550975
0.521079 0.465109
0.532323 0.522874
0.54414 0.581958
0.556495 0.480875
0.569352 0.6635
0.582679 0.786069
0.596443 0.665092
0.610616 0.737861
0.625169 0.785389
0.640077 0.773889
0.655315 0.486136
0.670861 0.985032
0.686693 0.787007
0.702794 0.922942
0.719143 0.626291
0.735726 0.956461
0.752526 0.866988
0.459337 0.429904
0.459814 0.423267
0.461243 0.314855
0.463614 0.736279
0.466914 0.51235
0.471123 0.459272
0.476216 0.532838
0.482166 0.641352
0.488941 0.505425
0.496509 0.473176
0.504832 0.580624
0.513874 0.412442
0.523599 0.98508
0.533968 0.501159
0.544945 0.381808
0.556495 0.711112
0.568581 0.522095
0.581171 0.653047
0.594233 0.363783
0.607736 0.556533
0.621651 0.493202
0.635952 0.799507
0.650612 0.648201
0.665609 0.775635
0.68092 0.986998
0.696524 0.998225
0.712402 0.822161
0.728536 0.946939
0.74491 0.98278
0.761508 1.0769
0.474832 0.443371
0.475294 0.730923
0.476676 0.455116
0.478971 0.496381
0.482166 0.492141
0.486243 0.491211
0.491179 0.583431
0.49695 0.593053
0.503527 0.358402
0.510878 0.476691
0.518971 0.686877
0.527771 0.396491
0.537244 0.633078
0.547355 0.464416
0.558069 0.695081
0.569352 0.448772
0.581171 0.56746
0.593494 0.672334
0.60629 0.762032
0.61953 0.66615
0.633187 0.606793
0.647232 0.775851
0.661643 1.0439
0.676396 0.825868
0.691468 0.662158
0.706839 0.864904
0.72249 0.808408
0.738404 1.05291
0.754564 0.995732
0.770954 1.07828
0.490732 0.342804
0.491179 0.65322
0.492517 0.431698
0.494739 0.746334
0.497832 0.549741
0.501781 0.566138
0.506567 0.519778
0.512164 0.555849
0.518548 0.498238
0.525689 0.619706
0.533557 0.489673
0.542121 0.412761
0.551347 0.490009
0.561204 0.455003
0.571659 0.63819
0.582679 0.59039
0.594233 0.603934
0.60629 1.12709
0.618822 0.667939
0.6318 0.800732
0.645196 0.942598
0.658986 0.969892
0.673145 0.716506
0.687651 0.922312
0.702481 0.78103
0.717617 0.737769
0.733038 1.43705
0.748728 0.930076
0.764669 1.50226
0.780847 1.1386
0.506999 0.628286
0.507432 0.526347
0.508727 0.537952
0.510878 0.447769
0.513874 0.528417
0.517701 0.605504
0.522341 0.487152
0.527771 0.54315
0.533968 0.497464
0.540906 0.651908
0.548556 0.36783
0.556889 0.51986
0.565874 0.511114
0.575482 0.577306
0.585682 0.649206
0.596443 0.543683
0.607736 0.609978
0.61953 0.913541
0.6318 0.819424
0.644516 0.719504
0.657653 0.768346
0.671187 0.711014
0.685095 0.825344
0.699352 1.02459
0.71394 0.682161
0.728837 1.29694
0.744026 0.832281
0.759489 0.823463
0.775209 0.816058
0.791171 1.09273
0.523599 0.643022
0.524017 0.638239
0.525272 0.561
0.527355 0.641012
0.530258 0.555827
0.533968 0.592428
0.538467 0.514468
0.543737 0.52572
0.549754 0.693781
0.556495 0.401233
0.563933 0.547009
0.572042 0.66957
0.580794 0.4873
0.590159 0.405767
0.600109 0.834222
0.610616 0.604738
0.621651 0.707373
0.633187 0.623647
0.645196 0.63794
0.657653 0.61565
0.670534 0.793007
0.683813 0.66763
0.697468 1.26624
0.711478 1.06214
0.725822 0.907453
0.74048 1.32755
0.755435 0.980861
0.770669 0.858319
0.786166 1.18237
0.80191 1.02836
0.5405 0.554706
0.540906 0.746204
0.542121 0.787028
0.54414 0.553909
0.546954 0.749019
0.550551 0.640283
0.554916 0.484543
0.56003 0.410905
0.565874 0.540466
0.572425 0.643853
0.57966 0.964445
0.587552 0.967312
0.596075 0.540844
0.605204 0.509976
0.614911 0.554765
0.625169 0.660968
0.635952 0.786224
0.647232 0.72682
0.658986 0.744522
0.671187 0.57818
0.683813 1.29298
0.696839 0.928926
0.710244 0.960452
0.724007 0.71917
0.738107 0.883555
0.752526 0.899523
0.767246 0.98152
0.78225 1.40066
0.797522 0.694076
0.813046 0.963345
0.557676 0.478689
0.558069 0.365682
0.559247 0.873376
0.561204 0.305796
0.563933 0.522666
0.567423 0.817055
0.571659 0.936006
0.576625 0.506897
0.582302 0.532997
0.58867 0.641178
0.595707 0.812459
0.603389 0.647239
0.611692 0.569584
0.620592 0.417265
0.630061 0.763937
0.640077 0.803459
0.650612 0.866285
0.661643 0.728959
0.673145 0.960554
0.685095 0.828586
0.697468 0.884407
0.710244 0.851048
0.723401 0.977787
0.736918 1.20346
0.750776 1.05151
0.764956 0.867681
0.779441 1.26662
0.794215 1.10231
0.809261 1.22485
0.824564 1.80506
0.575101 0.614435
0.575482 0.635087
0.576625 0.856127
0.578523 0.507293
0.581171 0.621245
0.584558 0.590505
0.58867 0.698589
0.593494 0.567152
0.599012 0.524225
0.605204 0.916322
0.612051 0.761468
0.61953 0.782174
0.62762 0.428425
0.636296 0.768255
0.645536 0.761177
0.655315 0.664494
0.665609 0.786953
0.676396 0.986759
0.687651 0.959005
0.699352 0.821276
0.711478 0.834799
0.724007 0.866442
0.736918 0.904808
0.750191 0.994287
0.763808 1.25407
0.777751 0.932324
0.792003 1.20396
0.806546 1.19552
0.821366 0.798468
0.836448 1.19057
0.592755 0.638752
0.593124 0.594296
0.594233 0.541299
0.596075 0.557426
0.598645 0.649682
0.601934 0.625136
0.605928 0.707494
0.610616 0.694574
0.61598 0.661365
0.622004 0.460739
0.628667 0.498698
0.635952 0.630399
0.643835 0.529488
0.652296 0.737951
0.661312 0.917238
0.670861 0.891759
0.68092 0.86469
0.691468 0.929933
0.702481 0.814209
0.71394 0.686338
0.725822 0.865404
0.738107 0.854599
0.750776 0.824692
0.763808 1.18264
0.777187 1.11252
0.790894 1.31729
0.804913 1.37812
0.819227 1.52293
0.833822 0.970874
0.848682 1.17423
0.610616 0.540582
0.610975 0.858132
0.612051 0.584917
0.61384 0.569772
0.616336 0.796539
0.61953 0.723281
0.623412 0.564343
0.627969 0.73727
0.633187 0.680221
0.639048 0.762522
0.645536 0.592692
0.652632 0.600548
0.660316 0.851295
0.668568 0.686345
0.677368 0.756068
0.686693 1.05543
0.696524 0.780922
0.706839 0.799734
0.717617 1.06697
0.728837 1.03053
0.74048 1.18226
0.752526 1.14766
0.764956 1.22164
0.777751 0.927979
0.790894 1.05369
0.804368 1.16387
0.818156 0.876021
0.832242 1.35746
0.846612 1.3938
0.861252 1.232
0.628667 0.84139
0.629016 0.781573
0.630061 0.942298
0.6318 0.758381
0.634225 0.650131
0.63733 0.417139
0.641104 0.702774
0.645536 0.842485
0.650612 0.721066
0.656318 0.563707
0.662637 0.80336
0.669552 0.718297
0.677044 0.545408
0.685095 0.686551
0.693684 0.757994
0.702794 0.948864
0.712402 1.07046
0.72249 0.739846
0.733038 1.20253
0.744026 0.82823
0.755435 1.00788
0.767246 0.96945
0.779441 1.07463
0.792003 1.11012
0.804913 0.978333
0.818156 0.958799
0.831715 0.993522
0.845576 1.30742
0.859723 1.18916
0.874143 0.909347
0.646894 0.669761
0.647232 0.458637
0.648248 0.568366
0.649938 0.671192
0.652296 0.807641
0.655315 0.790604
0.658986 0.837275
0.663299 0.580066
0.66824 0.790591
0.673797 0.929629
0.679953 0.846654
0.686693 1.05774
0.694001 0.700393
0.701857 0.877305
0.710244 0.945307
0.719143 1.25292
0.728536 1.16352
0.738404 1.22541
0.748728 1.09621
0.759489 1.20263
0.770669 1.01727
0.78225 1.01793
0.794215 1.23791
0.806546 1.66601
0.819227 1.3157
0.832242 1.07296
0.845576 0.843791
0.859213 1.41836
0.873139 1.22153
0.887342 1.34486
0.66528 0.564536
0.665609 0.655296
0.666597 0.646725
0.66824 0.659298
0.670534 0.899563
0.673471 0.990076
0.677044 0.878357
0.681242 0.867488
0.686054 1.09535
0.691468 0.783858
0.697468 0.822423
0.704041 1.00331
0.71117 1.11847
0.718838 0.956296
0.72703 0.657477
0.735726 1.21825
0.74491 0.852484
0.754564 0.801163
0.764669 0.971637
0.775209 0.929576
0.786166 1.11807
0.797522 1.46244
0.809261 1.14942
0.821366 1.08311
0.833822 1.26749
0.846612 1.31019
0.859723 1.04305
0.873139 1.25424
0.886847 1.62672
0.900833 0.973697
0.683813 0.918055
0.684133 0.772927
0.685095 0.750736
0.686693 0.832479
0.688925 0.768907
0.691785 0.803649
0.695263 0.707919
0.699352 1.05379
0.704041 0.696012
0.709317 0.81437
0.715168 1.0236
0.721579 0.549854
0.728536 1.10406
0.736024 1.18192
0.744026 0.876122
0.752526 0.805158
0.761508 1.1939
0.770954 1.12214
0.780847 1.60663
0.791171 0.766795
0.80191 1.43806
0.813046 1.28771
0.824564 1.135
0.836448 1.51787
0.848682 1.2361
0.861252 1.35875
0.874143 1.46833
0.887342 1.36265
0.900833 1.56909
0.914606 1.12396
0.335103 0.376907
0.335757 0.363037
0.337711 0.253908
0.340943 0.307671
0.345416 0.439873
0.351085 0.590666
0.35789 0.395384
0.36577 0.261209
0.374657 0.33845
0.38448 0.497072
0.39517 0.395996
0.406658 0.471482
0.418879 0.273249
0.431771 0.532614
0.445275 0.405466
0.459337 0.477611
0.473908 0.533526
0.488941 0.428267
0.504397 0.560358
0.520237 0.827231
0.536427 0.372926
0.552936 0.505123
0.569737 0.721621
0.586805 0.595484
0.604116 0.502322
0.621651 0.504083
0.639391 0.831881
0.65732 0.587784
0.675422 0.918791
0.693684 0.84961
0.335757 0.465864
0.33641 0.482582
0.33836 0.673383
0.341586 0.332375
0.346051 0.445633
0.351709 0.349522
0.358503 0.372444
0.36637 0.392853
0.375242 0.404213
0.38505 0.404171
0.395724 0.477196
0.407197 0.362145
0.419402 0.445473
0.432278 0.335218
0.445767 0.692113
0.459814 0.40721
0.47437 0.625436
0.48939 0.625061
0.504832 0.309945
0.520658 0.489787
0.536836 0.493514
0.553333 0.747946
0.570122 0.535393
0.587178 0.476577
0.604479 0.604648
0.622004 0.556133
0.639734 0.959988
0.657653 0.718029
0.675747 1.02067
0.694001 0.95774
0.337711 0.779162
0.33836 0.403234
0.340299 0.427329
0.343506 0.46105
0.347947 0.646498
0.353575 0.445478
0.360333 0.244317
0.368161 0.490491
0.376991 0.480224
0.386755 0.620402
0.397384 0.447204
0.40881 0.5032
0.420968 0.543608
0.433798 0.685115
0.44724 0.429032
0.461243 0.613658
0.475755 0.586106
0.490732 0.736426
0.506133 0.493017
0.521921 0.409482
0.53806 0.480088
0.554521 0.474959
0.571275 0.594775
0.588298 0.763696
0.605566 0.623772
0.623061 0.508882
0.640762 0.804603
0.658653 0.862543
0.67672 0.702596
0.694948 0.880271
0.340943 0.600354
0.341586 0.382665
0.343506 0.256303
0.346684 0.385598
0.351085 0.450224
0.356663 0.536561
0.363364 0.306222
0.371128 0.373484
0.379889 0.629316
0.38958 0.272191
0.400134 0.502277
0.411483 0.343109
0.423565 0.566353
0.436318 0.677452
0.449686 0.432126
0.463614 0.699863
0.478055 0.483938
0.492962 0.474521
0.508295 0.629687
0.524017 0.370079
0.540094 0.478597
0.556495 0.461696
0.573191 0.747996
0.590159 0.527763
0.607375 0.751162
0.624818 0.50563
0.642471 0.832111
0.660316 0.470662
0.678338 0.715664
0.696524 0.726479
0.345416 0.338873
0.346051 0.339423
0.347947 0.85586
0.351085 0.373364
0.355431 0.448937
0.360942 0.377869
0.367565 0.390151
0.375242 0.54887
0.383909 0.490591
0.393501 0.395855
0.403952 0.316738
0.415198 0.308097
0.427174 0.462045
0.439823 0.422492
0.453087 0.457247
0.466914 0.389347
0.481255 0.481567
0.496067 0.441875
0.511307 0.498656
0.526939 0.400637
0.542929 0.580881
0.559247 0.533394
0.575863 0.493212
0.592755 0.625474
0.609897 0.721149
0.62727 0.449776
0.644856 0.614713
0.662637 0.668755
0.680598 1.16879
0.698725 0.798313
0.351085 1.03287
0.351709 0.462143
0.353575 0.608116
0.356663 0.316383
0.360942 0.255909
0.36637 0.584752
0.372896 0.59348
0.380466 0.578694
0.389017 0.536336
0.398486 0.459174
0.40881 0.647224
0.419925 0.458906
0.431771 0.416964
0.444288 0.399111
0.457423 0.585788
0.471123 0.666884
0.48534 0.540029
0.50003 0.469841
0.515153 0.790836
0.530672 0.505293
0.546553 0.668591
0.562765 0.691925
0.579281 0.567216
0.596075 0.632137
0.613125 0.843225
0.630409 0.580879
0.64791 0.617548
0.665609 1.02053
0.683492 0.695087
0.701544 0.890541
0.35789 0.288241
0.358503 0.54445
0.360333 0.36222
0.363364 0.389145
0.367565 0.464722
0.372896 0.454546
0.379311 0.488157
0.386755 0.409699
0.39517 0.354118
0.404495 0.31143
0.414669 0.548424
0.425631 0.51439
0.437323 0.454531
0.449686 0.312396
0.462667 0.394813
0.476216 0.523795
0.490285 0.587617
0.504832 0.414036
0.519815 0.561893
0.535199 0.549491
0.550949 0.424954
0.567036 0.578643
0.583431 0.521879
0.600109 0.621992
0.617047 0.792828
0.634225 0.809172
0.651623 0.613027
0.669224 0.633714
0.687013 0.722929
0.704975 0.692941
0.36577 0.393935
0.36637 0.441784
0.368161 0.321324
0.371128 0.245087
0.375242 0.683131
0.380466 0.412854
0.386755 0.279513
0.394058 0.487342
0.40232 0.407945
0.411483 0.385487
0.421489 0.420263
0.432278 0.475994
0.443794 0.508445
0.455982 0.425115
0.468789 0.375306
0.482166 0.567268
0.496067 0.612295
0.510448 0.49392
0.525272 0.629621
0.5405 0.604936
0.5561 0.574559
0.572042 0.533223
0.588298 0.593237
0.604842 0.968269
0.621651 0.767003
0.638705 0.692833
0.655984 0.531633
0.673471 0.614775
0.69115 0.840297
0.709008 0.776897
0.374657 0.346038
0.375242 0.320872
0.376991 0.304739
0.379889 0.557958
0.383909 0.453626
0.389017 0.55343
0.39517 0.786153
0.40232 0.659808
0.410416 0.415759
0.419402 0.627511
0.429223 0.346669
0.439823 0.527541
0.451147 0.377629
0.463141 0.462917
0.475755 0.976817
0.488941 0.515935
0.502655 0.656135
0.516853 0.527214
0.531498 0.536192
0.546553 0.46829
0.561985 0.545694
0.577765 0.687239
0.593864 0.590163
0.610257 0.521987
0.626921 0.546863
0.643835 0.792958
0.66098 0.796466
0.678338 0.691638
0.695894 0.82714
0.713633 0.779845
0.38448 0.320961
0.38505 0.528577
0.386755 0.270045
0.38958 0.603604
0.393501 0.305786
0.398486 0.393045
0.404495 0.526323
0.411483 0.433737
0.419402 0.423089
0.4282 0.421051
0.437824 0.502954
0.44822 0.399997
0.459337 0.379023
0.471123 0.501801
0.483529 0.414778
0.496509 0.807764
0.510019 0.402089
0.524017 0.585257
0.538467 0.593374
0.553333 0.744562
0.568581 0.650409
0.584182 0.464178
0.600109 0.693916
0.616336 0.959274
0.63284 0.711959
0.6496 0.901169
0.666597 1.01969
0.683813 0.737809
0.701232 1.00094
0.718838 0.86893
0.39517 0.642535
0.395724 0.471801
0.397384 0.920129
0.400134 0.551649
0.403952 0.515241
0.40881 0.450813
0.414669 0.414925
0.421489 0.5191
0.429223 0.343426
0.437824 0.442853
0.44724 0.519016
0.457423 0.374067
0.468321 0.369104
0.479886 0.244838
0.492071 0.52241
0.504832 0.708094
0.518125 0.623964
0.53191 0.865152
0.546151 0.551975
0.560813 0.639516
0.575863 0.528493
0.591273 0.585978
0.607013 0.871611
0.623061 0.651469
0.639391 0.796674
0.655984 0.465651
0.672819 0.690243
0.68988 0.925071
0.707149 0.878139
0.724612 0.873183
0.406658 0.442003
0.407197 0.300173
0.40881 0.352202
0.411483 0.363156
0.415198 0.661203
0.419925 0.418333
0.425631 0.441072
0.432278 0.281413
0.439823 0.37284
0.44822 0.480976
0.457423 0.503172
0.467383 0.578401
0.478055 0.42403
0.48939 0.71379
0.501344 0.419492
0.513874 0.48925
0.526939 0.421846
0.5405 0.659035
0.554521 0.688294
0.568967 0.591536
0.583807 0.725647
0.599012 0.801312
0.614554 0.734794
0.630409 0.591003
0.646554 0.610091
0.662968 0.639179
0.67963 0.834381
0.696524 0.748045
0.713633 0.957569
0.730941 0.808215
0.418879 0.682956
0.419402 0.354674
0.420968 0.50664
0.423565 0.704835
0.427174 0.412274
0.431771 0.321385
0.437323 0.3939
0.443794 0.447574
0.451147 0.499683
0.459337 0.363564
0.468321 0.639343
0.478055 0.357768
0.488493 0.606242
0.499591 0.645152
0.511307 0.827107
0.523599 0.821675
0.536427 0.519353
0.549754 0.592278
0.563544 0.538339
0.577765 0.50474
0.592384 0.783461
0.607375 0.669963
0.622708 0.632477
0.638361 0.627105
0.65431 0.731252
0.670534 1.08821
0.687013 0.782473
0.703729 1.10452
0.720667 1.42858
0.73781 1.06977
0.431771 0.473891
0.432278 0.440564
0.433798 0.334155
0.436318 0.472013
0.439823 0.296929
0.444288 0.628917
0.449686 0.473124
0.455982 0.311239
0.463141 0.474746
0.471123 0.793601
0.479886 0.614353
0.48939 0.355873
0.499591 0.496629
0.510448 0.607157
0.521921 0.561213
0.533968 0.493415
0.546553 0.429675
0.559639 0.427819
0.573191 0.614192
0.587178 0.563046
0.601569 0.66909
0.616336 0.886072
0.631452 0.909167
0.646894 0.688551
0.662637 0.837217
0.678662 0.70509
0.694948 0.975748
0.711478 0.941287
0.728235 0.754814
0.745204 0.998342
0.445275 0.446759
0.445767 0.507322
0.44724 0.444384
0.449686 0.585273
0.453087 0.687643
0.457423 0.564787
0.462667 0.587152
0.468789 0.267762
0.475755 0.503707
0.483529 0.383907
0.492071 0.422738
0.501344 0.540757
0.511307 0.48355
0.521921 0.592575
0.533146 0.571496
0.544945 0.654811
0.557282 0.543672
0.570122 0.635895
0.583431 0.65971
0.597178 0.707088
0.611334 0.524968
0.62587 0.628351
0.640762 0.663205
0.655984 0.813223
0.671514 0.790759
0.687332 0.69526
0.703417 0.818324
0.719753 0.736428
0.736322 1.50103
0.753109 0.735136
0.459337 0.534693
0.459814 0.440097
0.461243 0.41645
0.463614 0.485776
0.466914 0.571839
0.471123 0.279356
0.476216 0.525095
0.482166 0.517913
0.488941 0.579368
0.496509 0.874872
0.504832 0.542857
0.513874 0.421829
0.523599 0.73882
0.533968 0.372037
0.544945 0.545678
0.556495 0.632449
0.568581 0.792709
0.581171 0.658592
0.594233 0.874136
0.607736 0.591162
0.621651 0.580374
0.635952 0.735231
0.650612 0.850538
0.665609 0.786101
0.68092 0.966529
0.696524 0.868799
0.712402 1.15223
0.728536 1.11062
0.74491 1.06211
0.761508 0.920216
0.473908 0.381642
0.47437 0.579492
0.475755 0.477109
0.478055 0.634694
0.481255 0.541194
0.48534 0.5308
0.490285 0.632692
0.496067 0.721468
0.502655 0.573825
0.510019 0.500141
0.518125 0.517987
0.526939 0.517864
0.536427 0.619885
0.546553 0.355061
0.557282 0.528086
0.568581 0.58912
0.580416 0.723851
0.592755 0.376127
0.605566 0.89587
0.618822 0.602833
0.632493 0.81831
0.646554 0.608024
0.66098 0.69237
0.675747 0.826355
0.690833 0.482364
0.706218 0.702424
0.721883 0.973493
0.73781 0.952412
0.753982 1.16245
0.770384 0.98357
0.488941 0.51139
0.48939 0.574557
0.490732 0.469133
0.492962 0.507221
0.496067 0.451932
0.50003 0.581764
0.504832 0.829311
0.510448 0.57722
0.516853 0.46621
0.524017 0.571255
0.53191 0.375967
0.5405 0.517868
0.549754 0.733177
0.559639 0.721356
0.570122 0.540838
0.581171 0.695683
0.592755 0.49846
0.604842 0.584217
0.617403 0.715856
0.630409 0.754164
0.643835 0.708601
0.657653 0.802454
0.671841 1.02707
0.686374 0.583391
0.701232 0.862957
0.716393 0.773707
0.731841 0.846606
0.747555 1.04252
0.763521 1.05231
0.779723 1.00313
0.504397 0.367189
0.504832 0.409988
0.506133 0.563296
0.508295 0.560636
0.511307 0.477693
0.515153 0.351762
0.519815 0.641138
0.525272 0.612104
0.531498 0.528744
0.538467 0.535942
0.546151 0.41817
0.554521 0.653416
0.563544 0.55462
0.573191 0.491829
0.583431 0.825274
0.594233 0.655904
0.605566 0.567572
0.617403 0.767184
0.629713 0.676951
0.642471 0.793361
0.655649 0.531466
0.669224 0.515722
0.683171 0.621517
0.697468 0.804455
0.712094 0.582765
0.72703 1.11571
0.742256 1.18095
0.757754 0.929027
0.77351 1.33331
0.789506 0.979435
0.520237 0.475565
0.520658 0.54027
0.521921 0.541644
0.524017 0.56232
0.526939 0.517625
0.530672 0.491806
0.535199 0.579547
0.5405 0.594139
0.546553 0.502374
0.553333 0.708919
0.560813 0.562171
0.568967 0.599487
0.577765 0.580394
0.587178 0.861262
0.597178 0.648578
0.607736 0.655396
0.618822 0.413233
0.630409 0.649917
0.642471 0.586834
0.65498 0.703483
0.667912 0.598213
0.681242 0.95713
0.694948 0.771843
0.709008 0.878816
0.723401 0.799664
0.738107 1.14226
0.753109 0.748332
0.768389 0.99415
0.783931 1.12826
0.799719 1.27645
0.536427 0.458568
0.536836 0.547475
0.53806 0.367556
0.540094 0.454785
0.542929 0.51627
0.546553 0.42026
0.550949 0.546524
0.5561 0.712711
0.561985 0.520905
0.568581 0.399837
0.575863 0.755833
0.583807 0.67806
0.592384 0.532909
0.601569 0.560254
0.611334 0.54783
0.621651 0.7798
0.632493 0.801554
0.643835 0.650481
0.655649 0.757338
0.667912 0.862457
0.680598 0.831283
0.693684 0.571957
0.707149 0.835121
0.720971 0.686707
0.73513 1.48302
0.749606 0.814466
0.764382 0.951766
0.779441 1.11675
0.794767 0.998612
0.810344 1.43115
0.552936 0.568826
0.553333 0.750355
0.554521 0.531821
0.556495 0.608372
0.559247 0.629295
0.562765 0.558492
0.567036 0.717922
0.572042 0.672114
0.577765 0.876046
0.584182 0.646026
0.591273 0.693657
0.599012 0.530256
0.607375 0.572481
0.616336 0.825367
0.62587 0.71341
0.635952 0.724176
0.646554 0.877103
0.657653 0.630723
0.669224 0.605956
0.681242 0.965146
0.693684 0.581298
0.706529 1.09439
0.719753 0.977191
0.733337 0.885478
0.747262 0.807296
0.761508 0.837296
0.776057 0.881257
0.790894 1.13472
0.806002 1.3372
0.821366 1.31561
0.569737 0.570924
0.570122 0.868187
0.571275 0.610631
0.573191 0.55944
0.575863 0.675836
0.579281 0.561085
0.583431 0.449051
0.588298 0.654362
0.593864 0.629288
0.600109 0.50609
0.607013 0.599957
0.614554 0.761808
0.622708 0.623226
0.631452 0.445049
0.640762 0.71297
0.650612 0.877063
0.66098 0.572958
0.671841 0.645409
0.683171 0.920968
0.694948 1.11267
0.707149 0.786937
0.719753 0.925445
0.732739 0.719472
0.746087 1.08484
0.759778 0.986024
0.773793 1.65585
0.788116 0.903903
0.80273 1.12877
0.817619 0.795472
0.832769 1.05489
0.586805 0.714079
0.587178 0.678184
0.588298 0.500077
0.590159 0.437383
0.592755 0.759406
0.596075 0.673805
0.600109 0.492854
0.604842 0.632487
0.610257 0.680688
0.616336 0.595507
0.623061 0.57594
0.630409 0.554333
0.638361 0.765135
0.646894 0.50939
0.655984 0.945952
0.665609 0.823015
0.675747 1.09364
0.686374 0.672611
0.697468 0.767396
0.709008 0.927257
0.720971 0.725446
0.733337 0.840988
0.746087 0.937111
0.7592 0.856098
0.772659 0.823295
0.786445 0.787396
0.800541 1.19576
0.814932 1.14925
0.829603 1.2252
0.844537 1.23363
0.604116 0.594522
0.604479 0.947514
0.605566 0.466959
0.607375 0.709278
0.609897 0.6574
0.613125 0.476689
0.617047 0.650938
0.621651 0.556877
0.626921 0.731803
0.63284 0.571659
0.639391 0.701986
0.646554 0.618557
0.65431 0.565406
0.662637 0.703313
0.671514 0.752977
0.68092 0.630151
0.690833 0.853692
0.701232 0.842155
0.712094 0.686557
0.723401 0.647549
0.73513 1.43687
0.747262 1.06422
0.759778 0.755781
0.772659 1.05571
0.785887 1.17722
0.799445 0.964655
0.813316 0.794035
0.827485 0.954179
0.841936 1.07318
0.856656 1.00831
0.621651 0.632038
0.622004 0.606147
0.623061 0.559617
0.624818 0.597044
0.62727 0.78085
0.630409 0.90997
0.634225 0.595038
0.638705 0.57849
0.643835 0.669981
0.6496 0.683424
0.655984 0.664324
0.662968 1.13246
0.670534 0.788314
0.678662 0.585643
0.687332 1.10413
0.696524 0.90411
0.706218 1.08342
0.716393 0.974771
0.72703 1.25894
0.738107 0.626164
0.749606 1.12783
0.761508 1.26195
0.773793 1.07595
0.786445 1.53777
0.799445 0.952159
0.812776 1.37608
0.826424 1.07194
0.840372 0.894501
0.854606 1.21703
0.869111 1.18505
0.639391 0.465316
0.639734 0.405409
0.640762 0.747693
0.642471 0.65864
0.644856 0.622175
0.64791 0.931046
0.651623 0.783637
0.655984 0.591953
0.66098 0.763983
0.666597 1.02351
0.672819 1.12945
0.67963 0.620408
0.687013 0.860673
0.694948 0.965292
0.703417 0.871782
0.712402 0.986724
0.721883 0.728915
0.731841 0.980308
0.742256 1.02741
0.753109 1.06434
0.764382 1.02975
0.776057 0.840984
0.788116 1.34672
0.800541 1.33257
0.813316 1.13663
0.826424 1.2569
0.83985 1.43317
0.853578 1.5627
0.867595 1.39004
0.881887 0.825741
0.65732 0.927924
0.657653 0.824768
0.658653 0.762244
0.660316 0.874393
0.662637 0.925865
0.665609 0.970755
0.669224 0.719652
0.673471 0.696698
0.678338 0.872854
0.683813 0.595682
0.68988 0.518672
0.696524 0.93831
0.703729 0.819898
0.711478 0.878596
0.719753 1.1929
0.728536 0.872996
0.73781 0.781734
0.747555 0.854722
0.757754 0.782832
0.768389 0.955539
0.779441 1.26994
0.790894 0.990117
0.80273 0.883714
0.814932 1.04938
0.827485 1.17695
0.840372 1.34777
0.853578 1.56245
0.86709 1.28915
0.880892 0.850111
0.894971 1.32763
0.675422 0.724452
0.675747 1.06276
0.67672 0.865369
0.678338 0.547658
0.680598 1.10721
0.683492 0.662171
0.687013 0.852761
0.69115 0.863401
0.695894 0.752359
0.701232 0.946396
0.707149 1.19056
0.713633 0.864531
0.720667 1.05768
0.728235 1.03409
0.736322 0.902849
0.74491 0.972936
0.753982 1.22978
0.763521 0.932864
0.77351 1.05502
0.783931 1.19345
0.794767 1.09994
0.806002 1.08725
0.817619 1.20914
0.829603 1.3129
0.841936 0.982363
0.854606 1.50588
0.867595 1.03324
0.880892 1.60198
0.894481 1.22392
0.90835 1.30009
0.693684 1.07282
0.694001 1.1082
0.694948 0.706195
0.696524 0.679919
0.698725 0.976562
0.701544 1.08192
0.704975 0.843267
0.709008 1.0888
0.713633 0.902306
0.718838 0.812489
0.724612 1.01855
0.730941 1.07054
0.73781 1.23152
0.745204 1.35216
0.753109 0.897128
0.761508 1.19338
0.770384 1.04482
0.779723 0.869039
0.789506 1.42614
0.799719 1.65286
0.810344 1.27416
0.821366 1.32921
0.832769 1.01926
0.844537 1.09626
0.856656 1.04507
0.869111 1.27266
0.881887 1.19283
0.894971 1.22085
0.90835 1.38602
0.92201 1.37935
0.356047 0.683724
0.356663 0.431175
0.358503 0.382578
0.361549 0.515632
0.36577 0.291358
0.371128 0.520611
0.377572 0.511163
0.38505 0.375232
0.393501 0.367654
0.402865 0.674965
0.413079 0.423874
0.424083 0.475445
0.435815 0.440959
0.44822 0.397089
0.461243 0.580707
0.474832 0.343005
0.488941 0.425434
0.503527 0.468362
0.518548 0.487877
0.533968 0.531848
0.549754 0.467818
0.565874 0.629904
0.582302 0.493499
0.599012 0.608084
0.61598 0.770772
0.633187 0.43986
0.650612 0.802869
0.66824 0.521108
0.686054 0.92832
0.704041 1.29492
0.356663 0.422502
0.357277 0.36663
0.359114 0.333504
0.362155 0.634629
0.36637 0.301683
0.371718 0.445665
0.378153 0.238714
0.385619 0.276101
0.394058 0.549984
0.403409 0.295458
0.41361 0.566626
0.4246 0.307607
0.436318 0.397182
0.448709 0.566818
0.461718 0.599034
0.475294 0.503158
0.48939 0.485536
0.503962 0.444059
0.518971 0.520612
0.534379 0.53168
0.550153 0.702357
0.566262 0.727971
0.582679 0.607945
0.599378 0.541658
0.616336 0.569805
0.633533 0.79331
0.650949 0.651343
0.668568 0.71991
0.686374 0.489784
0.704352 0.978232
0.358503 0.457769
0.359114 0.754377
0.360942 0.399149
0.363967 0.387767
0.368161 0.475016
0.373484 0.361938
0.379889 0.348323
0.387322 0.353742
0.395724 0.25745
0.405037 0.369245
0.415198 0.465626
0.426146 0.325931
0.437824 0.327698
0.450173 0.671854
0.463141 0.3343
0.476676 0.528924
0.490732 0.39341
0.505266 0.42039
0.520237 0.424314
0.535609 0.610354
0.551347 0.607465
0.567423 0.648086
0.583807 0.658659
0.600474 0.74581
0.617403 0.63602
0.634571 0.889861
0.651959 0.592401
0.669552 0.719836
0.687332 0.683473
0.705286 1.0695
0.361549 0.370535
0.362155 0.468306
0.363967 0.316484
0.366968 0.235138
0.371128 0.693201
0.376409 0.514299
0.382765 0.647234
0.390143 0.314778
0.398486 0.229816
0.407735 0.494945
0.417831 0.264638
0.428712 0.365623
0.440321 0.41379
0.452603 0.729818
0.465503 0.572852
0.478971 0.873507
0.492962 0.543484
0.507432 0.561449
0.522341 0.585323
0.537652 0.268826
0.553333 1.06015
0.569352 0.662381
0.585682 0.760587
0.602298 0.543765
0.619176 0.703265
0.636296 0.648868
0.653639 0.620611
0.671187 0.556494
0.688925 0.912183
0.706839 0.815882
0.36577 0.47718
0.36637 0.331202
0.368161 0.526103
0.371128 0.38062
0.375242 0.524912
0.380466 0.643721
0.386755 0.555824
0.394058 0.356492
0.40232 0.483094
0.411483 0.581069
0.421489 0.695137
0.432278 0.300854
0.443794 0.373742
0.455982 0.577747
0.468789 0.545987
0.482166 0.483605
0.496067 0.710766
0.510448 0.60855
0.525272 0.523812
0.5405 0.645634
0.5561 0.519825
0.572042 0.507574
0.588298 0.556442
0.604842 0.541688
0.621651 0.906342
0.638705 0.667397
0.655984 0.687461
0.673471 0.83388
0.69115 1.04139
0.709008 0.800665
0.371128 0.350013
0.371718 0.455979
0.373484 0.345446
0.376409 0.50964
0.380466 0.634195
0.385619 0.886743
0.391825 0.647955
0.399036 0.478613
0.407197 0.295071
0.416253 0.596883
0.426146 0.397196
0.436821 0.414876
0.44822 0.508665
0.460291 0.518739
0.472981 0.667592
0.486243 0.506756
0.50003 0.339179
0.514301 0.429839
0.529016 0.472197
0.54414 0.840804
0.559639 0.377473
0.575482 0.565232
0.591643 0.590155
0.608096 0.412683
0.624818 0.854648
0.641788 0.948931
0.658986 0.703509
0.676396 0.728591
0.694001 0.981063
0.711786 0.987109
0.377572 0.467818
0.378153 0.387837
0.379889 0.542836
0.382765 0.47498
0.386755 0.417978
0.391825 0.503147
0.397935 0.456209
0.405037 0.617904
0.413079 0.300349
0.422009 0.336487
0.431771 0.349488
0.442309 0.237161
0.453571 0.317166
0.465503 0.361924
0.478055 0.484072
0.491179 0.396955
0.504832 0.549229
0.518971 0.595748
0.533557 0.454185
0.548556 0.623295
0.563933 0.55664
0.57966 0.624948
0.595707 0.605538
0.612051 0.695073
0.628667 0.699055
0.645536 0.632061
0.662637 0.745755
0.679953 0.732125
0.697468 0.814982
0.715168 0.814743
0.38505 0.611687
0.385619 0.638492
0.387322 0.749217
0.390143 0.569347
0.394058 0.27329
0.399036 0.540115
0.405037 0.495524
0.412016 0.533092
0.419925 0.538258
0.428712 0.475399
0.438324 0.492357
0.448709 0.44907
0.459814 0.659952
0.471588 0.69953
0.483982 0.469287
0.49695 0.500592
0.510448 0.711942
0.524436 0.374649
0.538874 0.415043
0.553729 0.607274
0.568967 0.667179
0.584558 0.470092
0.600474 0.485268
0.616692 0.579957
0.633187 0.707842
0.649938 0.558968
0.666926 0.489578
0.684133 1.32719
0.701544 0.667898
0.719143 0.827288
0.393501 0.36377
0.394058 0.410654
0.395724 0.36917
0.398486 0.405148
0.40232 0.492725
0.407197 0.515453
0.413079 0.624886
0.419925 0.615245
0.427688 0.285715
0.436318 0.440976
0.445767 0.446814
0.455982 0.32044
0.466914 0.434547
0.478513 0.556317
0.490732 0.59756
0.503527 0.514004
0.516853 0.412533
0.530672 0.566889
0.544945 0.561435
0.559639 0.594351
0.57472 0.503041
0.590159 0.47083
0.605928 0.485188
0.622004 0.619383
0.638361 0.771991
0.65498 0.683426
0.671841 0.80034
0.688925 0.99508
0.706218 1.12293
0.723704 1.20661
0.402865 0.532264
0.403409 0.542277
0.405037 0.64318
0.407735 0.750826
0.411483 0.355609
0.416253 0.512435
0.422009 0.491113
0.428712 0.374733
0.436318 0.369284
0.444782 0.639434
0.454054 0.710522
0.464087 0.509221
0.474832 0.859815
0.486243 0.342366
0.498272 0.374079
0.510878 0.71193
0.524017 0.408905
0.537652 0.75151
0.551745 0.571497
0.566262 0.501511
0.581171 0.887921
0.596443 0.762552
0.612051 0.703897
0.627969 0.393626
0.644175 0.535555
0.660648 0.94609
0.677368 0.661071
0.694316 0.932661
0.711478 0.994871
0.728837 1.09371
0.413079 0.385007
0.41361 0.410483
0.415198 0.449528
0.417831 0.408163
0.421489 0.525599
0.426146 0.321135
0.431771 0.333434
0.438324 0.497388
0.445767 0.335585
0.454054 0.36253
0.463141 0.385741
0.472981 0.418551
0.483529 0.403345
0.494739 0.377613
0.506567 0.615005
0.518971 0.603704
0.53191 0.674154
0.545348 0.490986
0.559247 0.672624
0.573574 0.672756
0.588298 0.695314
0.603389 0.696561
0.618822 0.675877
0.634571 0.793402
0.650612 0.71963
0.666926 0.671095
0.683492 0.834919
0.700293 0.686978
0.717311 0.937938
0.734533 0.77022
0.424083 0.380745
0.4246 0.365779
0.426146 0.485825
0.428712 0.332496
0.432278 0.450101
0.436821 0.388652
0.442309 0.413639
0.448709 0.376799
0.455982 0.474388
0.464087 0.369962
0.472981 0.460426
0.482621 0.589279
0.492962 0.625404
0.503962 0.566489
0.515579 0.437817
0.527771 0.476293
0.5405 0.622768
0.553729 0.685173
0.567423 0.680285
0.581548 0.632166
0.596075 0.750389
0.610975 0.488394
0.626221 0.625649
0.641788 0.599793
0.657653 0.584998
0.673797 0.683125
0.690198 1.11505
0.706839 0.640629
0.723704 0.834803
0.740777 1.01504
0.435815 0.641831
0.436318 0.350741
0.437824 0.482018
0.440321 0.518468
0.443794 0.338797
0.44822 0.271655
0.453571 0.510502
0.459814 0.495415
0.466914 0.477773
0.474832 0.322419
0.483529 0.469979
0.492962 0.614674
0.503091 0.472915
0.513874 0.456609
0.525272 0.678331
0.537244 0.53771
0.549754 0.628867
0.562765 0.644898
0.576244 0.534083
0.590159 0.718068
0.604479 0.553377
0.619176 0.417562
0.634225 0.761787
0.6496 0.726387
0.66528 0.703225
0.681242 0.641501
0.697468 1.0131
0.71394 0.69099
0.730641 0.815441
0.747555 1.21586
0.44822 0.450773
0.448709 0.44722
0.450173 0.234907
0.452603 0.577755
0.455982 0.305168
0.460291 0.482805
0.465503 0.297928
0.471588 0.531123
0.478513 0.346216
0.486243 0.518425
0.494739 0.538641
0.503962 0.459621
0.513874 0.525459
0.524436 0.604184
0.535609 0.487175
0.547355 0.602521
0.559639 0.740149
0.572425 0.635831
0.585682 0.624696
0.599378 0.464401
0.613483 0.68079
0.627969 0.813921
0.642812 0.703529
0.657987 0.653084
0.673471 0.677538
0.689244 0.712213
0.705286 1.04737
0.721579 1.17721
0.738107 0.811807
0.754854 1.04849
0.461243 0.471525
0.461718 0.607947
0.463141 0.489895
0.465503 0.440295
0.468789 0.38399
0.472981 0.528376
0.478055 0.435798
0.483982 0.617547
0.490732 0.423083
0.498272 0.721096
0.506567 0.540723
0.515579 0.492237
0.525272 0.502418
0.535609 0.68635
0.546553 0.812044
0.558069 0.531395
0.570122 0.676206
0.582679 0.611939
0.595707 0.718778
0.609177 0.835158
0.623061 0.673249
0.63733 0.685331
0.651959 0.93559
0.666926 0.682767
0.682207 0.822741
0.697783 0.902637
0.713633 0.900892
0.72974 1.17192
0.746087 1.43052
0.762659 1.17367
0.474832 0.608816
0.475294 0.521359
0.476676 0.526417
0.478971 0.331818
0.482166 0.591945
0.486243 0.558042
0.491179 0.517854
0.49695 0.391972
0.503527 0.53589
0.510878 0.604768
0.518971 0.5174
0.527771 0.561869
0.537244 0.57821
0.547355 0.611027
0.558069 0.658848
0.569352 0.61597
0.581171 0.734308
0.593494 0.848849
0.60629 0.464395
0.61953 1.042
0.633187 0.951654
0.647232 0.522514
0.661643 1.27456
0.676396 0.600704
0.691468 0.656887
0.706839 0.765877
0.72249 0.927365
0.738404 0.865882
0.754564 1.26447
0.770954 1.056
0.488941 0.541448
0.48939 0.713949
0.490732 0.439391
0.492962 0.433236
0.496067 0.530768
0.50003 0.658677
0.504832 0.400789
0.510448 0.599138
0.516853 0.523432
0.524017 0.448855
0.53191 0.798771
0.5405 0.734189
0.549754 0.543433
0.559639 0.655273
0.570122 0.674652
0.581171 0.686981
0.592755 0.557861
0.604842 0.508229
0.617403 0.717798
0.630409 0.822121
0.643835 0.510056
0.657653 0.940967
0.671841 0.653224
0.686374 0.914589
0.701232 1.07422
0.716393 0.824846
0.731841 0.912909
0.747555 1.1417
0.763521 1.0179
0.779723 0.801705
0.503527 0.767683
0.503962 0.540944
0.505266 0.382688
0.507432 0.43667
0.510448 0.651807
0.514301 0.618494
0.518971 0.61511
0.524436 0.669878
0.530672 0.55044
0.537652 0.42974
0.545348 0.603972
0.553729 0.47767
0.562765 0.767318
0.572425 0.548859
0.582679 0.619914
0.593494 0.484312
0.604842 0.717355
0.616692 0.470778
0.629016 0.739253
0.641788 0.690745
0.65498 0.875276
0.668568 0.760388
0.682529 0.735123
0.696839 0.869688
0.711478 1.05413
0.726426 0.755093
0.741664 1.03549
0.757175 1.39682
0.772942 0.905158
0.788951 0.908663
0.518548 0.54834
0.518971 0.463743
0.520237 0.568746
0.522341 0.695719
0.525272 0.512653
0.529016 0.472607
0.533557 0.618347
0.538874 0.612843
0.544945 0.502369
0.551745 0.550203
0.559247 0.653552
0.567423 0.604651
0.576244 0.562871
0.585682 0.606762
0.595707 0.914772
0.60629 0.556311
0.617403 0.615754
0.629016 0.759765
0.641104 0.671202
0.653639 0.684373
0.666597 0.906194
0.679953 0.772982
0.693684 0.804354
0.707769 0.848226
0.722187 1.17451
0.736918 0.942331
0.751943 1.10698
0.767246 1.6643
0.782811 0.906762
0.798621 1.08992
0.533968 0.374234
0.534379 0.53399
0.535609 0.555108
0.537652 0.622431
0.5405 0.538691
0.54414 0.879833
0.548556 0.353716
0.553729 0.62381
0.559639 0.470978
0.566262 0.624558
0.573574 0.778261
0.581548 0.437023
0.590159 0.79714
0.599378 0.473573
0.609177 0.853978
0.61953 0.501975
0.630409 0.625233
0.641788 0.715761
0.653639 0.947867
0.665939 0.792616
0.678662 0.570786
0.691785 0.852458
0.705286 0.830276
0.719143 0.899596
0.733337 0.862247
0.747849 1.2278
0.762659 0.767593
0.777751 1.00035
0.79311 1.31769
0.808719 1.17494
0.549754 0.675866
0.550153 0.621764
0.551347 0.499321
0.553333 1.04151
0.5561 0.598406
0.559639 0.380473
0.563933 0.564298
0.568967 0.800621
0.57472 0.634987
0.581171 0.448906
0.588298 0.650705
0.596075 0.546886
0.604479 0.794633
0.613483 0.657593
0.623061 0.917419
0.633187 0.63284
0.643835 0.776035
0.65498 1.00286
0.666597 0.76023
0.678662 0.713708
0.69115 0.840884
0.704041 0.817814
0.717311 0.743277
0.730941 0.941715
0.74491 0.823271
0.7592 1.02387
0.773793 1.25117
0.788673 1.29622
0.803822 1.2138
0.819227 0.991341
0.565874 0.711436
0.566262 0.529616
0.567423 0.378744
0.569352 0.709553
0.572042 0.676439
0.575482 0.52785
0.57966 0.665034
0.584558 0.762169
0.590159 0.523908
0.596443 0.550764
0.603389 0.601532
0.610975 0.532711
0.619176 0.670585
0.627969 0.651349
0.63733 1.15345
0.647232 0.988867
0.657653 0.833218
0.668568 0.72227
0.679953 0.788936
0.691785 0.78529
0.704041 1.12223
0.716699 1.1225
0.72974 0.720926
0.743141 0.838811
0.756886 1.07046
0.770954 1.14318
0.785328 0.889982
0.799993 1.10036
0.814932 1.33349
0.830131 1.4511
0.582302 0.738028
0.582679 0.594153
0.583807 0.592044
0.585682 0.462886
0.588298 0.670524
0.591643 0.774964
0.595707 0.598231
0.600474 0.479277
0.605928 0.793332
0.612051 0.714576
0.618822 0.809436
0.626221 0.627295
0.634225 0.923669
0.642812 0.884396
0.651959 0.704999
0.661643 0.822956
0.671841 1.02897
0.682529 0.803172
0.693684 0.714597
0.705286 1.12652
0.717311 1.18389
0.72974 0.962767
0.742551 0.988708
0.755726 1.3248
0.769245 0.878797
0.783091 1.16254
0.797247 0.778104
0.811696 1.26769
0.826424 0.895093
0.841415 1.22192
0.599012 0.88235
0.599378 0.767438
0.600474 0.509589
0.602298 0.562939
0.604842 0.585691
0.608096 0.878893
0.612051 0.910271
0.616692 0.559317
0.622004 0.618411
0.627969 0.690107
0.634571 0.840585
0.641788 0.625848
0.6496 0.747279
0.657987 0.833643
0.666926 0.816044
0.676396 0.823098
0.686374 0.920378
0.696839 0.649478
0.707769 0.586823
0.719143 0.898706
0.730941 0.827966
0.743141 1.36588
0.755726 0.936172
0.768674 1.0798
0.78197 1.01118
0.795595 1.0827
0.809532 1.14682
0.823766 1.06896
0.838281 0.939296
0.853064 0.940832
0.61598 0.543179
0.616336 0.657043
0.617403 0.529465
0.619176 0.621282
0.621651 0.5686
0.624818 0.851076
0.628667 0.617569
0.633187 0.571413
0.638361 0.46937
0.644175 0.651096
0.650612 0.697892
0.657653 0.724998
0.66528 0.680205
0.673471 0.85954
0.682207 1.05655
0.691468 1.07592
0.701232 0.795235
0.711478 0.945269
0.722187 0.958496
0.733337 1.25445
0.74491 0.927969
0.756886 0.955066
0.769245 1.0849
0.78197 1.41388
0.795043 1.45202
0.808447 0.992343
0.822167 1.13879
0.836186 1.26054
0.850489 1.10344
0.865064 1.35493
0.633187 1.13154
0.633533 0.474871
0.634571 1.01795
0.636296 0.79554
0.638705 0.683672
0.641788 0.774276
0.645536 0.758667
0.649938 0.553179
0.65498 0.731412
0.660648 0.765076
0.666926 1.0087
0.673797 0.71472
0.681242 0.750829
0.689244 0.777406
0.697783 0.641934
0.706839 0.926957
0.716393 0.746557
0.726426 1.02354
0.736918 0.895802
0.747849 0.889639
0.7592 0.944934
0.770954 0.80486
0.783091 1.13953
0.795595 1.12914
0.808447 1.07712
0.821633 1.13454
0.835136 1.53311
0.848941 1.23978
0.863033 0.800367
0.877399 1.03759
0.650612 0.841865
0.650949 0.786773
0.651959 0.681668
0.653639 0.816164
0.655984 0.540401
0.658986 0.688025
0.662637 0.96127
0.666926 0.916139
0.671841 0.765778
0.677368 0.699679
0.683492 0.678558
0.690198 0.864573
0.697468 0.835501
0.705286 0.804613
0.713633 1.05936
0.72249 1.12141
0.731841 1.11983
0.741664 1.02281
0.751943 1.56388
0.762659 0.642411
0.773793 1.01131
0.785328 0.921924
0.797247 0.904928
0.809532 1.26807
0.822167 1.23427
0.835136 1.40802
0.848424 1.04359
0.862016 1.32897
0.875898 1.22455
0.890056 1.93825
0.66824 0.744562
0.668568 0.648084
0.669552 0.832586
0.671187 0.685457
0.673471 0.918976
0.676396 0.904557
0.679953 0.680092
0.684133 0.70768
0.688925 0.719049
0.694316 0.737647
0.700293 1.03172
0.706839 0.774121
0.71394 0.896267
0.721579 1.00841
0.72974 0.885976
0.738404 1.01723
0.747555 1.15629
0.757175 1.0198
0.767246 1.11797
0.777751 1.40176
0.788673 1.29469
0.799993 0.770009
0.811696 1.02323
0.823766 1.13803
0.836186 1.52264
0.848941 1.1172
0.862016 1.51451
0.875397 1.6615
0.88907 1.1969
0.903022 0.8529
0.686054 1.05807
0.686374 0.693816
0.687332 0.741238
0.688925 0.85758
0.69115 0.801914
0.694001 0.717137
0.697468 0.893952
0.701544 0.872171
0.706218 0.995856
0.711478 0.943808
0.717311 1.13031
0.723704 0.702897
0.730641 0.748144
0.738107 0.976361
0.746087 1.19071
0.754564 1.15551
0.763521 1.03438
0.772942 0.664876
0.782811 1.20125
0.79311 0.906259
0.803822 1.26382
0.814932 0.950821
0.826424 1.26149
0.838281 1.22563
0.850489 1.26625
0.863033 1.19602
0.875898 0.962007
0.88907 1.68148
0.902536 1.43734
0.916283 1.48891
0.704041 0.636532
0.704352 0.793435
0.705286 0.937359
0.706839 0.902118
0.709008 0.631201
0.711786 0.862338
0.715168 1.07944
0.719143 1.08952
0.723704 0.889261
0.728837 0.819341
0.734533 0.968721
0.740777 0.85602
0.747555 0.861585
0.754854 1.03404
0.762659 1.24326
0.770954 0.706122
0.779723 0.978523
0.788951 1.32812
0.798621 1.14151
0.808719 1.17305
0.819227 1.11915
0.830131 0.87003
0.841415 1.05068
0.853064 0.944191
0.865064 1.39449
0.877399 1.36963
0.890056 1.37718
0.903022 1.6776
0.916283 1.10227
0.929827 1.38775
0.376991 0.442909
0.377572 0.418023
0.379311 0.316299
0.382191 0.376694
0.386187 0.40718
0.391265 0.32744
0.397384 0.406253
0.404495 0.287486
0.412548 0.536569
0.421489 0.489425
0.431262 0.32855
0.441813 0.53393
0.453087 0.642405
0.465031 0.635733
0.477596 0.75864
0.490732 0.621741
0.504397 0.432741
0.518548 0.760018
0.533146 0.84828
0.548156 0.702859
0.563544 0.661518
0.579281 0.505273
0.595339 0.457948
0.611692 0.718931
0.628319 0.741282
0.645196 0.688306
0.662306 0.679756
0.67963 0.717559
0.697154 0.79013
0.714861 0.667576
0.377572 0.650298
0.378153 0.559788
0.379889 0.215898
0.382765 0.220866
0.386755 0.439864
0.391825 0.284393
0.397935 0.354614
0.405037 0.541001
0.413079 0.591136
0.422009 0.389736
0.431771 0.471627
0.442309 0.688412
0.453571 0.47336
0.465503 0.503062
0.478055 0.463366
0.491179 0.493068
0.504832 0.524417
0.518971 0.506062
0.533557 0.669541
0.548556 0.421635
0.563933 0.605443
0.57966 0.734834
0.595707 0.593148
0.612051 0.531698
0.628667 0.691754
0.645536 0.694597
0.662637 0.921764
0.679953 0.603362
0.697468 0.700634
0.715168 0.844502
0.379311 0.909472
0.379889 0.357426
0.381617 0.572683
0.38448 0.300402
0.388452 0.412548
0.393501 0.385648
0.399585 0.443359
0.406658 0.487484
0.414669 0.268285
0.423565 0.555233
0.433292 0.474195
0.443794 0.46457
0.455019 0.45911
0.466914 0.435253
0.479429 0.317634
0.492517 0.524685
0.506133 0.601124
0.520237 0.492477
0.534789 0.676091
0.549754 0.557021
0.565099 0.508296
0.580794 0.57942
0.596811 0.696322
0.613125 0.504066
0.629713 0.810324
0.646554 0.809917
0.663629 0.441865
0.68092 0.629836
0.698411 0.861871
0.716087 0.741264
0.382191 0.429193
0.382765 0.553055
0.38448 0.419947
0.387322 0.61839
0.391265 0.549698
0.396278 0.400058
0.40232 0.57503
0.409346 0.421141
0.417305 0.545946
0.426146 0.552258
0.435815 0.603696
0.446259 0.324711
0.457423 0.43491
0.469257 0.518179
0.481711 0.573169
0.494739 0.739712
0.508295 0.56049
0.522341 0.361778
0.536836 0.739904
0.551745 0.492104
0.567036 0.452239
0.582679 0.820985
0.598645 0.725528
0.614911 0.515848
0.631452 0.820435
0.648248 0.91622
0.66528 0.80887
0.682529 0.944232
0.699979 0.847065
0.717617 0.924833
0.386187 0.409103
0.386755 0.403237
0.388452 0.381886
0.391265 0.428369
0.39517 0.380536
0.400134 0.291583
0.406118 0.24302
0.413079 0.521774
0.420968 0.435648
0.429734 0.343861
0.439324 0.584669
0.449686 0.707339
0.460767 0.349764
0.472517 0.460668
0.484888 0.559633
0.497832 0.551967
0.511307 0.671037
0.525272 0.638952
0.539688 0.630046
0.554521 0.592433
0.569737 0.469313
0.585308 0.747211
0.601204 0.440746
0.617403 0.523304
0.633879 0.650151
0.650612 0.784284
0.667583 0.775717
0.684774 1.08206
0.702169 0.703956
0.719753 0.800001
0.391265 0.455715
0.391825 0.2828
0.393501 0.578254
0.396278 0.451064
0.400134 0.634668
0.405037 0.405222
0.41095 0.431791
0.417831 0.512651
0.425631 0.48513
0.434303 0.409524
0.443794 0.430952
0.454054 0.503594
0.465031 0.387484
0.476676 0.534573
0.488941 0.451216
0.501781 0.431433
0.515153 0.418577
0.529016 0.687862
0.543333 0.580164
0.558069 0.483411
0.573191 0.634484
0.58867 0.60438
0.604479 0.574896
0.620592 0.508549
0.636985 0.626613
0.653639 0.717484
0.670534 0.840684
0.687651 0.669795
0.704975 1.04973
0.72249 0.72419
0.397384 0.391088
0.397935 0.361385
0.399585 0.354237
0.40232 0.404937
0.406118 0.549886
0.41095 0.673408
0.416779 0.592534
0.423565 0.350071
0.431262 0.421841
0.439823 0.384014
0.449198 0.605485
0.459337 0.422622
0.470191 0.37945
0.481711 0.414321
0.493851 0.382721
0.506567 0.426622
0.519815 0.491282
0.533557 0.575845
0.547755 0.4704
0.562375 0.677364
0.577385 0.540197
0.592755 0.530105
0.608457 0.651835
0.624467 1.24812
0.640762 0.895256
0.65732 0.995049
0.674122 0.839842
0.69115 1.0495
0.708389 0.886948
0.725822 0.881166
0.404495 0.480961
0.405037 0.31987
0.406658 0.29925
0.409346 0.482792
0.413079 0.392381
0.417831 0.461091
0.423565 0.403733
0.430244 0.385362
0.437824 0.552153
0.446259 0.529141
0.455501 0.333602
0.465503 0.672096
0.476216 0.469711
0.487594 0.512278
0.499591 0.496529
0.512164 0.612339
0.525272 0.558122
0.538874 0.552168
0.552936 0.600017
0.567423 0.484304
0.582302 0.332947
0.597545 0.510248
0.613125 0.550236
0.629016 0.549584
0.645196 0.778529
0.661643 0.643156
0.678338 0.911945
0.695263 0.736741
0.712402 0.929654
0.72974 1.08317
0.412548 0.526595
0.413079 0.387675
0.414669 0.517108
0.417305 0.226825
0.420968 0.468177
0.425631 0.316136
0.431262 0.436208
0.437824 0.395948
0.445275 0.557539
0.453571 0.341431
0.462667 0.712325
0.472517 0.535146
0.483075 0.412303
0.494295 0.538473
0.506133 0.472828
0.518548 0.479928
0.531498 0.590487
0.544945 0.607378
0.558854 0.720448
0.573191 0.529798
0.587925 0.466899
0.603026 0.59367
0.618467 0.623096
0.634225 0.762212
0.650275 0.901331
0.666597 0.685732
0.683171 0.827481
0.699979 1.06379
0.717005 1.06426
0.734234 0.859975
0.421489 0.48872
0.422009 0.410146
0.423565 0.529912
0.426146 0.57042
0.429734 0.325298
0.434303 0.52071
0.439823 0.422338
0.446259 0.296734
0.453571 0.39941
0.461718 0.526372
0.470657 0.564401
0.480343 0.61961
0.490732 0.476204
0.501781 0.465353
0.513447 0.518291
0.525689 0.653043
0.538467 0.553172
0.551745 0.41817
0.565487 0.444424
0.57966 0.641809
0.594233 0.671134
0.609177 0.600765
0.624467 0.925522
0.640077 0.57893
0.655984 0.670316
0.672167 1.12697
0.688607 0.674848
0.705286 1.18046
0.722187 0.876335
0.739295 0.869742
0.431262 0.462728
0.431771 0.374717
0.433292 0.341975
0.435815 0.435748
0.439324 0.612615
0.443794 0.452863
0.449198 0.621556
0.455501 0.37906
0.462667 0.424772
0.470657 0.75118
0.479429 0.627621
0.488941 0.315122
0.499152 0.48318
0.510019 0.622523
0.5215 0.482123
0.533557 0.619904
0.546151 0.456196
0.559247 0.528016
0.572808 0.727939
0.586805 0.639251
0.601204 0.577468
0.61598 0.687932
0.631105 0.392124
0.646554 0.767982
0.662306 0.508775
0.678338 0.922237
0.694632 0.918625
0.71117 0.624838
0.727934 0.898362
0.74491 1.04463
0.441813 0.494347
0.442309 0.447843
0.443794 0.932226
0.446259 0.350985
0.449686 0.651388
0.454054 0.460537
0.459337 0.687995
0.465503 0.332302
0.472517 0.455435
0.480343 0.398067
0.488941 0.485869
0.498272 0.605233
0.508295 0.61488
0.518971 0.416693
0.530258 0.558493
0.542121 0.447865
0.554521 0.487385
0.567423 0.413437
0.580794 0.446294
0.594602 0.623738
0.608817 0.852748
0.623412 0.909073
0.638361 0.489099
0.653639 0.664882
0.669224 0.760369
0.685095 0.803429
0.701232 0.832701
0.717617 0.934091
0.734234 1.03198
0.751068 0.952787
0.453087 0.490477
0.453571 0.343828
0.455019 0.465621
0.457423 0.384692
0.460767 0.295465
0.465031 0.400387
0.470191 0.70951
0.476216 0.498433
0.483075 0.386625
0.490732 0.540309
0.499152 0.432372
0.508295 0.422965
0.518125 0.573603
0.528601 0.337284
0.539688 0.405361
0.551347 0.770833
0.563544 0.782579
0.576244 0.735471
0.589415 0.818021
0.603026 0.420961
0.617047 0.859196
0.631452 0.562174
0.646215 0.446638
0.661312 0.839504
0.67672 0.85975
0.692419 0.704337
0.708389 0.767131
0.724612 1.01597
0.741073 0.760006
0.757754 0.805149
0.465031 0.453966
0.465503 0.466325
0.466914 0.522239
0.469257 0.373605
0.472517 0.4127
0.476676 0.365687
0.481711 0.43388
0.487594 0.435865
0.494295 0.490896
0.501781 0.40183
0.510019 0.539004
0.518971 0.420344
0.528601 0.470141
0.538874 0.595225
0.549754 0.497372
0.561204 0.56008
0.573191 0.5835
0.585682 0.863643
0.598645 0.635713
0.612051 0.781271
0.62587 0.851448
0.640077 0.70483
0.654645 0.685495
0.669552 0.805393
0.684774 0.880834
0.700293 0.956216
0.716087 0.843068
0.73214 0.833573
0.748435 0.889095
0.764956 0.994879
0.477596 0.561925
0.478055 0.517303
0.479429 0.443208
0.481711 0.642053
0.484888 0.497433
0.488941 0.594026
0.493851 0.530067
0.499591 0.654778
0.506133 0.479785
0.513447 0.573503
0.5215 0.411194
0.530258 0.946395
0.539688 0.529964
0.549754 0.508456
0.560422 0.437808
0.571659 0.562746
0.583431 0.68037
0.595707 0.576812
0.608457 0.750979
0.621651 0.900394
0.635261 0.616785
0.649262 0.632188
0.663629 1.01441
0.678338 0.818983
0.693368 0.595748
0.708698 0.940732
0.72431 0.818862
0.740184 1.10739
0.756306 1.20636
0.772659 1.09086
0.490732 0.832981
0.491179 0.446331
0.492517 0.490776
0.494739 0.338156
0.497832 0.772573
0.501781 0.480218
0.506567 0.619113
0.512164 0.496017
0.518548 0.595219
0.525689 0.50518
0.533557 0.437931
0.542121 0.687463
0.551347 0.441084
0.561204 0.52878
0.571659 0.451862
0.582679 0.840731
0.594233 0.935688
0.60629 0.509516
0.618822 0.622135
0.6318 0.621898
0.645196 0.780855
0.658986 0.769429
0.673145 1.14102
0.687651 0.92651
0.702481 0.608097
0.717617 1.08278
0.733038 1.11475
0.748728 1.22171
0.764669 0.907067
0.780847 1.09127
0.504397 0.494142
0.504832 0.575795
0.506133 0.727853
0.508295 0.513504
0.511307 0.576867
0.515153 0.611006
0.519815 0.44463
0.525272 0.559979
0.531498 0.392514
0.538467 0.570476
0.546151 0.593809
0.554521 0.519381
0.563544 0.676314
0.573191 0.724803
0.583431 0.66856
0.594233 0.727447
0.605566 0.594786
0.617403 0.875133
0.629713 0.554178
0.642471 0.844648
0.655649 0.679079
0.669224 0.486512
0.683171 0.795179
0.697468 1.31345
0.712094 0.957863
0.72703 1.04723
0.742256 1.02321
0.757754 0.842637
0.77351 0.959182
0.789506 0.994712
0.518548 0.60991
0.518971 0.67526
0.520237 0.746015
0.522341 0.520468
0.525272 0.594325
0.529016 0.656933
0.533557 0.700757
0.538874 0.737972
0.544945 1.08698
0.551745 0.653511
0.559247 0.490837
0.567423 0.456223
0.576244 0.449513
0.585682 0.555136
0.595707 0.654367
0.60629 0.606792
0.617403 0.829701
0.629016 0.999262
0.641104 0.755956
0.653639 0.730584
0.666597 0.871007
0.679953 0.8286
0.693684 0.797241
0.707769 0.825707
0.722187 0.810691
0.736918 1.08839
0.751943 0.9782
0.767246 0.922973
0.782811 1.09691
0.798621 1.3945
0.533146 0.698089
0.533557 0.748563
0.534789 0.674216
0.536836 0.472688
0.539688 0.668025
0.543333 0.590971
0.547755 0.330016
0.552936 0.376751
0.558854 0.720073
0.565487 0.670044
0.572808 0.653587
0.580794 0.462643
0.589415 0.525039
0.598645 0.448372
0.608457 0.68527
0.618822 0.65337
0.629713 0.528991
0.641104 0.529492
0.652968 0.757322
0.66528 0.657293
0.678015 0.77585
0.69115 0.817526
0.704664 0.60172
0.718533 0.58003
0.732739 1.29634
0.747262 1.30385
0.762084 1.06482
0.777187 1.28321
0.792556 0.938755
0.808176 1.63353
0.548156 0.636117
0.548556 0.360648
0.549754 0.43001
0.551745 0.580044
0.554521 0.602915
0.558069 0.640322
0.562375 0.433609
0.567423 0.848572
0.573191 0.458258
0.57966 0.536676
0.586805 0.459982
0.594602 0.696364
0.603026 0.832255
0.612051 0.587821
0.621651 0.687969
0.6318 0.760422
0.642471 0.650699
0.653639 0.590415
0.66528 0.858076
0.677368 1.01591
0.68988 0.883795
0.702794 0.861519
0.716087 1.29855
0.72974 1.11266
0.743731 1.56906
0.758044 0.865383
0.772659 1.12589
0.787559 1.5765
0.80273 1.13568
0.818156 1.12233
0.563544 0.325495
0.563933 0.36915
0.565099 0.511359
0.567036 0.737061
0.569737 0.56533
0.573191 0.451597
0.577385 0.469385
0.582302 0.622719
0.587925 0.699409
0.594233 0.625989
0.601204 0.697763
0.608817 0.564322
0.617047 0.6034
0.62587 0.625878
0.635261 0.742511
0.645196 0.488323
0.655649 1.05239
0.666597 0.937679
0.678015 0.886201
0.68988 0.943479
0.702169 0.985795
0.714861 0.831264
0.727934 0.864692
0.741369 0.729748
0.755145 0.875452
0.769245 0.880928
0.783651 0.78923
0.798346 1.09352
0.813316 0.965244
0.828544 1.07469
0.579281 0.371025
0.57966 0.57383
0.580794 0.633716
0.582679 0.648951
0.585308 0.49603
0.58867 0.573769
0.592755 0.771581
0.597545 0.720606
0.603026 0.41139
0.609177 0.64241
0.61598 0.752317
0.623412 0.702556
0.631452 0.533921
0.640077 0.648613
0.649262 0.815936
0.658986 1.00513
0.669224 0.831417
0.679953 0.912953
0.69115 0.67689
0.702794 0.92353
0.714861 0.777291
0.727331 1.03158
0.740184 1.0905
0.7534 1.25658
0.766961 0.928512
0.780847 0.902693
0.795043 1.4946
0.809532 1.10063
0.824298 1.1976
0.839327 1.25756
0.595339 0.55167
0.595707 0.63954
0.596811 0.653087
0.598645 0.672402
0.601204 0.542739
0.604479 0.865829
0.608457 0.718727
0.613125 0.679856
0.618467 0.760539
0.624467 0.813503
0.631105 0.962209
0.638361 0.673864
0.646215 0.603662
0.654645 0.718545
0.663629 0.877072
0.673145 0.689732
0.683171 0.507473
0.693684 0.595431
0.704664 0.589965
0.716087 0.837715
0.727934 1.01033
0.740184 0.780639
0.752818 0.955779
0.765816 0.961231
0.77916 0.843091
0.792833 0.931224
0.806818 1.30739
0.821099 1.54113
0.835661 1.53638
0.850489 1.30382
0.611692 0.655243
0.612051 0.573425
0.613125 0.564858
0.614911 0.587103
0.617403 0.858869
0.620592 0.843017
0.624467 0.68087
0.629016 0.531355
0.634225 0.871434
0.640077 0.755703
0.646554 0.568572
0.653639 0.754294
0.661312 0.680549
0.669552 0.767861
0.678338 0.958003
0.687651 0.730928
0.697468 0.987297
0.707769 0.772192
0.718533 0.976645
0.72974 0.985021
0.741369 0.88657
0.7534 0.965981
0.765816 0.772004
0.778597 0.75915
0.791726 1.01755
0.805185 1.15795
0.818959 1.06803
0.833032 0.798669
0.847389 1.23358
0.862016 1.01862
0.628319 0.594703
0.628667 0.586273
0.629713 0.594989
0.631452 0.497214
0.633879 0.738332
0.636985 0.568229
0.640762 0.52013
0.645196 0.423466
0.650275 0.756231
0.655984 0.977011
0.662306 0.764013
0.669224 0.548839
0.67672 0.661833
0.684774 0.805587
0.693368 0.531968
0.702481 0.984872
0.712094 0.95768
0.722187 1.11885
0.732739 0.885087
0.743731 1.02219
0.755145 0.744207
0.766961 0.898909
0.77916 1.1359
0.791726 1.2069
0.80464 1.51781
0.817887 0.872001
0.831451 0.745751
0.845316 1.26331
0.859468 1.30248
0.873892 1.56998
0.645196 0.797658
0.645536 0.826296
0.646554 0.669071
0.648248 0.74215
0.650612 0.798496
0.653639 0.675094
0.65732 0.533182
0.661643 0.832806
0.666597 0.607825
0.672167 1.05787
0.678338 0.834697
0.685095 0.63577
0.692419 0.847442
0.700293 1.08161
0.708698 1.18898
0.717617 0.660885
0.72703 0.881963
0.736918 1.38503
0.747262 1.14409
0.758044 1.18141
0.769245 1.18631
0.780847 1.02377
0.792833 1.29597
0.805185 0.894844
0.817887 1.13786
0.830923 1.15044
0.844278 1.06091
0.857935 1.34444
0.871882 1.04821
0.886105 0.751302
0.662306 0.859447
0.662637 0.468408
0.663629 0.69712
0.66528 0.638595
0.667583 0.946758
0.670534 0.923325
0.674122 0.730382
0.678338 0.901665
0.683171 0.596135
0.688607 0.991906
0.694632 0.667488
0.701232 0.903888
0.708389 0.949351
0.716087 0.942682
0.72431 0.757406
0.733038 0.905714
0.742256 0.775226
0.751943 0.992353
0.762084 0.751756
0.772659 1.09649
0.783651 1.1308
0.795043 0.722769
0.806818 1.28757
0.818959 0.95779
0.831451 1.56468
0.844278 1.48645
0.857424 1.35006
0.870876 0.699779
0.884619 0.883533
0.89864 0.91281
0.67963 1.29486
0.679953 0.796707
0.68092 0.833595
0.682529 0.98445
0.684774 0.835075
0.687651 0.705624
0.69115 1.05996
0.695263 0.886123
0.699979 0.72119
0.705286 0.933594
0.71117 0.929381
0.717617 0.788389
0.724612 0.976142
0.73214 0.955017
0.740184 1.14706
0.748728 1.06069
0.757754 0.703226
0.767246 1.06325
0.777187 1.16798
0.787559 0.913553
0.798346 0.965971
0.809532 0.97359
0.821099 1.15805
0.833032 0.976921
0.845316 1.18756
0.857935 1.11172
0.870876 1.62889
0.884123 1.34894
0.897663 1.0919
0.911483 1.46962
0.697154 1.02231
0.697468 0.605634
0.698411 1.13697
0.699979 0.472857
0.702169 0.854833
0.704975 0.987052
0.708389 1.09599
0.712402 0.789356
0.717005 0.766982
0.722187 0.465105
0.727934 0.862268
0.734234 1.03455
0.741073 0.639272
0.748435 1.08518
0.756306 0.854856
0.764669 0.856216
0.77351 1.12949
0.782811 1.05699
0.792556 1.16683
0.80273 1.49308
0.813316 0.937753
0.824298 1.3112
0.835661 1.63967
0.847389 0.923843
0.859468 1.11796
0.871882 1.47512
0.884619 1.2209
0.897663 1.17896
0.911002 1.08878
0.924623 0.943236
0.714861 0.785993
0.715168 0.912331
0.716087 1.07093
0.717617 0.800159
0.719753 1.08745
0.72249 0.859911
0.725822 0.684107
0.72974 0.894541
0.734234 1.07077
0.739295 1.12213
0.74491 0.500225
0.751068 0.699922
0.757754 0.929399
0.764956 0.958888
0.772659 1.13625
0.780847 0.855734
0.789506 0.965094
0.798621 0.975584
0.808176 0.940438
0.818156 1.26389
0.828544 0.972549
0.839327 0.880155
0.850489 1.14186
0.862016 1.02065
0.873892 1.41177
0.886105 1.03174
0.89864 1.22483
0.911483 1.33828
0.924623 1.34279
0.938046 1.3275
0.397935 0.311493
0.398486 0.489342
0.400134 0.439336
0.402865 0.449142
0.406658 0.480931
0.411483 0.352908
0.417305 0.398362
0.424083 0.733563
0.431771 0.552762
0.440321 0.452147
0.449686 0.342488
0.459814 0.523617
0.470657 0.317183
0.482166 0.648948
0.494295 0.667188
0.506999 0.50685
0.520237 0.621719
0.533968 0.58635
0.548156 0.533377
0.562765 0.407241
0.577765 0.54549
0.593124 0.531726
0.608817 0.521065
0.624818 0.524022
0.641104 0.782601
0.657653 0.949549
0.674447 0.573592
0.691468 0.828653
0.708698 0.94624
0.726124 0.858069
0.398486 0.411911
0.399036 0.582256
0.400681 0.418973
0.403409 0.294665
0.407197 0.480646
0.412016 0.610791
0.417831 0.603711
0.4246 0.474145
0.432278 0.390806
0.440819 0.389025
0.450173 0.422537
0.460291 0.46391
0.471123 0.436034
0.482621 0.807272
0.494739 0.68827
0.507432 0.653355
0.520658 0.557927
0.534379 0.557423
0.548556 0.580552
0.563155 0.573707
0.578144 0.592798
0.593494 0.731293
0.609177 0.644548
0.625169 0.645246
0.641446 0.654095
0.657987 0.9813
0.674772 0.685453
0.691785 1.15246
0.709008 0.926333
0.726426 0.992026
0.400134 0.318481
0.400681 0.534692
0.40232 0.5245
0.405037 0.332899
0.40881 0.598417
0.41361 0.361507
0.419402 0.365452
0.426146 0.37434
0.433798 0.435133
0.442309 0.444697
0.451632 0.464449
0.461718 0.519758
0.472517 0.418769
0.483982 0.450082
0.496067 0.584512
0.508727 0.492235
0.521921 0.613179
0.535609 0.512445
0.549754 0.554453
0.564322 0.472297
0.579281 0.440799
0.594602 0.541821
0.610257 0.763281
0.626221 0.723395
0.642471 0.997493
0.658986 0.695162
0.675747 0.668931
0.692735 1.06432
0.709935 0.980845
0.727331 1.06508
0.402865 0.296989
0.403409 0.418269
0.405037 0.298674
0.407735 0.274146
0.411483 0.472111
0.416253 0.424146
0.422009 0.406142
0.428712 0.399201
0.436318 0.558618
0.444782 0.555714
0.454054 0.603366
0.464087 0.546739
0.474832 0.438762
0.486243 0.463293
0.498272 0.333205
0.510878 0.518557
0.524017 0.411141
0.537652 0.476276
0.551745 0.622828
0.566262 0.507726
0.581171 0.661903
0.596443 0.629413
0.612051 0.909619
0.627969 0.620373
0.644175 0.713234
0.660648 0.580984
0.677368 0.744277
0.694316 0.841077
0.711478 0.747437
0.728837 0.908859
0.406658 0.395814
0.407197 0.450726
0.40881 0.458822
0.411483 0.32672
0.415198 0.376696
0.419925 0.339152
0.425631 0.500194
0.432278 0.390242
0.439823 0.285012
0.44822 0.664414
0.457423 0.639689
0.467383 0.59167
0.478055 0.491456
0.48939 0.422874
0.501344 0.415862
0.513874 0.338578
0.526939 0.449929
0.5405 0.644785
0.554521 0.509439
0.568967 0.497116
0.583807 0.584346
0.599012 0.702273
0.614554 0.741189
0.630409 0.506204
0.646554 0.898833
0.662968 0.634999
0.67963 0.764615
0.696524 0.972303
0.713633 0.798367
0.730941 0.955821
0.411483 0.603053
0.412016 0.4411
0.41361 0.314902
0.416253 0.556492
0.419925 0.561707
0.4246 0.402666
0.430244 0.511765
0.436821 0.476484
0.444288 0.500576
0.452603 0.484966
0.461718 0.549409
0.471588 0.601794
0.482166 0.69259
0.493407 0.464694
0.505266 0.347047
0.517701 0.509868
0.530672 0.523669
0.54414 0.619779
0.558069 0.703167
0.572425 0.573924
0.587178 0.586575
0.602298 0.527257
0.617758 0.774097
0.633533 0.603101
0.6496 0.652876
0.665939 0.896983
0.682529 0.764615
0.699352 0.89623
0.716393 0.725639
0.733636 0.970609
0.417305 0.468758
0.417831 0.299334
0.419402 0.31576
0.422009 0.370082
0.425631 0.395126
0.430244 0.346189
0.435815 0.528277
0.442309 0.442785
0.449686 0.423896
0.457902 0.435171
0.466914 0.584356
0.476676 0.483728
0.487144 0.588868
0.498272 0.559898
0.510019 0.629999
0.522341 0.630148
0.535199 0.452878
0.548556 0.486671
0.562375 0.643353
0.576625 0.512915
0.591273 0.709338
0.60629 0.715647
0.621651 0.697634
0.63733 0.716864
0.653304 0.665799
0.669552 0.72399
0.686054 0.569718
0.702794 0.989191
0.719753 0.929718
0.736918 0.927463
0.424083 0.758782
0.4246 0.423591
0.426146 0.618193
0.428712 0.343612
0.432278 0.684584
0.436821 0.427815
0.442309 0.348213
0.448709 0.46949
0.455982 0.675764
0.464087 0.353166
0.472981 0.536863
0.482621 0.557838
0.492962 0.489285
0.503962 0.66765
0.515579 0.465329
0.527771 0.520799
0.5405 0.541629
0.553729 0.533864
0.567423 0.57454
0.581548 0.40297
0.596075 0.754627
0.610975 0.57079
0.626221 0.468632
0.641788 0.859995
0.657653 0.592008
0.673797 0.833495
0.690198 0.879435
0.706839 0.756402
0.723704 1.05095
0.740777 1.16616
0.431771 0.385224
0.432278 0.529148
0.433798 0.543906
0.436318 0.48338
0.439823 0.364622
0.444288 0.731089
0.449686 0.521785
0.455982 0.349956
0.463141 0.43529
0.471123 0.570225
0.479886 0.469513
0.48939 0.69439
0.499591 0.549574
0.510448 0.648875
0.521921 0.539172
0.533968 0.53924
0.546553 0.480161
0.559639 0.544756
0.573191 0.755543
0.587178 0.484435
0.601569 0.644467
0.616336 0.679493
0.631452 0.721254
0.646894 0.543337
0.662637 0.61426
0.678662 0.795092
0.694948 0.621394
0.711478 1.49988
0.728235 1.02149
0.745204 1.07793
0.440321 0.464657
0.440819 0.521182
0.442309 0.370087
0.444782 0.477846
0.44822 0.422052
0.452603 0.387307
0.457902 0.502314
0.464087 0.714102
0.471123 0.300115
0.478971 0.692224
0.487594 0.636321
0.49695 0.589227
0.506999 0.381476
0.517701 0.459489
0.529016 0.415093
0.540906 0.639354
0.553333 0.640924
0.566262 0.531985
0.57966 0.369092
0.593494 0.698823
0.607736 0.524306
0.622356 0.767065
0.63733 0.696262
0.652632 1.02315
0.66824 1.0219
0.684133 0.754446
0.700293 0.894499
0.716699 1.01331
0.733337 1.00639
0.750191 0.938344
0.449686 0.382486
0.450173 0.557942
0.451632 0.404048
0.454054 0.420507
0.457423 0.606681
0.461718 0.465401
0.466914 0.548964
0.472981 0.320483
0.479886 0.499799
0.487594 0.679781
0.496067 0.351682
0.505266 0.449381
0.515153 0.271184
0.525689 0.711039
0.536836 0.469705
0.548556 0.527675
0.560813 0.382785
0.573574 0.530812
0.586805 0.902459
0.600474 0.503308
0.614554 0.495411
0.629016 0.511357
0.643835 0.70198
0.658986 0.634323
0.674447 0.696442
0.690198 0.604728
0.706218 0.944442
0.72249 0.886271
0.738998 0.507805
0.755726 1.21732
0.459814 0.318072
0.460291 0.418205
0.461718 0.395807
0.464087 0.602071
0.467383 0.418452
0.471588 0.560246
0.476676 0.480797
0.482621 0.702242
0.48939 0.614989
0.49695 0.654499
0.505266 0.693831
0.514301 0.38512
0.524017 0.573539
0.534379 0.437719
0.545348 0.54632
0.556889 0.925647
0.568967 0.640966
0.581548 0.492845
0.594602 0.605334
0.608096 0.734735
0.622004 0.919486
0.636296 0.635688
0.650949 0.943451
0.665939 0.59273
0.681242 0.956943
0.696839 0.707548
0.71271 0.869849
0.728837 0.809975
0.745204 1.079
0.761796 0.622928
0.470657 0.573049
0.471123 0.406145
0.472517 0.814415
0.474832 0.624484
0.478055 0.350918
0.482166 0.652476
0.487144 0.395391
0.492962 0.555338
0.499591 0.483285
0.506999 0.693036
0.515153 0.530713
0.524017 0.474043
0.533557 0.51387
0.543737 0.694356
0.554521 0.499929
0.565874 0.610545
0.577765 0.763016
0.590159 0.683503
0.603026 0.670748
0.616336 0.634913
0.630061 0.842704
0.644175 0.630843
0.658653 0.736958
0.673471 0.627415
0.688607 0.772654
0.704041 1.00608
0.719753 1.38162
0.735726 0.938601
0.751943 0.977292
0.768389 0.898281
0.482166 0.530125
0.482621 0.417074
0.483982 0.440457
0.486243 0.600846
0.48939 0.623181
0.493407 0.632796
0.498272 0.326666
0.503962 0.486332
0.510448 0.452817
0.517701 0.44925
0.525689 0.471744
0.534379 0.516384
0.543737 0.476398
0.553729 0.638298
0.564322 0.589398
0.575482 0.599505
0.587178 0.584936
0.599378 0.646672
0.612051 0.780164
0.625169 0.720342
0.638705 0.573364
0.652632 0.845467
0.666926 0.693019
0.681564 0.755172
0.696524 0.898541
0.711786 0.844162
0.727331 0.798521
0.743141 1.30605
0.7592 0.826411
0.775492 1.13525
0.494295 0.343905
0.494739 0.522567
0.496067 0.668245
0.498272 0.632882
0.501344 0.567679
0.505266 0.439449
0.510019 0.406641
0.515579 0.661388
0.521921 0.505516
0.529016 0.540977
0.536836 0.52719
0.545348 0.514257
0.554521 0.560473
0.564322 0.513577
0.57472 0.552938
0.585682 0.624696
0.597178 0.900669
0.609177 0.517065
0.621651 0.841255
0.634571 0.989614
0.64791 0.577691
0.661643 0.694559
0.675747 0.927545
0.690198 0.700878
0.704975 0.766256
0.720058 1.08713
0.735428 1.17403
0.751068 1.05017
0.766961 1.12584
0.783091 1.1351
0.506999 0.601978
0.507432 0.459606
0.508727 0.503786
0.510878 0.519341
0.513874 0.584343
0.517701 0.90952
0.522341 0.320735
0.527771 0.842967
0.533968 0.696406
0.540906 0.416768
0.548556 0.426733
0.556889 0.506081
0.565874 0.698003
0.575482 0.807679
0.585682 0.777134
0.596443 0.910746
0.607736 0.444907
0.61953 0.727638
0.6318 0.617525
0.644516 0.765078
0.657653 0.783893
0.671187 1.22267
0.685095 0.653126
0.699352 1.13763
0.71394 0.899736
0.728837 0.788889
0.744026 1.27405
0.759489 1.15962
0.775209 1.13037
0.791171 0.790519
0.520237 0.370618
0.520658 0.546414
0.521921 0.476577
0.524017 0.876296
0.526939 0.563504
0.530672 0.525551
0.535199 0.634433
0.5405 0.549144
0.546553 0.57705
0.553333 0.332856
0.560813 0.601003
0.568967 0.543182
0.577765 0.732544
0.587178 0.565082
0.597178 0.706715
0.607736 0.475838
0.618822 0.646157
0.630409 0.57209
0.642471 0.645971
0.65498 0.949481
0.667912 0.842375
0.681242 1.108
0.694948 0.849874
0.709008 1.08581
0.723401 1.29509
0.738107 0.863642
0.753109 1.03908
0.768389 0.934096
0.783931 0.985674
0.799719 0.990813
0.533968 0.705597
0.534379 0.607758
0.535609 0.412246
0.537652 0.425248
0.5405 0.4035
0.54414 0.90467
0.548556 0.797403
0.553729 0.557546
0.559639 0.552598
0.566262 0.496328
0.573574 0.790703
0.581548 0.689424
0.590159 0.865094
0.599378 0.782918
0.609177 0.573336
0.61953 0.764458
0.630409 0.676305
0.641788 0.751747
0.653639 0.867364
0.665939 1.01789
0.678662 0.810384
0.691785 0.710289
0.705286 0.868172
0.719143 1.10409
0.733337 0.905242
0.747849 0.884639
0.762659 0.890277
0.777751 1.07196
0.79311 0.835955
0.808719 0.8309
0.548156 0.627506
0.548556 0.442414
0.549754 0.58618
0.551745 0.610067
0.554521 0.468397
0.558069 0.571884
0.562375 0.387048
0.567423 0.482569
0.573191 0.673748
0.57966 0.826822
0.586805 0.856836
0.594602 0.536546
0.603026 0.659563
0.612051 0.773494
0.621651 0.635392
0.6318 0.875247
0.642471 0.765654
0.653639 0.774819
0.66528 0.95314
0.677368 0.976344
0.68988 0.805424
0.702794 0.728063
0.716087 0.988265
0.72974 0.917264
0.743731 1.14532
0.758044 1.12207
0.772659 1.2436
0.787559 0.806498
0.80273 1.24619
0.818156 1.04708
0.562765 0.493368
0.563155 0.535733
0.564322 0.540222
0.566262 0.97331
0.568967 0.656854
0.572425 0.592286
0.576625 0.628698
0.581548 0.846258
0.587178 0.638855
0.593494 0.63123
0.600474 0.789952
0.608096 0.738405
0.616336 0.645559
0.625169 0.528197
0.634571 0.741628
0.644516 0.438187
0.65498 0.707768
0.665939 0.719305
0.677368 0.795404
0.689244 0.814408
0.701544 0.913673
0.714247 1.22334
0.727331 0.850426
0.740777 0.824006
0.754564 0.999596
0.768674 1.14097
0.783091 0.734903
0.797797 1.10034
0.812776 0.890413
0.828015 1.65489
0.577765 0.6065
0.578144 0.345335
0.579281 0.773267
0.581171 0.558853
0.583807 0.852288
0.587178 0.910634
0.591273 0.485525
0.596075 0.823638
0.601569 0.528081
0.607736 0.705635
0.614554 0.782525
0.622004 0.59292
0.630061 0.583026
0.638705 0.822013
0.64791 0.78174
0.657653 0.98818
0.667912 0.882462
0.678662 0.836566
0.68988 0.850293
0.701544 0.70165
0.713633 1.00223
0.726124 1.09095
0.738998 0.744997
0.752235 0.843258
0.765816 0.741311
0.779723 0.897972
0.793939 1.00683
0.808447 1.33612
0.823233 1.017
0.838281 0.946136
0.593124 0.679127
0.593494 0.901921
0.594602 0.662618
0.596443 0.951193
0.599012 0.992968
0.602298 0.558137
0.60629 0.742104
0.610975 0.65056
0.616336 0.688998
0.622356 0.820918
0.629016 0.783976
0.636296 0.495114
0.644175 0.730137
0.652632 0.593655
0.661643 0.638591
0.671187 0.745307
0.681242 0.681384
0.691785 0.896046
0.702794 1.3137
0.714247 1.25919
0.726124 0.965776
0.738404 0.807342
0.751068 0.746851
0.764095 1.46609
0.777469 1.30265
0.791171 0.985258
0.805185 0.881079
0.819495 1.17301
0.834085 1.56224
0.848941 1.62473
0.608817 0.522543
0.609177 0.613885
0.610257 0.556004
0.612051 0.610838
0.614554 0.832411
0.617758 0.653521
0.621651 0.647968
0.626221 0.759334
0.631452 0.869535
0.63733 0.658559
0.643835 0.703091
0.650949 0.612453
0.658653 0.416171
0.666926 0.949624
0.675747 0.79331
0.685095 0.831831
0.694948 0.960486
0.705286 0.959143
0.716087 0.704443
0.727331 0.887015
0.738998 0.80203
0.751068 0.938297
0.763521 0.93908
0.77634 0.961383
0.789506 0.772268
0.803003 0.967857
0.816814 1.2901
0.830923 1.13598
0.845316 1.20919
0.859978 1.16506
0.624818 0.668221
0.625169 0.643005
0.626221 0.796447
0.627969 0.600767
0.630409 0.755371
0.633533 0.871622
0.63733 0.672974
0.641788 0.62163
0.646894 0.660355
0.652632 0.615977
0.658986 0.656648
0.665939 0.477094
0.673471 0.894165
0.681564 0.689543
0.690198 0.652778
0.699352 0.803217
0.709008 0.841559
0.719143 0.697723
0.72974 1.03373
0.740777 0.824495
0.752235 1.04699
0.764095 0.771393
0.77634 0.919205
0.788951 1.08595
0.80191 1.59258
0.815201 1.5098
0.828809 1.19914
0.842718 1.07997
0.856912 1.14655
0.871379 0.972855
0.641104 0.635615
0.641446 0.788656
0.642471 0.846687
0.644175 0.821629
0.646554 0.742902
0.6496 0.598621
0.653304 0.817393
0.657653 0.788505
0.662637 0.682931
0.66824 0.664837
0.674447 0.695632
0.681242 0.687884
0.688607 0.803553
0.696524 0.952718
0.704975 0.921401
0.71394 1.0016
0.723401 1.02185
0.733337 1.13394
0.743731 1.15597
0.754564 1.05052
0.765816 0.959364
0.777469 1.10509
0.789506 0.970427
0.80191 1.38004
0.814663 0.894025
0.82775 1.35645
0.841155 1.17336
0.854862 1.30961
0.868858 1.05074
0.88313 1.15018
0.657653 0.87025
0.657987 0.709488
0.658986 0.504819
0.660648 0.722883
0.662968 0.862487
0.665939 0.670188
0.669552 0.711902
0.673797 0.726305
0.678662 1.07486
0.684133 0.850585
0.690198 0.784179
0.696839 0.710838
0.704041 0.905878
0.711786 0.908261
0.720058 0.958844
0.728837 0.898089
0.738107 1.03558
0.747849 1.06089
0.758044 0.778454
0.768674 0.940084
0.779723 0.975999
0.791171 1.30966
0.803003 0.921687
0.815201 1.13312
0.82775 1.4576
0.840633 0.870944
0.853835 1.26107
0.867343 1.18062
0.881141 1.42549
0.895216 1.08273
0.674447 0.376291
0.674772 0.889829
0.675747 0.812628
0.677368 0.83429
0.67963 0.759621
0.682529 0.641189
0.686054 0.760827
0.690198 0.930144
0.694948 0.725259
0.700293 0.858868
0.706218 1.05209
0.71271 1.11051
0.719753 0.674897
0.727331 1.19504
0.735428 1.00437
0.744026 0.862586
0.753109 0.940583
0.762659 0.706241
0.772659 1.12014
0.783091 0.904714
0.793939 1.07154
0.805185 1.14329
0.816814 1.55093
0.828809 1.1989
0.841155 1.03541
0.853835 1.48461
0.866837 1.29552
0.880144 1.03502
0.893745 1.44922
0.907625 1.20838
0.691468 1.15317
0.691785 0.918806
0.692735 0.934604
0.694316 0.927735
0.696524 0.986809
0.699352 0.869237
0.702794 1.01084
0.706839 0.887236
0.711478 0.574554
0.716699 0.830694
0.72249 1.10499
0.728837 0.828729
0.735726 1.09096
0.743141 1.29622
0.751068 0.971917
0.759489 1.1939
0.768389 1.08658
0.777751 1.24704
0.787559 0.895349
0.797797 1.25439
0.808447 1.18162
0.819495 0.985295
0.830923 1.21388
0.842718 1.41065
0.854862 1.16048
0.867343 1.4535
0.880144 0.886997
0.893254 0.961367
0.906658 1.50146
0.920343 1.4258
0.708698 0.901893
0.709008 1.01968
0.709935 0.89438
0.711478 0.927649
0.713633 0.795856
0.716393 0.517003
0.719753 0.939198
0.723704 0.80203
0.728235 0.778521
0.733337 0.633454
0.738998 0.999112
0.745204 1.0934
0.751943 0.906404
0.7592 1.17855
0.766961 1.1855
0.775209 1.04263
0.783931 1.32173
0.79311 1.26847
0.80273 0.852398
0.812776 1.24606
0.823233 0.882846
0.834085 1.31356
0.845316 1.19625
0.856912 1.10209
0.868858 1.71024
0.881141 1.14804
0.893745 1.36284
0.906658 1.65508
0.919866 1.10378
0.933358 1.29368
0.726124 1.02297
0.726426 1.15578
0.727331 1.03784
0.728837 0.906317
0.730941 1.05121
0.733636 0.93536
0.736918 1.07095
0.740777 0.93923
0.745204 1.12728
0.750191 0.973445
0.755726 1.03912
0.761796 1.13385
0.768389 1.09874
0.775492 1.08851
0.783091 1.19723
0.791171 0.63793
0.799719 0.866491
0.808719 1.22329
0.818156 1.62131
0.828015 1.24472
0.838281 1.22867
0.848941 1.31463
0.859978 1.30388
0.871379 1.79645
0.88313 1.46449
0.895216 1.44365
0.907625 1.05151
0.920343 1.27229
0.933358 1.47405
0.946657 1.47063
0.418879 0.413588
0.419402 0.484138
0.420968 0.487807
0.423565 0.498487
0.427174 0.493818
0.431771 0.443364
0.437323 0.474584
0.443794 0.326693
0.451147 0.440899
0.459337 0.559276
0.468321 0.466537
0.478055 0.471351
0.488493 0.596688
0.499591 0.61196
0.511307 0.543343
0.523599 0.8356
0.536427 0.720506
0.549754 0.721545
0.563544 0.537887
0.577765 0.583132
0.592384 0.532443
0.607375 0.581381
0.622708 0.493475
0.638361 0.617506
0.65431 0.71206
0.670534 0.723079
0.687013 0.735323
0.703729 0.965528
0.720667 0.905439
0.73781 1.2
0.419402 0.437589
0.419925 0.349438
0.421489 0.494285
0.424083 0.290103
0.427688 0.390864
0.432278 0.355488
0.437824 0.290115
0.444288 0.45517
0.451632 0.48616
0.459814 0.51458
0.468789 0.46168
0.478513 0.700826
0.488941 0.535096
0.50003 0.488027
0.511736 0.567017
0.524017 0.535285
0.536836 0.634129
0.550153 0.562641
0.563933 0.673529
0.578144 0.625925
0.592755 0.816693
0.607736 0.593175
0.623061 0.448141
0.638705 0.379907
0.654645 0.762968
0.670861 0.872268
0.687332 0.733181
0.704041 0.57329
0.720971 0.820488
0.738107 0.989791
0.420968 0.34879
0.421489 0.414109
0.423047 0.355415
0.425631 0.396431
0.429223 0.5825
0.433798 0.562778
0.439324 0.473418
0.445767 0.590342
0.453087 0.394422
0.461243 0.566421
0.470191 0.646486
0.479886 0.406111
0.490285 0.559493
0.501344 0.721949
0.51302 0.572449
0.525272 0.495184
0.53806 0.447517
0.551347 0.498438
0.565099 0.493666
0.579281 0.450979
0.593864 0.772114
0.608817 0.610087
0.624116 0.612051
0.639734 0.538333
0.655649 0.667161
0.671841 0.834869
0.688288 0.714359
0.704975 0.833125
0.721883 0.927855
0.738998 1.36443
0.423565 0.330342
0.424083 0.457922
0.425631 0.515551
0.4282 0.399174
0.431771 0.421607
0.436318 0.388654
0.441813 0.459823
0.44822 0.656681
0.455501 0.653495
0.463614 0.572786
0.472517 0.333062
0.482166 0.396592
0.492517 0.515844
0.503527 0.689045
0.515153 0.383614
0.527355 0.379246
0.540094 0.489687
0.553333 0.730718
0.567036 0.861126
0.581171 0.455901
0.595707 0.722667
0.610616 0.581272
0.62587 0.662689
0.641446 0.671258
0.65732 0.705046
0.673471 0.682529
0.68988 0.741932
0.706529 0.924466
0.723401 0.894439
0.74048 1.39174
0.427174 0.477313
0.427688 0.245133
0.429223 0.592042
0.431771 0.37658
0.435312 0.324909
0.439823 0.497991
0.445275 0.49271
0.451632 0.546322
0.458859 0.427594
0.466914 0.480304
0.475755 0.576022
0.48534 0.529656
0.495624 0.508249
0.506567 0.73937
0.518125 0.615799
0.530258 0.398051
0.542929 0.427475
0.5561 0.525697
0.569737 0.564374
0.583807 0.905627
0.598279 0.755917
0.613125 0.630625
0.628319 0.722118
0.643835 0.652812
0.659651 0.761527
0.675747 0.824736
0.692102 1.42814
0.708698 0.849052
0.72552 0.893273
0.742551 1.26382
0.431771 0.375216
0.432278 0.355912
0.433798 0.28751
0.436318 0.346533
0.439823 0.380023
0.444288 0.410414
0.449686 0.529877
0.455982 0.525295
0.463141 0.438773
0.471123 0.324237
0.479886 0.453759
0.48939 0.398428
0.499591 0.509691
0.510448 0.621385
0.521921 0.397512
0.533968 0.408229
0.546553 0.564239
0.559639 0.621428
0.573191 0.612741
0.587178 0.575869
0.601569 0.693517
0.616336 0.722471
0.631452 0.803852
0.646894 0.919376
0.662637 0.699223
0.678662 0.851574
0.694948 0.762355
0.711478 0.840913
0.728235 0.9804
0.745204 1.2759
0.437323 0.352219
0.437824 0.583695
0.439324 0.614778
0.441813 0.378835
0.445275 0.436699
0.449686 0.410676
0.455019 0.578027
0.461243 0.479655
0.468321 0.269819
0.476216 0.593086
0.484888 0.539926
0.494295 0.591974
0.504397 0.407852
0.515153 0.4663
0.526523 0.551848
0.538467 0.475959
0.550949 0.61333
0.563933 0.475693
0.577385 0.602132
0.591273 0.629959
0.605566 0.592618
0.620238 0.418152
0.635261 0.735229
0.650612 0.744786
0.666268 0.626322
0.682207 0.873845
0.698411 0.600184
0.714861 0.701682
0.731541 1.20649
0.748435 1.09304
0.443794 0.385318
0.444288 0.536453
0.445767 0.566897
0.44822 0.464123
0.451632 0.523469
0.455982 0.631528
0.461243 0.463614
0.467383 0.481792
0.47437 0.450007
0.482166 0.569417
0.490732 0.599007
0.50003 0.478271
0.510019 0.627379
0.520658 0.645656
0.53191 0.595509
0.543737 0.445676
0.5561 0.588072
0.568967 0.519897
0.582302 0.41442
0.596075 0.713734
0.610257 0.817042
0.624818 0.85929
0.639734 1.07192
0.65498 0.72178
0.670534 0.833717
0.686374 0.743006
0.702481 0.85354
0.718838 0.705983
0.735428 0.961358
0.752235 1.02404
0.451147 0.65245
0.451632 0.543175
0.453087 0.525369
0.455501 0.523021
0.458859 0.494814
0.463141 0.390669
0.468321 0.306679
0.47437 0.395918
0.481255 0.562368
0.488941 0.759301
0.497391 0.518005
0.506567 0.314062
0.516429 0.496805
0.526939 0.599824
0.53806 0.570699
0.549754 0.51672
0.561985 0.555206
0.57472 0.457587
0.587925 0.475333
0.601569 0.733689
0.615624 0.602147
0.630061 0.801038
0.644856 0.592744
0.659984 0.593783
0.675422 0.859105
0.69115 1.0327
0.707149 1.0686
0.723401 1.0852
0.739888 0.995752
0.756596 1.17579
0.459337 0.348622
0.459814 0.388577
0.461243 0.377642
0.463614 0.400443
0.466914 0.434958
0.471123 0.62042
0.476216 0.491535
0.482166 0.68291
0.488941 0.571985
0.496509 0.646284
0.504832 0.549998
0.513874 0.610267
0.523599 0.386492
0.533968 0.492825
0.544945 0.653323
0.556495 0.412949
0.568581 0.524529
0.581171 0.6102
0.594233 0.755364
0.607736 0.67304
0.621651 0.684947
0.635952 1.01327
0.650612 0.922167
0.665609 0.75128
0.68092 0.855809
0.696524 1.33269
0.712402 0.975971
0.728536 0.549375
0.74491 0.94226
0.761508 0.994747
0.468321 0.515009
0.468789 0.650987
0.470191 0.480989
0.472517 0.447813
0.475755 0.518103
0.479886 0.330295
0.484888 0.538141
0.490732 0.403766
0.497391 0.385038
0.504832 0.37915
0.51302 0.624747
0.521921 0.636127
0.531498 0.332491
0.541716 0.590948
0.552539 0.395586
0.563933 0.715407
0.575863 0.470454
0.588298 0.632642
0.601204 0.739375
0.614554 0.660229
0.628319 0.665739
0.642471 0.455134
0.656986 0.687301
0.671841 0.688821
0.687013 0.767163
0.702481 0.575499
0.718228 0.967739
0.734234 0.928808
0.750483 1.20063
0.766961 1.14606
0.478055 0.49727
0.478513 0.62233
0.479886 0.544492
0.482166 0.374981
0.48534 0.517886
0.48939 0.987889
0.494295 0.489662
0.50003 0.532124
0.506567 0.551626
0.513874 0.54352
0.521921 0.543776
0.530672 0.563863
0.540094 0.676687
0.550153 0.395075
0.560813 0.932995
0.572042 0.402323
0.583807 0.555754
0.596075 0.687451
0.608817 0.578492
0.622004 0.428001
0.635607 0.621953
0.6496 0.608947
0.66396 0.705977
0.678662 0.758192
0.693684 1.21177
0.709008 0.691707
0.724612 0.981682
0.74048 0.958138
0.756596 1.06032
0.772942 1.27597
0.488493 0.702967
0.488941 0.454242
0.490285 0.472554
0.492517 0.48754
0.495624 0.532881
0.499591 0.300652
0.504397 0.716254
0.510019 0.649607
0.516429 0.665733
0.523599 0.66232
0.531498 0.5388
0.540094 0.481482
0.549355 0.703441
0.559247 0.535123
0.569737 0.609306
0.580794 0.523582
0.592384 1.00598
0.604479 0.570231
0.617047 0.527205
0.630061 0.624064
0.643494 0.622761
0.65732 0.670905
0.671514 0.695077
0.686054 0.62575
0.700919 0.844325
0.716087 0.775104
0.731541 0.833792
0.747262 1.1087
0.763234 0.908651
0.779441 1.01966
0.499591 0.713918
0.50003 0.499583
0.501344 0.853088
0.503527 0.597801
0.506567 0.901834
0.510448 0.47583
0.515153 0.579928
0.520658 0.580842
0.526939 0.493596
0.533968 0.55923
0.541716 0.552633
0.550153 0.646266
0.559247 0.402871
0.568967 0.523652
0.579281 0.608041
0.590159 0.763894
0.601569 0.518867
0.613483 0.741292
0.62587 0.497113
0.638705 0.93788
0.651959 0.565576
0.665609 0.761749
0.67963 1.00301
0.694001 0.647865
0.708698 0.794628
0.723704 1.00069
0.738998 1.12223
0.754564 0.798105
0.770384 0.918826
0.786445 1.09034
0.511307 0.576296
0.511736 0.588866
0.51302 0.330534
0.515153 0.500222
0.518125 0.466356
0.521921 0.525044
0.526523 0.436335
0.53191 0.569761
0.53806 0.595133
0.544945 0.909798
0.552539 0.559167
0.560813 0.472907
0.569737 0.68522
0.579281 0.60131
0.589415 0.689317
0.600109 0.508996
0.611334 0.667337
0.623061 0.74284
0.635261 0.617416
0.64791 0.610387
0.66098 0.954769
0.674447 0.707771
0.688288 0.885105
0.702481 0.921854
0.717005 0.990899
0.731841 0.907253
0.746968 0.961503
0.762371 1.32108
0.778033 0.95583
0.793939 1.07739
0.523599 0.440858
0.524017 0.627644
0.525272 0.895121
0.527355 0.418926
0.530258 0.578448
0.533968 0.760105
0.538467 0.846315
0.543737 0.44964
0.549754 0.640802
0.556495 0.520267
0.563933 0.612517
0.572042 0.530989
0.580794 0.692017
0.590159 0.59814
0.600109 0.581495
0.610616 0.790697
0.621651 0.814606
0.633187 0.778931
0.645196 0.838329
0.657653 0.966841
0.670534 0.732411
0.683813 0.541319
0.697468 0.888865
0.711478 1.08476
0.725822 0.930289
0.74048 1.24456
0.755435 1.15946
0.770669 0.756711
0.786166 1.09351
0.80191 1.19031
0.536427 0.636237
0.536836 0.303402
0.53806 0.498071
0.540094 0.4877
0.542929 0.306535
0.546553 0.403351
0.550949 0.562654
0.5561 0.418093
0.561985 0.643397
0.568581 0.56266
0.575863 0.701081
0.583807 0.718492
0.592384 0.63743
0.601569 0.576103
0.611334 0.786189
0.621651 0.556258
0.632493 0.659532
0.643835 0.901836
0.655649 0.74795
0.667912 0.767298
0.680598 0.655725
0.693684 0.809088
0.707149 0.906891
0.720971 0.938316
0.73513 1.07492
0.749606 1.18889
0.764382 0.85248
0.779441 0.966229
0.794767 1.24494
0.810344 1.1748
0.549754 0.750037
0.550153 0.53944
0.551347 0.73047
0.553333 0.483688
0.5561 0.653379
0.559639 0.603161
0.563933 0.407559
0.568967 0.760872
0.57472 0.485742
0.581171 0.693506
0.588298 0.576115
0.596075 0.644263
0.604479 0.665254
0.613483 0.991474
0.623061 0.432325
0.633187 0.710763
0.643835 0.59656
0.65498 0.701846
0.666597 0.764149
0.678662 0.665751
0.69115 0.954392
0.704041 0.88786
0.717311 1.09444
0.730941 1.17912
0.74491 0.923904
0.7592 1.13658
0.773793 1.25441
0.788673 0.935424
0.803822 1.02333
0.819227 1.14986
0.563544 0.528392
0.563933 0.602875
0.565099 0.548594
0.567036 0.703946
0.569737 0.685904
0.573191 0.601426
0.577385 0.922784
0.582302 0.370959
0.587925 0.750315
0.594233 0.699401
0.601204 0.540869
0.608817 0.635085
0.617047 0.885371
0.62587 0.681817
0.635261 0.601476
0.645196 0.569133
0.655649 0.672784
0.666597 1.08424
0.678015 0.463797
0.68988 0.735676
0.702169 0.806317
0.714861 1.3918
0.727934 0.853854
0.741369 0.769512
0.755145 0.910952
0.769245 1.2127
0.783651 1.07139
0.798346 1.20654
0.813316 1.39667
0.828544 1.02293
0.577765 0.677016
0.578144 0.572611
0.579281 0.695413
0.581171 0.730817
0.583807 0.538282
0.587178 0.395487
0.591273 0.731112
0.596075 0.738473
0.601569 0.998122
0.607736 0.59683
0.614554 0.75702
0.622004 0.564523
0.630061 0.614348
0.638705 0.969235
0.64791 0.61019
0.657653 0.685845
0.667912 0.786083
0.678662 0.996392
0.68988 0.812632
0.701544 1.29129
0.713633 0.85717
0.726124 0.600689
0.738998 1.07299
0.752235 1.53412
0.765816 1.19086
0.779723 1.20118
0.793939 1.16298
0.808447 1.18662
0.823233 1.23611
0.838281 1.09168
0.592384 0.533225
0.592755 0.460848
0.593864 0.691303
0.595707 0.759047
0.598279 0.621571
0.601569 0.771794
0.605566 0.634584
0.610257 0.740459
0.615624 0.704828
0.621651 0.546079
0.628319 0.691891
0.635607 0.574054
0.643494 0.972241
0.651959 0.799468
0.66098 0.800318
0.670534 0.809031
0.680598 0.879863
0.69115 0.94768
0.702169 0.970595
0.713633 0.934805
0.72552 0.909799
0.73781 1.10188
0.750483 0.97712
0.763521 1.26945
0.776905 1.14967
0.790617 0.907459
0.80464 0.968468
0.818959 1.09906
0.833559 1.3705
0.848424 1.05621
0.607375 0.665337
0.607736 0.952205
0.608817 0.750078
0.610616 0.643334
0.613125 0.779367
0.616336 0.708524
0.620238 0.680759
0.624818 0.534868
0.630061 0.79407
0.635952 0.616962
0.642471 0.692959
0.6496 0.950448
0.65732 0.671634
0.665609 0.74428
0.674447 1.11379
0.683813 0.778232
0.693684 0.813734
0.704041 0.760844
0.714861 0.73924
0.726124 0.993386
0.73781 1.10486
0.749899 1.21416
0.762371 0.901918
0.775209 0.832455
0.788394 1.41235
0.80191 1.0983
0.815739 0.97898
0.829867 1.05224
0.844278 0.848748
0.858957 1.18342
0.622708 0.807665
0.623061 0.592265
0.624116 0.820212
0.62587 0.906004
0.628319 0.53071
0.631452 0.846764
0.635261 0.786264
0.639734 0.672121
0.644856 1.09625
0.650612 0.791704
0.656986 0.714302
0.66396 0.896089
0.671514 0.691572
0.67963 0.882147
0.688288 0.725123
0.697468 0.783833
0.707149 0.67265
0.717311 0.884824
0.727934 0.802375
0.738998 0.975673
0.750483 1.0095
0.762371 1.04045
0.774643 0.970617
0.787281 1.43606
0.800267 1.39651
0.813586 0.961263
0.82722 0.697109
0.841155 1.26955
0.855375 1.49953
0.869868 1.24188
0.638361 0.680866
0.638705 0.873459
0.639734 0.884195
0.641446 0.612899
0.643835 0.789563
0.646894 0.534665
0.650612 0.713265
0.65498 0.65479
0.659984 0.727675
0.665609 0.549234
0.671841 0.867542
0.678662 0.801318
0.686054 0.863312
0.694001 1.07716
0.702481 0.850425
0.711478 0.851469
0.720971 0.867438
0.730941 0.826006
0.741369 1.05947
0.752235 1.01561
0.763521 1.0053
0.775209 1.26401
0.787281 1.3094
0.799719 1.32076
0.812507 1.09405
0.825627 1.0802
0.839066 0.894993
0.852807 0.807432
0.866837 1.85778
0.881141 1.30907
0.65431 0.685906
0.654645 0.744537
0.655649 0.836858
0.65732 0.738488
0.659651 1.21219
0.662637 0.690343
0.666268 0.718296
0.670534 0.651104
0.675422 0.778326
0.68092 0.563493
0.687013 0.776162
0.693684 1.087
0.700919 0.656373
0.708698 0.967078
0.717005 1.09603
0.725822 1.26748
0.73513 1.13301
0.74491 1.01763
0.755145 1.01977
0.765816 1.24361
0.776905 1.25214
0.788394 1.15682
0.800267 1.16362
0.812507 0.878461
0.825096 1.33188
0.83802 1.41461
0.851263 1.21273
0.86481 0.919244
0.878648 1.38561
0.892763 1.44464
0.670534 0.908297
0.670861 0.771618
0.671841 0.913279
0.673471 0.791591
0.675747 0.844124
0.678662 0.848437
0.682207 0.735234
0.686374 0.838931
0.69115 0.691136
0.696524 0.851776
0.702481 0.892533
0.709008 1.1196
0.716087 1.1668
0.723704 1.00025
0.731841 1.05816
0.74048 0.845965
0.749606 1.10882
0.7592 0.979505
0.769245 0.88728
0.779723 0.945845
0.790617 0.972143
0.80191 1.12767
0.813586 0.983777
0.825627 1.77962
0.83802 1.2009
0.850747 1.3851
0.863795 1.47462
0.877149 1.50853
0.890795 1.6389
0.904721 1.261
0.687013 0.87823
0.687332 0.729617
0.688288 0.741462
0.68988 1.0778
0.692102 0.856916
0.694948 0.919514
0.698411 0.616545
0.702481 0.757112
0.707149 1.40138
0.712402 0.948818
0.718228 0.649037
0.724612 0.689036
0.731541 1.21841
0.738998 0.768476
0.746968 0.630838
0.755435 1.16125
0.764382 1.00193
0.773793 1.08335
0.783651 0.922213
0.793939 1.07693
0.80464 1.36551
0.815739 1.26965
0.82722 1.36821
0.839066 1.63637
0.851263 0.96655
0.863795 1.28395
0.876649 1.06167
0.88981 1.53576
0.903265 1.24502
0.917001 1.00297
0.703729 0.976383
0.704041 0.777051
0.704975 0.752471
0.706529 0.97116
0.708698 1.14704
0.711478 0.733634
0.714861 0.663968
0.718838 0.738545
0.723401 0.815127
0.728536 0.782518
0.734234 0.732661
0.74048 1.38673
0.747262 1.22363
0.754564 1.09013
0.762371 0.825701
0.770669 1.17023
0.779441 1.00225
0.788673 1.01116
0.798346 1.2507
0.808447 0.942351
0.818959 1.10678
0.829867 1.21229
0.841155 1.56403
0.852807 1.42503
0.86481 1.12009
0.877149 1.10114
0.88981 1.03388
0.902779 1.48233
0.916044 1.30252
0.929591 1.57493
0.720667 1.15323
0.720971 1.07905
0.721883 0.768883
0.723401 1.12199
0.72552 0.603912
0.728235 0.956618
0.731541 0.978019
0.735428 1.06945
0.739888 0.853929
0.74491 0.908448
0.750483 0.893409
0.756596 1.10566
0.763234 1.04417
0.770384 1.13348
0.778033 1.12195
0.786166 1.2063
0.794767 0.990842
0.803822 1.37977
0.813316 1.21932
0.823233 1.06812
0.833559 1.10665
0.844278 1.4946
0.855375 0.976123
0.866837 1.71117
0.878648 1.50632
0.890795 1.30398
0.903265 1.66717
0.916044 1.05085
0.929119 1.16037
0.942478 1.32159
0.73781 0.776032
0.738107 0.877775
0.738998 0.780247
0.74048 0.903274
0.742551 1.28265
0.745204 0.994966
0.748435 0.870968
0.752235 0.965522
0.756596 1.22314
0.761508 0.782801
0.766961 1.03666
0.772942 1.047
0.779441 1.29494
0.786445 1.00797
0.793939 1.30236
0.80191 1.72352
0.810344 1.27662
0.819227 1.53167
0.828544 1.25466
0.838281 1.56497
0.848424 1.08254
0.858957 1.46633
0.869868 1.24171
0.881141 1.30419
0.892763 1.45326
0.904721 0.81747
0.917001 1.40438
0.929591 1.25936
0.942478 1.02851
0.95565 1.12067
0.439823 0.50042
0.440321 0.475101
0.441813 0.417402
0.444288 0.418174
0.447731 0.475852
0.452118 0.414149
0.457423 0.5102
0.463614 0.384652
0.470657 0.34241
0.478513 0.603359
0.487144 0.365149
0.496509 0.44027
0.506567 0.510411
0.517277 0.503857
0.528601 0.591931
0.5405 0.501966
0.552936 0.644638
0.565874 0.582844
0.579281 0.94225
0.593124 0.646227
0.607375 0.475815
0.622004 0.546747
0.636985 0.546795
0.652296 0.707796
0.667912 0.655427
0.683813 0.665998
0.699979 0.910307
0.716393 0.881104
0.733038 0.901167
0.749899 1.06455
0.440321 0.674324
0.440819 0.351865
0.442309 0.474026
0.444782 0.510177
0.44822 0.359813
0.452603 0.370241
0.457902 0.444398
0.464087 0.475571
0.471123 0.442738
0.478971 0.406889
0.487594 0.444718
0.49695 0.780174
0.506999 0.460693
0.517701 0.442135
0.529016 0.465294
0.540906 0.722457
0.553333 0.540525
0.566262 0.714513
0.57966 0.546111
0.593494 0.468562
0.607736 0.676073
0.622356 0.658428
0.63733 1.05961
0.652632 0.92901
0.66824 0.838296
0.684133 1.1252
0.700293 1.11991
0.716699 1.23137
0.733337 0.760601
0.750191 1.03361
0.441813 0.414008
0.442309 0.582998
0.443794 0.243062
0.446259 0.440119
0.449686 0.363692
0.454054 0.53839
0.459337 0.421591
0.465503 0.668914
0.472517 0.671058
0.480343 0.425748
0.488941 0.671747
0.498272 0.374153
0.508295 0.627792
0.518971 0.492221
0.530258 0.523916
0.542121 0.392061
0.554521 0.548408
0.567423 0.434589
0.580794 0.588454
0.594602 0.56013
0.608817 0.500524
0.623412 0.703822
0.638361 0.616566
0.653639 0.473899
0.669224 0.772921
0.685095 1.10897
0.701232 0.543685
0.717617 1.18312
0.734234 0.735607
0.751068 1.12114
0.444288 0.641307
0.444782 0.388561
0.446259 0.346433
0.448709 0.406618
0.452118 0.718759
0.456463 0.538046
0.461718 0.591181
0.467852 0.37706
0.474832 0.373864
0.482621 0.429281
0.491179 0.383534
0.500468 0.613915
0.510448 0.582299
0.521079 0.665053
0.532323 0.656784
0.54414 0.483082
0.556495 0.60982
0.569352 0.577587
0.582679 0.575613
0.596443 0.567547
0.610616 0.652592
0.625169 0.60337
0.640077 0.849131
0.655315 0.974119
0.670861 0.762901
0.686693 0.649014
0.702794 1.07635
0.719143 1.05849
0.735726 0.952103
0.752526 1.08084
0.447731 0.503352
0.44822 0.590067
0.449686 0.499199
0.452118 0.369434
0.455501 0.380627
0.459814 0.324027
0.465031 0.494768
0.471123 0.639136
0.478055 0.515194
0.485791 0.427291
0.494295 0.502218
0.503527 0.391788
0.513447 0.424067
0.524017 0.357784
0.535199 0.822386
0.546954 0.456448
0.559247 0.402267
0.572042 0.491948
0.585308 0.345446
0.599012 0.533865
0.613125 0.501494
0.62762 0.570555
0.642471 0.558888
0.657653 0.666947
0.673145 0.848645
0.688925 0.734516
0.704975 1.02765
0.721275 0.848204
0.73781 1.17382
0.754564 1.19508
0.452118 0.580726
0.452603 0.537374
0.454054 0.382936
0.456463 0.869301
0.459814 0.436858
0.464087 0.564334
0.469257 0.539746
0.475294 0.364574
0.482166 0.410904
0.489838 0.726739
0.498272 0.702079
0.507432 0.628519
0.517277 0.556084
0.527771 0.515311
0.538874 0.616116
0.550551 0.664324
0.562765 0.703059
0.575482 0.554905
0.58867 0.842564
0.602298 0.498874
0.616336 0.72299
0.630757 0.716602
0.645536 0.715866
0.660648 0.567685
0.676071 0.798127
0.691785 0.646372
0.707769 0.984771
0.724007 0.785403
0.74048 0.985872
0.757175 1.22764
0.457423 0.400949
0.457902 0.588532
0.459337 0.46551
0.461718 0.51042
0.465031 0.345905
0.469257 0.402142
0.47437 0.585078
0.480343 0.360932
0.487144 0.402284
0.494739 0.708554
0.503091 0.705182
0.512164 0.475251
0.521921 0.552895
0.532323 0.580714
0.543333 0.431632
0.554916 0.649375
0.567036 0.517602
0.57966 0.468524
0.592755 0.629099
0.60629 0.6891
0.620238 0.637835
0.634571 0.795392
0.649262 0.6963
0.66429 0.839893
0.67963 0.862196
0.695263 1.00973
0.71117 0.923192
0.727331 0.735021
0.743731 0.900778
0.760355 1.64348
0.463614 0.560401
0.464087 0.429927
0.465503 0.350554
0.467852 0.476389
0.471123 0.336147
0.475294 0.654992
0.480343 0.458358
0.486243 0.562187
0.492962 0.560105
0.500468 0.482315
0.508727 0.410976
0.517701 0.478179
0.527355 0.608721
0.537652 0.536539
0.548556 0.552595
0.56003 0.481275
0.572042 0.59528
0.584558 0.655022
0.597545 0.596652
0.610975 0.890737
0.624818 0.557861
0.639048 0.699207
0.653639 1.17374
0.668568 0.622696
0.683813 0.771054
0.699352 0.716502
0.715168 0.862387
0.731241 1.15097
0.747555 0.921999
0.764095 1.05243
0.470657 0.651398
0.471123 0.489217
0.472517 0.46029
0.474832 0.386609
0.478055 0.566595
0.482166 0.435992
0.487144 0.451746
0.492962 0.431312
0.499591 0.681239
0.506999 0.372563
0.515153 0.479425
0.524017 0.477732
0.533557 0.503025
0.543737 0.481925
0.554521 0.777163
0.565874 0.476434
0.577765 0.701327
0.590159 0.518306
0.603026 0.573497
0.616336 0.397578
0.630061 0.621804
0.644175 0.801358
0.658653 0.650918
0.673471 1.03885
0.688607 0.677713
0.704041 1.09257
0.719753 0.936319
0.735726 0.795898
0.751943 1.10524
0.768389 1.00326
0.478513 0.519913
0.478971 0.710198
0.480343 0.791158
0.482621 0.476946
0.485791 0.766953
0.489838 0.483026
0.494739 0.318564
0.500468 0.438351
0.506999 0.404607
0.514301 0.436673
0.522341 0.445649
0.531085 0.531557
0.5405 0.594935
0.550551 0.786107
0.561204 0.621045
0.572425 0.593749
0.584182 0.524166
0.596443 0.485331
0.609177 0.632781
0.622356 0.52535
0.635952 0.461196
0.649938 0.623037
0.66429 0.701616
0.678985 0.716514
0.694001 0.86693
0.709317 0.706377
0.724915 0.573214
0.740777 0.692576
0.756886 1.08292
0.773226 1.0724
0.487144 0.460164
0.487594 0.392295
0.488941 0.559434
0.491179 0.448687
0.494295 0.396997
0.498272 0.403741
0.503091 0.375944
0.508727 0.826769
0.515153 0.603311
0.522341 0.615067
0.530258 0.636574
0.538874 0.599278
0.548156 0.67345
0.558069 0.768579
0.568581 0.585101
0.57966 0.638169
0.591273 0.551748
0.603389 0.965598
0.61598 0.734766
0.629016 0.767026
0.642471 0.816064
0.656318 0.618165
0.670534 0.589728
0.685095 0.918271
0.699979 0.771036
0.715168 1.01443
0.730641 1.44062
0.746381 0.977124
0.762371 0.722131
0.778597 1.33987
0.496509 0.666445
0.49695 0.495856
0.498272 0.580661
0.500468 0.536672
0.503527 0.583822
0.507432 0.764386
0.512164 0.316269
0.517701 0.708199
0.524017 0.805383
0.531085 0.434618
0.538874 0.485571
0.547355 0.740015
0.556495 0.683213
0.566262 0.374678
0.576625 0.522467
0.587552 0.72643
0.599012 0.48648
0.610975 0.804653
0.623412 0.831647
0.636296 0.554872
0.6496 0.43458
0.663299 0.652852
0.677368 0.768677
0.691785 0.911115
0.706529 1.25319
0.721579 1.0995
0.736918 1.08722
0.752526 1.16151
0.768389 0.979196
0.78449 1.24322
0.506567 0.546211
0.506999 0.521897
0.508295 0.373863
0.510448 0.585561
0.513447 0.737356
0.517277 0.562886
0.521921 0.466867
0.527355 0.613529
0.533557 0.498542
0.5405 0.735301
0.548156 0.568751
0.556495 0.679958
0.565487 0.619336
0.575101 0.586525
0.585308 0.529124
0.596075 0.742305
0.607375 0.881661
0.619176 0.662704
0.631452 0.991914
0.644175 0.560682
0.65732 1.07343
0.670861 0.861804
0.684774 0.738451
0.699039 1.10157
0.713633 1.03036
0.728536 0.742437
0.743731 1.38184
0.7592 1.09914
0.774926 0.900336
0.790894 1.07831
0.517277 0.454672
0.517701 0.521258
0.518971 0.409501
0.521079 0.471951
0.524017 0.485478
0.527771 0.553792
0.532323 0.785641
0.537652 0.614237
0.543737 0.592684
0.550551 0.890596
0.558069 0.644256
0.566262 0.619259
0.575101 0.617405
0.584558 0.596591
0.594602 0.802919
0.605204 0.577442
0.616336 0.591179
0.627969 0.76144
0.640077 0.643186
0.652632 0.50069
0.665609 0.820531
0.678985 0.823604
0.692735 0.698557
0.706839 1.06284
0.721275 0.86352
0.736024 1.19965
0.751068 0.764798
0.766388 1.21491
0.78197 1.25881
0.797797 1.18789
0.528601 0.475967
0.529016 0.535715
0.530258 0.38567
0.532323 0.422395
0.535199 0.565773
0.538874 0.419451
0.543333 0.522699
0.548556 0.53722
0.554521 0.635237
0.561204 0.585248
0.568581 0.458677
0.576625 0.457932
0.585308 0.529972
0.594602 0.629912
0.604479 0.553176
0.614911 0.730748
0.62587 0.810607
0.63733 0.709018
0.649262 0.722961
0.661643 0.723273
0.674447 0.883223
0.687651 0.861528
0.701232 0.658062
0.715168 0.924223
0.729439 0.813219
0.744026 0.906478
0.758911 1.16834
0.774077 1.02806
0.789506 1.30376
0.805185 1.47116
0.5405 0.45355
0.540906 0.631438
0.542121 0.548485
0.54414 0.625267
0.546954 0.573036
0.550551 0.432004
0.554916 0.398982
0.56003 0.408088
0.565874 0.658744
0.572425 0.653035
0.57966 0.587032
0.587552 0.64426
0.596075 0.591159
0.605204 0.617172
0.614911 0.74222
0.625169 0.601684
0.635952 0.980739
0.647232 0.834678
0.658986 0.695537
0.671187 0.933185
0.683813 0.983006
0.696839 0.710575
0.710244 0.931092
0.724007 0.866477
0.738107 0.720434
0.752526 1.2419
0.767246 1.60821
0.78225 1.17758
0.797522 1.49265
0.813046 1.0521
0.552936 0.502847
0.553333 0.530614
0.554521 0.593754
0.556495 0.46139
0.559247 0.486751
0.562765 0.505864
0.567036 0.56796
0.572042 0.610157
0.577765 0.492706
0.584182 0.422382
0.591273 0.526048
0.599012 0.619462
0.607375 0.72017
0.616336 0.621357
0.62587 0.701175
0.635952 0.77066
0.646554 0.702464
0.657653 0.761519
0.669224 0.662581
0.681242 1.01585
0.693684 0.71353
0.706529 0.852634
0.719753 0.775459
0.733337 0.906441
0.747262 0.801626
0.761508 1.35816
0.776057 0.794059
0.790894 1.44597
0.806002 1.0209
0.821366 1.00647
0.565874 0.50182
0.566262 0.472514
0.567423 0.673821
0.569352 0.815393
0.572042 0.539639
0.575482 0.469941
0.57966 0.615567
0.584558 0.612157
0.590159 0.676005
0.596443 0.501584
0.603389 0.875372
0.610975 0.72075
0.619176 0.829564
0.627969 0.533879
0.63733 0.663297
0.647232 0.74108
0.657653 0.810084
0.668568 0.741276
0.679953 1.06723
0.691785 0.707711
0.704041 1.3325
0.716699 0.8093
0.72974 0.762742
0.743141 0.933444
0.756886 0.964688
0.770954 1.31874
0.785328 1.11914
0.799993 1.25393
0.814932 1.01356
0.830131 1.17825
0.579281 0.536396
0.57966 0.668272
0.580794 0.686922
0.582679 0.676612
0.585308 0.668643
0.58867 0.654193
0.592755 0.612625
0.597545 0.483708
0.603026 0.527686
0.609177 0.539375
0.61598 0.590461
0.623412 0.583298
0.631452 0.635093
0.640077 0.885984
0.649262 0.775522
0.658986 0.445552
0.669224 0.728775
0.679953 0.792839
0.69115 0.878077
0.702794 0.871675
0.714861 1.05952
0.727331 0.809746
0.740184 1.12469
0.7534 1.44694
0.766961 0.681643
0.780847 1.24562
0.795043 0.9391
0.809532 1.02475
0.824298 1.07014
0.839327 1.99047
0.593124 0.617869
0.593494 0.545008
0.594602 1.01235
0.596443 0.650147
0.599012 0.770421
0.602298 0.667245
0.60629 0.773122
0.610975 0.530223
0.616336 0.786898
0.622356 0.718425
0.629016 0.764197
0.636296 1.00314
0.644175 0.724718
0.652632 0.841869
0.661643 0.760194
0.671187 0.679625
0.681242 0.834225
0.691785 0.984397
0.702794 0.84917
0.714247 0.983323
0.726124 0.651085
0.738404 0.825608
0.751068 0.810157
0.764095 0.897237
0.777469 1.36778
0.791171 0.8406
0.805185 1.24513
0.819495 1.3381
0.834085 1.66016
0.848941 1.61696
0.607375 0.528001
0.607736 0.675275
0.608817 0.620496
0.610616 0.717034
0.613125 0.850831
0.616336 0.814047
0.620238 0.535341
0.624818 0.645727
0.630061 0.777339
0.635952 0.810062
0.642471 0.603177
0.6496 0.689931
0.65732 0.721101
0.665609 0.64756
0.674447 0.531409
0.683813 0.649804
0.693684 0.870062
0.704041 0.752224
0.714861 1.02987
0.726124 0.965092
0.73781 1.3268
0.749899 0.803041
0.762371 1.10079
0.775209 1.49199
0.788394 0.94161
0.80191 1.1765
0.815739 1.41105
0.829867 1.02702
0.844278 1.58654
0.858957 1.03667
0.622004 0.747851
0.622356 0.588469
0.623412 0.642604
0.625169 0.641627
0.62762 0.745745
0.630757 0.552124
0.634571 0.905984
0.639048 0.647476
0.644175 0.816405
0.649938 1.01428
0.656318 0.70066
0.663299 0.911441
0.670861 1.09551
0.678985 0.815129
0.687651 0.996043
0.696839 1.1962
0.706529 1.03395
0.716699 0.753252
0.727331 0.914506
0.738404 1.16593
0.749899 0.743286
0.761796 0.96963
0.774077 1.03826
0.786723 1.04162
0.799719 0.858582
0.813046 1.14601
0.826689 1.07783
0.840633 0.795634
0.854862 1.18486
0.869363 1.02178
0.636985 0.715076
0.63733 0.793217
0.638361 0.699659
0.640077 0.797285
0.642471 0.731638
0.645536 0.642661
0.649262 1.00311
0.653639 0.866987
0.658653 0.774555
0.66429 0.744134
0.670534 0.683223
0.677368 0.96608
0.684774 0.742598
0.692735 0.897332
0.701232 1.04569
0.710244 0.979836
0.719753 0.9474
0.72974 1.14274
0.740184 0.981516
0.751068 1.22859
0.762371 1.07904
0.774077 1.03356
0.786166 1.40275
0.798621 1.37999
0.811426 1.3454
0.824564 1.14048
0.83802 1.1716
0.851778 0.950227
0.865824 1.40623
0.880144 1.03315
0.652296 1.03903
0.652632 0.512797
0.653639 0.687206
0.655315 0.725415
0.657653 0.783372
0.660648 0.872424
0.66429 0.57877
0.668568 1.02503
0.673471 0.819836
0.678985 0.922023
0.685095 0.780214
0.691785 1.22036
0.699039 0.922715
0.706839 0.757047
0.715168 1.10416
0.724007 1.02239
0.733337 1.51326
0.743141 0.598473
0.7534 1.11131
0.764095 1.41145
0.775209 1.17609
0.786723 1.29336
0.798621 1.24081
0.810885 1.15544
0.8235 1.52537
0.836448 1.02948
0.849715 0.920387
0.863287 1.16633
0.877149 0.884851
0.891288 1.24836
0.667912 0.678364
0.66824 0.586344
0.669224 0.52741
0.670861 0.732747
0.673145 0.712713
0.676071 0.984219
0.67963 0.871441
0.683813 0.824454
0.688607 0.845603
0.694001 0.82787
0.699979 1.22834
0.706529 1.24126
0.713633 1.02786
0.721275 0.648627
0.729439 1.48437
0.738107 0.719125
0.747262 0.896352
0.756886 1.09592
0.766961 1.09703
0.777469 0.986904
0.788394 1.39322
0.799719 1.20793
0.811426 0.677724
0.8235 0.88914
0.835923 1.24282
0.848682 1.10855
0.861762 0.827229
0.875146 1.06793
0.888823 1.30978
0.902779 1.19404
0.683813 0.885453
0.684133 0.983877
0.685095 1.05943
0.686693 0.629019
0.688925 0.893389
0.691785 1.06289
0.695263 0.96394
0.699352 0.748179
0.704041 0.807428
0.709317 0.973489
0.715168 0.99465
0.721579 0.718718
0.728536 0.914531
0.736024 0.968796
0.744026 0.924504
0.752526 0.765
0.761508 1.36533
0.770954 0.758552
0.780847 0.813051
0.791171 1.1767
0.80191 1.10901
0.813046 1.02272
0.824564 1.22086
0.836448 1.33457
0.848682 0.912035
0.861252 1.11728
0.874143 1.00051
0.887342 1.29
0.900833 1.27603
0.914606 1.5448
0.699979 0.76133
0.700293 0.788287
0.701232 0.81483
0.702794 0.915955
0.704975 0.998002
0.707769 0.828554
0.71117 0.856184
0.715168 0.761635
0.719753 0.984608
0.724915 0.840844
0.730641 0.73239
0.736918 0.836736
0.743731 1.07639
0.751068 1.0777
0.758911 1.016
0.767246 0.658414
0.776057 1.29158
0.785328 1.13875
0.795043 0.819565
0.805185 1.22189
0.815739 1.34377
0.826689 1.58261
0.83802 1.47571
0.849715 1.60094
0.861762 1.16922
0.874143 1.5875
0.886847 1.26187
0.899859 0.736197
0.913166 1.27188
0.926755 1.02037
0.716393 0.870078
0.716699 1.07269
0.717617 0.9724
0.719143 0.760497
0.721275 0.967712
0.724007 0.639032
0.727331 0.935003
0.731241 1.10955
0.735726 0.978866
0.740777 1.07473
0.746381 1.20271
0.752526 1.10871
0.7592 0.966958
0.766388 0.940896
0.774077 1.09724
0.78225 0.843759
0.790894 1.53741
0.799993 1.28754
0.809532 1.33117
0.819495 1.13892
0.829867 1.12658
0.840633 1.29352
0.851778 0.937842
0.863287 1.19148
0.875146 1.6144
0.887342 1.39735
0.899859 1.40804
0.912685 1.71873
0.925808 1.20334
0.939214 1.22589
0.733038 1.18374
0.733337 0.876924
0.734234 1.21339
0.735726 1.31177
0.73781 0.655342
0.74048 1.02337
0.743731 0.993857
0.747555 1.1734
0.751943 0.920618
0.756886 1.17257
0.762371 1.21847
0.768389 1.04024
0.774926 1.0138
0.78197 0.864876
0.789506 1.0743
0.797522 1.21498
0.806002 1.18395
0.814932 1.14989
0.824298 1.24731
0.834085 0.647005
0.844278 1.73599
0.854862 1.56687
0.865824 1.10549
0.877149 1.05214
0.888823 1.40834
0.900833 0.93699
0.913166 1.1071
0.925808 1.11462
0.938747 1.27351
0.951971 1.09517
0.749899 0.898494
0.750191 0.981739
0.751068 1.30267
0.752526 1.09206
0.754564 1.02581
0.757175 1.23514
0.760355 1.35944
0.764095 0.686291
0.768389 1.03293
0.773226 0.731049
0.778597 0.879358
0.78449 1.07502
0.790894 1.01262
0.797797 0.938351
0.805185 1.07217
0.813046 1.0954
0.821366 1.19185
0.830131 1.10177
0.839327 1.37473
0.848941 1.00573
0.858957 1.02637
0.869363 1.35502
0.880144 1.27321
0.891288 1.06167
0.902779 1.26808
0.914606 0.957294
0.926755 1.13506
0.939214 1.32598
0.951971 1.26782
0.965014 1.31585
0.460767 0.640589
0.461243 0.385563
0.462667 0.55751
0.465031 0.409793
0.468321 0.436721
0.472517 0.438526
0.477596 0.425695
0.483529 0.509897
0.490285 0.586206
0.497832 0.5423
0.506133 0.658326
0.515153 0.475378
0.524854 0.525239
0.535199 0.5154
0.546151 0.580517
0.557676 0.422095
0.569737 0.599463
0.582302 0.436882
0.595339 0.568196
0.608817 0.505916
0.622708 0.678738
0.636985 0.695564
0.651623 0.778934
0.666597 0.943945
0.681886 0.629198
0.697468 0.947255
0.713325 0.807607
0.729439 0.917289
0.745793 0.907817
0.762371 1.14769
0.461243 0.67562
0.461718 0.665657
0.463141 0.735516
0.465503 0.238781
0.468789 0.434071
0.472981 0.299987
0.478055 0.398406
0.483982 0.471061
0.490732 0.515626
0.498272 0.429664
0.506567 0.786732
0.515579 0.49785
0.525272 0.738321
0.535609 0.607399
0.546553 0.684738
0.558069 0.615066
0.570122 0.569706
0.582679 0.638773
0.595707 0.65499
0.609177 0.616739
0.623061 1.00069
0.63733 0.834824
0.651959 0.7218
0.666926 0.980989
0.682207 0.961192
0.697783 1.01295
0.713633 0.739788
0.72974 0.702745
0.746087 0.997048
0.762659 0.800959
0.462667 0.382204
0.463141 0.518286
0.464559 0.45718
0.466914 0.344549
0.470191 0.378303
0.47437 0.450158
0.479429 0.431428
0.48534 0.519667
0.492071 0.404493
0.499591 0.554603
0.507864 0.594212
0.516853 0.723502
0.526523 0.712908
0.536836 0.505181
0.547755 0.570634
0.559247 0.463511
0.571275 0.531421
0.583807 0.555022
0.596811 0.601685
0.610257 0.587654
0.624116 0.965218
0.638361 0.636712
0.652968 0.566818
0.667912 1.16594
0.683171 1.08029
0.698725 0.757225
0.714554 0.900153
0.730641 0.813875
0.746968 1.05093
0.763521 1.04154
0.465031 0.641971
0.465503 0.559533
0.466914 0.393654
0.469257 0.489496
0.472517 0.645194
0.476676 0.398623
0.481711 0.591701
0.487594 0.3634
0.494295 0.578793
0.501781 0.57197
0.510019 0.778942
0.518971 0.530095
0.528601 0.790418
0.538874 0.541188
0.549754 0.629132
0.561204 0.945345
0.573191 0.501581
0.585682 0.448936
0.598645 0.630457
0.612051 0.536478
0.62587 0.577186
0.640077 0.64138
0.654645 0.746245
0.669552 0.753931
0.684774 0.842695
0.700293 0.865169
0.716087 0.776365
0.73214 0.71333
0.748435 1.1601
0.764956 0.913694
0.468321 0.452551
0.468789 0.694954
0.470191 0.4066
0.472517 0.393545
0.475755 0.32064
0.479886 0.415563
0.484888 0.462754
0.490732 0.426434
0.497391 0.372848
0.504832 0.399444
0.51302 0.414521
0.521921 0.379932
0.531498 0.352695
0.541716 0.496265
0.552539 0.493203
0.563933 1.07067
0.575863 0.620872
0.588298 0.687153
0.601204 0.594598
0.614554 0.566523
0.628319 0.597479
0.642471 0.87526
0.656986 0.513327
0.671841 0.795325
0.687013 0.864291
0.702481 0.824341
0.718228 1.0991
0.734234 0.99436
0.750483 1.36164
0.766961 0.979276
0.472517 0.388209
0.472981 0.635078
0.47437 0.563884
0.476676 0.374269
0.479886 0.472287
0.483982 0.578033
0.488941 0.689041
0.494739 0.392312
0.501344 0.662819
0.508727 0.645908
0.516853 0.535114
0.525689 0.783476
0.535199 0.493674
0.545348 0.692036
0.5561 0.524337
0.567423 0.547682
0.579281 0.493585
0.591643 0.775722
0.604479 0.574547
0.617758 0.828973
0.631452 0.861737
0.645536 0.893392
0.659984 0.800012
0.674772 0.744008
0.68988 0.875548
0.705286 1.04423
0.720971 0.837706
0.736918 0.469825
0.753109 1.04562
0.76953 1.03086
0.477596 0.482827
0.478055 0.515953
0.479429 0.48592
0.481711 0.590851
0.484888 0.335155
0.488941 0.395876
0.493851 0.526388
0.499591 0.293263
0.506133 0.551821
0.513447 0.541839
0.5215 0.695423
0.530258 0.50594
0.539688 0.415031
0.549754 0.497502
0.560422 0.633517
0.571659 0.666071
0.583431 0.604797
0.595707 0.847851
0.608457 0.657317
0.621651 0.587053
0.635261 0.823682
0.649262 0.734953
0.663629 0.658193
0.678338 0.94246
0.693368 0.762063
0.708698 0.92525
0.72431 0.945451
0.740184 0.903152
0.756306 0.817693
0.772659 1.44467
0.483529 0.411158
0.483982 0.49908
0.48534 0.500723
0.487594 0.598555
0.490732 0.542712
0.494739 0.492845
0.499591 0.375825
0.505266 0.642463
0.511736 0.589313
0.518971 0.504869
0.526939 0.627203
0.535609 0.558789
0.544945 0.686311
0.554916 0.588465
0.565487 0.435271
0.576625 0.460981
0.588298 0.445921
0.600474 0.685171
0.613125 0.550137
0.626221 0.656561
0.639734 0.840846
0.653639 0.696728
0.667912 0.628099
0.682529 0.865873
0.697468 0.695591
0.71271 0.620815
0.728235 1.06943
0.744026 1.03723
0.760066 1.23007
0.77634 0.909298
0.490285 0.461269
0.490732 0.406464
0.492071 0.464229
0.494295 0.642258
0.497391 0.49364
0.501344 0.63945
0.506133 0.38174
0.511736 0.562921
0.518125 0.627731
0.525272 0.769706
0.533146 0.459681
0.541716 0.587701
0.550949 0.641489
0.560813 0.530791
0.571275 0.711941
0.582302 0.679935
0.593864 0.789158
0.605928 0.579684
0.618467 0.532517
0.631452 0.734842
0.644856 0.839472
0.658653 0.725094
0.672819 0.993949
0.687332 0.812558
0.702169 0.973627
0.717311 0.663493
0.732739 0.961537
0.748435 0.836243
0.764382 0.809572
0.780566 1.13734
0.497832 0.48092
0.498272 0.39829
0.499591 0.45887
0.501781 0.512902
0.504832 0.549734
0.508727 0.571113
0.513447 0.559702
0.518971 0.456796
0.525272 0.422159
0.532323 0.49803
0.540094 0.784994
0.548556 0.615457
0.557676 0.488396
0.567423 0.643413
0.577765 0.563319
0.58867 0.593713
0.600109 0.691533
0.612051 0.728819
0.624467 0.512563
0.63733 0.693083
0.650612 0.669223
0.66429 0.609034
0.678338 0.841437
0.692735 1.02501
0.707459 0.84835
0.72249 1.02743
0.73781 1.06536
0.7534 1.40311
0.769245 1.18501
0.785328 1.07023
0.506133 0.603309
0.506567 0.757002
0.507864 0.447407
0.510019 0.475116
0.51302 0.548881
0.516853 0.429997
0.5215 0.496012
0.526939 0.846505
0.533146 0.553433
0.540094 0.517353
0.547755 0.549147
0.5561 0.609522
0.565099 0.67804
0.57472 0.572886
0.584933 0.525143
0.595707 0.491752
0.607013 0.639196
0.618822 0.854423
0.631105 0.557781
0.643835 0.615293
0.656986 0.484481
0.670534 0.992564
0.684454 0.713187
0.698725 0.589385
0.713325 1.06475
0.728235 0.924916
0.743437 0.976751
0.758911 1.21641
0.774643 1.03838
0.790617 1.18955
0.515153 0.402507
0.515579 0.739108
0.516853 0.924615
0.518971 0.482936
0.521921 0.665612
0.525689 0.630713
0.530258 0.519317
0.535609 0.969167
0.541716 0.488706
0.548556 0.570048
0.5561 0.517442
0.564322 0.592239
0.573191 0.6319
0.582679 0.519132
0.592755 0.590354
0.603389 0.608555
0.614554 0.593707
0.626221 0.628191
0.638361 0.775676
0.650949 0.78385
0.66396 1.0249
0.677368 0.794831
0.69115 1.04178
0.705286 0.865024
0.719753 0.738272
0.734533 1.07559
0.749606 0.923814
0.764956 1.11646
0.780566 0.8627
0.796421 1.26962
0.524854 0.84565
0.525272 0.41542
0.526523 0.768408
0.528601 0.669716
0.531498 0.72346
0.535199 0.573299
0.539688 0.595388
0.544945 0.75293
0.550949 0.583029
0.557676 0.730753
0.565099 0.361008
0.573191 0.669972
0.581925 0.689703
0.591273 0.7633
0.601204 0.542963
0.611692 0.728091
0.622708 0.751626
0.634225 0.683651
0.646215 1.06654
0.658653 0.61403
0.671514 1.08635
0.684774 0.791957
0.698411 1.11323
0.712402 1.0802
0.726728 0.748144
0.741369 0.904276
0.756306 0.76409
0.771522 1.39815
0.787002 1.0553
0.80273 1.09817
0.535199 0.719114
0.535609 0.653112
0.536836 0.520178
0.538874 0.447399
0.541716 0.567239
0.545348 0.490017
0.549754 0.770963
0.554916 0.561446
0.560813 0.554242
0.567423 0.663665
0.57472 0.594597
0.582679 0.482267
0.591273 0.506856
0.600474 0.530577
0.610257 0.821053
0.620592 0.57535
0.631452 0.801871
0.642812 0.763632
0.654645 1.01866
0.666926 1.02175
0.67963 0.520194
0.692735 0.787323
0.706218 0.668341
0.720058 0.935471
0.734234 0.98953
0.748728 0.684586
0.763521 1.54634
0.778597 1.57108
0.793939 1.23592
0.809532 1.50579
0.546151 0.821602
0.546553 0.582648
0.547755 0.423967
0.549754 0.404015
0.552539 0.307893
0.5561 0.711299
0.560422 0.469744
0.565487 0.490565
0.571275 0.395369
0.577765 0.589046
0.584933 0.807197
0.592755 0.628032
0.601204 0.501393
0.610257 0.699335
0.619884 0.554941
0.630061 0.705624
0.640762 1.01335
0.651959 1.06877
0.663629 0.946546
0.675747 0.618665
0.688288 0.810701
0.701232 0.727745
0.714554 0.900541
0.728235 0.84883
0.742256 1.16643
0.756596 0.804655
0.771238 0.835636
0.786166 1.41104
0.801363 1.01169
0.816814 0.970173
0.557676 0.64593
0.558069 0.580217
0.559247 0.538132
0.561204 0.591974
0.563933 0.687629
0.567423 0.635228
0.571659 0.58819
0.576625 0.597373
0.582302 0.551012
0.58867 0.634182
0.595707 0.423156
0.603389 0.566655
0.611692 0.731872
0.620592 0.720098
0.630061 0.575295
0.640077 0.514081
0.650612 0.688094
0.661643 0.893563
0.673145 0.561442
0.685095 0.699626
0.697468 0.768008
0.710244 0.927896
0.723401 1.09375
0.736918 0.768563
0.750776 0.68987
0.764956 1.32321
0.779441 1.47688
0.794215 1.03409
0.809261 1.11049
0.824564 0.953562
0.569737 0.58602
0.570122 0.739877
0.571275 0.565862
0.573191 0.54715
0.575863 0.626532
0.579281 0.882765
0.583431 0.566194
0.588298 0.468708
0.593864 0.500169
0.600109 0.499326
0.607013 0.653675
0.614554 0.757847
0.622708 0.607364
0.631452 0.718913
0.640762 0.7758
0.650612 0.561364
0.66098 0.912105
0.671841 1.0182
0.683171 1.17365
0.694948 1.00658
0.707149 0.903556
0.719753 1.12525
0.732739 0.786113
0.746087 0.922351
0.759778 1.13138
0.773793 0.904423
0.788116 1.05917
0.80273 1.01646
0.817619 1.35432
0.832769 1.29573
0.582302 0.826108
0.582679 0.634336
0.583807 0.387815
0.585682 0.659036
0.588298 0.583155
0.591643 0.535287
0.595707 0.690922
0.600474 0.430809
0.605928 0.610166
0.612051 0.622014
0.618822 0.726902
0.626221 0.715317
0.634225 0.430862
0.642812 0.673542
0.651959 0.747512
0.661643 0.820356
0.671841 0.756211
0.682529 0.647018
0.693684 0.813365
0.705286 0.897194
0.717311 1.07366
0.72974 0.829515
0.742551 1.40512
0.755726 0.964521
0.769245 1.08672
0.783091 1.12559
0.797247 1.15218
0.811696 1.38394
0.826424 1.11151
0.841415 1.40097
0.595339 0.570998
0.595707 0.567529
0.596811 0.600107
0.598645 0.628252
0.601204 0.537424
0.604479 0.598811
0.608457 0.688337
0.613125 0.676757
0.618467 0.758576
0.624467 0.749957
0.631105 0.775401
0.638361 0.653905
0.646215 0.838898
0.654645 0.784114
0.663629 0.460902
0.673145 0.927984
0.683171 0.87321
0.693684 0.968831
0.704664 1.1197
0.716087 1.00762
0.727934 0.897359
0.740184 1.20438
0.752818 0.880494
0.765816 1.05556
0.77916 0.808829
0.792833 1.17964
0.806818 0.823315
0.821099 1.35074
0.835661 1.1849
0.850489 1.15882
0.608817 0.500434
0.609177 0.707845
0.610257 0.482312
0.612051 0.632923
0.614554 0.561083
0.617758 0.785474
0.621651 0.523789
0.626221 0.493505
0.631452 0.508479
0.63733 0.78882
0.643835 0.689103
0.650949 1.09723
0.658653 0.683265
0.666926 0.61799
0.675747 0.869656
0.685095 0.829792
0.694948 1.08878
0.705286 0.750818
0.716087 0.82664
0.727331 0.97628
0.738998 1.05838
0.751068 0.977555
0.763521 0.866843
0.77634 1.0297
0.789506 1.42341
0.803003 1.39476
0.816814 1.10752
0.830923 1.41578
0.845316 1.20518
0.859978 1.2375
0.622708 0.925292
0.623061 0.615002
0.624116 0.646332
0.62587 0.693004
0.628319 0.599416
0.631452 0.584594
0.635261 0.499818
0.639734 0.632969
0.644856 0.852124
0.650612 0.533772
0.656986 0.745449
0.66396 0.669174
0.671514 0.706375
0.67963 0.795046
0.688288 0.642403
0.697468 1.11159
0.707149 0.852428
0.717311 1.18319
0.727934 0.927065
0.738998 0.758484
0.750483 1.18608
0.762371 1.14784
0.774643 1.25029
0.787281 1.2592
0.800267 1.18952
0.813586 1.26479
0.82722 1.61347
0.841155 1.36199
0.855375 1.07254
0.869868 1.26121
0.636985 0.727245
0.63733 0.808063
0.638361 0.938815
0.640077 0.748291
0.642471 0.823749
0.645536 0.859113
0.649262 0.483439
0.653639 0.646884
0.658653 0.772341
0.66429 0.735599
0.670534 0.931513
0.677368 0.643388
0.684774 0.856703
0.692735 0.797429
0.701232 1.16658
0.710244 0.865633
0.719753 0.713011
0.72974 0.511337
0.740184 1.20702
0.751068 1.30867
0.762371 0.827781
0.774077 1.04914
0.786166 1.19722
0.798621 1.42295
0.811426 0.961573
0.824564 1.07241
0.83802 0.929381
0.851778 1.37456
0.865824 1.08197
0.880144 1.42992
0.651623 0.972716
0.651959 0.480768
0.652968 0.724425
0.654645 0.514529
0.656986 0.734753
0.659984 0.79051
0.663629 0.933898
0.667912 0.905842
0.672819 0.679758
0.678338 0.746472
0.684454 0.745706
0.69115 0.856405
0.698411 0.750057
0.706218 0.86858
0.714554 0.64722
0.723401 1.1753
0.732739 0.815652
0.742551 0.838592
0.752818 1.07414
0.763521 0.891626
0.774643 1.08144
0.786166 0.888889
0.798072 1.23396
0.810344 0.88985
0.822967 1.20704
0.835923 1.10753
0.849199 1.39779
0.862779 1.18609
0.876649 1.52309
0.890795 1.00473
0.666597 0.792477
0.666926 0.87797
0.667912 0.863029
0.669552 0.925377
0.671841 0.974045
0.674772 0.787183
0.678338 0.970452
0.682529 0.763343
0.687332 0.741262
0.692735 0.83968
0.698725 0.793732
0.705286 0.903454
0.712402 1.1342
0.720058 0.919654
0.728235 1.01015
0.736918 1.10543
0.746087 0.942562
0.755726 0.851752
0.765816 0.905087
0.77634 1.27018
0.787281 1.11773
0.798621 0.991231
0.810344 0.985273
0.822434 0.71787
0.834873 0.932062
0.847648 0.984018
0.860743 1.23
0.874143 1.15597
0.887836 0.95266
0.901807 1.10157
0.681886 0.574961
0.682207 0.886168
0.683171 1.03398
0.684774 0.747315
0.687013 0.537699
0.68988 1.06884
0.693368 0.569847
0.697468 0.885563
0.702169 0.987916
0.707459 0.855423
0.713325 0.901912
0.719753 0.617234
0.726728 0.913246
0.734234 0.85768
0.742256 1.02854
0.750776 1.05956
0.759778 0.716247
0.769245 0.877141
0.77916 1.34143
0.789506 1.40432
0.800267 1.59427
0.811426 0.860956
0.822967 1.21286
0.834873 1.18485
0.84713 1.05329
0.859723 1.58041
0.872637 1.64224
0.885857 1.32085
0.899371 1.12141
0.913166 1.64235
0.697468 1.02114
0.697783 0.974874
0.698725 0.749844
0.700293 0.75358
0.702481 0.478454
0.705286 0.592186
0.708698 1.35087
0.71271 0.724114
0.717311 0.736815
0.72249 0.711482
0.728235 0.861481
0.734533 0.731259
0.741369 0.813249
0.748728 0.904538
0.756596 0.715753
0.764956 1.12319
0.773793 0.873547
0.783091 0.967828
0.792833 1.42477
0.803003 1.36229
0.813586 1.08171
0.824564 1.63538
0.835923 1.22214
0.847648 1.06668
0.859723 1.16474
0.872134 1.29726
0.884866 0.904775
0.897907 1.15781
0.911242 1.16043
0.92486 1.10744
0.713325 0.743742
0.713633 0.89934
0.714554 0.919282
0.716087 0.821199
0.718228 1.35165
0.720971 0.9772
0.72431 0.799244
0.728235 0.759094
0.732739 0.870947
0.73781 0.845703
0.743437 0.879717
0.749606 1.13231
0.756306 0.933743
0.763521 0.910646
0.771238 0.587571
0.779441 1.13346
0.788116 1.32518
0.797247 1.31411
0.806818 1.49651
0.816814 1.1084
0.82722 1.62215
0.83802 1.06709
0.849199 1.19513
0.860743 1.17518
0.872637 1.38079
0.884866 1.04385
0.897418 1.18997
0.910279 1.29859
0.923436 1.46711
0.936876 1.22279
0.729439 0.93963
0.72974 1.10738
0.730641 0.936107
0.73214 0.771661
0.734234 0.93001
0.736918 1.24417
0.740184 0.91693
0.744026 0.925752
0.748435 0.677695
0.7534 1.20969
0.758911 1.0624
0.764956 0.977488
0.771522 0.84466
0.778597 0.969703
0.786166 0.929471
0.794215 1.22217
0.80273 1.34386
0.811696 1.21223
0.821099 1.82363
0.830923 0.980362
0.841155 1.08811
0.851778 1.47212
0.862779 1.08906
0.874143 1.16275
0.885857 1.0281
0.897907 1.20146
0.910279 1.0155
0.922961 1.4683
0.935939 0.889893
0.949202 0.913251
0.745793 0.761539
0.746087 0.922471
0.746968 1.11171
0.748435 0.755877
0.750483 1.04684
0.753109 0.9342
0.756306 1.16681
0.760066 1.03677
0.764382 1.06965
0.769245 1.18049
0.774643 1.32958
0.780566 1.13642
0.787002 1.09447
0.793939 1.06534
0.801363 1.22605
0.809261 1.25065
0.817619 1.39903
0.826424 0.922984
0.835661 1.10832
0.845316 1.0829
0.855375 0.967147
0.865824 1.20675
0.876649 1.17726
0.887836 1.36567
0.899371 0.94844
0.911242 0.920353
0.923436 0.999919
0.935939 1.20748
0.94874 1.30281
0.961827 0.920904
0.762371 0.917154
0.762659 0.862496
0.763521 1.06473
0.764956 1.34332
0.766961 0.738697
0.76953 1.06558
0.772659 0.83955
0.77634 0.862909
0.780566 1.13863
0.785328 1.02939
0.790617 0.857305
0.796421 1.17827
0.80273 1.37752
0.809532 1.62977
0.816814 1.22569
0.824564 1.21877
0.832769 1.65521
0.841415 1.27118
0.850489 1.21167
0.859978 1.12947
0.869868 1.24368
0.880144 1.63392
0.890795 1.01257
0.901807 1.48392
0.913166 1.42463
0.92486 1.21355
0.936876 1.09021
0.949202 1.47006
0.961827 1.10168
0.974738 1.24159
0.481711 0.406642
0.482166 0.744664
0.483529 0.379313
0.485791 0.700118
0.488941 0.532612
0.492962 0.511791
0.497832 0.650283
0.503527 0.449563
0.510019 0.705339
0.517277 0.530741
0.525272 1.00738
0.533968 0.691602
0.543333 0.552874
0.553333 0.508487
0.563933 0.567597
0.575101 0.872
0.586805 0.580015
0.599012 0.521129
0.611692 0.648245
0.624818 0.802898
0.638361 0.727367
0.652296 0.772212
0.666597 0.760561
0.681242 0.847691
0.696209 0.809517
0.711478 0.769808
0.72703 1.1081
0.742846 1.02652
0.758911 1.03744
0.775209 1.1434
0.482166 0.427826
0.482621 0.541643
0.483982 0.438192
0.486243 0.499151
0.48939 0.565206
0.493407 0.575863
0.498272 0.321346
0.503962 0.391202
0.510448 0.656209
0.517701 0.623057
0.525689 0.451166
0.534379 0.441773
0.543737 0.823115
0.553729 0.67485
0.564322 0.578252
0.575482 0.864728
0.587178 0.589583
0.599378 0.565851
0.612051 0.544527
0.625169 0.638788
0.638705 0.631288
0.652632 0.644453
0.666926 0.944915
0.681564 1.04811
0.696524 0.678898
0.711786 0.67838
0.727331 0.994394
0.743141 1.16098
0.7592 0.825785
0.775492 1.05768
0.483529 0.436289
0.483982 0.369785
0.48534 0.353736
0.487594 0.473147
0.490732 0.281598
0.494739 0.577416
0.499591 0.558259
0.505266 0.263763
0.511736 0.415946
0.518971 0.529493
0.526939 0.395816
0.535609 0.430329
0.544945 0.570902
0.554916 0.545085
0.565487 0.700074
0.576625 0.568939
0.588298 0.536972
0.600474 0.624936
0.613125 0.653391
0.626221 0.706686
0.639734 0.558633
0.653639 0.97112
0.667912 0.778403
0.682529 0.814776
0.697468 0.669796
0.71271 0.642749
0.728235 0.85682
0.744026 0.811897
0.760066 1.56539
0.77634 0.922158
0.485791 0.439091
0.486243 0.433739
0.487594 0.422586
0.489838 0.659126
0.492962 0.603474
0.49695 0.372711
0.501781 0.511147
0.507432 0.451697
0.513874 0.753498
0.521079 0.478297
0.529016 0.504429
0.537652 0.5298
0.546954 0.563579
0.556889 0.7479
0.567423 0.495851
0.578523 0.659225
0.590159 0.587873
0.602298 0.655137
0.614911 0.478528
0.627969 0.412287
0.641446 0.826083
0.655315 0.770831
0.669552 0.513883
0.684133 0.927647
0.699039 0.827128
0.714247 0.723528
0.72974 0.805632
0.745499 1.18592
0.761508 1.02165
0.777751 1.16978
0.488941 0.465168
0.48939 0.438898
0.490732 0.566999
0.492962 0.632306
0.496067 0.704417
0.50003 0.61556
0.504832 0.810116
0.510448 0.478644
0.516853 0.531234
0.524017 0.548898
0.53191 0.597026
0.5405 0.495196
0.549754 0.37423
0.559639 0.530865
0.570122 0.704047
0.581171 0.706445
0.592755 0.527964
0.604842 0.536113
0.617403 0.502809
0.630409 0.882957
0.643835 0.611363
0.657653 0.627903
0.671841 0.831531
0.686374 0.809806
0.701232 0.989836
0.716393 0.548848
0.731841 1.0566
0.747555 1.01401
0.763521 0.711806
0.779723 1.31318
0.492962 0.540615
0.493407 0.490793
0.494739 1.13812
0.49695 0.53394
0.50003 0.500445
0.503962 0.394378
0.508727 0.339941
0.514301 0.396367
0.520658 0.511259
0.527771 0.394756
0.535609 0.551632
0.54414 0.614387
0.553333 0.547856
0.563155 0.46579
0.573574 0.526698
0.584558 0.434779
0.596075 0.710077
0.608096 0.621177
0.620592 0.87878
0.633533 0.60289
0.646894 0.613173
0.660648 0.603947
0.674772 0.574477
0.689244 0.831809
0.704041 0.934887
0.719143 0.581923
0.734533 1.24634
0.750191 1.06097
0.766102 0.907463
0.78225 1.23293
0.497832 0.451819
0.498272 0.43329
0.499591 0.597493
0.501781 0.731855
0.504832 0.437626
0.508727 0.498694
0.513447 0.425289
0.518971 0.568009
0.525272 0.644658
0.532323 0.559359
0.540094 0.560798
0.548556 0.627427
0.557676 0.438321
0.567423 0.402277
0.577765 0.496315
0.58867 0.557458
0.600109 0.733805
0.612051 0.580014
0.624467 0.556888
0.63733 1.09773
0.650612 0.847488
0.66429 0.787527
0.678338 0.564274
0.692735 0.763493
0.707459 0.727349
0.72249 1.26261
0.73781 1.18325
0.7534 1.01108
0.769245 0.881658
0.785328 1.29481
0.503527 0.508475
0.503962 0.425886
0.505266 0.510287
0.507432 0.483796
0.510448 0.68397
0.514301 0.608068
0.518971 0.468092
0.524436 0.507254
0.530672 0.631126
0.537652 0.580722
0.545348 0.589603
0.553729 0.598467
0.562765 0.506118
0.572425 0.633589
0.582679 0.567402
0.593494 0.67774
0.604842 0.553385
0.616692 0.75309
0.629016 0.62107
0.641788 0.672896
0.65498 1.24903
0.668568 0.88836
0.682529 0.800392
0.696839 0.994806
0.711478 1.08797
0.726426 0.772787
0.741664 1.00294
0.757175 0.968782
0.772942 0.835276
0.788951 0.940824
0.510019 0.594441
0.510448 0.514146
0.511736 0.620787
0.513874 0.491815
0.516853 0.593466
0.520658 0.824429
0.525272 0.653664
0.530672 0.46774
0.536836 0.568406
0.543737 0.581169
0.551347 0.688128
0.559639 0.722481
0.568581 0.736886
0.578144 0.594515
0.588298 0.687774
0.599012 0.398339
0.610257 0.577144
0.622004 0.540882
0.634225 0.841684
0.646894 0.602708
0.659984 0.737108
0.673471 0.729093
0.687332 0.817966
0.701544 1.07057
0.716087 0.679105
0.730941 0.612789
0.746087 0.752129
0.761508 1.27745
0.777187 1.1892
0.79311 1.0023
0.517277 0.514532
0.517701 0.501919
0.518971 0.595216
0.521079 0.520907
0.524017 0.47939
0.527771 0.660623
0.532323 0.59206
0.537652 0.553016
0.543737 0.799924
0.550551 0.519507
0.558069 0.663519
0.566262 0.676107
0.575101 0.532525
0.584558 0.706351
0.594602 0.476822
0.605204 0.526186
0.616336 0.419642
0.627969 0.618909
0.640077 0.651597
0.652632 0.726972
0.665609 0.757538
0.678985 0.696328
0.692735 0.805238
0.706839 0.85756
0.721275 0.944795
0.736024 0.868189
0.751068 0.820418
0.766388 0.697308
0.78197 0.904328
0.797797 1.33413
0.525272 0.688541
0.525689 0.486704
0.526939 0.552806
0.529016 0.55342
0.53191 0.510723
0.535609 0.388489
0.540094 0.468992
0.545348 0.503165
0.551347 0.522646
0.558069 0.771593
0.565487 0.866687
0.573574 0.640815
0.582302 0.565056
0.591643 0.759979
0.601569 0.882839
0.612051 0.599962
0.623061 0.575082
0.634571 0.782895
0.646554 0.600328
0.658986 0.818309
0.671841 0.623189
0.685095 0.922824
0.698725 0.856508
0.71271 0.892785
0.72703 0.479452
0.741664 0.849605
0.756596 0.949211
0.771807 1.29096
0.787281 1.11443
0.803003 1.37615
0.533968 0.476872
0.534379 0.722369
0.535609 0.779899
0.537652 0.554664
0.5405 0.540957
0.54414 0.540328
0.548556 0.328162
0.553729 0.661099
0.559639 0.536727
0.566262 0.455193
0.573574 0.530945
0.581548 0.480393
0.590159 0.654126
0.599378 0.509591
0.609177 0.642423
0.61953 0.646228
0.630409 0.641686
0.641788 0.787195
0.653639 0.796163
0.665939 0.636233
0.678662 0.931613
0.691785 1.07471
0.705286 0.722685
0.719143 0.803351
0.733337 1.31737
0.747849 1.04219
0.762659 0.985412
0.777751 1.14256
0.79311 1.2803
0.808719 1.29681
0.543333 0.644034
0.543737 0.721076
0.544945 0.445876
0.546954 0.416903
0.549754 0.591078
0.553333 0.394727
0.557676 1.01123
0.562765 0.53158
0.568581 0.784659
0.575101 0.680146
0.582302 0.613549
0.590159 0.711843
0.598645 0.725934
0.607736 0.626148
0.617403 0.901139
0.62762 0.568484
0.638361 0.58107
0.6496 0.812065
0.661312 0.600295
0.673471 0.834221
0.686054 0.939142
0.699039 0.729997
0.712402 1.10024
0.726124 0.934923
0.740184 1.08261
0.754564 0.724623
0.769245 1.0144
0.78421 1.17387
0.799445 1.16165
0.814932 1.13428
0.553333 0.452552
0.553729 0.310973
0.554916 0.598697
0.556889 0.462253
0.559639 0.834085
0.563155 0.312902
0.567423 0.674461
0.572425 0.577714
0.578144 0.631399
0.584558 0.687076
0.591643 0.509177
0.599378 0.619672
0.607736 0.595667
0.616692 0.937128
0.626221 0.765072
0.636296 0.83316
0.646894 0.742514
0.657987 0.939601
0.669552 0.665436
0.681564 0.724234
0.694001 0.77277
0.706839 0.632087
0.720058 0.814231
0.733636 1.11146
0.747555 1.18121
0.761796 0.974226
0.77634 1.40297
0.791171 1.10222
0.806274 1.37997
0.821633 1.32758
0.563933 0.510027
0.564322 0.636014
0.565487 0.56522
0.567423 0.621051
0.570122 0.760732
0.573574 0.695513
0.577765 0.648309
0.582679 0.606811
0.588298 0.659438
0.594602 0.904901
0.601569 0.519325
0.609177 0.69832
0.617403 0.770729
0.626221 0.748492
0.635607 0.644869
0.645536 0.663459
0.655984 0.881108
0.666926 0.736986
0.678338 1.19657
0.690198 0.662857
0.702481 1.01563
0.715168 0.866041
0.728235 1.10511
0.741664 1.35717
0.755435 1.18702
0.76953 1.17867
0.783931 0.807828
0.798621 1.38919
0.813586 1.14826
0.828809 0.91083
0.575101 0.679391
0.575482 0.683654
0.576625 0.478857
0.578523 0.598642
0.581171 0.526874
0.584558 0.58275
0.58867 0.657417
0.593494 0.687019
0.599012 0.524905
0.605204 0.678004
0.612051 0.79798
0.61953 0.516607
0.62762 0.670034
0.636296 0.737779
0.645536 0.689283
0.655315 0.513824
0.665609 0.695142
0.676396 0.815224
0.687651 0.751831
0.699352 0.982584
0.711478 1.32604
0.724007 0.806593
0.736918 0.928666
0.750191 0.937614
0.763808 1.17322
0.777751 1.46682
0.792003 1.5984
0.806546 1.43351
0.821366 1.36242
0.836448 0.960251
0.586805 0.628031
0.587178 0.752144
0.588298 0.667854
0.590159 0.526643
0.592755 0.754358
0.596075 0.518481
0.600109 0.759005
0.604842 0.716026
0.610257 0.601171
0.616336 0.75268
0.623061 0.569677
0.630409 0.568875
0.638361 0.915392
0.646894 0.595374
0.655984 0.705813
0.665609 0.73355
0.675747 0.705939
0.686374 0.867035
0.697468 0.767094
0.709008 0.823782
0.720971 0.692469
0.733337 1.17266
0.746087 1.29303
0.7592 0.931773
0.772659 0.82305
0.786445 1.00472
0.800541 1.46527
0.814932 1.38808
0.829603 1.01125
0.844537 1.2791
0.599012 0.626564
0.599378 0.778696
0.600474 0.694299
0.602298 0.620573
0.604842 0.587923
0.608096 0.415771
0.612051 0.9144
0.616692 0.664048
0.622004 0.627797
0.627969 0.595557
0.634571 0.626702
0.641788 0.721936
0.6496 0.675653
0.657987 0.667436
0.666926 1.09963
0.676396 0.892079
0.686374 1.0014
0.696839 0.592059
0.707769 1.16434
0.719143 0.652004
0.730941 1.20158
0.743141 1.00874
0.755726 0.959918
0.768674 1.39845
0.78197 1.12076
0.795595 0.907924
0.809532 1.34322
0.823766 0.717782
0.838281 1.22086
0.853064 1.07277
0.611692 0.773047
0.612051 0.716791
0.613125 0.721842
0.614911 0.546814
0.617403 0.74553
0.620592 0.533499
0.624467 0.617499
0.629016 0.743019
0.634225 0.752615
0.640077 0.527742
0.646554 1.17617
0.653639 0.916741
0.661312 0.54394
0.669552 0.825215
0.678338 0.642766
0.687651 1.09684
0.697468 0.879374
0.707769 0.798597
0.718533 0.881496
0.72974 0.813272
0.741369 1.21746
0.7534 0.996626
0.765816 1.15085
0.778597 1.23752
0.791726 1.26721
0.805185 1.36945
0.818959 1.14927
0.833032 1.23516
0.847389 1.12395
0.862016 1.62135
0.624818 0.641387
0.625169 0.561
0.626221 0.88476
0.627969 0.583158
0.630409 0.499435
0.633533 0.815683
0.63733 0.86721
0.641788 0.838508
0.646894 1.0716
0.652632 0.476305
0.658986 1.00372
0.665939 0.638256
0.673471 0.87317
0.681564 0.662464
0.690198 0.947117
0.699352 0.728318
0.709008 0.965958
0.719143 0.955163
0.72974 1.21591
0.740777 0.587871
0.752235 0.9333
0.764095 0.765879
0.77634 1.32042
0.788951 1.00715
0.80191 1.62682
0.815201 1.55685
0.828809 1.65187
0.842718 1.31972
0.856912 1.27125
0.871379 1.25669
0.638361 0.767281
0.638705 0.812952
0.639734 0.74855
0.641446 0.784841
0.643835 1.10143
0.646894 0.63295
0.650612 0.592737
0.65498 0.803012
0.659984 0.807215
0.665609 0.812286
0.671841 0.748959
0.678662 0.815629
0.686054 0.81434
0.694001 0.714844
0.702481 1.1693
0.711478 0.948146
0.720971 0.817517
0.730941 0.859068
0.741369 1.29941
0.752235 1.17392
0.763521 1.20987
0.775209 0.954971
0.787281 0.981032
0.799719 1.62002
0.812507 1.16947
0.825627 1.03505
0.839066 1.91413
0.852807 1.08919
0.866837 1.49329
0.881141 1.24655
0.652296 0.653244
0.652632 0.80503
0.653639 0.623838
0.655315 0.767519
0.657653 0.546249
0.660648 0.704115
0.66429 0.748755
0.668568 0.694714
0.673471 0.686131
0.678985 0.565096
0.685095 0.629059
0.691785 0.939884
0.699039 0.830869
0.706839 0.884626
0.715168 0.736857
0.724007 0.872376
0.733337 1.12344
0.743141 1.07017
0.7534 1.11219
0.764095 0.831275
0.775209 1.09001
0.786723 1.09821
0.798621 0.845512
0.810885 1.42442
0.8235 0.895559
0.836448 0.937574
0.849715 1.11169
0.863287 1.60468
0.877149 1.1608
0.891288 0.829984
0.666597 0.921411
0.666926 1.05157
0.667912 0.816371
0.669552 0.982477
0.671841 1.15903
0.674772 0.748902
0.678338 0.886448
0.682529 0.546981
0.687332 0.802309
0.692735 0.907434
0.698725 0.794625
0.705286 1.00162
0.712402 1.15251
0.720058 0.79351
0.728235 0.851306
0.736918 0.793575
0.746087 1.20383
0.755726 1.27033
0.765816 1.1545
0.77634 1.26222
0.787281 0.991488
0.798621 1.10719
0.810344 1.24969
0.822434 1.13091
0.834873 1.10903
0.847648 1.49923
0.860743 0.766799
0.874143 1.31161
0.887836 1.02357
0.901807 1.16605
0.681242 0.723987
0.681564 0.858098
0.682529 0.758155
0.684133 0.967432
0.686374 0.861459
0.689244 1.06311
0.692735 0.78899
0.696839 0.903028
0.701544 0.938993
0.706839 0.987787
0.71271 0.878695
0.719143 0.916429
0.726124 1.27787
0.733636 0.653443
0.741664 1.01331
0.750191 0.956712
0.7592 1.04568
0.768674 1.25345
0.778597 1.04125
0.788951 1.43743
0.799719 0.810962
0.810885 0.988647
0.822434 1.12587
0.834348 1.1855
0.846612 1.12079
0.859213 0.936903
0.872134 1.27072
0.885362 1.51772
0.898884 0.95838
0.912685 1.1015
0.696209 0.964662
0.696524 0.800929
0.697468 1.19701
0.699039 0.856171
0.701232 0.767153
0.704041 0.811481
0.707459 0.801616
0.711478 0.663863
0.716087 0.938677
0.721275 0.606606
0.72703 0.870054
0.733337 0.644726
0.740184 1.09531
0.747555 0.781229
0.755435 0.980586
0.763808 1.43364
0.772659 1.31477
0.78197 0.94016
0.791726 1.26587
0.80191 1.44911
0.812507 0.997012
0.8235 1.06509
0.834873 1.02398
0.846612 1.01076
0.858702 1.23657
0.871127 0.964666
0.883874 1.60539
0.896929 0.948827
0.910279 1.18654
0.923911 1.15124
0.711478 1.32415
0.711786 0.900907
0.71271 0.92459
0.714247 0.549621
0.716393 0.792445
0.719143 1.19193
0.72249 1.02285
0.726426 0.969952
0.730941 1.13005
0.736024 0.999767
0.741664 0.595496
0.747849 0.997748
0.754564 1.06942
0.761796 1.30837
0.76953 0.827085
0.777751 1.24291
0.786445 1.28012
0.795595 0.916179
0.805185 1.17281
0.815201 0.80287
0.825627 1.2376
0.836448 1.19245
0.847648 1.43727
0.859213 1.33402
0.871127 1.14791
0.883378 1.43498
0.895951 0.851128
0.908832 1.62151
0.92201 1.30302
0.93547 1.20131
0.72703 1.1618
0.727331 0.749171
0.728235 1.13584
0.72974 1.00474
0.731841 0.829858
0.734533 1.00813
0.73781 0.773407
0.741664 1.02707
0.746087 1.21165
0.751068 1.03204
0.756596 1.20145
0.762659 0.765661
0.769245 0.865539
0.77634 1.07458
0.783931 1.01373
0.792003 1.42939
0.800541 1.37277
0.809532 1.09735
0.818959 0.993762
0.828809 1.29905
0.839066 1.29372
0.849715 1.30453
0.860743 1.17724
0.872134 1.55239
0.883874 1.14968
0.895951 1.07375
0.90835 1.44071
0.921058 1.22107
0.934063 1.67316
0.947352 1.30228
0.742846 0.928111
0.743141 0.935129
0.744026 1.00915
0.745499 1.18909
0.747555 1.05177
0.750191 1.02697
0.7534 1.06799
0.757175 0.913541
0.761508 0.953567
0.766388 1.15177
0.771807 1.09654
0.777751 1.04828
0.78421 1.49387
0.791171 1.12107
0.798621 1.06468
0.806546 1.33222
0.814932 0.944702
0.823766 1.50714
0.833032 1.40713
0.842718 0.930452
0.852807 1.29288
0.863287 1.11146
0.874143 1.06749
0.885362 1.30246
0.896929 1.35902
0.908832 1.34195
0.921058 1.00106
0.933593 1.41984
0.946426 1.73984
0.959544 1.13404
0.758911 0.876418
0.7592 1.01384
0.760066 0.929165
0.761508 0.949177
0.763521 1.28118
0.766102 0.694335
0.769245 1.06312
0.772942 0.87376
0.777187 1.08207
0.78197 1.2695
0.787281 1.35077
0.79311 1.25932
0.799445 1.09096
0.806274 1.3137
0.813586 1.52314
0.821366 1.17687
0.829603 0.982786
0.838281 1.44675
0.847389 1.70618
0.856912 1.45147
0.866837 1.29652
0.877149 1.41366
0.887836 1.38943
0.898884 1.28995
0.910279 1.47062
0.92201 1.46209
0.934063 1.23893
0.946426 1.76517
0.959087 1.23899
0.972034 1.43133
0.775209 1.1682
0.775492 1.2954
0.77634 0.838353
0.777751 0.698764
0.779723 1.03033
0.78225 1.18251
0.785328 1.24471
0.788951 1.03947
0.79311 1.17954
0.797797 0.948458
0.803003 1.07452
0.808719 1.05321
0.814932 1.13365
0.821633 1.3687
0.828809 1.10161
0.836448 1.07367
0.844537 1.11596
0.853064 1.43114
0.862016 1.3061
0.871379 1.18874
0.881141 1.21194
0.891288 1.35381
0.901807 1.22795
0.912685 1.20357
0.923911 1.6818
0.93547 1.14477
0.947352 1.28359
0.959544 1.142
0.972034 1.41261
0.984811 1.17383
0.502655 0.46576
0.503091 0.653382
0.504397 0.735108
0.506567 0.643103
0.509588 0.420118
0.513447 0.381781
0.518125 0.48423
0.523599 0.424291
0.529845 0.523603
0.536836 0.624753
0.544543 0.476781
0.552936 0.485487
0.561985 0.570184
0.571659 0.384495
0.581925 0.620422
0.592755 0.363294
0.604116 0.683027
0.61598 0.625907
0.628319 0.6599
0.641104 0.710434
0.65431 0.89233
0.667912 0.72366
0.681886 0.944396
0.696209 0.763139
0.710861 0.94074
0.725822 1.28192
0.741073 0.804372
0.756596 1.13767
0.772375 0.772869
0.788394 0.710249
0.503091 0.485869
0.503527 0.663752
0.504832 0.567313
0.506999 0.522029
0.510019 0.562631
0.513874 0.503435
0.518548 0.25695
0.524017 0.675474
0.530258 0.775497
0.537244 0.523461
0.544945 0.439645
0.553333 0.496303
0.562375 0.380839
0.572042 0.580203
0.582302 0.559719
0.593124 0.595015
0.604479 0.743365
0.616336 0.567655
0.628667 0.701676
0.641446 0.750545
0.654645 0.839635
0.66824 1.12656
0.682207 0.775298
0.696524 1.09087
0.71117 0.528778
0.726124 0.944072
0.741369 0.854591
0.756886 1.04721
0.772659 1.08739
0.788673 1.25943
0.504397 0.461098
0.504832 0.458842
0.506133 0.522133
0.508295 0.612654
0.511307 0.60367
0.515153 0.430227
0.519815 0.478866
0.525272 0.518668
0.531498 0.40885
0.538467 0.523558
0.546151 0.553484
0.554521 0.610578
0.563544 0.398145
0.573191 0.631171
0.583431 0.688379
0.594233 0.709069
0.605566 0.837703
0.617403 0.857972
0.629713 0.812952
0.642471 0.725151
0.655649 0.642286
0.669224 0.745681
0.683171 0.534927
0.697468 0.556512
0.712094 0.733073
0.72703 0.735323
0.742256 1.22092
0.757754 0.964579
0.77351 1.20609
0.789506 1.32763
0.506567 0.714305
0.506999 0.395195
0.508295 0.433818
0.510448 0.495673
0.513447 0.520783
0.517277 0.498995
0.521921 0.437476
0.527355 0.526712
0.533557 0.428027
0.5405 0.481614
0.548156 0.576661
0.556495 0.515067
0.565487 0.352795
0.575101 0.712967
0.585308 0.756245
0.596075 0.494601
0.607375 0.773832
0.619176 0.562585
0.631452 0.685306
0.644175 0.682438
0.65732 0.881936
0.670861 0.581213
0.684774 0.901611
0.699039 1.04149
0.713633 0.938045
0.728536 1.01621
0.743731 1.43133
0.7592 1.07805
0.774926 0.951025
0.790894 1.17115
0.509588 0.541729
0.510019 0.471796
0.511307 0.560749
0.513447 0.411702
0.516429 0.439206
0.520237 0.60139
0.524854 0.818162
0.530258 0.653915
0.536427 0.713651
0.543333 0.391926
0.550949 0.534939
0.559247 0.553759
0.568195 0.512783
0.577765 0.576707
0.587925 0.478937
0.598645 0.640136
0.609897 0.669383
0.621651 0.760176
0.633879 0.848847
0.646554 0.7071
0.659651 0.971309
0.673145 0.939575
0.687013 1.08463
0.701232 0.683182
0.715781 0.805995
0.730641 1.13409
0.745793 0.916611
0.76122 1.37238
0.776905 1.04484
0.792833 1.07012
0.513447 0.464868
0.513874 0.684273
0.515153 0.430182
0.517277 0.833059
0.520237 0.362793
0.524017 0.606939
0.528601 0.538494
0.533968 0.503691
0.540094 0.53402
0.546954 0.583142
0.554521 0.682626
0.562765 0.552903
0.571659 0.455643
0.581171 0.562092
0.591273 0.550083
0.601934 0.566817
0.613125 0.652395
0.624818 0.554298
0.636985 0.7347
0.6496 0.840867
0.662637 0.711207
0.676071 0.601895
0.68988 0.837316
0.704041 0.622488
0.718533 0.801995
0.733337 1.06053
0.748435 0.797178
0.763808 1.38131
0.779441 1.07991
0.795319 1.69654
0.518125 0.500203
0.518548 0.389279
0.519815 0.49754
0.521921 0.502891
0.524854 0.451516
0.528601 0.585235
0.533146 0.491788
0.538467 0.471657
0.544543 0.481796
0.551347 0.508949
0.558854 0.722322
0.567036 0.627971
0.575863 0.743137
0.585308 0.666222
0.595339 0.42571
0.605928 0.725257
0.617047 0.792408
0.628667 0.532097
0.640762 0.876864
0.653304 0.710744
0.666268 0.61289
0.67963 0.603622
0.693368 0.998926
0.707459 0.831448
0.721883 0.961124
0.73662 1.00747
0.751652 1.14639
0.766961 0.914879
0.782531 0.880401
0.798346 1.10124
0.523599 0.553172
0.524017 0.332294
0.525272 0.578948
0.527355 0.481901
0.530258 0.421272
0.533968 0.570818
0.538467 0.600122
0.543737 0.454817
0.549754 0.61995
0.556495 0.543
0.563933 0.361825
0.572042 0.46716
0.580794 0.538933
0.590159 0.595032
0.600109 0.392346
0.610616 0.650791
0.621651 0.65963
0.633187 0.721641
0.645196 0.639764
0.657653 0.841501
0.670534 0.868431
0.683813 0.886052
0.697468 1.04659
0.711478 0.714101
0.725822 0.967227
0.74048 0.890498
0.755435 0.941856
0.770669 0.996824
0.786166 1.15549
0.80191 1.0595
0.529845 0.590532
0.530258 0.587182
0.531498 0.630444
0.533557 0.543519
0.536427 0.626754
0.540094 0.504738
0.544543 0.470179
0.549754 0.516143
0.555706 0.663661
0.562375 0.656025
0.569737 0.446163
0.577765 0.601604
0.586431 0.576599
0.595707 0.726655
0.605566 0.59881
0.61598 0.7303
0.626921 0.568609
0.638361 0.523228
0.650275 0.620185
0.662637 0.865137
0.675422 0.89275
0.688607 0.808941
0.702169 0.583728
0.716087 0.991612
0.730341 1.23956
0.74491 0.73397
0.759778 1.06956
0.774926 1.01736
0.790339 0.762
0.806002 1.126
0.536836 0.469098
0.537244 0.401409
0.538467 0.532205
0.5405 0.674752
0.543333 0.422239
0.546954 0.55982
0.551347 0.556078
0.556495 0.449997
0.562375 0.704388
0.568967 0.526328
0.576244 0.446518
0.584182 0.586815
0.592755 0.374626
0.601934 0.652124
0.611692 0.738558
0.622004 0.817592
0.63284 0.980986
0.644175 0.556003
0.655984 0.73964
0.66824 0.808778
0.68092 0.677638
0.694001 0.93452
0.707459 0.644103
0.721275 0.923066
0.735428 1.1179
0.749899 1.01765
0.764669 1.00335
0.779723 1.38902
0.795043 1.06309
0.810615 1.49932
0.544543 0.607712
0.544945 0.472231
0.546151 0.788487
0.548156 0.524
0.550949 0.510056
0.554521 0.412408
0.558854 0.598887
0.563933 0.542705
0.569737 0.654793
0.576244 0.602468
0.583431 0.599982
0.591273 0.502929
0.599743 0.483699
0.608817 0.621914
0.618467 0.581172
0.628667 0.487322
0.639391 0.857568
0.650612 0.852056
0.662306 0.51365
0.674447 0.751901
0.687013 0.742108
0.699979 1.15239
0.713325 0.824732
0.72703 0.980736
0.741073 0.879029
0.755435 1.19481
0.7701 1.28231
0.785049 0.858045
0.800267 0.724977
0.815739 0.980488
0.552936 0.690121
0.553333 0.76339
0.554521 0.584143
0.556495 0.410662
0.559247 0.68545
0.562765 0.522203
0.567036 0.500093
0.572042 0.607014
0.577765 0.626135
0.584182 0.605598
0.591273 0.824714
0.599012 0.787392
0.607375 0.837436
0.616336 0.657866
0.62587 0.591389
0.635952 0.662925
0.646554 0.710392
0.657653 0.519356
0.669224 1.24035
0.681242 0.722565
0.693684 0.933437
0.706529 1.03348
0.719753 0.856272
0.733337 1.00352
0.747262 0.919265
0.761508 0.608306
0.776057 1.18476
0.790894 1.1169
0.806002 0.929546
0.821366 1.32144
0.561985 0.509897
0.562375 0.519059
0.563544 0.641508
0.565487 0.446807
0.568195 0.718281
0.571659 0.67929
0.575863 0.873858
0.580794 0.56714
0.586431 0.407388
0.592755 0.552034
0.599743 0.636
0.607375 0.486001
0.615624 0.858373
0.624467 0.686323
0.633879 0.767702
0.643835 0.75275
0.65431 0.915097
0.66528 0.938169
0.67672 0.562027
0.688607 0.920741
0.700919 0.626028
0.713633 0.904736
0.726728 1.10604
0.740184 1.29679
0.753982 1.32289
0.768104 1.22388
0.782531 1.07634
0.797247 0.8025
0.812237 1.136
0.827485 1.58877
0.571659 0.627887
0.572042 0.724489
0.573191 0.748364
0.575101 0.729321
0.577765 0.669085
0.581171 0.41681
0.585308 0.514957
0.590159 0.786092
0.595707 0.662948
0.601934 0.926807
0.608817 0.495951
0.616336 0.461639
0.624467 0.48732
0.633187 0.529633
0.642471 0.477818
0.652296 0.644053
0.662637 0.723092
0.673471 0.82677
0.684774 0.8298
0.696524 1.11056
0.708698 0.873257
0.721275 0.714691
0.734234 0.866275
0.747555 1.36434
0.76122 1.03243
0.775209 0.988636
0.789506 0.944337
0.804095 1.04425
0.818959 1.31787
0.834085 1.01208
0.581925 0.577132
0.582302 0.689594
0.583431 0.520903
0.585308 0.408119
0.587925 0.681202
0.591273 0.883749
0.595339 0.60433
0.600109 0.547356
0.605566 0.447454
0.611692 0.744401
0.618467 0.683748
0.62587 0.77559
0.633879 0.930521
0.642471 0.677444
0.651623 0.913396
0.661312 0.701117
0.671514 0.844231
0.682207 0.641933
0.693368 0.94463
0.704975 1.08052
0.717005 0.676325
0.729439 0.652011
0.742256 0.869828
0.755435 1.18537
0.76896 0.871503
0.782811 0.926569
0.796972 0.950832
0.811426 1.12923
0.826159 1.49841
0.841155 1.35728
0.592755 0.663871
0.593124 0.780318
0.594233 0.860863
0.596075 0.774279
0.598645 0.765246
0.601934 0.560297
0.605928 0.653851
0.610616 0.597966
0.61598 0.638075
0.622004 0.873634
0.628667 0.867942
0.635952 0.707955
0.643835 0.886723
0.652296 0.838282
0.661312 0.767026
0.670861 1.05864
0.68092 0.874263
0.691468 0.984236
0.702481 0.65386
0.71394 0.863842
0.725822 1.21394
0.738107 1.04723
0.750776 1.28456
0.763808 0.888075
0.777187 0.842159
0.790894 0.878182
0.804913 1.1775
0.819227 0.821449
0.833822 1.35927
0.848682 1.11097
0.604116 0.517617
0.604479 0.673491
0.605566 0.835353
0.607375 0.538932
0.609897 0.584147
0.613125 0.576928
0.617047 0.586139
0.621651 0.500528
0.626921 1.00956
0.63284 0.555916
0.639391 0.580155
0.646554 0.684377
0.65431 0.820627
0.662637 0.930456
0.671514 1.06562
0.68092 0.753726
0.690833 0.925447
0.701232 0.831197
0.712094 0.991398
0.723401 0.83328
0.73513 0.932751
0.747262 1.02549
0.759778 0.847169
0.772659 0.872012
0.785887 0.986769
0.799445 1.05738
0.813316 1.11477
0.827485 1.42891
0.841936 1.17125
0.856656 1.04
0.61598 0.532049
0.616336 0.62895
0.617403 0.747409
0.619176 0.653108
0.621651 0.574147
0.624818 0.819689
0.628667 0.670945
0.633187 0.690243
0.638361 0.748976
0.644175 0.800366
0.650612 0.758876
0.657653 0.731475
0.66528 0.592557
0.673471 0.757056
0.682207 0.841905
0.691468 0.648533
0.701232 0.790864
0.711478 0.946269
0.722187 0.954631
0.733337 1.01219
0.74491 0.757662
0.756886 1.25143
0.769245 1.05452
0.78197 0.954473
0.795043 1.39918
0.808447 0.968267
0.822167 0.679822
0.836186 1.51276
0.850489 1.30017
0.865064 1.16916
0.628319 0.894146
0.628667 0.707547
0.629713 0.633113
0.631452 0.467273
0.633879 0.519831
0.636985 1.06375
0.640762 0.580889
0.645196 0.73956
0.650275 0.503446
0.655984 0.791714
0.662306 1.01783
0.669224 0.857516
0.67672 0.630635
0.684774 0.658443
0.693368 0.575641
0.702481 0.867955
0.712094 0.721232
0.722187 0.778134
0.732739 0.732237
0.743731 1.06725
0.755145 1.13609
0.766961 1.15127
0.77916 0.888038
0.791726 0.867911
0.80464 1.18833
0.817887 0.969306
0.831451 0.962712
0.845316 1.13945
0.859468 0.861167
0.873892 1.16356
0.641104 0.493357
0.641446 0.677326
0.642471 0.769595
0.644175 0.881567
0.646554 0.865491
0.6496 0.835991
0.653304 0.668064
0.657653 0.720893
0.662637 1.01259
0.66824 0.669342
0.674447 0.883011
0.681242 0.89325
0.688607 0.854267
0.696524 0.847146
0.704975 0.90202
0.71394 0.780902
0.723401 1.37743
0.733337 1.21457
0.743731 1.22922
0.754564 0.907906
0.765816 0.851223
0.777469 1.07686
0.789506 1.56204
0.80191 1.31068
0.814663 1.37717
0.82775 0.948675
0.841155 1.48509
0.854862 1.1167
0.868858 1.11818
0.88313 1.65649
0.65431 0.880848
0.654645 0.757749
0.655649 0.600912
0.65732 0.677664
0.659651 0.699175
0.662637 0.692182
0.666268 0.698867
0.670534 0.715888
0.675422 0.517291
0.68092 0.818109
0.687013 1.2018
0.693684 0.967744
0.700919 0.825997
0.708698 0.817658
0.717005 0.865716
0.725822 0.868162
0.73513 1.06389
0.74491 1.06452
0.755145 0.801412
0.765816 1.09364
0.776905 0.947008
0.788394 0.935838
0.800267 1.1101
0.812507 0.892557
0.825096 0.846865
0.83802 1.25447
0.851263 1.52454
0.86481 0.928676
0.878648 1.14878
0.892763 1.08736
0.667912 0.665719
0.66824 0.672172
0.669224 0.644882
0.670861 0.694897
0.673145 0.825833
0.676071 0.804374
0.67963 0.520915
0.683813 0.728683
0.688607 0.761414
0.694001 0.852385
0.699979 0.592551
0.706529 0.717659
0.713633 0.77912
0.721275 0.657365
0.729439 0.882752
0.738107 1.11537
0.747262 1.00086
0.756886 1.04748
0.766961 1.06238
0.777469 1.38625
0.788394 1.15583
0.799719 1.06432
0.811426 1.31878
0.8235 1.10896
0.835923 1.25057
0.848682 1.39028
0.861762 1.64496
0.875146 1.34064
0.888823 1.15425
0.902779 1.3661
0.681886 0.713461
0.682207 1.1175
0.683171 0.936035
0.684774 1.01708
0.687013 0.846932
0.68988 1.07676
0.693368 1.13796
0.697468 0.84235
0.702169 0.785724
0.707459 0.844448
0.713325 1.04082
0.719753 0.895905
0.726728 0.930561
0.734234 0.974049
0.742256 0.952564
0.750776 0.688705
0.759778 1.49082
0.769245 1.53526
0.77916 1.25084
0.789506 1.26422
0.800267 1.54912
0.811426 1.17441
0.822967 1.05729
0.834873 1.45906
0.84713 0.90676
0.859723 1.47236
0.872637 1.62373
0.885857 1.11764
0.899371 1.24988
0.913166 1.211
0.696209 0.795047
0.696524 0.969764
0.697468 0.633352
0.699039 0.747024
0.701232 0.685903
0.704041 0.938163
0.707459 0.773817
0.711478 0.673926
0.716087 0.880872
0.721275 0.86459
0.72703 0.934514
0.733337 1.14648
0.740184 1.25248
0.747555 0.98028
0.755435 1.10813
0.763808 0.905829
0.772659 1.04428
0.78197 1.19801
0.791726 0.821602
0.80191 1.24438
0.812507 1.20626
0.8235 1.14652
0.834873 1.12782
0.846612 1.36116
0.858702 1.15329
0.871127 1.1145
0.883874 0.998986
0.896929 1.31904
0.910279 0.99052
0.923911 1.0497
0.710861 0.795729
0.71117 1.08925
0.712094 0.86737
0.713633 0.775462
0.715781 0.959913
0.718533 0.936699
0.721883 1.00778
0.725822 0.802412
0.730341 0.70045
0.735428 1.00341
0.741073 0.989173
0.747262 0.943684
0.753982 0.960186
0.76122 1.21783
0.76896 0.926989
0.777187 1.09899
0.785887 1.03685
0.795043 1.07731
0.80464 1.17954
0.814663 1.10934
0.825096 1.27376
0.835923 1.25598
0.84713 1.19857
0.858702 1.04241
0.870624 1.29223
0.882881 1.71366
0.895461 1.76784
0.90835 1.40289
0.921534 1.04396
0.935001 1.28163
0.725822 1.01605
0.726124 1.16542
0.72703 1.12492
0.728536 1.0974
0.730641 0.998357
0.733337 0.794163
0.73662 0.615309
0.74048 1.13015
0.74491 0.868633
0.749899 1.20292
0.755435 1.49852
0.761508 1.06278
0.768104 1.26642
0.775209 1.17378
0.782811 1.16879
0.790894 1.47954
0.799445 1.04922
0.808447 1.25196
0.817887 1.23637
0.82775 1.22662
0.83802 1.47983
0.848682 1.61369
0.859723 1.74242
0.871127 1.26281
0.882881 1.54892
0.894971 1.76207
0.907383 1.10547
0.920105 1.1994
0.933123 1.04743
0.946426 0.955141
0.741073 1.23988
0.741369 0.930117
0.742256 0.808572
0.743731 0.753188
0.745793 0.825333
0.748435 0.936872
0.751652 1.02411
0.755435 1.09205
0.759778 1.30195
0.764669 1.23244
0.7701 1.27734
0.776057 1.08143
0.782531 1.39931
0.789506 1.16654
0.796972 1.0852
0.804913 1.01055
0.813316 1.36177
0.822167 1.51724
0.831451 1.16065
0.841155 1.27982
0.851263 1.05156
0.861762 1.43863
0.872637 1.64735
0.883874 1.09469
0.895461 1.08581
0.907383 1.41115
0.919628 1.03274
0.932182 1.3207
0.945034 1.25629
0.958171 1.02956
0.756596 1.39503
0.756886 0.936435
0.757754 1.13019
0.7592 0.696397
0.76122 0.906428
0.763808 1.2887
0.766961 0.932687
0.770669 0.893081
0.774926 0.728718
0.779723 1.1996
0.785049 0.911924
0.790894 1.22856
0.797247 1.04306
0.804095 1.29787
0.811426 1.12621
0.819227 1.17078
0.827485 1.4882
0.836186 1.09111
0.845316 1.35294
0.854862 1.89531
0.86481 1.03662
0.875146 1.11314
0.885857 1.04404
0.896929 1.03591
0.90835 1.54912
0.920105 1.41148
0.932182 0.900957
0.94457 1.45688
0.957255 0.808273
0.970227 1.11046
0.772375 0.963733
0.772659 1.11726
0.77351 1.24206
0.774926 1.12778
0.776905 0.919556
0.779441 1.68823
0.782531 1.04604
0.786166 1.45406
0.790339 0.967931
0.795043 1.0673
0.800267 1.45123
0.806002 1.40966
0.812237 1.12668
0.818959 1.12703
0.826159 0.959367
0.833822 1.16153
0.841936 1.32668
0.850489 0.967274
0.859468 1.19876
0.868858 0.936728
0.878648 1.25091
0.888823 0.825833
0.899371 1.19733
0.910279 1.32663
0.921534 0.802652
0.933123 1.02519
0.945034 1.15035
0.957255 1.6744
0.969775 1.4753
0.982582 1.55074
0.788394 1.13657
0.788673 1.52671
0.789506 1.05946
0.790894 1.22313
0.792833 1.57626
0.795319 1.12162
0.798346 1.0442
0.80191 0.973184
0.806002 1.06292
0.810615 1.2253
0.815739 1.47921
0.821366 0.858389
0.827485 1.48438
0.834085 1.33166
0.841155 1.41413
0.848682 1.38439
0.856656 0.71313
0.865064 0.94928
0.873892 1.21154
0.88313 0.933022
0.892763 1.41075
0.902779 1.14724
0.913166 1.594
0.923911 1.41416
0.935001 1.24817
0.946426 1.0306
0.958171 0.862588
0.970227 1.62743
0.982582 1.07666
0.995223 1.21163
0.523599 0.538917
0.524017 0.572404
0.525272 0.592345
0.527355 0.5345
0.530258 0.644625
0.533968 0.659662
0.538467 0.681575
0.543737 0.695619
0.549754 0.616924
0.556495 0.563524
0.563933 0.531743
0.572042 0.530192
0.580794 0.473592
0.590159 0.592577
0.600109 0.705138
0.610616 0.553064
0.621651 0.717679
0.633187 0.55662
0.645196 0.522513
0.657653 0.627921
0.670534 0.84688
0.683813 0.883296
0.697468 0.741052
0.711478 1.07987
0.725822 1.02173
0.74048 1.22064
0.755435 1.0054
0.770669 1.11308
0.786166 1.00495
0.80191 1.10137
0.524017 0.338554
0.524436 0.398001
0.525689 0.698649
0.527771 0.53209
0.530672 0.610568
0.534379 0.717292
0.538874 0.377966
0.54414 1.03443
0.550153 0.436913
0.556889 0.510403
0.564322 0.555326
0.572425 0.611692
0.581171 0.689489
0.59053 0.561679
0.600474 0.394212
0.610975 0.441155
0.622004 0.738974
0.633533 0.635258
0.645536 0.749414
0.657987 0.528575
0.670861 0.675174
0.684133 0.908873
0.697783 0.817438
0.711786 0.869515
0.726124 0.886154
0.740777 0.766879
0.755726 1.03842
0.770954 0.87991
0.786445 1.15225
0.802183 1.29036
0.525272 0.624938
0.525689 0.586113
0.526939 0.73238
0.529016 0.612971
0.53191 0.49289
0.535609 0.46673
0.540094 0.461651
0.545348 0.702789
0.551347 0.364248
0.558069 0.691077
0.565487 0.550725
0.573574 0.505537
0.582302 0.612222
0.591643 0.774087
0.601569 0.610043
0.612051 0.643972
0.623061 0.476034
0.634571 0.59244
0.646554 0.647378
0.658986 0.869357
0.671841 0.788973
0.685095 0.897537
0.698725 1.08572
0.71271 0.782645
0.72703 0.762971
0.741664 1.42885
0.756596 0.842851
0.771807 1.03775
0.787281 0.973473
0.803003 1.20545
0.527355 0.748028
0.527771 0.399642
0.529016 0.49984
0.531085 0.564046
0.533968 0.434642
0.537652 0.666674
0.542121 0.4177
0.547355 0.381958
0.553333 0.811349
0.56003 0.507364
0.567423 0.754065
0.575482 0.631387
0.584182 0.760501
0.593494 0.889234
0.603389 0.652214
0.61384 0.635854
0.624818 0.550146
0.636296 0.720131
0.648248 0.836854
0.660648 0.72217
0.673471 0.683429
0.686693 0.911426
0.700293 0.778197
0.714247 0.739816
0.728536 1.46122
0.743141 1.02354
0.758044 0.789876
0.773226 0.82926
0.788673 0.947193
0.804368 1.39609
0.530258 0.505292
0.530672 0.578693
0.53191 0.594178
0.533968 0.593985
0.536836 0.550566
0.5405 0.596123
0.544945 0.665118
0.550153 0.603285
0.5561 0.719902
0.562765 1.1127
0.570122 0.612639
0.578144 0.466827
0.586805 0.617598
0.596075 0.514594
0.605928 0.606584
0.616336 0.823578
0.62727 0.751269
0.638705 0.622499
0.650612 0.670554
0.662968 0.660882
0.675747 0.870846
0.688925 0.881814
0.702481 1.21642
0.716393 1.45181
0.730641 0.780939
0.745204 1.10792
0.760066 1.15036
0.775209 0.949482
0.790617 1.13868
0.806274 0.876335
0.533968 0.65328
0.534379 0.658059
0.535609 0.319945
0.537652 0.552845
0.5405 0.606084
0.54414 0.649593
0.548556 0.570399
0.553729 0.467354
0.559639 0.577875
0.566262 0.761069
0.573574 0.493218
0.581548 0.710688
0.590159 0.469623
0.599378 0.396313
0.609177 0.625652
0.61953 0.962477
0.630409 0.760708
0.641788 0.822376
0.653639 0.783194
0.665939 0.783946
0.678662 0.968545
0.691785 1.32857
0.705286 0.88744
0.719143 1.38575
0.733337 1.01659
0.747849 0.920311
0.762659 1.20284
0.777751 1.05438
0.79311 0.968348
0.808719 1.08663
0.538467 0.482393
0.538874 0.515867
0.540094 0.424661
0.542121 0.414434
0.544945 0.554746
0.548556 0.578541
0.552936 0.422181
0.558069 0.538076
0.563933 0.586784
0.570506 0.55553
0.577765 0.658163
0.585682 0.476778
0.594233 0.5473
0.603389 0.753167
0.613125 0.939239
0.623412 0.573099
0.634225 0.798285
0.645536 0.588961
0.65732 0.502542
0.669552 0.698301
0.682207 0.91585
0.695263 0.89939
0.708698 0.782485
0.72249 0.917156
0.73662 1.32549
0.751068 0.814624
0.765816 1.40376
0.780847 1.06092
0.796146 1.3863
0.811696 1.36829
0.543737 0.446323
0.54414 0.607131
0.545348 0.5323
0.547355 0.628114
0.550153 0.420821
0.553729 0.514578
0.558069 0.631515
0.563155 0.487983
0.568967 0.422917
0.575482 0.505982
0.582679 0.538039
0.59053 0.544946
0.599012 0.760999
0.608096 0.694851
0.617758 0.743036
0.627969 0.743671
0.638705 0.636208
0.649938 0.733656
0.661643 0.836449
0.673797 1.18181
0.686374 0.842698
0.699352 0.762449
0.71271 0.797995
0.726426 0.854437
0.74048 1.16225
0.754854 0.835777
0.76953 0.699505
0.78449 0.930475
0.799719 0.961956
0.815201 0.895
0.549754 0.500669
0.550153 0.686476
0.551347 0.397966
0.553333 0.656599
0.5561 0.631708
0.559639 0.741856
0.563933 0.549835
0.568967 0.487305
0.57472 0.457423
0.581171 0.661729
0.588298 0.651933
0.596075 0.695768
0.604479 0.534236
0.613483 0.582456
0.623061 0.677667
0.633187 0.681016
0.643835 0.801836
0.65498 0.724788
0.666597 0.700629
0.678662 1.01468
0.69115 1.35973
0.704041 0.807798
0.717311 1.03499
0.730941 1.15764
0.74491 0.940473
0.7592 0.891027
0.773793 1.25482
0.788673 0.828967
0.803822 1.09336
0.819227 1.33908
0.556495 0.425354
0.556889 0.436483
0.558069 0.626077
0.56003 0.504389
0.562765 0.485616
0.566262 0.645887
0.570506 0.518846
0.575482 0.617291
0.581171 0.663504
0.587552 0.512267
0.594602 0.555823
0.602298 0.439922
0.610616 0.587177
0.61953 0.787792
0.629016 0.625114
0.639048 0.830429
0.6496 0.761423
0.660648 0.936382
0.672167 0.936844
0.684133 0.537331
0.696524 0.877081
0.709317 0.899808
0.72249 0.909102
0.736024 1.24963
0.749899 0.987303
0.764095 0.970528
0.778597 0.794939
0.793386 1.40665
0.808447 1.36817
0.823766 0.888071
0.563933 0.655668
0.564322 0.84746
0.565487 0.672427
0.567423 0.656558
0.570122 0.651603
0.573574 0.694038
0.577765 0.522768
0.582679 0.474976
0.588298 0.809398
0.594602 0.559656
0.601569 0.594852
0.609177 0.737538
0.617403 0.633893
0.626221 0.465466
0.635607 0.887101
0.645536 0.564613
0.655984 0.908879
0.666926 0.647146
0.678338 0.893044
0.690198 0.753678
0.702481 0.754422
0.715168 0.867929
0.728235 0.864033
0.741664 1.1087
0.755435 1.1938
0.76953 1.18401
0.783931 0.55779
0.798621 1.14213
0.813586 0.881527
0.828809 1.24044
0.572042 0.512509
0.572425 0.694779
0.573574 0.572038
0.575482 0.648144
0.578144 0.683836
0.581548 0.541284
0.585682 0.505407
0.59053 0.543793
0.596075 0.523963
0.602298 0.602861
0.609177 0.9163
0.616692 0.61329
0.624818 0.706692
0.633533 0.871738
0.642812 0.59551
0.652632 0.700373
0.662968 0.816322
0.673797 0.804038
0.685095 0.703455
0.696839 0.713479
0.709008 0.927577
0.721579 0.95067
0.734533 1.0546
0.747849 0.959911
0.761508 0.932252
0.775492 1.03252
0.789784 0.795665
0.804368 1.15287
0.819227 1.80239
0.834348 1.34785
0.580794 0.570925
0.581171 0.507018
0.582302 0.650464
0.584182 0.50162
0.586805 0.497087
0.590159 0.576752
0.594233 0.556325
0.599012 0.774403
0.604479 0.689927
0.610616 0.551659
0.617403 0.462127
0.624818 0.881213
0.63284 0.830491
0.641446 0.578357
0.650612 0.763657
0.660316 0.60861
0.670534 0.97516
0.681242 0.860724
0.692419 0.862151
0.704041 1.24731
0.716087 0.609309
0.728536 0.746005
0.741369 0.834981
0.754564 1.02491
0.768104 1.34282
0.78197 0.857203
0.796146 1.35771
0.810615 0.887234
0.825362 0.930596
0.840372 0.90738
0.590159 0.648501
0.59053 0.574479
0.591643 0.891383
0.593494 0.521483
0.596075 0.490067
0.599378 0.713076
0.603389 0.647138
0.608096 0.35221
0.613483 0.530053
0.61953 0.612331
0.626221 0.534884
0.633533 0.603038
0.641446 0.610108
0.649938 0.971192
0.658986 0.622334
0.668568 0.804872
0.678662 0.684461
0.689244 0.907741
0.700293 0.995898
0.711786 1.11415
0.723704 0.728791
0.736024 1.0988
0.748728 0.823702
0.761796 1.21135
0.775209 0.838994
0.788951 1.15545
0.803003 1.28681
0.817351 1.09347
0.831979 1.38974
0.846871 1.64872
0.600109 0.455104
0.600474 0.556951
0.601569 0.722315
0.603389 0.601079
0.605928 0.790048
0.609177 0.602291
0.613125 0.411835
0.617758 0.849414
0.623061 0.745019
0.629016 0.822331
0.635607 0.556915
0.642812 0.716369
0.650612 0.90816
0.658986 0.893409
0.667912 0.767907
0.677368 0.600642
0.687332 0.616725
0.697783 0.961913
0.708698 0.924103
0.720058 0.75646
0.731841 0.875092
0.744026 1.01627
0.756596 0.828648
0.76953 0.775907
0.782811 1.112
0.796421 1.50533
0.810344 1.1461
0.824564 1.17802
0.839066 1.32034
0.853835 1.05528
0.610616 0.542376
0.610975 0.539924
0.612051 0.582549
0.61384 0.62591
0.616336 0.754573
0.61953 0.773954
0.623412 0.62037
0.627969 0.845591
0.633187 0.630606
0.639048 1.10303
0.645536 0.771236
0.652632 0.971065
0.660316 0.624544
0.668568 0.557387
0.677368 0.736265
0.686693 0.783508
0.696524 0.793985
0.706839 0.943157
0.717617 0.968019
0.728837 1.12766
0.74048 1.03218
0.752526 0.9745
0.764956 0.586124
0.777751 1.33163
0.790894 1.36738
0.804368 1.23151
0.818156 1.1469
0.832242 0.923763
0.846612 1.35046
0.861252 1.08257
0.621651 0.430029
0.622004 0.659495
0.623061 0.784257
0.624818 0.69144
0.62727 0.741082
0.630409 0.79215
0.634225 0.689369
0.638705 0.748426
0.643835 0.856149
0.6496 0.663103
0.655984 0.608748
0.662968 0.737875
0.670534 0.993261
0.678662 0.829084
0.687332 1.19629
0.696524 0.942513
0.706218 0.873746
0.716393 1.10125
0.72703 0.948632
0.738107 0.933371
0.749606 1.27691
0.761508 1.54653
0.773793 1.30197
0.786445 1.34469
0.799445 1.5116
0.812776 1.21324
0.826424 0.848992
0.840372 1.25685
0.854606 1.42967
0.869111 1.27433
0.633187 0.604127
0.633533 0.870731
0.634571 0.638892
0.636296 0.848154
0.638705 0.882981
0.641788 0.590272
0.645536 0.590296
0.649938 0.737801
0.65498 0.582142
0.660648 0.5177
0.666926 0.863492
0.673797 0.99021
0.681242 1.00827
0.689244 0.933308
0.697783 0.895153
0.706839 0.923171
0.716393 0.930917
0.726426 0.864101
0.736918 0.802372
0.747849 0.650811
0.7592 1.17635
0.770954 0.806749
0.783091 1.0279
0.795595 0.86537
0.808447 0.825807
0.821633 1.06748
0.835136 1.30196
0.848941 1.76737
0.863033 1.01934
0.877399 0.956862
0.645196 0.510414
0.645536 0.635749
0.646554 0.838478
0.648248 0.807506
0.650612 0.757957
0.653639 0.856889
0.65732 0.762038
0.661643 0.955295
0.666597 0.808317
0.672167 0.691478
0.678338 0.858936
0.685095 0.580172
0.692419 0.963165
0.700293 0.948793
0.708698 0.874415
0.717617 0.964653
0.72703 0.610212
0.736918 1.238
0.747262 0.824417
0.758044 0.992625
0.769245 1.15819
0.780847 1.28296
0.792833 0.966194
0.805185 0.941195
0.817887 0.841693
0.830923 0.897096
0.844278 1.31677
0.857935 1.04483
0.871882 1.10896
0.886105 1.02688
0.657653 0.695373
0.657987 0.813467
0.658986 0.5934
0.660648 0.590388
0.662968 0.839886
0.665939 0.895757
0.669552 0.961151
0.673797 0.650854
0.678662 0.96435
0.684133 0.673078
0.690198 0.479318
0.696839 1.16032
0.704041 0.786162
0.711786 0.710512
0.720058 1.24864
0.728837 0.929094
0.738107 1.14776
0.747849 1.18892
0.758044 1.01572
0.768674 0.970635
0.779723 1.26171
0.791171 1.1037
0.803003 1.1177
0.815201 0.863752
0.82775 1.28289
0.840633 1.25669
0.853835 1.39539
0.867343 1.0114
0.881141 1.2121
0.895216 1.0664
0.670534 0.814176
0.670861 0.660007
0.671841 1.29854
0.673471 0.597501
0.675747 0.711541
0.678662 0.819366
0.682207 0.721252
0.686374 1.0089
0.69115 0.836796
0.696524 1.01383
0.702481 1.03522
0.709008 0.938243
0.716087 0.760285
0.723704 0.938618
0.731841 0.870309
0.74048 0.705822
0.749606 0.788478
0.7592 1.01453
0.769245 1.73301
0.779723 1.06335
0.790617 0.962255
0.80191 1.11276
0.813586 1.42612
0.825627 1.18449
0.83802 1.21096
0.850747 1.59237
0.863795 1.33338
0.877149 1.24324
0.890795 1.25518
0.904721 1.23748
0.683813 0.875504
0.684133 0.722615
0.685095 0.771203
0.686693 0.818898
0.688925 0.760053
0.691785 0.757992
0.695263 0.821651
0.699352 1.14287
0.704041 0.926676
0.709317 0.935071
0.715168 1.30763
0.721579 1.16262
0.728536 0.736002
0.736024 0.760993
0.744026 1.34855
0.752526 1.26087
0.761508 1.04496
0.770954 1.22141
0.780847 0.933245
0.791171 1.13047
0.80191 1.22944
0.813046 1.04015
0.824564 1.19375
0.836448 0.880235
0.848682 1.22414
0.861252 1.10502
0.874143 1.36477
0.887342 1.16734
0.900833 1.48334
0.914606 1.17461
0.697468 0.923929
0.697783 0.847968
0.698725 0.662731
0.700293 0.717102
0.702481 1.00635
0.705286 0.710863
0.708698 1.10634
0.71271 0.928391
0.717311 0.874378
0.72249 0.728401
0.728235 0.988161
0.734533 0.819306
0.741369 0.952849
0.748728 0.987981
0.756596 1.04484
0.764956 0.83025
0.773793 0.9674
0.783091 0.756607
0.792833 1.05691
0.803003 1.18442
0.813586 1.22503
0.824564 0.906022
0.835923 0.854539
0.847648 1.51382
0.859723 1.12521
0.872134 1.46851
0.884866 1.01081
0.897907 1.12488
0.911242 1.22921
0.92486 0.979447
0.711478 0.920835
0.711786 1.13325
0.71271 1.02872
0.714247 0.883395
0.716393 1.03429
0.719143 0.916664
0.72249 0.855883
0.726426 0.959021
0.730941 0.705023
0.736024 1.10971
0.741664 0.723919
0.747849 1.00261
0.754564 0.879807
0.761796 1.15375
0.76953 1.00759
0.777751 0.993762
0.786445 0.828505
0.795595 0.938133
0.805185 0.897105
0.815201 1.36837
0.825627 1.84364
0.836448 0.999936
0.847648 1.29643
0.859213 1.37378
0.871127 1.31892
0.883378 1.29097
0.895951 0.997418
0.908832 1.17853
0.92201 1.05732
0.93547 1.1602
0.725822 1.04731
0.726124 0.777164
0.72703 1.01037
0.728536 1.15657
0.730641 0.901645
0.733337 0.798255
0.73662 1.02363
0.74048 0.774821
0.74491 1.06104
0.749899 0.926576
0.755435 0.859701
0.761508 1.55945
0.768104 1.21399
0.775209 1.47597
0.782811 1.1691
0.790894 1.12443
0.799445 0.956564
0.808447 1.0505
0.817887 1.34228
0.82775 1.35556
0.83802 1.24839
0.848682 1.44046
0.859723 1.27293
0.871127 0.943205
0.882881 1.18017
0.894971 1.39083
0.907383 1.36336
0.920105 1.27164
0.933123 1.25969
0.946426 1.09477
0.74048 0.910137
0.740777 0.857719
0.741664 0.918488
0.743141 1.26135
0.745204 1.04543
0.747849 0.995691
0.751068 0.664132
0.754854 0.894811
0.7592 1.07373
0.764095 0.976079
0.76953 0.912563
0.775492 1.07368
0.78197 0.981625
0.788951 0.717596
0.796421 1.14935
0.804368 1.38382
0.812776 1.29228
0.821633 1.13198
0.830923 1.26779
0.840633 1.37853
0.850747 1.0382
0.861252 1.2628
0.872134 1.01717
0.883378 1.23214
0.894971 1.50559
0.9069 1.40982
0.919151 1.59852
0.931712 1.427
0.94457 1.07867
0.957714 0.950477
0.755435 0.966682
0.755726 0.763118
0.756596 0.665391
0.758044 1.12186
0.760066 0.975982
0.762659 0.725145
0.765816 0.885607
0.76953 0.943255
0.773793 1.07654
0.778597 0.849423
0.783931 1.35915
0.789784 0.775349
0.796146 1.571
0.803003 1.32067
0.810344 0.905186
0.818156 0.749754
0.826424 1.44991
0.835136 0.98164
0.844278 1.31155
0.853835 1.15939
0.863795 1.05321
0.874143 1.16837
0.884866 1.15516
0.895951 1.55024
0.907383 1.1091
0.919151 1.46903
0.931241 0.897443
0.943641 1.55436
0.956339 1.25156
0.969323 0.849603
0.770669 1.08549
0.770954 0.95472
0.771807 1.17429
0.773226 1.18647
0.775209 1.11442
0.777751 0.997138
0.780847 1.05829
0.78449 1.04842
0.788673 1.09153
0.793386 1.15982
0.798621 0.947417
0.804368 0.962127
0.810615 1.02456
0.817351 1.31238
0.824564 0.880552
0.832242 1.01181
0.840372 1.16844
0.848941 1.9017
0.857935 1.15591
0.867343 1.37111
0.877149 1.44413
0.887342 0.828292
0.897907 1.25014
0.908832 1.22069
0.920105 1.60829
0.931712 1.34078
0.943641 1.08602
0.95588 1.24614
0.968417 0.788349
0.981241 1.0707
0.786166 1.31454
0.786445 1.32686
0.787281 1.32742
0.788673 1.10538
0.790617 0.96166
0.79311 0.869278
0.796146 1.33003
0.799719 1.13319
0.803822 0.985362
0.808447 1.27208
0.813586 1.0546
0.819227 1.00477
0.825362 1.28797
0.831979 0.94445
0.839066 1.02152
0.846612 1.24897
0.854606 1.12289
0.863033 1.26041
0.871882 1.3953
0.881141 1.08365
0.890795 1.37112
0.900833 1.46832
0.911242 1.33721
0.92201 1.33625
0.933123 1.48817
0.94457 1.16567
0.956339 1.67904
0.968417 1.09664
0.980794 1.21205
0.993459 1.22225
0.80191 1.00695
0.802183 1.3079
0.803003 1.45439
0.804368 0.826635
0.806274 0.996362
0.808719 1.30737
0.811696 1.14038
0.815201 1.21499
0.819227 1.30409
0.823766 1.25047
0.828809 0.958544
0.834348 0.952642
0.840372 1.04148
0.846871 1.15937
0.853835 1.18468
0.861252 1.18628
0.869111 1.35427
0.877399 1.04248
0.886105 1.12546
0.895216 1.14111
0.904721 1.27876
0.914606 1.49366
0.92486 1.06762
0.93547 1.14314
0.946426 1.66459
0.957714 1.09213
0.969323 0.918049
0.981241 0.799642
0.993459 1.02546
1.00596 0.885512
0.544543 0.543011
0.544945 0.427392
0.546151 0.520749
0.548156 0.667097
0.550949 0.469893
0.554521 0.502294
0.558854 0.805537
0.563933 0.498538
0.569737 0.35378
0.576244 0.401678
0.583431 0.752955
0.591273 0.457571
0.599743 0.680582
0.608817 0.634443
0.618467 1.00307
0.628667 0.73737
0.639391 0.599364
0.650612 0.899129
0.662306 0.73156
0.674447 0.933212
0.687013 0.687267
0.699979 0.619003
0.713325 0.728378
0.72703 1.00725
0.741073 1.46836
0.755435 0.677764
0.7701 1.21467
0.785049 1.21262
0.800267 1.45562
0.815739 1.22701
0.544945 0.606619
0.545348 0.514617
0.546553 0.602074
0.548556 0.526917
0.551347 0.785902
0.554916 0.585924
0.559247 0.660869
0.564322 0.587538
0.570122 0.565258
0.576625 0.673374
0.583807 0.701904
0.591643 0.632023
0.600109 0.606971
0.609177 0.703036
0.618822 0.793374
0.629016 0.859197
0.639734 0.825455
0.650949 0.819077
0.662637 0.930277
0.674772 0.755456
0.687332 0.740346
0.700293 0.852712
0.713633 0.67541
0.727331 1.13979
0.741369 1.01086
0.755726 1.09382
0.770384 1.17697
0.785328 1.03129
0.800541 1.3552
0.816008 1.22567
0.546151 0.467882
0.546553 0.513367
0.547755 0.523898
0.549754 0.670308
0.552539 0.442721
0.5561 0.545104
0.560422 0.681218
0.565487 0.504239
0.571275 0.429546
0.577765 0.638568
0.584933 0.712687
0.592755 0.890228
0.601204 0.684163
0.610257 0.66897
0.619884 0.608735
0.630061 0.682988
0.640762 0.635374
0.651959 0.806324
0.663629 0.753866
0.675747 1.00303
0.688288 1.05803
0.701232 1.1036
0.714554 0.817151
0.728235 0.800296
0.742256 0.690238
0.756596 1.39839
0.771238 1.22362
0.786166 0.987064
0.801363 1.19098
0.816814 1.25063
0.548156 0.906589
0.548556 0.627833
0.549754 0.426349
0.551745 0.509051
0.554521 0.593632
0.558069 0.609049
0.562375 0.551802
0.567423 0.77069
0.573191 0.593522
0.57966 0.557653
0.586805 0.51664
0.594602 0.469559
0.603026 0.904719
0.612051 0.88159
0.621651 0.600901
0.6318 0.716777
0.642471 0.762627
0.653639 0.755802
0.66528 0.754099
0.677368 0.645977
0.68988 0.826183
0.702794 0.967478
0.716087 0.894188
0.72974 0.927312
0.743731 0.874687
0.758044 0.802468
0.772659 0.802965
0.787559 0.835821
0.80273 1.5738
0.818156 1.2656
0.550949 0.522273
0.551347 0.6516
0.552539 0.493247
0.554521 0.605299
0.557282 0.4444
0.560813 0.518683
0.565099 0.764135
0.570122 0.685206
0.575863 0.581977
0.582302 0.683385
0.589415 0.629697
0.597178 0.652462
0.605566 0.874614
0.614554 0.73804
0.624116 0.705548
0.634225 0.902785
0.644856 0.744241
0.655984 0.796573
0.667583 0.793796
0.67963 1.03105
0.692102 0.639447
0.704975 0.854597
0.718228 1.08686
0.731841 0.990598
0.745793 0.922449
0.760066 1.04841
0.774643 1.10108
0.789506 1.3997
0.80464 1.15485
0.82003 1.11367
0.554521 0.576257
0.554916 0.775333
0.5561 0.583671
0.558069 0.675694
0.560813 0.670426
0.564322 0.524578
0.568581 0.535207
0.573574 0.523522
0.579281 0.643838
0.585682 0.706487
0.592755 0.685862
0.600474 0.687372
0.608817 0.755671
0.617758 0.69862
0.62727 0.677558
0.63733 1.07659
0.64791 0.727295
0.658986 0.980373
0.670534 0.722353
0.682529 0.9143
0.694948 0.747616
0.707769 0.888719
0.720971 1.02049
0.734533 0.712332
0.748435 0.734961
0.762659 0.988236
0.777187 1.19246
0.792003 1.23899
0.80709 1.1952
0.822434 1.24542
0.558854 0.536828
0.559247 0.662838
0.560422 0.553758
0.562375 0.524286
0.565099 0.737901
0.568581 0.467367
0.572808 0.733845
0.577765 0.641984
0.583431 0.696536
0.589787 0.647376
0.596811 0.649339
0.604479 0.410311
0.612767 0.5992
0.621651 0.915873
0.631105 0.943262
0.641104 0.448494
0.651623 0.63047
0.662637 0.888251
0.674122 0.672974
0.686054 0.744044
0.698411 0.878898
0.71117 0.932764
0.72431 1.47749
0.73781 0.847818
0.751652 0.931822
0.765816 1.02545
0.780285 1.00356
0.795043 1.23472
0.810073 1.04441
0.825362 1.29145
0.563933 0.778274
0.564322 0.484928
0.565487 0.622383
0.567423 0.658151
0.570122 0.691128
0.573574 0.623886
0.577765 0.823125
0.582679 0.744084
0.588298 0.49975
0.594602 0.564966
0.601569 0.701528
0.609177 0.851048
0.617403 0.680376
0.626221 0.475744
0.635607 0.792476
0.645536 0.879229
0.655984 0.854883
0.666926 0.868439
0.678338 0.934006
0.690198 0.782542
0.702481 0.780209
0.715168 0.981039
0.728235 1.11562
0.741664 0.999855
0.755435 1.17905
0.76953 1.14429
0.783931 1.34431
0.798621 1.1184
0.813586 1.33213
0.828809 1.74194
0.569737 0.633859
0.570122 0.712093
0.571275 0.459252
0.573191 0.5015
0.575863 0.599527
0.579281 0.725259
0.583431 0.634279
0.588298 0.467832
0.593864 0.803961
0.600109 0.695429
0.607013 0.723498
0.614554 0.54093
0.622708 0.587775
0.631452 0.522633
0.640762 0.74507
0.650612 0.867981
0.66098 0.772766
0.671841 0.84137
0.683171 0.782418
0.694948 0.912916
0.707149 0.919659
0.719753 1.24193
0.732739 0.750733
0.746087 0.72407
0.759778 0.655334
0.773793 1.01681
0.788116 1.17279
0.80273 1.23609
0.817619 0.706824
0.832769 1.12557
0.576244 0.718016
0.576625 0.542183
0.577765 0.685824
0.57966 0.664139
0.582302 0.346709
0.585682 0.765631
0.589787 0.702749
0.594602 0.621463
0.600109 0.841908
0.60629 0.602259
0.613125 0.692252
0.620592 0.58558
0.628667 0.650274
0.63733 0.923664
0.646554 0.670842
0.656318 0.791999
0.666597 0.65199
0.677368 0.886567
0.688607 1.01094
0.700293 1.10136
0.712402 0.89998
0.724915 1.1085
0.73781 0.962753
0.751068 1.27237
0.764669 1.00823
0.778597 1.17154
0.792833 0.924414
0.807361 0.78625
0.822167 1.36485
0.837234 0.903742
0.583431 0.602698
0.583807 0.559376
0.584933 0.600927
0.586805 0.714999
0.589415 0.635156
0.592755 0.437379
0.596811 0.698233
0.601569 0.759322
0.607013 0.650282
0.613125 0.491269
0.619884 0.547849
0.62727 1.10171
0.635261 0.808497
0.643835 0.547415
0.652968 0.673952
0.662637 0.528786
0.672819 0.686746
0.683492 1.08261
0.694632 0.781132
0.706218 1.04761
0.718228 0.749942
0.730641 0.950625
0.743437 1.21088
0.756596 1.03938
0.7701 1.09302
0.783931 1.41211
0.798072 1.12018
0.812507 0.950442
0.82722 0.976958
0.842197 1.60078
0.591273 0.595778
0.591643 1.00826
0.592755 0.549566
0.594602 0.742478
0.597178 0.606055
0.600474 0.666067
0.604479 0.482871
0.609177 0.678505
0.614554 0.509483
0.620592 0.879861
0.62727 0.710303
0.634571 0.944148
0.642471 0.696679
0.650949 1.01361
0.659984 0.630852
0.669552 0.764401
0.67963 0.58564
0.690198 0.751174
0.701232 0.932956
0.71271 0.937541
0.724612 0.908652
0.736918 0.9997
0.749606 0.892048
0.762659 0.870308
0.776057 1.44654
0.789784 0.896176
0.803822 1.30305
0.818156 1.11178
0.832769 1.31963
0.847648 1.07489
0.599743 0.50035
0.600109 0.953927
0.601204 0.560181
0.603026 0.486632
0.605566 0.657468
0.608817 0.446304
0.612767 0.731806
0.617403 0.482334
0.622708 0.731682
0.628667 0.529754
0.635261 0.691198
0.642471 0.418022
0.650275 0.625103
0.658653 0.730579
0.667583 0.892666
0.677044 0.83622
0.687013 0.832537
0.697468 1.09436
0.708389 1.03705
0.719753 0.821889
0.731541 0.941779
0.743731 0.975972
0.756306 1.0325
0.769245 0.836752
0.782531 0.985203
0.796146 0.887467
0.810073 1.13415
0.824298 1.21565
0.838805 1.27044
0.853578 1.36705
0.608817 0.629222
0.609177 0.660973
0.610257 0.471963
0.612051 0.64139
0.614554 0.732761
0.617758 0.600407
0.621651 0.569538
0.626221 0.746166
0.631452 0.591069
0.63733 0.663029
0.643835 0.840627
0.650949 0.574258
0.658653 0.877765
0.666926 0.768267
0.675747 0.768329
0.685095 1.02025
0.694948 0.59622
0.705286 0.778733
0.716087 0.851294
0.727331 0.857718
0.738998 1.0688
0.751068 0.732607
0.763521 1.27174
0.77634 1.28046
0.789506 0.724046
0.803003 1.09201
0.816814 1.03819
0.830923 1.29089
0.845316 1.26871
0.859978 1.21946
0.618467 0.50161
0.618822 0.769002
0.619884 0.646979
0.621651 0.95525
0.624116 0.720636
0.62727 0.559685
0.631105 0.504925
0.635607 0.953721
0.640762 0.978089
0.646554 0.455359
0.652968 0.849617
0.659984 0.630352
0.667583 0.938951
0.675747 0.960695
0.684454 0.92622
0.693684 0.697534
0.703417 0.74938
0.713633 0.905324
0.72431 0.934981
0.735428 0.820058
0.746968 0.942398
0.758911 0.827482
0.771238 0.684117
0.783931 0.995816
0.796972 0.897444
0.810344 1.66475
0.824032 1.35325
0.83802 1.04912
0.852293 1.22826
0.866837 1.47157
0.628667 0.855432
0.629016 0.547326
0.630061 0.540971
0.6318 0.864784
0.634225 0.485061
0.63733 0.843157
0.641104 0.650626
0.645536 0.829895
0.650612 0.766582
0.656318 1.12725
0.662637 0.700298
0.669552 0.642906
0.677044 0.775687
0.685095 0.723076
0.693684 0.835946
0.702794 0.814071
0.712402 0.927204
0.72249 0.899168
0.733038 0.759646
0.744026 0.932684
0.755435 1.16833
0.767246 1.06574
0.779441 1.32198
0.792003 1.19036
0.804913 1.07321
0.818156 1.09192
0.831715 1.0611
0.845576 1.26057
0.859723 0.986164
0.874143 1.28165
0.639391 0.591876
0.639734 0.716346
0.640762 0.721381
0.642471 0.582345
0.644856 0.74525
0.64791 0.623089
0.651623 0.493789
0.655984 0.548616
0.66098 0.628861
0.666597 0.901214
0.672819 0.696478
0.67963 0.578422
0.687013 0.782243
0.694948 0.948194
0.703417 0.774479
0.712402 0.915717
0.721883 0.770343
0.731841 1.07998
0.742256 1.12963
0.753109 1.23479
0.764382 1.06549
0.776057 1.28578
0.788116 1.06765
0.800541 1.22435
0.813316 1.20817
0.826424 1.28627
0.83985 1.27146
0.853578 1.53051
0.867595 1.02481
0.881887 1.24872
0.650612 0.850083
0.650949 0.697873
0.651959 0.427049
0.653639 0.750003
0.655984 0.682921
0.658986 0.779301
0.662637 0.884998
0.666926 0.75185
0.671841 0.923274
0.677368 0.908861
0.683492 0.888102
0.690198 0.809693
0.697468 0.851766
0.705286 1.05527
0.713633 1.01003
0.72249 0.717559
0.731841 1.11141
0.741664 0.911487
0.751943 1.119
0.762659 1.04587
0.773793 0.963256
0.785328 1.02585
0.797247 1.14406
0.809532 1.10779
0.822167 0.715676
0.835136 1.29504
0.848424 1.4869
0.862016 0.94089
0.875898 1.2584
0.890056 1.53592
0.662306 0.613921
0.662637 1.00322
0.663629 0.79663
0.66528 0.7279
0.667583 0.873241
0.670534 0.768612
0.674122 0.933348
0.678338 0.820444
0.683171 1.01402
0.688607 0.690691
0.694632 0.805886
0.701232 1.17386
0.708389 1.14624
0.716087 1.0939
0.72431 0.973956
0.733038 1.15799
0.742256 1.03204
0.751943 0.526326
0.762084 1.01846
0.772659 0.934816
0.783651 1.34314
0.795043 1.17335
0.806818 1.04966
0.818959 1.07264
0.831451 1.02372
0.844278 0.852339
0.857424 1.43389
0.870876 1.2515
0.884619 1.56769
0.89864 0.975231
0.674447 0.807185
0.674772 0.91016
0.675747 1.05556
0.677368 1.02287
0.67963 0.667148
0.682529 0.904718
0.686054 0.899967
0.690198 0.986556
0.694948 0.791372
0.700293 0.709699
0.706218 0.916745
0.71271 0.897361
0.719753 1.0716
0.727331 0.817709
0.735428 0.835756
0.744026 1.36821
0.753109 1.17817
0.762659 1.11664
0.772659 1.14234
0.783091 1.29363
0.793939 0.957993
0.805185 1.23162
0.816814 0.8125
0.828809 1.63657
0.841155 1.1759
0.853835 1.81992
0.866837 1.15889
0.880144 0.862046
0.893745 1.58475
0.907625 1.26731
0.687013 0.819242
0.687332 1.03333
0.688288 0.697817
0.68988 0.896399
0.692102 0.793161
0.694948 0.982604
0.698411 0.722043
0.702481 0.525257
0.707149 0.727865
0.712402 0.752777
0.718228 0.927318
0.724612 0.977744
0.731541 1.04085
0.738998 0.822921
0.746968 1.11089
0.755435 0.987998
0.764382 1.20151
0.773793 0.743046
0.783651 1.5354
0.793939 1.10856
0.80464 1.37091
0.815739 1.16666
0.82722 1.29478
0.839066 1.29363
0.851263 1.20097
0.863795 1.30061
0.876649 1.43833
0.88981 1.3219
0.903265 0.867464
0.917001 0.995705
0.699979 0.715117
0.700293 0.833567
0.701232 0.840069
0.702794 0.832243
0.704975 1.03312
0.707769 1.00614
0.71117 1.22798
0.715168 0.935122
0.719753 1.06392
0.724915 1.2485
0.730641 1.25176
0.736918 1.35571
0.743731 1.02476
0.751068 0.773378
0.758911 0.913792
0.767246 1.14165
0.776057 0.8856
0.785328 1.0013
0.795043 1.3305
0.805185 0.951539
0.815739 1.11779
0.826689 1.33039
0.83802 0.917237
0.849715 0.8623
0.861762 0.773103
0.874143 1.14391
0.886847 1.11146
0.899859 1.50772
0.913166 1.56329
0.926755 1.38961
0.713325 0.784577
0.713633 0.684356
0.714554 0.715874
0.716087 1.14557
0.718228 0.869843
0.720971 0.800318
0.72431 0.789603
0.728235 0.724457
0.732739 0.908379
0.73781 1.0955
0.743437 0.825837
0.749606 0.85972
0.756306 0.967341
0.763521 0.753021
0.771238 1.06079
0.779441 0.682603
0.788116 1.0051
0.797247 1.65743
0.806818 1.17494
0.816814 1.4996
0.82722 1.12689
0.83802 1.11306
0.849199 1.23815
0.860743 1.25826
0.872637 1.39222
0.884866 1.39542
0.897418 1.16826
0.910279 1.12641
0.923436 1.05161
0.936876 1.39725
0.72703 0.903539
0.727331 1.0126
0.728235 1.12402
0.72974 1.10235
0.731841 1.04392
0.734533 0.95204
0.73781 0.944197
0.741664 0.79685
0.746087 0.959884
0.751068 0.825911
0.756596 0.880745
0.762659 1.22665
0.769245 0.814146
0.77634 1.13891
0.783931 0.904722
0.792003 0.926386
0.800541 1.22048
0.809532 0.997069
0.818959 1.1029
0.828809 1.07102
0.839066 1.22425
0.849715 1.46599
0.860743 1.19737
0.872134 1.20662
0.883874 1.31986
0.895951 1.54675
0.90835 1.15849
0.921058 1.31728
0.934063 1.13978
0.947352 1.62051
0.741073 0.943432
0.741369 1.14174
0.742256 1.08999
0.743731 0.858916
0.745793 0.873182
0.748435 0.901461
0.751652 1.06904
0.755435 0.992921
0.759778 0.970482
0.764669 1.04987
0.7701 1.13674
0.776057 1.28625
0.782531 1.13495
0.789506 0.963326
0.796972 1.22052
0.804913 0.935667
0.813316 0.898365
0.822167 1.03061
0.831451 1.23738
0.841155 0.972156
0.851263 1.11926
0.861762 1.36198
0.872637 1.59237
0.883874 1.19512
0.895461 0.975623
0.907383 1.2136
0.919628 0.933146
0.932182 1.18367
0.945034 0.918051
0.958171 1.23051
0.755435 1.15917
0.755726 0.750316
0.756596 0.86093
0.758044 0.906495
0.760066 0.863484
0.762659 1.19633
0.765816 0.983347
0.76953 1.19015
0.773793 1.25426
0.778597 1.00571
0.783931 0.767279
0.789784 1.32022
0.796146 0.92506
0.803003 1.32532
0.810344 1.15754
0.818156 1.57798
0.826424 1.23028
0.835136 0.995177
0.844278 1.35604
0.853835 1.05234
0.863795 1.53405
0.874143 1.35969
0.884866 1.53631
0.895951 1.55539
0.907383 1.36397
0.919151 0.990407
0.931241 0.788291
0.943641 1.49423
0.956339 1.51362
0.969323 1.36429
0.7701 1.26777
0.770384 1.21118
0.771238 1.18772
0.772659 1.29103
0.774643 0.857107
0.777187 1.02751
0.780285 1.17582
0.783931 1.27591
0.788116 1.11771
0.792833 1.0269
0.798072 0.950916
0.803822 0.914145
0.810073 1.14061
0.816814 1.69098
0.824032 1.2156
0.831715 1.28758
0.83985 1.20148
0.848424 0.979799
0.857424 1.32005
0.866837 0.853381
0.876649 1.43136
0.886847 1.29881
0.897418 1.16237
0.90835 1.32967
0.919628 1.24345
0.931241 1.63882
0.943176 1.30617
0.955421 1.21636
0.967964 1.83642
0.980794 1.16253
0.785049 1.4059
0.785328 0.918363
0.786166 1.03065
0.787559 0.898557
0.789506 1.13314
0.792003 1.30199
0.795043 1.02182
0.798621 0.678631
0.80273 1.01593
0.807361 1.00912
0.812507 1.18295
0.818156 1.18188
0.824298 1.22905
0.830923 1.20487
0.83802 1.39554
0.845576 1.0709
0.853578 1.21594
0.862016 1.23642
0.870876 1.40068
0.880144 1.10828
0.88981 1.2199
0.899859 1.41539
0.910279 1.15363
0.921058 1.42422
0.932182 1.29402
0.943641 1.30696
0.955421 1.18571
0.967511 1.35839
0.979899 1.09458
0.992575 0.953941
0.800267 1.45443
0.800541 1.02772
0.801363 1.39116
0.80273 0.963047
0.80464 1.18152
0.80709 1.13166
0.810073 1.08959
0.813586 1.24059
0.817619 1.50596
0.822167 1.4943
0.82722 1.21426
0.832769 0.887674
0.838805 1.19543
0.845316 0.927651
0.852293 1.22217
0.859723 1.06079
0.867595 1.43957
0.875898 1.08736
0.884619 0.765851
0.893745 1.18811
0.903265 1.37018
0.913166 1.05411
0.923436 1.41516
0.934063 1.50638
0.945034 1.05676
0.956339 1.15748
0.967964 1.37316
0.979899 1.53282
0.992133 0.97013
1.00465 0.876452
0.815739 0.819797
0.816008 0.907374
0.816814 1.1185
0.818156 1.03472
0.82003 1.14309
0.822434 1.06652
0.825362 1.51498
0.828809 0.965356
0.832769 1.1892
0.837234 1.09934
0.842197 1.1536
0.847648 1.38992
0.853578 1.40828
0.859978 1.13139
0.866837 1.33126
0.874143 1.38688
0.881887 1.19611
0.890056 1.39765
0.89864 1.76109
0.907625 1.26499
0.917001 1.31414
0.926755 1.49347
0.936876 1.48471
0.947352 1.16441
0.958171 1.23528
0.969323 1.35361
0.980794 1.2088
0.992575 0.877319
1.00465 0.858174
1.01702 1.0991
0.565487 0.462115
0.565874 0.468053
0.567036 0.691954
0.568967 0.659263
0.571659 0.66266
0.575101 0.577332
0.579281 0.862764
0.584182 0.476577
0.589787 0.574781
0.596075 0.603321
0.603026 0.750326
0.610616 0.720647
0.618822 0.870509
0.62762 0.770912
0.636985 0.727417
0.646894 0.636938
0.65732 0.842528
0.66824 0.867011
0.67963 0.760028
0.691468 1.16977
0.703729 0.860485
0.716393 1.08217
0.729439 0.811515
0.742846 0.689064
0.756596 0.81455
0.770669 0.87032
0.785049 0.804736
0.799719 1.1018
0.814663 1.0783
0.829867 1.20251
0.565874 0.517296
0.566262 0.668981
0.567423 0.683768
0.569352 0.812669
0.572042 0.740436
0.575482 0.597602
0.57966 0.449435
0.584558 0.578442
0.590159 0.501966
0.596443 0.47795
0.603389 0.642467
0.610975 0.635373
0.619176 0.688627
0.627969 1.0548
0.63733 0.892355
0.647232 0.634672
0.657653 0.593417
0.668568 0.481529
0.679953 1.39467
0.691785 0.91846
0.704041 0.702771
0.716699 0.94129
0.72974 0.777099
0.743141 1.61955
0.756886 1.07476
0.770954 0.894798
0.785328 1.03918
0.799993 0.429168
0.814932 0.905241
0.830131 1.33878
0.567036 0.486594
0.567423 0.454922
0.568581 0.720511
0.570506 0.760192
0.573191 0.557749
0.576625 1.03587
0.580794 0.622827
0.585682 0.761454
0.591273 0.649059
0.597545 0.692543
0.604479 0.570621
0.612051 0.694698
0.620238 0.843435
0.629016 0.597703
0.638361 0.610925
0.648248 0.456718
0.658653 0.904278
0.669552 1.1478
0.68092 0.506227
0.692735 0.74749
0.704975 0.716061
0.717617 1.03059
0.730641 0.781838
0.744026 1.04617
0.757754 1.30149
0.771807 0.968069
0.786166 0.968582
0.800815 1.03357
0.815739 1.19728
0.830923 1.3165
0.568967 0.704682
0.569352 0.548055
0.570506 0.524885
0.572425 0.571192
0.575101 0.829951
0.578523 0.521752
0.582679 0.48529
0.587552 0.770444
0.593124 0.395945
0.599378 0.721655
0.60629 0.893901
0.61384 0.71215
0.622004 0.460589
0.630757 0.6811
0.640077 0.658266
0.649938 0.997846
0.660316 0.637529
0.671187 0.867484
0.682529 0.875313
0.694316 0.894496
0.706529 0.878079
0.719143 1.11372
0.73214 0.800308
0.745499 0.759959
0.7592 1.11953
0.773226 1.17184
0.787559 1.30476
0.802183 1.15851
0.817083 1.11
0.832242 1.14481
0.571659 0.597253
0.572042 0.713984
0.573191 0.455075
0.575101 0.657225
0.577765 0.477643
0.581171 0.422362
0.585308 0.869825
0.590159 0.93931
0.595707 0.606945
0.601934 0.620159
0.608817 0.706372
0.616336 0.47127
0.624467 0.712519
0.633187 0.736403
0.642471 0.587448
0.652296 0.759538
0.662637 0.925789
0.673471 0.817863
0.684774 0.906013
0.696524 0.73719
0.708698 0.802121
0.721275 1.06387
0.734234 1.06156
0.747555 0.869715
0.76122 1.37517
0.775209 1.31857
0.789506 1.01818
0.804095 1.02182
0.818959 0.935453
0.834085 1.17761
0.575101 0.767197
0.575482 0.60101
0.576625 0.632046
0.578523 0.927172
0.581171 0.586217
0.584558 0.844423
0.58867 0.878104
0.593494 0.655015
0.599012 0.606582
0.605204 0.540881
0.612051 0.544606
0.61953 0.56033
0.62762 0.76821
0.636296 0.687407
0.645536 0.69161
0.655315 0.834662
0.665609 0.848261
0.676396 0.937475
0.687651 0.816805
0.699352 0.631762
0.711478 1.07782
0.724007 1.00874
0.736918 0.663566
0.750191 0.939317
0.763808 0.804613
0.777751 1.39189
0.792003 1.17655
0.806546 1.13082
0.821366 1.28656
0.836448 1.23933
0.579281 0.454692
0.57966 0.510905
0.580794 0.438556
0.582679 0.566151
0.585308 0.632812
0.58867 0.422749
0.592755 0.745579
0.597545 0.661425
0.603026 0.613757
0.609177 0.616355
0.61598 0.78042
0.623412 0.53969
0.631452 0.347811
0.640077 0.701165
0.649262 1.03149
0.658986 0.831462
0.669224 0.902512
0.679953 0.65298
0.69115 0.868522
0.702794 1.02047
0.714861 1.08329
0.727331 0.763443
0.740184 0.945262
0.7534 0.969687
0.766961 1.14288
0.780847 1.48406
0.795043 0.699739
0.809532 0.832969
0.824298 1.28746
0.839327 0.897143
0.584182 0.650599
0.584558 0.442425
0.585682 0.540602
0.587552 0.870782
0.590159 0.869813
0.593494 0.650923
0.597545 0.69523
0.602298 0.656448
0.607736 0.528256
0.61384 0.910504
0.620592 0.72405
0.627969 0.608997
0.635952 0.765313
0.644516 0.583042
0.653639 0.620545
0.663299 0.613569
0.673471 0.748781
0.684133 0.621854
0.695263 1.05531
0.706839 0.556266
0.718838 0.781956
0.731241 0.895515
0.744026 1.20763
0.757175 1.27152
0.770669 1.31687
0.78449 1.16952
0.798621 1.21028
0.813046 1.15291
0.82775 0.976504
0.842718 0.974627
0.589787 0.602534
0.590159 0.544297
0.591273 0.686105
0.593124 0.707917
0.595707 0.825001
0.599012 1.01958
0.603026 0.482579
0.607736 0.910451
0.613125 0.585898
0.619176 0.626948
0.62587 0.644318
0.633187 0.592067
0.641104 0.725066
0.6496 0.652303
0.658653 0.793794
0.66824 0.862319
0.678338 0.810839
0.688925 0.814662
0.699979 0.818225
0.711478 0.904842
0.723401 0.970212
0.735726 0.91767
0.748435 1.13215
0.761508 1.23686
0.774926 0.964963
0.788673 1.40461
0.80273 1.37574
0.817083 1.37922
0.831715 1.2249
0.846612 1.56431
0.596075 0.540724
0.596443 0.805838
0.597545 0.807749
0.599378 0.526604
0.601934 0.630643
0.605204 0.859253
0.609177 0.74424
0.61384 0.807312
0.619176 0.762669
0.625169 0.624238
0.6318 1.09234
0.639048 0.890638
0.646894 0.476178
0.655315 0.510549
0.66429 0.421307
0.673797 0.945299
0.683813 0.910413
0.694316 1.00835
0.705286 0.67984
0.716699 0.867116
0.728536 1.05469
0.740777 1.23153
0.7534 1.10737
0.766388 0.772094
0.779723 1.03106
0.793386 0.852463
0.807361 0.883551
0.821633 1.20809
0.836186 1.55213
0.851005 1.00723
0.603026 0.598774
0.603389 0.557317
0.604479 0.542812
0.60629 0.531257
0.608817 0.585118
0.612051 0.784523
0.61598 0.633702
0.620592 0.604789
0.62587 0.894972
0.6318 0.641881
0.638361 0.881519
0.645536 0.580812
0.653304 0.805954
0.661643 0.949341
0.670534 0.648606
0.679953 0.7757
0.68988 0.915874
0.700293 0.906986
0.71117 1.17658
0.72249 1.04538
0.734234 1.23011
0.746381 1.14726
0.758911 1.17043
0.771807 1.0497
0.785049 1.00317
0.798621 0.991385
0.812507 0.890651
0.826689 1.39009
0.841155 1.24624
0.855888 1.02082
0.610616 0.451693
0.610975 0.722519
0.612051 0.746516
0.61384 0.705046
0.616336 0.612794
0.61953 0.699185
0.623412 0.902792
0.627969 0.92057
0.633187 0.726758
0.639048 0.779374
0.645536 0.770661
0.652632 0.656351
0.660316 0.914488
0.668568 0.701054
0.677368 0.675027
0.686693 0.94429
0.696524 0.850811
0.706839 0.809133
0.717617 0.788391
0.728837 1.15844
0.74048 0.982256
0.752526 0.733412
0.764956 1.08667
0.777751 0.80108
0.790894 1.1067
0.804368 1.26696
0.818156 1.41319
0.832242 1.32259
0.846612 0.820349
0.861252 1.51207
0.618822 0.657642
0.619176 0.644454
0.620238 0.571041
0.622004 0.819088
0.624467 0.683053
0.62762 0.589625
0.631452 0.959374
0.635952 0.537713
0.641104 0.660504
0.646894 0.79174
0.653304 0.920932
0.660316 0.630425
0.667912 0.71138
0.676071 1.11837
0.684774 1.13756
0.694001 0.839147
0.703729 0.817655
0.71394 0.908305
0.724612 1.04315
0.735726 0.898763
0.747262 1.24104
0.7592 0.912029
0.771522 1.01727
0.78421 0.859933
0.797247 1.53717
0.810615 0.958228
0.824298 1.28732
0.838281 1.47336
0.85255 1.41288
0.86709 1.17108
0.62762 0.900603
0.627969 0.663821
0.629016 0.820635
0.630757 0.809965
0.633187 0.73793
0.636296 0.555834
0.640077 0.669241
0.644516 0.532436
0.6496 0.646329
0.655315 0.499691
0.661643 0.765634
0.668568 0.812523
0.676071 0.748805
0.684133 0.748225
0.692735 0.593167
0.701857 0.791437
0.711478 0.770675
0.721579 0.781097
0.73214 1.07962
0.743141 0.79608
0.754564 1.1927
0.766388 1.12971
0.778597 1.22429
0.791171 1.3796
0.804095 0.932004
0.817351 1.21683
0.830923 0.991946
0.844797 1.16535
0.858957 0.947993
0.87339 1.44769
0.636985 0.516319
0.63733 0.681865
0.638361 0.685137
0.640077 0.533874
0.642471 0.857662
0.645536 0.775653
0.649262 0.721806
0.653639 0.635818
0.658653 0.7157
0.66429 0.788257
0.670534 0.432903
0.677368 0.901075
0.684774 0.992475
0.692735 0.919474
0.701232 0.633278
0.710244 0.789968
0.719753 0.968263
0.72974 0.93804
0.740184 0.848395
0.751068 0.775412
0.762371 1.00017
0.774077 1.27032
0.786166 0.905129
0.798621 1.04809
0.811426 1.36797
0.824564 1.43045
0.83802 1.3248
0.851778 1.42302
0.865824 0.927455
0.880144 1.18179
0.646894 0.919508
0.647232 0.630918
0.648248 0.688724
0.649938 0.56945
0.652296 0.583345
0.655315 0.999728
0.658986 0.701655
0.663299 1.02767
0.66824 0.836063
0.673797 0.802957
0.679953 0.579651
0.686693 0.890314
0.694001 0.862653
0.701857 0.721055
0.710244 1.1188
0.719143 0.8583
0.728536 0.843041
0.738404 1.4736
0.748728 0.948287
0.759489 0.810035
0.770669 1.16901
0.78225 1.25267
0.794215 1.68527
0.806546 1.16138
0.819227 1.49334
0.832242 1.27355
0.845576 0.772081
0.859213 1.33578
0.873139 1.09871
0.887342 0.968231
0.65732 0.761724
0.657653 0.936886
0.658653 0.900222
0.660316 0.581382
0.662637 1.18957
0.665609 0.713838
0.669224 0.738297
0.673471 0.80027
0.678338 0.776724
0.683813 1.01158
0.68988 0.983368
0.696524 0.862391
0.703729 0.740705
0.711478 1.00115
0.719753 0.882411
0.728536 1.24253
0.73781 0.713421
0.747555 0.673123
0.757754 1.16292
0.768389 1.32822
0.779441 0.766677
0.790894 1.27887
0.80273 1.67353
0.814932 1.05961
0.827485 1.39083
0.840372 1.11491
0.853578 1.28657
0.86709 1.33454
0.880892 1.34749
0.894971 1.02834
0.66824 0.866218
0.668568 0.930711
0.669552 0.775952
0.671187 0.757714
0.673471 0.619816
0.676396 0.649781
0.679953 0.957313
0.684133 0.681741
0.688925 0.924945
0.694316 0.470364
0.700293 0.821387
0.706839 0.807177
0.71394 0.560747
0.721579 1.18807
0.72974 1.02491
0.738404 0.911314
0.747555 1.05914
0.757175 1.29026
0.767246 0.953639
0.777751 1.09194
0.788673 1.13086
0.799993 0.970413
0.811696 1.1721
0.823766 1.22201
0.836186 1.19524
0.848941 1.08266
0.862016 1.06613
0.875397 1.02417
0.88907 0.940066
0.903022 1.46308
0.67963 0.829596
0.679953 0.623307
0.68092 1.12788
0.682529 0.711021
0.684774 1.02689
0.687651 0.67633
0.69115 0.804398
0.695263 0.745541
0.699979 0.704748
0.705286 0.610242
0.71117 1.0812
0.717617 0.712179
0.724612 1.01111
0.73214 1.20653
0.740184 0.877282
0.748728 0.808988
0.757754 1.18024
0.767246 1.02986
0.777187 0.994207
0.787559 1.0511
0.798346 1.24142
0.809532 1.21123
0.821099 0.965933
0.833032 1.73782
0.845316 0.832414
0.857935 1.42927
0.870876 0.898128
0.884123 1.20711
0.897663 1.40514
0.911483 0.738823
0.691468 1.00921
0.691785 0.815713
0.692735 0.823513
0.694316 1.05372
0.696524 0.666331
0.699352 0.767539
0.702794 1.01776
0.706839 0.659959
0.711478 0.992213
0.716699 1.05227
0.72249 1.12495
0.728837 1.27192
0.735726 0.847826
0.743141 0.688783
0.751068 0.89012
0.759489 1.31581
0.768389 1.12457
0.777751 1.1131
0.787559 1.44236
0.797797 1.30325
0.808447 1.19144
0.819495 1.05384
0.830923 1.16866
0.842718 1.41772
0.854862 1.20885
0.867343 1.22094
0.880144 1.09756
0.893254 0.893971
0.906658 1.59784
0.920343 1.447
0.703729 0.830063
0.704041 0.791381
0.704975 1.1365
0.706529 0.904237
0.708698 0.942529
0.711478 0.851903
0.714861 0.869168
0.718838 0.583355
0.723401 0.775991
0.728536 0.899877
0.734234 0.864168
0.74048 1.08066
0.747262 1.20507
0.754564 1.35211
0.762371 0.869237
0.770669 1.23501
0.779441 1.24077
0.788673 1.02479
0.798346 0.807308
0.808447 1.03172
0.818959 1.54879
0.829867 1.30747
0.841155 1.19528
0.852807 1.12914
0.86481 0.91305
0.877149 1.60165
0.88981 1.35701
0.902779 1.33072
0.916044 1.50792
0.929591 1.10066
0.716393 0.864051
0.716699 0.822212
0.717617 0.911617
0.719143 1.10081
0.721275 1.21529
0.724007 0.860861
0.727331 0.931094
0.731241 0.868905
0.735726 0.830793
0.740777 0.97906
0.746381 0.885689
0.752526 1.01003
0.7592 1.24552
0.766388 0.807394
0.774077 0.818028
0.78225 0.968827
0.790894 1.25539
0.799993 1.20712
0.809532 1.20858
0.819495 1.28961
0.829867 1.27021
0.840633 0.881154
0.851778 1.50845
0.863287 0.999236
0.875146 1.13543
0.887342 1.13094
0.899859 1.16437
0.912685 1.08367
0.925808 1.15159
0.939214 1.19369
0.729439 1.03502
0.72974 0.794992
0.730641 0.955567
0.73214 0.953183
0.734234 0.995295
0.736918 1.01811
0.740184 1.10737
0.744026 0.97211
0.748435 0.847985
0.7534 1.10751
0.758911 1.08749
0.764956 1.2679
0.771522 0.936246
0.778597 1.27804
0.786166 1.25174
0.794215 1.48634
0.80273 1.00315
0.811696 1.17424
0.821099 1.01281
0.830923 1.47089
0.841155 1.51519
0.851778 1.06928
0.862779 1.13695
0.874143 1.38056
0.885857 1.0981
0.897907 1.3565
0.910279 1.13069
0.922961 1.07495
0.935939 1.34796
0.949202 1.03452
0.742846 0.921649
0.743141 0.994863
0.744026 0.932816
0.745499 1.58149
0.747555 1.1173
0.750191 1.40771
0.7534 1.30157
0.757175 1.06574
0.761508 0.802828
0.766388 0.886093
0.771807 0.906252
0.777751 0.854611
0.78421 0.956322
0.791171 0.900656
0.798621 1.12277
0.806546 1.78521
0.814932 1.11368
0.823766 1.00634
0.833032 1.20943
0.842718 0.937039
0.852807 0.877035
0.863287 1.11395
0.874143 1.65557
0.885362 0.898712
0.896929 0.900226
0.908832 1.53563
0.921058 1.22157
0.933593 1.4132
0.946426 1.40801
0.959544 0.966335
0.756596 1.00074
0.756886 0.919498
0.757754 0.87647
0.7592 1.32349
0.76122 1.16843
0.763808 1.23402
0.766961 1.23187
0.770669 1.14207
0.774926 0.939141
0.779723 1.00403
0.785049 1.23124
0.790894 1.04799
0.797247 1.33645
0.804095 1.81125
0.811426 1.22832
0.819227 1.00647
0.827485 1.0808
0.836186 1.00276
0.845316 0.96051
0.854862 1.65264
0.86481 1.85279
0.875146 1.59093
0.885857 1.08417
0.896929 1.11995
0.90835 1.2131
0.920105 1.37264
0.932182 1.07872
0.94457 1.00176
0.957255 1.73748
0.970227 1.16251
0.770669 1.07062
0.770954 0.888341
0.771807 1.11352
0.773226 1.24662
0.775209 0.728523
0.777751 1.0195
0.780847 1.15146
0.78449 1.45777
0.788673 0.956676
0.793386 1.41119
0.798621 1.33816
0.804368 1.03731
0.810615 1.03326
0.817351 1.27697
0.824564 0.87476
0.832242 1.03806
0.840372 0.932428
0.848941 0.892876
0.857935 0.95201
0.867343 1.4468
0.877149 1.08936
0.887342 1.49279
0.897907 1.18002
0.908832 1.05888
0.920105 1.46168
0.931712 1.21338
0.943641 1.10117
0.95588 0.979504
0.968417 1.14329
0.981241 1.08982
0.785049 1.24488
0.785328 0.982783
0.786166 1.10244
0.787559 1.02376
0.789506 1.30274
0.792003 1.03185
0.795043 1.10843
0.798621 1.13767
0.80273 0.945619
0.807361 1.03882
0.812507 1.11771
0.818156 0.845235
0.824298 1.23501
0.830923 1.44195
0.83802 1.10234
0.845576 1.32724
0.853578 1.36795
0.862016 2.04748
0.870876 0.985504
0.880144 1.01495
0.88981 1.45035
0.899859 1.38246
0.910279 1.03113
0.921058 1.04432
0.932182 0.752273
0.943641 1.18335
0.955421 1.2399
0.967511 1.4344
0.979899 0.794769
0.992575 0.861462
0.799719 0.988738
0.799993 0.956452
0.800815 1.20237
0.802183 1.14631
0.804095 0.804665
0.806546 1.10398
0.809532 1.63632
0.813046 1.08367
0.817083 1.38243
0.821633 1.03415
0.826689 1.26109
0.832242 1.23803
0.838281 1.21036
0.844797 0.959617
0.851778 0.921505
0.859213 1.46564
0.86709 1.27076
0.875397 1.38518
0.884123 1.11999
0.893254 1.46561
0.902779 1.10027
0.912685 1.48326
0.922961 1.46127
0.933593 1.26627
0.94457 1.22948
0.95588 1.67917
0.967511 1.29054
0.979452 1.26026
0.991691 1.10707
1.00422 1.29425
0.814663 0.780186
0.814932 1.11031
0.815739 1.05959
0.817083 1.20606
0.818959 1.71861
0.821366 1.08907
0.824298 1.47895
0.82775 1.46199
0.831715 1.44236
0.836186 1.25574
0.841155 1.06109
0.846612 1.11438
0.85255 1.41092
0.858957 0.948153
0.865824 1.51242
0.873139 0.942083
0.880892 1.05892
0.88907 1.41436
0.897663 1.06005
0.906658 1.65449
0.916044 1.10333
0.925808 1.25923
0.935939 1.21082
0.946426 1.72361
0.957255 1.42387
0.968417 1.07375
0.979899 1.05722
0.991691 1.16687
1.00378 1.38156
1.01616 1.33564
0.829867 1.29526
0.830131 1.21435
0.830923 1.58823
0.832242 1.81288
0.834085 1.37518
0.836448 1.19953
0.839327 1.27954
0.842718 1.03362
0.846612 1.0297
0.851005 0.582833
0.855888 1.15556
0.861252 0.972846
0.86709 1.35038
0.87339 0.836859
0.880144 1.26932
0.887342 1.42814
0.894971 1.29286
0.903022 1.44824
0.911483 1.9017
0.920343 1.36876
0.929591 1.53097
0.939214 1.22227
0.949202 1.25665
0.959544 1.35327
0.970227 1.00469
0.981241 1.2034
0.992575 1.12638
1.00422 1.22495
1.01616 1.2884
1.02839 0.824631
0.586431 0.494278
0.586805 0.518364
0.587925 0.646146
0.589787 0.784818
0.592384 0.642321
0.595707 1.1476
0.599743 0.612301
0.604479 0.621618
0.609897 0.561648
0.61598 0.80771
0.622708 0.772256
0.630061 0.622071
0.638018 0.540267
0.646554 0.682943
0.655649 0.923074
0.66528 0.618561
0.675422 0.850469
0.686054 0.80451
0.697154 0.777305
0.708698 0.642977
0.720667 0.9287
0.733038 0.774739
0.745793 1.12374
0.758911 1.29132
0.772375 1.16172
0.786166 1.29194
0.800267 1.09909
0.814663 0.943984
0.829338 1.0357
0.844278 0.805569
0.586805 0.703313
0.587178 0.850619
0.588298 0.688473
0.590159 0.678952
0.592755 0.765262
0.596075 0.611021
0.600109 0.583635
0.604842 0.799817
0.610257 0.557225
0.616336 0.565573
0.623061 0.945408
0.630409 0.646925
0.638361 0.668379
0.646894 0.530381
0.655984 0.6362
0.665609 0.648869
0.675747 0.821672
0.686374 0.656417
0.697468 0.970125
0.709008 0.782122
0.720971 0.900876
0.733337 0.990997
0.746087 0.912226
0.7592 0.65911
0.772659 1.13724
0.786445 1.30951
0.800541 1.66421
0.814932 0.991934
0.829603 0.871008
0.844537 1.45416
0.587925 0.487063
0.588298 0.429277
0.589415 0.947545
0.591273 0.598705
0.593864 0.568214
0.597178 0.484857
0.601204 0.539137
0.605928 0.570402
0.611334 0.648915
0.617403 0.707074
0.624116 0.629548
0.631452 0.534069
0.639391 0.77005
0.64791 0.695776
0.656986 0.869774
0.666597 1.31246
0.67672 0.52804
0.687332 1.45768
0.698411 0.841866
0.709935 0.808455
0.721883 0.829427
0.734234 1.10007
0.746968 0.509006
0.760066 1.14386
0.77351 1.0576
0.787281 1.47643
0.801363 1.04223
0.815739 0.977661
0.830395 1.0542
0.845316 1.07701
0.589787 0.673316
0.590159 0.87023
0.591273 0.577564
0.593124 0.872464
0.595707 0.55426
0.599012 0.512709
0.603026 0.733642
0.607736 0.479723
0.613125 0.684597
0.619176 0.409468
0.62587 0.853232
0.633187 0.721465
0.641104 0.733466
0.6496 0.854847
0.658653 0.899727
0.66824 0.694216
0.678338 1.02354
0.688925 0.954607
0.699979 0.922722
0.711478 0.869215
0.723401 1.21176
0.735726 1.0894
0.748435 1.24777
0.761508 0.940636
0.774926 1.34727
0.788673 1.35799
0.80273 0.927573
0.817083 1.38168
0.831715 0.816507
0.846612 1.69838
0.592384 0.52834
0.592755 0.615275
0.593864 0.664962
0.595707 0.697697
0.598279 0.716504
0.601569 0.902769
0.605566 0.568424
0.610257 0.80959
0.615624 0.777038
0.621651 0.625777
0.628319 0.425723
0.635607 0.682496
0.643494 0.522575
0.651959 0.725482
0.66098 0.709834
0.670534 0.716112
0.680598 1.21116
0.69115 0.961768
0.702169 0.646797
0.713633 1.15429
0.72552 0.738794
0.73781 1.07656
0.750483 0.854925
0.763521 0.955894
0.776905 1.2439
0.790617 1.00988
0.80464 1.09675
0.818959 1.19724
0.833559 0.945575
0.848424 1.1665
0.595707 0.695492
0.596075 0.552074
0.597178 0.628827
0.599012 0.75445
0.601569 0.488962
0.604842 0.569468
0.608817 0.637298
0.613483 0.762302
0.618822 0.735854
0.624818 0.54048
0.631452 0.969026
0.638705 0.945329
0.646554 0.802436
0.65498 0.779203
0.66396 0.95545
0.673471 0.910155
0.683492 0.982988
0.694001 0.927182
0.704975 0.799146
0.716393 0.885106
0.728235 1.13541
0.74048 1.30076
0.753109 0.830261
0.766102 1.29952
0.779441 1.35973
0.79311 1.30882
0.80709 1.36923
0.821366 1.58066
0.835923 1.11471
0.850747 1.03313
0.599743 0.798042
0.600109 0.634819
0.601204 0.648912
0.603026 0.747061
0.605566 0.631028
0.608817 0.536406
0.612767 0.556622
0.617403 0.712187
0.622708 0.560046
0.628667 0.890487
0.635261 0.576482
0.642471 1.10508
0.650275 0.603745
0.658653 0.705207
0.667583 0.799476
0.677044 0.917682
0.687013 0.847759
0.697468 0.834453
0.708389 0.939563
0.719753 0.879639
0.731541 0.795015
0.743731 1.12841
0.756306 0.984782
0.769245 0.913568
0.782531 0.984784
0.796146 1.18989
0.810073 1.28035
0.824298 1.11621
0.838805 1.10039
0.853578 1.24754
0.604479 0.436427
0.604842 0.83249
0.605928 0.512845
0.607736 0.572785
0.610257 0.623481
0.613483 0.658016
0.617403 0.494185
0.622004 0.55851
0.62727 0.754943
0.633187 0.582365
0.639734 0.845508
0.646894 1.002
0.654645 0.694837
0.662968 0.855997
0.671841 0.859455
0.681242 0.770499
0.69115 0.773641
0.701544 0.70206
0.712402 0.75102
0.723704 0.89463
0.735428 1.28079
0.747555 1.02738
0.760066 1.08152
0.772942 0.983494
0.786166 1.1056
0.799719 1.20012
0.813586 1.04682
0.82775 1.2796
0.842197 1.49383
0.856912 1.51034
0.609897 0.5123
0.610257 0.819601
0.611334 0.663877
0.613125 0.746869
0.615624 0.732878
0.618822 0.540782
0.622708 0.581517
0.62727 0.714744
0.632493 0.734141
0.638361 0.704118
0.644856 0.930698
0.651959 0.630831
0.659651 0.76138
0.667912 0.611237
0.67672 0.87659
0.686054 0.745884
0.695894 0.842538
0.706218 0.839751
0.717005 0.80195
0.728235 0.78882
0.739888 0.794502
0.751943 1.08598
0.764382 1.27535
0.777187 1.32245
0.790339 1.13418
0.803822 0.794797
0.817619 1.16787
0.831715 1.04155
0.846094 0.871776
0.860743 1.39474
0.61598 0.611358
0.616336 0.648991
0.617403 0.544108
0.619176 0.855943
0.621651 0.663578
0.624818 0.510808
0.628667 0.411481
0.633187 0.751931
0.638361 0.748807
0.644175 0.930655
0.650612 0.717684
0.657653 0.711432
0.66528 0.609608
0.673471 0.986566
0.682207 0.869163
0.691468 0.891258
0.701232 0.848925
0.711478 1.0345
0.722187 0.975782
0.733337 1.02643
0.74491 1.057
0.756886 1.22066
0.769245 1.13701
0.78197 1.27539
0.795043 1.04401
0.808447 1.44619
0.822167 1.29746
0.836186 1.20729
0.850489 1.42344
0.865064 1.2753
0.622708 0.711948
0.623061 0.498331
0.624116 0.957514
0.62587 0.581531
0.628319 0.775235
0.631452 0.770177
0.635261 0.772059
0.639734 0.729373
0.644856 0.793686
0.650612 0.531592
0.656986 0.694205
0.66396 0.785283
0.671514 1.19311
0.67963 0.675686
0.688288 1.09696
0.697468 0.662715
0.707149 0.586888
0.717311 0.849793
0.727934 1.18154
0.738998 0.897381
0.750483 1.09749
0.762371 1.52682
0.774643 0.905389
0.787281 1.33079
0.800267 1.32101
0.813586 1.31656
0.82722 1.16798
0.841155 1.09575
0.855375 1.53898
0.869868 1.55136
0.630061 0.720992
0.630409 0.644252
0.631452 0.841739
0.633187 0.876081
0.635607 0.720637
0.638705 0.812846
0.642471 0.940364
0.646894 0.855264
0.651959 0.591302
0.657653 0.57811
0.66396 0.819948
0.670861 0.686174
0.678338 0.679333
0.686374 0.917445
0.694948 0.968171
0.704041 0.903691
0.713633 1.17242
0.723704 1.05066
0.734234 1.01945
0.745204 1.11642
0.756596 0.916352
0.768389 1.06479
0.780566 0.968711
0.79311 1.05128
0.806002 1.28837
0.819227 1.04982
0.832769 0.952792
0.846612 1.01177
0.860743 1.36793
0.875146 1.39834
0.638018 0.717168
0.638361 0.627495
0.639391 0.937047
0.641104 0.833449
0.643494 0.519163
0.646554 0.657946
0.650275 0.770221
0.654645 0.474441
0.659651 1.36965
0.66528 0.754685
0.671514 0.569346
0.678338 0.838157
0.685735 0.853504
0.693684 0.709541
0.702169 0.991561
0.71117 0.751571
0.720667 0.850836
0.730641 1.27217
0.741073 1.12423
0.751943 0.941035
0.763234 1.42745
0.774926 1.2747
0.787002 1.08426
0.799445 0.942907
0.812237 0.951279
0.825362 1.1537
0.838805 1.62984
0.85255 1.55122
0.866584 1.19167
0.880892 1.34875
0.646554 0.544254
0.646894 0.662109
0.64791 0.680166
0.6496 0.674999
0.651959 0.743738
0.65498 0.648861
0.658653 0.609067
0.662968 0.578011
0.667912 0.670867
0.673471 0.693821
0.67963 0.664125
0.686374 0.754046
0.693684 0.848293
0.701544 0.869192
0.709935 0.75024
0.718838 0.611507
0.728235 0.805841
0.738107 1.4217
0.748435 1.03596
0.7592 1.23233
0.770384 1.26759
0.78197 1.06551
0.793939 1.0092
0.806274 1.15167
0.818959 1.57658
0.831979 0.950392
0.845316 1.29881
0.858957 1.12768
0.872888 1.59952
0.887094 1.01539
0.655649 1.06703
0.655984 0.532298
0.656986 0.790168
0.658653 1.11939
0.66098 0.745489
0.66396 0.787586
0.667583 0.76885
0.671841 0.76216
0.67672 0.9155
0.682207 0.598279
0.688288 0.825076
0.694948 0.761744
0.702169 1.17214
0.709935 0.945336
0.718228 1.05537
0.72703 0.853865
0.736322 0.961106
0.746087 0.798358
0.756306 0.86384
0.766961 0.929097
0.778033 1.12064
0.789506 1.40319
0.801363 1.19838
0.813586 1.60156
0.826159 1.00783
0.839066 1.01806
0.852293 0.942818
0.865824 1.23786
0.879646 1.09477
0.893745 1.19291
0.66528 0.837802
0.665609 0.740071
0.666597 0.638372
0.66824 0.930327
0.670534 0.791884
0.673471 0.616535
0.677044 0.743071
0.681242 0.854783
0.686054 1.26987
0.691468 0.967431
0.697468 1.16161
0.704041 0.871203
0.71117 1.07833
0.718838 0.622305
0.72703 1.39264
0.735726 1.04108
0.74491 1.31191
0.754564 0.854467
0.764669 1.33394
0.775209 0.83057
0.786166 1.08297
0.797522 0.940014
0.809261 1.24394
0.821366 1.26484
0.833822 1.06729
0.846612 1.3373
0.859723 1.66052
0.873139 1.07203
0.886847 0.727352
0.900833 1.2005
0.675422 0.977805
0.675747 0.784372
0.67672 0.772842
0.678338 0.621664
0.680598 1.07494
0.683492 0.859311
0.687013 1.06203
0.69115 0.757875
0.695894 0.739889
0.701232 1.07154
0.707149 0.734519
0.713633 1.11204
0.720667 0.706888
0.728235 1.0492
0.736322 1.14949
0.74491 1.18242
0.753982 0.99287
0.763521 0.876729
0.77351 0.858791
0.783931 0.859664
0.794767 0.919748
0.806002 1.39567
0.817619 1.41364
0.829603 1.23088
0.841936 0.671961
0.854606 1.7782
0.867595 1.25312
0.880892 1.0508
0.894481 1.36344
0.90835 1.20125
0.686054 0.845946
0.686374 0.77145
0.687332 0.969212
0.688925 0.844175
0.69115 0.913449
0.694001 0.72009
0.697468 0.57807
0.701544 0.714887
0.706218 0.821084
0.711478 0.93166
0.717311 0.902575
0.723704 0.720125
0.730641 0.994655
0.738107 1.16304
0.746087 0.750174
0.754564 1.08226
0.763521 0.995489
0.772942 1.26484
0.782811 1.00904
0.79311 1.43467
0.803822 0.922694
0.814932 0.775514
0.826424 1.1827
0.838281 0.937998
0.850489 1.56926
0.863033 0.884894
0.875898 1.5056
0.88907 1.22583
0.902536 1.27177
0.916283 1.04272
0.697154 0.771349
0.697468 0.698887
0.698411 1.12389
0.699979 0.886324
0.702169 0.944106
0.704975 0.960153
0.708389 1.00494
0.712402 1.1354
0.717005 1.05342
0.722187 0.874677
0.727934 1.2033
0.734234 1.07575
0.741073 0.716965
0.748435 0.798512
0.756306 0.998356
0.764669 0.872151
0.77351 1.41597
0.782811 0.875449
0.792556 1.1141
0.80273 0.911428
0.813316 1.1205
0.824298 1.3525
0.835661 0.899838
0.847389 1.01436
0.859468 1.33119
0.871882 0.905077
0.884619 1.38169
0.897663 1.72805
0.911002 1.54047
0.924623 1.13147
0.708698 0.759829
0.709008 0.932406
0.709935 0.836263
0.711478 0.745151
0.713633 0.98492
0.716393 0.861177
0.719753 0.736966
0.723704 0.953506
0.728235 1.26807
0.733337 0.991716
0.738998 0.790196
0.745204 1.38659
0.751943 0.995584
0.7592 1.28484
0.766961 1.22743
0.775209 1.03689
0.783931 1.23619
0.79311 0.966043
0.80273 1.43418
0.812776 1.08279
0.823233 1.27458
0.834085 1.09957
0.845316 1.02657
0.856912 1.31836
0.868858 1.44859
0.881141 1.53857
0.893745 0.897623
0.906658 1.33423
0.919866 1.24138
0.933358 1.57455
0.720667 1.11918
0.720971 0.917297
0.721883 1.18724
0.723401 1.21583
0.72552 1.30696
0.728235 1.13335
0.731541 0.85163
0.735428 0.733232
0.739888 1.51108
0.74491 1.16863
0.750483 1.05733
0.756596 1.00247
0.763234 0.826207
0.770384 1.02795
0.778033 1.36878
0.786166 1.14114
0.794767 1.00915
0.803822 1.57362
0.813316 1.14249
0.823233 1.17861
0.833559 1.44672
0.844278 1.51962
0.855375 1.2503
0.866837 1.52623
0.878648 1.57389
0.890795 1.71352
0.903265 1.33326
0.916044 0.831346
0.929119 1.66072
0.942478 1.43062
0.733038 0.792666
0.733337 1.15985
0.734234 1.29739
0.735726 1.05375
0.73781 1.30781
0.74048 1.24065
0.743731 0.692675
0.747555 0.914822
0.751943 1.09671
0.756886 1.21522
0.762371 1.0336
0.768389 0.945813
0.774926 0.874809
0.78197 1.05525
0.789506 1.01889
0.797522 0.919117
0.806002 0.897668
0.814932 1.2216
0.824298 1.13999
0.834085 1.31046
0.844278 1.38832
0.854862 1.32589
0.865824 1.20543
0.877149 2.18019
0.888823 0.883775
0.900833 1.33358
0.913166 1.02913
0.925808 1.20424
0.938747 1.30696
0.951971 1.29744
0.745793 1.1441
0.746087 0.849159
0.746968 0.954609
0.748435 1.13852
0.750483 1.16615
0.753109 1.10609
0.756306 1.03388
0.760066 0.98509
0.764382 0.802496
0.769245 1.01769
0.774643 1.25048
0.780566 1.07238
0.787002 1.08975
0.793939 0.990853
0.801363 1.28034
0.809261 1.14068
0.817619 1.28732
0.826424 1.14095
0.835661 1.11918
0.845316 1.21188
0.855375 1.32237
0.865824 1.29228
0.876649 0.829604
0.887836 1.18463
0.899371 1.18991
0.911242 1.18251
0.923436 0.873149
0.935939 1.28415
0.94874 1.72449
0.961827 1.05856
0.758911 0.815183
0.7592 0.999561
0.760066 1.00605
0.761508 0.861946
0.763521 1.00051
0.766102 0.816324
0.769245 1.13662
0.772942 1.22824
0.777187 1.02276
0.78197 1.17195
0.787281 1.09552
0.79311 0.918278
0.799445 1.21093
0.806274 1.31671
0.813586 0.890086
0.821366 1.30569
0.829603 1.39824
0.838281 1.27994
0.847389 1.47368
0.856912 1.88944
0.866837 1.39335
0.877149 1.04865
0.887836 1.56419
0.898884 1.09612
0.910279 1.35333
0.92201 1.26857
0.934063 0.996727
0.946426 1.54576
0.959087 0.909625
0.972034 0.918167
0.772375 0.997275
0.772659 0.86258
0.77351 1.21065
0.774926 1.05927
0.776905 1.37774
0.779441 1.05001
0.782531 0.875287
0.786166 1.22076
0.790339 1.28079
0.795043 1.18379
0.800267 0.967598
0.806002 1.35097
0.812237 1.05626
0.818959 1.04714
0.826159 1.66919
0.833822 1.27973
0.841936 1.85444
0.850489 1.55859
0.859468 1.13384
0.868858 1.36085
0.878648 1.09579
0.888823 1.07293
0.899371 1.25142
0.910279 1.22388
0.921534 1.86655
0.933123 1.46705
0.945034 1.39012
0.957255 1.02859
0.969775 1.25875
0.982582 1.15756
0.786166 1.15349
0.786445 1.11743
0.787281 1.16927
0.788673 0.865396
0.790617 1.09838
0.79311 1.41081
0.796146 1.06832
0.799719 1.17452
0.803822 1.12849
0.808447 0.897614
0.813586 1.21541
0.819227 1.10127
0.825362 1.09663
0.831979 1.28066
0.839066 1.59696
0.846612 1.58323
0.854606 1.15476
0.863033 1.5854
0.871882 1.38548
0.881141 1.56402
0.890795 1.42923
0.900833 1.62279
0.911242 1.42383
0.92201 1.53578
0.933123 1.07002
0.94457 1.16299
0.956339 1.54699
0.968417 1.76497
0.980794 0.965156
0.993459 1.0658
0.800267 0.895629
0.800541 1.28265
0.801363 1.24491
0.80273 1.1824
0.80464 0.948548
0.80709 1.19674
0.810073 1.20506
0.813586 0.88517
0.817619 0.921886
0.822167 0.720074
0.82722 1.11776
0.832769 1.13581
0.838805 1.07138
0.845316 1.63886
0.852293 0.862749
0.859723 1.1232
0.867595 0.925697
0.875898 0.768974
0.884619 1.38685
0.893745 1.1074
0.903265 1.55373
0.913166 0.995973
0.923436 0.951374
0.934063 1.299
0.945034 1.19377
0.956339 1.37663
0.967964 1.27702
0.979899 0.962672
0.992133 0.984588
1.00465 1.34207
0.814663 1.34404
0.814932 1.24577
0.815739 1.21724
0.817083 0.895434
0.818959 0.981808
0.821366 0.922537
0.824298 1.15365
0.82775 1.1958
0.831715 1.52814
0.836186 1.2186
0.841155 1.40699
0.846612 0.770064
0.85255 1.33843
0.858957 1.07709
0.865824 0.677567
0.873139 0.935484
0.880892 1.31268
0.88907 1.42422
0.897663 1.24436
0.906658 1.42013
0.916044 1.05161
0.925808 1.35635
0.935939 1.54929
0.946426 1.04684
0.957255 0.740411
0.968417 0.92064
0.979899 1.68441
0.991691 1.02177
1.00378 1.11349
1.01616 0.866149
0.829338 1.37765
0.829603 1.16663
0.830395 0.995248
0.831715 0.787503
0.833559 1.37706
0.835923 1.19952
0.838805 1.56443
0.842197 0.984703
0.846094 1.09386
0.850489 1.19942
0.855375 1.40995
0.860743 1.241
0.866584 0.872138
0.872888 1.34259
0.879646 1.25794
0.886847 1.07261
0.894481 1.54266
0.902536 1.09132
0.911002 1.28608
0.919866 1.06769
0.929119 1.38767
0.938747 1.58541
0.94874 1.44674
0.959087 1.39888
0.969775 1.16589
0.980794 0.726315
0.992133 1.21747
1.00378 1.19094
1.01573 1.30101
1.02796 1.37671
0.844278 1.54468
0.844537 1.14354
0.845316 1.23854
0.846612 0.940687
0.848424 1.58358
0.850747 1.50438
0.853578 1.27796
0.856912 1.26427
0.860743 1.43827
0.865064 1.225
0.869868 1.02842
0.875146 1.22641
0.880892 1.03564
0.887094 1.31046
0.893745 1.48328
0.900833 1.34812
0.90835 1.07909
0.916283 0.982417
0.924623 1.07619
0.933358 1.4486
0.942478 1.13177
0.951971 0.738599
0.961827 1.19953
0.972034 1.16419
0.982582 1.09197
0.993459 0.825879
1.00465 1.10603
1.01616 1.27947
1.02796 1.0458
1.04005 1.20095
0.607375 0.825364
0.607736 0.555514
0.608817 0.664811
0.610616 0.565064
0.613125 0.779615
0.616336 0.617824
0.620238 0.758262
0.624818 0.719173
0.630061 0.575296
0.635952 0.488419
0.642471 0.972882
0.6496 0.903599
0.65732 0.782786
0.665609 0.651589
0.674447 0.839003
0.683813 0.894999
0.693684 0.630235
0.704041 0.869089
0.714861 1.13426
0.726124 0.820594
0.73781 0.926278
0.749899 1.08396
0.762371 1.04832
0.775209 1.11033
0.788394 1.13513
0.80191 0.802873
0.815739 1.12858
0.829867 1.45234
0.844278 1.03104
0.858957 0.96626
0.607736 0.636234
0.608096 0.481062
0.609177 0.650468
0.610975 0.606139
0.613483 0.792702
0.616692 0.689071
0.620592 0.569489
0.625169 0.677876
0.630409 0.610067
0.636296 0.582317
0.642812 0.66681
0.649938 0.500292
0.657653 0.679319
0.665939 0.746444
0.674772 0.877475
0.684133 0.812822
0.694001 1.01128
0.704352 0.902947
0.715168 0.969839
0.726426 1.05873
0.738107 1.24277
0.750191 1.33469
0.762659 1.06989
0.775492 1.30381
0.788673 1.16924
0.802183 1.14667
0.816008 1.43781
0.830131 1.11233
0.844537 0.984242
0.859213 1.24129
0.608817 0.599121
0.609177 0.819956
0.610257 0.660824
0.612051 0.940229
0.614554 0.769875
0.617758 0.577825
0.621651 0.730719
0.626221 1.18513
0.631452 0.657049
0.63733 0.721912
0.643835 0.701869
0.650949 0.682869
0.658653 0.708414
0.666926 0.65735
0.675747 0.590668
0.685095 0.765066
0.694948 1.2503
0.705286 1.25026
0.716087 1.15303
0.727331 1.02207
0.738998 0.677842
0.751068 1.66265
0.763521 1.20034
0.77634 0.802189
0.789506 1.17513
0.803003 1.2442
0.816814 1.35646
0.830923 1.2445
0.845316 1.58776
0.859978 1.07818
0.610616 0.541951
0.610975 0.828077
0.612051 0.539046
0.61384 0.832185
0.616336 0.668584
0.61953 0.596083
0.623412 0.747897
0.627969 0.51923
0.633187 0.549413
0.639048 0.668022
0.645536 0.700268
0.652632 0.785931
0.660316 0.491895
0.668568 0.665843
0.677368 0.66095
0.686693 0.709959
0.696524 1.01414
0.706839 1.11422
0.717617 1.06095
0.728837 1.19942
0.74048 1.36197
0.752526 1.05583
0.764956 0.954802
0.777751 1.11551
0.790894 0.957162
0.804368 1.41673
0.818156 1.60898
0.832242 1.4729
0.846612 1.09896
0.861252 0.806096
0.613125 0.80604
0.613483 0.760367
0.614554 0.506705
0.616336 0.796555
0.618822 0.636919
0.622004 0.828016
0.62587 0.698569
0.630409 0.714956
0.635607 0.66399
0.641446 0.711525
0.64791 0.834529
0.65498 0.734069
0.662637 0.885712
0.670861 0.891981
0.67963 0.63989
0.688925 1.22622
0.698725 1.09803
0.709008 1.11526
0.719753 1.05421
0.730941 0.81418
0.742551 1.3751
0.754564 1.15823
0.766961 0.990962
0.779723 1.17526
0.792833 1.01699
0.806274 1.1112
0.82003 1.33874
0.834085 1.08861
0.848424 1.28512
0.863033 1.31473
0.616336 0.452148
0.616692 0.643423
0.617758 0.725414
0.61953 0.60281
0.622004 0.99357
0.625169 0.508249
0.629016 0.758868
0.633533 0.533534
0.638705 0.549471
0.644516 0.601395
0.650949 0.51971
0.657987 0.543048
0.665609 0.770811
0.673797 0.761754
0.682529 0.707954
0.691785 0.869623
0.701544 0.837346
0.711786 0.923028
0.72249 0.961233
0.733636 0.906069
0.745204 1.00312
0.757175 0.971099
0.76953 1.48008
0.78225 1.38736
0.795319 1.16219
0.808719 0.714619
0.822434 1.00387
0.836448 0.953217
0.850747 0.86617
0.865317 0.920421
0.620238 0.56547
0.620592 0.881516
0.621651 0.769016
0.623412 0.774714
0.62587 0.645816
0.629016 0.755723
0.63284 0.797143
0.63733 0.753608
0.642471 0.721069
0.648248 0.705878
0.654645 0.813596
0.661643 0.947396
0.669224 0.66669
0.677368 0.96739
0.686054 0.73576
0.695263 0.780913
0.704975 1.07881
0.715168 0.776201
0.725822 0.909663
0.736918 1.09001
0.748435 0.905811
0.760355 1.37696
0.772659 1.05676
0.785328 0.954316
0.798346 1.40209
0.811696 1.39196
0.825362 1.13636
0.839327 0.792222
0.853578 1.03818
0.868101 1.62844
0.624818 0.743096
0.625169 0.588711
0.626221 0.61498
0.627969 0.806888
0.630409 0.87417
0.633533 0.775409
0.63733 0.813428
0.641788 0.802033
0.646894 0.551591
0.652632 0.601499
0.658986 0.729054
0.665939 0.842072
0.673471 1.01559
0.681564 0.669483
0.690198 0.722678
0.699352 0.810593
0.709008 0.971115
0.719143 0.857896
0.72974 1.03682
0.740777 1.01465
0.752235 0.870333
0.764095 1.18422
0.77634 1.22754
0.788951 1.0987
0.80191 1.33916
0.815201 1.01563
0.828809 0.903442
0.842718 0.904655
0.856912 1.13209
0.871379 1.0245
0.630061 1.1702
0.630409 0.703824
0.631452 0.734135
0.633187 0.650901
0.635607 0.717408
0.638705 0.562396
0.642471 0.610433
0.646894 0.844345
0.651959 0.877687
0.657653 0.594831
0.66396 0.514533
0.670861 0.715306
0.678338 0.67214
0.686374 0.780611
0.694948 0.842981
0.704041 0.933347
0.713633 1.01364
0.723704 0.572009
0.734234 1.23314
0.745204 1.21941
0.756596 1.02507
0.768389 0.969095
0.780566 1.01327
0.79311 0.991958
0.806002 1.15649
0.819227 0.858426
0.832769 0.895829
0.846612 1.10125
0.860743 1.08521
0.875146 1.53989
0.635952 0.887941
0.636296 0.808503
0.63733 0.814425
0.639048 0.860494
0.641446 0.759896
0.644516 0.706965
0.648248 0.519095
0.652632 0.969681
0.657653 0.660878
0.663299 0.754562
0.669552 0.8182
0.676396 0.893431
0.683813 0.961225
0.691785 0.706668
0.700293 0.755316
0.709317 0.880238
0.718838 0.976836
0.728837 1.07832
0.739295 0.925333
0.750191 1.22155
0.761508 1.37966
0.773226 1.25322
0.785328 1.01097
0.797797 0.954059
0.810615 1.1387
0.823766 0.929435
0.837234 0.603825
0.851005 1.06913
0.865064 0.899363
0.879397 1.18897
0.642471 0.599162
0.642812 0.729104
0.643835 0.893376
0.645536 1.24476
0.64791 0.783033
0.650949 0.76836
0.654645 0.775241
0.658986 0.740881
0.66396 0.872249
0.669552 0.611967
0.675747 0.869473
0.682529 0.891625
0.68988 0.788896
0.697783 0.751546
0.706218 0.795226
0.715168 0.542929
0.724612 0.657604
0.734533 1.06732
0.74491 0.982257
0.755726 1.15387
0.766961 0.993933
0.778597 0.654354
0.790617 1.40912
0.803003 1.54029
0.815739 1.1742
0.828809 1.08762
0.842197 1.27608
0.855888 0.910694
0.869868 1.53417
0.884123 1.14967
0.6496 0.57309
0.649938 0.553511
0.650949 0.911501
0.652632 0.857451
0.65498 0.758008
0.657987 0.693727
0.661643 0.709053
0.665939 0.586473
0.670861 0.882105
0.676396 0.57746
0.682529 0.790377
0.689244 0.709764
0.696524 0.828831
0.704352 0.665218
0.71271 0.989755
0.721579 1.24146
0.730941 1.08386
0.740777 1.18513
0.751068 0.947679
0.761796 1.0296
0.772942 1.2532
0.78449 0.856856
0.796421 0.73078
0.808719 0.964278
0.821366 1.22165
0.834348 0.977202
0.847648 0.863613
0.861252 1.47002
0.875146 1.03883
0.889317 1.56934
0.65732 0.90412
0.657653 0.631366
0.658653 0.674429
0.660316 0.806244
0.662637 0.597121
0.665609 1.0422
0.669224 0.816213
0.673471 1.10369
0.678338 0.815281
0.683813 1.02399
0.68988 0.808457
0.696524 0.792953
0.703729 1.12909
0.711478 0.771644
0.719753 1.1092
0.728536 0.880548
0.73781 0.760349
0.747555 1.16405
0.757754 0.844534
0.768389 1.04629
0.779441 1.47323
0.790894 0.771663
0.80273 0.959567
0.814932 0.880095
0.827485 1.23944
0.840372 1.06781
0.853578 1.09489
0.86709 1.04254
0.880892 1.65287
0.894971 1.1364
0.665609 0.838553
0.665939 0.569084
0.666926 0.787806
0.668568 0.589741
0.670861 0.456476
0.673797 0.784607
0.677368 0.619002
0.681564 0.57925
0.686374 0.867985
0.691785 1.02477
0.697783 0.928713
0.704352 0.925275
0.711478 0.825209
0.719143 0.882339
0.727331 0.69015
0.736024 1.43438
0.745204 0.790031
0.754854 0.87893
0.764956 0.845023
0.775492 1.07254
0.786445 1.15321
0.797797 1.33299
0.809532 1.65987
0.821633 1.51053
0.834085 1.48962
0.846871 0.923453
0.859978 1.22502
0.87339 1.18334
0.887094 1.07885
0.901077 1.06277
0.674447 0.919587
0.674772 0.961887
0.675747 0.842376
0.677368 0.626056
0.67963 0.735002
0.682529 0.604066
0.686054 1.14784
0.690198 0.819569
0.694948 0.787135
0.700293 0.727602
0.706218 0.816398
0.71271 0.72058
0.719753 1.00942
0.727331 1.09455
0.735428 1.16434
0.744026 1.30461
0.753109 1.21507
0.762659 0.858068
0.772659 1.08587
0.783091 0.78154
0.793939 1.08668
0.805185 1.46004
0.816814 0.770107
0.828809 0.987168
0.841155 1.02205
0.853835 1.08971
0.866837 1.53605
0.880144 1.32806
0.893745 1.03365
0.907625 1.07185
0.683813 0.756926
0.684133 0.533852
0.685095 1.07826
0.686693 0.589051
0.688925 0.699213
0.691785 0.890814
0.695263 0.806723
0.699352 0.8009
0.704041 1.11865
0.709317 0.983918
0.715168 0.692643
0.721579 0.872629
0.728536 0.84813
0.736024 0.817756
0.744026 0.76123
0.752526 1.08527
0.761508 1.23371
0.770954 0.93884
0.780847 1.57367
0.791171 0.603313
0.80191 1.11289
0.813046 0.949473
0.824564 1.35516
0.836448 1.52718
0.848682 1.39679
0.861252 1.07155
0.874143 1.20054
0.887342 0.998191
0.900833 1.35346
0.914606 1.0722
0.693684 1.02163
0.694001 0.796215
0.694948 0.74791
0.696524 1.01327
0.698725 0.667538
0.701544 0.615842
0.704975 1.04097
0.709008 0.931142
0.713633 0.699892
0.718838 0.730802
0.724612 0.666824
0.730941 1.08769
0.73781 0.993309
0.745204 1.08616
0.753109 0.871324
0.761508 0.75247
0.770384 1.13272
0.779723 0.946767
0.789506 1.45122
0.799719 1.16332
0.810344 1.15622
0.821366 1.39396
0.832769 1.18999
0.844537 0.866638
0.856656 1.01115
0.869111 1.53016
0.881887 1.2692
0.894971 1.3304
0.90835 1.02665
0.92201 1.07596
0.704041 0.883437
0.704352 1.14287
0.705286 0.746679
0.706839 0.930462
0.709008 0.92148
0.711786 0.677683
0.715168 0.754429
0.719143 0.80199
0.723704 0.707969
0.728837 0.575333
0.734533 1.30765
0.740777 0.705828
0.747555 1.10606
0.754854 1.28501
0.762659 0.801649
0.770954 0.748071
0.779723 1.20626
0.788951 1.69143
0.798621 1.2103
0.808719 1.49207
0.819227 0.81538
0.830131 1.21459
0.841415 1.19999
0.853064 1.20348
0.865064 1.17649
0.877399 1.35032
0.890056 1.36506
0.903022 1.53935
0.916283 1.00029
0.929827 1.35939
0.714861 1.00486
0.715168 0.783692
0.716087 1.41935
0.717617 1.19109
0.719753 0.828506
0.72249 0.916961
0.725822 1.08005
0.72974 0.904127
0.734234 1.20694
0.739295 0.660041
0.74491 1.53787
0.751068 0.873675
0.757754 1.00503
0.764956 1.28966
0.772659 0.884327
0.780847 0.782616
0.789506 1.21108
0.798621 1.06513
0.808176 1.28079
0.818156 1.241
0.828544 1.04401
0.839327 1.21728
0.850489 1.21735
0.862016 1.09377
0.873892 1.01416
0.886105 1.45599
0.89864 1.36508
0.911483 1.24348
0.924623 0.962884
0.938046 1.0163
0.726124 0.712413
0.726426 0.996766
0.727331 1.36856
0.728837 1.24111
0.730941 0.917149
0.733636 0.89656
0.736918 0.959002
0.740777 0.710959
0.745204 1.20602
0.750191 0.902197
0.755726 0.871311
0.761796 0.895405
0.768389 1.07443
0.775492 0.99614
0.783091 1.33614
0.791171 1.10717
0.799719 1.32735
0.808719 0.941677
0.818156 1.38712
0.828015 1.53124
0.838281 0.849188
0.848941 1.01373
0.859978 0.951872
0.871379 1.18941
0.88313 1.51918
0.895216 1.1823
0.907625 1.17772
0.920343 1.22783
0.933358 1.45467
0.946657 1.10422
0.73781 0.957032
0.738107 0.783656
0.738998 0.90036
0.74048 1.28418
0.742551 1.21786
0.745204 0.952318
0.748435 1.10203
0.752235 1.08951
0.756596 0.807974
0.761508 0.742596
0.766961 0.962325
0.772942 1.07516
0.779441 1.21663
0.786445 1.2122
0.793939 1.22765
0.80191 1.02813
0.810344 0.752637
0.819227 1.15922
0.828544 1.1519
0.838281 1.32158
0.848424 1.43481
0.858957 0.869225
0.869868 1.27836
0.881141 1.52502
0.892763 1.2361
0.904721 1.10452
0.917001 1.45772
0.929591 1.58486
0.942478 1.19533
0.95565 1.111
0.749899 1.33451
0.750191 0.985136
0.751068 0.913053
0.752526 1.10444
0.754564 1.01205
0.757175 0.727816
0.760355 1.2901
0.764095 1.13889
0.768389 0.888563
0.773226 0.744641
0.778597 1.02936
0.78449 1.15942
0.790894 1.37854
0.797797 1.0461
0.805185 0.891704
0.813046 1.21575
0.821366 1.22989
0.830131 1.13417
0.839327 1.34477
0.848941 0.993092
0.858957 1.1189
0.869363 0.937358
0.880144 1.02592
0.891288 1.13898
0.902779 1.36548
0.914606 0.971572
0.926755 1.0959
0.939214 1.245
0.951971 1.32347
0.965014 1.19359
0.762371 0.679115
0.762659 1.57417
0.763521 1.14573
0.764956 0.835299
0.766961 1.07307
0.76953 1.13986
0.772659 1.29536
0.77634 0.880826
0.780566 1.00795
0.785328 0.917143
0.790617 1.46852
0.796421 1.39269
0.80273 1.13555
0.809532 0.954007
0.816814 1.15458
0.824564 1.04985
0.832769 1.75923
0.841415 1.14788
0.850489 1.15848
0.859978 1.27539
0.869868 1.27364
0.880144 1.01322
0.890795 1.30245
0.901807 1.61008
0.913166 1.26532
0.92486 1.01272
0.936876 0.914452
0.949202 1.10951
0.961827 1.30258
0.974738 1.10985
0.775209 1.26309
0.775492 1.21411
0.77634 1.41304
0.777751 0.796842
0.779723 1.13183
0.78225 1.06975
0.785328 0.954858
0.788951 0.971554
0.79311 0.968214
0.797797 1.0901
0.803003 1.29708
0.808719 1.07649
0.814932 1.22643
0.821633 1.20273
0.828809 0.990093
0.836448 1.65648
0.844537 1.52465
0.853064 1.11664
0.862016 1.20036
0.871379 0.744775
0.881141 1.29775
0.891288 1.35986
0.901807 1.27538
0.912685 1.53483
0.923911 1.22205
0.93547 1.19238
0.947352 1.09643
0.959544 1.10242
0.972034 0.916559
0.984811 1.43317
0.788394 1.11398
0.788673 0.813326
0.789506 1.2783
0.790894 0.955051
0.792833 0.85792
0.795319 0.982524
0.798346 1.43092
0.80191 1.19421
0.806002 1.22247
0.810615 1.10673
0.815739 0.901864
0.821366 1.51546
0.827485 0.950427
0.834085 1.1427
0.841155 1.15146
0.848682 1.12241
0.856656 1.4628
0.865064 1.17528
0.873892 0.891861
0.88313 1.30713
0.892763 1.33019
0.902779 1.38757
0.913166 0.908388
0.923911 1.00908
0.935001 1.19828
0.946426 1.4058
0.958171 0.956637
0.970227 1.79288
0.982582 1.2631
0.995223 0.902311
0.80191 1.22137
0.802183 0.83335
0.803003 1.19451
0.804368 1.04272
0.806274 1.10697
0.808719 0.827455
0.811696 1.2488
0.815201 1.63411
0.819227 1.50214
0.823766 1.02677
0.828809 1.6423
0.834348 1.45156
0.840372 1.1193
0.846871 0.862425
0.853835 1.38037
0.861252 1.56148
0.869111 1.34029
0.877399 1.6822
0.886105 1.1518
0.895216 1.35807
0.904721 1.33146
0.914606 1.07372
0.92486 1.00737
0.93547 1.56465
0.946426 0.844518
0.957714 1.5142
0.969323 1.05332
0.981241 1.14857
0.993459 1.04011
1.00596 0.897116
0.815739 1.27816
0.816008 1.30095
0.816814 1.05099
0.818156 1.10445
0.82003 0.997233
0.822434 0.850299
0.825362 0.878963
0.828809 1.01873
0.832769 1.13812
0.837234 1.51938
0.842197 1.23425
0.847648 1.77501
0.853578 1.3254
0.859978 1.36786
0.866837 1.214
0.874143 0.77131
0.881887 1.66488
0.890056 1.13408
0.89864 1.53837
0.907625 1.29179
0.917001 1.38608
0.926755 1.05952
0.936876 1.27044
0.947352 1.50624
0.958171 1.52727
0.969323 1.19558
0.980794 0.782453
0.992575 1.22156
1.00465 1.43563
1.01702 1.11509
0.829867 1.19119
0.830131 0.942642
0.830923 1.22919
0.832242 1.03045
0.834085 1.19635
0.836448 1.47702
0.839327 1.37515
0.842718 1.22732
0.846612 1.18443
0.851005 1.19409
0.855888 1.02359
0.861252 1.06766
0.86709 1.00741
0.87339 1.00505
0.880144 1.37504
0.887342 1.60445
0.894971 0.809646
0.903022 1.29406
0.911483 0.814242
0.920343 0.7141
0.929591 1.23778
0.939214 0.947857
0.949202 1.01754
0.959544 1.16534
0.970227 1.18279
0.981241 1.01599
0.992575 1.2871
1.00422 1.39682
1.01616 1.32757
1.02839 0.998119
0.844278 1.20791
0.844537 1.20764
0.845316 0.969036
0.846612 1.40809
0.848424 1.58576
0.850747 1.14275
0.853578 1.24833
0.856912 1.08671
0.860743 1.35513
0.865064 1.09554
0.869868 1.66668
0.875146 1.36548
0.880892 1.2471
0.887094 1.57164
0.893745 1.41007
0.900833 1.09775
0.90835 1.63889
0.916283 1.26221
0.924623 1.11357
0.933358 0.937514
0.942478 1.37635
0.951971 1.33951
0.961827 0.960773
0.972034 1.14208
0.982582 1.37973
0.993459 1.10356
1.00465 1.10307
1.01616 1.23504
1.02796 1.1127
1.04005 1.06227
0.858957 1.11618
0.859213 1.29953
0.859978 1.32768
0.861252 1.36303
0.863033 0.930874
0.865317 1.35946
0.868101 1.35584
0.871379 1.35336
0.875146 1.14862
0.879397 1.18166
0.884123 1.606
0.889317 1.10608
0.894971 1.18434
0.901077 1.10814
0.907625 1.02149
0.914606 1.22443
0.92201 1.23831
0.929827 1.21045
0.938046 1.30658
0.946657 1.11345
0.95565 0.963583
0.965014 0.893563
0.974738 1.09906
0.984811 0.732893
0.995223 1.31922
1.00596 1.09534
1.01702 1.0072
1.02839 1.33914
1.04005 0.993677
1.052 1.02689
0 6075
