0.0418879 0.516968
0.0628319 0.699439
0.0837758 4.11516
0.10472 0.691693
0.125664 9.24313
0.146608 1.87417
0.167552 0.973699
0.188496 0.665763
0.20944 1.63917
0.230383 1.07846
0.251327 0.713115
0.272271 0.539526
0.293215 0.762479
0.314159 0.384712
0.335103 0.980392
0.356047 0.770477
0.376991 0.743618
0.397935 0.628921
0.418879 0.738139
0.439823 0.611847
0.460767 0.619243
0.481711 0.696548
0.502655 0.548743
0.523599 0.499566
0.544543 0.62591
0.565487 0.834243
0.586431 0.747413
0.607375 1.00787
0.020944 0.230099
0.0296192 0.138217
0.0468321 0.20149
0.0662306 0.470835
0.0863541 1.13055
0.106794 0.529911
0.127397 16.9495
0.148096 13.3924
0.168856 3.86849
0.189656 1.40213
0.210484 0.63889
0.231334 0.621565
0.252199 0.542678
0.273076 0.320283
0.293962 0.865082
0.314857 0.940591
0.335757 0.724848
0.356663 0.322652
0.377572 0.737656
0.398486 0.693172
0.419402 0.723483
0.440321 0.57026
0.461243 0.73834
0.482166 0.474469
0.503091 0.765243
0.524017 0.655147
0.544945 0.745458
0.565874 0.471021
0.586805 0.660656
0.607736 0.815386
0.0418879 0.127284
0.0468321 0.630352
0.0592384 0.504571
0.0755145 0.464361
0.0936642 3.06391
0.112787 12.0022
0.132461 6.39242
0.152474 12.4865
0.172708 9.73822
0.193094 0.555015
0.213587 0.769028
0.23416 0.812275
0.254794 0.787262
0.275475 0.440549
0.296192 1.50657
0.316939 0.989576
0.337711 0.622466
0.358503 0.619036
0.379311 0.396737
0.400134 0.611723
0.420968 0.433676
0.441813 0.763042
0.462667 0.68673
0.483529 0.662657
0.504397 0.626488
0.525272 0.781574
0.546151 0.627436
0.567036 0.557627
0.587925 0.803202
0.608817 0.527777
0.0628319 2.32
0.0662306 1.35565
0.0755145 1.54569
0.0888577 3.83567
0.10472 1.27186
0.122123 12.2269
0.140496 8.06286
0.159504 0.93963
0.178945 3.68869
0.198692 0.953851
0.218661 1.7926
0.238798 1.67105
0.259062 0.987493
0.279427 0.635316
0.299872 0.735764
0.320381 0.503876
0.340943 0.62392
0.361549 0.429446
0.382191 0.554749
0.402865 0.558627
0.423565 0.403783
0.444288 0.737161
0.465031 0.535421
0.485791 0.502874
0.506567 0.634197
0.527355 0.599324
0.548156 0.827441
0.568967 0.935979
0.589787 0.868294
0.610616 0.917857
0.0837758 1.41391
0.0863541 4.22898
0.0936642 0.590566
0.10472 1.83959
0.118477 11.5838
0.134107 7.46446
0.151029 3.83964
0.168856 0.4918
0.187328 1.01962
0.206274 1.54412
0.225573 0.86707
0.245143 0.346578
0.264922 1.02879
0.284869 0.332024
0.304949 0.403616
0.325138 0.560169
0.345416 0.558074
0.36577 0.617895
0.386187 0.467823
0.406658 0.389304
0.427174 0.480678
0.447731 0.63188
0.468321 0.872765
0.488941 0.687131
0.509588 0.656756
0.530258 0.894488
0.550949 0.693756
0.571659 0.93605
0.592384 0.778493
0.613125 0.582089
0.10472 2.72757
0.106794 1.91813
0.112787 8.38559
0.122123 0.990135
0.134107 4.45958
0.148096 2.64937
0.163577 4.57458
0.180167 0.311245
0.197585 3.63611
0.215631 1.08648
0.23416 0.720225
0.253067 0.899135
0.272271 0.307553
0.291715 0.529221
0.311354 0.890978
0.331153 0.631563
0.351085 0.280653
0.371128 0.51411
0.391265 0.5465
0.411483 0.567335
0.431771 1.21656
0.452118 0.800287
0.472517 0.451511
0.492962 0.677778
0.513447 0.574426
0.533968 0.543033
0.554521 0.617317
0.575101 0.734019
0.595707 0.959085
0.616336 0.688529
0.125664 14.1322
0.127397 1.11591
0.132461 3.62406
0.140496 0.362204
0.151029 1.36382
0.163577 1.33182
0.177715 0.481659
0.193094 0.795252
0.20944 1.0418
0.226543 1.0412
0.244246 0.877263
0.262427 1.79291
0.280993 0.938135
0.299872 0.282509
0.319009 0.443202
0.33836 0.476917
0.35789 0.49003
0.377572 0.609817
0.397384 0.593287
0.417305 0.473518
0.437323 0.666817
0.457423 0.756593
0.477596 0.84863
0.497832 1.16602
0.518125 1.03797
0.538467 0.65534
0.558854 0.798832
0.579281 0.762695
0.599743 0.934496
0.620238 0.6967
0.146608 2.30733
0.148096 5.40869
0.152474 4.59651
0.159504 3.49948
0.168856 3.00519
0.180167 1.90559
0.193094 2.19744
0.207335 0.948833
0.222637 0.821849
0.238798 0.663632
0.255654 0.761927
0.273076 0.658355
0.290963 0.708613
0.309234 0.396217
0.327825 0.662194
0.346684 0.402625
0.36577 0.663785
0.38505 0.808444
0.404495 0.548015
0.424083 0.791385
0.443794 0.496992
0.463614 0.438288
0.483529 0.693315
0.503527 0.534965
0.523599 0.523755
0.543737 0.697237
0.563933 0.77585
0.584182 0.670567
0.604479 0.726704
0.624818 1.1115
0.167552 1.38291
0.168856 2.79108
0.172708 1.72648
0.178945 1.1806
0.187328 0.603096
0.197585 1.71552
0.20944 1.32773
0.222637 1.20624
0.236954 0.331042
0.252199 0.591304
0.268213 0.814008
0.284869 0.555192
0.302058 0.993915
0.319696 0.440462
0.337711 0.430487
0.356047 0.524973
0.374657 0.724145
0.393501 0.515526
0.412548 0.570665
0.431771 0.410695
0.451147 0.60041
0.470657 0.669754
0.490285 0.580538
0.510019 0.520914
0.529845 0.973766
0.549754 0.885236
0.569737 0.673241
0.589787 1.37108
0.609897 0.972245
0.630061 0.860607
0.188496 0.790256
0.189656 0.60326
0.193094 1.40946
0.198692 1.29522
0.206274 0.614891
0.215631 0.563551
0.226543 1.1548
0.238798 2.07936
0.252199 0.440499
0.266573 0.634818
0.281772 0.704405
0.297669 0.801748
0.314159 0.520646
0.331153 0.388966
0.348577 0.450877
0.36637 0.566048
0.38448 1.0053
0.402865 0.445403
0.421489 0.481517
0.440321 0.803555
0.459337 0.562184
0.478513 0.733275
0.497832 0.817332
0.517277 0.622066
0.536836 0.663412
0.556495 0.728306
0.576244 0.748181
0.596075 0.754359
0.61598 0.8451
0.635952 0.967401
0.20944 1.50661
0.210484 0.973623
0.213587 1.86447
0.218661 1.97224
0.225573 1.83394
0.23416 0.546099
0.244246 1.88167
0.255654 0.35605
0.268213 0.561613
0.281772 0.630639
0.296192 0.74027
0.311354 0.57195
0.327155 0.425869
0.343506 0.50207
0.360333 0.397323
0.377572 0.425056
0.39517 0.835413
0.413079 0.436443
0.431262 0.651954
0.449686 0.634886
0.468321 0.436624
0.487144 0.548527
0.506133 0.491858
0.525272 0.689051
0.544543 0.702615
0.563933 0.7571
0.583431 0.588317
0.603026 0.567171
0.622708 1.11136
0.642471 0.902186
0.230383 1.33552
0.231334 2.03825
0.23416 0.603784
0.238798 0.78671
0.245143 1.31312
0.253067 0.943712
0.262427 0.965627
0.273076 0.48389
0.284869 0.345113
0.297669 0.537892
0.311354 0.756969
0.325811 0.842962
0.340943 0.479338
0.356663 0.423951
0.372896 0.752168
0.38958 0.395778
0.406658 0.549671
0.424083 0.442745
0.441813 0.400739
0.459814 0.558332
0.478055 0.470594
0.496509 0.699266
0.515153 0.471733
0.533968 0.642723
0.552936 0.843672
0.572042 0.908716
0.591273 0.69572
0.610616 0.752705
0.630061 0.934055
0.6496 1.01775
0.251327 0.370927
0.252199 1.47081
0.254794 0.608071
0.259062 0.364696
0.264922 0.849684
0.272271 0.823979
0.280993 0.707102
0.290963 0.680178
0.302058 0.440517
0.314159 0.722043
0.327155 0.264275
0.340943 0.48808
0.355431 0.309345
0.370536 0.41077
0.386187 0.603826
0.40232 0.369533
0.418879 0.667913
0.435815 0.658373
0.453087 0.691826
0.470657 0.68412
0.488493 0.553203
0.506567 0.850575
0.524854 0.721967
0.543333 0.687959
0.561985 0.676
0.580794 0.91598
0.599743 0.959841
0.618822 0.74178
0.638018 0.734283
0.65732 1.20668
0.272271 1.03279
0.273076 0.806434
0.275475 0.526543
0.279427 0.525304
0.284869 0.872687
0.291715 0.430706
0.299872 0.572801
0.309234 0.414226
0.319696 0.58972
0.331153 0.569792
0.343506 0.785647
0.356663 0.415592
0.370536 0.700322
0.38505 0.392868
0.400134 0.570927
0.415726 0.366004
0.431771 0.74297
0.44822 0.618758
0.465031 0.434086
0.482166 0.657742
0.499591 0.55317
0.517277 0.778308
0.535199 1.3864
0.553333 0.660408
0.571659 0.651957
0.590159 1.04115
0.608817 0.556759
0.62762 1.0549
0.646554 1.1144
0.665609 0.691425
0.293215 0.508651
0.293962 0.500969
0.296192 0.59355
0.299872 0.86131
0.304949 0.479
0.311354 0.506888
0.319009 0.51423
0.327825 0.349663
0.337711 0.577101
0.348577 0.550882
0.360333 0.445524
0.372896 0.450182
0.386187 0.473839
0.400134 0.446938
0.414669 0.477417
0.429734 0.638286
0.445275 0.648279
0.461243 0.712573
0.477596 0.832185
0.494295 0.494425
0.511307 0.576003
0.528601 0.791936
0.546151 0.663173
0.563933 0.791729
0.581925 0.698675
0.600109 0.852241
0.618467 1.02721
0.636985 0.975826
0.655649 1.05401
0.674447 0.915972
0.314159 0.459487
0.314857 0.385259
0.316939 0.407856
0.320381 0.503326
0.325138 0.897527
0.331153 0.585275
0.33836 0.372156
0.346684 0.78027
0.356047 0.644995
0.36637 0.550701
0.377572 0.480505
0.38958 0.661314
0.40232 0.750962
0.415726 0.620701
0.429734 0.588301
0.444288 0.353288
0.459337 0.494213
0.474832 0.868411
0.490732 0.659764
0.506999 0.757987
0.523599 0.636491
0.5405 0.728454
0.557676 0.555927
0.575101 0.5384
0.592755 1.04243
0.610616 0.959096
0.628667 0.717824
0.646894 0.858732
0.66528 0.95854
0.683813 1.11216
0.335103 0.592931
0.335757 0.311881
0.337711 0.450018
0.340943 0.665174
0.345416 0.428541
0.351085 0.737894
0.35789 0.488687
0.36577 0.672287
0.374657 0.651275
0.38448 0.623886
0.39517 0.550544
0.406658 0.403809
0.418879 0.529342
0.431771 0.476633
0.445275 0.511771
0.459337 0.433663
0.473908 0.766202
0.488941 0.536275
0.504397 1.03712
0.520237 0.534233
0.536427 0.718738
0.552936 0.999623
0.569737 0.942851
0.586805 0.715101
0.604116 0.738911
0.621651 1.157
0.639391 0.966074
0.65732 1.04782
0.675422 0.941974
0.693684 1.23424
0.356047 0.293588
0.356663 0.379775
0.358503 0.575793
0.361549 0.44893
0.36577 0.570026
0.371128 0.416569
0.377572 0.715479
0.38505 0.662355
0.393501 0.486226
0.402865 0.885389
0.413079 0.469056
0.424083 0.503644
0.435815 0.718717
0.44822 0.617671
0.461243 0.58123
0.474832 0.868187
0.488941 0.628263
0.503527 0.605297
0.518548 0.841516
0.533968 0.844785
0.549754 1.03789
0.565874 0.590921
0.582302 0.714954
0.599012 0.859519
0.61598 1.15976
0.633187 1.12426
0.650612 1.11369
0.66824 0.874497
0.686054 1.17237
0.704041 0.892914
0.376991 0.924762
0.377572 0.39709
0.379311 0.903402
0.382191 0.537747
0.386187 0.431891
0.391265 0.871047
0.397384 0.514549
0.404495 0.436853
0.412548 0.423154
0.421489 0.600111
0.431262 0.396435
0.441813 0.691745
0.453087 0.752183
0.465031 0.592645
0.477596 0.470846
0.490732 0.807339
0.504397 0.570769
0.518548 0.459726
0.533146 0.906652
0.548156 0.994416
0.563544 0.866435
0.579281 0.833147
0.595339 0.799338
0.611692 1.10595
0.628319 0.842438
0.645196 1.15095
0.662306 1.00661
0.67963 0.865757
0.697154 1.36063
0.714861 1.34285
0.397935 0.367727
0.398486 0.638422
0.400134 0.505352
0.402865 0.453222
0.406658 0.456558
0.411483 1.18148
0.417305 0.694205
0.424083 0.406393
0.431771 0.565962
0.440321 0.682127
0.449686 0.68826
0.459814 0.758758
0.470657 0.578089
0.482166 0.591591
0.494295 0.635005
0.506999 0.716886
0.520237 0.705303
0.533968 0.62274
0.548156 0.708741
0.562765 0.870551
0.577765 1.31304
0.593124 0.649397
0.608817 0.851019
0.624818 0.907316
0.641104 0.931087
0.657653 0.948958
0.674447 0.950058
0.691468 1.04291
0.708698 0.734525
0.726124 1.6218
0.418879 0.882856
0.419402 0.725911
0.420968 1.12065
0.423565 0.565453
0.427174 0.559208
0.431771 0.494639
0.437323 0.54175
0.443794 0.834791
0.451147 0.745318
0.459337 0.720883
0.468321 0.56699
0.478055 0.574923
0.488493 0.829429
0.499591 0.544673
0.511307 0.636793
0.523599 0.5963
0.536427 0.617687
0.549754 0.893422
0.563544 0.676561
0.577765 0.854279
0.592384 0.750778
0.607375 0.915402
0.622708 1.04221
0.638361 0.874478
0.65431 0.861581
0.670534 1.03633
0.687013 1.30458
0.703729 0.877672
0.720667 1.48441
0.73781 1.44821
0.439823 0.902272
0.440321 0.5122
0.441813 0.55763
0.444288 0.517465
0.447731 0.738841
0.452118 0.718866
0.457423 0.621338
0.463614 0.526981
0.470657 0.732161
0.478513 0.552794
0.487144 0.578779
0.496509 0.719121
0.506567 0.259772
0.517277 0.767957
0.528601 0.896709
0.5405 0.767453
0.552936 0.623883
0.565874 0.630491
0.579281 0.814173
0.593124 0.800082
0.607375 1.2043
0.622004 0.81866
0.636985 0.890364
0.652296 0.716861
0.667912 0.919872
0.683813 0.956584
0.699979 0.988833
0.716393 1.14064
0.733038 1.08048
0.749899 1.45083
0.460767 0.408181
0.461243 0.705622
0.462667 0.625587
0.465031 0.520616
0.468321 0.471834
0.472517 0.57364
0.477596 0.848849
0.483529 0.538519
0.490285 0.592589
0.497832 0.640874
0.506133 1.0214
0.515153 1.10677
0.524854 0.739195
0.535199 0.752417
0.546151 0.552378
0.557676 0.508199
0.569737 0.928463
0.582302 0.918492
0.595339 0.799418
0.608817 0.651315
0.622708 0.655732
0.636985 0.697566
0.651623 0.984345
0.666597 0.999081
0.681886 0.818108
0.697468 1.10192
0.713325 1.12335
0.729439 1.00697
0.745793 0.996812
0.762371 0.984546
0.481711 0.498836
0.482166 0.978413
0.483529 0.50452
0.485791 0.636364
0.488941 0.713421
0.492962 0.488063
0.497832 0.813593
0.503527 0.875072
0.510019 0.811601
0.517277 0.696679
0.525272 0.642108
0.533968 0.404402
0.543333 0.801121
0.553333 0.714362
0.563933 0.893636
0.575101 0.704591
0.586805 0.814874
0.599012 0.845991
0.611692 0.817763
0.624818 1.09474
0.638361 0.931401
0.652296 1.01502
0.666597 1.40021
0.681242 1.36333
0.696209 0.904874
0.711478 1.18476
0.72703 1.41418
0.742846 1.01571
0.758911 1.38188
0.775209 1.47646
0.502655 0.803335
0.503091 0.628225
0.504397 0.619667
0.506567 0.533043
0.509588 0.914248
0.513447 0.483247
0.518125 0.971316
0.523599 0.774471
0.529845 0.546158
0.536836 0.463864
0.544543 0.572035
0.552936 0.797083
0.561985 0.574828
0.571659 0.777609
0.581925 1.22403
0.592755 1.24115
0.604116 0.956026
0.61598 1.17354
0.628319 0.915228
0.641104 1.26448
0.65431 0.644511
0.667912 1.20609
0.681886 0.908406
0.696209 0.759645
0.710861 1.18115
0.725822 1.08064
0.741073 1.18746
0.756596 1.51125
0.772375 1.35921
0.788394 1.17885
0.523599 0.645453
0.524017 0.673909
0.525272 0.653854
0.527355 0.592514
0.530258 0.477812
0.533968 0.62091
0.538467 1.00484
0.543737 0.547705
0.549754 0.674954
0.556495 0.648206
0.563933 0.849588
0.572042 1.08137
0.580794 0.64613
0.590159 0.928415
0.600109 0.786993
0.610616 0.740719
0.621651 1.26725
0.633187 0.972947
0.645196 0.976143
0.657653 1.06515
0.670534 0.96004
0.683813 0.731994
0.697468 0.956735
0.711478 0.867369
0.725822 1.20089
0.74048 1.58924
0.755435 1.51428
0.770669 1.29944
0.786166 1.50454
0.80191 1.06354
0.544543 0.867733
0.544945 0.802462
0.546151 0.711154
0.548156 0.774575
0.550949 0.567322
0.554521 0.959948
0.558854 0.501176
0.563933 0.690064
0.569737 0.447288
0.576244 0.802098
0.583431 0.694748
0.591273 0.668254
0.599743 1.07913
0.608817 0.903622
0.618467 0.7984
0.628667 1.08921
0.639391 0.951848
0.650612 1.17265
0.662306 0.942206
0.674447 1.03425
0.687013 1.09768
0.699979 1.14587
0.713325 1.42808
0.72703 1.53865
0.741073 1.01199
0.755435 1.23511
0.7701 1.17402
0.785049 1.14035
0.800267 1.07922
0.815739 0.872497
0.565487 0.612598
0.565874 0.714523
0.567036 0.663242
0.568967 0.701386
0.571659 1.20037
0.575101 0.712677
0.579281 0.832949
0.584182 1.16727
0.589787 0.983806
0.596075 0.955048
0.603026 0.801746
0.610616 0.804469
0.618822 0.968574
0.62762 0.83342
0.636985 0.993755
0.646894 1.07458
0.65732 0.960802
0.66824 0.697737
0.67963 1.47768
0.691468 1.10649
0.703729 1.08464
0.716393 1.14285
0.729439 1.36037
0.742846 1.00373
0.756596 0.989585
0.770669 1.30235
0.785049 1.16321
0.799719 0.877905
0.814663 1.67384
0.829867 1.16071
0.586431 0.456442
0.586805 0.900877
0.587925 0.807216
0.589787 0.667201
0.592384 0.484924
0.595707 0.420066
0.599743 0.872308
0.604479 0.728339
0.609897 0.983583
0.61598 0.721612
0.622708 0.996796
0.630061 1.061
0.638018 1.05713
0.646554 1.12694
0.655649 0.958083
0.66528 0.825163
0.675422 1.10905
0.686054 1.0812
0.697154 1.06498
0.708698 1.36095
0.720667 1.45071
0.733038 1.50587
0.745793 2.2121
0.758911 1.17778
0.772375 1.57133
0.786166 1.02768
0.800267 1.40494
0.814663 1.50774
0.829338 1.23751
0.844278 0.94832
0.607375 0.478708
0.607736 1.31352
0.608817 0.595611
0.610616 1.06987
0.613125 0.756884
0.616336 1.4225
0.620238 0.936958
0.624818 1.22534
0.630061 1.09043
0.635952 0.955588
0.642471 0.896014
0.6496 0.884158
0.65732 1.22197
0.665609 0.945343
0.674447 0.727163
0.683813 0.807641
0.693684 0.976224
0.704041 1.39202
0.714861 0.913662
0.726124 1.04234
0.73781 1.37488
0.749899 1.35158
0.762371 1.40465
0.775209 0.91103
0.788394 1.20852
0.80191 1.0046
0.815739 1.28339
0.829867 1.37721
0.844278 1.30421
0.858957 1.17752
0.020944 0.0235622
0.0296192 0.257719
0.0468321 0.322234
0.0662306 0.243278
0.0863541 2.41477
0.106794 10.4298
0.127397 16.3217
0.148096 5.06856
0.168856 3.77239
0.189656 1.9514
0.210484 2.15755
0.231334 0.624647
0.252199 1.28083
0.273076 0.401011
0.293962 0.742904
0.314857 0.373717
0.335757 0.464412
0.356663 0.605765
0.377572 0.6828
0.398486 0.411986
0.419402 0.492729
0.440321 0.519962
0.461243 0.680704
0.482166 0.663694
0.503091 0.575168
0.524017 0.685128
0.544945 0.956896
0.565874 0.736152
0.586805 0.86424
0.607736 0.939119
0.0296192 0.136523
0.036276 0.313125
0.051302 0.0900148
0.0694632 0.0949802
0.0888577 8.5181
0.108828 16.1369
0.129107 1.79124
0.14957 4.41241
0.170149 1.16893
0.190808 3.65886
0.211524 1.76491
0.23228 0.875582
0.253067 0.398546
0.273878 0.741606
0.294708 0.443142
0.315552 0.436179
0.33641 0.414969
0.357277 0.522669
0.378153 0.469622
0.399036 0.492462
0.419925 0.57663
0.440819 0.761947
0.461718 0.675801
0.482621 0.846805
0.503527 0.481968
0.524436 0.714962
0.545348 0.959698
0.566262 0.763812
0.587178 0.719187
0.608096 0.667977
0.0468321 0.10488
0.051302 0.691843
0.0628319 0.402985
0.0783651 1.72399
0.0959772 0.875784
0.114715 0.623428
0.134107 8.24871
0.153906 3.03313
0.173974 1.04748
0.194226 0.784529
0.214612 0.629507
0.235095 0.608677
0.255654 0.632691
0.27627 0.963402
0.296932 1.10914
0.317631 0.431512
0.33836 0.462873
0.359114 0.563188
0.379889 0.486012
0.400681 0.402753
0.421489 0.705004
0.442309 0.477113
0.463141 0.453691
0.483982 0.517718
0.504832 0.627901
0.525689 0.58681
0.546553 0.636836
0.567423 0.680437
0.588298 1.018
0.609177 1.10664
0.0662306 0.369959
0.0694632 0.462596
0.0783651 4.93547
0.0912926 0.590333
0.106794 1.35906
0.123906 1.35014
0.142049 6.67894
0.160874 2.18676
0.180167 1.73529
0.199793 0.976459
0.219662 1.13933
0.239714 1.20104
0.259908 1.4696
0.280211 0.450188
0.300602 0.39985
0.321065 0.299429
0.341586 0.356957
0.362155 0.764708
0.382765 0.838067
0.403409 0.456453
0.424083 0.433692
0.444782 0.748151
0.465503 0.331374
0.486243 0.595902
0.506999 0.412616
0.527771 0.883639
0.548556 1.20741
0.569352 0.6986
0.590159 0.402988
0.610975 0.928991
0.0863541 0.793288
0.0888577 4.83417
0.0959772 2.49439
0.106794 10.5839
0.120314 6.10555
0.135732 17.0457
0.152474 5.44582
0.170149 3.11224
0.188496 1.40313
0.207335 1.37199
0.226543 0.365425
0.246036 1.16059
0.265749 0.980521
0.285637 0.77581
0.305667 0.550047
0.325811 0.692327
0.346051 0.536153
0.36637 0.830698
0.386755 0.601692
0.407197 0.500124
0.427688 0.462684
0.44822 0.413348
0.468789 0.570491
0.48939 1.13827
0.510019 0.530633
0.530672 0.72396
0.551347 0.64097
0.572042 1.06374
0.592755 0.477111
0.613483 0.785658
0.106794 5.95201
0.108828 4.3931
0.114715 16.5899
0.123906 11.3752
0.135732 4.37059
0.14957 7.04328
0.164913 1.41336
0.18138 2.73328
0.198692 0.516193
0.216646 1.76213
0.235095 1.11808
0.253932 0.465474
0.273076 0.376664
0.292466 0.552679
0.312058 0.508995
0.331815 0.384336
0.351709 0.476795
0.371718 0.736422
0.391825 0.578661
0.412016 0.749015
0.432278 0.772937
0.452603 0.578313
0.472981 0.486002
0.493407 0.500035
0.513874 0.510842
0.534379 0.752291
0.554916 0.875014
0.575482 0.646461
0.596075 0.80824
0.616692 0.677315
0.127397 11.4592
0.129107 11.377
0.134107 8.87268
0.142049 1.91942
0.152474 4.00023
0.164913 0.977586
0.178945 2.69324
0.194226 0.893346
0.210484 0.704548
0.22751 1.25066
0.245143 0.764829
0.263261 0.68279
0.281772 1.00215
0.300602 0.560253
0.319696 0.871445
0.339007 0.463697
0.358503 0.50228
0.378153 0.799294
0.397935 0.493452
0.417831 0.382134
0.437824 0.436755
0.457902 0.866017
0.478055 0.603197
0.498272 0.709079
0.518548 0.587048
0.538874 0.615507
0.559247 0.553584
0.57966 0.872956
0.600109 0.921037
0.620592 0.992368
0.148096 3.5772
0.14957 3.68295
0.153906 5.00052
0.160874 4.04442
0.170149 2.232
0.18138 0.577616
0.194226 0.50748
0.20839 1.32372
0.22362 0.907613
0.239714 0.377865
0.25651 1.50704
0.273878 1.30446
0.291715 0.547846
0.309942 0.594901
0.328493 0.590756
0.347316 0.267974
0.36637 0.583357
0.385619 0.3414
0.405037 0.584275
0.4246 0.40459
0.444288 0.443412
0.464087 0.675818
0.483982 0.403674
0.503962 0.788827
0.524017 0.777944
0.54414 0.718587
0.564322 0.633512
0.584558 1.0179
0.604842 0.820979
0.625169 1.20115
0.168856 2.99213
0.170149 1.19801
0.173974 0.868689
0.180167 1.02713
0.188496 2.74516
0.198692 2.12778
0.210484 0.48348
0.22362 0.63073
0.237878 3.68545
0.253067 0.840265
0.26903 0.52861
0.285637 0.485756
0.302783 0.704598
0.320381 0.518645
0.33836 0.526609
0.356663 0.67585
0.375242 0.314025
0.394058 0.395212
0.413079 0.530981
0.432278 0.447354
0.451632 0.864417
0.471123 0.557221
0.490732 0.596325
0.510448 0.821072
0.530258 0.622872
0.550153 0.840095
0.570122 0.698674
0.590159 0.661347
0.610257 0.896916
0.630409 0.788827
0.189656 0.792783
0.190808 0.716798
0.194226 3.30607
0.199793 0.920697
0.207335 0.551961
0.216646 0.951189
0.22751 1.56398
0.239714 0.59754
0.253067 0.515332
0.267394 0.820216
0.282549 0.337282
0.298405 0.41737
0.314857 0.390897
0.331815 0.416195
0.349205 0.439956
0.366968 0.582067
0.38505 0.693406
0.403409 0.408015
0.422009 0.659715
0.440819 1.11928
0.459814 0.633487
0.478971 0.484593
0.498272 0.631868
0.517701 0.646066
0.537244 0.912533
0.556889 0.921746
0.576625 0.865044
0.596443 0.761413
0.616336 0.706215
0.636296 0.866412
0.210484 0.911686
0.211524 1.64306
0.214612 0.983749
0.219662 1.76231
0.226543 0.95835
0.235095 0.380358
0.245143 0.456416
0.25651 0.813432
0.26903 0.872653
0.282549 0.465341
0.296932 0.976697
0.312058 1.10971
0.327825 1.05458
0.344144 0.527833
0.360942 0.584737
0.378153 0.574713
0.395724 0.66841
0.41361 0.622973
0.431771 0.567812
0.450173 0.477035
0.468789 0.621842
0.487594 0.53895
0.506567 0.618111
0.525689 1.12655
0.544945 0.740727
0.564322 0.734896
0.583807 0.668557
0.603389 0.804094
0.623061 1.01717
0.642812 0.843965
0.231334 0.838634
0.23228 1.24873
0.235095 0.823268
0.239714 0.573167
0.246036 1.08332
0.253932 0.31252
0.263261 0.424241
0.273878 0.38983
0.285637 0.609648
0.298405 0.34978
0.312058 0.616349
0.326484 0.575418
0.341586 0.378897
0.357277 0.32595
0.373484 0.541002
0.390143 0.634078
0.407197 0.643375
0.4246 0.904305
0.442309 0.629547
0.460291 0.524715
0.478513 0.465514
0.49695 0.646547
0.515579 0.854292
0.534379 0.603234
0.553333 1.00006
0.572425 0.831228
0.591643 0.801999
0.610975 0.957999
0.630409 1.05282
0.649938 0.769059
0.252199 0.490958
0.253067 1.30361
0.255654 0.761378
0.259908 0.385231
0.265749 1.1728
0.273076 0.729837
0.281772 0.83354
0.291715 0.847695
0.302783 0.588261
0.314857 0.580867
0.327825 0.516466
0.341586 1.03952
0.356047 0.407933
0.371128 0.380905
0.386755 0.615035
0.402865 0.730334
0.419402 0.522151
0.436318 0.613697
0.453571 0.334507
0.471123 0.672518
0.488941 0.468574
0.506999 0.589375
0.525272 0.737819
0.543737 0.702037
0.562375 0.771613
0.581171 0.993443
0.600109 0.872011
0.619176 0.978279
0.638361 1.14334
0.657653 1.07332
0.273076 0.551457
0.273878 0.548041
0.27627 0.755436
0.280211 0.880995
0.285637 0.789194
0.292466 0.341971
0.300602 0.845548
0.309942 0.783775
0.320381 0.385547
0.331815 0.34165
0.344144 0.407583
0.357277 0.928776
0.371128 0.687639
0.385619 0.566183
0.400681 0.619245
0.416253 0.625872
0.432278 0.553419
0.448709 0.738317
0.465503 0.672533
0.482621 0.663606
0.50003 0.677103
0.517701 0.682012
0.535609 0.532711
0.553729 0.753822
0.572042 0.754681
0.59053 0.959935
0.609177 0.818324
0.627969 0.8909
0.646894 1.19707
0.665939 1.0714
0.293962 0.778103
0.294708 0.455562
0.296932 0.644979
0.300602 0.397325
0.305667 0.583881
0.312058 0.673968
0.319696 0.650556
0.328493 0.494663
0.33836 0.638456
0.349205 0.654837
0.360942 0.407679
0.373484 0.476195
0.386755 0.45985
0.400681 0.709892
0.415198 0.829043
0.430244 0.56477
0.445767 0.395427
0.461718 0.571511
0.478055 0.722191
0.494739 0.447596
0.511736 0.686474
0.529016 0.476365
0.546553 0.983015
0.564322 0.894267
0.582302 0.741225
0.600474 0.849859
0.618822 0.704007
0.63733 1.00255
0.655984 1.24294
0.674772 1.1658
0.314857 1.16057
0.315552 0.506134
0.317631 0.640933
0.321065 0.375464
0.325811 0.361636
0.331815 0.776842
0.339007 0.441987
0.347316 0.382856
0.356663 0.571029
0.366968 0.689641
0.378153 0.33982
0.390143 0.549937
0.402865 0.682033
0.416253 0.632852
0.430244 0.480309
0.444782 0.481272
0.459814 0.815357
0.475294 0.546631
0.491179 0.317939
0.507432 0.770948
0.524017 0.557642
0.540906 0.683276
0.558069 0.691236
0.575482 1.10737
0.593124 1.13606
0.610975 0.914798
0.629016 0.962889
0.647232 1.10867
0.665609 0.902313
0.684133 1.36692
0.335757 0.888209
0.33641 0.574757
0.33836 0.506694
0.341586 0.425559
0.346051 0.459074
0.351709 0.719986
0.358503 0.604377
0.36637 0.54147
0.375242 0.736487
0.38505 0.642094
0.395724 0.412916
0.407197 0.647583
0.419402 0.539327
0.432278 0.836922
0.445767 0.541872
0.459814 0.564483
0.47437 0.591127
0.48939 0.616708
0.504832 0.729076
0.520658 0.621466
0.536836 0.699813
0.553333 1.28601
0.570122 0.645388
0.587178 0.760746
0.604479 0.898287
0.622004 0.600879
0.639734 0.849091
0.657653 1.15265
0.675747 0.897177
0.694001 1.3146
0.356663 0.752552
0.357277 0.484586
0.359114 0.598134
0.362155 0.710328
0.36637 0.522356
0.371718 0.753233
0.378153 0.44615
0.385619 0.403022
0.394058 0.671358
0.403409 0.485936
0.41361 0.643644
0.4246 0.415711
0.436318 0.536031
0.448709 0.665319
0.461718 0.436098
0.475294 0.575081
0.48939 0.565299
0.503962 0.733559
0.518971 0.408374
0.534379 0.6902
0.550153 0.681888
0.566262 0.582095
0.582679 0.885558
0.599378 0.972751
0.616336 0.974712
0.633533 0.53153
0.650949 0.908631
0.668568 0.760144
0.686374 1.16771
0.704352 1.3033
0.377572 0.500553
0.378153 0.563612
0.379889 0.598096
0.382765 0.543257
0.386755 0.547913
0.391825 0.517082
0.397935 0.546793
0.405037 1.16246
0.413079 0.499934
0.422009 0.72562
0.431771 0.72629
0.442309 0.707025
0.453571 0.479373
0.465503 0.633926
0.478055 0.393282
0.491179 0.583924
0.504832 0.663513
0.518971 0.555255
0.533557 0.675166
0.548556 0.636897
0.563933 0.836257
0.57966 0.954126
0.595707 1.05841
0.612051 1.02061
0.628667 0.736444
0.645536 0.968187
0.662637 1.06139
0.679953 0.953635
0.697468 1.19367
0.715168 0.890286
0.398486 0.447694
0.399036 0.738847
0.400681 0.421388
0.403409 0.832592
0.407197 0.697382
0.412016 0.823889
0.417831 0.573509
0.4246 0.906708
0.432278 0.474674
0.440819 0.73933
0.450173 0.99977
0.460291 0.670105
0.471123 0.77984
0.482621 0.759009
0.494739 0.716739
0.507432 0.692693
0.520658 0.765112
0.534379 1.06733
0.548556 0.765614
0.563155 0.710246
0.578144 1.0464
0.593494 0.840158
0.609177 0.730976
0.625169 0.92387
0.641446 1.00518
0.657987 1.01293
0.674772 0.832481
0.691785 0.875512
0.709008 1.1671
0.726426 1.19967
0.419402 0.61571
0.419925 0.512602
0.421489 0.58573
0.424083 0.734053
0.427688 0.458493
0.432278 0.746083
0.437824 0.350553
0.444288 0.466832
0.451632 0.711796
0.459814 0.847051
0.468789 0.591465
0.478513 0.590291
0.488941 0.656744
0.50003 0.95508
0.511736 0.766271
0.524017 0.602548
0.536836 0.73609
0.550153 0.793332
0.563933 0.698316
0.578144 0.803228
0.592755 0.748728
0.607736 0.748821
0.623061 0.734141
0.638705 0.992618
0.654645 0.958489
0.670861 1.01947
0.687332 1.07886
0.704041 0.917806
0.720971 0.986237
0.738107 1.3626
0.440321 0.620664
0.440819 0.572873
0.442309 0.678155
0.444782 0.64048
0.44822 0.87177
0.452603 0.726414
0.457902 0.469972
0.464087 0.441201
0.471123 0.816704
0.478971 0.875195
0.487594 0.518574
0.49695 0.872465
0.506999 0.778781
0.517701 0.931223
0.529016 0.855182
0.540906 0.566583
0.553333 0.517124
0.566262 0.702983
0.57966 0.736981
0.593494 0.828676
0.607736 1.11491
0.622356 1.22582
0.63733 0.968463
0.652632 0.923739
0.66824 0.959718
0.684133 1.65372
0.700293 1.12649
0.716699 1.30137
0.733337 1.04381
0.750191 1.43259
0.461243 0.905904
0.461718 0.657633
0.463141 0.618801
0.465503 0.694195
0.468789 0.802622
0.472981 0.553832
0.478055 0.647172
0.483982 0.717515
0.490732 0.626578
0.498272 0.84277
0.506567 0.555893
0.515579 0.872057
0.525272 0.675974
0.535609 0.787078
0.546553 0.899328
0.558069 0.603156
0.570122 0.701426
0.582679 1.01655
0.595707 1.0628
0.609177 0.740113
0.623061 1.05779
0.63733 1.52778
0.651959 1.04881
0.666926 1.53854
0.682207 0.936652
0.697783 1.04672
0.713633 1.15921
0.72974 1.08785
0.746087 1.3611
0.762659 1.21166
0.482166 0.571888
0.482621 0.517467
0.483982 0.758438
0.486243 0.852532
0.48939 0.579689
0.493407 0.711515
0.498272 0.999171
0.503962 0.543532
0.510448 0.895138
0.517701 0.755227
0.525689 0.842846
0.534379 0.585845
0.543737 0.652834
0.553729 0.663393
0.564322 0.670998
0.575482 0.813978
0.587178 0.993042
0.599378 0.850076
0.612051 0.885094
0.625169 0.770444
0.638705 1.07572
0.652632 1.32166
0.666926 1.34304
0.681564 1.33461
0.696524 1.04848
0.711786 0.99188
0.727331 1.03722
0.743141 1.13079
0.7592 1.16835
0.775492 1.24535
0.503091 0.771667
0.503527 0.651637
0.504832 0.623601
0.506999 0.456655
0.510019 0.527626
0.513874 0.69634
0.518548 0.829392
0.524017 0.778762
0.530258 0.765295
0.537244 0.69575
0.544945 0.862844
0.553333 0.78823
0.562375 0.792216
0.572042 0.860454
0.582302 1.16863
0.593124 0.813969
0.604479 0.694185
0.616336 1.35536
0.628667 0.986813
0.641446 0.780342
0.654645 0.754803
0.66824 1.25845
0.682207 0.977168
0.696524 0.966347
0.71117 0.935776
0.726124 1.19737
0.741369 0.880667
0.756886 1.4914
0.772659 1.15848
0.788673 1.1472
0.524017 0.714606
0.524436 0.80011
0.525689 1.03054
0.527771 0.476136
0.530672 0.816332
0.534379 0.445474
0.538874 0.531045
0.54414 0.65949
0.550153 0.748361
0.556889 0.869682
0.564322 0.606988
0.572425 0.913301
0.581171 0.753771
0.59053 1.0794
0.600474 1.12305
0.610975 1.01552
0.622004 0.930012
0.633533 0.691522
0.645536 1.3258
0.657987 0.828344
0.670861 1.05619
0.684133 0.809011
0.697783 1.24418
0.711786 1.27523
0.726124 1.70686
0.740777 1.36171
0.755726 0.940174
0.770954 0.674837
0.786445 1.47131
0.802183 0.97969
0.544945 0.589151
0.545348 0.532646
0.546553 0.674039
0.548556 0.655795
0.551347 0.588447
0.554916 0.825343
0.559247 1.15766
0.564322 0.696261
0.570122 0.739784
0.576625 0.483383
0.583807 0.728817
0.591643 0.782664
0.600109 0.739265
0.609177 1.01069
0.618822 0.573427
0.629016 0.642098
0.639734 0.859346
0.650949 1.05078
0.662637 0.907586
0.674772 1.04573
0.687332 0.906748
0.700293 1.23607
0.713633 1.18477
0.727331 1.34487
0.741369 0.93335
0.755726 0.892141
0.770384 0.917232
0.785328 1.19001
0.800541 1.53972
0.816008 1.60879
0.565874 0.606695
0.566262 0.779585
0.567423 0.747528
0.569352 0.92464
0.572042 0.840304
0.575482 0.90172
0.57966 0.833311
0.584558 1.23405
0.590159 0.523355
0.596443 0.884509
0.603389 0.766953
0.610975 0.834397
0.619176 0.737815
0.627969 0.722069
0.63733 0.864752
0.647232 0.927623
0.657653 1.0401
0.668568 0.952825
0.679953 1.01828
0.691785 1.01027
0.704041 0.934738
0.716699 1.03394
0.72974 1.43368
0.743141 1.25457
0.756886 1.00743
0.770954 0.898019
0.785328 1.62671
0.799993 1.34706
0.814932 1.23633
0.830131 1.53749
0.586805 0.934727
0.587178 0.657726
0.588298 0.922432
0.590159 0.540504
0.592755 0.918568
0.596075 0.966602
0.600109 0.7293
0.604842 0.906728
0.610257 0.698099
0.616336 0.844025
0.623061 0.910338
0.630409 0.776005
0.638361 1.32194
0.646894 1.04348
0.655984 0.831614
0.665609 0.781416
0.675747 1.10489
0.686374 0.846464
0.697468 1.22038
0.709008 1.0483
0.720971 0.774034
0.733337 0.781102
0.746087 1.1124
0.7592 1.514
0.772659 1.35712
0.786445 0.828342
0.800541 1.02562
0.814932 1.10608
0.829603 1.1391
0.844537 1.18639
0.607736 0.899477
0.608096 0.723464
0.609177 1.02628
0.610975 0.694614
0.613483 0.731234
0.616692 0.807715
0.620592 0.800031
0.625169 0.801696
0.630409 0.707005
0.636296 1.08059
0.642812 1.00781
0.649938 0.539807
0.657653 0.940812
0.665939 1.01667
0.674772 1.47199
0.684133 0.977587
0.694001 1.15985
0.704352 1.41439
0.715168 0.822227
0.726426 1.05452
0.738107 0.832272
0.750191 1.17993
0.762659 1.12956
0.775492 1.04674
0.788673 1.24917
0.802183 1.46252
0.816008 1.45122
0.830131 1.00317
0.844537 1.13216
0.859213 1.01294
0.0418879 0.222464
0.0468321 0.543105
0.0592384 0.751582
0.0755145 0.629982
0.0936642 1.43606
0.112787 0.753287
0.132461 10.296
0.152474 6.66292
0.172708 1.25157
0.193094 1.00541
0.213587 1.01001
0.23416 1.45275
0.254794 0.689049
0.275475 0.513769
0.296192 0.951211
0.316939 0.65148
0.337711 0.337212
0.358503 0.732978
0.379311 0.677799
0.400134 0.44383
0.420968 0.545195
0.441813 0.509562
0.462667 0.438596
0.483529 0.434833
0.504397 0.563985
0.525272 1.4085
0.546151 0.454658
0.567036 0.898983
0.587925 0.745028
0.608817 0.722911
0.0468321 0.328838
0.051302 0.125601
0.0628319 0.732727
0.0783651 0.783593
0.0959772 4.32109
0.114715 0.934013
0.134107 5.61725
0.153906 1.21036
0.173974 0.976428
0.194226 0.769173
0.214612 1.38784
0.235095 0.33838
0.255654 0.834038
0.27627 0.525765
0.296932 0.852612
0.317631 0.649557
0.33836 0.392253
0.359114 0.495277
0.379889 0.902589
0.400681 0.55489
0.421489 0.747417
0.442309 0.672977
0.463141 0.487324
0.483982 0.874902
0.504832 0.568318
0.525689 0.75578
0.546553 0.651631
0.567423 1.04164
0.588298 0.620536
0.609177 1.03406
0.0592384 0.151643
0.0628319 0.363998
0.072552 1.12692
0.0863541 3.25303
0.102604 4.63938
0.120314 3.08197
0.138926 1.88688
0.158123 6.74983
0.177715 1.11965
0.197585 0.928246
0.217656 1.24806
0.237878 0.861943
0.258214 2.26855
0.278641 0.460681
0.299139 0.403059
0.319696 0.709269
0.340299 0.433415
0.360942 0.441827
0.381617 0.701696
0.40232 0.391479
0.423047 0.490737
0.443794 0.456105
0.464559 0.254556
0.48534 0.62726
0.506133 0.560116
0.526939 0.816951
0.547755 0.801154
0.568581 0.862412
0.589415 0.981647
0.610257 0.717882
0.0755145 1.61006
0.0783651 0.861561
0.0863541 1.82313
0.0982358 1.21575
0.112787 14.8137
0.129107 8.21099
0.146608 3.90643
0.164913 0.613002
0.183782 1.0985
0.203059 1.08563
0.222637 0.731727
0.242444 1.36185
0.262427 1.03775
0.282549 0.68333
0.302783 0.522212
0.323108 0.418595
0.343506 0.421565
0.363967 0.584877
0.38448 0.507796
0.405037 0.557137
0.425631 0.530757
0.446259 0.755285
0.466914 0.637904
0.487594 0.715543
0.508295 0.59172
0.529016 0.849581
0.549754 0.71603
0.570506 0.832655
0.591273 0.909048
0.612051 0.467239
0.0936642 2.12046
0.0959772 3.06058
0.102604 3.79708
0.112787 2.56148
0.125664 0.988324
0.140496 2.82001
0.15673 4.8182
0.173974 4.12045
0.191954 2.92782
0.210484 0.929191
0.229429 0.634498
0.248696 0.632075
0.268213 1.07941
0.287932 0.668794
0.307812 0.652702
0.327825 0.434685
0.347947 0.396434
0.368161 0.552246
0.388452 0.952337
0.40881 0.596223
0.429223 0.692759
0.449686 0.501119
0.470191 0.683192
0.490732 0.683932
0.511307 0.628455
0.53191 0.65029
0.552539 0.957251
0.573191 0.465068
0.593864 0.660405
0.614554 0.790912
0.112787 4.60472
0.114715 1.42033
0.120314 6.98438
0.129107 5.45295
0.140496 15.2561
0.153906 3.41314
0.168856 2.04468
0.184972 1.7455
0.201976 1.77387
0.219662 0.467932
0.237878 1.8267
0.25651 0.732214
0.275475 0.534835
0.294708 0.739269
0.314159 0.331974
0.333792 0.30357
0.353575 0.606759
0.373484 0.348813
0.393501 0.473496
0.41361 0.692401
0.433798 0.548628
0.454054 0.875621
0.47437 0.671467
0.494739 0.496626
0.515153 0.605104
0.535609 0.685221
0.5561 0.817206
0.576625 1.03427
0.597178 0.764773
0.617758 1.05085
0.132461 39.3994
0.134107 5.22234
0.138926 8.38419
0.146608 8.49982
0.15673 0.966787
0.168856 2.21193
0.182585 1.02105
0.197585 3.36882
0.213587 2.76458
0.230383 2.59097
0.247812 0.993798
0.265749 0.75736
0.284098 0.591291
0.302783 0.406348
0.321747 0.309962
0.340943 0.539045
0.360333 0.738371
0.379889 0.46188
0.399585 0.672996
0.419402 0.532187
0.439324 0.8144
0.459337 0.745329
0.479429 0.504796
0.499591 0.735037
0.519815 0.944058
0.540094 0.666403
0.560422 0.697722
0.580794 0.738735
0.601204 0.765546
0.621651 0.694564
0.152474 0.764291
0.153906 4.71402
0.158123 2.0282
0.164913 2.32145
0.173974 0.826419
0.184972 2.76324
0.197585 1.28415
0.211524 0.820547
0.226543 0.865336
0.242444 0.445192
0.259062 1.54657
0.27627 0.413624
0.293962 0.782662
0.312058 0.489753
0.33049 0.439413
0.349205 0.377321
0.368161 0.447737
0.387322 0.837992
0.406658 0.721003
0.426146 0.533404
0.445767 0.455829
0.465503 0.690742
0.48534 0.74532
0.505266 0.877739
0.525272 0.714155
0.545348 0.716379
0.565487 0.52961
0.585682 0.687976
0.605928 0.844486
0.626221 1.09154
0.172708 4.81608
0.173974 2.93042
0.177715 4.07004
0.183782 2.88574
0.191954 1.44716
0.201976 0.762976
0.213587 1.09212
0.226543 0.422899
0.240628 0.608048
0.255654 0.834505
0.271465 1.17397
0.287932 0.44032
0.304949 0.864161
0.322428 0.654423
0.340299 0.458034
0.358503 0.563667
0.376991 0.676511
0.395724 0.570173
0.414669 0.488016
0.433798 0.474615
0.453087 0.584648
0.472517 0.667091
0.492071 0.624603
0.511736 0.57429
0.531498 0.581627
0.551347 0.698169
0.571275 0.873928
0.591273 0.98458
0.611334 0.968479
0.631452 1.1
0.193094 0.41425
0.194226 0.788913
0.197585 0.761742
0.203059 0.93704
0.210484 1.10174
0.219662 0.996162
0.230383 0.668571
0.242444 0.629606
0.255654 1.17051
0.269844 0.333962
0.284869 0.542122
0.300602 0.299492
0.316939 0.464776
0.333792 0.537776
0.351085 0.611454
0.368756 0.54301
0.386755 0.668223
0.405037 0.645773
0.423565 0.56852
0.442309 0.567982
0.461243 0.824436
0.480343 0.579474
0.499591 0.651487
0.518971 0.792319
0.538467 0.830968
0.558069 0.688946
0.577765 0.876765
0.597545 0.845173
0.617403 0.927159
0.63733 1.14213
0.213587 0.520263
0.214612 1.1708
0.217656 0.362761
0.222637 1.53614
0.229429 0.699852
0.237878 0.870121
0.247812 0.628061
0.259062 0.324697
0.271465 0.274058
0.284869 0.935643
0.299139 0.626185
0.314159 0.340642
0.329826 0.537084
0.346051 0.623675
0.36276 0.444113
0.379889 0.476423
0.397384 0.734659
0.415198 0.523568
0.433292 0.445636
0.451632 0.605752
0.470191 0.499295
0.488941 0.713422
0.507864 0.777814
0.526939 0.630651
0.546151 0.750262
0.565487 1.27514
0.584933 0.610156
0.604479 0.799033
0.624116 0.625785
0.643835 0.81207
0.23416 0.638905
0.235095 0.697027
0.237878 1.27704
0.242444 0.556864
0.248696 0.835644
0.25651 0.880224
0.265749 0.618182
0.27627 0.560421
0.287932 0.522661
0.300602 0.383395
0.314159 0.429332
0.328493 0.690962
0.343506 0.751547
0.359114 0.62146
0.375242 0.696027
0.391825 0.629665
0.40881 0.480705
0.426146 1.05212
0.443794 0.683293
0.461718 0.642852
0.479886 0.51068
0.498272 0.63211
0.516853 0.623165
0.535609 0.847088
0.554521 0.510488
0.573574 0.754758
0.592755 0.688841
0.612051 0.888039
0.631452 0.699236
0.650949 1.35742
0.254794 0.494955
0.255654 0.555815
0.258214 1.65902
0.262427 0.50951
0.268213 1.09812
0.275475 1.10643
0.284098 0.923171
0.293962 0.862392
0.304949 1.14208
0.316939 0.493637
0.329826 0.390159
0.343506 0.717354
0.35789 0.632366
0.372896 0.473942
0.388452 0.501035
0.404495 0.650825
0.420968 0.76195
0.437824 0.491081
0.455019 0.850395
0.472517 1.00237
0.490285 0.73666
0.508295 0.558711
0.526523 0.518056
0.544945 0.710021
0.563544 0.549027
0.582302 0.755896
0.601204 1.10052
0.620238 0.97423
0.639391 0.627774
0.658653 1.18729
0.275475 0.535755
0.27627 0.780632
0.278641 0.411001
0.282549 0.839115
0.287932 0.705389
0.294708 0.461227
0.302783 0.652524
0.312058 0.639438
0.322428 0.440692
0.333792 0.497007
0.346051 0.529486
0.359114 0.441014
0.372896 0.431929
0.387322 0.734176
0.40232 0.609943
0.417831 0.460414
0.433798 0.589848
0.450173 0.549678
0.466914 0.677829
0.483982 0.574346
0.501344 0.477228
0.518971 0.995419
0.536836 0.58379
0.554916 0.606767
0.573191 0.856601
0.591643 0.746564
0.610257 0.983809
0.629016 0.869789
0.64791 1.44237
0.666926 0.9224
0.296192 0.497457
0.296932 0.444213
0.299139 0.531343
0.302783 0.524209
0.307812 0.439053
0.314159 0.508197
0.321747 0.84669
0.33049 0.688058
0.340299 0.623391
0.351085 0.34064
0.36276 0.660158
0.375242 0.993229
0.388452 0.603296
0.40232 0.627464
0.416779 0.485562
0.431771 0.665388
0.44724 0.602492
0.463141 0.580003
0.479429 0.862618
0.496067 0.662219
0.51302 0.760612
0.530258 0.844309
0.547755 0.836816
0.565487 0.719313
0.583431 0.882072
0.601569 0.516584
0.619884 0.92493
0.638361 0.505011
0.656986 0.961564
0.675747 1.52094
0.316939 0.458843
0.317631 0.385054
0.319696 0.628498
0.323108 0.683708
0.327825 0.473427
0.333792 1.00078
0.340943 0.718299
0.349205 0.394207
0.358503 0.575834
0.368756 0.627507
0.379889 0.513575
0.391825 0.387457
0.404495 1.16725
0.417831 0.637856
0.431771 0.706463
0.446259 0.626493
0.461243 0.661786
0.476676 0.499766
0.492517 1.05937
0.508727 0.591903
0.525272 0.735144
0.542121 0.911033
0.559247 0.820919
0.576625 0.805924
0.594233 0.678761
0.612051 0.78523
0.630061 0.852608
0.648248 0.911556
0.666597 1.21836
0.685095 1.14264
0.337711 0.424714
0.33836 0.648729
0.340299 0.753647
0.343506 0.55108
0.347947 0.607945
0.353575 0.316699
0.360333 0.58794
0.368161 0.537293
0.376991 0.696192
0.386755 0.90945
0.397384 0.507767
0.40881 0.43129
0.420968 0.435133
0.433798 0.513013
0.44724 0.663091
0.461243 0.652465
0.475755 0.529718
0.490732 0.448363
0.506133 0.620529
0.521921 0.363871
0.53806 0.578151
0.554521 0.694066
0.571275 0.636415
0.588298 0.593854
0.605566 0.913248
0.623061 0.9817
0.640762 1.05112
0.658653 1.11833
0.67672 1.20294
0.694948 1.01639
0.358503 0.776892
0.359114 0.714762
0.360942 0.883321
0.363967 0.443925
0.368161 0.499611
0.373484 0.351062
0.379889 0.640879
0.387322 0.634198
0.395724 0.440557
0.405037 0.396496
0.415198 0.628632
0.426146 0.532492
0.437824 0.609677
0.450173 0.584964
0.463141 0.398616
0.476676 0.645668
0.490732 0.912426
0.505266 0.663101
0.520237 0.667754
0.535609 0.534584
0.551347 0.524649
0.567423 0.838482
0.583807 0.815714
0.600474 0.621706
0.617403 0.624664
0.634571 0.917529
0.651959 1.08842
0.669552 1.13009
0.687332 1.4144
0.705286 1.10565
0.379311 0.778335
0.379889 0.429538
0.381617 0.463936
0.38448 0.807739
0.388452 0.519742
0.393501 0.748063
0.399585 0.612182
0.406658 0.568278
0.414669 0.560113
0.423565 0.8012
0.433292 0.617224
0.443794 0.49203
0.455019 0.722987
0.466914 0.495424
0.479429 0.89761
0.492517 0.674698
0.506133 0.597483
0.520237 1.09124
0.534789 0.917902
0.549754 0.729369
0.565099 1.01306
0.580794 0.677725
0.596811 0.824432
0.613125 0.821885
0.629713 1.07701
0.646554 0.718972
0.663629 1.13438
0.68092 1.20301
0.698411 1.24468
0.716087 1.15897
0.400134 0.666495
0.400681 0.515176
0.40232 0.947699
0.405037 0.857757
0.40881 0.768832
0.41361 0.509779
0.419402 0.598707
0.426146 0.661281
0.433798 0.479414
0.442309 0.778249
0.451632 0.407772
0.461718 0.501328
0.472517 0.679758
0.483982 0.462894
0.496067 0.503432
0.508727 1.05858
0.521921 0.837573
0.535609 0.78179
0.549754 0.577804
0.564322 0.843359
0.579281 0.706905
0.594602 0.741111
0.610257 0.888098
0.626221 0.956821
0.642471 1.05302
0.658986 1.36598
0.675747 1.1259
0.692735 1.20517
0.709935 1.11631
0.727331 1.19729
0.420968 0.616026
0.421489 0.477999
0.423047 0.410615
0.425631 0.793744
0.429223 0.518669
0.433798 0.774034
0.439324 0.722614
0.445767 0.668306
0.453087 0.634012
0.461243 0.742932
0.470191 0.905526
0.479886 0.737183
0.490285 0.753415
0.501344 0.653244
0.51302 0.682574
0.525272 0.905268
0.53806 0.602787
0.551347 0.786395
0.565099 0.660993
0.579281 0.680359
0.593864 1.09299
0.608817 0.784134
0.624116 0.739938
0.639734 0.849736
0.655649 0.974179
0.671841 1.08097
0.688288 0.960789
0.704975 1.23213
0.721883 1.17073
0.738998 1.37164
0.441813 0.7724
0.442309 0.742322
0.443794 0.446102
0.446259 0.609076
0.449686 0.810447
0.454054 0.423605
0.459337 0.831737
0.465503 0.412408
0.472517 0.635225
0.480343 0.626906
0.488941 0.76077
0.498272 0.792395
0.508295 0.656165
0.518971 0.747077
0.530258 0.966858
0.542121 0.735821
0.554521 0.790006
0.567423 0.798836
0.580794 0.798148
0.594602 0.976252
0.608817 0.92297
0.623412 0.990579
0.638361 1.00025
0.653639 0.901314
0.669224 0.867532
0.685095 0.846414
0.701232 1.47932
0.717617 1.47528
0.734234 1.36469
0.751068 1.15212
0.462667 0.587601
0.463141 0.586848
0.464559 0.519944
0.466914 0.5885
0.470191 0.511215
0.47437 0.994737
0.479429 0.536728
0.48534 0.464923
0.492071 0.389029
0.499591 0.962011
0.507864 0.432332
0.516853 0.606299
0.526523 0.801318
0.536836 0.691817
0.547755 0.732563
0.559247 0.732337
0.571275 1.03998
0.583807 0.956443
0.596811 0.824897
0.610257 1.02367
0.624116 0.802052
0.638361 0.77492
0.652968 0.769837
0.667912 0.958337
0.683171 0.806862
0.698725 0.86065
0.714554 1.01465
0.730641 1.11512
0.746968 1.34909
0.763521 1.0551
0.483529 0.736755
0.483982 0.798306
0.48534 0.710353
0.487594 0.524398
0.490732 0.367569
0.494739 0.911525
0.499591 0.678407
0.505266 0.540093
0.511736 0.786874
0.518971 0.726375
0.526939 0.565947
0.535609 0.626025
0.544945 0.846548
0.554916 0.941947
0.565487 1.02586
0.576625 0.86248
0.588298 0.792026
0.600474 0.853598
0.613125 0.792674
0.626221 0.604204
0.639734 1.14699
0.653639 0.962646
0.667912 1.42745
0.682529 1.02965
0.697468 0.846056
0.71271 1.25791
0.728235 1.43285
0.744026 1.08762
0.760066 0.86751
0.77634 0.93774
0.504397 0.481139
0.504832 0.666178
0.506133 0.534652
0.508295 0.625781
0.511307 0.573896
0.515153 0.727189
0.519815 0.514704
0.525272 0.70278
0.531498 0.72634
0.538467 1.01627
0.546151 0.728609
0.554521 0.567669
0.563544 0.628578
0.573191 0.782687
0.583431 0.800797
0.594233 0.661028
0.605566 0.731101
0.617403 0.78638
0.629713 0.75913
0.642471 0.936841
0.655649 0.848713
0.669224 1.30237
0.683171 0.871576
0.697468 1.08467
0.712094 1.01049
0.72703 1.15897
0.742256 0.89527
0.757754 1.31038
0.77351 1.47377
0.789506 1.58231
0.525272 0.591224
0.525689 0.643393
0.526939 1.00129
0.529016 1.0492
0.53191 0.730345
0.535609 0.53067
0.540094 0.650637
0.545348 0.535248
0.551347 0.683572
0.558069 0.651984
0.565487 0.802019
0.573574 0.780308
0.582302 0.678598
0.591643 0.92988
0.601569 0.702979
0.612051 0.969295
0.623061 0.738611
0.634571 0.892942
0.646554 0.870228
0.658986 1.03586
0.671841 0.982449
0.685095 1.03703
0.698725 1.33765
0.71271 1.51414
0.72703 1.62122
0.741664 1.28507
0.756596 1.3852
0.771807 1.32584
0.787281 1.61711
0.803003 1.04424
0.546151 0.715806
0.546553 0.722819
0.547755 0.631516
0.549754 0.560496
0.552539 0.805744
0.5561 0.584174
0.560422 0.712593
0.565487 1.0487
0.571275 1.07555
0.577765 1.05615
0.584933 0.564535
0.592755 1.11012
0.601204 0.872472
0.610257 0.765434
0.619884 1.03181
0.630061 1.1233
0.640762 1.14887
0.651959 1.10524
0.663629 0.751066
0.675747 1.01914
0.688288 1.10705
0.701232 0.972721
0.714554 0.94995
0.728235 1.26465
0.742256 0.973567
0.756596 1.0279
0.771238 1.65195
0.786166 1.07
0.801363 0.668275
0.816814 1.22663
0.567036 0.83771
0.567423 0.666946
0.568581 0.618842
0.570506 1.02609
0.573191 0.561768
0.576625 0.836208
0.580794 1.3237
0.585682 0.806604
0.591273 0.827007
0.597545 0.806254
0.604479 0.876709
0.612051 0.767173
0.620238 0.876495
0.629016 0.73259
0.638361 0.881305
0.648248 0.955521
0.658653 1.18266
0.669552 0.777229
0.68092 1.27834
0.692735 1.18207
0.704975 1.1096
0.717617 1.46138
0.730641 1.00778
0.744026 1.31626
0.757754 1.39996
0.771807 1.26996
0.786166 1.07066
0.800815 1.18396
0.815739 1.34269
0.830923 1.25224
0.587925 0.891977
0.588298 0.80319
0.589415 0.955065
0.591273 0.670722
0.593864 1.00074
0.597178 1.02052
0.601204 0.920251
0.605928 0.754244
0.611334 1.1483
0.617403 0.70756
0.624116 0.781192
0.631452 0.836603
0.639391 0.905433
0.64791 0.826418
0.656986 1.11349
0.666597 0.967992
0.67672 1.3691
0.687332 0.866859
0.698411 1.30535
0.709935 1.50148
0.721883 1.37569
0.734234 0.680217
0.746968 1.21371
0.760066 1.09079
0.77351 0.831722
0.787281 1.27857
0.801363 1.1687
0.815739 1.47276
0.830395 1.02106
0.845316 0.919543
0.608817 0.973179
0.609177 0.711667
0.610257 0.83496
0.612051 0.775254
0.614554 1.10818
0.617758 0.836058
0.621651 0.903856
0.626221 0.761214
0.631452 0.828481
0.63733 0.763286
0.643835 1.19851
0.650949 1.07674
0.658653 1.27643
0.666926 1.04157
0.675747 0.994006
0.685095 1.03429
0.694948 1.48127
0.705286 1.05126
0.716087 1.13401
0.727331 0.984785
0.738998 0.994155
0.751068 1.78034
0.763521 1.03427
0.77634 0.918634
0.789506 0.917681
0.803003 1.17507
0.816814 1.15743
0.830923 1.51122
0.845316 1.39468
0.859978 0.926475
0.0628319 2.48476
0.0662306 0.355136
0.0755145 2.6396
0.0888577 3.52813
0.10472 8.63999
0.122123 5.29574
0.140496 2.84452
0.159504 12.4442
0.178945 1.38017
0.198692 0.393828
0.218661 1.90376
0.238798 0.574408
0.259062 1.19562
0.279427 0.724165
0.299872 0.379906
0.320381 0.603034
0.340943 0.390038
0.361549 0.728809
0.382191 0.542211
0.402865 0.519088
0.423565 0.506653
0.444288 0.538291
0.465031 0.676633
0.485791 0.582839
0.506567 0.487832
0.527355 0.779934
0.548156 0.543023
0.568967 0.892459
0.589787 1.08786
0.610616 1.13961
0.0662306 1.35557
0.0694632 0.517614
0.0783651 0.166841
0.0912926 1.16427
0.106794 1.11864
0.123906 9.27874
0.142049 3.31349
0.160874 1.01957
0.180167 0.494038
0.199793 0.48597
0.219662 1.98605
0.239714 1.0385
0.259908 0.735222
0.280211 0.817148
0.300602 0.521935
0.321065 0.407942
0.341586 0.810573
0.362155 0.35667
0.382765 0.615218
0.403409 0.587844
0.424083 0.92884
0.444782 0.696912
0.465503 0.741981
0.486243 0.541669
0.506999 0.705961
0.527771 0.655522
0.548556 0.837153
0.569352 0.795884
0.590159 0.851675
0.610975 0.997159
0.0755145 2.39178
0.0783651 0.347161
0.0863541 3.59915
0.0982358 1.10283
0.112787 1.97233
0.129107 8.94888
0.146608 1.31679
0.164913 1.1681
0.183782 2.01636
0.203059 0.728585
0.222637 0.675191
0.242444 1.02899
0.262427 0.752772
0.282549 1.02687
0.302783 0.55247
0.323108 0.410937
0.343506 0.731659
0.363967 0.574309
0.38448 0.462185
0.405037 0.647056
0.425631 0.596365
0.446259 0.619796
0.466914 1.01509
0.487594 0.763436
0.508295 0.808045
0.529016 0.895347
0.549754 1.04366
0.570506 0.723456
0.591273 0.890815
0.612051 1.1118
0.0888577 0.771741
0.0912926 0.26191
0.0982358 1.66133
0.108828 4.88981
0.122123 3.02325
0.137339 2.8714
0.153906 10.0952
0.171434 1.28271
0.189656 0.989986
0.20839 0.844837
0.22751 0.375766
0.246926 1.97263
0.266573 0.629702
0.286404 0.338318
0.306384 0.520546
0.326484 0.364063
0.346684 0.531825
0.366968 0.587712
0.387322 0.521946
0.407735 0.552984
0.4282 0.86677
0.448709 0.600911
0.469257 0.545477
0.489838 0.44199
0.510448 0.93432
0.531085 0.687108
0.551745 0.625898
0.572425 0.866219
0.593124 0.720546
0.61384 0.85663
0.10472 3.32092
0.106794 0.599061
0.112787 11.3432
0.122123 0.678112
0.134107 6.85812
0.148096 7.69952
0.163577 3.00067
0.180167 1.16296
0.197585 0.983931
0.215631 0.725053
0.23416 0.549138
0.253067 0.636806
0.272271 0.523093
0.291715 0.296103
0.311354 0.489793
0.331153 0.752485
0.351085 1.1292
0.371128 0.441759
0.391265 0.735714
0.411483 0.511681
0.431771 0.39076
0.452118 0.643816
0.472517 0.60122
0.492962 0.596587
0.513447 0.699707
0.533968 0.661561
0.554521 0.745127
0.575101 0.988809
0.595707 0.961382
0.616336 0.932177
0.122123 2.84411
0.123906 13.5059
0.129107 0.61443
0.137339 3.42809
0.148096 9.82539
0.160874 5.00881
0.17523 0.526846
0.190808 0.610273
0.207335 0.682027
0.224599 1.17858
0.242444 0.292192
0.26075 0.733843
0.279427 0.587803
0.298405 0.422761
0.317631 0.310457
0.337061 0.439078
0.356663 0.385997
0.376409 0.338073
0.396278 0.668164
0.416253 0.618116
0.436318 0.830998
0.456463 0.54721
0.476676 0.818988
0.49695 0.657388
0.517277 0.530363
0.537652 0.687169
0.558069 0.910999
0.578523 0.601444
0.599012 1.24387
0.61953 1.00108
0.140496 22.8448
0.142049 7.95415
0.146608 5.17264
0.153906 0.78114
0.163577 1.92967
0.17523 2.67335
0.188496 1.61656
0.203059 2.53502
0.218661 1.65249
0.235095 0.482655
0.252199 0.646075
0.269844 0.535912
0.287932 0.926317
0.306384 0.336123
0.325138 0.683969
0.344144 0.482994
0.363364 0.319042
0.382765 0.565283
0.40232 0.453811
0.422009 0.681594
0.441813 0.775435
0.461718 0.967697
0.481711 0.753748
0.501781 0.982559
0.521921 0.810945
0.542121 1.18249
0.562375 0.935256
0.582679 0.975637
0.603026 1.10072
0.623412 0.723933
0.159504 2.55541
0.160874 4.91689
0.164913 1.04397
0.171434 0.475901
0.180167 3.90409
0.190808 1.73294
0.203059 0.742593
0.216646 0.436522
0.231334 0.705947
0.246926 0.65296
0.263261 0.60661
0.280211 0.810787
0.297669 0.367888
0.315552 0.583842
0.333792 0.521187
0.352332 0.889441
0.371128 0.496149
0.390143 0.860274
0.409346 0.44174
0.428712 0.674194
0.44822 0.382084
0.467852 0.557122
0.487594 0.71075
0.507432 0.812683
0.527355 0.54039
0.547355 0.568313
0.567423 0.563286
0.587552 1.05031
0.607736 1.17143
0.627969 0.849859
0.178945 2.7476
0.180167 1.24681
0.183782 1.69017
0.189656 1.41159
0.197585 0.781055
0.207335 0.866811
0.218661 0.691887
0.231334 1.1022
0.245143 0.804116
0.259908 0.992958
0.275475 0.404161
0.291715 1.29463
0.308524 0.733981
0.325811 0.688396
0.343506 0.487425
0.361549 0.704825
0.379889 0.935369
0.398486 0.955949
0.417305 0.431262
0.436318 0.375766
0.455501 0.496089
0.474832 0.666608
0.494295 0.690235
0.513874 0.59101
0.533557 0.641317
0.553333 0.690729
0.573191 0.933867
0.593124 0.982476
0.613125 0.73986
0.633187 1.12576
0.198692 0.768263
0.199793 0.447567
0.203059 2.10995
0.20839 0.655215
0.215631 0.966111
0.224599 1.43463
0.235095 1.06483
0.246926 1.05941
0.259908 0.722396
0.273878 0.38483
0.288692 0.604128
0.304228 0.530716
0.320381 0.320614
0.337061 0.451676
0.354194 0.575408
0.371718 0.483245
0.38958 0.489903
0.407735 0.701839
0.426146 0.315857
0.444782 0.732642
0.463614 0.662431
0.482621 0.638906
0.501781 0.807715
0.521079 0.760552
0.5405 0.767947
0.56003 0.693865
0.57966 1.16466
0.599378 1.06491
0.619176 0.748194
0.639048 0.954004
0.218661 0.67662
0.219662 0.778571
0.222637 0.769522
0.22751 0.844437
0.23416 0.607599
0.242444 0.602651
0.252199 1.17999
0.263261 0.736199
0.275475 0.449039
0.288692 0.30436
0.302783 0.555665
0.317631 0.316993
0.333134 0.638159
0.349205 0.614414
0.36577 0.504636
0.382765 0.360177
0.400134 0.499418
0.417831 0.582072
0.435815 0.56344
0.454054 0.495939
0.472517 0.765127
0.491179 0.632882
0.510019 0.672028
0.529016 0.66946
0.548156 0.914002
0.567423 0.710005
0.586805 1.03759
0.60629 0.778425
0.62587 1.0341
0.645536 0.972118
0.238798 0.366809
0.239714 0.924743
0.242444 0.437536
0.246926 0.570763
0.253067 0.433013
0.26075 0.545732
0.269844 0.548096
0.280211 0.675001
0.291715 0.964382
0.304228 0.341901
0.317631 0.434767
0.331815 0.647163
0.346684 0.552463
0.362155 0.332804
0.378153 0.425986
0.394614 0.374751
0.411483 0.588931
0.428712 0.489404
0.446259 0.463562
0.464087 0.78612
0.482166 0.591378
0.500468 0.639162
0.518971 0.641749
0.537652 0.569821
0.556495 0.654332
0.575482 0.635561
0.594602 0.942748
0.61384 1.17403
0.633187 0.777607
0.652632 0.963086
0.259062 0.450843
0.259908 0.737583
0.262427 0.752534
0.266573 0.685997
0.272271 0.383354
0.279427 0.455305
0.287932 0.387663
0.297669 0.371864
0.308524 0.578014
0.320381 0.422249
0.333134 0.443547
0.346684 0.345732
0.360942 0.438261
0.375826 0.645952
0.391265 0.648555
0.407197 0.739065
0.423565 0.571689
0.440321 0.454969
0.457423 0.630885
0.474832 0.404656
0.492517 0.757662
0.510448 0.601741
0.528601 0.726508
0.546954 0.444418
0.565487 0.571153
0.584182 0.716633
0.603026 0.583471
0.622004 1.23393
0.641104 0.921888
0.660316 0.892489
0.279427 0.77113
0.280211 0.638919
0.282549 0.449355
0.286404 0.330007
0.291715 0.4847
0.298405 0.581186
0.306384 0.289561
0.315552 0.563037
0.325811 0.594227
0.337061 0.642698
0.349205 0.541486
0.362155 0.396702
0.375826 0.831402
0.390143 1.10414
0.405037 0.40497
0.420447 0.546457
0.436318 0.704908
0.452603 0.547427
0.469257 0.723217
0.486243 0.801055
0.503527 0.812342
0.521079 0.878429
0.538874 0.545547
0.556889 0.798857
0.575101 0.884647
0.593494 0.924648
0.612051 0.752525
0.630757 0.761924
0.6496 0.965219
0.668568 0.840436
0.299872 0.405511
0.300602 0.470131
0.302783 0.703614
0.306384 0.414805
0.311354 0.412822
0.317631 0.592139
0.325138 0.837251
0.333792 0.472124
0.343506 0.626226
0.354194 0.450218
0.36577 0.383895
0.378153 0.550716
0.391265 0.630578
0.405037 0.824941
0.419402 0.739734
0.434303 0.556561
0.449686 0.591996
0.465503 0.767974
0.481711 0.711173
0.498272 0.461383
0.515153 0.446125
0.532323 0.941251
0.549754 0.618758
0.567423 0.760196
0.585308 0.608083
0.603389 0.80325
0.621651 0.925978
0.640077 0.703675
0.658653 0.808515
0.677368 1.21752
0.320381 0.458838
0.321065 1.23888
0.323108 0.871327
0.326484 0.988858
0.331153 0.581222
0.337061 0.413219
0.344144 1.05979
0.352332 0.383162
0.361549 0.579054
0.371718 0.35736
0.382765 0.395585
0.394614 0.625773
0.407197 0.452005
0.420447 0.661959
0.434303 0.6338
0.448709 0.558438
0.463614 0.781786
0.478971 0.52376
0.494739 1.00241
0.510878 0.645205
0.527355 0.91713
0.54414 0.858911
0.561204 0.626371
0.578523 1.11204
0.596075 0.800935
0.61384 0.700386
0.6318 1.06141
0.649938 1.13775
0.66824 1.03027
0.686693 1.01297
0.340943 0.617525
0.341586 0.241924
0.343506 0.504535
0.346684 0.770767
0.351085 0.484139
0.356663 0.578384
0.363364 0.545066
0.371128 0.823621
0.379889 0.586272
0.38958 0.421573
0.400134 0.603525
0.411483 0.540991
0.423565 0.51585
0.436318 0.427432
0.449686 0.926654
0.463614 0.746104
0.478055 0.762149
0.492962 0.735193
0.508295 0.750764
0.524017 0.885605
0.540094 0.472329
0.556495 0.728151
0.573191 0.939196
0.590159 1.11253
0.607375 0.85192
0.624818 0.798044
0.642471 0.593939
0.660316 0.918498
0.678338 1.22577
0.696524 0.99618
0.361549 0.477706
0.362155 0.633327
0.363967 0.629174
0.366968 0.52755
0.371128 0.73508
0.376409 0.528223
0.382765 0.500487
0.390143 0.497286
0.398486 0.748685
0.407735 0.52425
0.417831 0.917752
0.428712 1.11802
0.440321 0.663207
0.452603 0.586515
0.465503 0.647986
0.478971 0.696817
0.492962 0.661942
0.507432 0.549496
0.522341 0.575953
0.537652 1.04172
0.553333 0.858875
0.569352 0.568719
0.585682 1.08504
0.602298 1.02296
0.619176 0.800247
0.636296 0.819244
0.653639 0.836489
0.671187 1.12514
0.688925 0.928007
0.706839 1.38006
0.382191 0.475317
0.382765 0.926346
0.38448 0.54348
0.387322 0.465437
0.391265 0.73413
0.396278 0.557425
0.40232 0.848208
0.409346 0.650358
0.417305 1.03897
0.426146 0.682756
0.435815 0.646421
0.446259 0.88686
0.457423 0.473118
0.469257 0.615338
0.481711 0.648599
0.494739 0.552833
0.508295 0.69944
0.522341 0.758108
0.536836 0.862599
0.551745 0.985718
0.567036 0.677099
0.582679 0.975356
0.598645 0.665663
0.614911 0.762399
0.631452 0.875809
0.648248 0.945115
0.66528 1.11606
0.682529 1.37148
0.699979 1.39494
0.717617 1.25667
0.402865 0.589358
0.403409 0.567326
0.405037 0.740245
0.407735 0.453165
0.411483 0.638294
0.416253 0.43842
0.422009 0.438513
0.428712 0.681043
0.436318 0.460418
0.444782 0.601548
0.454054 0.486729
0.464087 0.446651
0.474832 0.553319
0.486243 0.83905
0.498272 0.707713
0.510878 0.673257
0.524017 0.810433
0.537652 0.583651
0.551745 0.788791
0.566262 0.928
0.581171 0.682993
0.596443 0.763899
0.612051 0.74625
0.627969 0.953917
0.644175 1.12238
0.660648 1.15237
0.677368 1.01349
0.694316 1.23513
0.711478 0.891171
0.728837 1.17461
0.423565 0.645478
0.424083 0.550993
0.425631 0.442031
0.4282 0.733807
0.431771 0.57825
0.436318 0.602524
0.441813 1.03488
0.44822 0.448376
0.455501 0.691767
0.463614 0.361221
0.472517 0.505332
0.482166 0.565762
0.492517 0.791285
0.503527 1.07517
0.515153 0.642786
0.527355 0.821501
0.540094 0.667806
0.553333 0.785223
0.567036 0.76
0.581171 0.840131
0.595707 0.961956
0.610616 0.718459
0.62587 0.960199
0.641446 0.971385
0.65732 0.765687
0.673471 1.04158
0.68988 0.765318
0.706529 1.17676
0.723401 0.753398
0.74048 1.18426
0.444288 0.538804
0.444782 0.558732
0.446259 0.519269
0.448709 0.545959
0.452118 0.84503
0.456463 0.65616
0.461718 0.56852
0.467852 0.622073
0.474832 0.458101
0.482621 0.890758
0.491179 0.584562
0.500468 0.654622
0.510448 0.520105
0.521079 0.965086
0.532323 0.463183
0.54414 0.734334
0.556495 0.840114
0.569352 0.922744
0.582679 0.633222
0.596443 0.897495
0.610616 0.89958
0.625169 0.682005
0.640077 0.922032
0.655315 0.840081
0.670861 1.11462
0.686693 1.77259
0.702794 1.09256
0.719143 1.34264
0.735726 1.31172
0.752526 1.16709
0.465031 0.579973
0.465503 0.47996
0.466914 0.560007
0.469257 0.613604
0.472517 0.652708
0.476676 0.772959
0.481711 0.695076
0.487594 0.612766
0.494295 0.78274
0.501781 0.655367
0.510019 0.656987
0.518971 0.576672
0.528601 0.773039
0.538874 1.00052
0.549754 0.921146
0.561204 0.939072
0.573191 0.840412
0.585682 0.654629
0.598645 0.983994
0.612051 1.12724
0.62587 0.758309
0.640077 0.979678
0.654645 1.02933
0.669552 0.898635
0.684774 1.00666
0.700293 0.812777
0.716087 1.25241
0.73214 1.51655
0.748435 1.00242
0.764956 0.902965
0.485791 0.685417
0.486243 0.521367
0.487594 1.07097
0.489838 0.51391
0.492962 0.840601
0.49695 0.65266
0.501781 0.542316
0.507432 0.580449
0.513874 0.853941
0.521079 0.470075
0.529016 0.701718
0.537652 0.65405
0.546954 1.0832
0.556889 0.932909
0.567423 0.718331
0.578523 0.885415
0.590159 1.0379
0.602298 0.608776
0.614911 0.813556
0.627969 1.08832
0.641446 0.947839
0.655315 1.08788
0.669552 0.805648
0.684133 1.05419
0.699039 0.876508
0.714247 0.925676
0.72974 1.0544
0.745499 0.767279
0.761508 1.40748
0.777751 1.13647
0.506567 0.767803
0.506999 0.748607
0.508295 0.499131
0.510448 0.854867
0.513447 0.74395
0.517277 0.651298
0.521921 0.584137
0.527355 0.490544
0.533557 0.89952
0.5405 0.535309
0.548156 0.647948
0.556495 0.535828
0.565487 0.79948
0.575101 0.619668
0.585308 0.696076
0.596075 0.618614
0.607375 0.826539
0.619176 0.789724
0.631452 0.878433
0.644175 1.05251
0.65732 1.05332
0.670861 1.15935
0.684774 1.13434
0.699039 1.20604
0.713633 0.994093
0.728536 1.31529
0.743731 1.25805
0.7592 1.3722
0.774926 1.10462
0.790894 1.43564
0.527355 0.59387
0.527771 0.749345
0.529016 0.498496
0.531085 0.795773
0.533968 0.833638
0.537652 0.715253
0.542121 0.467924
0.547355 0.79097
0.553333 0.654698
0.56003 0.901573
0.567423 0.674416
0.575482 0.977471
0.584182 0.755703
0.593494 0.942915
0.603389 0.801265
0.61384 0.871805
0.624818 0.929294
0.636296 0.688636
0.648248 1.31911
0.660648 1.22782
0.673471 1.11322
0.686693 1.26098
0.700293 0.961999
0.714247 0.933283
0.728536 0.996326
0.743141 0.927613
0.758044 1.48007
0.773226 0.860097
0.788673 1.23418
0.804368 1.23286
0.548156 0.740699
0.548556 1.35008
0.549754 0.823808
0.551745 0.770604
0.554521 0.832341
0.558069 1.09803
0.562375 0.57473
0.567423 0.606926
0.573191 0.70987
0.57966 0.833946
0.586805 0.722431
0.594602 0.789446
0.603026 1.35816
0.612051 0.887735
0.621651 1.09691
0.6318 0.924046
0.642471 1.20724
0.653639 0.940072
0.66528 0.874645
0.677368 1.0733
0.68988 0.913287
0.702794 0.978907
0.716087 1.15253
0.72974 1.42617
0.743731 1.26108
0.758044 1.25863
0.772659 0.88373
0.787559 0.913969
0.80273 0.898144
0.818156 1.36125
0.568967 0.830856
0.569352 0.808679
0.570506 0.766395
0.572425 0.653215
0.575101 0.764089
0.578523 0.667765
0.582679 1.04507
0.587552 0.742071
0.593124 0.714993
0.599378 1.08127
0.60629 0.910734
0.61384 0.974566
0.622004 0.714058
0.630757 0.777972
0.640077 1.24139
0.649938 1.33915
0.660316 0.890507
0.671187 1.26047
0.682529 0.891541
0.694316 0.829525
0.706529 1.1058
0.719143 1.50877
0.73214 0.994984
0.745499 1.31356
0.7592 1.11853
0.773226 1.23328
0.787559 1.18574
0.802183 1.46681
0.817083 1.46517
0.832242 1.41602
0.589787 0.709483
0.590159 1.06985
0.591273 1.13827
0.593124 0.869624
0.595707 1.30611
0.599012 0.675603
0.603026 0.692925
0.607736 0.996772
0.613125 0.660553
0.619176 1.01829
0.62587 1.04509
0.633187 0.738892
0.641104 0.961252
0.6496 0.963074
0.658653 1.54253
0.66824 1.63901
0.678338 1.05222
0.688925 1.21464
0.699979 1.04564
0.711478 1.22588
0.723401 1.07513
0.735726 0.689971
0.748435 1.24422
0.761508 0.963313
0.774926 1.16054
0.788673 1.02984
0.80273 1.56987
0.817083 0.974754
0.831715 1.38556
0.846612 1.10611
0.610616 0.71957
0.610975 1.16867
0.612051 0.846227
0.61384 0.849099
0.616336 0.633045
0.61953 1.1078
0.623412 0.615265
0.627969 1.01472
0.633187 0.988464
0.639048 0.881785
0.645536 0.753862
0.652632 0.820704
0.660316 0.763144
0.668568 1.31297
0.677368 1.13195
0.686693 0.848315
0.696524 1.13791
0.706839 0.902085
0.717617 1.02913
0.728837 1.27895
0.74048 1.399
0.752526 1.76899
0.764956 0.880111
0.777751 1.28711
0.790894 1.22175
0.804368 1.05618
0.818156 1.2584
0.832242 1.37423
0.846612 0.86435
0.861252 1.26927
0.0837758 0.243554
0.0863541 2.7168
0.0936642 4.28294
0.10472 6.82411
0.118477 2.7206
0.134107 18.4429
0.151029 0.749805
0.168856 1.44406
0.187328 2.80078
0.206274 0.599661
0.225573 1.1488
0.245143 0.967788
0.264922 0.873058
0.284869 1.75035
0.304949 0.587379
0.325138 0.880771
0.345416 0.443015
0.36577 0.44275
0.386187 0.520878
0.406658 0.641847
0.427174 0.560457
0.447731 0.837026
0.468321 0.302285
0.488941 0.862372
0.509588 0.839074
0.530258 0.48436
0.550949 0.64045
0.571659 0.931327
0.592384 0.56767
0.613125 0.617772
0.0863541 1.1722
0.0888577 5.16455
0.0959772 0.549098
0.106794 5.34263
0.120314 8.39651
0.135732 1.07763
0.152474 3.89574
0.170149 4.02726
0.188496 1.9601
0.207335 0.372907
0.226543 0.723745
0.246036 1.4857
0.265749 0.817447
0.285637 0.841735
0.305667 0.656842
0.325811 0.3431
0.346051 0.526378
0.36637 0.6199
0.386755 0.852105
0.407197 0.883532
0.427688 0.902056
0.44822 0.577579
0.468789 0.597068
0.48939 0.519082
0.510019 0.783544
0.530672 0.792416
0.551347 0.701672
0.572042 0.90125
0.592755 0.612174
0.613483 0.76235
0.0936642 3.15202
0.0959772 4.00418
0.102604 4.0586
0.112787 0.974182
0.125664 6.14488
0.140496 8.4628
0.15673 2.52993
0.173974 4.54933
0.191954 0.795661
0.210484 0.891381
0.229429 3.06517
0.248696 0.740521
0.268213 0.596073
0.287932 0.392935
0.307812 0.54253
0.327825 0.540585
0.347947 0.489508
0.368161 0.417546
0.388452 0.532541
0.40881 0.464791
0.429223 0.47585
0.449686 0.552203
0.470191 0.384002
0.490732 0.545772
0.511307 0.586529
0.53191 0.609901
0.552539 1.02175
0.573191 0.635355
0.593864 1.00229
0.614554 0.979647
0.10472 2.2607
0.106794 2.93317
0.112787 29.8897
0.122123 1.11681
0.134107 19.9224
0.148096 5.59114
0.163577 0.622165
0.180167 0.441945
0.197585 1.39169
0.215631 0.464372
0.23416 1.44792
0.253067 1.4704
0.272271 0.532608
0.291715 0.66863
0.311354 0.293431
0.331153 1.08283
0.351085 0.472917
0.371128 0.424695
0.391265 0.401513
0.411483 0.388712
0.431771 0.390142
0.452118 0.571435
0.472517 0.936943
0.492962 0.879712
0.513447 0.528902
0.533968 0.687173
0.554521 0.602612
0.575101 0.657553
0.595707 0.760317
0.616336 0.733213
0.118477 9.25978
0.120314 3.16815
0.125664 26.5684
0.134107 12.979
0.145104 2.24611
0.158123 1.1174
0.172708 0.566403
0.188496 0.444568
0.205208 0.504754
0.222637 0.905668
0.240628 1.40924
0.259062 0.702742
0.277853 0.777813
0.296932 0.479085
0.316247 0.564099
0.335757 0.595179
0.355431 0.457511
0.375242 0.541119
0.39517 0.400663
0.415198 0.630668
0.435312 0.47012
0.455501 0.832897
0.475755 0.592063
0.496067 1.00364
0.516429 0.376929
0.536836 0.64378
0.557282 0.890702
0.577765 0.676522
0.598279 0.618231
0.618822 0.8489
0.134107 1.19766
0.135732 1.86705
0.140496 13.1573
0.148096 4.68361
0.158123 5.99899
0.170149 1.98273
0.183782 0.660485
0.198692 1.2081
0.214612 2.27962
0.231334 1.02303
0.248696 0.780312
0.266573 0.981768
0.284869 0.70233
0.303507 0.610969
0.322428 0.402569
0.341586 0.475609
0.360942 0.428605
0.380466 0.56165
0.400134 0.866401
0.419925 0.51924
0.439823 0.496012
0.459814 0.632599
0.479886 0.820646
0.50003 0.67413
0.520237 0.65876
0.5405 0.647688
0.560813 0.675935
0.581171 0.809049
0.601569 1.1144
0.622004 0.718007
0.151029 5.17114
0.152474 7.92086
0.15673 8.9822
0.163577 1.23428
0.172708 0.752153
0.183782 0.245686
0.196472 1.10518
0.210484 0.596269
0.225573 0.79792
0.241537 0.737838
0.258214 0.740414
0.275475 0.328098
0.293215 0.646195
0.311354 0.637864
0.329826 0.423805
0.348577 0.329513
0.367565 0.9041
0.386755 0.339271
0.406118 0.646051
0.425631 0.696484
0.445275 0.518686
0.465031 0.57746
0.484888 0.795161
0.504832 0.579373
0.524854 0.946499
0.544945 0.75627
0.565099 0.705486
0.585308 0.706893
0.605566 0.972828
0.62587 0.9366
0.168856 1.28907
0.170149 5.61312
0.173974 0.857867
0.180167 0.625689
0.188496 1.36962
0.198692 2.53251
0.210484 1.25611
0.22362 3.31335
0.237878 0.365534
0.253067 1.08797
0.26903 0.384712
0.285637 1.37044
0.302783 0.477342
0.320381 1.06471
0.33836 0.37696
0.356663 1.00413
0.375242 0.552628
0.394058 0.659903
0.413079 0.500155
0.432278 0.589972
0.451632 0.625851
0.471123 0.54592
0.490732 0.552843
0.510448 0.737372
0.530258 0.926771
0.550153 0.517938
0.570122 0.675342
0.590159 0.670343
0.610257 0.991154
0.630409 0.987751
0.187328 1.31194
0.188496 2.60291
0.191954 0.839599
0.197585 1.16761
0.205208 0.573236
0.214612 2.03986
0.225573 0.77761
0.237878 1.17288
0.251327 0.688401
0.265749 0.459207
0.280993 0.342737
0.296932 0.545343
0.31346 0.414519
0.33049 0.482233
0.347947 0.585999
0.36577 0.301198
0.383909 0.559811
0.40232 0.464941
0.420968 0.583914
0.439823 0.594571
0.458859 0.943763
0.478055 0.676944
0.497391 0.602655
0.516853 0.891911
0.536427 0.761355
0.5561 0.771116
0.575863 0.807467
0.595707 0.77132
0.615624 1.04636
0.635607 0.810468
0.206274 1.44211
0.207335 0.75354
0.210484 0.692595
0.215631 0.723615
0.222637 1.3515
0.231334 2.5862
0.241537 0.631495
0.253067 0.691041
0.265749 0.830133
0.279427 0.399858
0.293962 0.665153
0.309234 0.495671
0.325138 0.514894
0.341586 0.566954
0.358503 0.464104
0.375826 0.878265
0.393501 0.732737
0.411483 0.53985
0.429734 0.52261
0.44822 0.709981
0.466914 0.835734
0.485791 0.605451
0.504832 0.606465
0.524017 0.875767
0.543333 0.605391
0.562765 0.820062
0.582302 0.85524
0.601934 0.933087
0.621651 0.566159
0.641446 0.846231
0.225573 1.22764
0.226543 0.806476
0.229429 0.411057
0.23416 1.29308
0.240628 0.513948
0.248696 0.435071
0.258214 0.606486
0.26903 1.0916
0.280993 0.828793
0.293962 0.250782
0.307812 0.661314
0.322428 0.85296
0.337711 0.485979
0.353575 0.508743
0.369944 0.535431
0.386755 0.529667
0.403952 0.740589
0.421489 0.414558
0.439324 0.520632
0.457423 0.62472
0.475755 0.563138
0.494295 0.750245
0.51302 0.549937
0.53191 0.842596
0.550949 0.765238
0.570122 0.752771
0.589415 0.729274
0.608817 1.05036
0.628319 0.752004
0.64791 0.911498
0.245143 1.10943
0.246036 0.707619
0.248696 0.714903
0.253067 0.833647
0.259062 0.531603
0.266573 0.956126
0.275475 0.610143
0.285637 0.534693
0.296932 0.588995
0.309234 0.723942
0.322428 0.541375
0.33641 0.416006
0.351085 0.488276
0.36637 0.582036
0.382191 0.566663
0.398486 1.0139
0.415198 0.664295
0.432278 0.709993
0.449686 0.626337
0.467383 0.542068
0.48534 0.675721
0.503527 0.676167
0.521921 0.541874
0.5405 0.74126
0.559247 1.03826
0.578144 0.666456
0.597178 0.722524
0.616336 0.907967
0.635607 0.985397
0.65498 1.47299
0.264922 1.15174
0.265749 0.260288
0.268213 0.567338
0.272271 0.64876
0.277853 0.44508
0.284869 0.416155
0.293215 0.568193
0.302783 0.560372
0.31346 0.905028
0.325138 0.550998
0.337711 1.21342
0.351085 0.498583
0.36517 0.557697
0.379889 0.651281
0.39517 0.57616
0.41095 0.539362
0.427174 0.571042
0.443794 0.683416
0.460767 0.478982
0.478055 0.588316
0.495624 0.808395
0.513447 0.674837
0.531498 0.718515
0.549754 0.828703
0.568195 0.809726
0.586805 1.05614
0.605566 0.758101
0.624467 0.961245
0.643494 0.919166
0.662637 1.26226
0.284869 0.340084
0.285637 0.530904
0.287932 0.614654
0.291715 0.777669
0.296932 0.335293
0.303507 0.605345
0.311354 0.570084
0.320381 0.784424
0.33049 0.73875
0.341586 0.375861
0.353575 0.46985
0.36637 0.540898
0.379889 0.73293
0.394058 0.39969
0.40881 0.57435
0.424083 0.466189
0.439823 0.573065
0.455982 0.729435
0.472517 0.405802
0.48939 0.641426
0.506567 0.694112
0.524017 0.827411
0.541716 0.84813
0.559639 0.760248
0.577765 0.754153
0.596075 0.757851
0.614554 0.773377
0.633187 0.852415
0.651959 1.18515
0.670861 0.820637
0.304949 0.574633
0.305667 0.374953
0.307812 0.503243
0.311354 0.34505
0.316247 0.452655
0.322428 0.499535
0.329826 0.414246
0.33836 0.508346
0.347947 0.41841
0.358503 0.652173
0.369944 0.643339
0.382191 0.479668
0.39517 0.649709
0.40881 0.931623
0.423047 1.0562
0.437824 0.609731
0.453087 0.776842
0.468789 0.694269
0.484888 0.59431
0.501344 0.485929
0.518125 0.708648
0.535199 0.726209
0.552539 1.05611
0.570122 1.09077
0.587925 0.730726
0.605928 0.881319
0.624116 0.771535
0.642471 1.31062
0.66098 0.998205
0.67963 0.949566
0.325138 0.632416
0.325811 1.08055
0.327825 0.582361
0.331153 0.717468
0.335757 0.990465
0.341586 0.980857
0.348577 0.598891
0.356663 0.715569
0.36577 0.728559
0.375826 0.66526
0.386755 0.366512
0.398486 0.574574
0.41095 0.763889
0.424083 0.487971
0.437824 0.725477
0.452118 0.373574
0.466914 0.582288
0.482166 0.587034
0.497832 0.810067
0.513874 0.714699
0.530258 0.761332
0.546954 0.615704
0.563933 0.670126
0.581171 0.588902
0.598645 0.925335
0.616336 0.755924
0.634225 0.713838
0.652296 0.90261
0.670534 1.02446
0.688925 1.56429
0.345416 0.355522
0.346051 0.791811
0.347947 0.422342
0.351085 0.467207
0.355431 0.580334
0.360942 0.400491
0.367565 0.562365
0.375242 0.774707
0.383909 0.503595
0.393501 0.671778
0.403952 0.478753
0.415198 0.630576
0.427174 0.749349
0.439823 0.882311
0.453087 0.71452
0.466914 0.459036
0.481255 0.593103
0.496067 0.58423
0.511307 0.696666
0.526939 0.53207
0.542929 0.708544
0.559247 0.789083
0.575863 0.869102
0.592755 0.707301
0.609897 0.713551
0.62727 0.908851
0.644856 0.756749
0.662637 1.18286
0.680598 1.25612
0.698725 1.15753
0.36577 0.561349
0.36637 0.502487
0.368161 0.520016
0.371128 0.79452
0.375242 0.450266
0.380466 0.529866
0.386755 0.368388
0.394058 0.4088
0.40232 0.438538
0.411483 0.798647
0.421489 0.458789
0.432278 0.620076
0.443794 0.656513
0.455982 0.487775
0.468789 0.571159
0.482166 0.995995
0.496067 0.646082
0.510448 0.7634
0.525272 0.786399
0.5405 0.797503
0.5561 0.669744
0.572042 0.52157
0.588298 0.569574
0.604842 0.856497
0.621651 0.778093
0.638705 0.817377
0.655984 0.963852
0.673471 1.10943
0.69115 1.04634
0.709008 0.929497
0.386187 0.519044
0.386755 0.447114
0.388452 0.606224
0.391265 0.635882
0.39517 0.500506
0.400134 0.667522
0.406118 0.550448
0.413079 0.619383
0.420968 0.756944
0.429734 0.752707
0.439324 0.568559
0.449686 0.825097
0.460767 0.634329
0.472517 0.728116
0.484888 0.564721
0.497832 0.546108
0.511307 0.707843
0.525272 0.585089
0.539688 0.51133
0.554521 0.997926
0.569737 0.977401
0.585308 0.715157
0.601204 0.722216
0.617403 0.983432
0.633879 1.10636
0.650612 1.15835
0.667583 0.891968
0.684774 1.16458
0.702169 1.06892
0.719753 1.09619
0.406658 0.494337
0.407197 0.49834
0.40881 0.436973
0.411483 0.705627
0.415198 0.549765
0.419925 0.655078
0.425631 0.474537
0.432278 0.448953
0.439823 0.49907
0.44822 1.01902
0.457423 0.459181
0.467383 0.758302
0.478055 0.612857
0.48939 0.763923
0.501344 0.758123
0.513874 1.0248
0.526939 1.02718
0.5405 0.642243
0.554521 0.723078
0.568967 0.511949
0.583807 0.637809
0.599012 0.851157
0.614554 0.89376
0.630409 0.696317
0.646554 0.923306
0.662968 0.982844
0.67963 0.891217
0.696524 1.87026
0.713633 1.24517
0.730941 0.953071
0.427174 0.630444
0.427688 0.703851
0.429223 0.604335
0.431771 0.570775
0.435312 0.696894
0.439823 0.593191
0.445275 0.678347
0.451632 0.525519
0.458859 0.646229
0.466914 0.39819
0.475755 0.510625
0.48534 0.834101
0.495624 0.565099
0.506567 0.663757
0.518125 0.69646
0.530258 0.661372
0.542929 0.872287
0.5561 0.814532
0.569737 0.709983
0.583807 0.70612
0.598279 1.03981
0.613125 0.927851
0.628319 1.1637
0.643835 0.907698
0.659651 1.37182
0.675747 0.992221
0.692102 1.3347
0.708698 1.12282
0.72552 1.85226
0.742551 1.01511
0.447731 0.789912
0.44822 0.722341
0.449686 0.689029
0.452118 0.78203
0.455501 0.694879
0.459814 0.477631
0.465031 0.603424
0.471123 0.941545
0.478055 0.421199
0.485791 0.625402
0.494295 0.663278
0.503527 0.510324
0.513447 0.742778
0.524017 0.539168
0.535199 0.753851
0.546954 0.628583
0.559247 0.752093
0.572042 1.02604
0.585308 0.688514
0.599012 0.881122
0.613125 0.719714
0.62762 1.00175
0.642471 0.722862
0.657653 1.07848
0.673145 0.822361
0.688925 1.18421
0.704975 1.14124
0.721275 1.55493
0.73781 1.18592
0.754564 1.20597
0.468321 0.774412
0.468789 0.651534
0.470191 0.529028
0.472517 0.599621
0.475755 0.589521
0.479886 0.649412
0.484888 0.668774
0.490732 0.704399
0.497391 0.789863
0.504832 0.712336
0.51302 0.704225
0.521921 0.952941
0.531498 0.66001
0.541716 0.649042
0.552539 0.941303
0.563933 0.888862
0.575863 0.686265
0.588298 0.876933
0.601204 1.04048
0.614554 1.01781
0.628319 0.804645
0.642471 1.24154
0.656986 1.04523
0.671841 0.841833
0.687013 1.16064
0.702481 1.19617
0.718228 1.65584
0.734234 1.6535
0.750483 1.11295
0.766961 0.988917
0.488941 0.529798
0.48939 0.519263
0.490732 0.772754
0.492962 0.986185
0.496067 0.788068
0.50003 0.689318
0.504832 0.987662
0.510448 0.840627
0.516853 0.6581
0.524017 1.0876
0.53191 0.497652
0.5405 0.738606
0.549754 0.601569
0.559639 0.797532
0.570122 0.819578
0.581171 0.618376
0.592755 0.816341
0.604842 0.81628
0.617403 1.00066
0.630409 0.992147
0.643835 1.03999
0.657653 1.07272
0.671841 1.34278
0.686374 1.19015
0.701232 1.03041
0.716393 0.940602
0.731841 1.37118
0.747555 1.02162
0.763521 1.05609
0.779723 1.00151
0.509588 0.610103
0.510019 0.769992
0.511307 0.65245
0.513447 0.700124
0.516429 0.644161
0.520237 0.912512
0.524854 0.614341
0.530258 0.373335
0.536427 0.448904
0.543333 0.63964
0.550949 0.822338
0.559247 0.710918
0.568195 0.917134
0.577765 0.987772
0.587925 1.01909
0.598645 0.873016
0.609897 0.913427
0.621651 0.910251
0.633879 0.884144
0.646554 0.909388
0.659651 1.12599
0.673145 1.45069
0.687013 1.15478
0.701232 1.30373
0.715781 1.28218
0.730641 1.07338
0.745793 0.957684
0.76122 1.1284
0.776905 1.45385
0.792833 1.67229
0.530258 0.865442
0.530672 0.834448
0.53191 0.562776
0.533968 0.430331
0.536836 0.639747
0.5405 0.644612
0.544945 0.53705
0.550153 0.585924
0.5561 0.775664
0.562765 0.901162
0.570122 0.6624
0.578144 0.607124
0.586805 0.785358
0.596075 1.0288
0.605928 0.657778
0.616336 1.02557
0.62727 0.972981
0.638705 0.882294
0.650612 1.21175
0.662968 1.14283
0.675747 1.03988
0.688925 1.02878
0.702481 1.38976
0.716393 1.15185
0.730641 1.15263
0.745204 1.18273
0.760066 1.31391
0.775209 1.29307
0.790617 1.23513
0.806274 1.72019
0.550949 0.828107
0.551347 0.787319
0.552539 0.616907
0.554521 0.888494
0.557282 0.744349
0.560813 0.685854
0.565099 0.569059
0.570122 0.810556
0.575863 0.710691
0.582302 0.787276
0.589415 0.871821
0.597178 0.804223
0.605566 0.955938
0.614554 0.770493
0.624116 0.93946
0.634225 1.10045
0.644856 1.08528
0.655984 0.990022
0.667583 1.0178
0.67963 0.72168
0.692102 0.729017
0.704975 1.27779
0.718228 1.17742
0.731841 0.951613
0.745793 0.9239
0.760066 1.36716
0.774643 1.18349
0.789506 1.35763
0.80464 1.33407
0.82003 1.40113
0.571659 0.867398
0.572042 0.779676
0.573191 1.07611
0.575101 0.914988
0.577765 0.7585
0.581171 0.67539
0.585308 0.721176
0.590159 0.565956
0.595707 0.767085
0.601934 1.07195
0.608817 0.77619
0.616336 1.09745
0.624467 0.824206
0.633187 1.05879
0.642471 0.812097
0.652296 0.787969
0.662637 0.988913
0.673471 0.943755
0.684774 1.21335
0.696524 0.7348
0.708698 1.17491
0.721275 1.11423
0.734234 1.3633
0.747555 1.53468
0.76122 1.35866
0.775209 1.47616
0.789506 1.3589
0.804095 0.939139
0.818959 1.45369
0.834085 1.43915
0.592384 0.624946
0.592755 1.01579
0.593864 1.03305
0.595707 0.789206
0.598279 0.671366
0.601569 1.1616
0.605566 0.769888
0.610257 0.841847
0.615624 0.914497
0.621651 0.714042
0.628319 0.819249
0.635607 1.12735
0.643494 0.756981
0.651959 0.944783
0.66098 0.899808
0.670534 1.22481
0.680598 1.19315
0.69115 0.999309
0.702169 1.18358
0.713633 0.89221
0.72552 1.48953
0.73781 1.15629
0.750483 1.18933
0.763521 1.42361
0.776905 0.926527
0.790617 1.12746
0.80464 1.24844
0.818959 1.22093
0.833559 1.77312
0.848424 1.24847
0.613125 0.791051
0.613483 0.982584
0.614554 0.80981
0.616336 0.727903
0.618822 0.892625
0.622004 0.941789
0.62587 0.48491
0.630409 0.939856
0.635607 0.951867
0.641446 0.854591
0.64791 0.966561
0.65498 1.61497
0.662637 0.869496
0.670861 0.907856
0.67963 1.07732
0.688925 0.984912
0.698725 1.44637
0.709008 0.956382
0.719753 1.34628
0.730941 1.39311
0.742551 1.21455
0.754564 1.14313
0.766961 0.946436
0.779723 0.985931
0.792833 1.24356
0.806274 1.30729
0.82003 1.20067
0.834085 1.1064
0.848424 0.957818
0.863033 1.1899
0.10472 9.03054
0.106794 3.62328
0.112787 1.78458
0.122123 1.38285
0.134107 1.47699
0.148096 8.61355
0.163577 1.45446
0.180167 1.6356
0.197585 1.4036
0.215631 0.976768
0.23416 0.470089
0.253067 0.731463
0.272271 0.461094
0.291715 0.704522
0.311354 0.504042
0.331153 0.535817
0.351085 0.306978
0.371128 0.350287
0.391265 0.522832
0.411483 0.458777
0.431771 0.614999
0.452118 0.529063
0.472517 0.73794
0.492962 0.631635
0.513447 0.508352
0.533968 0.632514
0.554521 0.527889
0.575101 0.810312
0.595707 0.839732
0.616336 0.753153
0.106794 0.691959
0.108828 8.24887
0.114715 11.4922
0.123906 1.85295
0.135732 1.80204
0.14957 6.83538
0.164913 10.3782
0.18138 0.589138
0.198692 0.808876
0.216646 0.994605
0.235095 0.599931
0.253932 0.592958
0.273076 0.887104
0.292466 0.620937
0.312058 0.498051
0.331815 0.348943
0.351709 0.521283
0.371718 0.493279
0.391825 0.447765
0.412016 0.409789
0.432278 0.55267
0.452603 0.598921
0.472981 0.625
0.493407 0.73971
0.513874 0.96458
0.534379 0.692002
0.554916 0.714261
0.575482 0.801344
0.596075 0.687639
0.616692 0.922957
0.112787 8.26073
0.114715 3.86632
0.120314 0.991457
0.129107 13.5773
0.140496 2.89354
0.153906 6.23495
0.168856 0.703988
0.184972 1.13869
0.201976 0.672158
0.219662 0.555266
0.237878 0.661026
0.25651 0.423063
0.275475 0.962103
0.294708 0.286156
0.314159 0.663059
0.333792 0.659075
0.353575 0.67984
0.373484 0.398401
0.393501 0.640133
0.41361 0.780328
0.433798 0.621603
0.454054 0.508927
0.47437 0.557763
0.494739 0.655235
0.515153 0.864246
0.535609 0.589619
0.5561 0.735681
0.576625 0.717999
0.597178 0.653163
0.617758 0.768058
0.122123 4.65295
0.123906 11.3616
0.129107 7.71139
0.137339 1.89313
0.148096 5.73438
0.160874 2.48601
0.17523 3.35398
0.190808 1.63032
0.207335 0.635291
0.224599 1.16135
0.242444 1.18326
0.26075 0.553008
0.279427 0.391448
0.298405 0.784362
0.317631 0.274239
0.337061 0.83301
0.356663 0.425989
0.376409 0.54263
0.396278 0.543805
0.416253 0.41301
0.436318 0.708391
0.456463 0.452749
0.476676 0.597772
0.49695 0.796986
0.517277 0.59693
0.537652 0.549065
0.558069 0.525005
0.578523 0.693944
0.599012 0.971752
0.61953 0.835157
0.134107 2.89919
0.135732 8.80812
0.140496 1.11373
0.148096 5.50116
0.158123 1.90424
0.170149 0.820992
0.183782 0.516604
0.198692 1.16709
0.214612 0.432118
0.231334 0.340886
0.248696 0.778613
0.266573 1.14835
0.284869 0.656664
0.303507 0.398209
0.322428 0.369986
0.341586 0.601117
0.360942 0.756777
0.380466 0.342659
0.400134 0.886927
0.419925 0.533708
0.439823 0.598721
0.459814 0.376121
0.479886 0.588763
0.50003 0.643907
0.520237 0.720688
0.5405 0.749917
0.560813 0.655732
0.581171 0.781703
0.601569 1.03458
0.622004 0.968813
0.148096 1.10515
0.14957 3.52595
0.153906 1.22535
0.160874 1.25801
0.170149 3.51512
0.18138 0.891822
0.194226 1.75859
0.20839 0.421815
0.22362 0.613184
0.239714 0.332861
0.25651 0.920852
0.273878 0.725561
0.291715 0.393308
0.309942 0.803409
0.328493 0.600962
0.347316 0.618997
0.36637 0.441398
0.385619 0.534224
0.405037 0.399208
0.4246 0.866433
0.444288 0.701361
0.464087 0.579647
0.483982 0.73062
0.503962 0.594506
0.524017 0.78391
0.54414 1.0603
0.564322 0.731499
0.584558 0.72974
0.604842 0.926853
0.625169 0.878623
0.163577 0.398389
0.164913 1.65404
0.168856 1.31028
0.17523 1.5454
0.183782 2.97903
0.194226 0.832246
0.206274 1.28839
0.219662 1.18125
0.23416 1.03786
0.249576 1.1061
0.265749 0.486498
0.282549 0.498977
0.299872 0.387767
0.317631 0.575291
0.335757 0.328241
0.354194 0.398656
0.372896 0.428032
0.391825 0.376301
0.41095 0.739448
0.430244 0.501779
0.449686 0.492994
0.469257 0.493408
0.488941 0.695057
0.508727 0.642114
0.528601 0.664687
0.548556 0.763516
0.568581 0.746449
0.58867 0.75861
0.608817 0.908077
0.629016 0.940628
0.180167 1.20316
0.18138 0.898585
0.184972 0.87796
0.190808 0.63171
0.198692 0.59421
0.20839 1.52133
0.219662 0.851754
0.23228 1.08423
0.246036 0.781738
0.26075 0.712932
0.27627 0.399858
0.292466 0.616527
0.309234 0.467728
0.326484 0.396119
0.344144 0.313437
0.362155 0.454415
0.380466 0.276517
0.399036 0.679075
0.417831 0.713476
0.436821 0.577692
0.455982 0.660807
0.475294 0.72779
0.494739 0.502039
0.514301 0.433468
0.533968 0.761035
0.553729 0.564642
0.573574 0.766003
0.593494 1.29569
0.613483 0.97078
0.633533 0.977458
0.197585 2.90193
0.198692 1.95767
0.201976 0.804941
0.207335 1.16543
0.214612 1.21258
0.22362 0.814392
0.23416 0.617824
0.246036 0.530904
0.259062 0.381563
0.273076 0.645463
0.287932 0.402221
0.303507 0.462447
0.319696 0.753593
0.33641 0.631202
0.353575 0.779742
0.371128 0.336919
0.389017 0.422684
0.407197 0.452075
0.425631 0.737045
0.444288 0.366373
0.463141 0.527145
0.482166 0.840708
0.501344 0.625802
0.520658 0.564587
0.540094 0.842624
0.559639 0.616931
0.579281 0.72363
0.599012 1.131
0.618822 1.01467
0.638705 1.05859
0.215631 1.3568
0.216646 0.596655
0.219662 0.502162
0.224599 1.17688
0.231334 0.648687
0.239714 1.32167
0.249576 0.497611
0.26075 0.380707
0.273076 0.77981
0.286404 0.510395
0.300602 0.601047
0.315552 1.17206
0.331153 0.606669
0.347316 0.655194
0.363967 0.566574
0.381042 0.465941
0.398486 0.472421
0.416253 0.472013
0.434303 0.869187
0.452603 0.557885
0.471123 0.602049
0.489838 1.31545
0.508727 0.769562
0.527771 0.603623
0.546954 0.698459
0.566262 0.623903
0.585682 0.914853
0.605204 0.994593
0.624818 1.15902
0.644516 1.12006
0.23416 0.501869
0.235095 0.943981
0.237878 1.4322
0.242444 0.868245
0.248696 0.955331
0.25651 1.58511
0.265749 0.60587
0.27627 0.47594
0.287932 0.849852
0.300602 0.470445
0.314159 0.474559
0.328493 0.314004
0.343506 0.819187
0.359114 0.364292
0.375242 0.405206
0.391825 0.541317
0.40881 0.602326
0.426146 0.538812
0.443794 0.619512
0.461718 0.652325
0.479886 0.337719
0.498272 0.550961
0.516853 0.750034
0.535609 0.655771
0.554521 0.585726
0.573574 0.954562
0.592755 0.862701
0.612051 0.841932
0.631452 0.820277
0.650949 0.740345
0.253067 0.370199
0.253932 1.30378
0.25651 0.629961
0.26075 0.36503
0.266573 1.34724
0.273878 0.380928
0.282549 0.303316
0.292466 0.296881
0.303507 0.526916
0.315552 0.835732
0.328493 0.669147
0.342227 0.963025
0.356663 0.473337
0.371718 0.688534
0.387322 0.550451
0.403409 0.54466
0.419925 0.885377
0.436821 0.481571
0.454054 0.581295
0.471588 0.255673
0.48939 0.651094
0.507432 0.776165
0.525689 0.757065
0.54414 0.613547
0.562765 0.669386
0.581548 0.843005
0.600474 0.858579
0.61953 1.09441
0.638705 0.704386
0.657987 0.998455
0.272271 0.823459
0.273076 0.652055
0.275475 0.616979
0.279427 0.781412
0.284869 0.803251
0.291715 0.36012
0.299872 0.495271
0.309234 0.294896
0.319696 0.337568
0.331153 0.720488
0.343506 0.750708
0.356663 0.678914
0.370536 0.454741
0.38505 0.485291
0.400134 0.738261
0.415726 0.410289
0.431771 0.541097
0.44822 0.818366
0.465031 0.628376
0.482166 0.63767
0.499591 0.661444
0.517277 0.783082
0.535199 0.844976
0.553333 0.722857
0.571659 0.67855
0.590159 1.03168
0.608817 0.762509
0.62762 1.31936
0.646554 0.957552
0.665609 1.21222
0.291715 1.25909
0.292466 0.433592
0.294708 0.595693
0.298405 0.766598
0.303507 0.842753
0.309942 0.925941
0.317631 0.709924
0.326484 0.256347
0.33641 0.373291
0.347316 0.441454
0.359114 0.367635
0.371718 0.510507
0.38505 0.44946
0.399036 0.828141
0.41361 0.591172
0.428712 0.342944
0.444288 0.506863
0.460291 0.420303
0.476676 0.846167
0.493407 0.503643
0.510448 0.662442
0.527771 0.82401
0.545348 0.600874
0.563155 0.740076
0.581171 0.669829
0.599378 0.671699
0.617758 0.623322
0.636296 0.917528
0.65498 1.41292
0.673797 1.52551
0.311354 0.575618
0.312058 0.446438
0.314159 1.051
0.317631 0.475762
0.322428 0.648891
0.328493 0.342122
0.335757 0.554822
0.344144 0.484531
0.353575 0.447393
0.363967 0.439826
0.375242 0.427306
0.387322 0.727364
0.400134 0.520654
0.41361 0.496482
0.427688 0.580035
0.442309 0.638877
0.457423 0.657747
0.472981 0.669786
0.488941 0.800925
0.505266 1.02005
0.521921 0.810013
0.538874 1.00821
0.5561 0.722807
0.573574 0.97502
0.591273 1.38529
0.609177 1.06063
0.62727 0.987668
0.645536 0.788771
0.66396 0.852656
0.682529 0.823209
0.331153 0.510447
0.331815 0.373077
0.333792 0.652313
0.337061 0.658695
0.341586 1.05951
0.347316 0.541214
0.354194 0.515759
0.362155 0.488724
0.371128 0.434289
0.381042 0.575124
0.391825 0.667129
0.403409 0.425406
0.415726 0.437923
0.428712 0.801302
0.442309 0.526133
0.456463 0.622846
0.471123 0.53949
0.486243 0.907955
0.501781 0.734763
0.517701 0.601014
0.533968 0.819116
0.550551 0.698761
0.567423 1.15156
0.584558 0.974779
0.601934 1.17968
0.61953 0.803135
0.63733 0.99629
0.655315 0.813678
0.673471 0.977431
0.691785 0.901771
0.351085 0.532081
0.351709 0.588492
0.353575 0.578087
0.356663 0.758789
0.360942 0.613183
0.36637 0.823309
0.372896 0.594552
0.380466 0.55089
0.389017 0.791387
0.398486 0.550548
0.40881 0.396533
0.419925 0.607043
0.431771 0.527911
0.444288 0.692306
0.457423 0.665284
0.471123 0.502258
0.48534 0.464258
0.50003 0.460907
0.515153 0.675482
0.530672 0.776859
0.546553 0.810298
0.562765 0.625589
0.579281 0.682647
0.596075 0.727947
0.613125 0.600309
0.630409 1.08799
0.64791 1.03552
0.665609 1.17905
0.683492 1.23347
0.701544 1.29092
0.371128 0.510056
0.371718 0.606794
0.373484 0.454438
0.376409 0.760351
0.380466 0.443877
0.385619 0.413736
0.391825 0.436179
0.399036 0.537147
0.407197 0.478748
0.416253 0.738131
0.426146 0.626141
0.436821 0.540973
0.44822 0.708267
0.460291 0.979012
0.472981 0.501128
0.486243 0.548983
0.50003 0.696629
0.514301 0.655256
0.529016 0.516972
0.54414 0.806822
0.559639 0.53319
0.575482 0.686159
0.591643 0.971617
0.608096 0.61195
0.624818 0.959033
0.641788 0.922866
0.658986 1.03023
0.676396 1.14984
0.694001 1.06054
0.711786 1.70239
0.391265 0.392837
0.391825 0.79579
0.393501 0.471067
0.396278 0.685301
0.400134 0.645094
0.405037 0.761341
0.41095 0.372046
0.417831 0.293722
0.425631 0.847384
0.434303 0.624914
0.443794 0.78661
0.454054 0.776529
0.465031 0.715204
0.476676 0.663984
0.488941 0.622713
0.501781 0.493702
0.515153 1.00544
0.529016 0.88355
0.543333 0.744369
0.558069 0.764873
0.573191 0.867333
0.58867 0.535704
0.604479 0.821351
0.620592 0.717049
0.636985 1.01045
0.653639 1.05582
0.670534 1.20825
0.687651 0.93537
0.704975 1.15497
0.72249 1.1313
0.411483 0.655877
0.412016 0.677696
0.41361 0.644866
0.416253 0.593291
0.419925 0.760141
0.4246 0.788679
0.430244 0.803587
0.436821 0.676458
0.444288 0.672387
0.452603 0.675231
0.461718 0.84838
0.471588 0.608755
0.482166 0.551624
0.493407 0.753224
0.505266 0.694081
0.517701 0.616994
0.530672 1.03137
0.54414 0.532077
0.558069 0.748223
0.572425 0.793737
0.587178 0.709226
0.602298 0.972629
0.617758 1.07006
0.633533 1.01522
0.6496 1.13931
0.665939 0.840451
0.682529 1.22945
0.699352 1.129
0.716393 0.792783
0.733636 1.15476
0.431771 0.429426
0.432278 0.729356
0.433798 0.289572
0.436318 0.610951
0.439823 0.514746
0.444288 0.459096
0.449686 0.635834
0.455982 0.843506
0.463141 0.564806
0.471123 0.56247
0.479886 1.10095
0.48939 0.610106
0.499591 0.637832
0.510448 0.736755
0.521921 0.725537
0.533968 0.635244
0.546553 0.719882
0.559639 0.782944
0.573191 0.880633
0.587178 0.941284
0.601569 0.760355
0.616336 0.654368
0.631452 0.978274
0.646894 0.769371
0.662637 0.713307
0.678662 1.11297
0.694948 0.887749
0.711478 0.792281
0.728235 1.526
0.745204 1.07015
0.452118 0.471962
0.452603 1.14735
0.454054 0.600637
0.456463 0.433429
0.459814 0.646199
0.464087 0.47822
0.469257 0.628937
0.475294 0.741232
0.482166 0.655248
0.489838 0.666194
0.498272 0.599347
0.507432 0.586168
0.517277 0.584562
0.527771 0.768472
0.538874 0.635956
0.550551 0.810631
0.562765 0.718504
0.575482 1.2282
0.58867 1.27539
0.602298 0.93218
0.616336 0.662408
0.630757 0.784328
0.645536 0.984403
0.660648 0.840086
0.676071 0.762176
0.691785 1.44472
0.707769 1.36372
0.724007 1.2148
0.74048 0.977313
0.757175 1.3475
0.472517 0.60283
0.472981 0.694504
0.47437 0.709635
0.476676 0.577215
0.479886 0.523883
0.483982 0.751159
0.488941 0.680164
0.494739 0.708867
0.501344 0.721626
0.508727 1.04223
0.516853 0.573578
0.525689 0.740039
0.535199 0.641444
0.545348 0.599077
0.5561 0.689121
0.567423 0.458755
0.579281 0.890235
0.591643 0.939025
0.604479 0.87591
0.617758 0.854083
0.631452 0.971475
0.645536 1.0278
0.659984 1.15788
0.674772 0.942079
0.68988 1.08749
0.705286 1.00504
0.720971 1.18733
0.736918 1.12848
0.753109 1.04469
0.76953 1.27418
0.492962 0.569692
0.493407 0.501573
0.494739 0.535872
0.49695 0.70825
0.50003 0.780191
0.503962 0.48408
0.508727 0.865936
0.514301 0.753981
0.520658 0.689546
0.527771 0.544061
0.535609 0.817294
0.54414 0.641812
0.553333 0.788962
0.563155 0.620599
0.573574 0.466889
0.584558 1.0056
0.596075 1.02488
0.608096 0.792395
0.620592 0.756588
0.633533 0.913676
0.646894 0.882188
0.660648 1.01281
0.674772 1.1779
0.689244 1.05283
0.704041 1.18199
0.719143 1.38324
0.734533 1.2601
0.750191 0.917743
0.766102 1.24089
0.78225 1.49112
0.513447 0.697492
0.513874 0.54315
0.515153 1.03392
0.517277 0.817498
0.520237 0.758744
0.524017 0.582938
0.528601 0.595567
0.533968 0.438479
0.540094 0.889893
0.546954 0.855707
0.554521 0.509568
0.562765 0.654747
0.571659 0.614103
0.581171 0.98072
0.591273 1.04283
0.601934 0.670155
0.613125 0.938912
0.624818 0.888302
0.636985 0.921534
0.6496 0.852345
0.662637 1.10344
0.676071 0.77564
0.68988 0.806113
0.704041 0.776063
0.718533 1.28714
0.733337 1.11695
0.748435 0.892718
0.763808 1.22596
0.779441 1.23492
0.795319 0.8577
0.533968 0.537785
0.534379 0.545686
0.535609 0.535013
0.537652 0.744539
0.5405 0.523215
0.54414 0.562993
0.548556 0.631252
0.553729 0.839252
0.559639 0.717839
0.566262 0.6842
0.573574 0.606956
0.581548 0.629858
0.590159 0.678285
0.599378 0.929418
0.609177 0.900156
0.61953 0.953537
0.630409 0.839454
0.641788 0.732107
0.653639 1.21882
0.665939 0.961593
0.678662 1.14991
0.691785 1.04874
0.705286 1.18717
0.719143 0.94255
0.733337 1.48814
0.747849 1.66217
0.762659 1.20558
0.777751 1.32976
0.79311 0.948454
0.808719 0.857541
0.554521 0.796322
0.554916 0.546555
0.5561 0.615649
0.558069 0.655228
0.560813 0.962808
0.564322 0.702294
0.568581 0.839286
0.573574 0.637389
0.579281 0.829865
0.585682 0.729009
0.592755 1.18748
0.600474 1.01055
0.608817 0.744315
0.617758 0.952558
0.62727 0.884852
0.63733 0.683345
0.64791 1.352
0.658986 0.90647
0.670534 1.14349
0.682529 1.3496
0.694948 1.3038
0.707769 1.09134
0.720971 1.0993
0.734533 0.7252
0.748435 1.86297
0.762659 1.29226
0.777187 1.0762
0.792003 0.87513
0.80709 1.35485
0.822434 1.10471
0.575101 0.747136
0.575482 0.66608
0.576625 1.22425
0.578523 0.890279
0.581171 0.572128
0.584558 0.952619
0.58867 0.921105
0.593494 0.935817
0.599012 0.797105
0.605204 1.04869
0.612051 0.900429
0.61953 1.05676
0.62762 1.0687
0.636296 0.976277
0.645536 0.772466
0.655315 0.763772
0.665609 1.12032
0.676396 0.89796
0.687651 1.29874
0.699352 1.24198
0.711478 0.898469
0.724007 0.984614
0.736918 1.2213
0.750191 1.368
0.763808 1.09742
0.777751 1.24985
0.792003 1.04118
0.806546 1.33482
0.821366 1.16838
0.836448 0.981614
0.595707 1.01894
0.596075 0.589988
0.597178 1.07804
0.599012 0.807535
0.601569 0.750981
0.604842 0.892373
0.608817 0.831851
0.613483 0.658899
0.618822 0.972812
0.624818 0.748872
0.631452 1.03662
0.638705 1.12963
0.646554 1.04732
0.65498 1.07248
0.66396 1.16406
0.673471 0.999054
0.683492 1.25652
0.694001 1.54626
0.704975 1.24686
0.716393 1.1319
0.728235 1.15397
0.74048 1.34586
0.753109 1.34193
0.766102 1.32842
0.779441 0.959097
0.79311 1.06824
0.80709 1.28539
0.821366 0.96539
0.835923 0.900646
0.850747 1.21174
0.616336 0.730365
0.616692 0.829593
0.617758 0.6035
0.61953 0.770404
0.622004 0.872409
0.625169 0.992723
0.629016 0.80316
0.633533 0.667643
0.638705 1.13983
0.644516 1.24676
0.650949 1.00051
0.657987 1.07452
0.665609 0.877569
0.673797 1.04482
0.682529 0.889637
0.691785 1.10597
0.701544 1.0603
0.711786 0.908946
0.72249 0.87086
0.733636 1.4376
0.745204 1.13606
0.757175 1.07869
0.76953 1.70338
0.78225 0.977995
0.795319 1.08242
0.808719 1.42617
0.822434 0.997843
0.836448 1.091
0.850747 1.34865
0.865317 1.0237
0.125664 22.9805
0.127397 2.37109
0.132461 5.62843
0.140496 6.95632
0.151029 3.18467
0.163577 1.4356
0.177715 1.28043
0.193094 0.767948
0.20944 2.15626
0.226543 1.66345
0.244246 0.718614
0.262427 0.816068
0.280993 0.845529
0.299872 0.509914
0.319009 0.700679
0.33836 0.666213
0.35789 0.367801
0.377572 0.693231
0.397384 0.585304
0.417305 0.510331
0.437323 0.958402
0.457423 0.519921
0.477596 0.549905
0.497832 0.94502
0.518125 0.540624
0.538467 0.608477
0.558854 0.851074
0.579281 0.771033
0.599743 0.599739
0.620238 0.585435
0.127397 0.634321
0.129107 4.70923
0.134107 2.59563
0.142049 2.24886
0.152474 2.86032
0.164913 2.8533
0.178945 3.96184
0.194226 1.00224
0.210484 1.41567
0.22751 0.691732
0.245143 1.06913
0.263261 0.671115
0.281772 1.11635
0.300602 0.4392
0.319696 0.453438
0.339007 0.871398
0.358503 0.591468
0.378153 0.58505
0.397935 0.524282
0.417831 0.487979
0.437824 0.425836
0.457902 0.591508
0.478055 0.460686
0.498272 0.557518
0.518548 0.721526
0.538874 0.895018
0.559247 0.646268
0.57966 0.597729
0.600109 0.741296
0.620592 0.821311
0.132461 13.2018
0.134107 6.97032
0.138926 8.29177
0.146608 0.967683
0.15673 1.05997
0.168856 0.500008
0.182585 1.39853
0.197585 0.309659
0.213587 1.0549
0.230383 0.615172
0.247812 0.880314
0.265749 0.87901
0.284098 1.16026
0.302783 0.34034
0.321747 0.384889
0.340943 1.05981
0.360333 0.430078
0.379889 0.535484
0.399585 0.542828
0.419402 0.622178
0.439324 0.84813
0.459337 0.649027
0.479429 0.461573
0.499591 0.978478
0.519815 0.599322
0.540094 0.63492
0.560422 0.753486
0.580794 0.714168
0.601204 0.788331
0.621651 1.01502
0.140496 10.3988
0.142049 8.29732
0.146608 0.816662
0.153906 3.92618
0.163577 1.01936
0.17523 0.980661
0.188496 2.2272
0.203059 0.555643
0.218661 0.721182
0.235095 0.655304
0.252199 3.26768
0.269844 0.46322
0.287932 0.840111
0.306384 0.558636
0.325138 0.463448
0.344144 0.615743
0.363364 0.726094
0.382765 0.626695
0.40232 0.439789
0.422009 0.575826
0.441813 0.698056
0.461718 0.530527
0.481711 0.493609
0.501781 0.673675
0.521921 0.643434
0.542121 0.67218
0.562375 0.666022
0.582679 0.927114
0.603026 0.899812
0.623412 0.7852
0.151029 12.0589
0.152474 4.94873
0.15673 0.872513
0.163577 1.94475
0.172708 6.29958
0.183782 3.1842
0.196472 0.580061
0.210484 0.558435
0.225573 0.639304
0.241537 0.216564
0.258214 0.349827
0.275475 1.16409
0.293215 0.539131
0.311354 0.376209
0.329826 0.236706
0.348577 0.498993
0.367565 0.482782
0.386755 0.309471
0.406118 0.720788
0.425631 0.677358
0.445275 0.686636
0.465031 0.544766
0.484888 0.693772
0.504832 0.425326
0.524854 0.547038
0.544945 0.743346
0.565099 0.881288
0.585308 1.05337
0.605566 0.700068
0.62587 1.18284
0.163577 1.21639
0.164913 0.479379
0.168856 2.42548
0.17523 1.06512
0.183782 0.687386
0.194226 1.06539
0.206274 0.658069
0.219662 0.30886
0.23416 0.431421
0.249576 1.35662
0.265749 0.829166
0.282549 0.409261
0.299872 0.427574
0.317631 0.381887
0.335757 0.36629
0.354194 0.579187
0.372896 0.59878
0.391825 0.43715
0.41095 0.346619
0.430244 0.819559
0.449686 0.746937
0.469257 0.714072
0.488941 0.739573
0.508727 0.560096
0.528601 0.754633
0.548556 0.62066
0.568581 0.921329
0.58867 0.847257
0.608817 0.731538
0.629016 1.00786
0.177715 3.95681
0.178945 2.46275
0.182585 0.590886
0.188496 0.614202
0.196472 1.6362
0.206274 0.951784
0.217656 0.621808
0.230383 1.11865
0.244246 0.403747
0.259062 0.481067
0.274677 0.678376
0.290963 0.733976
0.307812 0.717105
0.325138 0.601363
0.342867 0.81915
0.360942 0.386832
0.379311 0.65936
0.397935 0.476984
0.416779 0.426001
0.435815 0.527484
0.455019 0.785125
0.47437 0.562979
0.493851 0.602728
0.513447 0.630671
0.533146 0.819845
0.552936 0.697294
0.572808 0.836373
0.592755 0.854746
0.612767 0.606055
0.63284 1.00217
0.193094 1.07763
0.194226 1.73873
0.197585 2.75817
0.203059 0.790906
0.210484 0.425866
0.219662 1.03307
0.230383 0.483024
0.242444 0.846787
0.255654 0.734553
0.269844 0.350773
0.284869 0.575456
0.300602 0.45894
0.316939 0.404617
0.333792 0.39822
0.351085 0.59044
0.368756 0.500029
0.386755 0.640386
0.405037 0.584911
0.423565 0.890367
0.442309 0.494216
0.461243 0.588838
0.480343 0.536731
0.499591 0.87904
0.518971 0.668272
0.538467 0.635453
0.558069 0.725283
0.577765 0.798115
0.597545 0.597433
0.617403 0.814424
0.63733 0.826028
0.20944 1.16608
0.210484 1.96641
0.213587 0.373432
0.218661 0.508421
0.225573 0.708708
0.23416 0.372621
0.244246 0.6591
0.255654 1.02823
0.268213 0.824135
0.281772 0.740172
0.296192 0.596656
0.311354 0.610253
0.327155 0.706222
0.343506 0.392205
0.360333 0.396774
0.377572 0.32179
0.39517 0.503365
0.413079 0.560145
0.431262 0.632564
0.449686 0.325536
0.468321 0.566902
0.487144 0.705393
0.506133 0.707646
0.525272 0.716718
0.544543 0.557814
0.563933 0.728373
0.583431 0.642809
0.603026 0.900837
0.622708 0.739132
0.642471 0.751436
0.226543 0.543247
0.22751 1.29806
0.230383 1.41856
0.235095 0.421434
0.241537 0.619158
0.249576 0.629776
0.259062 0.516692
0.269844 0.500178
0.281772 0.589187
0.294708 0.480751
0.308524 0.651208
0.323108 0.351453
0.33836 0.270551
0.354194 0.477238
0.370536 0.704515
0.387322 0.406274
0.404495 0.546416
0.422009 0.64406
0.439823 0.360337
0.457902 0.766951
0.476216 0.573414
0.494739 0.444311
0.513447 0.800586
0.532323 0.538601
0.551347 0.898206
0.570506 0.594183
0.589787 0.746766
0.609177 1.04148
0.628667 1.06314
0.648248 1.03094
0.244246 1.64391
0.245143 0.413039
0.247812 1.2573
0.252199 1.37519
0.258214 0.820964
0.265749 1.23494
0.274677 0.911677
0.284869 1.16911
0.296192 0.528051
0.308524 0.511196
0.321747 0.449852
0.335757 0.577033
0.350459 0.413205
0.36577 0.541371
0.381617 0.678365
0.397935 0.50235
0.414669 0.663938
0.431771 0.61563
0.449198 0.68926
0.466914 0.560232
0.484888 0.583113
0.503091 0.642493
0.5215 0.847
0.540094 0.882001
0.558854 0.837392
0.577765 0.74769
0.596811 1.12943
0.61598 0.921779
0.635261 1.56773
0.654645 1.0902
0.262427 0.672152
0.263261 0.746614
0.265749 0.772899
0.269844 0.813111
0.275475 0.31286
0.282549 0.476659
0.290963 0.835266
0.300602 0.523118
0.311354 0.373791
0.323108 0.59936
0.335757 0.497937
0.349205 0.522252
0.363364 0.609447
0.378153 0.647682
0.393501 0.483423
0.409346 0.453201
0.425631 0.673911
0.442309 0.442488
0.459337 0.702798
0.476676 0.725218
0.494295 0.920036
0.512164 0.766426
0.530258 0.691358
0.548556 0.797846
0.567036 0.819147
0.585682 0.640536
0.604479 0.688345
0.623412 0.762466
0.642471 0.590874
0.661643 1.05906
0.280993 0.392568
0.281772 0.726021
0.284098 0.513154
0.287932 0.526616
0.293215 0.501035
0.299872 0.367367
0.307812 0.478214
0.316939 1.301
0.327155 0.358399
0.33836 0.3658
0.350459 0.455287
0.363364 0.592499
0.376991 0.542477
0.391265 0.724408
0.406118 0.589011
0.421489 0.41714
0.437323 0.624164
0.453571 0.455755
0.470191 0.519247
0.487144 0.537813
0.504397 0.921284
0.521921 0.694147
0.539688 0.741582
0.557676 0.843703
0.575863 0.701745
0.594233 0.659221
0.612767 1.28725
0.631452 0.90497
0.650275 0.88145
0.669224 1.38282
0.299872 0.647687
0.300602 0.452598
0.302783 0.450807
0.306384 0.772162
0.311354 0.80816
0.317631 0.893997
0.325138 0.654739
0.333792 0.449944
0.343506 0.459599
0.354194 0.567881
0.36577 0.586753
0.378153 0.561025
0.391265 0.950937
0.405037 0.787142
0.419402 0.670529
0.434303 0.615814
0.449686 0.582197
0.465503 0.73121
0.481711 0.753374
0.498272 0.713889
0.515153 0.633343
0.532323 0.565697
0.549754 0.658479
0.567423 0.480886
0.585308 0.585979
0.603389 0.78433
0.621651 0.652552
0.640077 1.10141
0.658653 1.30934
0.677368 0.797287
0.319009 0.639413
0.319696 0.686684
0.321747 1.21142
0.325138 0.732106
0.329826 0.751949
0.335757 0.500214
0.342867 0.61503
0.351085 0.384412
0.360333 0.774132
0.370536 0.559551
0.381617 0.381138
0.393501 0.314421
0.406118 0.64007
0.419402 0.580637
0.433292 0.551644
0.447731 0.482018
0.462667 0.588867
0.478055 0.55083
0.493851 0.383109
0.510019 0.691744
0.526523 0.882301
0.543333 0.63611
0.560422 0.71113
0.577765 0.642482
0.595339 0.838826
0.613125 0.903496
0.631105 0.876471
0.649262 0.966611
0.667583 0.830425
0.686054 1.11523
0.33836 0.805587
0.339007 0.405177
0.340943 0.607576
0.344144 0.502688
0.348577 0.523068
0.354194 0.412445
0.360942 0.494891
0.368756 0.582407
0.377572 0.3606
0.387322 0.665219
0.397935 0.583878
0.409346 0.720923
0.421489 0.562113
0.434303 0.692673
0.447731 1.07203
0.461718 0.705626
0.476216 0.603551
0.491179 0.748886
0.506567 0.769862
0.522341 0.668483
0.538467 0.657647
0.554916 0.705341
0.571659 0.998966
0.58867 1.19149
0.605928 0.885528
0.623412 0.490674
0.641104 0.835054
0.658986 1.00463
0.677044 1.0645
0.695263 1.07042
0.35789 1.02539
0.358503 0.520706
0.360333 0.306222
0.363364 0.667804
0.367565 0.714114
0.372896 0.347166
0.379311 0.386694
0.386755 0.616843
0.39517 0.436013
0.404495 0.869238
0.414669 1.04461
0.425631 0.553235
0.437323 0.555212
0.449686 0.718956
0.462667 0.829094
0.476216 1.3553
0.490285 0.426293
0.504832 0.67051
0.519815 0.506727
0.535199 0.755946
0.550949 0.668255
0.567036 0.480617
0.583431 0.550895
0.600109 0.791813
0.617047 0.798236
0.634225 0.908523
0.651623 0.978448
0.669224 1.05376
0.687013 1.21111
0.704975 0.670539
0.377572 0.538714
0.378153 0.380185
0.379889 0.669097
0.382765 0.753005
0.386755 0.815321
0.391825 0.396009
0.397935 0.674556
0.405037 0.602811
0.413079 0.459646
0.422009 0.368543
0.431771 0.68003
0.442309 0.778889
0.453571 0.749694
0.465503 0.650748
0.478055 0.702923
0.491179 0.773297
0.504832 0.70552
0.518971 0.5597
0.533557 0.752277
0.548556 0.880457
0.563933 0.579284
0.57966 0.763396
0.595707 0.810923
0.612051 0.744416
0.628667 0.676931
0.645536 0.719173
0.662637 1.18324
0.679953 0.992008
0.697468 1.26368
0.715168 1.1292
0.397384 0.398878
0.397935 0.41687
0.399585 0.643822
0.40232 0.396975
0.406118 0.821501
0.41095 0.550176
0.416779 0.817252
0.423565 0.55658
0.431262 0.549397
0.439823 0.440387
0.449198 0.763017
0.459337 0.784616
0.470191 0.926448
0.481711 0.518676
0.493851 0.556284
0.506567 0.876116
0.519815 0.844538
0.533557 0.869726
0.547755 0.816776
0.562375 0.580252
0.577385 0.83107
0.592755 0.852804
0.608457 0.845777
0.624467 0.815463
0.640762 0.891443
0.65732 0.736692
0.674122 1.00581
0.69115 1.18448
0.708389 0.887466
0.725822 1.37732
0.417305 0.816423
0.417831 0.632549
0.419402 0.770239
0.422009 0.332096
0.425631 0.566362
0.430244 0.694022
0.435815 0.897524
0.442309 0.618702
0.449686 1.23192
0.457902 0.622499
0.466914 0.492028
0.476676 0.42906
0.487144 0.680135
0.498272 0.739764
0.510019 0.521498
0.522341 0.589037
0.535199 0.729379
0.548556 0.95867
0.562375 0.606252
0.576625 0.958156
0.591273 0.887993
0.60629 1.0157
0.621651 0.832114
0.63733 0.963862
0.653304 1.18297
0.669552 0.971732
0.686054 1.57453
0.702794 0.717726
0.719753 1.01349
0.736918 1.25774
0.437323 0.675087
0.437824 0.315728
0.439324 0.577085
0.441813 0.83896
0.445275 0.742967
0.449686 0.593209
0.455019 0.550415
0.461243 0.912787
0.468321 0.458039
0.476216 0.733312
0.484888 0.664465
0.494295 0.695352
0.504397 0.876696
0.515153 1.15965
0.526523 0.786406
0.538467 0.81956
0.550949 1.06732
0.563933 0.638326
0.577385 0.571213
0.591273 0.757378
0.605566 1.05242
0.620238 1.01101
0.635261 0.766925
0.650612 1.17073
0.666268 0.818604
0.682207 0.995526
0.698411 1.04012
0.714861 1.25348
0.731541 1.20062
0.748435 1.12699
0.457423 0.472221
0.457902 0.58743
0.459337 0.495527
0.461718 0.463103
0.465031 0.603634
0.469257 0.596624
0.47437 0.573444
0.480343 0.781072
0.487144 0.792751
0.494739 0.692629
0.503091 0.688888
0.512164 0.9386
0.521921 0.85762
0.532323 0.718278
0.543333 0.924414
0.554916 0.866559
0.567036 0.689881
0.57966 1.1239
0.592755 0.683751
0.60629 1.09868
0.620238 0.768758
0.634571 0.674702
0.649262 1.02594
0.66429 0.842941
0.67963 0.739175
0.695263 1.09673
0.71117 1.45293
0.727331 1.30721
0.743731 1.15516
0.760355 1.03931
0.477596 0.468222
0.478055 0.562916
0.479429 0.687204
0.481711 0.673463
0.484888 1.16263
0.488941 0.923269
0.493851 0.654767
0.499591 0.623594
0.506133 0.734932
0.513447 0.449145
0.5215 0.711754
0.530258 0.926851
0.539688 0.704707
0.549754 0.706933
0.560422 0.88699
0.571659 0.756384
0.583431 0.829224
0.595707 0.767086
0.608457 0.773289
0.621651 0.934524
0.635261 0.676826
0.649262 1.42577
0.663629 1.00106
0.678338 1.05264
0.693368 1.06971
0.708698 1.21292
0.72431 1.69087
0.740184 1.13236
0.756306 1.09326
0.772659 1.12791
0.497832 0.651165
0.498272 1.00104
0.499591 0.630054
0.501781 0.5003
0.504832 0.663608
0.508727 0.69756
0.513447 0.723335
0.518971 0.913488
0.525272 0.731531
0.532323 0.776444
0.540094 0.710971
0.548556 0.779674
0.557676 0.523888
0.567423 0.808867
0.577765 0.621471
0.58867 0.847526
0.600109 0.968939
0.612051 1.02628
0.624467 0.689177
0.63733 0.845414
0.650612 1.17814
0.66429 1.11798
0.678338 0.897222
0.692735 1.02706
0.707459 1.49715
0.72249 1.13741
0.73781 1.03143
0.7534 1.37379
0.769245 1.35991
0.785328 1.41278
0.518125 0.852917
0.518548 0.576188
0.519815 0.638009
0.521921 0.547514
0.524854 0.79809
0.528601 0.793639
0.533146 0.675596
0.538467 0.666921
0.544543 0.944828
0.551347 0.65804
0.558854 0.623632
0.567036 0.703294
0.575863 0.728121
0.585308 0.769224
0.595339 0.89227
0.605928 0.910164
0.617047 0.632905
0.628667 0.947394
0.640762 0.748288
0.653304 1.25141
0.666268 0.917193
0.67963 0.735331
0.693368 1.13333
0.707459 0.837108
0.721883 0.929597
0.73662 0.949089
0.751652 1.24562
0.766961 1.55351
0.782531 1.43011
0.798346 1.63187
0.538467 0.906921
0.538874 0.608195
0.540094 0.667776
0.542121 0.59167
0.544945 0.836439
0.548556 0.762117
0.552936 0.74291
0.558069 0.728458
0.563933 0.574158
0.570506 0.862829
0.577765 0.947586
0.585682 1.57215
0.594233 0.657569
0.603389 0.798046
0.613125 0.621496
0.623412 0.9522
0.634225 0.745333
0.645536 1.01096
0.65732 1.68323
0.669552 1.23965
0.682207 0.920346
0.695263 1.08959
0.708698 1.13377
0.72249 1.4811
0.73662 1.61544
0.751068 1.28538
0.765816 1.08427
0.780847 0.713364
0.796146 1.18941
0.811696 1.03884
0.558854 0.874632
0.559247 0.72815
0.560422 0.770694
0.562375 0.559444
0.565099 0.998912
0.568581 0.886121
0.572808 1.02525
0.577765 0.838787
0.583431 0.950138
0.589787 0.696415
0.596811 0.585597
0.604479 0.75809
0.612767 0.765569
0.621651 1.20909
0.631105 1.03164
0.641104 1.26224
0.651623 1.07209
0.662637 0.801223
0.674122 1.44093
0.686054 1.10942
0.698411 1.13964
0.71117 0.975912
0.72431 0.972621
0.73781 1.26001
0.751652 1.19339
0.765816 1.0984
0.780285 1.40335
0.795043 1.0734
0.810073 0.75716
0.825362 0.940655
0.579281 0.604152
0.57966 0.75013
0.580794 0.702241
0.582679 0.939686
0.585308 0.636883
0.58867 0.712127
0.592755 1.16148
0.597545 1.0348
0.603026 0.688262
0.609177 0.859164
0.61598 1.09371
0.623412 1.24372
0.631452 1.02232
0.640077 0.763254
0.649262 0.866336
0.658986 0.846499
0.669224 1.00638
0.679953 1.2803
0.69115 1.06651
0.702794 1.0167
0.714861 0.872769
0.727331 1.07274
0.740184 1.31341
0.7534 1.17582
0.766961 1.27815
0.780847 1.2066
0.795043 0.927359
0.809532 1.29188
0.824298 1.56486
0.839327 0.963489
0.599743 0.749474
0.600109 0.692198
0.601204 0.937526
0.603026 0.551146
0.605566 0.677246
0.608817 0.952599
0.612767 0.800514
0.617403 0.584928
0.622708 0.693887
0.628667 1.00846
0.635261 0.925225
0.642471 0.834718
0.650275 1.23986
0.658653 0.81675
0.667583 1.12603
0.677044 1.18949
0.687013 1.34773
0.697468 0.874709
0.708389 1.15897
0.719753 1.22638
0.731541 1.46408
0.743731 1.17168
0.756306 1.14085
0.769245 1.18269
0.782531 0.881358
0.796146 1.43684
0.810073 1.4145
0.824298 0.954335
0.838805 1.01414
0.853578 1.56108
0.620238 1.12455
0.620592 0.584273
0.621651 1.18346
0.623412 1.1741
0.62587 0.812058
0.629016 0.823487
0.63284 0.874161
0.63733 0.989176
0.642471 0.964083
0.648248 0.819951
0.654645 1.15047
0.661643 1.49649
0.669224 0.868952
0.677368 0.945401
0.686054 0.9922
0.695263 0.895176
0.704975 0.907039
0.715168 1.14936
0.725822 1.15506
0.736918 1.3621
0.748435 1.29612
0.760355 1.13975
0.772659 1.25603
0.785328 0.914461
0.798346 1.49895
0.811696 1.45049
0.825362 1.1428
0.839327 1.07835
0.853578 1.13873
0.868101 0.967704
0.146608 1.0178
0.148096 2.98947
0.152474 12.5999
0.159504 0.608546
0.168856 2.39552
0.180167 2.19608
0.193094 0.741107
0.207335 2.07655
0.222637 1.60516
0.238798 0.606066
0.255654 0.920542
0.273076 0.967027
0.290963 0.482378
0.309234 0.392999
0.327825 0.401551
0.346684 0.660936
0.36577 0.411938
0.38505 0.508772
0.404495 0.726608
0.424083 0.593974
0.443794 0.598128
0.463614 0.697908
0.483529 0.612133
0.503527 0.55608
0.523599 0.612726
0.543737 0.657953
0.563933 0.995382
0.584182 0.698439
0.604479 0.878441
0.624818 0.884854
0.148096 3.32
0.14957 17.2711
0.153906 0.713806
0.160874 0.919071
0.170149 1.18112
0.18138 0.876891
0.194226 0.970568
0.20839 3.29605
0.22362 1.75352
0.239714 1.42484
0.25651 0.440572
0.273878 1.29861
0.291715 0.513583
0.309942 0.488323
0.328493 0.677508
0.347316 0.480347
0.36637 0.793308
0.385619 0.50302
0.405037 0.677934
0.4246 0.686925
0.444288 0.579613
0.464087 0.826828
0.483982 0.657182
0.503962 0.735682
0.524017 0.657726
0.54414 0.704669
0.564322 0.870299
0.584558 0.878272
0.604842 0.84602
0.625169 0.903641
0.152474 8.71937
0.153906 10.5129
0.158123 4.79341
0.164913 3.10979
0.173974 1.27815
0.184972 2.35893
0.197585 0.751792
0.211524 0.516797
0.226543 0.687444
0.242444 0.491732
0.259062 0.502234
0.27627 0.797128
0.293962 0.416217
0.312058 0.557136
0.33049 0.492642
0.349205 0.50254
0.368161 0.500471
0.387322 0.477662
0.406658 1.26132
0.426146 0.620851
0.445767 0.670935
0.465503 0.503843
0.48534 0.477287
0.505266 0.576969
0.525272 0.902404
0.545348 0.561737
0.565487 0.4968
0.585682 0.630756
0.605928 0.876299
0.626221 0.579383
0.159504 4.45709
0.160874 2.6205
0.164913 0.530819
0.171434 0.750541
0.180167 0.705761
0.190808 0.73679
0.203059 0.736728
0.216646 0.548151
0.231334 0.780514
0.246926 0.53484
0.263261 0.670509
0.280211 1.17957
0.297669 0.317199
0.315552 0.409066
0.333792 0.700223
0.352332 0.615528
0.371128 1.01652
0.390143 0.780551
0.409346 0.607284
0.428712 0.567999
0.44822 0.780047
0.467852 0.597177
0.487594 0.561878
0.507432 0.537833
0.527355 0.726051
0.547355 0.849959
0.567423 0.440904
0.587552 0.617972
0.607736 0.530883
0.627969 0.603423
0.168856 2.45019
0.170149 3.90729
0.173974 1.86692
0.180167 0.54439
0.188496 0.842084
0.198692 0.520305
0.210484 0.402472
0.22362 0.783832
0.237878 1.33364
0.253067 0.728183
0.26903 0.753756
0.285637 0.664999
0.302783 0.579714
0.320381 0.629696
0.33836 0.646581
0.356663 1.10583
0.375242 0.537919
0.394058 0.492108
0.413079 1.02619
0.432278 0.704094
0.451632 0.637217
0.471123 0.773255
0.490732 0.690759
0.510448 0.6123
0.530258 0.540767
0.550153 0.616744
0.570122 0.596275
0.590159 1.29407
0.610257 0.729437
0.630409 1.00374
0.180167 0.613376
0.18138 1.66229
0.184972 2.77532
0.190808 0.970219
0.198692 1.35136
0.20839 0.965078
0.219662 1.29138
0.23228 0.413182
0.246036 1.28334
0.26075 0.586714
0.27627 0.51522
0.292466 1.11857
0.309234 0.349341
0.326484 0.634299
0.344144 0.44381
0.362155 0.819733
0.380466 0.549878
0.399036 0.602238
0.417831 0.629082
0.436821 0.491088
0.455982 0.681358
0.475294 0.612205
0.494739 0.672233
0.514301 0.54418
0.533968 0.701587
0.553729 0.544611
0.573574 0.810813
0.593494 0.774858
0.613483 1.12302
0.633533 0.993952
0.193094 0.554962
0.194226 0.900973
0.197585 0.739531
0.203059 1.02659
0.210484 0.576306
0.219662 0.61109
0.230383 0.582245
0.242444 0.428186
0.255654 0.951939
0.269844 0.338745
0.284869 0.992911
0.300602 0.515411
0.316939 0.28847
0.333792 0.712592
0.351085 0.535616
0.368756 0.879086
0.386755 0.612168
0.405037 0.480765
0.423565 0.645198
0.442309 0.719594
0.461243 0.551628
0.480343 0.434383
0.499591 0.520765
0.518971 0.58841
0.538467 0.709433
0.558069 0.618594
0.577765 0.896794
0.597545 0.722299
0.617403 0.919832
0.63733 1.01152
0.207335 0.687347
0.20839 0.522921
0.211524 0.965383
0.216646 1.39125
0.22362 1.57784
0.23228 1.49512
0.242444 0.443446
0.253932 0.610668
0.266573 0.651717
0.280211 0.582845
0.294708 0.546427
0.309942 0.636963
0.325811 0.60002
0.342227 0.643977
0.359114 0.36773
0.376409 0.499308
0.394058 0.518756
0.412016 0.413944
0.430244 0.668278
0.448709 0.670972
0.467383 0.616287
0.486243 0.600768
0.505266 1.00459
0.524436 0.65832
0.543737 0.560794
0.563155 0.940447
0.582679 0.845987
0.602298 0.721571
0.622004 0.989285
0.641788 0.780435
0.222637 0.842214
0.22362 0.839266
0.226543 0.580822
0.231334 1.53256
0.237878 0.529224
0.246036 0.658934
0.255654 0.694879
0.266573 0.442498
0.278641 0.576306
0.291715 0.465498
0.305667 0.39007
0.320381 0.530495
0.335757 0.705908
0.351709 0.649452
0.368161 0.751941
0.38505 0.545978
0.40232 0.948099
0.419925 1.06021
0.437824 0.991024
0.455982 0.738159
0.47437 0.790945
0.492962 0.713201
0.511736 0.803256
0.530672 0.806698
0.549754 0.81341
0.568967 0.8551
0.588298 0.414624
0.607736 0.90929
0.62727 1.24468
0.646894 1.09419
0.238798 0.490121
0.239714 0.877923
0.242444 2.08948
0.246926 0.69268
0.253067 2.13146
0.26075 0.799263
0.269844 1.24827
0.280211 0.791092
0.291715 0.499017
0.304228 0.384255
0.317631 0.610201
0.331815 0.444009
0.346684 0.402809
0.362155 0.552161
0.378153 0.567648
0.394614 0.367793
0.411483 0.643062
0.428712 0.425042
0.446259 0.610205
0.464087 0.582062
0.482166 0.804063
0.500468 0.594656
0.518971 0.65918
0.537652 0.826913
0.556495 0.820723
0.575482 0.654877
0.594602 0.517273
0.61384 0.666401
0.633187 0.670905
0.652632 0.755938
0.255654 0.977581
0.25651 0.439974
0.259062 0.441182
0.263261 0.687133
0.26903 0.502805
0.27627 0.540613
0.284869 0.466626
0.294708 0.598894
0.305667 1.01106
0.317631 0.457352
0.33049 0.319598
0.344144 1.13377
0.358503 0.413174
0.373484 0.653434
0.389017 0.443897
0.405037 0.469241
0.421489 0.635705
0.438324 0.705431
0.455501 0.582626
0.472981 0.451889
0.490732 0.844536
0.508727 0.324006
0.526939 0.66912
0.545348 0.886508
0.563933 1.06929
0.582679 0.944215
0.601569 1.0181
0.620592 0.787383
0.639734 0.566573
0.658986 1.26773
0.273076 0.577849
0.273878 0.492483
0.27627 0.538911
0.280211 0.400415
0.285637 0.734545
0.292466 0.410108
0.300602 0.457413
0.309942 0.718848
0.320381 0.531723
0.331815 0.630711
0.344144 0.660019
0.357277 0.47332
0.371128 0.510309
0.385619 0.569149
0.400681 0.517526
0.416253 0.697803
0.432278 0.374087
0.448709 0.444069
0.465503 0.80434
0.482621 0.388097
0.50003 0.507078
0.517701 0.545824
0.535609 0.70904
0.553729 0.64539
0.572042 0.513044
0.59053 1.2052
0.609177 0.926693
0.627969 0.821046
0.646894 0.900089
0.665939 0.951792
0.290963 0.448317
0.291715 1.1415
0.293962 0.422885
0.297669 0.589282
0.302783 0.26046
0.309234 0.72584
0.316939 0.617161
0.325811 0.505132
0.335757 0.75221
0.346684 0.365015
0.358503 0.303121
0.371128 0.618858
0.38448 0.553732
0.398486 0.565307
0.413079 0.510008
0.4282 0.48902
0.443794 0.680894
0.459814 0.549635
0.476216 0.504473
0.492962 0.680239
0.510019 0.599685
0.527355 0.8733
0.544945 0.938294
0.562765 0.550868
0.580794 0.587636
0.599012 0.897203
0.617403 0.870967
0.635952 1.15751
0.654645 0.735194
0.673471 1.35379
0.309234 0.803066
0.309942 0.350455
0.312058 0.548877
0.315552 0.546026
0.320381 0.747288
0.326484 0.683491
0.333792 0.565561
0.342227 0.867019
0.351709 0.495382
0.362155 0.496845
0.373484 0.48035
0.385619 0.370154
0.398486 0.630347
0.412016 0.496031
0.426146 0.680788
0.440819 0.373125
0.455982 0.665945
0.471588 0.573742
0.487594 0.529358
0.503962 0.651138
0.520658 0.952531
0.537652 0.769053
0.554916 0.449393
0.572425 1.04628
0.590159 0.925535
0.608096 0.700981
0.626221 0.733649
0.644516 0.852739
0.662968 0.79772
0.681564 1.02316
0.327825 0.806485
0.328493 0.542258
0.33049 1.11631
0.333792 0.541269
0.33836 0.642992
0.344144 0.519583
0.351085 0.471097
0.359114 0.395172
0.368161 0.487626
0.378153 0.500217
0.389017 0.436231
0.400681 0.573453
0.413079 1.06349
0.426146 0.415487
0.439823 0.559788
0.454054 0.65845
0.468789 0.478623
0.483982 0.740269
0.499591 0.718799
0.515579 0.788592
0.53191 0.562943
0.548556 0.745406
0.565487 0.516561
0.582679 0.709065
0.600109 0.876852
0.617758 0.76779
0.635607 0.789245
0.653639 0.931407
0.671841 0.926197
0.690198 0.975232
0.346684 0.316281
0.347316 0.459739
0.349205 0.426185
0.352332 0.795663
0.356663 0.835915
0.362155 0.652014
0.368756 0.415089
0.376409 0.556923
0.38505 0.54819
0.394614 0.687178
0.405037 0.607418
0.416253 0.439472
0.4282 0.655275
0.440819 0.355401
0.454054 0.70357
0.467852 0.866476
0.482166 0.649261
0.49695 0.873784
0.512164 0.786076
0.527771 0.663217
0.543737 0.496873
0.56003 0.858601
0.576625 0.897268
0.593494 0.77389
0.610616 0.842578
0.627969 0.825368
0.645536 1.26071
0.663299 1.31215
0.681242 1.32658
0.699352 1.01737
0.36577 0.383667
0.36637 0.486165
0.368161 0.505299
0.371128 0.623642
0.375242 0.463977
0.380466 0.6247
0.386755 0.6216
0.394058 0.386094
0.40232 0.603461
0.411483 0.6643
0.421489 0.717251
0.432278 0.425381
0.443794 0.548797
0.455982 0.474292
0.468789 0.678891
0.482166 0.436512
0.496067 1.02512
0.510448 0.892196
0.525272 0.576509
0.5405 0.535573
0.5561 0.788815
0.572042 0.534518
0.588298 1.16085
0.604842 0.75287
0.621651 0.900467
0.638705 0.994435
0.655984 0.780767
0.673471 1.27097
0.69115 0.955428
0.709008 1.20921
0.38505 0.639604
0.385619 0.57536
0.387322 0.527811
0.390143 0.552447
0.394058 0.557234
0.399036 0.593559
0.405037 0.390762
0.412016 0.659293
0.419925 0.492939
0.428712 0.629676
0.438324 0.902147
0.448709 0.662546
0.459814 0.691512
0.471588 0.954192
0.483982 0.735401
0.49695 0.688072
0.510448 0.704678
0.524436 0.555611
0.538874 0.891426
0.553729 1.0313
0.568967 0.71923
0.584558 0.722085
0.600474 0.736713
0.616692 1.33574
0.633187 0.812538
0.649938 0.977671
0.666926 1.07228
0.684133 1.01411
0.701544 1.31397
0.719143 0.887525
0.404495 0.510954
0.405037 0.647562
0.406658 0.480817
0.409346 0.677374
0.413079 0.848305
0.417831 0.854717
0.423565 0.420263
0.430244 0.467825
0.437824 0.555807
0.446259 0.77789
0.455501 0.715464
0.465503 0.789411
0.476216 0.666349
0.487594 0.598441
0.499591 0.900546
0.512164 0.671221
0.525272 0.683121
0.538874 0.715448
0.552936 0.952131
0.567423 0.571774
0.582302 0.913784
0.597545 0.857292
0.613125 1.1182
0.629016 1.00502
0.645196 0.757766
0.661643 1.13008
0.678338 1.20799
0.695263 1.06656
0.712402 1.12676
0.72974 1.08519
0.424083 0.446028
0.4246 0.463308
0.426146 0.49478
0.428712 0.402157
0.432278 0.353704
0.436821 0.661796
0.442309 0.514821
0.448709 0.936107
0.455982 0.552816
0.464087 0.427942
0.472981 0.610091
0.482621 0.45406
0.492962 0.69059
0.503962 0.455904
0.515579 0.798068
0.527771 0.65844
0.5405 0.898071
0.553729 0.691166
0.567423 0.891324
0.581548 0.92779
0.596075 0.683445
0.610975 1.25838
0.626221 0.867366
0.641788 0.992288
0.657653 1.12326
0.673797 0.832005
0.690198 0.880398
0.706839 1.20208
0.723704 0.971577
0.740777 1.03061
0.443794 0.566932
0.444288 0.399781
0.445767 0.433472
0.44822 0.45075
0.451632 0.949835
0.455982 0.511146
0.461243 1.13201
0.467383 1.05506
0.47437 0.962391
0.482166 0.851348
0.490732 0.809819
0.50003 0.576627
0.510019 0.768307
0.520658 0.734058
0.53191 0.679053
0.543737 0.794277
0.5561 0.612033
0.568967 0.653743
0.582302 0.929904
0.596075 0.65631
0.610257 1.06119
0.624818 0.865629
0.639734 0.91087
0.65498 1.0972
0.670534 1.05525
0.686374 1.22066
0.702481 0.999973
0.718838 1.0712
0.735428 1.17025
0.752235 0.806295
0.463614 0.81543
0.464087 0.837457
0.465503 0.593371
0.467852 0.370294
0.471123 0.770922
0.475294 1.03798
0.480343 0.433053
0.486243 0.441925
0.492962 0.590837
0.500468 0.754892
0.508727 0.666125
0.517701 0.573259
0.527355 1.08724
0.537652 0.721387
0.548556 0.787
0.56003 0.59536
0.572042 0.560235
0.584558 0.644518
0.597545 0.786556
0.610975 1.15759
0.624818 1.24329
0.639048 0.820998
0.653639 0.744762
0.668568 1.15836
0.683813 0.819385
0.699352 0.768887
0.715168 1.50223
0.731241 1.00347
0.747555 0.935664
0.764095 1.01744
0.483529 0.597181
0.483982 0.713835
0.48534 0.594602
0.487594 0.739157
0.490732 0.688038
0.494739 0.79966
0.499591 0.791849
0.505266 0.775794
0.511736 0.769885
0.518971 0.724102
0.526939 0.808677
0.535609 0.722573
0.544945 1.13216
0.554916 0.872897
0.565487 0.987556
0.576625 0.90338
0.588298 0.690048
0.600474 1.31914
0.613125 0.65226
0.626221 1.10645
0.639734 1.29022
0.653639 0.938615
0.667912 0.977474
0.682529 1.162
0.697468 1.18345
0.71271 1.08541
0.728235 1.16884
0.744026 1.16738
0.760066 1.06567
0.77634 1.12361
0.503527 0.548893
0.503962 0.748265
0.505266 0.637371
0.507432 0.691527
0.510448 0.681533
0.514301 0.647038
0.518971 0.713404
0.524436 0.416371
0.530672 0.450675
0.537652 0.918424
0.545348 0.865659
0.553729 0.715115
0.562765 0.794381
0.572425 0.852438
0.582679 0.801518
0.593494 1.26106
0.604842 0.693808
0.616692 0.884497
0.629016 0.805397
0.641788 0.683713
0.65498 1.32123
0.668568 1.4998
0.682529 0.898748
0.696839 1.2751
0.711478 1.13615
0.726426 0.776657
0.741664 1.29872
0.757175 0.982201
0.772942 1.25402
0.788951 1.09865
0.523599 0.532426
0.524017 0.782306
0.525272 0.50263
0.527355 1.05307
0.530258 0.61769
0.533968 0.812179
0.538467 1.26016
0.543737 0.663486
0.549754 0.929782
0.556495 0.821027
0.563933 0.697918
0.572042 0.686882
0.580794 0.681812
0.590159 0.920267
0.600109 0.847369
0.610616 0.638037
0.621651 0.85247
0.633187 0.867963
0.645196 1.41825
0.657653 1.0562
0.670534 1.06717
0.683813 0.922037
0.697468 1.6328
0.711478 1.07498
0.725822 1.04378
0.74048 1.3151
0.755435 1.37126
0.770669 1.44183
0.786166 0.946566
0.80191 1.38229
0.543737 0.808772
0.54414 0.62128
0.545348 0.630733
0.547355 0.838164
0.550153 1.01324
0.553729 0.9691
0.558069 0.760396
0.563155 0.720699
0.568967 1.06222
0.575482 0.754726
0.582679 0.771024
0.59053 0.975319
0.599012 0.774527
0.608096 1.07402
0.617758 0.688774
0.627969 0.893322
0.638705 1.06167
0.649938 0.875209
0.661643 1.0002
0.673797 1.0654
0.686374 1.20823
0.699352 1.03121
0.71271 1.00388
0.726426 1.35694
0.74048 1.03023
0.754854 1.42274
0.76953 1.04173
0.78449 1.43875
0.799719 1.28424
0.815201 1.19021
0.563933 0.787282
0.564322 0.719942
0.565487 0.62701
0.567423 0.608739
0.570122 0.567297
0.573574 0.822537
0.577765 1.17493
0.582679 0.661203
0.588298 0.936501
0.594602 0.821071
0.601569 1.06436
0.609177 0.852832
0.617403 0.848828
0.626221 1.06123
0.635607 0.986647
0.645536 0.728146
0.655984 1.14355
0.666926 0.743068
0.678338 1.0968
0.690198 0.620037
0.702481 1.02498
0.715168 1.26981
0.728235 1.12793
0.741664 1.2448
0.755435 1.04634
0.76953 1.31421
0.783931 1.46068
0.798621 1.57946
0.813586 1.53758
0.828809 1.46395
0.584182 0.810964
0.584558 0.850744
0.585682 0.735781
0.587552 0.582643
0.590159 0.783703
0.593494 0.811087
0.597545 0.735875
0.602298 1.01412
0.607736 1.01552
0.61384 1.09906
0.620592 0.93889
0.627969 0.852307
0.635952 0.853584
0.644516 1.07272
0.653639 0.992852
0.663299 1.03346
0.673471 0.770207
0.684133 1.10152
0.695263 0.834819
0.706839 1.47607
0.718838 0.979567
0.731241 1.0101
0.744026 1.22413
0.757175 1.16048
0.770669 1.06758
0.78449 1.18069
0.798621 0.91735
0.813046 1.18588
0.82775 0.95951
0.842718 1.3153
0.604479 0.857097
0.604842 0.559422
0.605928 0.829801
0.607736 0.883597
0.610257 0.831471
0.613483 0.820313
0.617403 0.955569
0.622004 1.01166
0.62727 0.69004
0.633187 0.728724
0.639734 0.834915
0.646894 1.00163
0.654645 0.658889
0.662968 1.14996
0.671841 0.857908
0.681242 0.858096
0.69115 0.846043
0.701544 1.01243
0.712402 1.15208
0.723704 0.966631
0.735428 1.14323
0.747555 1.30435
0.760066 1.60927
0.772942 0.847446
0.786166 1.45442
0.799719 1.7044
0.813586 1.10752
0.82775 0.929072
0.842197 0.874618
0.856912 1.66785
0.624818 0.821462
0.625169 1.01275
0.626221 1.22345
0.627969 0.98018
0.630409 0.915772
0.633533 0.917043
0.63733 0.564531
0.641788 0.657847
0.646894 1.07052
0.652632 1.2134
0.658986 0.788716
0.665939 1.41731
0.673471 1.46719
0.681564 0.955998
0.690198 1.17628
0.699352 1.41784
0.709008 0.902846
0.719143 1.22344
0.72974 1.47876
0.740777 0.861204
0.752235 1.0371
0.764095 0.887884
0.77634 1.22574
0.788951 1.03728
0.80191 1.35499
0.815201 1.43497
0.828809 1.64603
0.842718 1.07213
0.856912 1.26055
0.871379 1.59532
0.167552 5.64966
0.168856 1.28415
0.172708 1.74436
0.178945 0.897574
0.187328 1.63213
0.197585 1.39796
0.20944 0.490407
0.222637 1.0437
0.236954 1.25513
0.252199 0.423069
0.268213 0.483838
0.284869 0.547379
0.302058 1.12831
0.319696 0.61818
0.337711 0.278305
0.356047 0.500113
0.374657 0.649969
0.393501 0.319301
0.412548 0.895017
0.431771 0.589737
0.451147 0.87205
0.470657 0.823559
0.490285 0.561694
0.510019 0.641593
0.529845 0.647798
0.549754 0.612453
0.569737 0.914414
0.589787 1.07749
0.609897 0.838827
0.630061 1.18909
0.168856 2.77208
0.170149 3.53159
0.173974 1.92457
0.180167 0.934149
0.188496 3.51691
0.198692 1.14414
0.210484 0.971409
0.22362 0.989426
0.237878 0.360464
0.253067 0.657916
0.26903 0.994283
0.285637 0.315178
0.302783 0.297292
0.320381 0.506922
0.33836 0.474273
0.356663 0.796322
0.375242 0.71867
0.394058 0.617924
0.413079 0.667902
0.432278 0.715394
0.451632 0.616773
0.471123 1.0759
0.490732 0.639036
0.510448 0.872984
0.530258 0.865824
0.550153 0.645934
0.570122 0.724509
0.590159 0.720534
0.610257 0.626429
0.630409 0.626545
0.172708 2.00445
0.173974 1.68654
0.177715 0.72949
0.183782 1.54329
0.191954 0.457013
0.201976 1.79257
0.213587 0.613966
0.226543 0.660398
0.240628 1.48483
0.255654 0.507309
0.271465 0.647025
0.287932 0.838601
0.304949 0.539968
0.322428 0.287309
0.340299 0.76895
0.358503 0.344002
0.376991 0.451682
0.395724 0.500223
0.414669 0.760689
0.433798 0.635125
0.453087 0.718374
0.472517 0.83088
0.492071 0.557874
0.511736 0.478712
0.531498 0.463783
0.551347 0.602105
0.571275 0.847199
0.591273 1.0728
0.611334 1.04216
0.631452 0.849375
0.178945 1.00492
0.180167 0.556036
0.183782 0.862211
0.189656 1.69564
0.197585 0.853083
0.207335 2.23414
0.218661 1.05897
0.231334 0.476611
0.245143 1.2069
0.259908 0.760433
0.275475 1.61095
0.291715 1.26522
0.308524 0.628104
0.325811 0.412714
0.343506 0.566943
0.361549 0.410048
0.379889 0.429946
0.398486 0.570245
0.417305 0.540949
0.436318 0.506228
0.455501 0.812279
0.474832 0.562035
0.494295 0.36229
0.513874 0.8955
0.533557 0.541959
0.553333 0.590042
0.573191 0.664943
0.593124 0.916949
0.613125 0.991694
0.633187 0.903101
0.187328 3.84848
0.188496 1.08264
0.191954 0.879768
0.197585 1.29889
0.205208 2.3025
0.214612 0.412959
0.225573 0.393762
0.237878 0.432135
0.251327 0.376532
0.265749 0.903908
0.280993 1.23485
0.296932 0.7412
0.31346 0.542475
0.33049 0.598554
0.347947 0.688731
0.36577 0.448211
0.383909 0.616417
0.40232 0.562524
0.420968 0.561844
0.439823 0.568686
0.458859 0.561077
0.478055 0.77448
0.497391 0.460601
0.516853 0.795489
0.536427 0.719942
0.5561 0.815231
0.575863 0.769649
0.595707 0.988427
0.615624 0.657422
0.635607 1.312
0.197585 1.56679
0.198692 0.902144
0.201976 0.346704
0.207335 0.41921
0.214612 1.606
0.22362 2.01861
0.23416 0.783084
0.246036 0.532133
0.259062 0.4065
0.273076 0.504399
0.287932 0.314332
0.303507 1.00289
0.319696 0.438741
0.33641 0.511333
0.353575 0.40037
0.371128 0.408186
0.389017 0.462977
0.407197 0.522746
0.425631 0.750488
0.444288 0.849751
0.463141 1.05594
0.482166 0.581496
0.501344 0.559493
0.520658 0.483556
0.540094 1.12771
0.559639 0.654567
0.579281 1.13715
0.599012 0.767456
0.618822 0.887474
0.638705 1.08407
0.20944 0.528663
0.210484 1.45807
0.213587 1.36632
0.218661 0.932457
0.225573 1.22984
0.23416 0.709131
0.244246 1.39195
0.255654 0.729879
0.268213 0.662282
0.281772 0.649098
0.296192 0.609353
0.311354 0.506735
0.327155 0.397095
0.343506 0.416565
0.360333 0.678874
0.377572 0.716904
0.39517 0.597199
0.413079 0.403166
0.431262 0.618524
0.449686 0.573611
0.468321 0.781747
0.487144 0.914416
0.506133 0.42229
0.525272 0.597703
0.544543 0.763594
0.563933 0.769878
0.583431 1.06304
0.603026 0.693874
0.622708 0.864475
0.642471 0.92387
0.222637 1.03126
0.22362 0.943958
0.226543 3.30563
0.231334 0.781075
0.237878 0.429959
0.246036 0.745063
0.255654 0.354208
0.266573 1.12593
0.278641 1.01713
0.291715 1.08972
0.305667 0.894512
0.320381 0.656585
0.335757 0.602354
0.351709 0.707027
0.368161 0.427698
0.38505 0.683006
0.40232 0.362357
0.419925 1.11408
0.437824 0.72035
0.455982 1.13182
0.47437 0.802434
0.492962 0.666339
0.511736 1.07007
0.530672 1.08971
0.549754 0.784894
0.568967 0.842817
0.588298 0.663949
0.607736 0.940982
0.62727 0.973232
0.646894 0.936962
0.236954 0.475303
0.237878 1.24399
0.240628 0.548666
0.245143 1.20426
0.251327 0.358115
0.259062 0.533506
0.268213 0.830092
0.278641 0.768034
0.290208 0.476466
0.302783 0.411981
0.316247 0.365441
0.33049 0.483761
0.345416 0.484596
0.360942 0.659307
0.376991 0.69116
0.393501 0.685411
0.410416 1.44183
0.427688 0.481157
0.445275 0.48667
0.463141 0.810442
0.481255 0.482676
0.499591 0.665105
0.518125 0.602802
0.536836 0.736712
0.555706 0.644703
0.57472 0.807399
0.593864 0.560087
0.613125 0.733712
0.632493 0.852664
0.651959 1.10689
0.252199 1.71835
0.253067 1.41235
0.255654 0.648389
0.259908 0.452305
0.265749 0.434441
0.273076 0.679138
0.281772 0.458537
0.291715 0.399181
0.302783 0.881555
0.314857 0.592985
0.327825 0.453717
0.341586 0.352305
0.356047 0.545125
0.371128 0.678379
0.386755 0.683573
0.402865 0.607643
0.419402 0.466599
0.436318 0.554734
0.453571 0.67179
0.471123 0.686479
0.488941 0.672699
0.506999 0.718665
0.525272 0.482017
0.543737 0.651935
0.562375 0.641845
0.581171 0.616488
0.600109 0.772399
0.619176 1.0933
0.638361 1.01934
0.657653 1.15241
0.268213 0.485563
0.26903 0.490717
0.271465 0.825314
0.275475 0.673806
0.280993 0.454302
0.287932 0.825159
0.296192 0.941137
0.305667 0.487288
0.316247 0.695595
0.327825 0.327628
0.340299 0.677463
0.353575 0.407822
0.367565 0.434529
0.382191 0.400902
0.397384 0.446905
0.413079 0.740042
0.429223 0.466872
0.445767 0.634377
0.462667 0.485848
0.479886 0.93977
0.497391 0.542148
0.515153 0.534841
0.533146 0.597826
0.551347 0.606923
0.569737 0.859698
0.588298 0.800259
0.607013 1.12109
0.62587 1.24876
0.644856 1.00356
0.66396 1.18555
0.284869 0.275872
0.285637 0.714894
0.287932 0.468308
0.291715 1.09187
0.296932 0.465758
0.303507 0.466083
0.311354 0.531412
0.320381 0.682656
0.33049 0.990246
0.341586 0.520261
0.353575 0.588843
0.36637 0.514783
0.379889 0.521779
0.394058 0.947901
0.40881 0.797512
0.424083 0.504732
0.439823 0.488227
0.455982 0.941393
0.472517 0.836041
0.48939 0.699807
0.506567 0.572276
0.524017 0.842314
0.541716 1.00826
0.559639 0.913136
0.577765 0.711701
0.596075 0.910654
0.614554 0.741085
0.633187 1.02737
0.651959 0.890061
0.670861 0.899027
0.302058 0.354039
0.302783 0.46769
0.304949 0.452227
0.308524 0.334536
0.31346 0.387378
0.319696 0.499318
0.327155 0.471822
0.335757 0.367028
0.345416 0.351727
0.356047 0.683842
0.367565 0.491937
0.379889 0.592701
0.392943 0.552877
0.406658 0.491478
0.420968 0.385765
0.435815 0.460351
0.451147 0.816234
0.466914 0.720055
0.483075 0.870816
0.499591 0.702355
0.516429 0.675164
0.533557 1.00102
0.550949 0.593657
0.568581 0.708733
0.586431 0.734954
0.604479 0.488115
0.622708 1.10451
0.641104 0.968411
0.659651 0.637629
0.678338 1.2406
0.319696 0.648403
0.320381 0.492524
0.322428 0.704696
0.325811 0.373488
0.33049 0.408542
0.33641 0.454143
0.343506 0.420155
0.351709 0.681845
0.360942 0.571328
0.371128 0.682817
0.382191 0.377072
0.394058 0.549234
0.406658 0.568902
0.419925 0.568526
0.433798 0.693274
0.44822 0.588221
0.463141 0.695359
0.478513 0.681784
0.494295 0.820184
0.510448 0.523386
0.526939 0.472236
0.543737 0.824677
0.560813 0.86352
0.578144 0.997495
0.595707 0.760156
0.613483 0.949161
0.631452 0.834068
0.6496 1.07265
0.667912 0.822569
0.686374 0.980215
0.337711 0.612541
0.33836 0.706176
0.340299 0.25553
0.343506 0.605956
0.347947 0.453709
0.353575 0.526489
0.360333 0.429503
0.368161 0.644515
0.376991 0.562311
0.386755 0.71247
0.397384 0.599373
0.40881 0.585984
0.420968 0.520395
0.433798 0.622177
0.44724 0.735495
0.461243 0.575069
0.475755 0.594245
0.490732 0.806146
0.506133 0.747935
0.521921 0.733268
0.53806 0.777147
0.554521 0.644397
0.571275 1.26648
0.588298 0.848319
0.605566 0.703063
0.623061 0.832215
0.640762 1.21278
0.658653 1.01246
0.67672 1.05841
0.694948 0.952772
0.356047 0.623235
0.356663 0.693817
0.358503 0.322596
0.361549 1.59224
0.36577 0.658051
0.371128 0.477671
0.377572 0.842911
0.38505 0.665245
0.393501 0.436672
0.402865 0.446328
0.413079 0.565109
0.424083 0.525541
0.435815 0.732819
0.44822 0.531287
0.461243 0.523305
0.474832 0.752695
0.488941 0.724771
0.503527 0.835074
0.518548 0.93275
0.533968 0.579894
0.549754 0.884223
0.565874 0.760574
0.582302 0.829565
0.599012 0.623981
0.61598 0.995824
0.633187 0.847865
0.650612 1.05146
0.66824 1.25797
0.686054 1.0673
0.704041 0.922516
0.374657 0.542946
0.375242 0.361584
0.376991 0.589409
0.379889 0.414237
0.383909 0.232517
0.389017 0.57732
0.39517 0.934491
0.40232 0.38582
0.410416 0.542201
0.419402 0.693938
0.429223 0.660065
0.439823 0.567297
0.451147 0.497995
0.463141 0.400833
0.475755 0.595826
0.488941 0.748651
0.502655 0.90983
0.516853 0.734696
0.531498 0.946549
0.546553 1.07039
0.561985 0.595442
0.577765 0.520545
0.593864 0.855727
0.610257 1.46193
0.626921 0.918359
0.643835 0.938127
0.66098 0.788259
0.678338 1.21964
0.695894 1.0103
0.713633 1.23819
0.393501 0.437395
0.394058 0.678304
0.395724 0.507938
0.398486 0.460338
0.40232 0.424616
0.407197 0.635841
0.413079 0.597007
0.419925 0.663974
0.427688 0.513849
0.436318 0.537413
0.445767 0.840805
0.455982 0.701958
0.466914 0.741725
0.478513 0.659986
0.490732 0.731134
0.503527 0.726319
0.516853 0.651483
0.530672 0.701109
0.544945 0.591602
0.559639 0.587866
0.57472 0.746284
0.590159 0.739397
0.605928 0.740235
0.622004 0.858725
0.638361 0.656312
0.65498 1.06313
0.671841 1.21771
0.688925 1.44421
0.706218 1.33383
0.723704 1.27186
0.412548 0.664992
0.413079 0.78256
0.414669 0.620776
0.417305 0.854063
0.420968 0.987857
0.425631 0.436705
0.431262 0.508201
0.437824 0.469455
0.445275 0.643246
0.453571 0.580191
0.462667 0.713665
0.472517 0.747328
0.483075 0.628585
0.494295 0.747292
0.506133 0.576394
0.518548 0.625044
0.531498 0.743272
0.544945 0.489432
0.558854 0.953814
0.573191 0.638807
0.587925 0.7311
0.603026 0.771074
0.618467 0.675968
0.634225 0.901198
0.650275 1.01649
0.666597 1.36477
0.683171 1.2487
0.699979 1.01516
0.717005 1.02151
0.734234 0.970567
0.431771 0.62706
0.432278 0.61721
0.433798 0.358941
0.436318 0.721504
0.439823 0.51791
0.444288 0.71436
0.449686 0.687608
0.455982 0.572261
0.463141 0.359853
0.471123 0.734099
0.479886 0.56669
0.48939 0.485531
0.499591 0.729871
0.510448 0.988842
0.521921 0.703109
0.533968 0.925646
0.546553 0.81516
0.559639 0.705338
0.573191 0.898063
0.587178 0.82015
0.601569 0.895842
0.616336 0.997649
0.631452 0.913725
0.646894 1.12313
0.662637 0.917713
0.678662 0.826809
0.694948 0.902568
0.711478 0.591051
0.728235 1.13196
0.745204 1.28044
0.451147 0.556518
0.451632 1.10322
0.453087 0.504889
0.455501 0.60614
0.458859 0.838523
0.463141 0.75544
0.468321 0.650087
0.47437 0.475796
0.481255 0.476981
0.488941 0.700585
0.497391 0.509471
0.506567 0.664561
0.516429 0.660651
0.526939 0.869535
0.53806 0.903175
0.549754 0.635165
0.561985 0.807337
0.57472 1.10077
0.587925 1.04733
0.601569 0.942991
0.615624 1.01456
0.630061 1.00506
0.644856 1.10517
0.659984 0.716182
0.675422 0.932958
0.69115 1.46101
0.707149 1.24965
0.723401 1.40784
0.739888 1.44271
0.756596 1.83163
0.470657 0.528873
0.471123 0.548027
0.472517 0.475125
0.474832 0.678328
0.478055 0.693618
0.482166 0.7645
0.487144 0.878128
0.492962 0.464985
0.499591 1.01856
0.506999 0.503142
0.515153 0.704436
0.524017 1.15479
0.533557 0.773838
0.543737 0.897705
0.554521 0.728943
0.565874 0.956209
0.577765 0.750493
0.590159 0.728023
0.603026 0.921872
0.616336 0.97835
0.630061 0.996235
0.644175 0.945974
0.658653 1.1909
0.673471 0.921764
0.688607 1.07533
0.704041 1.49348
0.719753 0.811236
0.735726 0.980191
0.751943 0.964298
0.768389 0.962297
0.490285 0.470028
0.490732 1.06983
0.492071 0.637813
0.494295 0.603938
0.497391 0.630934
0.501344 1.03001
0.506133 0.542929
0.511736 0.867684
0.518125 0.722894
0.525272 0.787397
0.533146 0.608898
0.541716 0.693373
0.550949 0.823116
0.560813 0.966
0.571275 0.931365
0.582302 0.780199
0.593864 0.516232
0.605928 0.78752
0.618467 0.744994
0.631452 1.02872
0.644856 0.963402
0.658653 1.40124
0.672819 0.854978
0.687332 1.18137
0.702169 1.22057
0.717311 1.18108
0.732739 1.23953
0.748435 1.05495
0.764382 1.18048
0.780566 0.947569
0.510019 0.984213
0.510448 0.648739
0.511736 0.581795
0.513874 0.648917
0.516853 0.650778
0.520658 0.5996
0.525272 0.651052
0.530672 0.616554
0.536836 0.508077
0.543737 0.545387
0.551347 0.730132
0.559639 1.09603
0.568581 0.719982
0.578144 0.738779
0.588298 1.01006
0.599012 0.769154
0.610257 0.975073
0.622004 0.924285
0.634225 1.04294
0.646894 1.00276
0.659984 0.831375
0.673471 0.809622
0.687332 0.955425
0.701544 0.996338
0.716087 0.808284
0.730941 1.1214
0.746087 1.33897
0.761508 1.46154
0.777187 1.3427
0.79311 1.76468
0.529845 0.501408
0.530258 0.794362
0.531498 0.689191
0.533557 0.572571
0.536427 0.879578
0.540094 0.999872
0.544543 0.774159
0.549754 0.784455
0.555706 0.487437
0.562375 0.654558
0.569737 0.832651
0.577765 0.642555
0.586431 0.978908
0.595707 0.918091
0.605566 0.650533
0.61598 0.661541
0.626921 0.909467
0.638361 1.22031
0.650275 0.922565
0.662637 1.30088
0.675422 1.08644
0.688607 0.869687
0.702169 1.19731
0.716087 1.38087
0.730341 1.25555
0.74491 1.08285
0.759778 1.59039
0.774926 1.32519
0.790339 1.40193
0.806002 1.45109
0.549754 0.777034
0.550153 0.767242
0.551347 1.49606
0.553333 0.519656
0.5561 0.776136
0.559639 0.841348
0.563933 0.657523
0.568967 0.637017
0.57472 0.78304
0.581171 0.818894
0.588298 1.0243
0.596075 0.897299
0.604479 0.866916
0.613483 0.792064
0.623061 1.03753
0.633187 0.979544
0.643835 0.907649
0.65498 1.06074
0.666597 0.984545
0.678662 1.1354
0.69115 0.616908
0.704041 0.809346
0.717311 1.02727
0.730941 1.17627
0.74491 1.12989
0.7592 1.19352
0.773793 1.60628
0.788673 1.09471
0.803822 0.931709
0.819227 1.18633
0.569737 0.902901
0.570122 0.748646
0.571275 0.684087
0.573191 0.934358
0.575863 0.737743
0.579281 1.12308
0.583431 0.933613
0.588298 0.846332
0.593864 0.947818
0.600109 1.1232
0.607013 0.744747
0.614554 0.732089
0.622708 1.53329
0.631452 0.870792
0.640762 1.03125
0.650612 1.286
0.66098 1.05448
0.671841 0.964472
0.683171 0.908437
0.694948 1.16839
0.707149 0.745967
0.719753 0.997456
0.732739 1.3164
0.746087 0.8569
0.759778 1.29901
0.773793 1.59653
0.788116 1.0176
0.80273 1.45837
0.817619 1.06066
0.832769 1.25526
0.589787 1.43463
0.590159 1.08401
0.591273 1.18738
0.593124 0.807274
0.595707 0.785541
0.599012 0.993575
0.603026 0.837626
0.607736 0.904424
0.613125 0.869989
0.619176 0.68813
0.62587 0.779139
0.633187 0.819631
0.641104 0.955707
0.6496 0.91721
0.658653 1.04169
0.66824 0.939439
0.678338 0.794476
0.688925 1.23507
0.699979 1.11921
0.711478 1.08949
0.723401 1.39502
0.735726 1.05747
0.748435 1.43242
0.761508 1.08097
0.774926 1.37006
0.788673 1.04478
0.80273 1.3116
0.817083 1.10251
0.831715 1.26066
0.846612 0.855189
0.609897 0.752504
0.610257 0.959802
0.611334 0.691499
0.613125 1.03508
0.615624 0.665206
0.618822 0.711622
0.622708 1.10359
0.62727 1.05473
0.632493 0.868967
0.638361 1.60017
0.644856 0.996009
0.651959 1.02858
0.659651 0.713689
0.667912 1.02712
0.67672 1.05691
0.686054 0.972519
0.695894 0.99832
0.706218 1.18751
0.717005 0.743776
0.728235 1.36498
0.739888 1.52834
0.751943 1.61815
0.764382 1.30522
0.777187 1.3025
0.790339 0.85872
0.803822 1.27297
0.817619 0.986395
0.831715 1.23064
0.846094 0.975381
0.860743 1.01772
0.630061 0.678161
0.630409 0.997716
0.631452 0.840379
0.633187 0.795372
0.635607 0.99443
0.638705 0.818991
0.642471 0.95863
0.646894 0.861118
0.651959 1.25044
0.657653 1.00437
0.66396 1.37656
0.670861 1.237
0.678338 0.909567
0.686374 0.95339
0.694948 0.980646
0.704041 1.16344
0.713633 1.11748
0.723704 1.19073
0.734234 1.69167
0.745204 1.29141
0.756596 1.77297
0.768389 1.5804
0.780566 1.2087
0.79311 1.24027
0.806002 1.57476
0.819227 1.17743
0.832769 1.23065
0.846612 1.32136
0.860743 1.41771
0.875146 1.41315
0.188496 1.32201
0.189656 1.14099
0.193094 1.76417
0.198692 1.65934
0.206274 0.539659
0.215631 0.683028
0.226543 0.744928
0.238798 0.877809
0.252199 0.399717
0.266573 0.687842
0.281772 0.492105
0.297669 0.416383
0.314159 0.471042
0.331153 0.370291
0.348577 0.54592
0.36637 0.552796
0.38448 1.13154
0.402865 0.430286
0.421489 0.480941
0.440321 0.693681
0.459337 0.522611
0.478513 0.742643
0.497832 0.68247
0.517277 0.789686
0.536836 0.654111
0.556495 0.667053
0.576244 1.0452
0.596075 0.449722
0.61598 0.849831
0.635952 0.969149
0.189656 1.6168
0.190808 1.36812
0.194226 1.19046
0.199793 1.11813
0.207335 0.589159
0.216646 0.39739
0.22751 1.00337
0.239714 0.439905
0.253067 0.842462
0.267394 0.850512
0.282549 0.383961
0.298405 0.668604
0.314857 0.387289
0.331815 0.522962
0.349205 0.536182
0.366968 0.386296
0.38505 0.567432
0.403409 0.424048
0.422009 0.805252
0.440819 0.780357
0.459814 0.65529
0.478971 0.777625
0.498272 0.857511
0.517701 0.61212
0.537244 0.53537
0.556889 0.404827
0.576625 0.982355
0.596443 0.832668
0.616336 0.687968
0.636296 1.03272
0.193094 1.10607
0.194226 0.914779
0.197585 0.805614
0.203059 1.16735
0.210484 2.37331
0.219662 1.41784
0.230383 1.05323
0.242444 0.77706
0.255654 0.859189
0.269844 0.335382
0.284869 0.619745
0.300602 0.558785
0.316939 0.528458
0.333792 0.606713
0.351085 0.599432
0.368756 0.479042
0.386755 0.41211
0.405037 0.321512
0.423565 0.429713
0.442309 0.625373
0.461243 0.533753
0.480343 0.514765
0.499591 0.518646
0.518971 0.77276
0.538467 0.537589
0.558069 0.738509
0.577765 0.808084
0.597545 0.647554
0.617403 0.988884
0.63733 0.953838
0.198692 1.91579
0.199793 0.912051
0.203059 0.959268
0.20839 0.483478
0.215631 0.921404
0.224599 2.74107
0.235095 0.936019
0.246926 0.716317
0.259908 0.910089
0.273878 0.555608
0.288692 0.660222
0.304228 0.932839
0.320381 0.554376
0.337061 0.656541
0.354194 0.697712
0.371718 0.781732
0.38958 0.60595
0.407735 0.545998
0.426146 0.510697
0.444782 0.565189
0.463614 0.766875
0.482621 0.388987
0.501781 0.779926
0.521079 0.7853
0.5405 0.825774
0.56003 1.14721
0.57966 0.66411
0.599378 1.00724
0.619176 0.890698
0.639048 1.02067
0.206274 0.801073
0.207335 0.753218
0.210484 0.603505
0.215631 1.28865
0.222637 0.568118
0.231334 1.88637
0.241537 1.06715
0.253067 0.651258
0.265749 0.893366
0.279427 0.399046
0.293962 0.419615
0.309234 0.293668
0.325138 1.03006
0.341586 0.449703
0.358503 1.00788
0.375826 0.50596
0.393501 0.69943
0.411483 0.468235
0.429734 0.57714
0.44822 0.820736
0.466914 0.626378
0.485791 0.445365
0.504832 0.783244
0.524017 0.78819
0.543333 0.684983
0.562765 0.923497
0.582302 0.754333
0.601934 0.638087
0.621651 0.750235
0.641446 0.746014
0.215631 0.701036
0.216646 1.67595
0.219662 0.915379
0.224599 0.597712
0.231334 1.36454
0.239714 0.953565
0.249576 0.628981
0.26075 0.826738
0.273076 0.855085
0.286404 1.05058
0.300602 1.00968
0.315552 0.271678
0.331153 0.619863
0.347316 0.521607
0.363967 0.411157
0.381042 0.443345
0.398486 0.564419
0.416253 0.443009
0.434303 0.436158
0.452603 0.567537
0.471123 0.590957
0.489838 0.439442
0.508727 0.459916
0.527771 0.590581
0.546954 0.751541
0.566262 0.733861
0.585682 0.670416
0.605204 0.754539
0.624818 1.04254
0.644516 1.06016
0.226543 2.18331
0.22751 0.57057
0.230383 0.782388
0.235095 0.707408
0.241537 1.4769
0.249576 0.747318
0.259062 0.511194
0.269844 0.273885
0.281772 0.830416
0.294708 0.573403
0.308524 0.672583
0.323108 0.606915
0.33836 0.644434
0.354194 0.570395
0.370536 0.452303
0.387322 0.554589
0.404495 0.550808
0.422009 0.742254
0.439823 0.51996
0.457902 0.611485
0.476216 0.544716
0.494739 0.745311
0.513447 0.661738
0.532323 0.849642
0.551347 0.341386
0.570506 0.642105
0.589787 0.612576
0.609177 1.06743
0.628667 1.17205
0.648248 1.06578
0.238798 1.06972
0.239714 1.28472
0.242444 0.413038
0.246926 0.528761
0.253067 0.82673
0.26075 0.457566
0.269844 0.321106
0.280211 0.885674
0.291715 0.348396
0.304228 0.289851
0.317631 0.843697
0.331815 0.528914
0.346684 0.450735
0.362155 0.842722
0.378153 0.480552
0.394614 0.562061
0.411483 0.875412
0.428712 0.690128
0.446259 0.557593
0.464087 0.774268
0.482166 0.655249
0.500468 0.77359
0.518971 0.513624
0.537652 0.738676
0.556495 0.824994
0.575482 0.663065
0.594602 0.927882
0.61384 0.983717
0.633187 0.857609
0.652632 0.927828
0.252199 0.449769
0.253067 0.774589
0.255654 0.754393
0.259908 0.954908
0.265749 0.294979
0.273076 0.66
0.281772 0.482658
0.291715 0.50967
0.302783 0.479648
0.314857 0.33304
0.327825 0.415002
0.341586 1.35225
0.356047 0.647614
0.371128 0.654118
0.386755 0.864607
0.402865 0.600392
0.419402 0.322375
0.436318 0.501794
0.453571 0.612903
0.471123 0.93123
0.488941 0.509802
0.506999 0.550552
0.525272 0.670866
0.543737 0.832054
0.562375 0.548847
0.581171 0.818588
0.600109 0.701079
0.619176 0.860112
0.638361 0.608309
0.657653 1.09542
0.266573 0.648608
0.267394 0.580966
0.269844 0.575204
0.273878 0.513935
0.279427 0.512534
0.286404 1.87595
0.294708 0.730864
0.304228 0.401636
0.314857 0.393897
0.326484 0.509075
0.339007 0.527953
0.352332 0.284549
0.36637 0.364698
0.381042 0.500789
0.396278 0.628578
0.412016 0.981284
0.4282 0.475899
0.444782 0.599351
0.461718 0.694832
0.478971 0.618695
0.496509 0.69927
0.514301 0.634592
0.532323 0.837227
0.550551 0.886074
0.568967 0.66928
0.587552 0.738745
0.60629 0.950328
0.625169 0.780831
0.644175 0.848717
0.663299 0.859082
0.281772 0.730873
0.282549 0.969223
0.284869 0.428677
0.288692 0.319751
0.293962 0.365294
0.300602 0.334104
0.308524 0.663189
0.317631 0.542309
0.327825 0.260502
0.339007 0.729525
0.351085 0.42973
0.363967 0.350339
0.377572 0.777439
0.391825 0.65278
0.406658 0.560119
0.422009 0.822185
0.437824 0.53364
0.454054 0.699762
0.470657 0.344644
0.487594 0.546596
0.504832 0.750181
0.522341 0.716763
0.540094 0.840086
0.558069 0.766025
0.576244 0.887781
0.594602 1.06409
0.613125 0.898605
0.6318 0.980926
0.650612 0.952894
0.669552 0.930064
0.297669 0.52348
0.298405 0.577205
0.300602 0.49394
0.304228 0.41422
0.309234 0.861935
0.315552 0.658341
0.323108 0.487494
0.331815 0.786315
0.341586 0.55584
0.352332 0.416617
0.363967 0.534566
0.376409 0.561762
0.38958 0.45496
0.403409 0.63189
0.417831 0.48739
0.432785 0.475857
0.44822 0.74926
0.464087 0.915495
0.480343 0.581636
0.49695 0.945854
0.513874 1.13391
0.531085 0.570186
0.548556 0.474849
0.566262 0.633324
0.584182 0.811556
0.602298 0.641838
0.620592 0.68667
0.639048 0.774663
0.657653 0.959312
0.676396 1.17961
0.314159 0.556642
0.314857 0.580121
0.316939 0.537936
0.320381 0.469794
0.325138 0.478708
0.331153 0.520016
0.33836 0.535393
0.346684 0.519805
0.356047 0.566261
0.36637 0.730537
0.377572 0.609657
0.38958 0.566604
0.40232 0.374538
0.415726 0.628742
0.429734 0.546776
0.444288 0.541479
0.459337 0.695168
0.474832 0.959973
0.490732 0.821675
0.506999 0.4809
0.523599 0.492108
0.5405 0.920747
0.557676 0.99155
0.575101 0.898844
0.592755 0.7564
0.610616 1.06059
0.628667 0.966324
0.646894 0.968571
0.66528 0.882856
0.683813 1.09744
0.331153 0.83198
0.331815 0.392632
0.333792 0.580945
0.337061 0.658451
0.341586 0.622629
0.347316 0.461034
0.354194 0.483455
0.362155 0.62077
0.371128 0.546949
0.381042 0.446133
0.391825 0.783502
0.403409 0.634457
0.415726 0.557854
0.428712 0.488999
0.442309 0.602503
0.456463 0.640594
0.471123 0.532685
0.486243 0.837983
0.501781 0.760517
0.517701 0.746736
0.533968 0.691011
0.550551 0.64274
0.567423 0.836128
0.584558 0.689716
0.601934 0.909719
0.61953 1.06614
0.63733 1.09217
0.655315 1.05015
0.673471 1.28664
0.691785 1.04833
0.348577 0.731674
0.349205 0.491195
0.351085 0.54981
0.354194 0.682569
0.358503 0.356889
0.363967 0.608333
0.370536 0.680562
0.378153 0.615029
0.386755 0.442882
0.396278 0.53934
0.406658 0.803179
0.417831 0.528213
0.429734 0.818818
0.442309 0.807284
0.455501 0.520134
0.469257 0.718498
0.483529 0.679701
0.498272 0.462629
0.513447 1.00358
0.529016 0.722377
0.544945 0.720321
0.561204 0.518233
0.577765 0.911226
0.594602 1.11636
0.611692 1.15926
0.629016 0.911893
0.646554 1.00491
0.66429 1.23235
0.682207 1.08668
0.700293 0.679156
0.36637 1.01224
0.366968 0.3685
0.368756 0.436071
0.371718 0.51586
0.375826 0.77381
0.381042 0.532425
0.387322 0.460811
0.394614 0.562345
0.402865 0.358394
0.412016 0.871037
0.422009 0.904118
0.432785 0.70967
0.444288 0.534806
0.456463 0.699203
0.469257 0.660246
0.482621 0.458827
0.496509 0.595703
0.510878 0.716072
0.525689 0.962095
0.540906 0.810409
0.556495 1.00687
0.572425 0.812387
0.58867 0.946197
0.605204 0.573493
0.622004 1.09381
0.639048 1.04263
0.656318 1.01263
0.673797 0.971657
0.691468 0.806079
0.709317 1.2131
0.38448 0.418838
0.38505 0.657978
0.386755 0.550876
0.38958 0.541137
0.393501 0.694205
0.398486 1.31791
0.404495 0.79775
0.411483 0.512475
0.419402 0.653085
0.4282 0.666837
0.437824 0.643875
0.44822 0.570153
0.459337 1.401
0.471123 0.754623
0.483529 0.689376
0.496509 0.613648
0.510019 0.530159
0.524017 0.839842
0.538467 0.956903
0.553333 0.684928
0.568581 0.643867
0.584182 0.977882
0.600109 0.816875
0.616336 0.745846
0.63284 0.637439
0.6496 0.865162
0.666597 0.848683
0.683813 1.07101
0.701232 1.21629
0.718838 1.30167
0.402865 0.921338
0.403409 0.474529
0.405037 0.573672
0.407735 0.62019
0.411483 1.11175
0.416253 0.563242
0.422009 0.398989
0.428712 0.754818
0.436318 0.465683
0.444782 0.665618
0.454054 0.6138
0.464087 0.657939
0.474832 0.750561
0.486243 0.697749
0.498272 1.02466
0.510878 0.519004
0.524017 0.581323
0.537652 0.950647
0.551745 0.755993
0.566262 0.641085
0.581171 0.896717
0.596443 1.03341
0.612051 0.982147
0.627969 0.7098
0.644175 1.05854
0.660648 1.18545
0.677368 0.998233
0.694316 1.12202
0.711478 1.03984
0.728837 1.31187
0.421489 0.618265
0.422009 0.61531
0.423565 0.717635
0.426146 0.486861
0.429734 0.456975
0.434303 0.97728
0.439823 0.378395
0.446259 0.675641
0.453571 0.702408
0.461718 0.651464
0.470657 0.553666
0.480343 0.675192
0.490732 0.47481
0.501781 0.846927
0.513447 0.646131
0.525689 0.749156
0.538467 0.545275
0.551745 0.703492
0.565487 0.79147
0.57966 0.8221
0.594233 1.11575
0.609177 0.957216
0.624467 0.846719
0.640077 0.772492
0.655984 0.917725
0.672167 0.855817
0.688607 1.31175
0.705286 1.75135
0.722187 1.06856
0.739295 1.35898
0.440321 0.630406
0.440819 0.409158
0.442309 0.590548
0.444782 0.583755
0.44822 0.649405
0.452603 0.75712
0.457902 0.72377
0.464087 0.590253
0.471123 0.565475
0.478971 0.532666
0.487594 0.896692
0.49695 0.718597
0.506999 0.672563
0.517701 0.659016
0.529016 1.02267
0.540906 0.884033
0.553333 0.702107
0.566262 0.68643
0.57966 0.885891
0.593494 0.745181
0.607736 0.905052
0.622356 1.07308
0.63733 1.50091
0.652632 1.03878
0.66824 0.94138
0.684133 1.0628
0.700293 0.957967
0.716699 1.2528
0.733337 1.04665
0.750191 1.28969
0.459337 0.64502
0.459814 0.540521
0.461243 0.564105
0.463614 0.920072
0.466914 0.680648
0.471123 0.860211
0.476216 1.13901
0.482166 0.483061
0.488941 0.574236
0.496509 0.703746
0.504832 0.549472
0.513874 0.544504
0.523599 0.589031
0.533968 0.58312
0.544945 0.586018
0.556495 1.00345
0.568581 0.604018
0.581171 0.685278
0.594233 0.936395
0.607736 0.969
0.621651 0.651321
0.635952 1.04087
0.650612 0.783868
0.665609 0.659325
0.68092 1.51305
0.696524 1.63297
0.712402 1.23215
0.728536 1.27378
0.74491 1.19936
0.761508 1.15199
0.478513 0.438954
0.478971 0.811161
0.480343 0.783802
0.482621 0.548743
0.485791 0.636361
0.489838 0.589909
0.494739 0.487
0.500468 0.518703
0.506999 0.788625
0.514301 0.56595
0.522341 0.449291
0.531085 0.531721
0.5405 1.11898
0.550551 0.630073
0.561204 0.734884
0.572425 0.72254
0.584182 0.674748
0.596443 0.847534
0.609177 1.17332
0.622356 0.887251
0.635952 1.14178
0.649938 0.867057
0.66429 1.31373
0.678985 0.925668
0.694001 1.08939
0.709317 1.59639
0.724915 1.2272
0.740777 1.3915
0.756886 1.36837
0.773226 1.18201
0.497832 0.64952
0.498272 0.699492
0.499591 0.598756
0.501781 0.565013
0.504832 0.577851
0.508727 0.574018
0.513447 0.659035
0.518971 0.593201
0.525272 0.807195
0.532323 0.487489
0.540094 0.487817
0.548556 0.657896
0.557676 0.951567
0.567423 0.851792
0.577765 0.473078
0.58867 0.818658
0.600109 0.726453
0.612051 1.09481
0.624467 0.987216
0.63733 0.919228
0.650612 0.777988
0.66429 1.01801
0.678338 0.880643
0.692735 1.13538
0.707459 0.877211
0.72249 1.22929
0.73781 1.2293
0.7534 1.17875
0.769245 1.00771
0.785328 1.21889
0.517277 0.62104
0.517701 0.486001
0.518971 0.658147
0.521079 0.624804
0.524017 0.81775
0.527771 0.580921
0.532323 0.887921
0.537652 0.503712
0.543737 0.700521
0.550551 0.479421
0.558069 0.578183
0.566262 0.641651
0.575101 0.814649
0.584558 1.00278
0.594602 0.765131
0.605204 0.847177
0.616336 0.863429
0.627969 1.33146
0.640077 0.981394
0.652632 1.0024
0.665609 1.07893
0.678985 1.07302
0.692735 1.22937
0.706839 0.803677
0.721275 1.46237
0.736024 1.25308
0.751068 1.06973
0.766388 1.40461
0.78197 1.2853
0.797797 1.23008
0.536836 0.719264
0.537244 0.974552
0.538467 0.604685
0.5405 0.604561
0.543333 0.549099
0.546954 0.836194
0.551347 0.704644
0.556495 0.89663
0.562375 0.757467
0.568967 0.758477
0.576244 0.82945
0.584182 0.871268
0.592755 0.778448
0.601934 1.25424
0.611692 1.04763
0.622004 1.00068
0.63284 1.30833
0.644175 1.06889
0.655984 1.11165
0.66824 1.06927
0.68092 1.02048
0.694001 1.09886
0.707459 0.948529
0.721275 1.34022
0.735428 1.19565
0.749899 1.33732
0.764669 0.992519
0.779723 1.23323
0.795043 1.10175
0.810615 1.15221
0.556495 0.678726
0.556889 0.725461
0.558069 0.736602
0.56003 0.885305
0.562765 0.593301
0.566262 1.20529
0.570506 0.755652
0.575482 0.75442
0.581171 0.742538
0.587552 1.14015
0.594602 0.804128
0.602298 0.70292
0.610616 0.985978
0.61953 0.790257
0.629016 0.871593
0.639048 1.0692
0.6496 1.16399
0.660648 0.904004
0.672167 1.37151
0.684133 0.978309
0.696524 0.957133
0.709317 0.637464
0.72249 1.0934
0.736024 0.839339
0.749899 1.347
0.764095 1.50056
0.778597 1.3611
0.793386 1.5782
0.808447 0.925645
0.823766 1.59519
0.576244 0.586922
0.576625 0.800138
0.577765 0.830507
0.57966 0.601159
0.582302 0.864719
0.585682 0.745836
0.589787 0.928531
0.594602 0.70885
0.600109 0.867862
0.60629 0.587913
0.613125 0.954494
0.620592 0.559305
0.628667 0.918166
0.63733 0.729035
0.646554 0.856979
0.656318 1.631
0.666597 1.04025
0.677368 1.10462
0.688607 1.106
0.700293 1.10662
0.712402 0.857491
0.724915 1.25511
0.73781 0.839254
0.751068 1.04555
0.764669 0.917937
0.778597 1.0484
0.792833 1.07428
0.807361 1.09548
0.822167 1.3303
0.837234 1.32207
0.596075 0.780608
0.596443 0.80266
0.597545 1.01327
0.599378 0.971892
0.601934 0.986053
0.605204 0.78935
0.609177 0.611234
0.61384 0.688685
0.619176 0.921449
0.625169 0.977702
0.6318 1.01857
0.639048 0.827134
0.646894 1.04409
0.655315 0.951928
0.66429 0.988538
0.673797 1.00505
0.683813 0.940699
0.694316 0.878306
0.705286 0.860432
0.716699 1.17591
0.728536 1.33613
0.740777 1.64286
0.7534 1.36007
0.766388 1.08654
0.779723 1.18057
0.793386 0.998314
0.807361 1.12727
0.821633 1.05904
0.836186 1.11577
0.851005 1.16096
0.61598 1.09896
0.616336 0.814441
0.617403 1.10496
0.619176 0.904814
0.621651 1.04131
0.624818 0.874483
0.628667 0.747995
0.633187 1.12413
0.638361 1.19117
0.644175 1.07577
0.650612 0.664019
0.657653 1.15411
0.66528 1.36619
0.673471 1.18793
0.682207 1.06872
0.691468 0.80361
0.701232 1.05258
0.711478 0.866014
0.722187 1.3775
0.733337 0.978381
0.74491 1.10489
0.756886 1.48566
0.769245 0.803343
0.78197 1.13389
0.795043 1.05094
0.808447 1.60144
0.822167 1.14038
0.836186 1.10282
0.850489 0.997789
0.865064 1.06289
0.635952 0.922821
0.636296 1.01901
0.63733 0.719824
0.639048 0.797786
0.641446 1.0332
0.644516 1.19473
0.648248 1.30722
0.652632 1.1067
0.657653 1.21622
0.663299 1.05204
0.669552 0.799006
0.676396 0.771532
0.683813 1.28005
0.691785 0.785552
0.700293 1.13578
0.709317 1.02659
0.718838 0.979109
0.728837 1.3933
0.739295 0.989596
0.750191 1.35536
0.761508 1.27032
0.773226 1.20471
0.785328 1.70283
0.797797 1.17535
0.810615 1.37794
0.823766 0.975673
0.837234 1.47239
0.851005 1.6768
0.865064 1.15007
0.879397 1.03497
0.20944 2.88022
0.210484 0.548986
0.213587 0.888225
0.218661 0.96551
0.225573 0.806169
0.23416 0.711526
0.244246 0.415963
0.255654 0.428998
0.268213 0.271094
0.281772 0.845472
0.296192 1.07639
0.311354 0.630406
0.327155 0.370138
0.343506 0.421279
0.360333 0.533789
0.377572 0.318978
0.39517 0.559138
0.413079 0.568268
0.431262 0.632507
0.449686 0.832582
0.468321 0.579883
0.487144 0.686011
0.506133 0.51593
0.525272 0.859955
0.544543 0.671146
0.563933 1.26362
0.583431 0.694901
0.603026 0.685178
0.622708 0.916718
0.642471 0.895838
0.210484 1.57118
0.211524 0.45699
0.214612 3.14728
0.219662 0.905452
0.226543 1.31137
0.235095 1.39023
0.245143 0.994486
0.25651 1.33263
0.26903 0.246332
0.282549 0.515898
0.296932 1.04334
0.312058 0.474415
0.327825 0.466541
0.344144 0.409675
0.360942 0.633092
0.378153 0.602862
0.395724 0.425312
0.41361 0.665804
0.431771 0.727377
0.450173 0.719834
0.468789 0.629464
0.487594 0.641
0.506567 0.599567
0.525689 0.724279
0.544945 0.648483
0.564322 0.584886
0.583807 0.735345
0.603389 0.898668
0.623061 0.840248
0.642812 0.979561
0.213587 0.675365
0.214612 0.353222
0.217656 0.917769
0.222637 0.558122
0.229429 0.595393
0.237878 0.460439
0.247812 0.380496
0.259062 0.550938
0.271465 0.563834
0.284869 0.338237
0.299139 0.74228
0.314159 0.670772
0.329826 0.531098
0.346051 0.448095
0.36276 0.381004
0.379889 0.425016
0.397384 0.410115
0.415198 0.590369
0.433292 0.384464
0.451632 0.518404
0.470191 0.608237
0.488941 0.569442
0.507864 0.74519
0.526939 0.969139
0.546151 0.528896
0.565487 0.942746
0.584933 0.597588
0.604479 0.613643
0.624116 0.886788
0.643835 0.960385
0.218661 0.391628
0.219662 0.543002
0.222637 0.957499
0.22751 0.550199
0.23416 0.242778
0.242444 0.410244
0.252199 0.500904
0.263261 1.71672
0.275475 0.685479
0.288692 0.492548
0.302783 0.808268
0.317631 0.663187
0.333134 0.32105
0.349205 0.49098
0.36577 0.663718
0.382765 0.764531
0.400134 0.806737
0.417831 0.685104
0.435815 0.799357
0.454054 0.383852
0.472517 0.783784
0.491179 0.657043
0.510019 0.824086
0.529016 0.791768
0.548156 1.01661
0.567423 0.749417
0.586805 0.65941
0.60629 0.807069
0.62587 0.819325
0.645536 0.781737
0.225573 0.640866
0.226543 0.489389
0.229429 0.656983
0.23416 1.44466
0.240628 1.27583
0.248696 0.668673
0.258214 0.833473
0.26903 0.337077
0.280993 0.330015
0.293962 0.694461
0.307812 0.404977
0.322428 0.598844
0.337711 0.697513
0.353575 0.610209
0.369944 0.489276
0.386755 0.400508
0.403952 0.58956
0.421489 0.780821
0.439324 0.610616
0.457423 0.702688
0.475755 0.563565
0.494295 0.471191
0.51302 0.807021
0.53191 0.776435
0.550949 0.890379
0.570122 0.919401
0.589415 0.798921
0.608817 0.745221
0.628319 1.14779
0.64791 1.05891
0.23416 0.447741
0.235095 0.363066
0.237878 2.11526
0.242444 0.60218
0.248696 1.53726
0.25651 0.986974
0.265749 0.710034
0.27627 0.813714
0.287932 0.709277
0.300602 0.28017
0.314159 0.481475
0.328493 1.51201
0.343506 0.483844
0.359114 0.83672
0.375242 0.395682
0.391825 0.340197
0.40881 1.12673
0.426146 0.44319
0.443794 0.841875
0.461718 0.547333
0.479886 0.576432
0.498272 0.690812
0.516853 0.665123
0.535609 0.552371
0.554521 0.597071
0.573574 0.878814
0.592755 0.728222
0.612051 0.860109
0.631452 1.37222
0.650949 0.913085
0.244246 0.950876
0.245143 0.512778
0.247812 0.615312
0.252199 0.750012
0.258214 0.388975
0.265749 0.417486
0.274677 1.43408
0.284869 0.533462
0.296192 0.463694
0.308524 0.83496
0.321747 0.9879
0.335757 1.1265
0.350459 0.40789
0.36577 0.463499
0.381617 0.62755
0.397935 0.598974
0.414669 0.403559
0.431771 0.650336
0.449198 0.681482
0.466914 0.521265
0.484888 0.612021
0.503091 0.681812
0.5215 0.732584
0.540094 0.813641
0.558854 0.567278
0.577765 0.908246
0.596811 0.667551
0.61598 1.04177
0.635261 1.05686
0.654645 0.899363
0.255654 0.295868
0.25651 0.340399
0.259062 0.430724
0.263261 0.574864
0.26903 0.993401
0.27627 0.757028
0.284869 0.703025
0.294708 0.517816
0.305667 0.377056
0.317631 0.383497
0.33049 0.307249
0.344144 0.399519
0.358503 0.554473
0.373484 0.706175
0.389017 0.425402
0.405037 0.612626
0.421489 0.617302
0.438324 0.483586
0.455501 0.852896
0.472981 0.651349
0.490732 0.762542
0.508727 0.755977
0.526939 0.709409
0.545348 0.904236
0.563933 0.557508
0.582679 1.06308
0.601569 0.921597
0.620592 0.795056
0.639734 0.72868
0.658986 1.18201
0.268213 1.30245
0.26903 0.755008
0.271465 1.17424
0.275475 0.380149
0.280993 0.5141
0.287932 0.44803
0.296192 0.647438
0.305667 0.393886
0.316247 0.484386
0.327825 0.781119
0.340299 0.559595
0.353575 0.87319
0.367565 0.430103
0.382191 0.507112
0.397384 0.440601
0.413079 0.457972
0.429223 0.714289
0.445767 0.817458
0.462667 0.500455
0.479886 0.440712
0.497391 0.649485
0.515153 0.658093
0.533146 1.26419
0.551347 0.837627
0.569737 0.880164
0.588298 0.695694
0.607013 0.664938
0.62587 0.804161
0.644856 0.9418
0.66396 1.12307
0.281772 0.312625
0.282549 0.38809
0.284869 0.437508
0.288692 0.508933
0.293962 0.471162
0.300602 0.472694
0.308524 0.959294
0.317631 0.340168
0.327825 0.443662
0.339007 0.568111
0.351085 0.498384
0.363967 0.472282
0.377572 0.466535
0.391825 0.485124
0.406658 0.517367
0.422009 0.890506
0.437824 0.746469
0.454054 0.634482
0.470657 0.828034
0.487594 0.877318
0.504832 0.67475
0.522341 0.654437
0.540094 0.697391
0.558069 0.590061
0.576244 0.607408
0.594602 0.578626
0.613125 0.625816
0.6318 0.932366
0.650612 1.28937
0.669552 0.948523
0.296192 0.49516
0.296932 0.507114
0.299139 0.576723
0.302783 0.614532
0.307812 0.901379
0.314159 0.30089
0.321747 0.462003
0.33049 0.493523
0.340299 0.520101
0.351085 0.347761
0.36276 0.459166
0.375242 0.335579
0.388452 0.774708
0.40232 0.610683
0.416779 0.55517
0.431771 0.490643
0.44724 0.583126
0.463141 0.896057
0.479429 0.589875
0.496067 0.539068
0.51302 0.651889
0.530258 0.577343
0.547755 0.894531
0.565487 0.67943
0.583431 1.11392
0.601569 1.27495
0.619884 0.814511
0.638361 1.0459
0.656986 1.03997
0.675747 0.770522
0.311354 0.387477
0.312058 0.343241
0.314159 0.877323
0.317631 0.755862
0.322428 0.410263
0.328493 0.77992
0.335757 0.451439
0.344144 0.663266
0.353575 0.479388
0.363967 0.679097
0.375242 0.646827
0.387322 0.783771
0.400134 0.637923
0.41361 0.513951
0.427688 0.956667
0.442309 0.753655
0.457423 0.623142
0.472981 0.621838
0.488941 0.625843
0.505266 0.835613
0.521921 0.745533
0.538874 0.649456
0.5561 0.768374
0.573574 0.88898
0.591273 0.701943
0.609177 1.02302
0.62727 0.973708
0.645536 0.92107
0.66396 1.04585
0.682529 1.13084
0.327155 0.442907
0.327825 0.419152
0.329826 0.318446
0.333134 0.399973
0.337711 0.556862
0.343506 0.413743
0.350459 0.63662
0.358503 0.558092
0.367565 0.57847
0.377572 0.502919
0.388452 0.637629
0.400134 0.667655
0.412548 0.319254
0.425631 0.633244
0.439324 0.486804
0.453571 0.848975
0.468321 0.639158
0.483529 0.700598
0.499152 0.638507
0.515153 0.845303
0.531498 0.76245
0.548156 0.835336
0.565099 0.898423
0.582302 1.05691
0.599743 0.683073
0.617403 1.13002
0.635261 0.80152
0.653304 0.833449
0.671514 1.17603
0.68988 1.07163
0.343506 0.496701
0.344144 0.546432
0.346051 0.603079
0.349205 0.851186
0.353575 0.701052
0.359114 0.567663
0.36577 0.525794
0.373484 0.480418
0.382191 0.339926
0.391825 0.879857
0.40232 0.563855
0.41361 0.575324
0.425631 0.895688
0.438324 0.873993
0.451632 0.463788
0.465503 0.87855
0.479886 0.537424
0.494739 0.799461
0.510019 0.554448
0.525689 0.57071
0.541716 0.935563
0.558069 1.07664
0.57472 0.602461
0.591643 0.502223
0.608817 0.956612
0.626221 1.18348
0.643835 1.36939
0.661643 1.28941
0.67963 0.784765
0.697783 0.753743
0.360333 0.393478
0.360942 0.436457
0.36276 0.574834
0.36577 0.658168
0.369944 0.655512
0.375242 0.795321
0.381617 0.515197
0.389017 0.674238
0.397384 0.793209
0.406658 0.731309
0.416779 0.68294
0.427688 0.738206
0.439324 0.748898
0.451632 0.505112
0.464559 0.506817
0.478055 0.702923
0.492071 0.641649
0.506567 0.655525
0.5215 1.01065
0.536836 0.676261
0.552539 0.881848
0.568581 0.703424
0.584933 0.934201
0.601569 1.20023
0.618467 0.904357
0.635607 0.818171
0.652968 0.930774
0.670534 1.2355
0.688288 0.761276
0.706218 1.29417
0.377572 0.603934
0.378153 0.771987
0.379889 0.437566
0.382765 0.865939
0.386755 0.848595
0.391825 0.56814
0.397935 0.48187
0.405037 0.92677
0.413079 0.627142
0.422009 0.634888
0.431771 1.40146
0.442309 0.799539
0.453571 0.534371
0.465503 0.765631
0.478055 0.582794
0.491179 0.84497
0.504832 0.906285
0.518971 0.570142
0.533557 0.917672
0.548556 0.790067
0.563933 0.597738
0.57966 0.858562
0.595707 0.974366
0.612051 0.974528
0.628667 0.755615
0.645536 0.983324
0.662637 0.880943
0.679953 1.4705
0.697468 1.278
0.715168 1.00185
0.39517 0.791739
0.395724 0.537406
0.397384 0.674829
0.400134 0.633916
0.403952 0.628184
0.40881 0.507585
0.414669 0.741184
0.421489 0.446907
0.429223 1.01307
0.437824 0.574094
0.44724 0.772248
0.457423 0.5506
0.468321 0.47841
0.479886 0.441433
0.492071 0.531338
0.504832 0.549568
0.518125 1.11157
0.53191 0.609257
0.546151 0.714827
0.560813 0.774229
0.575863 1.21969
0.591273 1.21389
0.607013 0.958554
0.623061 0.983682
0.639391 0.988769
0.655984 1.28997
0.672819 1.40603
0.68988 1.1026
0.707149 1.12526
0.724612 1.06066
0.413079 0.718676
0.41361 0.479277
0.415198 0.956905
0.417831 0.571627
0.421489 0.466319
0.426146 0.349284
0.431771 0.754724
0.438324 0.755668
0.445767 0.689462
0.454054 0.556998
0.463141 0.57264
0.472981 0.804587
0.483529 0.571394
0.494739 0.455914
0.506567 1.02014
0.518971 0.62098
0.53191 0.8495
0.545348 0.748777
0.559247 0.892791
0.573574 0.943309
0.588298 0.957056
0.603389 1.00203
0.618822 1.0104
0.634571 1.33608
0.650612 0.879907
0.666926 0.74233
0.683492 0.972785
0.700293 1.36496
0.717311 1.31466
0.734533 1.13789
0.431262 0.465956
0.431771 0.535797
0.433292 0.543295
0.435815 0.619578
0.439324 0.428277
0.443794 0.53109
0.449198 0.556136
0.455501 0.626802
0.462667 0.665444
0.470657 0.880432
0.479429 0.652811
0.488941 0.797192
0.499152 0.665022
0.510019 0.47888
0.5215 0.761605
0.533557 0.813753
0.546151 0.794849
0.559247 1.19803
0.572808 1.08201
0.586805 0.607734
0.601204 0.800802
0.61598 0.899318
0.631105 0.788961
0.646554 1.32294
0.662306 1.20526
0.678338 1.14836
0.694632 1.15611
0.71117 1.2042
0.727934 1.00959
0.74491 1.04754
0.449686 0.670238
0.450173 0.52427
0.451632 0.619838
0.454054 0.805343
0.457423 0.389167
0.461718 0.68458
0.466914 0.721381
0.472981 0.755068
0.479886 0.636386
0.487594 0.715506
0.496067 0.63042
0.505266 0.900496
0.515153 0.576933
0.525689 0.693148
0.536836 0.703522
0.548556 0.553023
0.560813 1.06795
0.573574 0.716131
0.586805 0.71894
0.600474 0.845966
0.614554 0.974353
0.629016 0.695548
0.643835 1.10849
0.658986 1.10783
0.674447 1.2011
0.690198 1.01964
0.706218 1.32533
0.72249 0.956583
0.738998 1.44287
0.755726 1.16044
0.468321 0.471219
0.468789 0.43763
0.470191 0.664532
0.472517 0.573433
0.475755 0.573462
0.479886 0.910703
0.484888 0.483019
0.490732 0.631276
0.497391 0.624328
0.504832 0.701049
0.51302 0.687879
0.521921 0.529504
0.531498 1.03085
0.541716 1.01164
0.552539 0.755074
0.563933 0.98712
0.575863 0.722026
0.588298 0.63911
0.601204 0.480133
0.614554 0.854641
0.628319 1.50715
0.642471 1.07398
0.656986 0.87881
0.671841 0.869032
0.687013 1.06108
0.702481 0.839191
0.718228 0.869546
0.734234 1.36887
0.750483 1.05042
0.766961 1.20523
0.487144 0.618562
0.487594 1.14366
0.488941 0.971956
0.491179 1.08278
0.494295 1.12825
0.498272 0.638915
0.503091 0.503773
0.508727 0.650156
0.515153 0.774994
0.522341 1.09278
0.530258 0.644126
0.538874 0.724883
0.548156 0.666783
0.558069 0.677393
0.568581 0.864257
0.57966 0.712
0.591273 0.658657
0.603389 0.830319
0.61598 1.04849
0.629016 0.895588
0.642471 0.914783
0.656318 1.11477
0.670534 0.797037
0.685095 0.926471
0.699979 1.43176
0.715168 0.939191
0.730641 0.927252
0.746381 1.10325
0.762371 0.883486
0.778597 1.0554
0.506133 0.529311
0.506567 0.549459
0.507864 0.691994
0.510019 0.601967
0.51302 0.792135
0.516853 0.669152
0.5215 0.84314
0.526939 0.823616
0.533146 0.643476
0.540094 0.872882
0.547755 0.872548
0.5561 0.57588
0.565099 0.821093
0.57472 0.743906
0.584933 0.750417
0.595707 0.631555
0.607013 0.891587
0.618822 0.971167
0.631105 0.846376
0.643835 1.17843
0.656986 0.825725
0.670534 1.54126
0.684454 0.918785
0.698725 1.04886
0.713325 1.1983
0.728235 1.29959
0.743437 1.67085
0.758911 0.940389
0.774643 1.53883
0.790617 1.13939
0.525272 0.898617
0.525689 0.835986
0.526939 0.728078
0.529016 0.899597
0.53191 0.644023
0.535609 0.983878
0.540094 1.07279
0.545348 0.707115
0.551347 0.617351
0.558069 0.805931
0.565487 0.496633
0.573574 1.08808
0.582302 0.936768
0.591643 0.931139
0.601569 0.920461
0.612051 0.608334
0.623061 0.757316
0.634571 0.968906
0.646554 1.02398
0.658986 0.832996
0.671841 0.995926
0.685095 1.24624
0.698725 1.5092
0.71271 1.41632
0.72703 0.823372
0.741664 1.30803
0.756596 1.43025
0.771807 1.54872
0.787281 1.21836
0.803003 0.926149
0.544543 0.63379
0.544945 0.782162
0.546151 1.21698
0.548156 0.834189
0.550949 0.831489
0.554521 0.958928
0.558854 0.746758
0.563933 0.746781
0.569737 0.759902
0.576244 0.912892
0.583431 0.592022
0.591273 0.916782
0.599743 0.80066
0.608817 0.80141
0.618467 0.932289
0.628667 1.11119
0.639391 0.900322
0.650612 0.902416
0.662306 1.24669
0.674447 1.2095
0.687013 1.24396
0.699979 0.836115
0.713325 1.0199
0.72703 1.26908
0.741073 1.06119
0.755435 1.42182
0.7701 1.0123
0.785049 0.796646
0.800267 1.41911
0.815739 0.801419
0.563933 0.918686
0.564322 0.633343
0.565487 0.686474
0.567423 0.668948
0.570122 0.741107
0.573574 0.747492
0.577765 0.780575
0.582679 0.674691
0.588298 1.21205
0.594602 0.527
0.601569 0.679679
0.609177 1.20962
0.617403 1.03154
0.626221 1.04877
0.635607 0.746334
0.645536 1.37952
0.655984 1.06639
0.666926 0.946266
0.678338 0.672694
0.690198 1.10318
0.702481 1.08603
0.715168 1.30991
0.728235 1.03676
0.741664 0.865979
0.755435 1.26959
0.76953 1.07021
0.783931 1.16796
0.798621 1.03527
0.813586 1.43759
0.828809 1.78363
0.583431 0.951918
0.583807 0.894667
0.584933 0.773525
0.586805 0.589396
0.589415 0.473764
0.592755 0.661581
0.596811 0.870572
0.601569 0.944217
0.607013 1.19977
0.613125 0.940926
0.619884 0.765341
0.62727 0.796451
0.635261 1.24885
0.643835 0.829375
0.652968 0.947864
0.662637 0.759485
0.672819 0.808724
0.683492 1.26765
0.694632 1.38961
0.706218 1.42252
0.718228 1.3559
0.730641 1.15376
0.743437 1.55477
0.756596 0.899695
0.7701 1.15137
0.783931 1.44585
0.798072 1.27577
0.812507 1.05599
0.82722 1.47346
0.842197 1.25897
0.603026 1.2047
0.603389 1.03544
0.604479 0.748489
0.60629 0.684172
0.608817 0.924871
0.612051 0.808764
0.61598 0.878479
0.620592 0.905865
0.62587 0.697565
0.6318 0.962688
0.638361 0.723911
0.645536 0.967491
0.653304 0.863039
0.661643 1.2045
0.670534 1.23
0.679953 1.36495
0.68988 0.956424
0.700293 1.44932
0.71117 1.28061
0.72249 1.18348
0.734234 1.17354
0.746381 1.64574
0.758911 1.16311
0.771807 1.19503
0.785049 0.890596
0.798621 0.786519
0.812507 1.36329
0.826689 1.21726
0.841155 1.59357
0.855888 1.36972
0.622708 0.696535
0.623061 1.00566
0.624116 0.761402
0.62587 1.08058
0.628319 0.776535
0.631452 0.870206
0.635261 0.870872
0.639734 0.992319
0.644856 1.16362
0.650612 1.21029
0.656986 0.822764
0.66396 1.03215
0.671514 1.03263
0.67963 1.05139
0.688288 1.08598
0.697468 1.17625
0.707149 0.907193
0.717311 1.36571
0.727934 0.809665
0.738998 1.63517
0.750483 1.24033
0.762371 1.61987
0.774643 0.877953
0.787281 1.23039
0.800267 1.6366
0.813586 1.47554
0.82722 1.25848
0.841155 0.775414
0.855375 0.661108
0.869868 1.37445
0.642471 0.756942
0.642812 0.788384
0.643835 0.960151
0.645536 0.8123
0.64791 0.765218
0.650949 0.848882
0.654645 0.906218
0.658986 0.884202
0.66396 1.15374
0.669552 1.01326
0.675747 1.25951
0.682529 1.14291
0.68988 1.43886
0.697783 1.61594
0.706218 0.964013
0.715168 0.966958
0.724612 1.70887
0.734533 1.22744
0.74491 1.12766
0.755726 0.974385
0.766961 0.963435
0.778597 1.11945
0.790617 1.10392
0.803003 1.25013
0.815739 1.3797
0.828809 1.39566
0.842197 1.20266
0.855888 1.28139
0.869868 1.23125
0.884123 1.49955
0.230383 0.280467
0.231334 0.359214
0.23416 0.925479
0.238798 0.85822
0.245143 0.997693
0.253067 0.621407
0.262427 1.207
0.273076 0.65673
0.284869 0.897683
0.297669 0.549762
0.311354 0.887724
0.325811 0.669378
0.340943 0.786688
0.356663 0.648919
0.372896 0.664531
0.38958 0.656156
0.406658 0.691517
0.424083 0.569029
0.441813 0.697819
0.459814 0.609167
0.478055 0.622114
0.496509 0.624138
0.515153 0.655727
0.533968 0.963325
0.552936 0.877007
0.572042 0.703624
0.591273 0.628877
0.610616 0.763942
0.630061 0.765328
0.6496 0.831695
0.231334 0.650908
0.23228 2.12404
0.235095 1.04036
0.239714 0.847441
0.246036 0.504974
0.253932 1.14411
0.263261 0.367406
0.273878 1.22763
0.285637 0.893727
0.298405 0.580415
0.312058 0.673037
0.326484 0.412469
0.341586 0.524258
0.357277 0.390455
0.373484 0.51654
0.390143 0.366987
0.407197 0.537584
0.4246 0.751489
0.442309 0.842996
0.460291 0.67449
0.478513 0.433134
0.49695 0.731902
0.515579 0.443547
0.534379 0.531922
0.553333 0.679629
0.572425 0.548171
0.591643 0.709882
0.610975 0.950784
0.630409 0.893893
0.649938 0.895024
0.23416 1.05957
0.235095 1.42055
0.237878 0.331712
0.242444 0.652192
0.248696 0.53422
0.25651 0.565798
0.265749 0.875033
0.27627 1.27283
0.287932 0.983861
0.300602 0.342431
0.314159 0.599589
0.328493 0.408628
0.343506 0.384286
0.359114 0.90468
0.375242 0.526648
0.391825 0.388315
0.40881 0.686272
0.426146 0.493031
0.443794 0.876031
0.461718 0.512875
0.479886 0.46647
0.498272 0.634246
0.516853 0.637896
0.535609 0.851084
0.554521 0.813975
0.573574 0.83511
0.592755 0.869244
0.612051 1.05083
0.631452 0.831679
0.650949 0.931326
0.238798 1.59224
0.239714 0.933839
0.242444 0.82262
0.246926 0.636944
0.253067 1.29554
0.26075 0.601348
0.269844 0.635504
0.280211 0.527134
0.291715 0.519187
0.304228 0.431864
0.317631 0.458055
0.331815 0.388859
0.346684 0.577141
0.362155 0.397938
0.378153 0.631095
0.394614 0.826645
0.411483 0.495632
0.428712 0.796209
0.446259 0.682975
0.464087 0.685313
0.482166 0.67574
0.500468 0.67844
0.518971 0.565917
0.537652 0.596474
0.556495 0.692649
0.575482 1.00818
0.594602 0.711359
0.61384 0.693238
0.633187 1.11444
0.652632 1.08692
0.245143 0.834482
0.246036 0.871545
0.248696 1.14253
0.253067 0.324994
0.259062 0.497262
0.266573 0.983111
0.275475 0.704981
0.285637 0.654485
0.296932 0.454193
0.309234 0.715646
0.322428 0.494356
0.33641 0.50314
0.351085 0.616184
0.36637 0.886924
0.382191 0.523238
0.398486 0.683557
0.415198 0.529053
0.432278 0.582254
0.449686 0.416346
0.467383 0.544649
0.48534 0.383024
0.503527 0.593273
0.521921 0.544942
0.5405 0.72951
0.559247 0.566556
0.578144 0.97536
0.597178 0.648107
0.616336 1.06429
0.635607 0.960899
0.65498 1.25299
0.253067 0.484646
0.253932 0.819454
0.25651 0.381467
0.26075 0.338138
0.266573 0.328622
0.273878 0.557213
0.282549 0.645906
0.292466 0.573522
0.303507 0.759724
0.315552 0.699576
0.328493 0.313212
0.342227 0.646958
0.356663 0.854332
0.371718 0.676316
0.387322 0.8541
0.403409 0.626057
0.419925 0.6626
0.436821 0.429328
0.454054 0.794712
0.471588 0.515405
0.48939 0.576888
0.507432 0.543515
0.525689 0.761601
0.54414 0.511862
0.562765 0.994217
0.581548 0.609947
0.600474 1.1436
0.61953 0.871358
0.638705 0.82725
0.657987 0.92904
0.262427 1.2016
0.263261 0.618803
0.265749 0.764756
0.269844 0.273126
0.275475 0.621658
0.282549 0.735764
0.290963 0.471567
0.300602 0.422786
0.311354 0.501487
0.323108 0.390091
0.335757 0.384888
0.349205 0.568265
0.363364 0.753416
0.378153 0.473951
0.393501 0.421003
0.409346 0.599013
0.425631 0.6736
0.442309 0.714051
0.459337 0.517817
0.476676 0.538671
0.494295 0.672446
0.512164 0.799878
0.530258 0.579767
0.548556 0.494418
0.567036 0.862283
0.585682 0.875008
0.604479 1.00242
0.623412 0.985301
0.642471 1.12769
0.661643 1.21813
0.273076 0.380888
0.273878 0.669107
0.27627 0.37686
0.280211 0.736173
0.285637 0.580104
0.292466 0.48235
0.300602 0.842446
0.309942 0.760341
0.320381 0.252631
0.331815 0.303903
0.344144 0.87468
0.357277 0.466275
0.371128 0.459158
0.385619 0.768622
0.400681 0.604456
0.416253 0.449091
0.432278 0.793763
0.448709 0.541881
0.465503 0.390675
0.482621 0.442143
0.50003 0.539215
0.517701 0.908847
0.535609 0.756627
0.553729 0.65901
0.572042 0.957876
0.59053 0.725725
0.609177 0.908824
0.627969 0.882704
0.646894 0.731402
0.665939 0.837411
0.284869 0.384328
0.285637 0.294464
0.287932 0.569599
0.291715 0.455569
0.296932 0.594424
0.303507 0.5393
0.311354 0.770332
0.320381 0.571148
0.33049 0.419153
0.341586 0.576053
0.353575 0.394662
0.36637 0.57834
0.379889 0.557864
0.394058 0.40842
0.40881 0.583284
0.424083 0.801908
0.439823 0.512603
0.455982 0.712558
0.472517 0.85025
0.48939 0.487815
0.506567 0.879018
0.524017 0.794161
0.541716 0.713615
0.559639 0.747297
0.577765 0.801274
0.596075 0.622436
0.614554 1.01215
0.633187 1.20062
0.651959 1.06044
0.670861 0.766782
0.297669 0.522838
0.298405 0.695527
0.300602 0.592091
0.304228 0.808301
0.309234 0.448965
0.315552 0.611234
0.323108 0.853342
0.331815 0.708099
0.341586 0.6384
0.352332 0.416564
0.363967 0.874376
0.376409 0.881552
0.38958 0.567606
0.403409 0.766972
0.417831 0.48204
0.432785 0.821142
0.44822 0.471863
0.464087 0.62113
0.480343 0.734484
0.49695 0.8282
0.513874 0.594889
0.531085 0.785519
0.548556 1.10248
0.566262 0.931455
0.584182 0.61568
0.602298 1.09186
0.620592 0.938094
0.639048 1.11917
0.657653 1.2269
0.676396 0.757491
0.311354 1.14902
0.312058 0.314101
0.314159 0.570369
0.317631 0.418719
0.322428 0.279516
0.328493 0.777693
0.335757 0.444222
0.344144 0.857968
0.353575 0.304951
0.363967 0.556283
0.375242 0.373856
0.387322 0.488642
0.400134 0.435205
0.41361 0.733719
0.427688 0.441139
0.442309 0.801478
0.457423 0.67539
0.472981 0.60647
0.488941 0.416613
0.505266 0.634567
0.521921 0.691572
0.538874 0.711729
0.5561 0.700333
0.573574 0.589292
0.591273 0.926736
0.609177 0.845583
0.62727 0.80632
0.645536 0.83555
0.66396 1.00649
0.682529 1.39202
0.325811 0.486147
0.326484 0.430502
0.328493 0.52326
0.331815 0.526247
0.33641 0.481615
0.342227 0.342683
0.349205 0.452877
0.357277 0.637762
0.36637 0.67188
0.376409 0.776202
0.387322 0.893499
0.399036 0.640635
0.411483 0.525202
0.4246 0.790503
0.438324 0.534931
0.452603 0.597046
0.467383 0.718782
0.482621 0.94703
0.498272 0.752702
0.514301 0.680143
0.530672 0.695157
0.547355 0.926857
0.564322 0.675163
0.581548 0.69106
0.599012 0.850279
0.616692 0.773563
0.634571 0.788412
0.652632 0.722618
0.670861 0.944413
0.689244 1.56514
0.340943 0.485879
0.341586 0.582183
0.343506 0.483446
0.346684 0.999872
0.351085 0.526637
0.356663 0.376586
0.363364 0.383575
0.371128 0.416028
0.379889 0.516226
0.38958 0.668103
0.400134 0.522512
0.411483 0.775475
0.423565 0.554705
0.436318 0.676551
0.449686 0.843521
0.463614 0.629208
0.478055 0.796646
0.492962 0.623648
0.508295 0.785977
0.524017 1.05315
0.540094 0.559138
0.556495 0.792824
0.573191 0.837738
0.590159 0.881449
0.607375 1.14861
0.624818 0.699138
0.642471 1.25044
0.660316 1.08489
0.678338 0.994967
0.696524 1.2213
0.356663 0.518787
0.357277 0.362996
0.359114 0.303186
0.362155 0.441228
0.36637 0.500826
0.371718 0.297141
0.378153 0.627578
0.385619 0.408498
0.394058 0.413835
0.403409 0.593011
0.41361 0.635071
0.4246 0.467729
0.436318 0.730304
0.448709 0.598819
0.461718 0.708786
0.475294 0.711772
0.48939 0.671492
0.503962 0.496605
0.518971 0.653301
0.534379 0.644537
0.550153 0.756643
0.566262 1.052
0.582679 0.765563
0.599378 0.75916
0.616336 0.599385
0.633533 0.744437
0.650949 1.46721
0.668568 0.940128
0.686374 1.06305
0.704352 1.63381
0.372896 0.865195
0.373484 0.426372
0.375242 1.02884
0.378153 0.651093
0.382191 0.31907
0.387322 0.771319
0.393501 0.550108
0.400681 0.734944
0.40881 0.941871
0.417831 0.770843
0.427688 0.708302
0.438324 0.971169
0.449686 1.01553
0.461718 0.554841
0.47437 0.38324
0.487594 0.574525
0.501344 0.948159
0.515579 0.485948
0.530258 0.850226
0.545348 0.786157
0.560813 0.771972
0.576625 0.680871
0.592755 0.835981
0.609177 0.777905
0.62587 0.817445
0.642812 1.18971
0.659984 1.07239
0.677368 0.976458
0.694948 1.21196
0.71271 0.996029
0.38958 0.536501
0.390143 0.382134
0.391825 0.533903
0.394614 0.863953
0.398486 0.539343
0.403409 0.514167
0.409346 0.362353
0.416253 0.432581
0.424083 0.621691
0.432785 0.5608
0.442309 0.6406
0.452603 0.658625
0.463614 0.618596
0.475294 0.605255
0.487594 0.489484
0.500468 0.628672
0.513874 0.481988
0.527771 0.657424
0.542121 0.864523
0.556889 1.1439
0.572042 0.778343
0.587552 0.827682
0.603389 0.68601
0.61953 1.2319
0.635952 0.734048
0.652632 0.883018
0.669552 0.921457
0.686693 1.24571
0.704041 0.943555
0.721579 1.26493
0.406658 0.400555
0.407197 0.539805
0.40881 0.507118
0.411483 0.466068
0.415198 0.56004
0.419925 0.555309
0.425631 0.64351
0.432278 0.809575
0.439823 0.578237
0.44822 0.748175
0.457423 0.558131
0.467383 0.630712
0.478055 0.592399
0.48939 0.574016
0.501344 0.91922
0.513874 0.576571
0.526939 0.71035
0.5405 0.854131
0.554521 0.866942
0.568967 0.878078
0.583807 0.739396
0.599012 0.851237
0.614554 0.834558
0.630409 1.00805
0.646554 0.895482
0.662968 0.787646
0.67963 1.06499
0.696524 1.18698
0.713633 0.978317
0.730941 1.15639
0.424083 0.457263
0.4246 0.477514
0.426146 0.66262
0.428712 0.516153
0.432278 0.414707
0.436821 0.355927
0.442309 0.762859
0.448709 0.491122
0.455982 0.48539
0.464087 0.690946
0.472981 0.857776
0.482621 0.772149
0.492962 0.478638
0.503962 0.876774
0.515579 0.667862
0.527771 0.863936
0.5405 0.840059
0.553729 0.659751
0.567423 0.570695
0.581548 0.979438
0.596075 1.36148
0.610975 0.764878
0.626221 0.635904
0.641788 1.2957
0.657653 1.0967
0.673797 1.23228
0.690198 1.3043
0.706839 1.2863
0.723704 0.788005
0.740777 1.24393
0.441813 0.508516
0.442309 0.466849
0.443794 0.612652
0.446259 0.496114
0.449686 0.50152
0.454054 0.650113
0.459337 0.486948
0.465503 0.544987
0.472517 0.486838
0.480343 1.06489
0.488941 0.61238
0.498272 0.770909
0.508295 0.577728
0.518971 0.726097
0.530258 0.590269
0.542121 0.897679
0.554521 0.695493
0.567423 1.08819
0.580794 0.764543
0.594602 1.08832
0.608817 0.834732
0.623412 0.74928
0.638361 1.16065
0.653639 0.787585
0.669224 1.02928
0.685095 0.874403
0.701232 1.51064
0.717617 1.07072
0.734234 0.878838
0.751068 1.43311
0.459814 0.784683
0.460291 0.712182
0.461718 0.663572
0.464087 0.715123
0.467383 0.775841
0.471588 0.620376
0.476676 0.598005
0.482621 0.797375
0.48939 0.703211
0.49695 1.00098
0.505266 0.513788
0.514301 0.716638
0.524017 0.485538
0.534379 0.897959
0.545348 0.580519
0.556889 0.546537
0.568967 0.655906
0.581548 0.798786
0.594602 0.986023
0.608096 0.71074
0.622004 0.822341
0.636296 0.800686
0.650949 0.764483
0.665939 1.04206
0.681242 1.01285
0.696839 1.2934
0.71271 1.23477
0.728837 1.26234
0.745204 0.92807
0.761796 1.1815
0.478055 0.822978
0.478513 0.484862
0.479886 0.607575
0.482166 0.681159
0.48534 0.566827
0.48939 0.615637
0.494295 1.0108
0.50003 0.849201
0.506567 0.896725
0.513874 0.490183
0.521921 0.508324
0.530672 1.23699
0.540094 0.770889
0.550153 0.741019
0.560813 0.529521
0.572042 0.91707
0.583807 1.01263
0.596075 0.842155
0.608817 0.874047
0.622004 0.731014
0.635607 0.775266
0.6496 0.86817
0.66396 0.915118
0.678662 1.02939
0.693684 0.964041
0.709008 0.977911
0.724612 0.703203
0.74048 0.794422
0.756596 1.66327
0.772942 1.65858
0.496509 0.69649
0.49695 0.603686
0.498272 0.675048
0.500468 0.799975
0.503527 0.729213
0.507432 0.765244
0.512164 0.593589
0.517701 0.52689
0.524017 0.998356
0.531085 0.865728
0.538874 0.93442
0.547355 0.862304
0.556495 0.667891
0.566262 0.850827
0.576625 0.767916
0.587552 0.890876
0.599012 0.561888
0.610975 1.11977
0.623412 1.1308
0.636296 0.859157
0.6496 0.814558
0.663299 1.3376
0.677368 1.02973
0.691785 0.979974
0.706529 1.00273
0.721579 0.871305
0.736918 0.961778
0.752526 1.54358
0.768389 1.04179
0.78449 1.24182
0.515153 0.742237
0.515579 0.783758
0.516853 0.771528
0.518971 0.709303
0.521921 0.912478
0.525689 0.872331
0.530258 0.721151
0.535609 0.679062
0.541716 0.695716
0.548556 0.999476
0.5561 1.01031
0.564322 0.86981
0.573191 0.936022
0.582679 0.651304
0.592755 0.892594
0.603389 1.35702
0.614554 1.0001
0.626221 0.854912
0.638361 0.926794
0.650949 1.00875
0.66396 0.822476
0.677368 1.09402
0.69115 1.0017
0.705286 1.30968
0.719753 1.20853
0.734533 1.17535
0.749606 1.26938
0.764956 1.23345
0.780566 1.3078
0.796421 0.983948
0.533968 1.14849
0.534379 0.668412
0.535609 0.642001
0.537652 0.648316
0.5405 0.741665
0.54414 0.83202
0.548556 0.757291
0.553729 0.594788
0.559639 0.906971
0.566262 0.618304
0.573574 0.666011
0.581548 0.695953
0.590159 0.804865
0.599378 0.799768
0.609177 0.848134
0.61953 0.810534
0.630409 1.17777
0.641788 1.07418
0.653639 1.21041
0.665939 1.2435
0.678662 0.984149
0.691785 0.92614
0.705286 1.15694
0.719143 1.4035
0.733337 1.48249
0.747849 1.26466
0.762659 1.25233
0.777751 1.24363
0.79311 1.15849
0.808719 1.43504
0.552936 0.759842
0.553333 0.721685
0.554521 0.774515
0.556495 0.781491
0.559247 0.709788
0.562765 0.955191
0.567036 0.913179
0.572042 0.868223
0.577765 0.633549
0.584182 0.998488
0.591273 1.05819
0.599012 1.01377
0.607375 0.926461
0.616336 0.932793
0.62587 0.585713
0.635952 0.816742
0.646554 1.02062
0.657653 0.745042
0.669224 0.740714
0.681242 0.960149
0.693684 1.23299
0.706529 1.25615
0.719753 1.19906
0.733337 0.906751
0.747262 1.33534
0.761508 0.941672
0.776057 1.27106
0.790894 1.5623
0.806002 1.23388
0.821366 1.24781
0.572042 0.924358
0.572425 0.81291
0.573574 0.862373
0.575482 0.833285
0.578144 0.897235
0.581548 1.15808
0.585682 0.647656
0.59053 0.670064
0.596075 0.745556
0.602298 0.806887
0.609177 0.73316
0.616692 1.06973
0.624818 0.761997
0.633533 0.955826
0.642812 1.03484
0.652632 1.03034
0.662968 0.949918
0.673797 1.16229
0.685095 1.05402
0.696839 0.951517
0.709008 1.25765
0.721579 0.81202
0.734533 1.49086
0.747849 1.05062
0.761508 0.70805
0.775492 1.32891
0.789784 0.938404
0.804368 1.11855
0.819227 1.30063
0.834348 1.03809
0.591273 1.01243
0.591643 0.585883
0.592755 0.800403
0.594602 0.943853
0.597178 0.883184
0.600474 0.895302
0.604479 1.03715
0.609177 0.842101
0.614554 0.721926
0.620592 0.86185
0.62727 0.902387
0.634571 0.616819
0.642471 0.878519
0.650949 0.953447
0.659984 0.872781
0.669552 0.671528
0.67963 1.04999
0.690198 1.16738
0.701232 0.912132
0.71271 0.89533
0.724612 1.00104
0.736918 0.928287
0.749606 0.87806
0.762659 1.17068
0.776057 1.08471
0.789784 1.20131
0.803822 1.4614
0.818156 1.03214
0.832769 1.13278
0.847648 1.37464
0.610616 0.994833
0.610975 0.694329
0.612051 0.677741
0.61384 0.982892
0.616336 0.833835
0.61953 0.848967
0.623412 1.04298
0.627969 1.06245
0.633187 0.9548
0.639048 0.942985
0.645536 0.907037
0.652632 0.771422
0.660316 1.05739
0.668568 0.725602
0.677368 1.21624
0.686693 1.10813
0.696524 1.31021
0.706839 1.19579
0.717617 0.894372
0.728837 0.971638
0.74048 0.952699
0.752526 1.22347
0.764956 1.34515
0.777751 1.62447
0.790894 1.37041
0.804368 0.955274
0.818156 1.8338
0.832242 0.780773
0.846612 0.978748
0.861252 1.20248
0.630061 1.14112
0.630409 0.745285
0.631452 1.27437
0.633187 0.874525
0.635607 1.03437
0.638705 0.803655
0.642471 0.905705
0.646894 0.81737
0.651959 1.21743
0.657653 1.23171
0.66396 1.34104
0.670861 1.58964
0.678338 1.12075
0.686374 1.00505
0.694948 1.32723
0.704041 1.24616
0.713633 1.11134
0.723704 0.867125
0.734234 1.2661
0.745204 1.29226
0.756596 1.29195
0.768389 0.922715
0.780566 1.00725
0.79311 1.03498
0.806002 1.13838
0.819227 1.18114
0.832769 1.31395
0.846612 1.10925
0.860743 1.26679
0.875146 0.960605
0.6496 0.749779
0.649938 0.927403
0.650949 0.703248
0.652632 0.791356
0.65498 1.04588
0.657987 1.00383
0.661643 0.87698
0.665939 1.00819
0.670861 1.12742
0.676396 1.0116
0.682529 0.896739
0.689244 1.11166
0.696524 0.889153
0.704352 1.02986
0.71271 1.07299
0.721579 1.14735
0.730941 1.18927
0.740777 1.39607
0.751068 1.0375
0.761796 1.10266
0.772942 1.59947
0.78449 0.896777
0.796421 1.28431
0.808719 0.978241
0.821366 1.32903
0.834348 1.12822
0.847648 1.76448
0.861252 1.06105
0.875146 1.20052
0.889317 1.19541
0.251327 0.805411
0.252199 0.318434
0.254794 0.804801
0.259062 0.384633
0.264922 0.341044
0.272271 0.324733
0.280993 0.79025
0.290963 0.499483
0.302058 0.865841
0.314159 0.318166
0.327155 0.449326
0.340943 0.978357
0.355431 0.431924
0.370536 0.661023
0.386187 0.451717
0.40232 0.682655
0.418879 0.473141
0.435815 0.669405
0.453087 1.04038
0.470657 0.563581
0.488493 0.596214
0.506567 0.695713
0.524854 0.64241
0.543333 0.569916
0.561985 0.698477
0.580794 0.605627
0.599743 1.55513
0.618822 0.801045
0.638018 0.961949
0.65732 0.880799
0.252199 0.742599
0.253067 1.12322
0.255654 0.69459
0.259908 0.585028
0.265749 1.45183
0.273076 0.344939
0.281772 0.615995
0.291715 0.581493
0.302783 0.697103
0.314857 0.405739
0.327825 0.563256
0.341586 0.442381
0.356047 0.630967
0.371128 0.588734
0.386755 0.531507
0.402865 0.95422
0.419402 0.634103
0.436318 0.784106
0.453571 0.648857
0.471123 0.557847
0.488941 0.647074
0.506999 0.549733
0.525272 0.502535
0.543737 0.857503
0.562375 0.743051
0.581171 1.05434
0.600109 1.02208
0.619176 0.827268
0.638361 1.04212
0.657653 0.901383
0.254794 0.372738
0.255654 1.52123
0.258214 1.04038
0.262427 0.539535
0.268213 0.683656
0.275475 0.367015
0.284098 0.406603
0.293962 0.672404
0.304949 0.298071
0.316939 0.799359
0.329826 0.615675
0.343506 0.550054
0.35789 0.577733
0.372896 0.496682
0.388452 0.658012
0.404495 0.611969
0.420968 0.795211
0.437824 0.389882
0.455019 0.553744
0.472517 0.833948
0.490285 1.01598
0.508295 0.481711
0.526523 0.605735
0.544945 0.81545
0.563544 1.16043
0.582302 1.0542
0.601204 1.05361
0.620238 0.951994
0.639391 1.03336
0.658653 0.868181
0.259062 1.50787
0.259908 0.45015
0.262427 0.537846
0.266573 0.309757
0.272271 1.0589
0.279427 0.43962
0.287932 1.0461
0.297669 0.493251
0.308524 0.961208
0.320381 0.566809
0.333134 0.635138
0.346684 0.609877
0.360942 0.383824
0.375826 0.245863
0.391265 0.566581
0.407197 0.703451
0.423565 0.60471
0.440321 0.52444
0.457423 0.607039
0.474832 0.779354
0.492517 0.675359
0.510448 0.4855
0.528601 0.844561
0.546954 0.885724
0.565487 0.79602
0.584182 0.88648
0.603026 0.727128
0.622004 0.859882
0.641104 0.850536
0.660316 1.03541
0.264922 1.322
0.265749 0.779548
0.268213 0.315988
0.272271 0.677755
0.277853 1.00884
0.284869 0.623937
0.293215 0.300049
0.302783 0.520498
0.31346 0.457623
0.325138 0.387788
0.337711 0.428193
0.351085 0.355076
0.36517 0.420987
0.379889 0.605323
0.39517 1.10565
0.41095 0.591223
0.427174 0.559954
0.443794 0.67538
0.460767 0.556724
0.478055 0.476656
0.495624 0.74664
0.513447 0.621436
0.531498 0.765499
0.549754 0.608838
0.568195 0.684061
0.586805 0.738018
0.605566 1.25563
0.624467 1.2891
0.643494 0.896567
0.662637 0.994095
0.272271 0.723595
0.273076 0.480993
0.275475 0.374241
0.279427 0.860809
0.284869 0.744355
0.291715 0.888037
0.299872 0.430308
0.309234 0.599169
0.319696 0.730353
0.331153 0.527394
0.343506 0.553997
0.356663 0.759998
0.370536 0.649736
0.38505 0.596603
0.400134 0.543881
0.415726 0.435842
0.431771 0.656834
0.44822 0.538178
0.465031 0.863041
0.482166 0.593688
0.499591 0.691394
0.517277 0.811515
0.535199 0.481352
0.553333 0.811447
0.571659 0.911549
0.590159 0.725742
0.608817 0.611569
0.62762 1.00401
0.646554 0.840147
0.665609 1.21323
0.280993 0.525107
0.281772 0.365528
0.284098 0.427852
0.287932 0.739959
0.293215 0.354386
0.299872 0.298455
0.307812 0.974438
0.316939 0.475733
0.327155 0.331441
0.33836 0.409273
0.350459 0.630911
0.363364 0.595048
0.376991 0.452185
0.391265 0.501817
0.406118 0.673245
0.421489 0.598796
0.437323 0.783845
0.453571 0.434799
0.470191 0.458528
0.487144 0.797966
0.504397 0.822548
0.521921 0.574601
0.539688 0.636823
0.557676 0.660647
0.575863 0.530545
0.594233 0.779835
0.612767 0.720819
0.631452 0.791002
0.650275 1.44914
0.669224 0.768622
0.290963 0.659312
0.291715 0.475185
0.293962 0.430861
0.297669 0.532436
0.302783 0.728168
0.309234 0.6181
0.316939 1.03251
0.325811 0.576422
0.335757 0.575802
0.346684 0.481214
0.358503 0.376489
0.371128 0.3997
0.38448 0.569354
0.398486 0.500354
0.413079 0.58601
0.4282 0.718168
0.443794 0.541006
0.459814 0.729442
0.476216 1.07572
0.492962 0.508376
0.510019 0.643394
0.527355 0.57387
0.544945 0.419775
0.562765 0.644305
0.580794 0.849618
0.599012 0.901606
0.617403 1.11046
0.635952 0.749618
0.654645 0.987637
0.673471 0.871376
0.302058 0.424002
0.302783 0.735421
0.304949 0.671443
0.308524 0.626575
0.31346 0.691546
0.319696 0.993336
0.327155 0.425621
0.335757 0.527665
0.345416 0.508983
0.356047 0.521
0.367565 0.924746
0.379889 0.485823
0.392943 0.588553
0.406658 0.40167
0.420968 0.520472
0.435815 0.41073
0.451147 0.608358
0.466914 0.585108
0.483075 0.502825
0.499591 0.390645
0.516429 0.599398
0.533557 0.742208
0.550949 0.773151
0.568581 0.71036
0.586431 0.744326
0.604479 0.655431
0.622708 1.39038
0.641104 1.19333
0.659651 0.678706
0.678338 1.41206
0.314159 0.317083
0.314857 0.514473
0.316939 0.600774
0.320381 0.708134
0.325138 0.5809
0.331153 0.41121
0.33836 0.769032
0.346684 0.617092
0.356047 0.58117
0.36637 0.704787
0.377572 0.754667
0.38958 0.516082
0.40232 0.651877
0.415726 0.515309
0.429734 0.711137
0.444288 0.70308
0.459337 0.772465
0.474832 0.901768
0.490732 0.671365
0.506999 0.897818
0.523599 0.89597
0.5405 0.641629
0.557676 0.566774
0.575101 0.962336
0.592755 1.00013
0.610616 0.869672
0.628667 1.47888
0.646894 0.756918
0.66528 1.04484
0.683813 1.40632
0.327155 0.508696
0.327825 0.580737
0.329826 0.488292
0.333134 0.246121
0.337711 0.755564
0.343506 0.581341
0.350459 0.639807
0.358503 0.484987
0.367565 0.543685
0.377572 0.452645
0.388452 0.464885
0.400134 0.938602
0.412548 0.708272
0.425631 0.385186
0.439324 0.889039
0.453571 0.457213
0.468321 0.464196
0.483529 0.5642
0.499152 0.490555
0.515153 0.515232
0.531498 0.878963
0.548156 0.782904
0.565099 0.666298
0.582302 1.13823
0.599743 0.94797
0.617403 1.09052
0.635261 1.00835
0.653304 1.1828
0.671514 0.762255
0.68988 0.866072
0.340943 0.625652
0.341586 0.481989
0.343506 0.412387
0.346684 0.562712
0.351085 0.71768
0.356663 0.321455
0.363364 0.634952
0.371128 0.426261
0.379889 0.603689
0.38958 0.684372
0.400134 0.593365
0.411483 0.685163
0.423565 0.410943
0.436318 0.635655
0.449686 0.642371
0.463614 0.738125
0.478055 0.677438
0.492962 0.654584
0.508295 0.629868
0.524017 0.623289
0.540094 0.974056
0.556495 0.809071
0.573191 0.783956
0.590159 0.739152
0.607375 0.812955
0.624818 0.732079
0.642471 1.23827
0.660316 0.794777
0.678338 1.07846
0.696524 1.60971
0.355431 0.486423
0.356047 0.444507
0.35789 0.830353
0.360942 0.260644
0.36517 0.429895
0.370536 0.629071
0.376991 0.430781
0.38448 0.391056
0.392943 0.497028
0.40232 0.480393
0.412548 0.676024
0.423565 0.687367
0.435312 0.903343
0.447731 0.385617
0.460767 0.582741
0.47437 0.579002
0.488493 0.711875
0.503091 0.692317
0.518125 0.630928
0.533557 0.650694
0.549355 0.88262
0.565487 0.801439
0.581925 1.06775
0.598645 0.874838
0.615624 0.853318
0.63284 1.09173
0.650275 0.674871
0.667912 1.28446
0.685735 1.28524
0.703729 1.18116
0.370536 0.57059
0.371128 0.551041
0.372896 0.510205
0.375826 0.638569
0.379889 0.490922
0.38505 0.586136
0.391265 0.555808
0.398486 0.431935
0.406658 0.538272
0.415726 0.699845
0.425631 0.486511
0.436318 0.532356
0.447731 0.522372
0.459814 0.455955
0.472517 0.748437
0.485791 0.695919
0.499591 0.758699
0.513874 0.584424
0.528601 0.518387
0.543737 0.494003
0.559247 0.729934
0.575101 0.458375
0.591273 0.777243
0.607736 0.973668
0.624467 1.11331
0.641446 0.813719
0.658653 0.637841
0.676071 1.02825
0.693684 1.40645
0.711478 0.932825
0.386187 0.568565
0.386755 0.94363
0.388452 0.557276
0.391265 0.491625
0.39517 0.507786
0.400134 0.508614
0.406118 0.458777
0.413079 0.613423
0.420968 0.955726
0.429734 0.885761
0.439324 0.620967
0.449686 0.623037
0.460767 0.444122
0.472517 0.70169
0.484888 0.935875
0.497832 0.590679
0.511307 1.18662
0.525272 0.588912
0.539688 0.781598
0.554521 0.825327
0.569737 0.908714
0.585308 0.528907
0.601204 1.06801
0.617403 0.93699
0.633879 0.850781
0.650612 0.883659
0.667583 1.03034
0.684774 1.13373
0.702169 1.42357
0.719753 1.05266
0.40232 0.593361
0.402865 0.533932
0.404495 0.509774
0.407197 0.854862
0.41095 0.517896
0.415726 0.667736
0.421489 0.653674
0.4282 0.653769
0.435815 0.718976
0.444288 0.74472
0.453571 0.491759
0.463614 0.510731
0.47437 0.743312
0.485791 0.525393
0.497832 0.555196
0.510448 0.782603
0.523599 0.679665
0.537244 0.488919
0.551347 0.965855
0.565874 0.711029
0.580794 0.739658
0.596075 0.523447
0.611692 0.891083
0.62762 0.822485
0.643835 0.73837
0.660316 0.999791
0.677044 1.04098
0.694001 1.43648
0.71117 1.38592
0.728536 0.997566
0.418879 0.599394
0.419402 0.694395
0.420968 0.373314
0.423565 0.662785
0.427174 0.466446
0.431771 0.527544
0.437323 0.487982
0.443794 0.499106
0.451147 0.791062
0.459337 0.783639
0.468321 0.585679
0.478055 0.991792
0.488493 0.903675
0.499591 0.714286
0.511307 0.591663
0.523599 0.462812
0.536427 0.891879
0.549754 0.896814
0.563544 0.796973
0.577765 0.908156
0.592384 1.32909
0.607375 0.912743
0.622708 1.12498
0.638361 0.880654
0.65431 1.01761
0.670534 0.741709
0.687013 0.849687
0.703729 1.08554
0.720667 1.34568
0.73781 1.32007
0.435815 0.510326
0.436318 0.660195
0.437824 0.770541
0.440321 0.584599
0.443794 0.580827
0.44822 0.760113
0.453571 0.445564
0.459814 0.530513
0.466914 0.563528
0.474832 0.626588
0.483529 0.916283
0.492962 0.739193
0.503091 0.562645
0.513874 0.607211
0.525272 0.667611
0.537244 0.886751
0.549754 0.655373
0.562765 0.653078
0.576244 0.751455
0.590159 0.955038
0.604479 0.837226
0.619176 1.02362
0.634225 1.04847
0.6496 1.13748
0.66528 1.2445
0.681242 1.19041
0.697468 1.22043
0.71394 0.919991
0.730641 1.04466
0.747555 1.17554
0.453087 0.719733
0.453571 0.525424
0.455019 0.592144
0.457423 0.719964
0.460767 0.53107
0.465031 0.444247
0.470191 0.45678
0.476216 0.856851
0.483075 0.626864
0.490732 0.593665
0.499152 0.833532
0.508295 0.552874
0.518125 0.776617
0.528601 0.728803
0.539688 0.716408
0.551347 0.724201
0.563544 0.872232
0.576244 0.908653
0.589415 1.11162
0.603026 0.831627
0.617047 0.843859
0.631452 0.68833
0.646215 1.0834
0.661312 1.32611
0.67672 1.04418
0.692419 1.47779
0.708389 1.0276
0.724612 1.12602
0.741073 0.78121
0.757754 1.11002
0.470657 0.668659
0.471123 0.606621
0.472517 0.716414
0.474832 0.637942
0.478055 0.47133
0.482166 0.923004
0.487144 0.838345
0.492962 0.559111
0.499591 0.882447
0.506999 0.689793
0.515153 0.602423
0.524017 1.04849
0.533557 0.562757
0.543737 1.11771
0.554521 0.893371
0.565874 0.99012
0.577765 0.721065
0.590159 1.08926
0.603026 0.708106
0.616336 0.922792
0.630061 1.16303
0.644175 1.15315
0.658653 1.59385
0.673471 1.45527
0.688607 1.21859
0.704041 1.13467
0.719753 1.00697
0.735726 1.39736
0.751943 1.62017
0.768389 1.08962
0.488493 0.713197
0.488941 0.542886
0.490285 0.752542
0.492517 0.830126
0.495624 0.955453
0.499591 0.431258
0.504397 0.671742
0.510019 0.865571
0.516429 1.09289
0.523599 0.670805
0.531498 0.803633
0.540094 0.588518
0.549355 0.753867
0.559247 0.645258
0.569737 0.5773
0.580794 0.764944
0.592384 0.90805
0.604479 0.933811
0.617047 0.799935
0.630061 0.83525
0.643494 0.976644
0.65732 0.835092
0.671514 1.09959
0.686054 0.848692
0.700919 0.962066
0.716087 1.11858
0.731541 1.01752
0.747262 1.27106
0.763234 1.17352
0.779441 1.39628
0.506567 0.709774
0.506999 0.604086
0.508295 0.488289
0.510448 0.770876
0.513447 0.709639
0.517277 0.693545
0.521921 0.866294
0.527355 0.773352
0.533557 0.64877
0.5405 0.681114
0.548156 0.981371
0.556495 0.432539
0.565487 0.79445
0.575101 0.881714
0.585308 0.78622
0.596075 0.849295
0.607375 0.863483
0.619176 0.928271
0.631452 0.986639
0.644175 1.03267
0.65732 0.903425
0.670861 1.16594
0.684774 0.969555
0.699039 1.21487
0.713633 1.13788
0.728536 0.792994
0.743731 1.13862
0.7592 1.02237
0.774926 1.31916
0.790894 1.07372
0.524854 0.5575
0.525272 0.378703
0.526523 0.60309
0.528601 0.863353
0.531498 0.766593
0.535199 0.855044
0.539688 0.742659
0.544945 0.421276
0.550949 0.752354
0.557676 0.702297
0.565099 0.785325
0.573191 0.70146
0.581925 0.652583
0.591273 0.940698
0.601204 0.650684
0.611692 1.03796
0.622708 0.889246
0.634225 1.23172
0.646215 0.937198
0.658653 0.731162
0.671514 0.99616
0.684774 1.38906
0.698411 1.33409
0.712402 1.21308
0.726728 0.83266
0.741369 1.13295
0.756306 1.31365
0.771522 1.13309
0.787002 1.07688
0.80273 0.961426
0.543333 0.725341
0.543737 0.772817
0.544945 0.609357
0.546954 0.687882
0.549754 0.831837
0.553333 0.758039
0.557676 1.06269
0.562765 0.81748
0.568581 1.05899
0.575101 1.12726
0.582302 0.822315
0.590159 0.597853
0.598645 0.909325
0.607736 0.76499
0.617403 0.928774
0.62762 0.858018
0.638361 1.3054
0.6496 1.17368
0.661312 0.655466
0.673471 0.882631
0.686054 0.971992
0.699039 1.18894
0.712402 1.31198
0.726124 0.79549
0.740184 0.980073
0.754564 1.15115
0.769245 1.02733
0.78421 1.0163
0.799445 1.26966
0.814932 1.60897
0.561985 0.992152
0.562375 0.792114
0.563544 0.806541
0.565487 0.574228
0.568195 0.698321
0.571659 0.837404
0.575863 0.751272
0.580794 0.980369
0.586431 0.962025
0.592755 0.815732
0.599743 0.87629
0.607375 0.524968
0.615624 0.849777
0.624467 1.36777
0.633879 0.801579
0.643835 1.02542
0.65431 0.921311
0.66528 1.05207
0.67672 0.99686
0.688607 1.36136
0.700919 1.28057
0.713633 1.57593
0.726728 1.05836
0.740184 0.908309
0.753982 1.18321
0.768104 1.15945
0.782531 1.23781
0.797247 0.97179
0.812237 0.853351
0.827485 1.05714
0.580794 0.608598
0.581171 1.0692
0.582302 0.675344
0.584182 0.809596
0.586805 0.767962
0.590159 0.673617
0.594233 0.954337
0.599012 0.774533
0.604479 0.624541
0.610616 0.815721
0.617403 0.727957
0.624818 1.16275
0.63284 1.11179
0.641446 0.912527
0.650612 0.797874
0.660316 0.58546
0.670534 1.17108
0.681242 1.56293
0.692419 1.25239
0.704041 1.19353
0.716087 1.26125
0.728536 0.930412
0.741369 1.18742
0.754564 1.27745
0.768104 1.19788
0.78197 1.51467
0.796146 1.05936
0.810615 1.23435
0.825362 1.18115
0.840372 1.29942
0.599743 0.71947
0.600109 0.746867
0.601204 0.904237
0.603026 0.942073
0.605566 1.13896
0.608817 0.640289
0.612767 0.645021
0.617403 0.742406
0.622708 0.795093
0.628667 0.943469
0.635261 1.13487
0.642471 0.84246
0.650275 0.88855
0.658653 1.36877
0.667583 1.34975
0.677044 0.986392
0.687013 0.80955
0.697468 1.21126
0.708389 1.40471
0.719753 1.08733
0.731541 1.28961
0.743731 0.896376
0.756306 1.59627
0.769245 1.26027
0.782531 1.16861
0.796146 0.927163
0.810073 1.29582
0.824298 1.09604
0.838805 1.19103
0.853578 1.15193
0.618822 1.24385
0.619176 0.770247
0.620238 0.668746
0.622004 0.884172
0.624467 0.783258
0.62762 0.987835
0.631452 1.21026
0.635952 1.03166
0.641104 1.57969
0.646894 1.03927
0.653304 0.88215
0.660316 1.12775
0.667912 0.673549
0.676071 1.02281
0.684774 1.20958
0.694001 0.963742
0.703729 1.06663
0.71394 0.853036
0.724612 0.833372
0.735726 1.01762
0.747262 1.11192
0.7592 1.52921
0.771522 1.53487
0.78421 1.37418
0.797247 1.02194
0.810615 1.24646
0.824298 1.18921
0.838281 1.31428
0.85255 1.10427
0.86709 0.884324
0.638018 0.834097
0.638361 1.12022
0.639391 0.885042
0.641104 1.17706
0.643494 1.001
0.646554 0.672156
0.650275 1.0194
0.654645 1.04608
0.659651 0.630199
0.66528 1.0392
0.671514 0.786868
0.678338 1.23135
0.685735 1.12449
0.693684 0.800867
0.702169 0.80654
0.71117 0.868717
0.720667 1.09138
0.730641 1.10602
0.741073 1.5705
0.751943 1.51374
0.763234 1.2489
0.774926 1.04948
0.787002 1.03267
0.799445 1.21788
0.812237 1.71193
0.825362 1.37032
0.838805 1.13517
0.85255 1.03123
0.866584 1.20437
0.880892 0.904408
0.65732 1.12785
0.657653 1.01413
0.658653 0.846973
0.660316 0.733606
0.662637 0.692254
0.665609 0.905271
0.669224 0.995988
0.673471 0.806302
0.678338 0.928906
0.683813 0.851683
0.68988 1.01148
0.696524 1.17953
0.703729 1.05052
0.711478 1.47585
0.719753 0.981856
0.728536 1.11194
0.73781 1.13708
0.747555 1.76091
0.757754 1.30337
0.768389 1.4833
0.779441 1.62675
0.790894 1.60128
0.80273 1.45149
0.814932 1.17877
0.827485 1.10728
0.840372 1.39749
0.853578 1.14354
0.86709 1.07582
0.880892 1.64468
0.894971 1.3438
0.272271 0.417779
0.273076 0.451088
0.275475 0.733186
0.279427 0.609541
0.284869 0.414617
0.291715 0.445354
0.299872 1.30294
0.309234 0.673248
0.319696 0.435326
0.331153 0.547544
0.343506 0.632436
0.356663 0.804429
0.370536 0.781612
0.38505 0.988
0.400134 0.458152
0.415726 0.620375
0.431771 0.537503
0.44822 0.491286
0.465031 0.541837
0.482166 0.53643
0.499591 0.568152
0.517277 0.557211
0.535199 0.952676
0.553333 0.555762
0.571659 0.780912
0.590159 0.710662
0.608817 0.8184
0.62762 0.801348
0.646554 0.75495
0.665609 0.764434
0.273076 0.400898
0.273878 1.0886
0.27627 0.631192
0.280211 1.31208
0.285637 0.399808
0.292466 0.640402
0.300602 0.809165
0.309942 0.549556
0.320381 0.780482
0.331815 1.11819
0.344144 0.551688
0.357277 0.518273
0.371128 0.592331
0.385619 0.638551
0.400681 0.536089
0.416253 0.504647
0.432278 0.506247
0.448709 0.597744
0.465503 0.547216
0.482621 0.578642
0.50003 0.461049
0.517701 0.613634
0.535609 0.471413
0.553729 0.518317
0.572042 0.8271
0.59053 0.775097
0.609177 1.03917
0.627969 0.805896
0.646894 0.841826
0.665939 0.987139
0.275475 0.574015
0.27627 0.589338
0.278641 0.901151
0.282549 0.360643
0.287932 1.12959
0.294708 0.628125
0.302783 0.59964
0.312058 0.62848
0.322428 0.636717
0.333792 0.502833
0.346051 0.700038
0.359114 0.360537
0.372896 0.474724
0.387322 0.536684
0.40232 0.3647
0.417831 0.393025
0.433798 0.567496
0.450173 0.598903
0.466914 0.862876
0.483982 0.503664
0.501344 0.634557
0.518971 0.758865
0.536836 0.779904
0.554916 0.423646
0.573191 0.600265
0.591643 0.816906
0.610257 1.05418
0.629016 0.962816
0.64791 1.11432
0.666926 0.759838
0.279427 0.438817
0.280211 0.577906
0.282549 0.537132
0.286404 0.624265
0.291715 0.508732
0.298405 0.412223
0.306384 0.683394
0.315552 0.33884
0.325811 0.706224
0.337061 0.374074
0.349205 0.561873
0.362155 0.578848
0.375826 0.766129
0.390143 0.30152
0.405037 0.278668
0.420447 0.966073
0.436318 0.860768
0.452603 0.600239
0.469257 0.61142
0.486243 0.664124
0.503527 0.647989
0.521079 0.779772
0.538874 0.966847
0.556889 0.784119
0.575101 0.794302
0.593494 0.609725
0.612051 0.813675
0.630757 1.44773
0.6496 1.2193
0.668568 1.63688
0.284869 0.459743
0.285637 0.826948
0.287932 0.298561
0.291715 0.913652
0.296932 0.782648
0.303507 0.407502
0.311354 0.437345
0.320381 0.422936
0.33049 0.387739
0.341586 0.606822
0.353575 0.594823
0.36637 1.12779
0.379889 0.333812
0.394058 0.419302
0.40881 0.469421
0.424083 0.735636
0.439823 0.649153
0.455982 0.345424
0.472517 0.534344
0.48939 0.524565
0.506567 0.693959
0.524017 0.921803
0.541716 0.957578
0.559639 0.785038
0.577765 0.733197
0.596075 1.05516
0.614554 0.666971
0.633187 1.11788
0.651959 0.819508
0.670861 0.877663
0.291715 0.644614
0.292466 0.719884
0.294708 0.762384
0.298405 0.404201
0.303507 0.613012
0.309942 0.973484
0.317631 0.50072
0.326484 0.381139
0.33641 0.343911
0.347316 0.539189
0.359114 0.874062
0.371718 0.325264
0.38505 0.792221
0.399036 0.605335
0.41361 0.567398
0.428712 0.757611
0.444288 0.683992
0.460291 0.652552
0.476676 0.594155
0.493407 0.720596
0.510448 0.724093
0.527771 0.98577
0.545348 1.0106
0.563155 0.637511
0.581171 0.820055
0.599378 0.906181
0.617758 0.990673
0.636296 1.03826
0.65498 0.996187
0.673797 1.29708
0.299872 0.490404
0.300602 0.359465
0.302783 0.325038
0.306384 0.782077
0.311354 0.578913
0.317631 0.371512
0.325138 0.512545
0.333792 0.609211
0.343506 0.649793
0.354194 0.624439
0.36577 0.598928
0.378153 0.534556
0.391265 0.951723
0.405037 0.592901
0.419402 0.455804
0.434303 0.588225
0.449686 0.867501
0.465503 0.42643
0.481711 0.580209
0.498272 0.715106
0.515153 0.669871
0.532323 0.689121
0.549754 0.585718
0.567423 0.693713
0.585308 1.01655
0.603389 0.762859
0.621651 0.896147
0.640077 1.1219
0.658653 0.804887
0.677368 1.01519
0.309234 0.927635
0.309942 0.488781
0.312058 0.345686
0.315552 0.883608
0.320381 0.780656
0.326484 0.817931
0.333792 0.494648
0.342227 0.611494
0.351709 0.621278
0.362155 0.548308
0.373484 0.662841
0.385619 0.62357
0.398486 0.579869
0.412016 0.799343
0.426146 0.515995
0.440819 0.324253
0.455982 0.810369
0.471588 0.672874
0.487594 0.617609
0.503962 0.722311
0.520658 0.878929
0.537652 0.65213
0.554916 0.748812
0.572425 0.627872
0.590159 0.672788
0.608096 0.483644
0.626221 0.871341
0.644516 0.902381
0.662968 0.855625
0.681564 1.11085
0.319696 0.302712
0.320381 1.00176
0.322428 0.365434
0.325811 0.473308
0.33049 0.671512
0.33641 0.616417
0.343506 0.572347
0.351709 0.621019
0.360942 0.462274
0.371128 0.494233
0.382191 0.653229
0.394058 0.62629
0.406658 0.462705
0.419925 0.705523
0.433798 0.486114
0.44822 0.542384
0.463141 0.523031
0.478513 0.659424
0.494295 0.52536
0.510448 0.462588
0.526939 0.765001
0.543737 0.524379
0.560813 0.595734
0.578144 0.799908
0.595707 1.0228
0.613483 0.678652
0.631452 0.667492
0.6496 0.660154
0.667912 0.90802
0.686374 1.25689
0.331153 0.644947
0.331815 0.635478
0.333792 0.531758
0.337061 0.524483
0.341586 0.516431
0.347316 0.541278
0.354194 0.751419
0.362155 0.450531
0.371128 0.462194
0.381042 0.410643
0.391825 0.51131
0.403409 0.481147
0.415726 0.611568
0.428712 0.656749
0.442309 0.727946
0.456463 0.508522
0.471123 0.483612
0.486243 1.11378
0.501781 0.718003
0.517701 0.753223
0.533968 0.854365
0.550551 0.797758
0.567423 0.731896
0.584558 0.574253
0.601934 0.642128
0.61953 0.980827
0.63733 1.17112
0.655315 1.3082
0.673471 1.16024
0.691785 0.954149
0.343506 0.527518
0.344144 0.595229
0.346051 0.226974
0.349205 0.598516
0.353575 0.497372
0.359114 0.416002
0.36577 0.481169
0.373484 0.455985
0.382191 0.455542
0.391825 0.564133
0.40232 0.657215
0.41361 0.543019
0.425631 0.482517
0.438324 0.550398
0.451632 0.843305
0.465503 0.697306
0.479886 0.985097
0.494739 0.61199
0.510019 0.448523
0.525689 0.727243
0.541716 1.13508
0.558069 0.888784
0.57472 1.08122
0.591643 0.614906
0.608817 0.690747
0.626221 1.00682
0.643835 1.38087
0.661643 0.932578
0.67963 0.909071
0.697783 1.15173
0.356663 0.507163
0.357277 0.696979
0.359114 0.436941
0.362155 0.563074
0.36637 0.360294
0.371718 0.355657
0.378153 0.504214
0.385619 0.811678
0.394058 0.516052
0.403409 0.900675
0.41361 0.468993
0.4246 0.427927
0.436318 0.452036
0.448709 0.644539
0.461718 0.452469
0.475294 0.677941
0.48939 0.903277
0.503962 0.66065
0.518971 0.752909
0.534379 0.766343
0.550153 0.716729
0.566262 0.964401
0.582679 0.985847
0.599378 0.924468
0.616336 0.991304
0.633533 0.92352
0.650949 1.17378
0.668568 0.823938
0.686374 1.12919
0.704352 1.11027
0.370536 0.615035
0.371128 0.718188
0.372896 0.42994
0.375826 0.557052
0.379889 0.585687
0.38505 0.459319
0.391265 0.378619
0.398486 0.675214
0.406658 0.461806
0.415726 0.701685
0.425631 0.560546
0.436318 0.661477
0.447731 0.792253
0.459814 0.719069
0.472517 0.635089
0.485791 0.777336
0.499591 0.57986
0.513874 0.73759
0.528601 0.818653
0.543737 0.669007
0.559247 0.732678
0.575101 0.952591
0.591273 1.07523
0.607736 0.670884
0.624467 0.71128
0.641446 0.768967
0.658653 1.27286
0.676071 1.11623
0.693684 1.09109
0.711478 1.51768
0.38505 0.733731
0.385619 0.659254
0.387322 0.517803
0.390143 0.80797
0.394058 0.892109
0.399036 0.518364
0.405037 0.532096
0.412016 0.59225
0.419925 0.551934
0.428712 0.465054
0.438324 0.630634
0.448709 0.883044
0.459814 0.928009
0.471588 0.585411
0.483982 0.542975
0.49695 0.456219
0.510448 0.576368
0.524436 0.852552
0.538874 1.04964
0.553729 0.886187
0.568967 0.684843
0.584558 0.742163
0.600474 1.23025
0.616692 0.948764
0.633187 1.12224
0.649938 0.895164
0.666926 1.13926
0.684133 1.48585
0.701544 1.07062
0.719143 1.27649
0.400134 0.556322
0.400681 0.408952
0.40232 0.5408
0.405037 0.536379
0.40881 0.600068
0.41361 0.784227
0.419402 1.09662
0.426146 0.607862
0.433798 0.731131
0.442309 0.585472
0.451632 0.505906
0.461718 0.672285
0.472517 0.527862
0.483982 0.659434
0.496067 0.702289
0.508727 0.337838
0.521921 0.569431
0.535609 0.666689
0.549754 0.785508
0.564322 0.775673
0.579281 0.765056
0.594602 1.03978
0.610257 0.773596
0.626221 0.954433
0.642471 0.96555
0.658986 0.694505
0.675747 1.10074
0.692735 0.904194
0.709935 0.938718
0.727331 1.4531
0.415726 0.56737
0.416253 0.324578
0.417831 0.560267
0.420447 0.593854
0.424083 0.893722
0.428712 0.568252
0.434303 0.5826
0.440819 0.664259
0.44822 0.488812
0.456463 0.788863
0.465503 0.871324
0.475294 0.627938
0.485791 0.913273
0.49695 0.679291
0.508727 0.521628
0.521079 0.568802
0.533968 0.650265
0.547355 0.724526
0.561204 0.690879
0.575482 0.731612
0.590159 0.71294
0.605204 0.994706
0.620592 0.997361
0.636296 0.866601
0.652296 0.973698
0.668568 1.0368
0.685095 1.03086
0.701857 1.02234
0.718838 0.76585
0.736024 1.11286
0.431771 0.597379
0.432278 0.486148
0.433798 0.748147
0.436318 0.692169
0.439823 0.642331
0.444288 0.475059
0.449686 0.453097
0.455982 0.88467
0.463141 0.589807
0.471123 0.649864
0.479886 0.568814
0.48939 0.596093
0.499591 0.644703
0.510448 0.570506
0.521921 0.8135
0.533968 0.710049
0.546553 0.695677
0.559639 0.556296
0.573191 0.769991
0.587178 0.800215
0.601569 0.621701
0.616336 0.822808
0.631452 0.79817
0.646894 1.00256
0.662637 1.09098
0.678662 0.946988
0.694948 0.856181
0.711478 1.16487
0.728235 0.92584
0.745204 1.5449
0.44822 0.439922
0.448709 0.894323
0.450173 0.852762
0.452603 0.358588
0.455982 0.541973
0.460291 0.754571
0.465503 0.567331
0.471588 0.716265
0.478513 0.870856
0.486243 0.533505
0.494739 0.474389
0.503962 0.399913
0.513874 0.951815
0.524436 0.857192
0.535609 0.895117
0.547355 0.873199
0.559639 1.00307
0.572425 0.7104
0.585682 0.681641
0.599378 1.15332
0.613483 0.879636
0.627969 0.720453
0.642812 1.10659
0.657987 0.812416
0.673471 0.949618
0.689244 1.08408
0.705286 1.32267
0.721579 1.52239
0.738107 0.947708
0.754854 0.994406
0.465031 0.583144
0.465503 0.568575
0.466914 0.724509
0.469257 0.569633
0.472517 0.564584
0.476676 0.538701
0.481711 0.99746
0.487594 0.877174
0.494295 0.593372
0.501781 0.712525
0.510019 0.923698
0.518971 0.538634
0.528601 0.775588
0.538874 1.00005
0.549754 1.20627
0.561204 0.942203
0.573191 0.675609
0.585682 1.0035
0.598645 0.801886
0.612051 0.545923
0.62587 0.892535
0.640077 0.976544
0.654645 1.60862
0.669552 1.03279
0.684774 1.19125
0.700293 1.15666
0.716087 1.24938
0.73214 0.908604
0.748435 0.831359
0.764956 0.854016
0.482166 0.898893
0.482621 0.736123
0.483982 0.642051
0.486243 0.723233
0.48939 0.686764
0.493407 0.666582
0.498272 0.923611
0.503962 0.832486
0.510448 0.586912
0.517701 0.875999
0.525689 1.00526
0.534379 0.772603
0.543737 0.738501
0.553729 0.977778
0.564322 0.778114
0.575482 0.722073
0.587178 0.885379
0.599378 0.657351
0.612051 0.78586
0.625169 0.879276
0.638705 1.0055
0.652632 1.22815
0.666926 0.894126
0.681564 1.31593
0.696524 0.983539
0.711786 1.18928
0.727331 0.985195
0.743141 1.0252
0.7592 1.54442
0.775492 1.24534
0.499591 0.583576
0.50003 0.660301
0.501344 0.60154
0.503527 1.1062
0.506567 0.616422
0.510448 0.846088
0.515153 0.69914
0.520658 0.720166
0.526939 0.783987
0.533968 0.806671
0.541716 0.788442
0.550153 0.720017
0.559247 0.827564
0.568967 0.874486
0.579281 0.82893
0.590159 1.00293
0.601569 0.744547
0.613483 1.14029
0.62587 1.06373
0.638705 1.14689
0.651959 1.03574
0.665609 1.15605
0.67963 1.2651
0.694001 0.917413
0.708698 1.16598
0.723704 1.17066
0.738998 1.03842
0.754564 1.35929
0.770384 1.36124
0.786445 1.44374
0.517277 0.701542
0.517701 0.538212
0.518971 0.834707
0.521079 0.813271
0.524017 0.678425
0.527771 0.780345
0.532323 0.743561
0.537652 1.10574
0.543737 0.781605
0.550551 1.06285
0.558069 0.762009
0.566262 0.612732
0.575101 0.694877
0.584558 0.739961
0.594602 0.781909
0.605204 0.754538
0.616336 0.730961
0.627969 0.85827
0.640077 0.598409
0.652632 0.882342
0.665609 1.06313
0.678985 1.17479
0.692735 1.27106
0.706839 1.08503
0.721275 1.18531
0.736024 1.07052
0.751068 1.06445
0.766388 1.14915
0.78197 0.831375
0.797797 1.19729
0.535199 0.916446
0.535609 0.992541
0.536836 0.499987
0.538874 1.02234
0.541716 0.807708
0.545348 0.918431
0.549754 1.09839
0.554916 0.956994
0.560813 0.613436
0.567423 0.677226
0.57472 0.837387
0.582679 0.663238
0.591273 0.836627
0.600474 0.810218
0.610257 0.949111
0.620592 1.15119
0.631452 0.973469
0.642812 0.616447
0.654645 0.838852
0.666926 0.691935
0.67963 0.912167
0.692735 1.03793
0.706218 1.00908
0.720058 0.951998
0.734234 1.11981
0.748728 1.44236
0.763521 1.17358
0.778597 1.18792
0.793939 1.3881
0.809532 1.45235
0.553333 0.665042
0.553729 0.878116
0.554916 0.789132
0.556889 0.724793
0.559639 0.862009
0.563155 0.737965
0.567423 0.898966
0.572425 0.773821
0.578144 0.860441
0.584558 0.478046
0.591643 0.75526
0.599378 0.719021
0.607736 0.633566
0.616692 0.597873
0.626221 0.880616
0.636296 1.02263
0.646894 1.12203
0.657987 0.988778
0.669552 1.22763
0.681564 1.13289
0.694001 1.17187
0.706839 0.956737
0.720058 1.52175
0.733636 1.0764
0.747555 1.05275
0.761796 1.2633
0.77634 1.2047
0.791171 1.26831
0.806274 1.09779
0.821633 1.26593
0.571659 0.806763
0.572042 0.63545
0.573191 0.893918
0.575101 0.885739
0.577765 1.04912
0.581171 1.0454
0.585308 0.594738
0.590159 0.72079
0.595707 0.661025
0.601934 0.807911
0.608817 0.959068
0.616336 1.14157
0.624467 0.875868
0.633187 0.89658
0.642471 1.0917
0.652296 0.776828
0.662637 1.03474
0.673471 1.2421
0.684774 0.939127
0.696524 1.23509
0.708698 0.926121
0.721275 1.09521
0.734234 1.4766
0.747555 1.3006
0.76122 1.29929
0.775209 1.19338
0.789506 1.19376
0.804095 1.68038
0.818959 1.10281
0.834085 1.58027
0.590159 0.904461
0.59053 0.931497
0.591643 0.970458
0.593494 0.725488
0.596075 0.569639
0.599378 0.802512
0.603389 0.936169
0.608096 0.765273
0.613483 1.01506
0.61953 0.952287
0.626221 0.923072
0.633533 0.859948
0.641446 0.824182
0.649938 0.637242
0.658986 1.00351
0.668568 0.870096
0.678662 0.834806
0.689244 1.36758
0.700293 0.922511
0.711786 1.25572
0.723704 0.70446
0.736024 0.985392
0.748728 1.12787
0.761796 0.715005
0.775209 1.09741
0.788951 1.39419
0.803003 1.23822
0.817351 1.02775
0.831979 1.24018
0.846871 0.846199
0.608817 0.66907
0.609177 0.949816
0.610257 0.72712
0.612051 0.743226
0.614554 0.674065
0.617758 0.717236
0.621651 0.671116
0.626221 1.00106
0.631452 0.927803
0.63733 1.18599
0.643835 0.882575
0.650949 1.10509
0.658653 1.07163
0.666926 1.1425
0.675747 0.79194
0.685095 0.716855
0.694948 0.942935
0.705286 1.60647
0.716087 1.3323
0.727331 1.26704
0.738998 1.06563
0.751068 1.32214
0.763521 1.78739
0.77634 1.25921
0.789506 1.69803
0.803003 1.62783
0.816814 1.52214
0.830923 1.07396
0.845316 1.4942
0.859978 1.08821
0.62762 0.931905
0.627969 0.898709
0.629016 1.18901
0.630757 1.02355
0.633187 0.89921
0.636296 0.806752
0.640077 1.19478
0.644516 1.21158
0.6496 1.09817
0.655315 0.905768
0.661643 1.03586
0.668568 0.91697
0.676071 0.923349
0.684133 1.1496
0.692735 1.43646
0.701857 1.30315
0.711478 1.20207
0.721579 1.15282
0.73214 1.18136
0.743141 1.01101
0.754564 1.22458
0.766388 1.12957
0.778597 1.123
0.791171 1.10294
0.804095 1.08825
0.817351 1.17363
0.830923 1.37328
0.844797 1.09233
0.858957 1.11625
0.87339 1.29688
0.646554 0.673365
0.646894 0.882477
0.64791 0.799471
0.6496 0.885632
0.651959 0.982027
0.65498 0.944987
0.658653 1.04579
0.662968 0.753411
0.667912 1.0578
0.673471 1.3393
0.67963 1.1467
0.686374 1.08346
0.693684 1.10552
0.701544 1.05614
0.709935 1.4051
0.718838 0.995909
0.728235 1.10454
0.738107 1.14286
0.748435 1.14678
0.7592 1.67495
0.770384 1.2494
0.78197 1.33384
0.793939 0.867669
0.806274 1.38011
0.818959 1.52014
0.831979 1.09122
0.845316 0.952308
0.858957 0.789905
0.872888 1.27877
0.887094 1.24993
0.665609 0.759455
0.665939 0.996405
0.666926 0.716099
0.668568 1.4779
0.670861 1.02152
0.673797 0.986248
0.677368 1.10535
0.681564 0.850496
0.686374 1.09292
0.691785 1.03418
0.697783 1.02295
0.704352 1.08338
0.711478 1.01042
0.719143 0.880106
0.727331 1.14086
0.736024 0.955923
0.745204 1.22126
0.754854 1.38553
0.764956 0.850852
0.775492 1.38578
0.786445 0.962818
0.797797 0.980044
0.809532 1.14462
0.821633 1.32149
0.834085 1.14337
0.846871 1.21136
0.859978 0.950756
0.87339 1.01694
0.887094 1.0898
0.901077 1.06595
0.293215 0.709834
0.293962 0.303791
0.296192 0.619771
0.299872 0.835691
0.304949 0.605827
0.311354 0.434401
0.319009 0.483806
0.327825 0.688679
0.337711 0.47802
0.348577 0.338982
0.360333 0.440272
0.372896 0.94978
0.386187 0.836704
0.400134 0.69736
0.414669 0.640771
0.429734 0.416563
0.445275 0.728181
0.461243 0.755099
0.477596 0.840097
0.494295 0.514844
0.511307 0.712033
0.528601 0.622586
0.546151 0.644357
0.563933 0.890587
0.581925 0.63488
0.600109 0.90773
0.618467 0.874782
0.636985 0.863991
0.655649 1.0613
0.674447 1.06758
0.293962 0.385294
0.294708 0.322605
0.296932 0.525838
0.300602 0.684125
0.305667 0.529032
0.312058 0.621972
0.319696 0.411781
0.328493 0.349296
0.33836 0.588794
0.349205 0.481541
0.360942 0.732913
0.373484 0.514667
0.386755 0.690085
0.400681 0.736201
0.415198 0.614249
0.430244 0.676039
0.445767 0.524999
0.461718 0.499015
0.478055 0.479482
0.494739 0.631218
0.511736 0.835148
0.529016 0.746056
0.546553 0.492953
0.564322 0.82528
0.582302 0.978922
0.600474 0.782659
0.618822 0.705468
0.63733 0.850413
0.655984 0.795645
0.674772 0.925565
0.296192 0.758189
0.296932 0.304293
0.299139 0.560304
0.302783 0.536232
0.307812 0.50231
0.314159 0.442606
0.321747 0.641913
0.33049 0.426111
0.340299 0.73752
0.351085 0.469572
0.36276 0.500591
0.375242 0.441022
0.388452 0.623874
0.40232 0.559275
0.416779 0.921114
0.431771 0.666552
0.44724 0.541721
0.463141 0.595543
0.479429 0.792258
0.496067 0.918455
0.51302 0.749795
0.530258 0.678697
0.547755 1.09547
0.565487 0.926389
0.583431 0.75468
0.601569 0.712795
0.619884 0.806281
0.638361 0.899704
0.656986 1.03073
0.675747 1.50037
0.299872 0.558459
0.300602 0.870164
0.302783 0.324971
0.306384 0.44431
0.311354 0.343569
0.317631 0.375145
0.325138 0.643695
0.333792 0.608088
0.343506 0.462908
0.354194 0.496853
0.36577 0.658051
0.378153 0.582837
0.391265 0.851552
0.405037 0.620778
0.419402 0.646868
0.434303 0.511159
0.449686 0.629302
0.465503 0.515933
0.481711 0.578835
0.498272 0.888239
0.515153 0.461065
0.532323 0.840284
0.549754 0.757808
0.567423 0.794648
0.585308 0.665921
0.603389 0.721236
0.621651 0.8234
0.640077 0.949316
0.658653 1.30636
0.677368 0.973265
0.304949 0.65531
0.305667 0.880728
0.307812 0.498615
0.311354 1.03486
0.316247 0.665337
0.322428 0.502262
0.329826 0.379986
0.33836 0.655125
0.347947 0.312535
0.358503 0.745086
0.369944 0.840479
0.382191 0.943143
0.39517 0.609964
0.40881 0.356244
0.423047 0.65717
0.437824 0.763786
0.453087 0.699517
0.468789 0.544856
0.484888 0.543351
0.501344 0.624855
0.518125 0.666401
0.535199 0.557997
0.552539 0.512464
0.570122 0.713979
0.587925 0.635633
0.605928 0.77397
0.624116 0.891947
0.642471 0.795448
0.66098 0.764434
0.67963 1.22377
0.311354 0.411172
0.312058 0.45577
0.314159 0.62608
0.317631 0.799114
0.322428 0.34469
0.328493 0.69075
0.335757 0.943966
0.344144 0.574857
0.353575 0.549609
0.363967 0.364556
0.375242 0.573566
0.387322 0.556783
0.400134 0.516349
0.41361 0.560594
0.427688 1.04962
0.442309 0.596312
0.457423 0.637387
0.472981 0.61816
0.488941 0.595438
0.505266 0.684185
0.521921 0.758853
0.538874 0.702543
0.5561 0.74792
0.573574 0.904611
0.591273 0.708726
0.609177 0.815584
0.62727 0.863243
0.645536 0.600281
0.66396 0.872211
0.682529 0.782899
0.319009 0.71292
0.319696 0.390815
0.321747 0.390568
0.325138 0.5406
0.329826 0.439936
0.335757 0.683116
0.342867 0.588716
0.351085 0.602269
0.360333 0.692359
0.370536 0.63892
0.381617 0.711374
0.393501 0.51805
0.406118 0.663908
0.419402 0.710805
0.433292 0.755503
0.447731 0.687936
0.462667 0.801879
0.478055 0.419326
0.493851 0.74002
0.510019 0.923539
0.526523 0.725138
0.543333 0.761007
0.560422 0.768202
0.577765 1.01507
0.595339 0.924476
0.613125 0.76927
0.631105 1.05453
0.649262 0.969345
0.667583 1.17094
0.686054 0.665655
0.327825 0.570714
0.328493 0.428056
0.33049 0.751128
0.333792 0.656945
0.33836 0.634036
0.344144 0.544169
0.351085 0.672617
0.359114 0.681551
0.368161 0.654276
0.378153 0.471228
0.389017 0.422274
0.400681 0.955378
0.413079 0.738207
0.426146 0.903367
0.439823 0.70746
0.454054 0.750822
0.468789 0.675807
0.483982 0.746466
0.499591 0.507403
0.515579 0.737644
0.53191 0.945758
0.548556 0.786517
0.565487 0.796072
0.582679 1.00438
0.600109 0.823384
0.617758 1.27174
0.635607 1.08077
0.653639 0.825126
0.671841 1.12257
0.690198 0.737544
0.337711 0.418071
0.33836 0.563589
0.340299 0.432978
0.343506 0.416965
0.347947 0.508997
0.353575 0.797804
0.360333 0.57629
0.368161 0.567609
0.376991 0.34929
0.386755 0.379289
0.397384 0.433788
0.40881 0.574139
0.420968 0.379595
0.433798 0.384885
0.44724 0.691109
0.461243 0.621703
0.475755 0.669368
0.490732 0.671129
0.506133 0.796827
0.521921 0.611939
0.53806 0.57761
0.554521 0.756119
0.571275 0.698452
0.588298 0.765799
0.605566 0.902017
0.623061 0.870061
0.640762 1.05598
0.658653 0.900932
0.67672 0.796121
0.694948 1.3378
0.348577 0.639323
0.349205 0.393199
0.351085 0.311301
0.354194 0.527058
0.358503 0.482744
0.363967 0.431667
0.370536 0.613268
0.378153 0.487407
0.386755 0.424848
0.396278 0.553523
0.406658 0.663902
0.417831 0.68908
0.429734 0.528956
0.442309 0.664992
0.455501 0.760024
0.469257 0.921354
0.483529 0.899452
0.498272 0.73779
0.513447 0.656253
0.529016 0.895836
0.544945 0.793591
0.561204 0.54798
0.577765 0.804203
0.594602 0.645937
0.611692 0.929635
0.629016 1.20179
0.646554 1.10467
0.66429 1.10536
0.682207 1.12782
0.700293 1.55003
0.360333 0.62903
0.360942 0.460106
0.36276 0.55513
0.36577 0.635334
0.369944 0.408388
0.375242 0.80797
0.381617 0.479679
0.389017 0.419633
0.397384 0.479563
0.406658 0.43126
0.416779 0.635793
0.427688 0.757307
0.439324 0.582931
0.451632 0.736634
0.464559 0.61637
0.478055 0.586046
0.492071 0.905385
0.506567 1.09039
0.5215 0.634238
0.536836 0.782221
0.552539 0.728169
0.568581 0.737809
0.584933 0.983753
0.601569 0.896842
0.618467 0.818865
0.635607 0.693027
0.652968 0.982322
0.670534 1.15673
0.688288 0.974354
0.706218 0.847349
0.372896 0.463328
0.373484 0.403512
0.375242 0.396838
0.378153 0.418078
0.382191 1.1228
0.387322 0.922336
0.393501 0.694161
0.400681 0.403839
0.40881 0.315485
0.417831 0.667007
0.427688 0.384391
0.438324 0.440408
0.449686 1.04132
0.461718 0.720471
0.47437 0.379677
0.487594 0.635478
0.501344 0.515427
0.515579 0.696777
0.530258 0.761235
0.545348 0.72817
0.560813 0.593984
0.576625 0.683123
0.592755 0.965887
0.609177 0.957577
0.62587 0.678915
0.642812 1.13544
0.659984 1.09989
0.677368 1.37186
0.694948 1.39449
0.71271 0.997986
0.386187 0.638785
0.386755 0.647282
0.388452 0.630174
0.391265 0.673261
0.39517 0.702763
0.400134 0.566197
0.406118 0.4659
0.413079 0.958636
0.420968 0.541539
0.429734 0.619636
0.439324 0.980657
0.449686 0.847985
0.460767 0.941895
0.472517 0.5505
0.484888 0.789151
0.497832 0.643256
0.511307 0.728137
0.525272 0.478938
0.539688 0.943768
0.554521 0.788647
0.569737 0.756277
0.585308 0.780507
0.601204 0.666922
0.617403 0.821804
0.633879 0.951166
0.650612 0.943273
0.667583 0.90675
0.684774 1.36693
0.702169 0.708026
0.719753 0.99127
0.400134 0.712809
0.400681 0.47611
0.40232 0.825253
0.405037 0.747447
0.40881 0.528615
0.41361 0.497824
0.419402 0.723478
0.426146 0.673419
0.433798 0.847425
0.442309 0.500609
0.451632 0.638301
0.461718 0.559827
0.472517 0.773316
0.483982 0.668503
0.496067 0.622633
0.508727 0.744288
0.521921 0.627255
0.535609 0.945505
0.549754 0.468423
0.564322 0.631161
0.579281 0.697627
0.594602 1.00714
0.610257 0.893404
0.626221 0.84517
0.642471 0.928862
0.658986 1.1398
0.675747 1.07305
0.692735 1.2595
0.709935 1.38431
0.727331 1.14823
0.414669 0.460731
0.415198 0.639727
0.416779 0.450306
0.419402 0.50203
0.423047 0.570618
0.427688 0.75477
0.433292 0.851156
0.439823 0.369133
0.44724 0.781107
0.455501 0.721971
0.464559 0.742627
0.47437 0.494941
0.484888 0.697523
0.496067 0.866179
0.507864 0.697753
0.520237 0.639912
0.533146 0.634833
0.546553 0.941089
0.560422 0.851594
0.57472 1.01061
0.589415 0.72567
0.604479 0.848302
0.619884 1.01948
0.635607 0.824379
0.651623 1.06767
0.667912 1.01603
0.684454 1.1792
0.701232 0.95894
0.718228 0.835969
0.735428 1.02234
0.429734 0.480557
0.430244 0.499899
0.431771 0.49634
0.434303 0.380228
0.437824 0.587274
0.442309 0.563903
0.447731 0.965817
0.454054 0.729884
0.461243 0.593577
0.469257 0.626575
0.478055 0.964823
0.487594 0.686728
0.497832 0.705639
0.508727 0.894692
0.520237 0.603554
0.532323 0.622272
0.544945 0.98845
0.558069 0.870097
0.571659 0.54497
0.585682 0.915277
0.600109 0.791956
0.614911 0.620912
0.630061 0.813145
0.645536 0.962748
0.661312 1.09107
0.677368 1.06367
0.693684 1.15215
0.710244 1.04804
0.72703 1.05962
0.744026 1.15063
0.445275 0.793511
0.445767 0.408994
0.44724 0.697623
0.449686 0.47737
0.453087 0.601271
0.457423 0.750855
0.462667 0.497572
0.468789 0.828761
0.475755 0.621989
0.483529 0.529745
0.492071 0.661984
0.501344 0.724896
0.511307 1.1582
0.521921 0.389281
0.533146 0.647047
0.544945 0.992099
0.557282 0.857661
0.570122 0.92041
0.583431 0.779104
0.597178 0.729919
0.611334 0.857071
0.62587 1.317
0.640762 0.987884
0.655984 1.2048
0.671514 0.962164
0.687332 1.36119
0.703417 0.928088
0.719753 0.928397
0.736322 1.90667
0.753109 1.49728
0.461243 0.535178
0.461718 0.560366
0.463141 1.03741
0.465503 0.508131
0.468789 0.570212
0.472981 0.70604
0.478055 0.910247
0.483982 0.816588
0.490732 0.581592
0.498272 1.00367
0.506567 0.789796
0.515579 0.851411
0.525272 0.623094
0.535609 1.06193
0.546553 0.709732
0.558069 0.701285
0.570122 0.536982
0.582679 0.86425
0.595707 0.782537
0.609177 0.896564
0.623061 1.14878
0.63733 0.906792
0.651959 1.24748
0.666926 0.875969
0.682207 1.1424
0.697783 0.951239
0.713633 1.34873
0.72974 1.53012
0.746087 0.889495
0.762659 1.294
0.477596 0.703396
0.478055 0.645041
0.479429 0.629477
0.481711 0.618204
0.484888 0.682936
0.488941 0.845618
0.493851 0.592587
0.499591 0.879084
0.506133 0.806972
0.513447 0.591689
0.5215 0.907564
0.530258 0.86809
0.539688 0.932472
0.549754 1.28129
0.560422 0.800671
0.571659 0.847865
0.583431 1.11761
0.595707 0.924873
0.608457 0.535995
0.621651 0.744954
0.635261 1.18262
0.649262 0.878219
0.663629 0.920208
0.678338 1.128
0.693368 1.28022
0.708698 0.939536
0.72431 0.980383
0.740184 1.15781
0.756306 1.57461
0.772659 1.0203
0.494295 0.498409
0.494739 0.600112
0.496067 1.02251
0.498272 1.13973
0.501344 0.655496
0.505266 0.753301
0.510019 0.741401
0.515579 0.628537
0.521921 0.516079
0.529016 0.69036
0.536836 0.568131
0.545348 0.700929
0.554521 0.505834
0.564322 0.859975
0.57472 0.773982
0.585682 0.620733
0.597178 0.840993
0.609177 0.974596
0.621651 1.06074
0.634571 1.03464
0.64791 1.21599
0.661643 0.955834
0.675747 1.01177
0.690198 1.50863
0.704975 1.32108
0.720058 0.824009
0.735428 1.01272
0.751068 0.931527
0.766961 1.19077
0.783091 1.25351
0.511307 0.739463
0.511736 0.827817
0.51302 0.907963
0.515153 0.643493
0.518125 0.78693
0.521921 0.543172
0.526523 0.779584
0.53191 0.787005
0.53806 0.792403
0.544945 0.885256
0.552539 0.942519
0.560813 0.788875
0.569737 1.35653
0.579281 0.727336
0.589415 0.646905
0.600109 0.724569
0.611334 0.848593
0.623061 1.16366
0.635261 0.620565
0.64791 0.808194
0.66098 1.23076
0.674447 1.20252
0.688288 1.42714
0.702481 1.39666
0.717005 1.23351
0.731841 1.30331
0.746968 0.825805
0.762371 1.38103
0.778033 1.36067
0.793939 1.26833
0.528601 0.503883
0.529016 1.00496
0.530258 0.866991
0.532323 0.710855
0.535199 0.889779
0.538874 0.670835
0.543333 0.819598
0.548556 0.853132
0.554521 0.725989
0.561204 1.00655
0.568581 0.678801
0.576625 0.721801
0.585308 0.78316
0.594602 0.959906
0.604479 1.12884
0.614911 0.791002
0.62587 0.662784
0.63733 1.27052
0.649262 0.835801
0.661643 1.25549
0.674447 0.898566
0.687651 1.16746
0.701232 1.43842
0.715168 0.871106
0.729439 1.15283
0.744026 0.91404
0.758911 1.04012
0.774077 1.08167
0.789506 1.81924
0.805185 1.11278
0.546151 0.79663
0.546553 0.665772
0.547755 0.783837
0.549754 0.546406
0.552539 0.617427
0.5561 0.495582
0.560422 0.447169
0.565487 0.720519
0.571275 0.822406
0.577765 0.843453
0.584933 0.694702
0.592755 0.924581
0.601204 0.950029
0.610257 0.648706
0.619884 0.873128
0.630061 0.766338
0.640762 1.26605
0.651959 0.81578
0.663629 1.03697
0.675747 1.2721
0.688288 1.10083
0.701232 0.990176
0.714554 1.34786
0.728235 1.08531
0.742256 0.92754
0.756596 0.86162
0.771238 1.12085
0.786166 1.21105
0.801363 1.58865
0.816814 1.01218
0.563933 0.800384
0.564322 0.810459
0.565487 1.09904
0.567423 0.809154
0.570122 0.998651
0.573574 0.541247
0.577765 0.640782
0.582679 0.940328
0.588298 0.990192
0.594602 1.14083
0.601569 0.953908
0.609177 0.946624
0.617403 1.11474
0.626221 0.836726
0.635607 0.915436
0.645536 0.956628
0.655984 1.39509
0.666926 1.16302
0.678338 1.19878
0.690198 0.789859
0.702481 0.943518
0.715168 1.33627
0.728235 1.17046
0.741664 1.25553
0.755435 1.2965
0.76953 1.6116
0.783931 1.57039
0.798621 1.42932
0.813586 1.14205
0.828809 1.01512
0.581925 0.929733
0.582302 0.63375
0.583431 0.6445
0.585308 0.910564
0.587925 0.707869
0.591273 0.555625
0.595339 0.656773
0.600109 1.1093
0.605566 0.665612
0.611692 0.742372
0.618467 1.10563
0.62587 1.07172
0.633879 1.04021
0.642471 1.02966
0.651623 1.04436
0.661312 1.08669
0.671514 1.2234
0.682207 1.09655
0.693368 1.2794
0.704975 1.3345
0.717005 1.26231
0.729439 1.14423
0.742256 1.42227
0.755435 1.21172
0.76896 1.08976
0.782811 1.43327
0.796972 1.15286
0.811426 1.24571
0.826159 1.17066
0.841155 1.42199
0.600109 1.02046
0.600474 0.799428
0.601569 0.679598
0.603389 1.07974
0.605928 1.06905
0.609177 1.04425
0.613125 1.1019
0.617758 0.842376
0.623061 0.772867
0.629016 0.809419
0.635607 0.855163
0.642812 0.993963
0.650612 0.86624
0.658986 0.71722
0.667912 1.14542
0.677368 0.802706
0.687332 0.752629
0.697783 1.2473
0.708698 0.935051
0.720058 1.07386
0.731841 1.39148
0.744026 1.12984
0.756596 1.31923
0.76953 0.93298
0.782811 1.12283
0.796421 1.53348
0.810344 0.840392
0.824564 1.41239
0.839066 1.00649
0.853835 1.04794
0.618467 0.978713
0.618822 0.882256
0.619884 0.766145
0.621651 0.982748
0.624116 1.03244
0.62727 0.931268
0.631105 1.14149
0.635607 0.743345
0.640762 1.08234
0.646554 1.00064
0.652968 1.18937
0.659984 1.05521
0.667583 1.206
0.675747 0.999885
0.684454 1.1103
0.693684 1.00462
0.703417 1.11464
0.713633 1.09544
0.72431 0.795344
0.735428 1.28586
0.746968 1.14452
0.758911 1.20623
0.771238 1.18108
0.783931 1.24595
0.796972 1.21675
0.810344 1.69507
0.824032 1.06999
0.83802 1.10215
0.852293 1.42065
0.866837 1.3995
0.636985 0.969518
0.63733 1.10843
0.638361 0.812163
0.640077 1.14495
0.642471 0.930866
0.645536 1.02225
0.649262 1.00594
0.653639 1.13018
0.658653 0.959303
0.66429 0.799187
0.670534 1.38931
0.677368 0.869949
0.684774 0.975366
0.692735 0.786253
0.701232 1.04972
0.710244 0.999822
0.719753 0.941321
0.72974 1.18961
0.740184 1.1929
0.751068 1.26059
0.762371 0.909588
0.774077 1.23196
0.786166 1.63015
0.798621 1.0216
0.811426 1.0213
0.824564 1.24097
0.83802 1.69486
0.851778 1.04751
0.865824 0.903654
0.880144 1.25621
0.655649 1.06075
0.655984 0.573442
0.656986 1.05809
0.658653 1.37849
0.66098 0.655371
0.66396 0.847931
0.667583 1.29672
0.671841 1.30425
0.67672 1.14481
0.682207 1.1494
0.688288 1.05422
0.694948 1.112
0.702169 0.969032
0.709935 1.32094
0.718228 1.39809
0.72703 1.17579
0.736322 1.45039
0.746087 0.814497
0.756306 1.29872
0.766961 0.965548
0.778033 1.27449
0.789506 1.37863
0.801363 1.40734
0.813586 1.58257
0.826159 0.897747
0.839066 1.51628
0.852293 1.31275
0.865824 0.96559
0.879646 1.20383
0.893745 1.21071
0.674447 0.856884
0.674772 1.24061
0.675747 0.965199
0.677368 0.833463
0.67963 1.04256
0.682529 1.27375
0.686054 0.930938
0.690198 0.984442
0.694948 0.84435
0.700293 1.57388
0.706218 0.897789
0.71271 1.43082
0.719753 1.13859
0.727331 0.713853
0.735428 1.11065
0.744026 1.16312
0.753109 0.90983
0.762659 1.38914
0.772659 0.94431
0.783091 1.3617
0.793939 1.91175
0.805185 0.982475
0.816814 1.02866
0.828809 0.972856
0.841155 1.12651
0.853835 1.25433
0.866837 0.974264
0.880144 1.08315
0.893745 1.37651
0.907625 0.858969
0.314159 0.493845
0.314857 0.7848
0.316939 0.323319
0.320381 0.3571
0.325138 0.381737
0.331153 0.761884
0.33836 0.529211
0.346684 0.453451
0.356047 0.506735
0.36637 0.632244
0.377572 0.401986
0.38958 0.507404
0.40232 0.514954
0.415726 0.94029
0.429734 0.87143
0.444288 0.793551
0.459337 0.759482
0.474832 0.660365
0.490732 0.769847
0.506999 0.388666
0.523599 0.959817
0.5405 0.744861
0.557676 0.669646
0.575101 0.882519
0.592755 0.862084
0.610616 0.773972
0.628667 0.698879
0.646894 0.961928
0.66528 0.802811
0.683813 0.947779
0.314857 0.570896
0.315552 0.449262
0.317631 0.500688
0.321065 0.292378
0.325811 0.459015
0.331815 0.961501
0.339007 0.527493
0.347316 0.308214
0.356663 0.671741
0.366968 0.486995
0.378153 0.519438
0.390143 0.555259
0.402865 0.535391
0.416253 0.584087
0.430244 0.829559
0.444782 0.48101
0.459814 0.49845
0.475294 0.68351
0.491179 0.571837
0.507432 0.723325
0.524017 0.745088
0.540906 0.77923
0.558069 0.623628
0.575482 0.830391
0.593124 0.806858
0.610975 0.972482
0.629016 0.851369
0.647232 0.727755
0.665609 1.00077
0.684133 1.35009
0.316939 0.308797
0.317631 0.492154
0.319696 0.554713
0.323108 0.798953
0.327825 0.59659
0.333792 0.792401
0.340943 0.37445
0.349205 0.643913
0.358503 0.425378
0.368756 0.449723
0.379889 0.646503
0.391825 0.551294
0.404495 0.666772
0.417831 0.499942
0.431771 0.772381
0.446259 0.636078
0.461243 0.928068
0.476676 0.791078
0.492517 0.680617
0.508727 0.780008
0.525272 0.512719
0.542121 0.595544
0.559247 0.926376
0.576625 0.479971
0.594233 0.767945
0.612051 1.03415
0.630061 0.827324
0.648248 1.05171
0.666597 0.689288
0.685095 0.697606
0.320381 0.301742
0.321065 0.331371
0.323108 0.701858
0.326484 0.483152
0.331153 0.704859
0.337061 0.362008
0.344144 0.695763
0.352332 0.843853
0.361549 0.665524
0.371718 0.396016
0.382765 0.480827
0.394614 0.977544
0.407197 0.517639
0.420447 0.682449
0.434303 0.507952
0.448709 0.624958
0.463614 0.623323
0.478971 0.747687
0.494739 0.531957
0.510878 0.565983
0.527355 0.631761
0.54414 0.766721
0.561204 0.747266
0.578523 0.366068
0.596075 0.801793
0.61384 0.91428
0.6318 0.889263
0.649938 0.837582
0.66824 1.27039
0.686693 0.828731
0.325138 0.527738
0.325811 0.566138
0.327825 0.792656
0.331153 0.385971
0.335757 0.432803
0.341586 0.536712
0.348577 0.538457
0.356663 0.498936
0.36577 0.445571
0.375826 0.60698
0.386755 0.55673
0.398486 0.510735
0.41095 0.681118
0.424083 0.343625
0.437824 0.568159
0.452118 0.366092
0.466914 0.778079
0.482166 0.50113
0.497832 0.604566
0.513874 0.591927
0.530258 1.06168
0.546954 0.879559
0.563933 0.845886
0.581171 0.939574
0.598645 0.611666
0.616336 0.985176
0.634225 0.592272
0.652296 0.7276
0.670534 0.987675
0.688925 1.28738
0.331153 0.324407
0.331815 0.422833
0.333792 0.535957
0.337061 0.582804
0.341586 0.583937
0.347316 0.348325
0.354194 0.382152
0.362155 0.388544
0.371128 0.400585
0.381042 0.484397
0.391825 0.906577
0.403409 0.55014
0.415726 0.900599
0.428712 0.795957
0.442309 0.469812
0.456463 0.645676
0.471123 0.590651
0.486243 0.886185
0.501781 0.550651
0.517701 0.883491
0.533968 0.99508
0.550551 0.859345
0.567423 0.746723
0.584558 0.66195
0.601934 0.590062
0.61953 0.889956
0.63733 1.13418
0.655315 0.867394
0.673471 0.774099
0.691785 1.27383
0.33836 1.15971
0.339007 0.692408
0.340943 0.542511
0.344144 0.420751
0.348577 0.571817
0.354194 0.630894
0.360942 0.661926
0.368756 0.509503
0.377572 0.5232
0.387322 0.765347
0.397935 0.573203
0.409346 1.02793
0.421489 0.619744
0.434303 0.753365
0.447731 0.586443
0.461718 0.548992
0.476216 0.773521
0.491179 0.571577
0.506567 0.726725
0.522341 0.633338
0.538467 0.568998
0.554916 0.883111
0.571659 0.736389
0.58867 0.917122
0.605928 0.812359
0.623412 0.844467
0.641104 1.10462
0.658986 1.08585
0.677044 1.06683
0.695263 1.02423
0.346684 0.340392
0.347316 0.278898
0.349205 0.522078
0.352332 0.777979
0.356663 0.66235
0.362155 0.597641
0.368756 0.448304
0.376409 0.583009
0.38505 0.568521
0.394614 0.480748
0.405037 0.7778
0.416253 0.765619
0.4282 0.51254
0.440819 0.870822
0.454054 0.56754
0.467852 0.745714
0.482166 0.603369
0.49695 0.847549
0.512164 0.712658
0.527771 0.631868
0.543737 0.951607
0.56003 0.929889
0.576625 0.549451
0.593494 0.992192
0.610616 0.961393
0.627969 0.888775
0.645536 0.879382
0.663299 1.42532
0.681242 0.926862
0.699352 1.00463
0.356047 0.566579
0.356663 0.407332
0.358503 0.61538
0.361549 0.32529
0.36577 0.666285
0.371128 0.441059
0.377572 0.543813
0.38505 0.349616
0.393501 0.738818
0.402865 0.796784
0.413079 0.608893
0.424083 0.578952
0.435815 0.499893
0.44822 0.39319
0.461243 0.634924
0.474832 0.506103
0.488941 0.384126
0.503527 0.660066
0.518548 0.609399
0.533968 1.20609
0.549754 0.8917
0.565874 0.87912
0.582302 0.584741
0.599012 0.850578
0.61598 0.842466
0.633187 0.796106
0.650612 0.890566
0.66824 0.853696
0.686054 1.31819
0.704041 1.16516
0.36637 0.828237
0.366968 0.585569
0.368756 0.484708
0.371718 0.481632
0.375826 0.757972
0.381042 0.525711
0.387322 0.648629
0.394614 0.478839
0.402865 0.617969
0.412016 0.82596
0.422009 0.600269
0.432785 0.456913
0.444288 0.748448
0.456463 0.67527
0.469257 0.593447
0.482621 0.777358
0.496509 0.939356
0.510878 0.843006
0.525689 0.632288
0.540906 0.784156
0.556495 0.729029
0.572425 0.874627
0.58867 0.879537
0.605204 0.988087
0.622004 1.20299
0.639048 1.06353
0.656318 0.916749
0.673797 1.0264
0.691468 0.964804
0.709317 1.37927
0.377572 0.413023
0.378153 0.721255
0.379889 0.524279
0.382765 0.593669
0.386755 0.577227
0.391825 0.66556
0.397935 0.617201
0.405037 0.598019
0.413079 0.619519
0.422009 0.5103
0.431771 0.528759
0.442309 0.575428
0.453571 0.995404
0.465503 0.849667
0.478055 0.781407
0.491179 0.688134
0.504832 0.658429
0.518971 0.829062
0.533557 0.533296
0.548556 0.650918
0.563933 0.62911
0.57966 1.06869
0.595707 0.782935
0.612051 1.02449
0.628667 0.815614
0.645536 0.739312
0.662637 1.04647
0.679953 0.97485
0.697468 0.829438
0.715168 1.21868
0.38958 0.542193
0.390143 0.66073
0.391825 0.620184
0.394614 0.627583
0.398486 0.524275
0.403409 0.46782
0.409346 0.571723
0.416253 0.57883
0.424083 0.841126
0.432785 0.478741
0.442309 0.484484
0.452603 0.92987
0.463614 0.423989
0.475294 0.661286
0.487594 0.566511
0.500468 0.746099
0.513874 0.908625
0.527771 0.818527
0.542121 0.826654
0.556889 0.832598
0.572042 0.737545
0.587552 0.870133
0.603389 0.743123
0.61953 1.13813
0.635952 0.848319
0.652632 1.01788
0.669552 0.772548
0.686693 1.09693
0.704041 0.803104
0.721579 1.12125
0.40232 0.626626
0.402865 0.501113
0.404495 0.732276
0.407197 0.542255
0.41095 0.539204
0.415726 0.437814
0.421489 0.965239
0.4282 0.5196
0.435815 0.468355
0.444288 0.720581
0.453571 0.684864
0.463614 0.589886
0.47437 0.561673
0.485791 0.608564
0.497832 0.521385
0.510448 0.641097
0.523599 0.631854
0.537244 0.799071
0.551347 0.701113
0.565874 0.565152
0.580794 0.959627
0.596075 0.70173
0.611692 0.771963
0.62762 0.606014
0.643835 0.916654
0.660316 1.23297
0.677044 0.895826
0.694001 1.01453
0.71117 0.743243
0.728536 1.30213
0.415726 0.789882
0.416253 0.640115
0.417831 0.416595
0.420447 0.673782
0.424083 0.443142
0.428712 0.449323
0.434303 0.711691
0.440819 0.570237
0.44822 0.960695
0.456463 1.00278
0.465503 1.15319
0.475294 0.485765
0.485791 0.474105
0.49695 1.02866
0.508727 0.670414
0.521079 0.462004
0.533968 0.72037
0.547355 0.776963
0.561204 0.564357
0.575482 1.09633
0.590159 0.663262
0.605204 0.750849
0.620592 0.586781
0.636296 1.067
0.652296 0.801552
0.668568 0.904139
0.685095 1.14843
0.701857 1.40747
0.718838 1.44556
0.736024 0.798654
0.429734 0.967867
0.430244 0.577211
0.431771 0.428153
0.434303 0.550263
0.437824 0.956204
0.442309 0.532729
0.447731 0.421132
0.454054 0.725908
0.461243 0.586399
0.469257 0.908201
0.478055 0.517474
0.487594 0.841569
0.497832 0.703302
0.508727 0.757906
0.520237 0.528855
0.532323 0.640879
0.544945 0.85815
0.558069 0.949885
0.571659 0.776401
0.585682 0.79182
0.600109 0.931625
0.614911 0.988622
0.630061 1.10245
0.645536 0.814154
0.661312 0.697498
0.677368 0.928799
0.693684 0.985833
0.710244 1.25155
0.72703 1.01815
0.744026 0.786813
0.444288 0.538834
0.444782 0.374704
0.446259 0.929403
0.448709 0.765852
0.452118 1.06387
0.456463 0.774891
0.461718 0.615304
0.467852 0.472968
0.474832 0.624184
0.482621 0.581097
0.491179 0.892526
0.500468 0.833762
0.510448 0.590752
0.521079 0.645291
0.532323 0.805485
0.54414 0.794083
0.556495 0.924534
0.569352 0.887704
0.582679 1.00622
0.596443 0.707845
0.610616 1.29925
0.625169 0.722573
0.640077 1.04198
0.655315 0.830105
0.670861 1.32205
0.686693 1.10358
0.702794 1.01558
0.719143 1.69249
0.735726 1.12652
0.752526 1.19929
0.459337 0.616874
0.459814 0.425072
0.461243 0.492298
0.463614 0.715735
0.466914 0.619713
0.471123 1.05077
0.476216 0.581887
0.482166 0.939623
0.488941 0.676823
0.496509 0.744564
0.504832 0.440319
0.513874 0.726858
0.523599 0.987851
0.533968 0.616986
0.544945 0.663768
0.556495 1.14462
0.568581 1.02242
0.581171 0.809487
0.594233 0.771137
0.607736 0.791567
0.621651 1.0211
0.635952 0.850389
0.650612 1.02485
0.665609 0.943366
0.68092 1.10591
0.696524 1.0706
0.712402 1.12973
0.728536 1.06792
0.74491 1.36189
0.761508 1.31375
0.474832 0.642371
0.475294 0.636925
0.476676 1.13809
0.478971 0.704546
0.482166 0.611633
0.486243 0.452245
0.491179 0.866805
0.49695 0.38873
0.503527 0.470573
0.510878 0.580592
0.518971 0.695138
0.527771 0.754931
0.537244 0.67414
0.547355 0.743679
0.558069 0.905992
0.569352 0.746619
0.581171 0.864252
0.593494 1.18448
0.60629 0.988557
0.61953 0.789609
0.633187 1.0956
0.647232 0.732784
0.661643 1.03253
0.676396 1.16977
0.691468 1.11118
0.706839 1.23163
0.72249 1.19262
0.738404 1.13573
0.754564 0.947412
0.770954 0.913218
0.490732 0.368786
0.491179 0.696719
0.492517 0.646131
0.494739 0.693996
0.497832 0.747458
0.501781 0.87504
0.506567 0.862362
0.512164 0.72693
0.518548 0.549578
0.525689 0.486693
0.533557 1.12908
0.542121 0.699796
0.551347 0.699644
0.561204 0.881542
0.571659 0.928545
0.582679 0.766021
0.594233 0.975554
0.60629 1.03094
0.618822 0.910727
0.6318 0.825562
0.645196 0.935681
0.658986 0.952316
0.673145 0.937053
0.687651 1.52116
0.702481 1.24323
0.717617 1.34188
0.733038 1.20883
0.748728 1.1377
0.764669 1.22076
0.780847 1.07685
0.506999 0.595921
0.507432 0.674319
0.508727 0.455781
0.510878 0.822315
0.513874 0.756378
0.517701 0.573264
0.522341 0.996557
0.527771 0.749491
0.533968 0.5262
0.540906 0.822865
0.548556 0.776569
0.556889 0.924148
0.565874 0.615447
0.575482 0.489734
0.585682 0.839838
0.596443 1.0013
0.607736 0.913212
0.61953 0.819894
0.6318 0.732844
0.644516 1.20965
0.657653 1.19366
0.671187 1.00975
0.685095 0.98951
0.699352 0.898257
0.71394 1.57313
0.728837 1.35013
0.744026 1.47057
0.759489 1.37637
0.775209 1.02929
0.791171 0.974729
0.523599 0.406673
0.524017 0.885257
0.525272 0.683928
0.527355 0.533019
0.530258 0.608822
0.533968 0.733774
0.538467 0.963272
0.543737 0.777715
0.549754 0.773615
0.556495 1.06109
0.563933 0.743933
0.572042 0.859121
0.580794 0.638834
0.590159 0.751894
0.600109 0.894265
0.610616 1.457
0.621651 0.985014
0.633187 1.11407
0.645196 0.916312
0.657653 1.0826
0.670534 1.28443
0.683813 1.15037
0.697468 1.21271
0.711478 0.932232
0.725822 1.671
0.74048 1.18265
0.755435 0.993364
0.770669 1.14985
0.786166 1.16018
0.80191 1.12954
0.5405 0.755496
0.540906 0.579159
0.542121 0.821441
0.54414 0.65761
0.546954 0.659536
0.550551 0.82635
0.554916 0.569589
0.56003 0.842109
0.565874 0.715409
0.572425 0.536537
0.57966 0.944175
0.587552 0.854978
0.596075 0.819215
0.605204 0.599768
0.614911 0.865586
0.625169 0.689802
0.635952 1.01666
0.647232 0.999811
0.658986 0.85752
0.671187 0.702177
0.683813 0.972632
0.696839 0.912455
0.710244 1.19664
0.724007 1.1601
0.738107 1.13011
0.752526 1.80085
0.767246 0.817672
0.78225 1.068
0.797522 1.21497
0.813046 1.45241
0.557676 0.803616
0.558069 0.96069
0.559247 0.621862
0.561204 0.925472
0.563933 0.658226
0.567423 0.812823
0.571659 0.995586
0.576625 0.831726
0.582302 0.695088
0.58867 0.873897
0.595707 0.95685
0.603389 0.981673
0.611692 0.735107
0.620592 0.69604
0.630061 0.784427
0.640077 1.10103
0.650612 0.94086
0.661643 1.30441
0.673145 0.973693
0.685095 1.57381
0.697468 1.31987
0.710244 0.857051
0.723401 1.15693
0.736918 0.993353
0.750776 1.21696
0.764956 1.26627
0.779441 1.33431
0.794215 0.990911
0.809261 1.56627
0.824564 1.08426
0.575101 0.846719
0.575482 0.9754
0.576625 0.680353
0.578523 0.788706
0.581171 0.959753
0.584558 0.614934
0.58867 0.815171
0.593494 0.777643
0.599012 0.564397
0.605204 0.789688
0.612051 0.846311
0.61953 0.894489
0.62762 0.763525
0.636296 0.919595
0.645536 0.867753
0.655315 0.75068
0.665609 1.30427
0.676396 1.14619
0.687651 2.05496
0.699352 1.22784
0.711478 1.05412
0.724007 1.53362
0.736918 1.23994
0.750191 1.2839
0.763808 1.09604
0.777751 1.04095
0.792003 1.32202
0.806546 1.00931
0.821366 1.58491
0.836448 0.771343
0.592755 0.515999
0.593124 0.827037
0.594233 0.945768
0.596075 0.721316
0.598645 0.688173
0.601934 0.946684
0.605928 0.625125
0.610616 0.829411
0.61598 0.868238
0.622004 0.927721
0.628667 0.896973
0.635952 0.982154
0.643835 1.11476
0.652296 0.941019
0.661312 1.21136
0.670861 0.795275
0.68092 0.930216
0.691468 0.91436
0.702481 1.41409
0.71394 1.0953
0.725822 1.25444
0.738107 0.872392
0.750776 1.393
0.763808 1.03847
0.777187 1.65566
0.790894 1.40234
0.804913 1.12083
0.819227 0.844867
0.833822 1.29542
0.848682 1.19836
0.610616 0.781978
0.610975 0.91083
0.612051 0.827545
0.61384 0.857293
0.616336 0.518073
0.61953 0.838536
0.623412 0.823283
0.627969 0.700907
0.633187 0.963246
0.639048 0.720469
0.645536 0.902961
0.652632 0.699629
0.660316 0.759838
0.668568 1.02709
0.677368 1.15427
0.686693 0.899851
0.696524 0.865735
0.706839 1.28554
0.717617 0.877691
0.728837 1.20711
0.74048 1.35517
0.752526 0.925969
0.764956 1.69523
0.777751 1.33144
0.790894 1.17642
0.804368 0.689367
0.818156 1.80531
0.832242 1.42013
0.846612 0.84405
0.861252 1.19057
0.628667 0.795615
0.629016 0.779645
0.630061 0.737862
0.6318 0.595029
0.634225 0.952823
0.63733 0.721566
0.641104 0.944929
0.645536 1.30775
0.650612 0.703036
0.656318 0.845091
0.662637 1.13023
0.669552 0.870723
0.677044 1.16118
0.685095 1.16633
0.693684 0.924029
0.702794 1.40938
0.712402 0.985586
0.72249 1.24808
0.733038 1.18977
0.744026 1.04431
0.755435 1.33518
0.767246 1.08981
0.779441 1.46451
0.792003 1.24282
0.804913 0.964905
0.818156 0.997478
0.831715 1.05845
0.845576 1.08295
0.859723 1.3482
0.874143 1.33708
0.646894 0.843769
0.647232 1.16389
0.648248 1.08498
0.649938 1.12855
0.652296 0.965904
0.655315 0.850892
0.658986 1.14009
0.663299 0.92743
0.66824 0.814155
0.673797 0.917068
0.679953 0.973725
0.686693 0.779886
0.694001 0.777527
0.701857 1.07984
0.710244 1.09633
0.719143 1.06141
0.728536 1.22793
0.738404 1.09613
0.748728 1.39696
0.759489 0.830804
0.770669 1.48806
0.78225 1.28608
0.794215 1.19175
0.806546 1.15381
0.819227 1.30227
0.832242 1.24027
0.845576 0.943452
0.859213 1.35811
0.873139 1.08893
0.887342 0.876888
0.66528 0.987714
0.665609 1.18687
0.666597 1.11247
0.66824 0.847716
0.670534 1.19567
0.673471 1.23967
0.677044 0.885505
0.681242 0.969526
0.686054 1.12668
0.691468 1.06087
0.697468 0.995631
0.704041 1.11827
0.71117 0.776033
0.718838 0.944281
0.72703 0.920391
0.735726 1.46535
0.74491 1.08359
0.754564 1.16031
0.764669 0.910963
0.775209 1.45038
0.786166 1.46145
0.797522 1.10924
0.809261 1.49111
0.821366 1.13002
0.833822 1.32475
0.846612 1.55756
0.859723 0.876297
0.873139 0.826403
0.886847 1.1525
0.900833 1.2113
0.683813 1.10105
0.684133 1.06505
0.685095 1.09335
0.686693 1.09642
0.688925 1.37079
0.691785 1.07231
0.695263 1.52569
0.699352 1.49553
0.704041 0.989885
0.709317 0.711809
0.715168 0.797834
0.721579 1.0244
0.728536 1.01837
0.736024 1.1414
0.744026 1.18416
0.752526 1.20077
0.761508 0.928733
0.770954 1.1184
0.780847 1.55796
0.791171 1.2927
0.80191 1.02019
0.813046 1.56028
0.824564 1.23009
0.836448 0.962935
0.848682 1.17013
0.861252 0.989596
0.874143 1.03072
0.887342 0.922971
0.900833 1.26787
0.914606 1.20818
0.335103 0.453151
0.335757 0.411982
0.337711 0.76859
0.340943 0.475333
0.345416 0.719985
0.351085 0.452661
0.35789 0.607077
0.36577 0.387781
0.374657 0.607411
0.38448 0.391632
0.39517 0.333078
0.406658 0.815625
0.418879 0.555822
0.431771 0.603331
0.445275 0.530325
0.459337 0.501978
0.473908 0.817728
0.488941 0.907766
0.504397 0.63671
0.520237 0.687577
0.536427 0.733783
0.552936 0.911255
0.569737 0.55925
0.586805 0.877732
0.604116 0.773837
0.621651 1.09044
0.639391 0.838028
0.65732 1.42441
0.675422 1.05694
0.693684 1.07928
0.335757 0.403759
0.33641 0.352141
0.33836 0.657533
0.341586 0.651237
0.346051 0.572702
0.351709 0.42846
0.358503 0.727577
0.36637 0.404992
0.375242 1.27032
0.38505 0.893859
0.395724 0.692157
0.407197 0.463936
0.419402 0.829738
0.432278 0.437312
0.445767 0.49676
0.459814 0.671627
0.47437 0.821557
0.48939 0.549374
0.504832 0.644253
0.520658 0.550232
0.536836 0.491232
0.553333 0.600065
0.570122 0.660153
0.587178 0.610084
0.604479 0.877292
0.622004 0.765954
0.639734 0.980451
0.657653 0.883073
0.675747 0.909102
0.694001 1.08104
0.337711 0.515427
0.33836 0.234768
0.340299 0.38267
0.343506 0.526727
0.347947 0.339613
0.353575 0.317033
0.360333 0.620911
0.368161 0.683369
0.376991 0.497011
0.386755 0.718455
0.397384 0.628718
0.40881 0.558629
0.420968 0.437239
0.433798 0.576824
0.44724 0.70726
0.461243 0.502907
0.475755 0.724684
0.490732 0.867379
0.506133 0.808537
0.521921 0.615918
0.53806 0.75149
0.554521 0.755946
0.571275 0.739959
0.588298 0.701375
0.605566 0.972915
0.623061 0.733321
0.640762 0.868715
0.658653 0.921354
0.67672 1.13304
0.694948 1.33061
0.340943 0.49566
0.341586 0.579405
0.343506 0.431705
0.346684 0.580774
0.351085 0.722931
0.356663 0.554302
0.363364 0.474543
0.371128 0.430154
0.379889 0.751921
0.38958 0.405142
0.400134 0.34156
0.411483 0.847228
0.423565 0.459911
0.436318 0.423135
0.449686 0.589061
0.463614 0.984924
0.478055 0.551035
0.492962 0.489828
0.508295 0.595955
0.524017 0.869898
0.540094 0.611524
0.556495 0.700572
0.573191 0.692864
0.590159 0.744702
0.607375 1.03949
0.624818 0.743191
0.642471 0.729521
0.660316 1.34719
0.678338 0.915018
0.696524 1.02546
0.345416 0.578716
0.346051 0.416562
0.347947 0.707564
0.351085 0.363724
0.355431 0.786663
0.360942 0.560259
0.367565 0.413125
0.375242 0.60408
0.383909 0.689964
0.393501 0.770729
0.403952 0.462699
0.415198 0.62607
0.427174 0.800811
0.439823 0.967114
0.453087 0.499567
0.466914 0.491523
0.481255 0.802805
0.496067 0.610445
0.511307 0.637904
0.526939 0.809873
0.542929 0.972299
0.559247 1.03823
0.575863 0.78922
0.592755 0.870933
0.609897 0.68104
0.62727 0.720806
0.644856 0.86926
0.662637 0.869652
0.680598 0.81186
0.698725 1.07539
0.351085 0.498694
0.351709 0.275984
0.353575 0.392444
0.356663 0.593986
0.360942 0.637333
0.36637 0.456221
0.372896 0.611065
0.380466 0.545677
0.389017 0.586689
0.398486 0.364222
0.40881 0.914593
0.419925 0.340284
0.431771 0.645551
0.444288 0.584385
0.457423 0.612098
0.471123 0.634936
0.48534 0.679362
0.50003 0.43847
0.515153 0.625596
0.530672 0.453885
0.546553 0.516644
0.562765 0.728905
0.579281 0.85168
0.596075 1.09997
0.613125 0.906306
0.630409 0.845883
0.64791 0.895208
0.665609 1.18319
0.683492 0.970608
0.701544 1.12367
0.35789 0.67095
0.358503 0.511964
0.360333 0.386933
0.363364 0.324721
0.367565 0.518118
0.372896 0.430823
0.379311 0.502262
0.386755 0.593015
0.39517 0.655228
0.404495 0.597704
0.414669 0.994828
0.425631 0.430538
0.437323 0.775904
0.449686 0.919763
0.462667 0.758462
0.476216 0.716504
0.490285 0.773779
0.504832 0.419238
0.519815 0.730707
0.535199 1.0103
0.550949 0.619788
0.567036 0.755742
0.583431 0.92669
0.600109 0.809083
0.617047 0.928524
0.634225 1.01302
0.651623 1.17376
0.669224 1.12813
0.687013 0.750947
0.704975 1.03621
0.36577 0.503624
0.36637 0.311564
0.368161 0.774995
0.371128 0.511507
0.375242 0.526079
0.380466 0.532374
0.386755 0.784799
0.394058 0.838307
0.40232 0.475277
0.411483 0.683315
0.421489 0.698031
0.432278 0.558813
0.443794 0.617052
0.455982 0.870909
0.468789 0.58903
0.482166 0.586897
0.496067 0.790176
0.510448 0.73047
0.525272 0.535562
0.5405 0.90499
0.5561 0.611491
0.572042 0.68959
0.588298 0.550243
0.604842 0.685957
0.621651 0.875695
0.638705 1.14772
0.655984 1.04459
0.673471 0.783287
0.69115 1.39559
0.709008 1.12577
0.374657 0.792197
0.375242 0.491521
0.376991 0.637313
0.379889 0.598893
0.383909 0.465069
0.389017 0.41262
0.39517 0.460217
0.40232 0.673524
0.410416 0.406422
0.419402 0.487717
0.429223 0.548679
0.439823 0.769586
0.451147 0.671427
0.463141 0.808175
0.475755 1.01755
0.488941 0.55055
0.502655 0.605703
0.516853 0.624569
0.531498 0.451131
0.546553 0.874634
0.561985 0.956069
0.577765 1.04362
0.593864 0.843168
0.610257 0.831285
0.626921 0.834166
0.643835 0.811957
0.66098 1.17646
0.678338 0.662831
0.695894 1.39276
0.713633 0.842896
0.38448 0.801107
0.38505 0.604547
0.386755 0.660018
0.38958 0.375386
0.393501 0.556167
0.398486 0.449286
0.404495 0.531377
0.411483 0.836359
0.419402 0.544377
0.4282 0.603876
0.437824 0.693275
0.44822 0.676305
0.459337 0.644465
0.471123 0.59082
0.483529 0.655452
0.496509 0.642191
0.510019 0.762996
0.524017 0.637151
0.538467 0.890118
0.553333 0.734365
0.568581 0.852009
0.584182 1.00592
0.600109 0.984663
0.616336 0.806466
0.63284 0.772809
0.6496 1.01278
0.666597 0.901171
0.683813 1.24744
0.701232 1.10133
0.718838 1.18014
0.39517 0.577217
0.395724 0.593137
0.397384 0.733042
0.400134 0.473401
0.403952 0.584613
0.40881 0.712061
0.414669 0.523933
0.421489 0.461437
0.429223 0.793354
0.437824 0.657602
0.44724 0.640666
0.457423 0.677183
0.468321 0.590967
0.479886 0.441543
0.492071 0.984558
0.504832 0.571198
0.518125 0.526765
0.53191 0.793101
0.546151 1.04118
0.560813 0.837867
0.575863 0.644119
0.591273 1.13347
0.607013 0.592721
0.623061 0.684898
0.639391 1.10076
0.655984 1.10006
0.672819 1.06252
0.68988 0.761293
0.707149 1.45346
0.724612 0.861947
0.406658 0.41738
0.407197 0.579051
0.40881 0.636823
0.411483 0.623012
0.415198 0.49428
0.419925 0.44335
0.425631 0.676813
0.432278 0.482842
0.439823 0.556655
0.44822 0.682547
0.457423 0.855881
0.467383 0.414116
0.478055 0.395133
0.48939 0.69705
0.501344 0.820614
0.513874 0.985375
0.526939 0.650593
0.5405 0.569919
0.554521 0.685927
0.568967 0.765667
0.583807 1.24579
0.599012 1.11851
0.614554 0.982096
0.630409 1.0323
0.646554 0.704209
0.662968 0.942446
0.67963 1.115
0.696524 1.19735
0.713633 0.730007
0.730941 1.23994
0.418879 0.584406
0.419402 0.532093
0.420968 0.469586
0.423565 0.628931
0.427174 0.541027
0.431771 0.524271
0.437323 0.553757
0.443794 0.856578
0.451147 0.637204
0.459337 0.468699
0.468321 0.556471
0.478055 0.642442
0.488493 0.785251
0.499591 1.13083
0.511307 0.695516
0.523599 0.504244
0.536427 0.836898
0.549754 0.568936
0.563544 0.63852
0.577765 0.754457
0.592384 0.738349
0.607375 0.747491
0.622708 0.723743
0.638361 1.06281
0.65431 1.30899
0.670534 0.848293
0.687013 1.44404
0.703729 1.30722
0.720667 1.49581
0.73781 1.36478
0.431771 0.867469
0.432278 0.704677
0.433798 0.415183
0.436318 0.836565
0.439823 0.661923
0.444288 0.419962
0.449686 0.833706
0.455982 0.756566
0.463141 1.00729
0.471123 0.600979
0.479886 0.56471
0.48939 0.799362
0.499591 0.877614
0.510448 0.485357
0.521921 0.891123
0.533968 0.720232
0.546553 0.559507
0.559639 1.01132
0.573191 0.894268
0.587178 0.935669
0.601569 0.960294
0.616336 0.845823
0.631452 1.10227
0.646894 0.866388
0.662637 0.785564
0.678662 0.975629
0.694948 1.20586
0.711478 1.01196
0.728235 0.963517
0.745204 1.3147
0.445275 0.811309
0.445767 0.679716
0.44724 0.702176
0.449686 0.349106
0.453087 0.593285
0.457423 0.71667
0.462667 0.557073
0.468789 0.718206
0.475755 0.709798
0.483529 0.566651
0.492071 0.59854
0.501344 0.690016
0.511307 0.755786
0.521921 0.633845
0.533146 0.493684
0.544945 0.74056
0.557282 0.918269
0.570122 0.743316
0.583431 0.900119
0.597178 1.11951
0.611334 0.967368
0.62587 0.833495
0.640762 0.645889
0.655984 0.981619
0.671514 1.10724
0.687332 0.935194
0.703417 1.33892
0.719753 0.840284
0.736322 1.21612
0.753109 1.68052
0.459337 0.545112
0.459814 0.481871
0.461243 0.727728
0.463614 0.487969
0.466914 0.954113
0.471123 0.620793
0.476216 0.637132
0.482166 0.489902
0.488941 0.743146
0.496509 0.631622
0.504832 0.698601
0.513874 0.696
0.523599 0.689433
0.533968 0.645582
0.544945 0.428966
0.556495 0.747888
0.568581 0.914473
0.581171 0.819844
0.594233 0.687478
0.607736 0.944724
0.621651 1.19759
0.635952 1.51597
0.650612 1.20138
0.665609 1.16027
0.68092 0.692622
0.696524 1.24728
0.712402 1.51226
0.728536 0.977693
0.74491 1.0023
0.761508 1.26556
0.473908 0.757294
0.47437 0.821703
0.475755 0.850164
0.478055 0.589193
0.481255 0.391197
0.48534 0.563969
0.490285 0.750785
0.496067 0.740448
0.502655 0.801493
0.510019 0.524641
0.518125 0.803456
0.526939 0.78509
0.536427 0.843548
0.546553 0.693471
0.557282 0.999013
0.568581 0.81054
0.580416 0.875583
0.592755 1.00212
0.605566 1.54272
0.618822 0.877887
0.632493 1.00567
0.646554 1.18173
0.66098 0.759933
0.675747 1.23884
0.690833 1.05629
0.706218 1.17782
0.721883 1.07012
0.73781 1.15136
0.753982 1.32457
0.770384 1.16232
0.488941 0.54938
0.48939 0.496268
0.490732 0.619522
0.492962 0.672716
0.496067 0.566465
0.50003 0.816771
0.504832 0.644238
0.510448 1.06538
0.516853 0.611642
0.524017 0.684608
0.53191 0.844227
0.5405 0.835851
0.549754 0.946374
0.559639 0.782569
0.570122 0.969751
0.581171 0.835018
0.592755 1.01155
0.604842 0.531254
0.617403 0.846784
0.630409 0.85804
0.643835 0.826263
0.657653 0.89812
0.671841 0.870214
0.686374 0.933951
0.701232 1.51299
0.716393 1.03688
0.731841 1.05544
0.747555 0.99829
0.763521 1.5843
0.779723 1.01746
0.504397 0.965641
0.504832 0.683002
0.506133 0.632258
0.508295 0.50277
0.511307 0.75472
0.515153 0.760518
0.519815 0.740522
0.525272 0.870114
0.531498 0.917103
0.538467 0.823387
0.546151 0.828406
0.554521 0.826104
0.563544 0.662931
0.573191 0.816304
0.583431 0.708708
0.594233 0.686069
0.605566 0.987164
0.617403 0.604625
0.629713 1.18176
0.642471 1.2092
0.655649 0.803912
0.669224 1.01336
0.683171 1.26776
0.697468 1.27301
0.712094 0.779001
0.72703 0.941403
0.742256 1.23815
0.757754 1.19668
0.77351 1.22267
0.789506 1.08455
0.520237 0.835163
0.520658 0.832392
0.521921 0.671117
0.524017 0.711798
0.526939 0.921331
0.530672 0.689743
0.535199 0.829782
0.5405 0.52608
0.546553 0.678553
0.553333 0.850206
0.560813 0.595525
0.568967 1.06009
0.577765 0.720246
0.587178 1.39679
0.597178 0.964599
0.607736 1.09318
0.618822 1.05408
0.630409 0.809222
0.642471 0.687226
0.65498 0.888844
0.667912 1.00213
0.681242 1.14835
0.694948 1.17864
0.709008 1.09923
0.723401 1.31583
0.738107 1.17015
0.753109 1.16106
0.768389 1.28838
0.783931 1.09079
0.799719 0.976742
0.536427 0.948488
0.536836 0.614012
0.53806 0.790417
0.540094 0.732077
0.542929 0.74493
0.546553 0.770158
0.550949 0.901788
0.5561 0.92421
0.561985 0.629562
0.568581 0.842978
0.575863 0.718319
0.583807 0.698593
0.592384 0.742784
0.601569 0.717693
0.611334 0.86083
0.621651 0.674714
0.632493 0.997313
0.643835 1.08868
0.655649 1.12792
0.667912 0.692904
0.680598 0.748252
0.693684 1.1586
0.707149 1.10648
0.720971 1.02216
0.73513 1.39373
0.749606 1.32799
0.764382 1.54274
0.779441 1.72085
0.794767 0.840613
0.810344 1.44874
0.552936 0.849689
0.553333 0.694435
0.554521 0.677619
0.556495 0.695177
0.559247 0.754653
0.562765 0.920834
0.567036 1.22951
0.572042 0.681579
0.577765 0.900432
0.584182 1.02657
0.591273 0.926932
0.599012 1.35764
0.607375 0.845743
0.616336 1.05134
0.62587 1.03025
0.635952 0.936703
0.646554 1.28397
0.657653 0.911355
0.669224 1.07758
0.681242 1.03824
0.693684 1.11366
0.706529 1.08784
0.719753 0.932209
0.733337 1.18698
0.747262 1.21699
0.761508 1.30369
0.776057 1.10671
0.790894 1.25326
0.806002 1.62214
0.821366 1.37046
0.569737 0.680037
0.570122 0.977807
0.571275 0.727445
0.573191 0.807632
0.575863 0.676089
0.579281 0.65057
0.583431 0.796317
0.588298 0.88635
0.593864 0.867896
0.600109 0.689454
0.607013 0.87951
0.614554 0.648158
0.622708 1.21067
0.631452 0.829434
0.640762 0.945336
0.650612 1.22951
0.66098 0.929143
0.671841 0.721548
0.683171 1.11833
0.694948 1.2266
0.707149 1.10293
0.719753 0.979042
0.732739 1.27563
0.746087 0.883445
0.759778 0.816929
0.773793 1.32251
0.788116 1.0449
0.80273 1.25287
0.817619 1.193
0.832769 1.58276
0.586805 1.02513
0.587178 0.991503
0.588298 0.719075
0.590159 0.580779
0.592755 0.676626
0.596075 0.952403
0.600109 0.757348
0.604842 0.995088
0.610257 0.797984
0.616336 0.885579
0.623061 0.950322
0.630409 1.00295
0.638361 0.844338
0.646894 0.811353
0.655984 0.908375
0.665609 1.24525
0.675747 0.857907
0.686374 1.80436
0.697468 1.02461
0.709008 0.774691
0.720971 1.64798
0.733337 1.43487
0.746087 2.09114
0.7592 1.17782
0.772659 1.10503
0.786445 1.33383
0.800541 0.894602
0.814932 1.26213
0.829603 1.54602
0.844537 1.24966
0.604116 0.727276
0.604479 0.927512
0.605566 0.895274
0.607375 0.579188
0.609897 1.24073
0.613125 1.13503
0.617047 1.41439
0.621651 0.894794
0.626921 1.07221
0.63284 0.676394
0.639391 1.39511
0.646554 0.654035
0.65431 1.04037
0.662637 1.20233
0.671514 0.870695
0.68092 0.544214
0.690833 0.999294
0.701232 0.594576
0.712094 1.03287
0.723401 0.900129
0.73513 1.33681
0.747262 1.2759
0.759778 1.06006
0.772659 1.04939
0.785887 1.17266
0.799445 1.00566
0.813316 1.06561
0.827485 1.22689
0.841936 1.31176
0.856656 0.750819
0.621651 1.00272
0.622004 0.679142
0.623061 0.6462
0.624818 0.814227
0.62727 1.00164
0.630409 0.782724
0.634225 1.1577
0.638705 0.885799
0.643835 1.61927
0.6496 1.00572
0.655984 1.03683
0.662968 1.08525
0.670534 1.63589
0.678662 1.22119
0.687332 1.23941
0.696524 1.0106
0.706218 1.65083
0.716393 1.52831
0.72703 1.44183
0.738107 1.28882
0.749606 0.721222
0.761508 1.08168
0.773793 1.28493
0.786445 1.12361
0.799445 1.34884
0.812776 1.06025
0.826424 1.45215
0.840372 0.842116
0.854606 1.2529
0.869111 1.99038
0.639391 0.822905
0.639734 0.938346
0.640762 1.35343
0.642471 1.01528
0.644856 0.866687
0.64791 1.13842
0.651623 1.00984
0.655984 0.862045
0.66098 0.682003
0.666597 1.06145
0.672819 1.26429
0.67963 1.02572
0.687013 1.11451
0.694948 1.03135
0.703417 1.05445
0.712402 1.02981
0.721883 1.00482
0.731841 1.17686
0.742256 1.18264
0.753109 1.23362
0.764382 1.1354
0.776057 1.02899
0.788116 1.20547
0.800541 1.2971
0.813316 0.874195
0.826424 1.29998
0.83985 1.34319
0.853578 1.13668
0.867595 1.10896
0.881887 0.76137
0.65732 0.970722
0.657653 0.965032
0.658653 1.16057
0.660316 0.717315
0.662637 1.31289
0.665609 1.10332
0.669224 1.17081
0.673471 1.39169
0.678338 1.10429
0.683813 1.12952
0.68988 0.824993
0.696524 1.24315
0.703729 1.00925
0.711478 1.37249
0.719753 1.58374
0.728536 1.44673
0.73781 0.654858
0.747555 0.970364
0.757754 1.56055
0.768389 1.32837
0.779441 1.11683
0.790894 0.907377
0.80273 1.22076
0.814932 0.958235
0.827485 2.08171
0.840372 1.1168
0.853578 1.01478
0.86709 1.42442
0.880892 1.6201
0.894971 2.03732
0.675422 1.03904
0.675747 1.44227
0.67672 1.16918
0.678338 1.00469
0.680598 0.854881
0.683492 1.16878
0.687013 1.01213
0.69115 0.888404
0.695894 1.2431
0.701232 1.00232
0.707149 0.859
0.713633 0.957365
0.720667 0.992158
0.728235 0.986085
0.736322 1.00321
0.74491 0.98105
0.753982 1.27895
0.763521 1.20875
0.77351 1.56005
0.783931 1.21269
0.794767 0.941414
0.806002 1.3799
0.817619 1.41875
0.829603 1.32904
0.841936 1.14743
0.854606 1.151
0.867595 1.04403
0.880892 1.10435
0.894481 1.02578
0.90835 0.76595
0.693684 1.18575
0.694001 1.0958
0.694948 0.792561
0.696524 0.922425
0.698725 1.55863
0.701544 1.31197
0.704975 1.1273
0.709008 1.13947
0.713633 0.961454
0.718838 1.11094
0.724612 1.71079
0.730941 1.12496
0.73781 1.36092
0.745204 1.65343
0.753109 1.19646
0.761508 1.4045
0.770384 1.54189
0.779723 1.25155
0.789506 1.52383
0.799719 1.45585
0.810344 1.07519
0.821366 1.19887
0.832769 1.35231
0.844537 1.10174
0.856656 1.5528
0.869111 1.15437
0.881887 1.37629
0.894971 1.2004
0.90835 1.13892
0.92201 1.44122
0.356047 0.491848
0.356663 0.434953
0.358503 0.927619
0.361549 0.771095
0.36577 0.708431
0.371128 0.578072
0.377572 0.381305
0.38505 0.92482
0.393501 0.51238
0.402865 0.852618
0.413079 0.590394
0.424083 0.479619
0.435815 0.414978
0.44822 0.47805
0.461243 0.692576
0.474832 0.725604
0.488941 0.690353
0.503527 0.59517
0.518548 0.702963
0.533968 0.488798
0.549754 0.827025
0.565874 0.897172
0.582302 0.78324
0.599012 0.72849
0.61598 0.887948
0.633187 1.04045
0.650612 0.822501
0.66824 1.0632
0.686054 1.20921
0.704041 1.11489
0.356663 0.40284
0.357277 0.436223
0.359114 0.58229
0.362155 0.579228
0.36637 0.900239
0.371718 0.685808
0.378153 0.322717
0.385619 0.335827
0.394058 0.680925
0.403409 1.01986
0.41361 0.479097
0.4246 0.51091
0.436318 0.609225
0.448709 0.638631
0.461718 0.731942
0.475294 0.478526
0.48939 0.676217
0.503962 0.791101
0.518971 0.555134
0.534379 0.730363
0.550153 0.956865
0.566262 0.829663
0.582679 0.5646
0.599378 0.807212
0.616336 1.03036
0.633533 1.09707
0.650949 0.98753
0.668568 1.25161
0.686374 0.753175
0.704352 0.812878
0.358503 0.616583
0.359114 0.366171
0.360942 0.980798
0.363967 0.625994
0.368161 0.48593
0.373484 0.449628
0.379889 0.627489
0.387322 0.565045
0.395724 0.980852
0.405037 0.548628
0.415198 0.446096
0.426146 0.572484
0.437824 0.428499
0.450173 0.571583
0.463141 0.452102
0.476676 0.809773
0.490732 0.744179
0.505266 0.611362
0.520237 0.562595
0.535609 0.59343
0.551347 0.606456
0.567423 0.799551
0.583807 0.711263
0.600474 0.702029
0.617403 0.820226
0.634571 0.913479
0.651959 0.588301
0.669552 1.23548
0.687332 0.678752
0.705286 1.10715
0.361549 0.518118
0.362155 0.401675
0.363967 0.829444
0.366968 0.452415
0.371128 0.4683
0.376409 0.775459
0.382765 0.504526
0.390143 0.709098
0.398486 0.421804
0.407735 0.940376
0.417831 0.304352
0.428712 0.679447
0.440321 0.620677
0.452603 0.452492
0.465503 0.894478
0.478971 0.616216
0.492962 0.601063
0.507432 0.715924
0.522341 1.03701
0.537652 0.574547
0.553333 0.738723
0.569352 1.05487
0.585682 0.581359
0.602298 0.947672
0.619176 1.23057
0.636296 0.930007
0.653639 1.02102
0.671187 1.10459
0.688925 0.895074
0.706839 0.96433
0.36577 0.56361
0.36637 0.605013
0.368161 0.389102
0.371128 0.540457
0.375242 0.673783
0.380466 0.688134
0.386755 0.317471
0.394058 1.01185
0.40232 0.686716
0.411483 0.770077
0.421489 0.738426
0.432278 0.470734
0.443794 0.586761
0.455982 0.355581
0.468789 0.834083
0.482166 0.968349
0.496067 0.672609
0.510448 0.609566
0.525272 0.433936
0.5405 0.579939
0.5561 0.597293
0.572042 0.739035
0.588298 0.845921
0.604842 0.971079
0.621651 1.42293
0.638705 1.03013
0.655984 0.925622
0.673471 1.14944
0.69115 1.1692
0.709008 1.49054
0.371128 0.406338
0.371718 0.457956
0.373484 0.685879
0.376409 0.426728
0.380466 0.525571
0.385619 0.542828
0.391825 0.370488
0.399036 0.65277
0.407197 0.397344
0.416253 0.587612
0.426146 0.74708
0.436821 0.626339
0.44822 0.64458
0.460291 0.846025
0.472981 0.525452
0.486243 0.609305
0.50003 0.902495
0.514301 1.05612
0.529016 0.558946
0.54414 0.819125
0.559639 0.676275
0.575482 1.08281
0.591643 0.821967
0.608096 0.921382
0.624818 0.780539
0.641788 0.970846
0.658986 0.90115
0.676396 0.892337
0.694001 1.10176
0.711786 1.11064
0.377572 0.589386
0.378153 0.432261
0.379889 0.55726
0.382765 0.7449
0.386755 0.763301
0.391825 0.480054
0.397935 0.473887
0.405037 0.655022
0.413079 0.691075
0.422009 0.529038
0.431771 0.519503
0.442309 0.422121
0.453571 0.449547
0.465503 0.796244
0.478055 0.616785
0.491179 0.666305
0.504832 0.622139
0.518971 0.45667
0.533557 0.78
0.548556 0.669178
0.563933 0.756302
0.57966 0.990927
0.595707 0.991312
0.612051 0.731162
0.628667 0.857056
0.645536 0.961197
0.662637 1.43438
0.679953 1.18495
0.697468 0.963351
0.715168 1.22992
0.38505 0.556714
0.385619 0.534965
0.387322 0.753087
0.390143 0.625822
0.394058 0.514019
0.399036 0.624079
0.405037 0.529605
0.412016 0.632548
0.419925 0.525233
0.428712 0.703346
0.438324 0.743101
0.448709 0.833507
0.459814 0.61367
0.471588 0.481581
0.483982 0.58313
0.49695 0.67854
0.510448 0.655716
0.524436 0.559516
0.538874 0.933019
0.553729 0.823137
0.568967 0.696393
0.584558 0.930749
0.600474 0.615239
0.616692 0.795879
0.633187 0.730894
0.649938 1.14605
0.666926 1.19735
0.684133 0.749985
0.701544 0.908861
0.719143 1.01746
0.393501 0.361258
0.394058 0.493468
0.395724 0.62189
0.398486 0.533812
0.40232 0.886905
0.407197 0.536514
0.413079 0.582771
0.419925 0.706666
0.427688 0.720397
0.436318 0.584007
0.445767 0.778829
0.455982 0.655914
0.466914 0.464167
0.478513 0.563108
0.490732 0.617357
0.503527 0.554285
0.516853 1.08278
0.530672 0.818289
0.544945 0.896307
0.559639 0.760326
0.57472 0.83983
0.590159 0.774906
0.605928 0.984012
0.622004 1.08109
0.638361 0.899471
0.65498 1.04412
0.671841 0.89436
0.688925 0.882543
0.706218 1.09421
0.723704 1.23459
0.402865 0.551112
0.403409 0.920879
0.405037 0.463252
0.407735 0.749882
0.411483 0.427463
0.416253 0.586334
0.422009 0.476779
0.428712 0.722401
0.436318 0.465227
0.444782 0.387024
0.454054 0.614189
0.464087 0.589352
0.474832 0.674085
0.486243 0.749431
0.498272 0.433585
0.510878 0.599234
0.524017 0.644145
0.537652 0.871355
0.551745 0.654915
0.566262 0.894214
0.581171 0.922511
0.596443 0.573216
0.612051 0.7095
0.627969 1.08797
0.644175 0.90544
0.660648 1.10423
0.677368 0.779581
0.694316 0.936055
0.711478 1.00203
0.728837 1.10882
0.413079 0.427342
0.41361 0.41061
0.415198 0.788601
0.417831 0.478518
0.421489 0.531274
0.426146 0.51291
0.431771 0.751256
0.438324 0.623335
0.445767 0.511283
0.454054 0.545503
0.463141 0.555747
0.472981 0.556446
0.483529 0.78965
0.494739 0.500941
0.506567 0.786937
0.518971 0.819848
0.53191 0.796244
0.545348 1.01017
0.559247 0.632574
0.573574 0.711064
0.588298 0.885684
0.603389 0.642709
0.618822 0.618356
0.634571 0.843244
0.650612 1.08645
0.666926 1.09499
0.683492 1.07736
0.700293 1.07255
0.717311 0.932716
0.734533 1.24251
0.424083 0.476945
0.4246 0.559153
0.426146 0.438417
0.428712 0.348222
0.432278 0.497243
0.436821 0.5344
0.442309 0.442974
0.448709 0.460271
0.455982 0.596791
0.464087 0.68695
0.472981 0.694128
0.482621 0.544501
0.492962 0.735005
0.503962 0.499279
0.515579 0.817712
0.527771 0.750456
0.5405 0.918701
0.553729 0.814884
0.567423 0.797188
0.581548 0.960077
0.596075 1.10654
0.610975 0.810689
0.626221 0.810816
0.641788 0.712699
0.657653 1.14658
0.673797 1.17217
0.690198 1.03037
0.706839 0.969823
0.723704 0.984297
0.740777 1.23764
0.435815 0.521511
0.436318 0.60865
0.437824 0.660179
0.440321 0.503694
0.443794 0.625368
0.44822 0.566839
0.453571 0.597507
0.459814 0.527577
0.466914 0.676476
0.474832 0.454981
0.483529 0.689493
0.492962 0.922191
0.503091 0.558754
0.513874 0.534494
0.525272 0.640773
0.537244 0.69075
0.549754 0.734219
0.562765 0.952073
0.576244 0.901022
0.590159 0.679288
0.604479 0.627957
0.619176 0.802294
0.634225 1.12041
0.6496 1.02741
0.66528 0.842144
0.681242 1.62249
0.697468 1.29249
0.71394 1.08398
0.730641 0.921222
0.747555 1.23798
0.44822 0.510277
0.448709 1.08782
0.450173 0.406969
0.452603 0.859855
0.455982 0.716039
0.460291 0.572415
0.465503 0.766792
0.471588 0.608421
0.478513 0.635275
0.486243 0.735711
0.494739 0.664594
0.503962 0.874475
0.513874 0.692993
0.524436 0.591641
0.535609 0.645325
0.547355 0.976128
0.559639 0.81253
0.572425 0.658743
0.585682 0.820275
0.599378 0.935892
0.613483 1.11434
0.627969 1.04018
0.642812 0.858741
0.657987 1.52245
0.673471 1.16565
0.689244 1.09782
0.705286 0.749813
0.721579 0.77925
0.738107 1.1715
0.754854 1.26804
0.461243 0.724023
0.461718 0.877078
0.463141 0.659211
0.465503 0.955696
0.468789 0.703333
0.472981 0.738251
0.478055 0.525923
0.483982 0.511166
0.490732 0.605031
0.498272 0.554727
0.506567 0.658811
0.515579 1.05675
0.525272 0.593443
0.535609 0.889359
0.546553 0.933535
0.558069 0.938986
0.570122 0.729521
0.582679 0.904254
0.595707 0.800624
0.609177 0.960004
0.623061 0.835041
0.63733 0.880763
0.651959 1.21447
0.666926 0.846834
0.682207 1.5058
0.697783 1.309
0.713633 1.01256
0.72974 1.46871
0.746087 1.18261
0.762659 1.65942
0.474832 0.762743
0.475294 0.726964
0.476676 0.914774
0.478971 0.649354
0.482166 0.655787
0.486243 0.677416
0.491179 0.395467
0.49695 0.633634
0.503527 0.681367
0.510878 0.754901
0.518971 0.754729
0.527771 0.727207
0.537244 1.27178
0.547355 0.633795
0.558069 0.768523
0.569352 0.738769
0.581171 0.934619
0.593494 1.02417
0.60629 0.995835
0.61953 1.01895
0.633187 1.30868
0.647232 1.41097
0.661643 1.37049
0.676396 1.10413
0.691468 1.17857
0.706839 0.985423
0.72249 0.954556
0.738404 1.1763
0.754564 1.36379
0.770954 1.17937
0.488941 0.772219
0.48939 0.518423
0.490732 0.411814
0.492962 0.441248
0.496067 0.736227
0.50003 0.630228
0.504832 0.76902
0.510448 0.94342
0.516853 0.72613
0.524017 0.749229
0.53191 0.608808
0.5405 0.539164
0.549754 0.764769
0.559639 0.750829
0.570122 1.10475
0.581171 0.691289
0.592755 0.788546
0.604842 1.00687
0.617403 0.813412
0.630409 1.03046
0.643835 1.28855
0.657653 0.896053
0.671841 1.03531
0.686374 1.22394
0.701232 1.36851
0.716393 1.29622
0.731841 1.12883
0.747555 1.14471
0.763521 1.68036
0.779723 1.16593
0.503527 0.685214
0.503962 0.613132
0.505266 0.713021
0.507432 0.720047
0.510448 1.08611
0.514301 0.668045
0.518971 0.774527
0.524436 0.83557
0.530672 0.681223
0.537652 1.05212
0.545348 0.361435
0.553729 0.585655
0.562765 0.780775
0.572425 0.997946
0.582679 0.697925
0.593494 1.14572
0.604842 0.819216
0.616692 0.712596
0.629016 0.770027
0.641788 0.761667
0.65498 1.52087
0.668568 1.19012
0.682529 1.14091
0.696839 0.964803
0.711478 0.958424
0.726426 0.871447
0.741664 1.25189
0.757175 0.86794
0.772942 1.91464
0.788951 1.27545
0.518548 0.6324
0.518971 0.785059
0.520237 0.940583
0.522341 0.567909
0.525272 0.72181
0.529016 0.845851
0.533557 0.651774
0.538874 0.941732
0.544945 0.670387
0.551745 0.824097
0.559247 0.964851
0.567423 0.869932
0.576244 0.653221
0.585682 0.82972
0.595707 0.717505
0.60629 0.841788
0.617403 0.80304
0.629016 0.850198
0.641104 1.16451
0.653639 0.72005
0.666597 1.05488
0.679953 1.64379
0.693684 0.941465
0.707769 1.26286
0.722187 1.40144
0.736918 1.31184
0.751943 1.10507
0.767246 1.21491
0.782811 1.16503
0.798621 1.10706
0.533968 0.484943
0.534379 0.491549
0.535609 0.770251
0.537652 0.556351
0.5405 0.734332
0.54414 0.736617
0.548556 0.572734
0.553729 0.778052
0.559639 0.759607
0.566262 0.786504
0.573574 0.652792
0.581548 0.505089
0.590159 0.547753
0.599378 0.937609
0.609177 0.907655
0.61953 0.962945
0.630409 1.37501
0.641788 0.994139
0.653639 0.898648
0.665939 1.31848
0.678662 1.29314
0.691785 0.988526
0.705286 1.28334
0.719143 1.29453
0.733337 1.18315
0.747849 0.975965
0.762659 1.1081
0.777751 1.33005
0.79311 1.2831
0.808719 1.32811
0.549754 0.99304
0.550153 0.52819
0.551347 0.681705
0.553333 0.911841
0.5561 0.60073
0.559639 0.756422
0.563933 1.01346
0.568967 0.480164
0.57472 0.778391
0.581171 0.930205
0.588298 1.03031
0.596075 0.775846
0.604479 0.727144
0.613483 0.866218
0.623061 0.79612
0.633187 1.12095
0.643835 0.866338
0.65498 0.830736
0.666597 1.13508
0.678662 0.865108
0.69115 1.17229
0.704041 0.947552
0.717311 1.28699
0.730941 0.999835
0.74491 1.52858
0.7592 1.13307
0.773793 1.26862
0.788673 1.19765
0.803822 1.50095
0.819227 1.01333
0.565874 0.790044
0.566262 0.787892
0.567423 0.703848
0.569352 0.771138
0.572042 1.01491
0.575482 0.954547
0.57966 0.854357
0.584558 0.758001
0.590159 0.809661
0.596443 1.05533
0.603389 1.16821
0.610975 0.966108
0.619176 0.727886
0.627969 0.761309
0.63733 0.709331
0.647232 1.10968
0.657653 1.10235
0.668568 1.32941
0.679953 0.881046
0.691785 1.12398
0.704041 1.15691
0.716699 1.34429
0.72974 1.15725
0.743141 0.914309
0.756886 1.09969
0.770954 0.90492
0.785328 1.52024
0.799993 1.04604
0.814932 1.04068
0.830131 1.33505
0.582302 0.724289
0.582679 0.768548
0.583807 0.740536
0.585682 0.618638
0.588298 0.740895
0.591643 0.819288
0.595707 0.932573
0.600474 0.849996
0.605928 0.47906
0.612051 1.04456
0.618822 0.629523
0.626221 1.18102
0.634225 0.966816
0.642812 1.22672
0.651959 1.06661
0.661643 1.02542
0.671841 0.980361
0.682529 0.949404
0.693684 0.870915
0.705286 0.836297
0.717311 1.13111
0.72974 0.969722
0.742551 0.917112
0.755726 1.18251
0.769245 1.47914
0.783091 1.13015
0.797247 0.889921
0.811696 1.02371
0.826424 1.22247
0.841415 1.27088
0.599012 0.868901
0.599378 0.951168
0.600474 0.79754
0.602298 0.625644
0.604842 0.861645
0.608096 0.776649
0.612051 0.954689
0.616692 0.792397
0.622004 0.854764
0.627969 0.783263
0.634571 0.779117
0.641788 0.747957
0.6496 0.776315
0.657987 1.15744
0.666926 1.01721
0.676396 1.089
0.686374 1.09336
0.696839 0.850883
0.707769 0.870958
0.719143 1.20652
0.730941 1.45949
0.743141 1.30514
0.755726 1.4218
0.768674 1.25606
0.78197 1.2527
0.795595 1.35298
0.809532 1.33549
0.823766 0.956942
0.838281 1.03298
0.853064 1.51276
0.61598 0.667658
0.616336 0.588594
0.617403 0.987832
0.619176 0.841084
0.621651 0.664708
0.624818 0.848603
0.628667 0.876623
0.633187 1.22037
0.638361 0.779802
0.644175 0.97524
0.650612 0.898387
0.657653 0.781166
0.66528 1.36994
0.673471 1.39902
0.682207 1.07445
0.691468 1.51729
0.701232 1.22716
0.711478 1.29823
0.722187 0.974899
0.733337 1.29294
0.74491 1.09899
0.756886 1.41722
0.769245 1.34921
0.78197 1.65305
0.795043 1.14575
0.808447 1.02934
0.822167 0.983139
0.836186 1.32608
0.850489 0.90271
0.865064 1.2852
0.633187 0.994498
0.633533 0.887643
0.634571 0.949806
0.636296 0.919464
0.638705 1.026
0.641788 0.80297
0.645536 1.03538
0.649938 0.840355
0.65498 0.879231
0.660648 0.862101
0.666926 1.31263
0.673797 1.06301
0.681242 1.08086
0.689244 1.11713
0.697783 0.916887
0.706839 1.18938
0.716393 1.15281
0.726426 1.24488
0.736918 1.13958
0.747849 1.32269
0.7592 1.09312
0.770954 1.65914
0.783091 1.24215
0.795595 1.34878
0.808447 1.08852
0.821633 1.44291
0.835136 1.53004
0.848941 0.907007
0.863033 1.29169
0.877399 1.03552
0.650612 0.946679
0.650949 1.0234
0.651959 0.804895
0.653639 0.884428
0.655984 1.19394
0.658986 0.657909
0.662637 0.770234
0.666926 1.10905
0.671841 1.32323
0.677368 0.921917
0.683492 1.24401
0.690198 1.31718
0.697468 1.22822
0.705286 0.966906
0.713633 0.917091
0.72249 1.07286
0.731841 1.28166
0.741664 1.37526
0.751943 0.73332
0.762659 1.26238
0.773793 1.29884
0.785328 1.2419
0.797247 0.943311
0.809532 1.18104
0.822167 1.02703
0.835136 1.71945
0.848424 1.33837
0.862016 1.21995
0.875898 0.83082
0.890056 0.907815
0.66824 0.991332
0.668568 0.68074
0.669552 1.00115
0.671187 1.25605
0.673471 1.12975
0.676396 0.886665
0.679953 1.03096
0.684133 0.741437
0.688925 1.15586
0.694316 1.29643
0.700293 1.55197
0.706839 1.18281
0.71394 1.23841
0.721579 0.966123
0.72974 1.00581
0.738404 1.2419
0.747555 0.819078
0.757175 1.03309
0.767246 0.687292
0.777751 1.07109
0.788673 1.35414
0.799993 1.12006
0.811696 1.24371
0.823766 1.18596
0.836186 1.36987
0.848941 1.069
0.862016 1.18829
0.875397 1.27065
0.88907 1.60209
0.903022 1.06659
0.686054 1.27412
0.686374 0.735242
0.687332 0.813079
0.688925 0.999219
0.69115 1.02555
0.694001 1.29849
0.697468 1.14115
0.701544 1.14218
0.706218 1.35473
0.711478 1.11314
0.717311 1.11131
0.723704 1.05509
0.730641 1.12051
0.738107 1.06665
0.746087 1.18715
0.754564 1.24715
0.763521 1.48577
0.772942 0.914127
0.782811 1.46238
0.79311 1.07743
0.803822 1.09372
0.814932 1.47209
0.826424 0.849066
0.838281 1.12151
0.850489 1.59372
0.863033 1.3506
0.875898 1.30287
0.88907 0.873922
0.902536 1.01716
0.916283 1.18637
0.704041 1.12127
0.704352 1.33747
0.705286 1.31251
0.706839 1.47198
0.709008 0.951124
0.711786 0.913179
0.715168 0.765094
0.719143 1.36667
0.723704 1.18504
0.728837 1.18296
0.734533 1.20408
0.740777 1.09962
0.747555 1.31204
0.754854 1.50432
0.762659 1.25009
0.770954 1.00221
0.779723 0.678355
0.788951 1.0456
0.798621 0.853799
0.808719 1.50074
0.819227 1.28156
0.830131 1.52779
0.841415 1.41079
0.853064 1.52908
0.865064 1.96794
0.877399 0.987375
0.890056 0.883979
0.903022 0.765967
0.916283 1.36323
0.929827 1.59281
0.376991 0.45712
0.377572 0.577707
0.379311 1.1256
0.382191 0.506013
0.386187 0.554895
0.391265 1.04808
0.397384 1.19683
0.404495 0.556298
0.412548 0.627802
0.421489 0.851
0.431262 0.792524
0.441813 0.472893
0.453087 0.495022
0.465031 0.710148
0.477596 0.750503
0.490732 0.77854
0.504397 0.736202
0.518548 0.523399
0.533146 0.954969
0.548156 0.770141
0.563544 0.631249
0.579281 1.06728
0.595339 0.866536
0.611692 0.882212
0.628319 1.03418
0.645196 0.761031
0.662306 1.08428
0.67963 0.909636
0.697154 0.832833
0.714861 1.17963
0.377572 0.465081
0.378153 0.445388
0.379889 0.341779
0.382765 0.663386
0.386755 0.664704
0.391825 0.630616
0.397935 0.590166
0.405037 0.578896
0.413079 0.614768
0.422009 0.587545
0.431771 0.853111
0.442309 0.590875
0.453571 0.835551
0.465503 0.500737
0.478055 0.673804
0.491179 0.783343
0.504832 0.686884
0.518971 0.900285
0.533557 0.505385
0.548556 0.592552
0.563933 0.643732
0.57966 0.83365
0.595707 0.992715
0.612051 0.958165
0.628667 1.40662
0.645536 0.967467
0.662637 0.917166
0.679953 0.951968
0.697468 1.51683
0.715168 0.968983
0.379311 0.707735
0.379889 0.92977
0.381617 0.787372
0.38448 0.532706
0.388452 0.499026
0.393501 0.683868
0.399585 0.471875
0.406658 0.413901
0.414669 0.406872
0.423565 0.476757
0.433292 0.560351
0.443794 0.398828
0.455019 0.858955
0.466914 0.531819
0.479429 0.647955
0.492517 0.470731
0.506133 0.746277
0.520237 0.618913
0.534789 0.968312
0.549754 1.00905
0.565099 0.714803
0.580794 0.717404
0.596811 0.687565
0.613125 0.567697
0.629713 1.0128
0.646554 1.00595
0.663629 1.08856
0.68092 0.949671
0.698411 1.21283
0.716087 1.14402
0.382191 0.563245
0.382765 0.626229
0.38448 0.372543
0.387322 0.437182
0.391265 0.383871
0.396278 0.437608
0.40232 0.681738
0.409346 1.26834
0.417305 0.695995
0.426146 0.468162
0.435815 0.656299
0.446259 0.663839
0.457423 0.608281
0.469257 0.723088
0.481711 0.672467
0.494739 0.685046
0.508295 0.773664
0.522341 0.724872
0.536836 0.93349
0.551745 0.491103
0.567036 0.769372
0.582679 0.721881
0.598645 0.720624
0.614911 1.07509
0.631452 0.765688
0.648248 0.835817
0.66528 1.00855
0.682529 1.41646
0.699979 1.05802
0.717617 1.18739
0.386187 0.63632
0.386755 0.421937
0.388452 1.22742
0.391265 0.82344
0.39517 0.668209
0.400134 0.634469
0.406118 0.747505
0.413079 0.843943
0.420968 0.605431
0.429734 0.565396
0.439324 0.633735
0.449686 0.656344
0.460767 0.650469
0.472517 0.745963
0.484888 0.789601
0.497832 0.728666
0.511307 0.552548
0.525272 0.532856
0.539688 0.93796
0.554521 0.89126
0.569737 0.873844
0.585308 0.726519
0.601204 0.907861
0.617403 0.783052
0.633879 0.856631
0.650612 1.10908
0.667583 0.846616
0.684774 1.28137
0.702169 1.0422
0.719753 1.17922
0.391265 0.462852
0.391825 0.64252
0.393501 0.401471
0.396278 0.380379
0.400134 0.516758
0.405037 0.66915
0.41095 0.635045
0.417831 0.698461
0.425631 0.767133
0.434303 0.401492
0.443794 0.536602
0.454054 1.11027
0.465031 0.49512
0.476676 1.0568
0.488941 0.728902
0.501781 0.964853
0.515153 0.674103
0.529016 0.776677
0.543333 1.00048
0.558069 0.577376
0.573191 0.927621
0.58867 0.605313
0.604479 0.584436
0.620592 0.977976
0.636985 1.07304
0.653639 0.867303
0.670534 0.858103
0.687651 1.0034
0.704975 1.15606
0.72249 1.4227
0.397384 0.408245
0.397935 0.402016
0.399585 0.415015
0.40232 0.444297
0.406118 0.771587
0.41095 0.512366
0.416779 0.532863
0.423565 0.851676
0.431262 0.484702
0.439823 0.6475
0.449198 0.681087
0.459337 0.720581
0.470191 0.551331
0.481711 0.747358
0.493851 0.979681
0.506567 0.482382
0.519815 0.710427
0.533557 0.722237
0.547755 0.680662
0.562375 0.654841
0.577385 0.677208
0.592755 0.60381
0.608457 1.11234
0.624467 1.06586
0.640762 1.22728
0.65732 1.23181
0.674122 0.947707
0.69115 0.74789
0.708389 1.3288
0.725822 1.13492
0.404495 0.862615
0.405037 0.607374
0.406658 0.516254
0.409346 0.636492
0.413079 0.454716
0.417831 0.594462
0.423565 0.807681
0.430244 0.618489
0.437824 0.709755
0.446259 0.6188
0.455501 0.556156
0.465503 0.605626
0.476216 0.745731
0.487594 0.667872
0.499591 0.58049
0.512164 0.607199
0.525272 0.583121
0.538874 0.750119
0.552936 0.998133
0.567423 0.644388
0.582302 0.616695
0.597545 0.904043
0.613125 1.15452
0.629016 1.1608
0.645196 0.856009
0.661643 0.93267
0.678338 0.944806
0.695263 1.17289
0.712402 0.885696
0.72974 0.837521
0.412548 0.432565
0.413079 0.69956
0.414669 0.584133
0.417305 0.473794
0.420968 0.495499
0.425631 0.601393
0.431262 0.78098
0.437824 0.779992
0.445275 0.515007
0.453571 0.605889
0.462667 0.723475
0.472517 0.507909
0.483075 0.673972
0.494295 0.677608
0.506133 0.65211
0.518548 1.22061
0.531498 0.679806
0.544945 0.559126
0.558854 0.772751
0.573191 1.18039
0.587925 0.630953
0.603026 0.694713
0.618467 0.961007
0.634225 1.07044
0.650275 1.05193
0.666597 0.982596
0.683171 1.08337
0.699979 1.44449
0.717005 1.15
0.734234 1.07008
0.421489 0.518435
0.422009 0.571266
0.423565 0.471514
0.426146 0.710568
0.429734 0.461542
0.434303 0.620006
0.439823 0.674321
0.446259 0.784483
0.453571 0.586139
0.461718 0.750586
0.470657 0.652586
0.480343 0.496266
0.490732 0.724392
0.501781 0.681136
0.513447 0.587984
0.525689 0.549461
0.538467 0.733361
0.551745 0.829646
0.565487 0.851045
0.57966 0.686087
0.594233 0.846405
0.609177 0.619648
0.624467 0.833887
0.640077 1.14574
0.655984 1.17217
0.672167 0.993785
0.688607 1.31137
0.705286 1.10123
0.722187 1.40754
0.739295 1.30209
0.431262 0.465244
0.431771 0.548914
0.433292 0.717419
0.435815 0.339829
0.439324 0.730035
0.443794 0.812999
0.449198 0.320531
0.455501 0.733221
0.462667 0.704332
0.470657 1.00832
0.479429 0.635637
0.488941 0.751733
0.499152 0.725506
0.510019 0.848303
0.5215 1.12654
0.533557 0.549471
0.546151 0.617445
0.559247 0.718196
0.572808 1.13921
0.586805 0.703754
0.601204 0.694556
0.61598 0.768328
0.631105 0.943493
0.646554 0.784551
0.662306 1.31993
0.678338 0.933239
0.694632 1.32308
0.71117 1.23693
0.727934 1.40626
0.74491 1.24192
0.441813 0.977467
0.442309 0.507701
0.443794 0.745797
0.446259 0.582285
0.449686 0.653866
0.454054 0.480255
0.459337 0.725928
0.465503 0.656697
0.472517 0.614422
0.480343 0.910445
0.488941 0.644658
0.498272 0.508783
0.508295 0.812875
0.518971 0.69389
0.530258 0.802118
0.542121 0.86085
0.554521 0.768824
0.567423 0.788632
0.580794 0.84366
0.594602 0.756148
0.608817 0.949776
0.623412 1.05101
0.638361 0.680283
0.653639 1.05474
0.669224 1.24787
0.685095 0.911843
0.701232 0.790203
0.717617 1.15753
0.734234 1.24358
0.751068 1.43813
0.453087 0.560061
0.453571 0.606174
0.455019 0.951994
0.457423 0.99142
0.460767 0.587172
0.465031 0.486304
0.470191 0.390342
0.476216 0.799039
0.483075 0.808647
0.490732 0.568231
0.499152 0.612578
0.508295 0.560106
0.518125 0.639702
0.528601 0.75453
0.539688 0.708862
0.551347 1.15776
0.563544 0.730247
0.576244 0.929143
0.589415 0.849177
0.603026 0.780477
0.617047 1.17273
0.631452 0.820585
0.646215 0.871633
0.661312 1.14724
0.67672 1.23415
0.692419 0.980013
0.708389 1.67505
0.724612 0.860839
0.741073 0.798521
0.757754 1.0095
0.465031 0.55208
0.465503 0.416853
0.466914 0.586074
0.469257 0.651137
0.472517 0.603394
0.476676 0.549844
0.481711 0.558856
0.487594 0.539662
0.494295 0.625958
0.501781 0.49232
0.510019 0.789017
0.518971 0.480551
0.528601 0.489062
0.538874 0.654726
0.549754 0.780416
0.561204 0.877365
0.573191 0.707295
0.585682 0.681671
0.598645 1.07178
0.612051 1.00045
0.62587 0.797415
0.640077 0.931017
0.654645 1.37699
0.669552 0.880818
0.684774 0.892299
0.700293 1.02117
0.716087 1.34804
0.73214 1.29258
0.748435 1.11761
0.764956 0.664657
0.477596 0.736393
0.478055 0.70608
0.479429 0.671144
0.481711 0.420595
0.484888 0.655087
0.488941 0.71365
0.493851 0.870523
0.499591 0.669039
0.506133 0.758016
0.513447 0.74669
0.5215 0.692087
0.530258 0.513887
0.539688 0.714427
0.549754 0.931577
0.560422 0.670678
0.571659 0.74351
0.583431 0.836568
0.595707 0.803813
0.608457 0.935681
0.621651 0.995828
0.635261 0.905866
0.649262 0.689871
0.663629 1.3639
0.678338 1.19097
0.693368 0.859471
0.708698 1.0418
0.72431 0.933552
0.740184 1.28007
0.756306 0.819975
0.772659 0.845839
0.490732 0.639923
0.491179 0.569345
0.492517 0.493533
0.494739 0.536484
0.497832 0.456643
0.501781 0.637204
0.506567 0.367078
0.512164 0.590068
0.518548 0.704336
0.525689 0.539595
0.533557 0.703729
0.542121 0.624275
0.551347 0.724087
0.561204 0.702317
0.571659 0.737259
0.582679 1.45894
0.594233 0.889632
0.60629 0.785839
0.618822 0.893326
0.6318 0.954529
0.645196 1.19374
0.658986 0.691168
0.673145 1.44437
0.687651 1.09106
0.702481 1.0613
0.717617 1.17533
0.733038 0.91246
0.748728 1.23141
0.764669 1.39202
0.780847 1.17299
0.504397 0.521572
0.504832 0.681567
0.506133 0.547665
0.508295 0.482301
0.511307 0.656194
0.515153 0.664403
0.519815 0.90789
0.525272 0.594015
0.531498 0.643163
0.538467 0.575926
0.546151 0.840225
0.554521 0.750986
0.563544 0.918064
0.573191 0.474789
0.583431 0.830523
0.594233 0.781364
0.605566 0.7516
0.617403 0.807111
0.629713 1.2079
0.642471 0.865291
0.655649 0.844878
0.669224 0.893275
0.683171 0.72877
0.697468 0.865218
0.712094 1.01448
0.72703 1.29469
0.742256 1.08307
0.757754 1.4549
0.77351 1.37106
0.789506 1.08468
0.518548 0.956684
0.518971 0.595941
0.520237 0.551975
0.522341 0.722908
0.525272 0.7403
0.529016 0.717577
0.533557 0.825365
0.538874 0.622338
0.544945 1.09191
0.551745 0.669022
0.559247 0.749306
0.567423 0.624879
0.576244 1.0843
0.585682 0.639481
0.595707 0.976274
0.60629 0.746954
0.617403 0.916795
0.629016 0.900029
0.641104 0.893242
0.653639 0.96986
0.666597 1.05928
0.679953 1.03867
0.693684 0.880577
0.707769 1.00145
0.722187 1.09703
0.736918 1.41736
0.751943 1.13347
0.767246 1.16112
0.782811 1.22011
0.798621 1.35125
0.533146 0.661062
0.533557 0.562326
0.534789 0.502361
0.536836 0.569782
0.539688 0.617772
0.543333 0.852087
0.547755 0.800281
0.552936 0.861558
0.558854 0.743716
0.565487 0.763785
0.572808 0.939395
0.580794 0.786711
0.589415 0.64024
0.598645 0.989709
0.608457 0.682786
0.618822 0.823877
0.629713 0.825007
0.641104 0.79541
0.652968 0.662067
0.66528 0.84954
0.678015 0.884024
0.69115 0.850471
0.704664 0.982852
0.718533 1.31356
0.732739 1.36616
0.747262 1.67786
0.762084 1.33464
0.777187 0.925529
0.792556 1.61678
0.808176 1.16365
0.548156 0.8923
0.548556 0.834771
0.549754 0.791681
0.551745 0.723773
0.554521 0.548193
0.558069 0.887223
0.562375 0.949942
0.567423 0.694656
0.573191 0.710133
0.57966 0.783616
0.586805 1.0158
0.594602 0.816761
0.603026 0.700838
0.612051 0.559765
0.621651 0.925888
0.6318 0.829339
0.642471 1.09683
0.653639 1.00241
0.66528 1.08308
0.677368 1.0307
0.68988 0.857476
0.702794 1.02536
0.716087 1.10697
0.72974 0.909734
0.743731 1.04348
0.758044 1.0363
0.772659 1.25711
0.787559 1.59991
0.80273 1.4998
0.818156 0.904163
0.563544 0.621547
0.563933 0.805651
0.565099 0.857867
0.567036 1.04272
0.569737 1.00548
0.573191 0.826623
0.577385 0.652275
0.582302 0.555671
0.587925 0.523978
0.594233 0.716909
0.601204 0.798065
0.608817 0.796946
0.617047 0.965321
0.62587 0.822713
0.635261 1.33211
0.645196 0.869568
0.655649 1.03557
0.666597 1.06704
0.678015 1.54247
0.68988 1.12081
0.702169 1.1729
0.714861 1.06006
0.727934 0.985494
0.741369 0.849182
0.755145 1.16631
0.769245 1.69883
0.783651 1.32574
0.798346 1.20281
0.813316 1.67759
0.828544 0.97174
0.579281 0.692428
0.57966 0.702262
0.580794 0.835029
0.582679 0.798115
0.585308 0.675632
0.58867 0.897929
0.592755 1.01613
0.597545 0.888736
0.603026 0.817093
0.609177 0.912116
0.61598 0.921444
0.623412 0.913234
0.631452 0.723843
0.640077 1.18962
0.649262 0.939905
0.658986 0.777422
0.669224 1.21416
0.679953 1.64475
0.69115 1.32181
0.702794 1.4054
0.714861 0.871793
0.727331 1.12463
0.740184 1.26025
0.7534 1.37322
0.766961 1.14685
0.780847 1.14301
0.795043 1.40868
0.809532 1.36922
0.824298 0.924799
0.839327 0.888285
0.595339 0.527818
0.595707 0.687171
0.596811 0.899762
0.598645 1.45677
0.601204 0.553809
0.604479 0.82127
0.608457 0.861803
0.613125 0.807275
0.618467 1.21996
0.624467 0.783232
0.631105 0.912529
0.638361 1.19391
0.646215 1.07579
0.654645 1.40093
0.663629 1.20495
0.673145 0.900184
0.683171 0.897254
0.693684 1.33782
0.704664 0.73225
0.716087 0.976122
0.727934 1.07604
0.740184 1.31228
0.752818 1.26239
0.765816 1.10736
0.77916 1.16324
0.792833 1.13243
0.806818 1.30143
0.821099 1.40129
0.835661 1.15095
0.850489 1.30935
0.611692 1.12529
0.612051 0.763613
0.613125 1.06819
0.614911 0.843193
0.617403 0.778925
0.620592 1.0438
0.624467 1.13822
0.629016 1.11518
0.634225 1.01943
0.640077 0.841206
0.646554 0.839474
0.653639 1.21542
0.661312 1.18208
0.669552 0.839009
0.678338 1.10054
0.687651 1.15758
0.697468 0.889456
0.707769 1.2281
0.718533 1.10841
0.72974 1.28193
0.741369 1.17302
0.7534 1.03198
0.765816 1.00979
0.778597 1.59228
0.791726 1.48431
0.805185 0.887495
0.818959 1.32515
0.833032 1.28101
0.847389 1.09722
0.862016 0.955646
0.628319 0.541823
0.628667 0.574633
0.629713 0.687718
0.631452 0.857985
0.633879 0.929031
0.636985 0.801606
0.640762 0.955925
0.645196 0.905376
0.650275 0.72399
0.655984 0.861975
0.662306 0.847022
0.669224 0.816974
0.67672 1.00835
0.684774 1.0898
0.693368 0.783854
0.702481 1.39981
0.712094 0.903991
0.722187 1.11912
0.732739 0.898635
0.743731 0.97675
0.755145 1.09247
0.766961 0.847271
0.77916 0.997164
0.791726 1.25375
0.80464 1.43861
0.817887 1.26418
0.831451 1.5248
0.845316 1.11246
0.859468 1.34708
0.873892 1.13034
0.645196 1.04055
0.645536 1.04597
0.646554 0.832852
0.648248 1.06746
0.650612 0.808918
0.653639 1.18671
0.65732 1.12203
0.661643 0.84256
0.666597 0.851935
0.672167 1.392
0.678338 1.18375
0.685095 0.964755
0.692419 0.993844
0.700293 1.01476
0.708698 1.17877
0.717617 1.06828
0.72703 1.30908
0.736918 1.15048
0.747262 1.18838
0.758044 1.35196
0.769245 1.06966
0.780847 1.4436
0.792833 1.74319
0.805185 1.40872
0.817887 1.43492
0.830923 0.565219
0.844278 1.04733
0.857935 1.31356
0.871882 0.986959
0.886105 1.30985
0.662306 0.73522
0.662637 0.904641
0.663629 1.22728
0.66528 0.805554
0.667583 1.10924
0.670534 0.963288
0.674122 1.37542
0.678338 1.64391
0.683171 1.0985
0.688607 0.769446
0.694632 1.22716
0.701232 1.2427
0.708389 0.802559
0.716087 0.77967
0.72431 0.988477
0.733038 1.26625
0.742256 1.2395
0.751943 1.17074
0.762084 1.26209
0.772659 1.33406
0.783651 1.51039
0.795043 1.25468
0.806818 1.30543
0.818959 1.08937
0.831451 0.970296
0.844278 1.18374
0.857424 0.731566
0.870876 1.23132
0.884619 0.757344
0.89864 1.24846
0.67963 0.9882
0.679953 0.917159
0.68092 0.880956
0.682529 1.14386
0.684774 1.22196
0.687651 1.12892
0.69115 1.17509
0.695263 0.864121
0.699979 1.23765
0.705286 1.32559
0.71117 1.5601
0.717617 0.855043
0.724612 0.904051
0.73214 1.18787
0.740184 1.27013
0.748728 1.02091
0.757754 1.32728
0.767246 1.61681
0.777187 1.40927
0.787559 1.24463
0.798346 1.53741
0.809532 0.793675
0.821099 1.24248
0.833032 0.948415
0.845316 1.33834
0.857935 1.02269
0.870876 1.06698
0.884123 0.873429
0.897663 1.1615
0.911483 1.27983
0.697154 1.15073
0.697468 1.73751
0.698411 1.21197
0.699979 1.27866
0.702169 1.20728
0.704975 1.04947
0.708389 0.92249
0.712402 1.42037
0.717005 1.09806
0.722187 1.19313
0.727934 1.01302
0.734234 1.15316
0.741073 0.998287
0.748435 1.31622
0.756306 1.02136
0.764669 1.02907
0.77351 1.28966
0.782811 0.981099
0.792556 1.6662
0.80273 1.58698
0.813316 1.0622
0.824298 1.37194
0.835661 1.14594
0.847389 0.86876
0.859468 1.26128
0.871882 1.82425
0.884619 1.13366
0.897663 0.923377
0.911002 0.862419
0.924623 1.09289
0.714861 1.67765
0.715168 0.977272
0.716087 1.22674
0.717617 1.18683
0.719753 1.32454
0.72249 0.959283
0.725822 0.998936
0.72974 1.26313
0.734234 1.26142
0.739295 1.19582
0.74491 1.25754
0.751068 1.19742
0.757754 1.21155
0.764956 1.15457
0.772659 1.37085
0.780847 1.04279
0.789506 1.56959
0.798621 0.950274
0.808176 1.0128
0.818156 1.34532
0.828544 1.46801
0.839327 1.35981
0.850489 1.3534
0.862016 1.54549
0.873892 1.15146
0.886105 0.962454
0.89864 1.34179
0.911483 0.774572
0.924623 0.777935
0.938046 0.957345
0.397935 0.357471
0.398486 0.435758
0.400134 0.588693
0.402865 0.691407
0.406658 1.05115
0.411483 0.7201
0.417305 0.625744
0.424083 0.911153
0.431771 0.630669
0.440321 0.561026
0.449686 0.703514
0.459814 0.949747
0.470657 0.581603
0.482166 0.862502
0.494295 0.738557
0.506999 0.573592
0.520237 0.637503
0.533968 0.400337
0.548156 0.697063
0.562765 0.755743
0.577765 0.717711
0.593124 0.903453
0.608817 1.31023
0.624818 0.742498
0.641104 1.14192
0.657653 0.815644
0.674447 0.800526
0.691468 1.25688
0.708698 1.20426
0.726124 1.27653
0.398486 0.481801
0.399036 0.656406
0.400681 0.392785
0.403409 0.682104
0.407197 0.330878
0.412016 0.571218
0.417831 0.827702
0.4246 0.477928
0.432278 0.382058
0.440819 0.544783
0.450173 0.47052
0.460291 0.705509
0.471123 0.734365
0.482621 0.613463
0.494739 0.607452
0.507432 1.0137
0.520658 0.678631
0.534379 0.804177
0.548556 0.749666
0.563155 1.02679
0.578144 0.676209
0.593494 0.832978
0.609177 1.26145
0.625169 0.826005
0.641446 0.949206
0.657987 1.5635
0.674772 0.62333
0.691785 1.51492
0.709008 0.993775
0.726426 1.00299
0.400134 0.546117
0.400681 0.835858
0.40232 0.90379
0.405037 0.694452
0.40881 0.50247
0.41361 0.527504
0.419402 0.478741
0.426146 0.719951
0.433798 0.936646
0.442309 0.66323
0.451632 0.613811
0.461718 0.5964
0.472517 0.580074
0.483982 0.541969
0.496067 0.747145
0.508727 0.643555
0.521921 0.615772
0.535609 0.642831
0.549754 0.627002
0.564322 0.832966
0.579281 0.643502
0.594602 0.661129
0.610257 0.84724
0.626221 0.92587
0.642471 0.801617
0.658986 0.885833
0.675747 0.989995
0.692735 0.901718
0.709935 1.15407
0.727331 1.21183
0.402865 0.454396
0.403409 0.709191
0.405037 0.482303
0.407735 0.502673
0.411483 0.815336
0.416253 0.626949
0.422009 0.600127
0.428712 0.61436
0.436318 0.878423
0.444782 0.754459
0.454054 0.546821
0.464087 0.789945
0.474832 0.701226
0.486243 0.579199
0.498272 0.807074
0.510878 0.682183
0.524017 0.761521
0.537652 0.695795
0.551745 0.54346
0.566262 0.67381
0.581171 0.882905
0.596443 0.837025
0.612051 0.613945
0.627969 1.08601
0.644175 0.895701
0.660648 0.824542
0.677368 0.882287
0.694316 1.05855
0.711478 0.790089
0.728837 1.33764
0.406658 0.599713
0.407197 0.49952
0.40881 0.478002
0.411483 0.470231
0.415198 0.471337
0.419925 0.622499
0.425631 0.58029
0.432278 0.693085
0.439823 0.471577
0.44822 0.420277
0.457423 0.683008
0.467383 0.691732
0.478055 0.820163
0.48939 0.796372
0.501344 0.928188
0.513874 0.604391
0.526939 0.941646
0.5405 0.774569
0.554521 0.690875
0.568967 0.663877
0.583807 1.02845
0.599012 0.816689
0.614554 0.828062
0.630409 0.964027
0.646554 0.822532
0.662968 1.02279
0.67963 1.05099
0.696524 1.02443
0.713633 1.06747
0.730941 0.803045
0.411483 0.544144
0.412016 0.727598
0.41361 0.348511
0.416253 0.569737
0.419925 1.10157
0.4246 1.18557
0.430244 0.80095
0.436821 0.574784
0.444288 0.638317
0.452603 0.957599
0.461718 0.498462
0.471588 0.385429
0.482166 0.866207
0.493407 0.902181
0.505266 0.470612
0.517701 0.768543
0.530672 0.807433
0.54414 0.596047
0.558069 0.623845
0.572425 0.911303
0.587178 1.10641
0.602298 0.704377
0.617758 0.75605
0.633533 0.734243
0.6496 0.911867
0.665939 1.00457
0.682529 1.42882
0.699352 1.16185
0.716393 1.28553
0.733636 0.892168
0.417305 0.573138
0.417831 0.513563
0.419402 0.831436
0.422009 0.586921
0.425631 0.659991
0.430244 0.602787
0.435815 0.51381
0.442309 0.632656
0.449686 0.589126
0.457902 0.830405
0.466914 0.828714
0.476676 0.954457
0.487144 0.720994
0.498272 0.742908
0.510019 0.682275
0.522341 0.575787
0.535199 0.659912
0.548556 1.17691
0.562375 1.10491
0.576625 1.09147
0.591273 0.803927
0.60629 0.768183
0.621651 0.5555
0.63733 0.838705
0.653304 1.31921
0.669552 1.17154
0.686054 0.691839
0.702794 0.899578
0.719753 1.20566
0.736918 1.54623
0.424083 1.09548
0.4246 0.647774
0.426146 0.572819
0.428712 0.536291
0.432278 0.718097
0.436821 0.665113
0.442309 0.446924
0.448709 0.727638
0.455982 0.669366
0.464087 0.786712
0.472981 0.571054
0.482621 0.47643
0.492962 0.545928
0.503962 0.589226
0.515579 0.684048
0.527771 0.75485
0.5405 0.612132
0.553729 0.625408
0.567423 0.821002
0.581548 0.935508
0.596075 0.959447
0.610975 0.831455
0.626221 0.868464
0.641788 1.20937
0.657653 0.791174
0.673797 1.13542
0.690198 1.16463
0.706839 0.763486
0.723704 1.18467
0.740777 1.26095
0.431771 0.837521
0.432278 0.57974
0.433798 0.447065
0.436318 0.666244
0.439823 0.454667
0.444288 0.620427
0.449686 1.11371
0.455982 0.656024
0.463141 0.562786
0.471123 0.555272
0.479886 0.581701
0.48939 0.956031
0.499591 0.60533
0.510448 0.674421
0.521921 0.871081
0.533968 0.815548
0.546553 0.806528
0.559639 0.936425
0.573191 1.03483
0.587178 0.711988
0.601569 0.981142
0.616336 0.98858
0.631452 0.945569
0.646894 0.754503
0.662637 0.897853
0.678662 0.812692
0.694948 1.40526
0.711478 1.34374
0.728235 0.870187
0.745204 0.762152
0.440321 0.763441
0.440819 0.506997
0.442309 0.368689
0.444782 0.350128
0.44822 0.673786
0.452603 0.574122
0.457902 0.578358
0.464087 0.638658
0.471123 0.695276
0.478971 0.568578
0.487594 0.53923
0.49695 0.854807
0.506999 0.640902
0.517701 0.974596
0.529016 0.601766
0.540906 0.841228
0.553333 0.659366
0.566262 1.00255
0.57966 0.994571
0.593494 0.661064
0.607736 0.602311
0.622356 0.88214
0.63733 0.776605
0.652632 1.12437
0.66824 1.7156
0.684133 1.00693
0.700293 1.41478
0.716699 0.803512
0.733337 1.09289
0.750191 1.39165
0.449686 0.682085
0.450173 0.392011
0.451632 0.65396
0.454054 0.665631
0.457423 0.690329
0.461718 0.425644
0.466914 0.651378
0.472981 0.598219
0.479886 0.726185
0.487594 0.758693
0.496067 0.54847
0.505266 0.617032
0.515153 0.736288
0.525689 0.61181
0.536836 0.615999
0.548556 0.588122
0.560813 0.913756
0.573574 0.863945
0.586805 0.71219
0.600474 1.13003
0.614554 1.13643
0.629016 0.879291
0.643835 0.972017
0.658986 1.24228
0.674447 0.785291
0.690198 0.815858
0.706218 1.00681
0.72249 1.58906
0.738998 1.02575
0.755726 1.37788
0.459814 0.720798
0.460291 0.489945
0.461718 0.368436
0.464087 0.726671
0.467383 0.566545
0.471588 0.6717
0.476676 0.908744
0.482621 0.500056
0.48939 0.545377
0.49695 0.470605
0.505266 0.441817
0.514301 0.685081
0.524017 0.683349
0.534379 0.736965
0.545348 0.675133
0.556889 0.599267
0.568967 0.977566
0.581548 0.688103
0.594602 0.86229
0.608096 0.923859
0.622004 0.654198
0.636296 1.22978
0.650949 0.994072
0.665939 1.42443
0.681242 0.702107
0.696839 0.914736
0.71271 0.948535
0.728837 0.995164
0.745204 0.913423
0.761796 1.39722
0.470657 0.778213
0.471123 0.831223
0.472517 0.740643
0.474832 0.530364
0.478055 0.896305
0.482166 0.684524
0.487144 0.567887
0.492962 0.665929
0.499591 0.64636
0.506999 0.773208
0.515153 0.631715
0.524017 0.877961
0.533557 0.506293
0.543737 0.711032
0.554521 0.652216
0.565874 0.502023
0.577765 0.920388
0.590159 0.765395
0.603026 0.856615
0.616336 0.681754
0.630061 1.41841
0.644175 0.865286
0.658653 1.08215
0.673471 0.807967
0.688607 1.21653
0.704041 1.05762
0.719753 0.83952
0.735726 1.50216
0.751943 1.426
0.768389 1.62816
0.482166 0.615332
0.482621 0.842561
0.483982 0.521737
0.486243 0.701019
0.48939 0.646211
0.493407 0.594195
0.498272 0.542753
0.503962 0.608479
0.510448 0.73004
0.517701 0.875539
0.525689 0.784465
0.534379 0.500436
0.543737 0.750251
0.553729 1.0556
0.564322 0.689994
0.575482 0.622678
0.587178 1.04964
0.599378 1.33874
0.612051 0.677503
0.625169 0.629706
0.638705 0.802042
0.652632 0.948446
0.666926 0.778793
0.681564 1.32127
0.696524 1.47728
0.711786 0.955807
0.727331 1.06991
0.743141 1.55281
0.7592 1.02037
0.775492 1.42705
0.494295 0.613782
0.494739 0.582166
0.496067 1.07435
0.498272 0.459904
0.501344 0.732421
0.505266 0.852012
0.510019 0.367082
0.515579 0.855354
0.521921 1.07142
0.529016 0.580569
0.536836 0.811391
0.545348 0.706787
0.554521 0.767002
0.564322 0.783293
0.57472 1.18508
0.585682 1.11602
0.597178 0.812023
0.609177 1.01549
0.621651 1.04056
0.634571 0.985027
0.64791 1.28024
0.661643 1.14428
0.675747 0.671094
0.690198 1.09723
0.704975 1.9037
0.720058 1.39579
0.735428 1.20547
0.751068 1.26034
0.766961 1.08736
0.783091 1.43451
0.506999 0.807226
0.507432 0.570508
0.508727 0.608537
0.510878 0.583395
0.513874 0.557589
0.517701 0.930189
0.522341 0.7021
0.527771 0.68466
0.533968 0.959664
0.540906 0.657625
0.548556 0.717104
0.556889 0.821305
0.565874 0.643807
0.575482 0.879848
0.585682 0.827195
0.596443 0.751999
0.607736 0.727511
0.61953 0.817486
0.6318 0.740779
0.644516 1.09653
0.657653 1.08666
0.671187 0.944569
0.685095 1.0146
0.699352 1.00834
0.71394 0.887869
0.728837 0.981828
0.744026 1.57359
0.759489 1.27158
0.775209 1.59268
0.791171 1.12695
0.520237 0.454318
0.520658 0.564739
0.521921 0.609129
0.524017 0.946515
0.526939 0.776316
0.530672 0.448355
0.535199 0.475687
0.5405 0.686405
0.546553 0.826499
0.553333 0.999497
0.560813 0.765529
0.568967 0.662864
0.577765 0.726648
0.587178 0.89786
0.597178 0.853193
0.607736 0.746453
0.618822 0.843388
0.630409 0.93576
0.642471 1.02573
0.65498 0.864648
0.667912 1.14972
0.681242 1.05971
0.694948 1.11808
0.709008 1.11853
0.723401 1.42135
0.738107 1.46967
0.753109 1.5209
0.768389 1.48005
0.783931 1.11937
0.799719 1.54994
0.533968 0.743916
0.534379 0.887805
0.535609 0.695432
0.537652 0.870152
0.5405 0.621885
0.54414 0.718438
0.548556 0.689589
0.553729 0.625415
0.559639 0.912858
0.566262 0.828522
0.573574 0.786172
0.581548 0.868879
0.590159 0.956987
0.599378 0.981502
0.609177 0.818785
0.61953 0.980386
0.630409 0.707573
0.641788 0.784524
0.653639 1.13228
0.665939 1.06327
0.678662 1.19545
0.691785 0.721732
0.705286 0.918252
0.719143 1.20435
0.733337 1.62588
0.747849 1.42934
0.762659 1.25872
0.777751 1.04752
0.79311 1.15954
0.808719 1.31072
0.548156 0.532673
0.548556 0.618677
0.549754 0.682324
0.551745 0.997728
0.554521 0.700193
0.558069 0.751436
0.562375 0.968433
0.567423 1.00741
0.573191 0.806725
0.57966 0.666103
0.586805 0.964856
0.594602 0.825626
0.603026 1.03261
0.612051 0.981759
0.621651 1.04104
0.6318 0.969537
0.642471 0.887933
0.653639 1.48362
0.66528 1.05989
0.677368 1.02357
0.68988 0.773792
0.702794 0.737976
0.716087 1.03958
0.72974 1.30277
0.743731 1.04641
0.758044 1.17857
0.772659 0.961407
0.787559 1.28276
0.80273 1.3169
0.818156 1.33993
0.562765 0.644332
0.563155 0.77425
0.564322 0.935055
0.566262 0.639555
0.568967 0.892524
0.572425 0.693947
0.576625 0.654057
0.581548 0.670542
0.587178 0.772873
0.593494 0.653943
0.600474 0.90361
0.608096 1.24867
0.616336 0.617639
0.625169 0.953463
0.634571 1.19971
0.644516 1.82284
0.65498 1.12505
0.665939 1.11166
0.677368 0.833463
0.689244 0.772708
0.701544 1.22498
0.714247 0.791113
0.727331 1.22871
0.740777 1.31118
0.754564 0.613865
0.768674 1.04801
0.783091 1.16194
0.797797 1.70246
0.812776 1.29184
0.828015 1.50513
0.577765 0.628759
0.578144 0.678539
0.579281 0.763381
0.581171 0.795188
0.583807 0.64684
0.587178 0.820735
0.591273 0.884739
0.596075 0.931216
0.601569 0.962154
0.607736 0.725655
0.614554 0.966988
0.622004 0.965186
0.630061 0.877535
0.638705 1.10883
0.64791 0.875179
0.657653 1.0642
0.667912 0.960054
0.678662 1.09031
0.68988 1.10253
0.701544 1.13508
0.713633 1.09339
0.726124 0.862558
0.738998 1.05743
0.752235 1.2204
0.765816 1.28324
0.779723 1.1161
0.793939 0.872951
0.808447 1.2666
0.823233 1.48887
0.838281 1.11673
0.593124 0.894226
0.593494 0.661736
0.594602 0.999198
0.596443 0.877262
0.599012 0.860387
0.602298 0.893982
0.60629 0.578384
0.610975 0.793473
0.616336 0.971946
0.622356 0.972334
0.629016 0.751817
0.636296 1.19904
0.644175 1.26193
0.652632 1.11653
0.661643 0.865024
0.671187 0.83766
0.681242 0.901289
0.691785 1.3118
0.702794 1.00525
0.714247 1.41903
0.726124 0.988132
0.738404 1.3448
0.751068 1.03547
0.764095 0.877836
0.777469 1.12682
0.791171 0.985492
0.805185 0.966614
0.819495 0.998148
0.834085 1.15482
0.848941 1.23198
0.608817 1.06828
0.609177 0.876338
0.610257 0.97314
0.612051 0.900723
0.614554 0.590088
0.617758 0.777471
0.621651 1.00346
0.626221 0.884683
0.631452 0.898714
0.63733 0.69397
0.643835 1.35462
0.650949 0.977147
0.658653 1.22941
0.666926 0.993807
0.675747 0.824322
0.685095 1.0437
0.694948 0.992977
0.705286 1.23717
0.716087 1.2755
0.727331 0.930213
0.738998 1.51977
0.751068 1.13243
0.763521 1.18952
0.77634 0.952219
0.789506 1.65454
0.803003 1.17375
0.816814 0.859041
0.830923 1.2921
0.845316 0.988927
0.859978 1.21233
0.624818 0.496862
0.625169 0.817259
0.626221 1.04275
0.627969 0.901076
0.630409 0.969557
0.633533 0.728668
0.63733 0.991704
0.641788 0.646411
0.646894 0.804515
0.652632 1.17884
0.658986 1.54178
0.665939 1.1489
0.673471 1.02895
0.681564 1.00165
0.690198 0.819566
0.699352 1.30193
0.709008 0.686637
0.719143 1.11735
0.72974 1.25948
0.740777 0.964107
0.752235 0.993312
0.764095 1.34857
0.77634 1.58248
0.788951 0.873399
0.80191 1.15194
0.815201 1.15013
0.828809 0.947005
0.842718 1.60819
0.856912 0.949399
0.871379 1.26251
0.641104 1.23763
0.641446 0.811318
0.642471 1.08105
0.644175 0.936862
0.646554 1.2389
0.6496 0.881485
0.653304 0.969995
0.657653 1.02847
0.662637 1.31153
0.66824 1.09558
0.674447 0.962706
0.681242 1.04067
0.688607 0.939803
0.696524 0.948587
0.704975 0.83408
0.71394 1.14838
0.723401 1.27062
0.733337 1.0658
0.743731 0.981713
0.754564 1.2255
0.765816 1.35169
0.777469 1.19791
0.789506 1.53152
0.80191 0.917716
0.814663 0.772034
0.82775 1.06883
0.841155 0.767811
0.854862 0.964956
0.868858 1.24858
0.88313 0.840286
0.657653 1.10886
0.657987 0.965429
0.658986 1.12586
0.660648 1.0612
0.662968 0.77014
0.665939 1.20927
0.669552 0.730261
0.673797 1.00472
0.678662 1.1076
0.684133 1.10157
0.690198 0.916098
0.696839 1.14508
0.704041 0.852115
0.711786 0.879883
0.720058 1.43242
0.728837 1.10219
0.738107 1.11751
0.747849 1.24666
0.758044 0.984509
0.768674 1.02063
0.779723 1.38313
0.791171 1.12537
0.803003 0.830189
0.815201 0.902301
0.82775 0.828842
0.840633 1.22328
0.853835 1.214
0.867343 1.12284
0.881141 1.21912
0.895216 1.3302
0.674447 0.903237
0.674772 1.05929
0.675747 0.884265
0.677368 0.769455
0.67963 1.08297
0.682529 1.06637
0.686054 1.00678
0.690198 0.970309
0.694948 1.26531
0.700293 0.811846
0.706218 1.17595
0.71271 1.0437
0.719753 1.19408
0.727331 0.863258
0.735428 0.776106
0.744026 1.29855
0.753109 1.45033
0.762659 0.953349
0.772659 1.12598
0.783091 1.48775
0.793939 0.97845
0.805185 0.744414
0.816814 1.17047
0.828809 1.45758
0.841155 1.1934
0.853835 1.04291
0.866837 1.09711
0.880144 1.00336
0.893745 1.0396
0.907625 0.991397
0.691468 0.739257
0.691785 0.960176
0.692735 0.831058
0.694316 1.17051
0.696524 0.631583
0.699352 1.60476
0.702794 0.846631
0.706839 0.933348
0.711478 1.14154
0.716699 0.790367
0.72249 0.771015
0.728837 0.932901
0.735726 0.990176
0.743141 1.19296
0.751068 1.06214
0.759489 0.839639
0.768389 1.26098
0.777751 1.28886
0.787559 1.31288
0.797797 1.12841
0.808447 1.09617
0.819495 1.29352
0.830923 1.17489
0.842718 1.18426
0.854862 1.30985
0.867343 1.0895
0.880144 1.07512
0.893254 1.38121
0.906658 1.34983
0.920343 0.934253
0.708698 1.05573
0.709008 1.14962
0.709935 0.69595
0.711478 1.05415
0.713633 1.03486
0.716393 1.26388
0.719753 1.36933
0.723704 0.918656
0.728235 1.11701
0.733337 1.26108
0.738998 1.27859
0.745204 1.15311
0.751943 1.16855
0.7592 1.26734
0.766961 1.36311
0.775209 1.06033
0.783931 0.930638
0.79311 1.12748
0.80273 0.991181
0.812776 1.31438
0.823233 1.35225
0.834085 0.954646
0.845316 0.845629
0.856912 0.834585
0.868858 1.42803
0.881141 1.58223
0.893745 1.08875
0.906658 1.17346
0.919866 1.02186
0.933358 1.3017
0.726124 1.00006
0.726426 1.25696
0.727331 1.13115
0.728837 1.10961
0.730941 1.06409
0.733636 1.06266
0.736918 0.751566
0.740777 1.26866
0.745204 0.983404
0.750191 0.958713
0.755726 1.36792
0.761796 1.04197
0.768389 1.6166
0.775492 1.13769
0.783091 1.09938
0.791171 1.33218
0.799719 1.19274
0.808719 1.21446
0.818156 1.40468
0.828015 1.08397
0.838281 1.45363
0.848941 0.996979
0.859978 1.22689
0.871379 1.27644
0.88313 0.60449
0.895216 1.55627
0.907625 0.967556
0.920343 1.31076
0.933358 0.843219
0.946657 1.52429
0.418879 0.435655
0.419402 0.583402
0.420968 0.648148
0.423565 0.562478
0.427174 0.633926
0.431771 0.615153
0.437323 0.519211
0.443794 0.56944
0.451147 0.881021
0.459337 0.522266
0.468321 0.889983
0.478055 0.487455
0.488493 0.848969
0.499591 0.474054
0.511307 0.665225
0.523599 0.694003
0.536427 0.709474
0.549754 0.481884
0.563544 1.09572
0.577765 0.611276
0.592384 0.653881
0.607375 0.678355
0.622708 1.18683
0.638361 1.09949
0.65431 1.14652
0.670534 1.20649
0.687013 0.888863
0.703729 1.06265
0.720667 1.1032
0.73781 1.09472
0.419402 0.603089
0.419925 0.49208
0.421489 0.603563
0.424083 0.591323
0.427688 0.416222
0.432278 0.592332
0.437824 0.343142
0.444288 0.741252
0.451632 0.697107
0.459814 0.709825
0.468789 0.950643
0.478513 0.717281
0.488941 0.477484
0.50003 0.907562
0.511736 0.629193
0.524017 0.921123
0.536836 0.660459
0.550153 0.818649
0.563933 1.12702
0.578144 0.775165
0.592755 0.753443
0.607736 0.842463
0.623061 1.11692
0.638705 0.87784
0.654645 1.12483
0.670861 1.1551
0.687332 1.06142
0.704041 1.25955
0.720971 1.2159
0.738107 1.18737
0.420968 0.682211
0.421489 0.769139
0.423047 0.570879
0.425631 0.606403
0.429223 0.462972
0.433798 0.859463
0.439324 0.611589
0.445767 0.59267
0.453087 0.70662
0.461243 0.689624
0.470191 0.556599
0.479886 0.803231
0.490285 0.533851
0.501344 0.883118
0.51302 0.528617
0.525272 0.812405
0.53806 0.686132
0.551347 0.653444
0.565099 0.733191
0.579281 1.0831
0.593864 0.850278
0.608817 1.0346
0.624116 0.77465
0.639734 1.04267
0.655649 1.1857
0.671841 0.962608
0.688288 1.08473
0.704975 1.22884
0.721883 1.41659
0.738998 0.934961
0.423565 0.655676
0.424083 0.410471
0.425631 0.718954
0.4282 0.578809
0.431771 0.466121
0.436318 0.596274
0.441813 0.7847
0.44822 0.678845
0.455501 0.499788
0.463614 0.660282
0.472517 0.566154
0.482166 0.666089
0.492517 0.955942
0.503527 0.745825
0.515153 0.541419
0.527355 0.761341
0.540094 0.749477
0.553333 1.03131
0.567036 0.572321
0.581171 0.449406
0.595707 0.581906
0.610616 0.991237
0.62587 0.945697
0.641446 0.934255
0.65732 0.99896
0.673471 0.671508
0.68988 0.958517
0.706529 1.1626
0.723401 0.982876
0.74048 1.00189
0.427174 0.537471
0.427688 0.688192
0.429223 0.545571
0.431771 0.710352
0.435312 0.651828
0.439823 0.633566
0.445275 0.76806
0.451632 0.533995
0.458859 0.594076
0.466914 0.797412
0.475755 0.715046
0.48534 0.881669
0.495624 0.744356
0.506567 0.829599
0.518125 1.17945
0.530258 0.61032
0.542929 0.685685
0.5561 0.613323
0.569737 0.9517
0.583807 1.06705
0.598279 1.08318
0.613125 0.892734
0.628319 0.905241
0.643835 0.940167
0.659651 0.850382
0.675747 0.754979
0.692102 1.16773
0.708698 0.96754
0.72552 1.08346
0.742551 1.34198
0.431771 0.565451
0.432278 0.51675
0.433798 0.606863
0.436318 0.966633
0.439823 0.744201
0.444288 0.796449
0.449686 0.368311
0.455982 0.418324
0.463141 1.00361
0.471123 0.712713
0.479886 0.922499
0.48939 1.19459
0.499591 0.789123
0.510448 0.628581
0.521921 0.542503
0.533968 0.694935
0.546553 0.545224
0.559639 0.849971
0.573191 0.747331
0.587178 0.857968
0.601569 0.761695
0.616336 0.738033
0.631452 0.828816
0.646894 1.29184
0.662637 0.815551
0.678662 1.07379
0.694948 0.822961
0.711478 0.757977
0.728235 1.08227
0.745204 0.946345
0.437323 0.52152
0.437824 0.716499
0.439324 0.642796
0.441813 0.736789
0.445275 0.69719
0.449686 0.766404
0.455019 0.74385
0.461243 0.648028
0.468321 0.555241
0.476216 0.422656
0.484888 0.782084
0.494295 0.5644
0.504397 0.57239
0.515153 0.583503
0.526523 0.549351
0.538467 0.801286
0.550949 0.603254
0.563933 0.74072
0.577385 0.646071
0.591273 0.848911
0.605566 0.909367
0.620238 0.655732
0.635261 0.68671
0.650612 1.02125
0.666268 0.975048
0.682207 1.03902
0.698411 0.776078
0.714861 0.89691
0.731541 0.979518
0.748435 1.41211
0.443794 0.499043
0.444288 0.821645
0.445767 0.544306
0.44822 0.682258
0.451632 0.907495
0.455982 0.463918
0.461243 0.508476
0.467383 0.410497
0.47437 0.643615
0.482166 0.679198
0.490732 0.645909
0.50003 0.844902
0.510019 0.595641
0.520658 0.462605
0.53191 0.76775
0.543737 0.684453
0.5561 0.810811
0.568967 0.676626
0.582302 1.20246
0.596075 0.971088
0.610257 0.757831
0.624818 0.848404
0.639734 0.826664
0.65498 0.948447
0.670534 1.11184
0.686374 0.914829
0.702481 0.961738
0.718838 1.14638
0.735428 1.24032
0.752235 1.25027
0.451147 0.568957
0.451632 0.585111
0.453087 0.398542
0.455501 0.735192
0.458859 0.49825
0.463141 0.441655
0.468321 0.418547
0.47437 0.854667
0.481255 0.474524
0.488941 0.744186
0.497391 0.713866
0.506567 0.5925
0.516429 0.571668
0.526939 0.60081
0.53806 0.828038
0.549754 0.815947
0.561985 0.811623
0.57472 0.798813
0.587925 0.77959
0.601569 0.980583
0.615624 0.624675
0.630061 1.02327
0.644856 0.8921
0.659984 1.07784
0.675422 0.858247
0.69115 0.909378
0.707149 1.58083
0.723401 1.13521
0.739888 1.21119
0.756596 1.17654
0.459337 0.900328
0.459814 0.609085
0.461243 0.685297
0.463614 0.402163
0.466914 0.755637
0.471123 0.737076
0.476216 0.52237
0.482166 0.839221
0.488941 0.762717
0.496509 0.596835
0.504832 0.713901
0.513874 0.697072
0.523599 0.815797
0.533968 0.957965
0.544945 0.553842
0.556495 0.696789
0.568581 1.03043
0.581171 1.00698
0.594233 0.767117
0.607736 0.866827
0.621651 0.978337
0.635952 1.01548
0.650612 0.912233
0.665609 0.847837
0.68092 0.829901
0.696524 0.878064
0.712402 1.12277
0.728536 0.867262
0.74491 1.12218
0.761508 1.15
0.468321 0.676616
0.468789 0.54658
0.470191 0.63675
0.472517 0.80639
0.475755 0.559715
0.479886 0.900795
0.484888 0.870277
0.490732 0.740151
0.497391 0.895538
0.504832 0.386806
0.51302 0.642404
0.521921 0.796623
0.531498 0.778687
0.541716 0.654985
0.552539 0.687268
0.563933 0.649626
0.575863 0.738642
0.588298 0.977026
0.601204 0.879279
0.614554 1.0552
0.628319 0.786172
0.642471 1.0985
0.656986 1.35098
0.671841 0.773906
0.687013 0.989666
0.702481 1.18883
0.718228 1.05492
0.734234 1.3635
0.750483 0.992763
0.766961 1.05531
0.478055 0.598586
0.478513 0.433343
0.479886 0.795959
0.482166 0.460097
0.48534 0.757642
0.48939 0.759771
0.494295 0.832109
0.50003 0.830946
0.506567 0.812691
0.513874 0.637539
0.521921 0.753165
0.530672 1.27539
0.540094 0.602076
0.550153 0.869872
0.560813 0.705761
0.572042 0.619032
0.583807 0.853954
0.596075 0.87529
0.608817 0.680221
0.622004 0.541373
0.635607 1.28386
0.6496 0.976356
0.66396 0.999767
0.678662 1.13778
0.693684 1.19529
0.709008 0.652168
0.724612 1.49112
0.74048 0.979423
0.756596 1.02601
0.772942 1.42368
0.488493 0.574985
0.488941 1.04102
0.490285 0.753089
0.492517 0.587068
0.495624 0.502138
0.499591 0.941244
0.504397 0.596592
0.510019 0.592026
0.516429 0.732305
0.523599 0.848845
0.531498 0.956357
0.540094 0.77409
0.549355 0.863483
0.559247 0.638871
0.569737 1.03342
0.580794 0.849174
0.592384 0.686097
0.604479 0.549517
0.617047 0.83726
0.630061 0.852965
0.643494 0.973562
0.65732 0.852794
0.671514 1.40665
0.686054 1.27308
0.700919 1.00864
0.716087 1.00627
0.731541 1.16057
0.747262 0.82825
0.763234 1.26849
0.779441 1.44182
0.499591 0.667259
0.50003 0.642003
0.501344 0.776749
0.503527 0.557663
0.506567 0.648136
0.510448 0.548953
0.515153 0.597785
0.520658 0.815921
0.526939 0.728016
0.533968 1.1317
0.541716 0.862908
0.550153 0.690756
0.559247 0.815801
0.568967 0.749837
0.579281 0.84874
0.590159 0.774637
0.601569 0.769631
0.613483 0.697104
0.62587 0.71991
0.638705 0.899856
0.651959 1.07582
0.665609 0.951891
0.67963 1.1692
0.694001 1.18456
0.708698 1.14614
0.723704 1.38734
0.738998 1.69531
0.754564 1.31828
0.770384 1.14697
0.786445 1.20856
0.511307 0.756251
0.511736 0.659894
0.51302 0.971292
0.515153 0.839763
0.518125 0.642923
0.521921 0.686609
0.526523 0.63115
0.53191 0.688124
0.53806 0.64588
0.544945 0.586033
0.552539 0.768434
0.560813 1.22225
0.569737 0.929029
0.579281 0.683321
0.589415 0.8581
0.600109 1.24034
0.611334 0.813739
0.623061 0.780798
0.635261 0.861332
0.64791 1.11953
0.66098 1.00542
0.674447 1.33858
0.688288 1.21914
0.702481 1.36994
0.717005 1.05257
0.731841 0.897529
0.746968 1.26133
0.762371 1.1729
0.778033 1.24006
0.793939 1.49569
0.523599 0.642283
0.524017 0.701694
0.525272 0.68575
0.527355 0.661354
0.530258 0.663592
0.533968 0.798626
0.538467 0.550666
0.543737 0.838524
0.549754 0.99745
0.556495 0.934637
0.563933 0.777236
0.572042 0.669506
0.580794 0.674914
0.590159 0.983573
0.600109 0.933902
0.610616 0.792063
0.621651 1.01561
0.633187 0.990054
0.645196 1.01844
0.657653 0.953425
0.670534 1.2446
0.683813 1.17559
0.697468 0.978767
0.711478 1.17392
0.725822 1.28669
0.74048 1.55019
0.755435 1.10506
0.770669 1.06373
0.786166 1.14796
0.80191 1.0184
0.536427 0.789102
0.536836 0.651371
0.53806 0.994155
0.540094 0.605043
0.542929 0.755173
0.546553 0.867549
0.550949 0.53585
0.5561 0.839299
0.561985 0.660291
0.568581 0.842843
0.575863 0.668852
0.583807 1.28795
0.592384 0.711609
0.601569 0.798615
0.611334 0.707611
0.621651 0.704322
0.632493 1.30595
0.643835 0.721939
0.655649 1.08507
0.667912 1.08545
0.680598 1.00341
0.693684 0.754572
0.707149 1.00703
0.720971 1.07939
0.73513 1.25256
0.749606 1.08358
0.764382 1.07471
0.779441 1.05939
0.794767 1.24524
0.810344 0.850791
0.549754 0.715074
0.550153 0.478304
0.551347 0.739869
0.553333 1.04637
0.5561 0.95912
0.559639 0.609141
0.563933 0.755336
0.568967 0.776158
0.57472 0.704147
0.581171 0.746999
0.588298 0.726255
0.596075 0.911739
0.604479 0.954489
0.613483 0.790462
0.623061 0.99186
0.633187 0.963473
0.643835 1.28497
0.65498 0.99604
0.666597 0.809087
0.678662 1.14829
0.69115 1.05706
0.704041 1.28276
0.717311 1.31378
0.730941 1.14101
0.74491 1.24855
0.7592 1.27448
0.773793 1.41345
0.788673 1.19525
0.803822 1.41346
0.819227 1.36734
0.563544 0.874572
0.563933 0.475496
0.565099 0.486772
0.567036 0.762897
0.569737 0.827102
0.573191 0.651122
0.577385 0.699893
0.582302 0.732279
0.587925 0.863392
0.594233 0.996381
0.601204 0.930064
0.608817 0.992088
0.617047 0.832825
0.62587 1.02917
0.635261 1.10283
0.645196 1.02682
0.655649 1.43657
0.666597 1.14651
0.678015 1.17628
0.68988 1.25206
0.702169 1.33627
0.714861 1.18414
0.727934 1.06378
0.741369 1.24739
0.755145 1.10329
0.769245 1.25212
0.783651 1.54431
0.798346 0.822596
0.813316 1.32819
0.828544 0.957097
0.577765 0.679393
0.578144 0.551247
0.579281 0.693878
0.581171 0.904992
0.583807 0.887938
0.587178 0.80424
0.591273 0.599503
0.596075 0.873273
0.601569 0.907832
0.607736 1.02056
0.614554 0.879192
0.622004 0.699662
0.630061 0.802174
0.638705 0.715405
0.64791 0.840136
0.657653 1.34971
0.667912 0.613818
0.678662 1.17282
0.68988 1.06722
0.701544 0.814498
0.713633 1.19876
0.726124 1.05096
0.738998 1.07706
0.752235 1.3296
0.765816 1.17548
0.779723 1.08427
0.793939 1.24198
0.808447 1.19057
0.823233 1.31511
0.838281 1.25987
0.592384 0.568434
0.592755 0.740509
0.593864 0.771947
0.595707 1.00142
0.598279 0.918518
0.601569 0.969117
0.605566 0.841973
0.610257 1.12276
0.615624 1.05171
0.621651 0.807376
0.628319 1.0299
0.635607 0.815816
0.643494 1.10163
0.651959 1.10409
0.66098 1.15851
0.670534 1.40224
0.680598 0.745597
0.69115 1.59025
0.702169 0.951851
0.713633 1.48617
0.72552 1.46715
0.73781 1.15914
0.750483 1.03368
0.763521 1.12546
0.776905 1.00247
0.790617 1.53445
0.80464 1.02327
0.818959 1.54669
0.833559 0.933134
0.848424 1.49232
0.607375 0.656356
0.607736 0.831434
0.608817 0.870419
0.610616 0.900863
0.613125 0.682605
0.616336 0.884071
0.620238 1.045
0.624818 0.625654
0.630061 1.15377
0.635952 0.822755
0.642471 1.10842
0.6496 1.15525
0.65732 1.04137
0.665609 0.952723
0.674447 0.82927
0.683813 1.16705
0.693684 0.984064
0.704041 1.37087
0.714861 1.06234
0.726124 1.36147
0.73781 1.30516
0.749899 1.16744
0.762371 1.23923
0.775209 1.45811
0.788394 0.753053
0.80191 1.38966
0.815739 0.984881
0.829867 1.27137
0.844278 1.67924
0.858957 1.35479
0.622708 0.764023
0.623061 1.20385
0.624116 0.678217
0.62587 0.83267
0.628319 0.936962
0.631452 1.05066
0.635261 0.741127
0.639734 0.827532
0.644856 0.944973
0.650612 1.05207
0.656986 0.761999
0.66396 1.19827
0.671514 1.02517
0.67963 1.0305
0.688288 1.10917
0.697468 1.00682
0.707149 0.99019
0.717311 1.39116
0.727934 1.11482
0.738998 0.890017
0.750483 1.39993
0.762371 1.88304
0.774643 1.03921
0.787281 0.90905
0.800267 0.814892
0.813586 1.21927
0.82722 1.22279
0.841155 1.35716
0.855375 1.04495
0.869868 1.03619
0.638361 0.809922
0.638705 0.634153
0.639734 1.12573
0.641446 0.980336
0.643835 0.612104
0.646894 0.898462
0.650612 0.877547
0.65498 1.1225
0.659984 0.895085
0.665609 1.08363
0.671841 0.933319
0.678662 0.756109
0.686054 1.20604
0.694001 1.03852
0.702481 0.924078
0.711478 0.967003
0.720971 1.34255
0.730941 1.36549
0.741369 1.1452
0.752235 1.0951
0.763521 1.13897
0.775209 1.3387
0.787281 1.39263
0.799719 0.991886
0.812507 1.2307
0.825627 1.40511
0.839066 1.44042
0.852807 0.790982
0.866837 1.40914
0.881141 1.17983
0.65431 0.956775
0.654645 1.11443
0.655649 0.82861
0.65732 1.0667
0.659651 0.775884
0.662637 1.1527
0.666268 1.09078
0.670534 0.864472
0.675422 0.810692
0.68092 0.837912
0.687013 0.991238
0.693684 0.933962
0.700919 1.27281
0.708698 1.06673
0.717005 1.50257
0.725822 1.21863
0.73513 1.07707
0.74491 1.35756
0.755145 1.20686
0.765816 1.58882
0.776905 1.28712
0.788394 1.25829
0.800267 1.09553
0.812507 1.03103
0.825096 0.96487
0.83802 1.0077
0.851263 0.786983
0.86481 1.37632
0.878648 0.890509
0.892763 1.48069
0.670534 0.966562
0.670861 0.80635
0.671841 1.09822
0.673471 1.07121
0.675747 1.45235
0.678662 0.917189
0.682207 1.14944
0.686374 0.915485
0.69115 1.28639
0.696524 1.03139
0.702481 1.1781
0.709008 1.23684
0.716087 1.05022
0.723704 1.06097
0.731841 1.26036
0.74048 1.12036
0.749606 1.34795
0.7592 0.828088
0.769245 1.27494
0.779723 1.2482
0.790617 0.971748
0.80191 1.15649
0.813586 0.868373
0.825627 1.36562
0.83802 1.55006
0.850747 0.889919
0.863795 1.35883
0.877149 0.753768
0.890795 0.964954
0.904721 1.33089
0.687013 0.931427
0.687332 0.885323
0.688288 1.15316
0.68988 0.998
0.692102 0.930504
0.694948 1.0858
0.698411 1.15706
0.702481 1.34054
0.707149 1.05494
0.712402 1.08636
0.718228 0.990621
0.724612 1.43848
0.731541 1.46442
0.738998 1.221
0.746968 1.10944
0.755435 0.975173
0.764382 0.887002
0.773793 0.879921
0.783651 1.18341
0.793939 1.4175
0.80464 1.03932
0.815739 0.90898
0.82722 1.34434
0.839066 0.924952
0.851263 0.960816
0.863795 1.26428
0.876649 1.09379
0.88981 1.44391
0.903265 1.01812
0.917001 1.07091
0.703729 0.962649
0.704041 1.36531
0.704975 0.985116
0.706529 1.37127
0.708698 1.42858
0.711478 1.4453
0.714861 1.37081
0.718838 1.19815
0.723401 1.03668
0.728536 1.65864
0.734234 1.08444
0.74048 0.878611
0.747262 1.52489
0.754564 1.1638
0.762371 1.25308
0.770669 1.10081
0.779441 0.902302
0.788673 1.05976
0.798346 0.879867
0.808447 1.14113
0.818959 1.06727
0.829867 1.02226
0.841155 0.747899
0.852807 1.52726
0.86481 1.11877
0.877149 1.16349
0.88981 1.00838
0.902779 1.40729
0.916044 1.41763
0.929591 0.935828
0.720667 1.21854
0.720971 1.08812
0.721883 1.11311
0.723401 0.947636
0.72552 0.878659
0.728235 1.15542
0.731541 1.30506
0.735428 0.953312
0.739888 1.54429
0.74491 1.26298
0.750483 1.4834
0.756596 1.23364
0.763234 1.46975
0.770384 1.06456
0.778033 1.06274
0.786166 1.47713
0.794767 1.52312
0.803822 1.02953
0.813316 1.13219
0.823233 1.07719
0.833559 0.98865
0.844278 1.13314
0.855375 1.1641
0.866837 1.61811
0.878648 1.15274
0.890795 0.885657
0.903265 0.956307
0.916044 1.00206
0.929119 1.06934
0.942478 1.37981
0.73781 1.32025
0.738107 1.14485
0.738998 1.63408
0.74048 1.25784
0.742551 1.33898
0.745204 1.49888
0.748435 1.54888
0.752235 0.762443
0.756596 1.64871
0.761508 1.04155
0.766961 1.77269
0.772942 1.40215
0.779441 0.962995
0.786445 1.11044
0.793939 1.51694
0.80191 0.978607
0.810344 1.21675
0.819227 1.05646
0.828544 1.19046
0.838281 1.09227
0.848424 1.16758
0.858957 1.1168
0.869868 1.43251
0.881141 1.35746
0.892763 1.33981
0.904721 0.697051
0.917001 0.996173
0.929591 1.68954
0.942478 0.958223
0.95565 1.08392
0.439823 0.544493
0.440321 0.615383
0.441813 1.0964
0.444288 0.572506
0.447731 0.364344
0.452118 0.733727
0.457423 0.544664
0.463614 0.572745
0.470657 0.511132
0.478513 0.708172
0.487144 0.629964
0.496509 0.819427
0.506567 0.763912
0.517277 0.370024
0.528601 0.555942
0.5405 0.993085
0.552936 0.661813
0.565874 0.794096
0.579281 0.632195
0.593124 0.597561
0.607375 0.543175
0.622004 0.666259
0.636985 1.33354
0.652296 1.40935
0.667912 0.878096
0.683813 0.789917
0.699979 0.99932
0.716393 1.1024
0.733038 1.12597
0.749899 1.33683
0.440321 0.42955
0.440819 0.562562
0.442309 0.441508
0.444782 0.270561
0.44822 0.666696
0.452603 0.608732
0.457902 0.664075
0.464087 0.55328
0.471123 0.697775
0.478971 0.324267
0.487594 0.648431
0.49695 0.822439
0.506999 0.627283
0.517701 0.562188
0.529016 0.522947
0.540906 0.747951
0.553333 0.678435
0.566262 0.833227
0.57966 0.770061
0.593494 0.875145
0.607736 0.590925
0.622356 0.885483
0.63733 0.848974
0.652632 0.923627
0.66824 1.10758
0.684133 1.50867
0.700293 1.094
0.716699 0.749968
0.733337 1.39454
0.750191 1.41145
0.441813 0.720536
0.442309 0.604154
0.443794 0.463192
0.446259 0.652218
0.449686 0.569387
0.454054 0.83062
0.459337 0.727983
0.465503 0.70724
0.472517 0.553669
0.480343 0.529542
0.488941 0.660355
0.498272 0.53063
0.508295 0.469342
0.518971 0.601972
0.530258 0.915736
0.542121 0.869688
0.554521 0.820705
0.567423 0.560317
0.580794 0.735554
0.594602 0.9032
0.608817 0.878142
0.623412 0.855556
0.638361 1.15626
0.653639 0.663276
0.669224 1.11859
0.685095 1.15156
0.701232 0.884601
0.717617 1.06998
0.734234 0.975883
0.751068 1.28353
0.444288 0.700427
0.444782 0.495301
0.446259 0.58454
0.448709 0.798847
0.452118 0.543382
0.456463 0.719171
0.461718 0.699892
0.467852 0.5517
0.474832 0.470021
0.482621 0.544922
0.491179 0.748696
0.500468 0.672583
0.510448 0.747133
0.521079 0.79941
0.532323 0.789308
0.54414 1.09207
0.556495 0.754513
0.569352 1.00238
0.582679 0.646677
0.596443 0.792481
0.610616 0.857282
0.625169 0.972697
0.640077 0.992036
0.655315 0.874814
0.670861 1.15886
0.686693 0.913169
0.702794 0.997644
0.719143 0.962129
0.735726 1.02252
0.752526 1.45744
0.447731 0.572672
0.44822 0.613146
0.449686 0.548962
0.452118 0.663203
0.455501 0.77891
0.459814 0.604047
0.465031 0.576598
0.471123 0.69292
0.478055 0.482014
0.485791 0.680182
0.494295 0.84697
0.503527 0.676348
0.513447 0.644094
0.524017 0.480088
0.535199 0.625206
0.546954 0.515855
0.559247 0.770943
0.572042 0.870148
0.585308 0.78902
0.599012 0.785036
0.613125 0.912781
0.62762 0.80136
0.642471 0.936835
0.657653 0.942843
0.673145 1.03366
0.688925 1.12902
0.704975 1.28851
0.721275 0.968992
0.73781 1.3797
0.754564 1.70759
0.452118 0.448338
0.452603 0.702666
0.454054 0.875899
0.456463 0.471362
0.459814 0.78479
0.464087 0.949612
0.469257 0.637932
0.475294 0.583337
0.482166 0.687494
0.489838 0.660731
0.498272 0.543151
0.507432 0.681509
0.517277 1.02367
0.527771 0.618148
0.538874 0.755237
0.550551 0.736285
0.562765 1.0026
0.575482 1.0477
0.58867 0.623306
0.602298 0.525531
0.616336 0.591692
0.630757 1.14532
0.645536 0.917438
0.660648 1.25318
0.676071 0.805549
0.691785 1.35263
0.707769 0.900479
0.724007 0.90899
0.74048 1.36338
0.757175 1.45399
0.457423 0.711102
0.457902 0.3881
0.459337 0.61667
0.461718 0.662023
0.465031 0.615058
0.469257 0.666674
0.47437 0.446089
0.480343 0.736039
0.487144 0.643725
0.494739 0.627271
0.503091 0.99032
0.512164 0.669551
0.521921 0.628826
0.532323 0.639361
0.543333 0.742707
0.554916 0.930917
0.567036 0.930961
0.57966 0.793537
0.592755 0.733479
0.60629 0.949165
0.620238 0.808981
0.634571 0.702613
0.649262 0.930672
0.66429 0.76463
0.67963 0.729244
0.695263 0.705054
0.71117 0.745353
0.727331 1.03579
0.743731 1.76221
0.760355 0.952638
0.463614 0.403471
0.464087 0.553796
0.465503 0.567121
0.467852 0.975831
0.471123 0.67668
0.475294 0.710647
0.480343 0.933894
0.486243 0.823794
0.492962 0.775731
0.500468 0.638547
0.508727 0.684378
0.517701 0.422975
0.527355 0.581267
0.537652 0.715809
0.548556 0.819824
0.56003 0.684319
0.572042 0.842608
0.584558 0.597758
0.597545 0.682798
0.610975 0.864793
0.624818 1.06732
0.639048 1.07933
0.653639 0.678156
0.668568 1.14702
0.683813 1.01049
0.699352 1.1342
0.715168 0.679163
0.731241 1.26481
0.747555 1.55871
0.764095 0.881296
0.470657 1.06977
0.471123 0.638116
0.472517 0.677348
0.474832 0.821204
0.478055 0.585849
0.482166 0.698236
0.487144 0.729587
0.492962 0.621038
0.499591 0.563497
0.506999 0.842813
0.515153 0.731655
0.524017 1.09024
0.533557 0.429583
0.543737 0.605815
0.554521 0.599698
0.565874 0.749625
0.577765 0.932621
0.590159 0.716835
0.603026 0.900367
0.616336 0.774677
0.630061 0.95212
0.644175 0.935371
0.658653 0.790406
0.673471 0.767625
0.688607 1.06939
0.704041 1.28466
0.719753 1.33493
0.735726 0.957404
0.751943 1.24064
0.768389 1.22274
0.478513 0.56213
0.478971 0.299407
0.480343 0.659741
0.482621 0.670716
0.485791 0.41017
0.489838 0.782064
0.494739 0.73881
0.500468 0.792288
0.506999 0.928793
0.514301 1.01997
0.522341 0.889358
0.531085 0.660579
0.5405 0.642684
0.550551 0.950702
0.561204 0.818149
0.572425 0.612536
0.584182 0.826591
0.596443 1.26053
0.609177 0.816974
0.622356 0.586372
0.635952 0.964292
0.649938 0.955803
0.66429 0.990321
0.678985 0.96215
0.694001 1.07427
0.709317 1.17948
0.724915 1.17827
0.740777 0.786362
0.756886 1.65018
0.773226 1.19286
0.487144 0.737528
0.487594 0.631373
0.488941 0.666533
0.491179 0.585375
0.494295 0.731625
0.498272 0.792399
0.503091 0.602382
0.508727 0.683337
0.515153 0.53179
0.522341 0.557038
0.530258 0.522619
0.538874 0.944097
0.548156 0.923698
0.558069 0.77204
0.568581 0.62697
0.57966 1.0813
0.591273 0.99083
0.603389 1.11156
0.61598 0.844354
0.629016 1.05946
0.642471 1.16035
0.656318 0.99649
0.670534 0.956341
0.685095 1.1123
0.699979 1.2953
0.715168 0.885766
0.730641 0.997164
0.746381 1.08195
0.762371 1.27413
0.778597 1.50008
0.496509 0.826856
0.49695 0.52932
0.498272 0.624997
0.500468 0.853519
0.503527 0.535474
0.507432 0.818368
0.512164 0.570145
0.517701 0.839746
0.524017 0.602697
0.531085 0.903412
0.538874 0.651117
0.547355 0.706977
0.556495 0.684369
0.566262 1.07609
0.576625 0.896268
0.587552 0.86216
0.599012 1.45488
0.610975 0.853839
0.623412 1.11074
0.636296 0.993776
0.6496 1.23447
0.663299 1.00543
0.677368 1.23541
0.691785 0.908316
0.706529 1.24306
0.721579 1.18393
0.736918 0.8687
0.752526 1.41773
0.768389 1.11351
0.78449 1.27928
0.506567 0.716663
0.506999 0.685195
0.508295 0.834151
0.510448 0.769229
0.513447 0.675629
0.517277 0.461633
0.521921 0.86584
0.527355 0.988747
0.533557 0.557706
0.5405 0.783966
0.548156 1.05899
0.556495 0.799019
0.565487 0.596449
0.575101 0.84559
0.585308 0.943125
0.596075 0.774308
0.607375 1.07556
0.619176 1.28177
0.631452 0.998691
0.644175 0.907575
0.65732 0.899189
0.670861 0.929912
0.684774 1.03215
0.699039 1.2177
0.713633 1.19088
0.728536 1.65741
0.743731 1.17053
0.7592 1.18488
0.774926 0.933843
0.790894 1.8372
0.517277 0.604196
0.517701 0.65423
0.518971 0.775069
0.521079 0.811384
0.524017 0.458938
0.527771 0.694974
0.532323 0.860329
0.537652 0.845572
0.543737 0.698597
0.550551 0.564306
0.558069 0.743817
0.566262 0.66826
0.575101 0.905333
0.584558 0.747898
0.594602 0.783552
0.605204 0.623035
0.616336 1.11677
0.627969 0.847781
0.640077 0.726141
0.652632 1.11416
0.665609 0.916486
0.678985 0.927418
0.692735 0.999545
0.706839 1.29677
0.721275 1.50155
0.736024 1.29356
0.751068 1.42119
0.766388 1.11169
0.78197 0.796152
0.797797 1.56934
0.528601 0.556549
0.529016 0.793327
0.530258 0.770253
0.532323 0.770633
0.535199 0.84867
0.538874 0.70006
0.543333 0.718568
0.548556 0.865211
0.554521 0.611635
0.561204 0.80798
0.568581 0.681517
0.576625 0.813799
0.585308 0.955824
0.594602 0.741607
0.604479 1.04073
0.614911 1.09898
0.62587 1.00341
0.63733 0.612809
0.649262 0.857435
0.661643 0.734998
0.674447 1.23529
0.687651 1.01683
0.701232 0.878782
0.715168 0.992785
0.729439 1.31503
0.744026 1.24874
0.758911 1.186
0.774077 1.30234
0.789506 1.22583
0.805185 1.01886
0.5405 0.771865
0.540906 0.508421
0.542121 0.809089
0.54414 0.820708
0.546954 0.755012
0.550551 0.688921
0.554916 0.578044
0.56003 0.56772
0.565874 0.942546
0.572425 0.713215
0.57966 0.838997
0.587552 0.987106
0.596075 0.446319
0.605204 0.90667
0.614911 0.942491
0.625169 0.676141
0.635952 1.11916
0.647232 1.2652
0.658986 1.11855
0.671187 0.695313
0.683813 1.11127
0.696839 1.17814
0.710244 1.15391
0.724007 1.33946
0.738107 1.15152
0.752526 1.1857
0.767246 1.17216
0.78225 0.823514
0.797522 1.223
0.813046 0.84287
0.552936 0.760738
0.553333 0.741515
0.554521 0.790466
0.556495 0.849195
0.559247 0.888076
0.562765 0.82973
0.567036 0.530131
0.572042 0.631259
0.577765 0.85835
0.584182 0.646368
0.591273 0.640565
0.599012 0.854899
0.607375 0.861718
0.616336 0.93531
0.62587 1.1069
0.635952 1.00587
0.646554 0.855342
0.657653 1.11828
0.669224 1.13114
0.681242 1.21249
0.693684 1.2862
0.706529 0.882852
0.719753 0.883128
0.733337 0.964544
0.747262 1.46226
0.761508 1.33488
0.776057 1.04308
0.790894 1.0328
0.806002 1.34625
0.821366 1.47757
0.565874 0.495887
0.566262 0.983669
0.567423 0.651817
0.569352 0.653506
0.572042 0.618543
0.575482 0.716404
0.57966 0.821024
0.584558 0.874323
0.590159 0.989227
0.596443 0.893433
0.603389 0.830672
0.610975 0.901788
0.619176 0.973753
0.627969 0.823468
0.63733 1.00484
0.647232 1.07416
0.657653 0.789826
0.668568 0.888832
0.679953 1.41753
0.691785 1.03259
0.704041 0.630684
0.716699 0.74841
0.72974 1.15854
0.743141 1.24112
0.756886 1.40332
0.770954 1.21023
0.785328 1.36797
0.799993 1.55538
0.814932 1.16418
0.830131 1.23018
0.579281 0.744
0.57966 0.79825
0.580794 1.02645
0.582679 0.552868
0.585308 0.915519
0.58867 1.11063
0.592755 0.846696
0.597545 0.70049
0.603026 0.731266
0.609177 1.1882
0.61598 0.903301
0.623412 0.958263
0.631452 0.737407
0.640077 0.877894
0.649262 1.14713
0.658986 1.00555
0.669224 1.04838
0.679953 0.93755
0.69115 0.806668
0.702794 0.965408
0.714861 1.11795
0.727331 1.09834
0.740184 1.19059
0.7534 1.19086
0.766961 1.39179
0.780847 1.0897
0.795043 1.26102
0.809532 1.37298
0.824298 1.28963
0.839327 1.14047
0.593124 0.835167
0.593494 0.59452
0.594602 0.894934
0.596443 0.840911
0.599012 0.631693
0.602298 0.650343
0.60629 0.711961
0.610975 1.01716
0.616336 1.21327
0.622356 0.922652
0.629016 1.18752
0.636296 0.835018
0.644175 0.791821
0.652632 1.13131
0.661643 1.26646
0.671187 1.27162
0.681242 0.942301
0.691785 0.763794
0.702794 0.869417
0.714247 0.941615
0.726124 1.50467
0.738404 1.0219
0.751068 1.15161
0.764095 1.15642
0.777469 1.09703
0.791171 1.28935
0.805185 0.987675
0.819495 1.00593
0.834085 1.58763
0.848941 1.45539
0.607375 0.708636
0.607736 1.01752
0.608817 0.842177
0.610616 0.821173
0.613125 0.769424
0.616336 0.754162
0.620238 0.924689
0.624818 1.1309
0.630061 1.03891
0.635952 0.962621
0.642471 0.986618
0.6496 1.02837
0.65732 0.940653
0.665609 1.06684
0.674447 1.27955
0.683813 0.725472
0.693684 1.34761
0.704041 1.09584
0.714861 1.67746
0.726124 0.953892
0.73781 1.13867
0.749899 1.27768
0.762371 1.1219
0.775209 1.74408
0.788394 1.24654
0.80191 1.15735
0.815739 0.888547
0.829867 1.20002
0.844278 1.13743
0.858957 1.29963
0.622004 0.995337
0.622356 0.754625
0.623412 0.753145
0.625169 0.681709
0.62762 1.10002
0.630757 0.944293
0.634571 1.41387
0.639048 1.06734
0.644175 0.708037
0.649938 0.973643
0.656318 0.892649
0.663299 1.18461
0.670861 1.06934
0.678985 1.08506
0.687651 1.27822
0.696839 0.989789
0.706529 0.927806
0.716699 1.06602
0.727331 1.37629
0.738404 1.03809
0.749899 1.22648
0.761796 1.49326
0.774077 1.63562
0.786723 1.10297
0.799719 1.06388
0.813046 1.20339
0.826689 1.24846
0.840633 1.34077
0.854862 0.856125
0.869363 1.62284
0.636985 0.961171
0.63733 0.813366
0.638361 1.57681
0.640077 0.931284
0.642471 1.14863
0.645536 0.800132
0.649262 1.0187
0.653639 0.945202
0.658653 0.864416
0.66429 1.18948
0.670534 0.881818
0.677368 1.36169
0.684774 1.17487
0.692735 1.40536
0.701232 1.24532
0.710244 1.41589
0.719753 1.22969
0.72974 0.93878
0.740184 0.87276
0.751068 1.28613
0.762371 1.03211
0.774077 1.07881
0.786166 1.12809
0.798621 1.22487
0.811426 1.23002
0.824564 1.23888
0.83802 1.27252
0.851778 0.999841
0.865824 0.888702
0.880144 0.904752
0.652296 0.899106
0.652632 0.939558
0.653639 0.826192
0.655315 1.07816
0.657653 0.953573
0.660648 0.975164
0.66429 1.13698
0.668568 1.12255
0.673471 1.37564
0.678985 0.971637
0.685095 0.950514
0.691785 1.07863
0.699039 1.1891
0.706839 1.40828
0.715168 1.24347
0.724007 1.00177
0.733337 1.34268
0.743141 1.74896
0.7534 1.31442
0.764095 1.37169
0.775209 0.946156
0.786723 0.961924
0.798621 1.02897
0.810885 0.981424
0.8235 1.01998
0.836448 1.02252
0.849715 1.74019
0.863287 0.970011
0.877149 1.21156
0.891288 1.06186
0.667912 0.989681
0.66824 0.996011
0.669224 1.25218
0.670861 0.909247
0.673145 1.00282
0.676071 1.35784
0.67963 1.45516
0.683813 1.44033
0.688607 0.959631
0.694001 1.00846
0.699979 1.53966
0.706529 1.03231
0.713633 1.36696
0.721275 1.37435
0.729439 1.1211
0.738107 0.871863
0.747262 1.31768
0.756886 1.27267
0.766961 1.05714
0.777469 1.27943
0.788394 1.21048
0.799719 0.985241
0.811426 1.57343
0.8235 1.46356
0.835923 1.3972
0.848682 1.23423
0.861762 1.13633
0.875146 1.33681
0.888823 1.26721
0.902779 1.40182
0.683813 0.815904
0.684133 0.982992
0.685095 0.855899
0.686693 0.914902
0.688925 1.37736
0.691785 1.29491
0.695263 1.54285
0.699352 0.790861
0.704041 0.975017
0.709317 1.4194
0.715168 1.34423
0.721579 1.00642
0.728536 1.1717
0.736024 1.29372
0.744026 1.37612
0.752526 1.08408
0.761508 1.0934
0.770954 1.32226
0.780847 1.09515
0.791171 1.33635
0.80191 1.03483
0.813046 1.54176
0.824564 1.01103
0.836448 1.67048
0.848682 1.11827
0.861252 1.24509
0.874143 0.975251
0.887342 1.12944
0.900833 0.953448
0.914606 0.95867
0.699979 0.997642
0.700293 1.06108
0.701232 0.922987
0.702794 1.6461
0.704975 1.04484
0.707769 1.24981
0.71117 1.52492
0.715168 0.922984
0.719753 0.91414
0.724915 0.90242
0.730641 1.38411
0.736918 1.15141
0.743731 1.45445
0.751068 1.40457
0.758911 1.12651
0.767246 1.0894
0.776057 1.58417
0.785328 0.800496
0.795043 1.18645
0.805185 1.49282
0.815739 1.2791
0.826689 1.44375
0.83802 1.00629
0.849715 1.10014
0.861762 0.84359
0.874143 1.32071
0.886847 1.08638
0.899859 1.13943
0.913166 0.956252
0.926755 1.0498
0.716393 1.20281
0.716699 1.2752
0.717617 1.27955
0.719143 1.09965
0.721275 1.20506
0.724007 0.892547
0.727331 1.35869
0.731241 1.62615
0.735726 1.54396
0.740777 0.998232
0.746381 1.133
0.752526 1.42037
0.7592 1.35001
0.766388 1.28795
0.774077 1.25377
0.78225 1.21757
0.790894 1.19778
0.799993 1.53451
0.809532 1.13926
0.819495 1.22462
0.829867 1.49757
0.840633 1.06336
0.851778 1.30291
0.863287 1.03603
0.875146 1.35008
0.887342 0.987305
0.899859 0.985242
0.912685 1.04384
0.925808 1.23721
0.939214 1.06576
0.733038 1.12095
0.733337 1.27443
0.734234 1.36426
0.735726 0.91128
0.73781 0.951264
0.74048 1.17388
0.743731 1.13867
0.747555 1.51375
0.751943 1.36437
0.756886 1.31396
0.762371 0.910231
0.768389 1.51094
0.774926 1.43744
0.78197 1.34446
0.789506 1.29212
0.797522 0.995202
0.806002 0.873469
0.814932 1.35604
0.824298 1.27019
0.834085 1.12553
0.844278 1.01058
0.854862 1.1051
0.865824 1.02374
0.877149 1.08789
0.888823 0.94503
0.900833 0.74143
0.913166 1.29619
0.925808 0.882038
0.938747 1.15956
0.951971 1.19501
0.749899 0.952585
0.750191 1.28511
0.751068 1.64174
0.752526 0.903726
0.754564 1.10126
0.757175 1.04113
0.760355 0.710697
0.764095 1.01025
0.768389 1.35499
0.773226 1.50293
0.778597 1.23619
0.78449 1.06011
0.790894 1.35795
0.797797 1.18004
0.805185 1.44899
0.813046 1.49851
0.821366 1.39334
0.830131 1.25683
0.839327 1.48987
0.848941 1.28723
0.858957 1.19899
0.869363 1.13109
0.880144 1.00757
0.891288 1.1591
0.902779 1.24851
0.914606 0.900096
0.926755 0.937182
0.939214 1.15788
0.951971 0.87618
0.965014 1.13114
0.460767 0.606629
0.461243 0.913069
0.462667 0.612395
0.465031 0.767296
0.468321 0.88745
0.472517 0.536943
0.477596 0.454708
0.483529 0.936978
0.490285 0.662571
0.497832 0.699643
0.506133 0.61492
0.515153 0.671149
0.524854 0.61888
0.535199 0.71143
0.546151 0.802154
0.557676 0.747436
0.569737 1.072
0.582302 0.786294
0.595339 0.929848
0.608817 1.11795
0.622708 1.38791
0.636985 1.04379
0.651623 1.0063
0.666597 1.04594
0.681886 1.04864
0.697468 0.988333
0.713325 0.808886
0.729439 0.995434
0.745793 1.71186
0.762371 1.17033
0.461243 0.689165
0.461718 0.574675
0.463141 0.490969
0.465503 0.705318
0.468789 0.780681
0.472981 0.483844
0.478055 0.413164
0.483982 0.598408
0.490732 0.522042
0.498272 0.616317
0.506567 0.54718
0.515579 0.638663
0.525272 0.890506
0.535609 0.631879
0.546553 0.867384
0.558069 0.731609
0.570122 0.546741
0.582679 1.00948
0.595707 0.780423
0.609177 0.90934
0.623061 0.843667
0.63733 1.10757
0.651959 0.764156
0.666926 0.943269
0.682207 0.976477
0.697783 1.56684
0.713633 1.12445
0.72974 0.921018
0.746087 1.06297
0.762659 0.95844
0.462667 0.860914
0.463141 0.662673
0.464559 0.544633
0.466914 0.614479
0.470191 0.76648
0.47437 0.756412
0.479429 0.707068
0.48534 1.01975
0.492071 0.542481
0.499591 0.585926
0.507864 0.657313
0.516853 0.637365
0.526523 0.636232
0.536836 0.54805
0.547755 0.742736
0.559247 0.865418
0.571275 0.775829
0.583807 1.20345
0.596811 0.717366
0.610257 0.720102
0.624116 1.23179
0.638361 0.854385
0.652968 0.938328
0.667912 0.894414
0.683171 1.06367
0.698725 1.18017
0.714554 0.900767
0.730641 0.818209
0.746968 1.50704
0.763521 1.13851
0.465031 0.501355
0.465503 0.819615
0.466914 0.680175
0.469257 0.793838
0.472517 0.508053
0.476676 0.810456
0.481711 0.509253
0.487594 0.775619
0.494295 0.597029
0.501781 0.848197
0.510019 0.472589
0.518971 0.766048
0.528601 0.635339
0.538874 0.626228
0.549754 0.602722
0.561204 0.651089
0.573191 1.15856
0.585682 0.679206
0.598645 1.09347
0.612051 0.72241
0.62587 1.05197
0.640077 1.01553
0.654645 0.938838
0.669552 1.45734
0.684774 1.00941
0.700293 1.54127
0.716087 1.04908
0.73214 1.03403
0.748435 1.18991
0.764956 1.5288
0.468321 0.770698
0.468789 0.352258
0.470191 0.506297
0.472517 0.914319
0.475755 0.451259
0.479886 1.09541
0.484888 0.907083
0.490732 0.57058
0.497391 0.46145
0.504832 0.6065
0.51302 0.882901
0.521921 0.940205
0.531498 0.607982
0.541716 0.79366
0.552539 0.917735
0.563933 0.721947
0.575863 0.86996
0.588298 0.957424
0.601204 1.06075
0.614554 0.790118
0.628319 0.769665
0.642471 1.0405
0.656986 1.19162
0.671841 0.968077
0.687013 1.10954
0.702481 1.19049
0.718228 1.01899
0.734234 1.06816
0.750483 0.918914
0.766961 1.15215
0.472517 0.584106
0.472981 0.529207
0.47437 0.465132
0.476676 0.607201
0.479886 0.683685
0.483982 0.63265
0.488941 0.423984
0.494739 0.69642
0.501344 0.634469
0.508727 0.641244
0.516853 0.572538
0.525689 0.599193
0.535199 0.94348
0.545348 0.632552
0.5561 0.707045
0.567423 0.724862
0.579281 0.642986
0.591643 0.971328
0.604479 1.24908
0.617758 1.14096
0.631452 1.02301
0.645536 0.677515
0.659984 0.857768
0.674772 0.985657
0.68988 0.66638
0.705286 1.2052
0.720971 0.949209
0.736918 0.874436
0.753109 1.60609
0.76953 1.25052
0.477596 0.948334
0.478055 0.74366
0.479429 0.568819
0.481711 0.461
0.484888 0.8256
0.488941 0.584976
0.493851 0.491033
0.499591 0.673216
0.506133 0.515723
0.513447 0.642037
0.5215 0.80133
0.530258 0.58674
0.539688 0.699468
0.549754 0.823855
0.560422 0.951809
0.571659 0.662261
0.583431 0.771911
0.595707 0.565994
0.608457 0.827648
0.621651 1.02186
0.635261 0.778414
0.649262 1.04534
0.663629 1.23789
0.678338 0.893855
0.693368 1.35861
0.708698 1.21298
0.72431 1.13682
0.740184 1.10653
0.756306 1.75208
0.772659 1.18251
0.483529 0.548289
0.483982 0.733588
0.48534 0.573772
0.487594 0.510701
0.490732 0.61791
0.494739 0.519308
0.499591 1.06335
0.505266 0.54222
0.511736 0.640532
0.518971 0.63914
0.526939 0.657749
0.535609 0.83839
0.544945 0.613107
0.554916 0.684351
0.565487 0.876479
0.576625 1.08547
0.588298 0.773092
0.600474 0.999259
0.613125 0.666313
0.626221 0.914505
0.639734 1.0523
0.653639 0.994782
0.667912 0.83953
0.682529 0.791526
0.697468 1.34289
0.71271 1.14701
0.728235 0.816995
0.744026 0.991478
0.760066 1.01474
0.77634 1.20993
0.490285 0.494191
0.490732 0.824283
0.492071 0.736835
0.494295 0.596409
0.497391 0.783875
0.501344 0.881092
0.506133 0.920408
0.511736 0.616416
0.518125 0.598551
0.525272 0.768151
0.533146 0.6802
0.541716 0.761096
0.550949 0.670289
0.560813 0.812028
0.571275 0.803653
0.582302 0.616031
0.593864 0.657115
0.605928 0.834962
0.618467 0.825603
0.631452 0.916839
0.644856 1.24215
0.658653 1.22363
0.672819 0.763456
0.687332 0.976267
0.702169 0.875792
0.717311 0.994363
0.732739 1.17032
0.748435 1.30446
0.764382 1.16995
0.780566 0.915798
0.497832 0.42835
0.498272 0.862263
0.499591 0.732926
0.501781 0.73562
0.504832 0.502815
0.508727 0.535983
0.513447 0.62771
0.518971 0.691575
0.525272 0.748837
0.532323 0.50356
0.540094 0.675644
0.548556 0.754769
0.557676 0.733983
0.567423 0.679574
0.577765 0.859387
0.58867 0.70352
0.600109 0.795597
0.612051 0.902603
0.624467 0.86545
0.63733 0.896326
0.650612 0.833738
0.66429 0.880449
0.678338 0.878225
0.692735 1.07991
0.707459 0.870826
0.72249 0.832061
0.73781 1.05582
0.7534 1.3418
0.769245 1.08233
0.785328 1.06842
0.506133 0.886192
0.506567 0.781679
0.507864 0.805109
0.510019 0.738518
0.51302 0.811004
0.516853 0.615414
0.5215 0.686684
0.526939 0.610268
0.533146 0.716451
0.540094 0.626086
0.547755 0.71674
0.5561 0.794929
0.565099 0.636631
0.57472 0.937025
0.584933 1.00183
0.595707 0.845183
0.607013 1.11644
0.618822 0.864379
0.631105 0.966492
0.643835 1.2064
0.656986 0.764941
0.670534 1.01624
0.684454 1.01982
0.698725 0.79871
0.713325 1.14922
0.728235 1.4071
0.743437 1.57126
0.758911 1.46744
0.774643 1.10897
0.790617 1.10429
0.515153 0.745829
0.515579 0.917413
0.516853 1.0559
0.518971 0.91949
0.521921 0.501005
0.525689 0.600473
0.530258 0.60548
0.535609 0.512671
0.541716 0.673542
0.548556 0.575911
0.5561 0.80904
0.564322 0.922049
0.573191 0.730016
0.582679 1.20659
0.592755 0.967825
0.603389 0.742842
0.614554 0.791042
0.626221 1.14818
0.638361 1.01861
0.650949 1.08212
0.66396 0.95273
0.677368 0.928122
0.69115 0.992283
0.705286 0.673802
0.719753 1.129
0.734533 1.32332
0.749606 0.715
0.764956 0.764629
0.780566 1.04649
0.796421 1.28563
0.524854 0.484731
0.525272 0.756966
0.526523 0.600802
0.528601 0.641416
0.531498 0.608291
0.535199 0.507173
0.539688 0.574884
0.544945 0.562307
0.550949 0.923977
0.557676 0.746781
0.565099 0.71031
0.573191 0.700394
0.581925 0.858055
0.591273 0.778515
0.601204 0.822932
0.611692 0.89308
0.622708 0.71093
0.634225 1.02716
0.646215 0.913747
0.658653 0.777631
0.671514 0.987287
0.684774 0.969505
0.698411 1.14822
0.712402 1.25108
0.726728 1.21728
0.741369 1.01296
0.756306 1.49562
0.771522 0.868087
0.787002 1.16455
0.80273 1.25438
0.535199 0.69464
0.535609 0.72586
0.536836 0.827835
0.538874 0.51779
0.541716 0.82024
0.545348 0.581882
0.549754 0.714797
0.554916 0.693569
0.560813 0.733905
0.567423 0.734012
0.57472 0.75466
0.582679 0.583383
0.591273 1.19064
0.600474 1.01069
0.610257 0.978171
0.620592 0.734037
0.631452 0.878917
0.642812 0.900715
0.654645 1.20623
0.666926 0.729813
0.67963 0.884447
0.692735 1.15739
0.706218 1.0217
0.720058 0.958912
0.734234 1.13287
0.748728 1.3102
0.763521 1.08257
0.778597 1.48126
0.793939 0.972984
0.809532 1.35347
0.546151 0.703722
0.546553 0.668486
0.547755 0.567645
0.549754 0.847237
0.552539 0.782167
0.5561 1.02878
0.560422 1.03273
0.565487 0.616691
0.571275 0.738014
0.577765 0.868975
0.584933 0.725607
0.592755 0.92846
0.601204 0.872853
0.610257 0.704401
0.619884 0.998419
0.630061 0.825604
0.640762 1.01676
0.651959 1.16176
0.663629 1.08955
0.675747 1.2718
0.688288 1.26369
0.701232 1.10874
0.714554 1.05127
0.728235 1.22094
0.742256 1.27429
0.756596 1.11635
0.771238 1.21733
0.786166 1.00232
0.801363 1.34619
0.816814 1.29634
0.557676 0.865248
0.558069 0.562999
0.559247 0.86253
0.561204 0.634162
0.563933 0.774939
0.567423 0.73687
0.571659 0.871159
0.576625 0.73206
0.582302 0.928794
0.58867 0.782645
0.595707 0.739631
0.603389 0.741018
0.611692 0.732376
0.620592 1.22571
0.630061 0.973206
0.640077 0.934783
0.650612 1.02213
0.661643 0.819457
0.673145 0.964196
0.685095 0.999927
0.697468 1.26468
0.710244 0.943723
0.723401 1.21076
0.736918 1.11166
0.750776 1.22257
0.764956 1.08977
0.779441 1.28015
0.794215 1.27836
0.809261 1.16659
0.824564 1.4463
0.569737 0.67875
0.570122 0.97602
0.571275 0.921324
0.573191 0.831443
0.575863 0.869718
0.579281 0.928065
0.583431 0.708838
0.588298 0.883212
0.593864 0.702899
0.600109 0.691577
0.607013 0.658335
0.614554 0.740331
0.622708 0.758643
0.631452 0.858123
0.640762 1.15591
0.650612 0.664842
0.66098 0.890047
0.671841 0.862503
0.683171 1.16676
0.694948 1.23397
0.707149 1.35574
0.719753 1.6275
0.732739 1.00631
0.746087 1.076
0.759778 1.44022
0.773793 1.34619
0.788116 1.46649
0.80273 1.19496
0.817619 1.15701
0.832769 1.6395
0.582302 0.802037
0.582679 0.803935
0.583807 0.586934
0.585682 0.873059
0.588298 0.891512
0.591643 0.741352
0.595707 0.812773
0.600474 0.828953
0.605928 0.90751
0.612051 1.11074
0.618822 1.04865
0.626221 0.912926
0.634225 1.01492
0.642812 0.834235
0.651959 1.27701
0.661643 0.793912
0.671841 1.40954
0.682529 1.55274
0.693684 0.866662
0.705286 1.06556
0.717311 1.66195
0.72974 1.17843
0.742551 1.21183
0.755726 0.911325
0.769245 1.33945
0.783091 1.26908
0.797247 1.31448
0.811696 1.27334
0.826424 1.04355
0.841415 1.38947
0.595339 0.981144
0.595707 1.05903
0.596811 0.736575
0.598645 1.06717
0.601204 0.975084
0.604479 0.656925
0.608457 0.815785
0.613125 1.05623
0.618467 0.721765
0.624467 1.15585
0.631105 0.772338
0.638361 0.792644
0.646215 0.972745
0.654645 0.930076
0.663629 1.21954
0.673145 0.875503
0.683171 1.15375
0.693684 1.0302
0.704664 1.46622
0.716087 0.940557
0.727934 1.22669
0.740184 1.37333
0.752818 1.11125
0.765816 1.37603
0.77916 1.62804
0.792833 1.07821
0.806818 1.31923
0.821099 1.37368
0.835661 1.19247
0.850489 1.11639
0.608817 0.466668
0.609177 1.09859
0.610257 0.724497
0.612051 0.697577
0.614554 1.06399
0.617758 0.765618
0.621651 0.941969
0.626221 0.840868
0.631452 0.810786
0.63733 0.907833
0.643835 0.877731
0.650949 0.905511
0.658653 0.930075
0.666926 1.10181
0.675747 0.971807
0.685095 1.3628
0.694948 1.13225
0.705286 1.17935
0.716087 1.11105
0.727331 1.18124
0.738998 1.05453
0.751068 1.03776
0.763521 1.06145
0.77634 1.38472
0.789506 1.03661
0.803003 1.41156
0.816814 1.05143
0.830923 1.30665
0.845316 1.26306
0.859978 1.37892
0.622708 0.857637
0.623061 0.73777
0.624116 1.24382
0.62587 0.980523
0.628319 0.885655
0.631452 0.785148
0.635261 0.84776
0.639734 0.725931
0.644856 0.980893
0.650612 1.003
0.656986 0.978395
0.66396 1.32353
0.671514 0.888386
0.67963 0.888648
0.688288 1.02652
0.697468 1.09682
0.707149 1.20411
0.717311 0.911857
0.727934 1.43944
0.738998 1.24494
0.750483 1.34176
0.762371 0.933172
0.774643 1.23319
0.787281 1.04125
0.800267 0.917745
0.813586 1.45694
0.82722 1.02006
0.841155 0.896885
0.855375 1.03118
0.869868 1.08672
0.636985 1.33343
0.63733 1.08737
0.638361 0.999409
0.640077 0.784663
0.642471 0.814174
0.645536 1.03789
0.649262 0.88591
0.653639 1.30796
0.658653 1.0084
0.66429 1.17992
0.670534 0.931447
0.677368 1.31122
0.684774 1.33053
0.692735 0.667879
0.701232 1.20777
0.710244 1.12957
0.719753 1.3368
0.72974 1.05289
0.740184 1.03883
0.751068 0.934049
0.762371 1.04027
0.774077 1.33479
0.786166 1.22369
0.798621 1.65169
0.811426 1.52
0.824564 1.12674
0.83802 0.837129
0.851778 1.55479
0.865824 1.14471
0.880144 0.988103
0.651623 0.853932
0.651959 0.704775
0.652968 0.836796
0.654645 1.08105
0.656986 1.30993
0.659984 1.10453
0.663629 1.07232
0.667912 1.18694
0.672819 1.33488
0.678338 1.12785
0.684454 0.712591
0.69115 0.837236
0.698411 1.29288
0.706218 0.96567
0.714554 1.23263
0.723401 0.88142
0.732739 0.983715
0.742551 1.05942
0.752818 0.876947
0.763521 1.18479
0.774643 1.12393
0.786166 0.942174
0.798072 1.29337
0.810344 1.51568
0.822967 1.10825
0.835923 1.25421
0.849199 1.20808
0.862779 0.906655
0.876649 1.17764
0.890795 1.18291
0.666597 0.768142
0.666926 1.13796
0.667912 1.05178
0.669552 1.1765
0.671841 0.994412
0.674772 1.36867
0.678338 0.890142
0.682529 0.907143
0.687332 0.737199
0.692735 1.22238
0.698725 1.06783
0.705286 1.26306
0.712402 1.00144
0.720058 0.706214
0.728235 1.27235
0.736918 0.938342
0.746087 1.48642
0.755726 1.66039
0.765816 1.26674
0.77634 1.31153
0.787281 1.40217
0.798621 1.17969
0.810344 1.15845
0.822434 1.09878
0.834873 1.66352
0.847648 1.41946
0.860743 1.35282
0.874143 1.5145
0.887836 0.859112
0.901807 1.22933
0.681886 1.01952
0.682207 0.796834
0.683171 1.11929
0.684774 1.15098
0.687013 1.03907
0.68988 1.0939
0.693368 0.871875
0.697468 1.17084
0.702169 1.45565
0.707459 1.51422
0.713325 0.935141
0.719753 1.13158
0.726728 1.69643
0.734234 1.41345
0.742256 1.08537
0.750776 1.01248
0.759778 1.24717
0.769245 0.761169
0.77916 1.09024
0.789506 1.18825
0.800267 1.67319
0.811426 1.09435
0.822967 1.33837
0.834873 0.741131
0.84713 0.844065
0.859723 1.26478
0.872637 1.5045
0.885857 1.48131
0.899371 1.74074
0.913166 1.43394
0.697468 1.28407
0.697783 0.937081
0.698725 1.24695
0.700293 1.10903
0.702481 1.17763
0.705286 1.2013
0.708698 1.13591
0.71271 1.18173
0.717311 0.993708
0.72249 1.40449
0.728235 1.37058
0.734533 1.0409
0.741369 1.25925
0.748728 1.09899
0.756596 1.02829
0.764956 1.16123
0.773793 1.17968
0.783091 1.02141
0.792833 1.22003
0.803003 1.00536
0.813586 1.05122
0.824564 1.14011
0.835923 1.45291
0.847648 1.0324
0.859723 1.04291
0.872134 1.19416
0.884866 1.28659
0.897907 1.32154
0.911242 1.15844
0.92486 0.946219
0.713325 1.20666
0.713633 1.0304
0.714554 1.36807
0.716087 0.935557
0.718228 0.903112
0.720971 1.46131
0.72431 1.08783
0.728235 1.36502
0.732739 1.49497
0.73781 1.2214
0.743437 0.98873
0.749606 1.24461
0.756306 1.58463
0.763521 1.11972
0.771238 0.891911
0.779441 1.31947
0.788116 1.21274
0.797247 1.1485
0.806818 1.20334
0.816814 0.784499
0.82722 1.64777
0.83802 1.20354
0.849199 1.36428
0.860743 1.35828
0.872637 1.37995
0.884866 1.23085
0.897418 1.09536
0.910279 0.889262
0.923436 1.11274
0.936876 1.04511
0.729439 1.50282
0.72974 0.967625
0.730641 0.828849
0.73214 1.29566
0.734234 1.21789
0.736918 1.14731
0.740184 1.02917
0.744026 1.064
0.748435 1.20645
0.7534 1.35962
0.758911 0.980824
0.764956 1.5064
0.771522 1.49532
0.778597 1.13457
0.786166 1.47314
0.794215 1.22984
0.80273 1.2328
0.811696 1.32591
0.821099 1.0846
0.830923 1.32701
0.841155 0.768911
0.851778 1.15287
0.862779 0.977869
0.874143 1.22571
0.885857 1.13712
0.897907 0.834886
0.910279 1.03602
0.922961 1.15972
0.935939 1.22154
0.949202 1.34586
0.745793 1.32857
0.746087 1.37336
0.746968 1.28318
0.748435 0.992587
0.750483 1.03016
0.753109 1.25786
0.756306 1.71461
0.760066 1.2538
0.764382 1.04107
0.769245 1.20126
0.774643 1.12834
0.780566 1.06354
0.787002 1.76619
0.793939 0.922329
0.801363 1.15544
0.809261 1.81247
0.817619 1.32031
0.826424 1.59915
0.835661 0.86416
0.845316 1.00985
0.855375 1.01972
0.865824 1.27228
0.876649 1.14807
0.887836 1.27913
0.899371 1.05129
0.911242 1.01959
0.923436 1.55584
0.935939 0.971379
0.94874 0.953362
0.961827 0.957152
0.762371 0.804012
0.762659 0.927479
0.763521 1.67904
0.764956 1.20309
0.766961 1.17475
0.76953 1.22494
0.772659 1.21124
0.77634 1.43189
0.780566 1.31616
0.785328 0.970523
0.790617 1.0686
0.796421 1.5739
0.80273 1.32492
0.809532 1.14472
0.816814 1.23837
0.824564 1.29669
0.832769 1.04551
0.841415 1.15476
0.850489 0.885073
0.859978 1.37905
0.869868 1.57238
0.880144 0.903186
0.890795 0.935263
0.901807 1.094
0.913166 1.19959
0.92486 1.12216
0.936876 1.20555
0.949202 0.775683
0.961827 1.0844
0.974738 0.963647
0.481711 0.808016
0.482166 0.554858
0.483529 0.522532
0.485791 0.762527
0.488941 0.679836
0.492962 0.839258
0.497832 0.705041
0.503527 0.740585
0.510019 0.691176
0.517277 0.841124
0.525272 0.876684
0.533968 0.680698
0.543333 0.768964
0.553333 0.538877
0.563933 0.798102
0.575101 0.652931
0.586805 0.992036
0.599012 0.884623
0.611692 0.819981
0.624818 1.11194
0.638361 1.0228
0.652296 0.652453
0.666597 1.23807
0.681242 1.27888
0.696209 0.889445
0.711478 1.15756
0.72703 1.43333
0.742846 1.47841
0.758911 0.989736
0.775209 0.930485
0.482166 0.683874
0.482621 0.645503
0.483982 0.479433
0.486243 0.772804
0.48939 0.596524
0.493407 0.619038
0.498272 0.678651
0.503962 0.616119
0.510448 0.613341
0.517701 0.712438
0.525689 0.645295
0.534379 0.712476
0.543737 0.690588
0.553729 0.686655
0.564322 0.597908
0.575482 0.75098
0.587178 0.981022
0.599378 0.692089
0.612051 0.87058
0.625169 1.01176
0.638705 1.19466
0.652632 0.876753
0.666926 1.21802
0.681564 0.974961
0.696524 1.08868
0.711786 1.14343
0.727331 1.07846
0.743141 1.05655
0.7592 1.33099
0.775492 1.15284
0.483529 0.566689
0.483982 0.589821
0.48534 0.433603
0.487594 0.711731
0.490732 0.924139
0.494739 0.614315
0.499591 0.633614
0.505266 0.481836
0.511736 0.947393
0.518971 0.666655
0.526939 0.651161
0.535609 0.767905
0.544945 0.740124
0.554916 0.642325
0.565487 0.560652
0.576625 0.791836
0.588298 0.739097
0.600474 0.917936
0.613125 0.965959
0.626221 1.03097
0.639734 0.979413
0.653639 0.810788
0.667912 0.874973
0.682529 0.848225
0.697468 1.00805
0.71271 1.04679
0.728235 1.26075
0.744026 1.55869
0.760066 0.982585
0.77634 1.35106
0.485791 0.698745
0.486243 0.754421
0.487594 0.493579
0.489838 0.74756
0.492962 0.6331
0.49695 0.654869
0.501781 0.494571
0.507432 0.787274
0.513874 0.605826
0.521079 0.655278
0.529016 0.667724
0.537652 0.896321
0.546954 0.79048
0.556889 0.553589
0.567423 0.632075
0.578523 1.0161
0.590159 0.894122
0.602298 0.737909
0.614911 0.582989
0.627969 0.948162
0.641446 0.873145
0.655315 0.941226
0.669552 0.937696
0.684133 0.871476
0.699039 1.10569
0.714247 1.03859
0.72974 1.1065
0.745499 1.06973
0.761508 1.45449
0.777751 1.50318
0.488941 0.462576
0.48939 1.09826
0.490732 0.702473
0.492962 0.701937
0.496067 0.778668
0.50003 0.707664
0.504832 0.580812
0.510448 0.456764
0.516853 0.756353
0.524017 0.630311
0.53191 0.624404
0.5405 0.538369
0.549754 0.957464
0.559639 0.728448
0.570122 0.720901
0.581171 0.639918
0.592755 0.721139
0.604842 1.35087
0.617403 0.866948
0.630409 0.662346
0.643835 0.712223
0.657653 0.861129
0.671841 1.26646
0.686374 1.00856
0.701232 0.77475
0.716393 1.13503
0.731841 1.00948
0.747555 1.17522
0.763521 1.42669
0.779723 0.752403
0.492962 0.752386
0.493407 0.683983
0.494739 0.651357
0.49695 0.642331
0.50003 0.5735
0.503962 0.913503
0.508727 0.376633
0.514301 0.977125
0.520658 0.995615
0.527771 1.06033
0.535609 0.843999
0.54414 0.635878
0.553333 0.46964
0.563155 0.777434
0.573574 0.96139
0.584558 0.823843
0.596075 1.09431
0.608096 1.08714
0.620592 0.968185
0.633533 1.1584
0.646894 0.812981
0.660648 0.912076
0.674772 0.77941
0.689244 1.13484
0.704041 0.991551
0.719143 1.01314
0.734533 1.02043
0.750191 0.985911
0.766102 1.12923
0.78225 1.34746
0.497832 0.77036
0.498272 0.69588
0.499591 0.578819
0.501781 0.659013
0.504832 0.729854
0.508727 0.536949
0.513447 0.557619
0.518971 0.827001
0.525272 0.981417
0.532323 0.663097
0.540094 0.736872
0.548556 0.785825
0.557676 0.62209
0.567423 1.04668
0.577765 1.01125
0.58867 0.895998
0.600109 0.82945
0.612051 1.13999
0.624467 0.910212
0.63733 0.743378
0.650612 1.36128
0.66429 0.914472
0.678338 1.1562
0.692735 1.3773
0.707459 0.929138
0.72249 1.07472
0.73781 1.19156
0.7534 1.05255
0.769245 1.07313
0.785328 1.1399
0.503527 0.518386
0.503962 0.795207
0.505266 0.470818
0.507432 0.863803
0.510448 0.489697
0.514301 1.15838
0.518971 0.571804
0.524436 0.693407
0.530672 0.635984
0.537652 0.63936
0.545348 0.620546
0.553729 0.959899
0.562765 0.898631
0.572425 0.821617
0.582679 0.976397
0.593494 0.934846
0.604842 0.902711
0.616692 0.770202
0.629016 1.36123
0.641788 0.791993
0.65498 1.05611
0.668568 0.747209
0.682529 1.19796
0.696839 1.41653
0.711478 1.25964
0.726426 1.4022
0.741664 1.21125
0.757175 1.13064
0.772942 1.2881
0.788951 1.28029
0.510019 0.801486
0.510448 0.832374
0.511736 0.652074
0.513874 0.789131
0.516853 0.661579
0.520658 0.528966
0.525272 0.954816
0.530672 1.24917
0.536836 0.71572
0.543737 0.886774
0.551347 0.865496
0.559639 0.822143
0.568581 0.7847
0.578144 0.901203
0.588298 0.937059
0.599012 0.750422
0.610257 0.947456
0.622004 1.01663
0.634225 0.991462
0.646894 1.15414
0.659984 0.884826
0.673471 0.955835
0.687332 0.943784
0.701544 0.770812
0.716087 1.41521
0.730941 0.957052
0.746087 1.07009
0.761508 1.32919
0.777187 1.32427
0.79311 1.41966
0.517277 0.531716
0.517701 0.583497
0.518971 0.612883
0.521079 0.728675
0.524017 0.730672
0.527771 0.813072
0.532323 0.711891
0.537652 0.701866
0.543737 0.8723
0.550551 0.681923
0.558069 0.731514
0.566262 1.03309
0.575101 0.762404
0.584558 0.784457
0.594602 0.919248
0.605204 1.01918
0.616336 1.02338
0.627969 0.742624
0.640077 1.07834
0.652632 1.04687
0.665609 0.899291
0.678985 1.01392
0.692735 0.933694
0.706839 1.13851
0.721275 1.12571
0.736024 1.33526
0.751068 1.00711
0.766388 1.51172
0.78197 1.21744
0.797797 0.983817
0.525272 0.63874
0.525689 0.862137
0.526939 0.605585
0.529016 0.428198
0.53191 0.825312
0.535609 0.600263
0.540094 0.605902
0.545348 1.12153
0.551347 0.753304
0.558069 0.789421
0.565487 0.976334
0.573574 0.601493
0.582302 0.994072
0.591643 1.00211
0.601569 0.605189
0.612051 0.887568
0.623061 1.05423
0.634571 1.10577
0.646554 1.03779
0.658986 1.20134
0.671841 0.832203
0.685095 1.23486
0.698725 1.02191
0.71271 1.1342
0.72703 0.785816
0.741664 1.47502
0.756596 1.38042
0.771807 1.59054
0.787281 1.27121
0.803003 1.10102
0.533968 0.666822
0.534379 0.780192
0.535609 0.935818
0.537652 0.472189
0.5405 0.889479
0.54414 0.650082
0.548556 1.01176
0.553729 0.754837
0.559639 1.00258
0.566262 0.526057
0.573574 0.692528
0.581548 0.708382
0.590159 0.855574
0.599378 0.757887
0.609177 0.775825
0.61953 1.00376
0.630409 0.94748
0.641788 0.911554
0.653639 1.20469
0.665939 1.05849
0.678662 1.11445
0.691785 1.0265
0.705286 1.62461
0.719143 1.10664
0.733337 1.2391
0.747849 1.03765
0.762659 1.48188
0.777751 1.419
0.79311 0.807543
0.808719 1.47304
0.543333 0.774262
0.543737 0.691923
0.544945 0.710017
0.546954 0.589018
0.549754 0.790623
0.553333 0.531548
0.557676 0.710219
0.562765 0.744074
0.568581 0.518493
0.575101 0.862465
0.582302 0.579947
0.590159 0.807926
0.598645 0.734528
0.607736 0.769966
0.617403 0.778619
0.62762 0.799447
0.638361 1.21722
0.6496 0.670427
0.661312 0.935411
0.673471 0.668349
0.686054 0.937807
0.699039 1.51111
0.712402 1.2763
0.726124 1.287
0.740184 0.924837
0.754564 1.08572
0.769245 1.71185
0.78421 1.60387
0.799445 1.20071
0.814932 1.26285
0.553333 0.639741
0.553729 0.691377
0.554916 0.789477
0.556889 0.634381
0.559639 0.80501
0.563155 0.554296
0.567423 0.693207
0.572425 0.552312
0.578144 0.975978
0.584558 1.02212
0.591643 0.931376
0.599378 0.897592
0.607736 0.92698
0.616692 0.964065
0.626221 1.07456
0.636296 1.09781
0.646894 1.2031
0.657987 1.16868
0.669552 1.17736
0.681564 0.889096
0.694001 0.885801
0.706839 1.39307
0.720058 1.30339
0.733636 1.0329
0.747555 1.33839
0.761796 1.28737
0.77634 0.926366
0.791171 1.13021
0.806274 1.04181
0.821633 1.17419
0.563933 0.615546
0.564322 0.746797
0.565487 0.759951
0.567423 0.763652
0.570122 0.916889
0.573574 0.911276
0.577765 0.767796
0.582679 0.635797
0.588298 0.761062
0.594602 1.08065
0.601569 0.917853
0.609177 0.784385
0.617403 1.0575
0.626221 0.756568
0.635607 0.571626
0.645536 1.35982
0.655984 0.797691
0.666926 1.027
0.678338 1.0043
0.690198 0.781938
0.702481 1.41919
0.715168 1.05079
0.728235 1.35839
0.741664 1.21445
0.755435 1.30497
0.76953 1.27994
0.783931 1.24497
0.798621 1.2645
0.813586 0.945317
0.828809 1.41285
0.575101 0.706395
0.575482 0.818834
0.576625 0.621218
0.578523 0.551689
0.581171 0.916169
0.584558 0.860033
0.58867 0.673795
0.593494 0.987178
0.599012 1.04548
0.605204 1.12187
0.612051 0.837723
0.61953 1.09843
0.62762 0.823378
0.636296 1.16347
0.645536 1.09948
0.655315 1.14643
0.665609 1.42609
0.676396 1.1592
0.687651 0.997432
0.699352 0.970728
0.711478 1.23907
0.724007 0.913311
0.736918 1.45441
0.750191 1.44329
0.763808 1.36404
0.777751 1.06883
0.792003 1.12401
0.806546 1.01799
0.821366 0.898101
0.836448 1.38752
0.586805 0.714922
0.587178 0.825542
0.588298 0.714371
0.590159 0.601727
0.592755 0.908629
0.596075 1.03249
0.600109 0.919509
0.604842 1.15659
0.610257 0.764879
0.616336 0.988928
0.623061 0.661522
0.630409 0.860774
0.638361 1.12326
0.646894 1.38392
0.655984 1.03862
0.665609 0.97279
0.675747 1.45818
0.686374 1.04836
0.697468 1.26553
0.709008 1.17941
0.720971 1.34138
0.733337 1.29126
0.746087 1.58165
0.7592 1.58167
0.772659 1.14469
0.786445 0.978338
0.800541 0.886711
0.814932 1.44262
0.829603 0.837429
0.844537 1.14701
0.599012 1.01735
0.599378 0.676239
0.600474 0.858346
0.602298 0.740604
0.604842 1.11535
0.608096 0.69996
0.612051 0.647496
0.616692 1.3203
0.622004 0.82049
0.627969 1.07855
0.634571 0.888428
0.641788 1.02152
0.6496 0.702754
0.657987 0.939779
0.666926 1.21903
0.676396 0.990002
0.686374 1.31653
0.696839 0.933195
0.707769 1.07174
0.719143 1.19652
0.730941 1.21299
0.743141 1.08754
0.755726 1.21654
0.768674 0.927842
0.78197 1.26867
0.795595 1.07004
0.809532 1.05288
0.823766 0.920764
0.838281 1.36165
0.853064 1.39114
0.611692 0.838336
0.612051 0.784534
0.613125 0.851437
0.614911 1.06904
0.617403 0.87303
0.620592 0.727287
0.624467 0.946714
0.629016 1.11473
0.634225 0.627018
0.640077 0.886972
0.646554 1.38341
0.653639 1.05238
0.661312 0.932816
0.669552 0.78791
0.678338 1.3452
0.687651 1.16625
0.697468 1.20173
0.707769 0.927625
0.718533 1.21024
0.72974 1.06653
0.741369 1.3981
0.7534 1.11142
0.765816 1.36265
0.778597 1.43941
0.791726 1.235
0.805185 1.36609
0.818959 1.2049
0.833032 1.05292
0.847389 1.10507
0.862016 0.926377
0.624818 0.671329
0.625169 1.00846
0.626221 0.868387
0.627969 0.824966
0.630409 0.85304
0.633533 1.14681
0.63733 0.966328
0.641788 1.10152
0.646894 1.13619
0.652632 1.43386
0.658986 0.727073
0.665939 1.2932
0.673471 1.05363
0.681564 1.33223
0.690198 0.913825
0.699352 1.04029
0.709008 1.10681
0.719143 0.944981
0.72974 1.2941
0.740777 1.12081
0.752235 0.945486
0.764095 1.0543
0.77634 1.24466
0.788951 1.26376
0.80191 1.20637
0.815201 1.56009
0.828809 1.16381
0.842718 1.16696
0.856912 1.32471
0.871379 1.22267
0.638361 0.943425
0.638705 0.756693
0.639734 1.12049
0.641446 0.708309
0.643835 0.780636
0.646894 1.05253
0.650612 0.683801
0.65498 0.834247
0.659984 0.888874
0.665609 0.941998
0.671841 0.820375
0.678662 0.810971
0.686054 1.3737
0.694001 1.02778
0.702481 0.985694
0.711478 1.34667
0.720971 1.10784
0.730941 1.08682
0.741369 1.15008
0.752235 1.14244
0.763521 1.32445
0.775209 1.6977
0.787281 1.58948
0.799719 1.15231
0.812507 1.62968
0.825627 0.877434
0.839066 1.42952
0.852807 1.8552
0.866837 1.01811
0.881141 0.901353
0.652296 1.03996
0.652632 0.750222
0.653639 1.05978
0.655315 1.03179
0.657653 1.26907
0.660648 1.09593
0.66429 1.22571
0.668568 0.753334
0.673471 1.32136
0.678985 1.09599
0.685095 1.29485
0.691785 1.93009
0.699039 1.14983
0.706839 1.08468
0.715168 1.26214
0.724007 1.08791
0.733337 0.981545
0.743141 1.38725
0.7534 1.13016
0.764095 1.56865
0.775209 0.744914
0.786723 1.0653
0.798621 1.25427
0.810885 1.25877
0.8235 1.04689
0.836448 1.15338
0.849715 0.974329
0.863287 1.27073
0.877149 1.49433
0.891288 1.36592
0.666597 0.890699
0.666926 1.06348
0.667912 0.681626
0.669552 0.950075
0.671841 0.719055
0.674772 1.38798
0.678338 0.975825
0.682529 0.855749
0.687332 1.17545
0.692735 0.869073
0.698725 0.939121
0.705286 0.912718
0.712402 1.10289
0.720058 1.25352
0.728235 0.75348
0.736918 1.17815
0.746087 1.46607
0.755726 1.09457
0.765816 1.58305
0.77634 1.29312
0.787281 1.30513
0.798621 1.41744
0.810344 1.05336
0.822434 0.904365
0.834873 1.34316
0.847648 1.10602
0.860743 1.11572
0.874143 1.54613
0.887836 1.24219
0.901807 1.14858
0.681242 0.877699
0.681564 1.07405
0.682529 0.961042
0.684133 1.34608
0.686374 1.03932
0.689244 1.30089
0.692735 1.29904
0.696839 1.22685
0.701544 1.08274
0.706839 0.793812
0.71271 1.0159
0.719143 1.26418
0.726124 1.18011
0.733636 1.19127
0.741664 1.19954
0.750191 1.70094
0.7592 1.13209
0.768674 1.21368
0.778597 1.47033
0.788951 1.12805
0.799719 1.00707
0.810885 1.14439
0.822434 0.798461
0.834348 1.68983
0.846612 1.51794
0.859213 1.13108
0.872134 1.43503
0.885362 1.08047
0.898884 1.04424
0.912685 0.833241
0.696209 0.809905
0.696524 1.26745
0.697468 1.10497
0.699039 1.03627
0.701232 1.02255
0.704041 1.28646
0.707459 0.837563
0.711478 1.25561
0.716087 0.715091
0.721275 1.16059
0.72703 1.49322
0.733337 1.22449
0.740184 0.941976
0.747555 1.34229
0.755435 1.19764
0.763808 1.14446
0.772659 1.10421
0.78197 1.14657
0.791726 0.739374
0.80191 1.26805
0.812507 1.20652
0.8235 0.947123
0.834873 1.31499
0.846612 0.793973
0.858702 1.0365
0.871127 0.930064
0.883874 1.02671
0.896929 0.92943
0.910279 1.0897
0.923911 0.976078
0.711478 1.24993
0.711786 1.25769
0.71271 1.38459
0.714247 0.756552
0.716393 1.31302
0.719143 1.18859
0.72249 1.30073
0.726426 1.12987
0.730941 1.28114
0.736024 1.13609
0.741664 1.64422
0.747849 0.861238
0.754564 1.30632
0.761796 1.09535
0.76953 0.8982
0.777751 1.04538
0.786445 1.5729
0.795595 0.970493
0.805185 1.26599
0.815201 1.16039
0.825627 1.33849
0.836448 1.18457
0.847648 0.915126
0.859213 1.50955
0.871127 1.05775
0.883378 1.20147
0.895951 1.15951
0.908832 1.02245
0.92201 1.09106
0.93547 1.25124
0.72703 1.31437
0.727331 0.866014
0.728235 1.17706
0.72974 1.25667
0.731841 0.738197
0.734533 1.03134
0.73781 1.18798
0.741664 1.43951
0.746087 1.07349
0.751068 1.07489
0.756596 0.946346
0.762659 1.48451
0.769245 0.885635
0.77634 1.49748
0.783931 1.30078
0.792003 1.52479
0.800541 1.35899
0.809532 1.31682
0.818959 1.06832
0.828809 1.3331
0.839066 1.1428
0.849715 1.27644
0.860743 0.847497
0.872134 1.37589
0.883874 0.86007
0.895951 1.34743
0.90835 1.18151
0.921058 0.97919
0.934063 0.883246
0.947352 1.01957
0.742846 1.42179
0.743141 1.05523
0.744026 1.23759
0.745499 1.33828
0.747555 1.05218
0.750191 1.33368
0.7534 1.32125
0.757175 0.859864
0.761508 1.00989
0.766388 1.22522
0.771807 1.41913
0.777751 1.13691
0.78421 1.24961
0.791171 1.30379
0.798621 1.16333
0.806546 1.14078
0.814932 0.948859
0.823766 1.0005
0.833032 1.10376
0.842718 1.04529
0.852807 1.18668
0.863287 1.00296
0.874143 1.20449
0.885362 1.00459
0.896929 0.996877
0.908832 1.18782
0.921058 0.901101
0.933593 0.990806
0.946426 0.789637
0.959544 0.935546
0.758911 1.17864
0.7592 1.02254
0.760066 1.14344
0.761508 1.0536
0.763521 1.15387
0.766102 1.1624
0.769245 1.34909
0.772942 1.10271
0.777187 1.03596
0.78197 1.34911
0.787281 1.11596
0.79311 1.08244
0.799445 1.41547
0.806274 0.960005
0.813586 0.992966
0.821366 1.0759
0.829603 1.19901
0.838281 1.21249
0.847389 1.57167
0.856912 1.55397
0.866837 1.53576
0.877149 1.11702
0.887836 1.05092
0.898884 1.22942
0.910279 0.996131
0.92201 0.846145
0.934063 0.963655
0.946426 0.757426
0.959087 1.11212
0.972034 1.14922
0.775209 1.11296
0.775492 1.25111
0.77634 1.14792
0.777751 1.51417
0.779723 1.13096
0.78225 1.08387
0.785328 1.33469
0.788951 1.5786
0.79311 0.997726
0.797797 1.35155
0.803003 1.36465
0.808719 1.23638
0.814932 0.953819
0.821633 1.5134
0.828809 1.28024
0.836448 1.29423
0.844537 1.15146
0.853064 1.09377
0.862016 1.45481
0.871379 1.17784
0.881141 1.35765
0.891288 1.13673
0.901807 0.956623
0.912685 1.31466
0.923911 1.10096
0.93547 0.948918
0.947352 0.866116
0.959544 1.22884
0.972034 1.18162
0.984811 0.892568
0.502655 0.715002
0.503091 0.616141
0.504397 0.575071
0.506567 0.763636
0.509588 0.67505
0.513447 0.740223
0.518125 0.835134
0.523599 0.606752
0.529845 0.570994
0.536836 0.671216
0.544543 0.669864
0.552936 0.516471
0.561985 0.783387
0.571659 0.5829
0.581925 0.971646
0.592755 0.91142
0.604116 0.728124
0.61598 0.670558
0.628319 1.11881
0.641104 0.953113
0.65431 1.07912
0.667912 1.61109
0.681886 0.818612
0.696209 1.26043
0.710861 1.25856
0.725822 1.18826
0.741073 0.902061
0.756596 1.58865
0.772375 1.34987
0.788394 1.0955
0.503091 0.677745
0.503527 0.634571
0.504832 0.613591
0.506999 0.775708
0.510019 0.910398
0.513874 0.740321
0.518548 0.574307
0.524017 0.683311
0.530258 0.750335
0.537244 0.766623
0.544945 0.736346
0.553333 0.794752
0.562375 0.63686
0.572042 0.996988
0.582302 0.744201
0.593124 0.941633
0.604479 0.792699
0.616336 0.791296
0.628667 1.01634
0.641446 0.989928
0.654645 1.04403
0.66824 0.897635
0.682207 0.989792
0.696524 1.18667
0.71117 1.24219
0.726124 1.23111
0.741369 1.01048
0.756886 1.43876
0.772659 1.25288
0.788673 1.35814
0.504397 0.629947
0.504832 0.593153
0.506133 0.664285
0.508295 0.749614
0.511307 0.771581
0.515153 0.726355
0.519815 0.714335
0.525272 0.886398
0.531498 0.844719
0.538467 0.757427
0.546151 0.885945
0.554521 1.04078
0.563544 0.677571
0.573191 0.855847
0.583431 0.926466
0.594233 0.894627
0.605566 0.729452
0.617403 0.862072
0.629713 1.14624
0.642471 0.729166
0.655649 0.857023
0.669224 0.957646
0.683171 1.03088
0.697468 0.910557
0.712094 0.804116
0.72703 0.82885
0.742256 1.43353
0.757754 1.78548
0.77351 1.29639
0.789506 1.10833
0.506567 0.979802
0.506999 0.530461
0.508295 0.785551
0.510448 0.678465
0.513447 0.780658
0.517277 0.604173
0.521921 0.814991
0.527355 0.721683
0.533557 0.73468
0.5405 0.65674
0.548156 0.547075
0.556495 0.701884
0.565487 0.797767
0.575101 0.710303
0.585308 0.865244
0.596075 0.688689
0.607375 0.933546
0.619176 1.02518
0.631452 0.76084
0.644175 1.0597
0.65732 0.981502
0.670861 0.953682
0.684774 1.21205
0.699039 0.576492
0.713633 1.49538
0.728536 1.25714
0.743731 1.17402
0.7592 0.915167
0.774926 1.42436
0.790894 0.95942
0.509588 0.942824
0.510019 0.591327
0.511307 0.566317
0.513447 0.756235
0.516429 0.811258
0.520237 0.950407
0.524854 0.705395
0.530258 0.649064
0.536427 0.773688
0.543333 0.593353
0.550949 1.14538
0.559247 0.793836
0.568195 0.620199
0.577765 1.30775
0.587925 0.86225
0.598645 0.875041
0.609897 1.03576
0.621651 1.07091
0.633879 0.703531
0.646554 0.925712
0.659651 1.04769
0.673145 1.06928
0.687013 1.13344
0.701232 1.4643
0.715781 0.901682
0.730641 1.26811
0.745793 1.16946
0.76122 1.18152
0.776905 1.28522
0.792833 0.959561
0.513447 0.593983
0.513874 0.603639
0.515153 0.692933
0.517277 0.633673
0.520237 0.553581
0.524017 0.564018
0.528601 0.595353
0.533968 0.616258
0.540094 0.652436
0.546954 0.727147
0.554521 0.95331
0.562765 0.68255
0.571659 0.923642
0.581171 0.764839
0.591273 0.87517
0.601934 0.519113
0.613125 0.977685
0.624818 1.14169
0.636985 0.859247
0.6496 0.908005
0.662637 0.619279
0.676071 1.25307
0.68988 1.1361
0.704041 1.17839
0.718533 1.21047
0.733337 0.990136
0.748435 1.03
0.763808 1.10193
0.779441 0.938252
0.795319 1.18112
0.518125 0.738117
0.518548 0.533339
0.519815 0.763134
0.521921 0.517379
0.524854 0.813959
0.528601 0.70538
0.533146 0.653196
0.538467 0.619185
0.544543 0.644316
0.551347 0.669707
0.558854 1.01154
0.567036 0.781393
0.575863 0.817765
0.585308 0.692706
0.595339 0.787679
0.605928 0.852222
0.617047 1.00186
0.628667 0.940477
0.640762 0.845654
0.653304 1.33802
0.666268 0.90188
0.67963 1.0107
0.693368 1.36895
0.707459 0.957017
0.721883 1.1586
0.73662 1.28666
0.751652 1.23788
0.766961 0.92738
0.782531 0.937719
0.798346 0.929066
0.523599 0.702778
0.524017 0.713049
0.525272 0.718461
0.527355 0.622968
0.530258 0.880271
0.533968 0.945231
0.538467 0.724159
0.543737 0.923493
0.549754 0.595127
0.556495 0.741835
0.563933 0.504629
0.572042 0.835997
0.580794 0.627095
0.590159 1.01599
0.600109 0.912774
0.610616 0.592291
0.621651 0.985743
0.633187 1.00655
0.645196 0.971604
0.657653 0.725771
0.670534 1.02574
0.683813 1.24333
0.697468 1.34484
0.711478 0.972711
0.725822 1.44851
0.74048 1.23145
0.755435 1.17811
0.770669 1.23101
0.786166 0.997313
0.80191 1.48789
0.529845 0.635417
0.530258 0.802809
0.531498 0.903165
0.533557 0.675257
0.536427 0.757856
0.540094 0.798709
0.544543 0.897312
0.549754 0.816716
0.555706 1.00237
0.562375 0.822051
0.569737 0.78428
0.577765 0.905258
0.586431 0.830885
0.595707 0.896548
0.605566 1.11593
0.61598 0.558664
0.626921 1.03683
0.638361 1.25614
0.650275 1.35036
0.662637 0.802492
0.675422 0.953585
0.688607 1.15602
0.702169 1.57395
0.716087 0.890446
0.730341 0.927084
0.74491 1.11522
0.759778 1.50122
0.774926 0.889849
0.790339 1.15973
0.806002 1.18384
0.536836 0.506001
0.537244 0.611688
0.538467 0.572483
0.5405 0.759054
0.543333 0.583537
0.546954 0.861879
0.551347 0.667268
0.556495 0.813803
0.562375 0.696036
0.568967 0.61865
0.576244 0.897642
0.584182 0.794263
0.592755 0.989451
0.601934 0.923667
0.611692 0.909015
0.622004 1.60528
0.63284 0.9174
0.644175 0.735716
0.655984 1.16697
0.66824 1.0988
0.68092 0.897266
0.694001 0.852375
0.707459 1.2836
0.721275 1.1706
0.735428 1.28397
0.749899 1.46168
0.764669 1.4447
0.779723 1.24502
0.795043 1.37234
0.810615 1.23247
0.544543 0.698257
0.544945 0.986612
0.546151 0.735392
0.548156 0.663048
0.550949 0.531163
0.554521 1.0294
0.558854 0.68258
0.563933 0.9234
0.569737 1.02871
0.576244 0.837141
0.583431 0.526552
0.591273 0.730518
0.599743 0.857025
0.608817 0.879715
0.618467 1.19663
0.628667 0.742258
0.639391 1.10728
0.650612 0.894322
0.662306 1.1291
0.674447 1.01674
0.687013 1.0487
0.699979 1.24233
0.713325 1.13094
0.72703 0.912493
0.741073 1.34963
0.755435 1.53838
0.7701 1.18369
0.785049 0.979395
0.800267 0.806856
0.815739 1.16941
0.552936 0.689795
0.553333 0.697982
0.554521 0.626249
0.556495 0.708354
0.559247 0.803663
0.562765 0.739662
0.567036 0.612238
0.572042 0.933682
0.577765 0.760073
0.584182 0.672379
0.591273 0.997254
0.599012 1.00058
0.607375 0.703006
0.616336 0.504088
0.62587 0.789191
0.635952 1.05821
0.646554 1.02148
0.657653 1.01079
0.669224 0.900682
0.681242 0.810514
0.693684 1.0895
0.706529 1.29596
0.719753 0.90436
0.733337 1.94615
0.747262 1.01895
0.761508 1.50395
0.776057 1.24088
0.790894 1.00911
0.806002 1.7761
0.821366 1.12445
0.561985 0.921447
0.562375 0.694508
0.563544 0.694406
0.565487 0.787031
0.568195 0.642769
0.571659 0.675292
0.575863 0.502777
0.580794 0.760584
0.586431 0.660111
0.592755 1.06976
0.599743 0.611824
0.607375 1.02684
0.615624 0.879247
0.624467 0.888137
0.633879 0.799164
0.643835 1.09262
0.65431 0.578838
0.66528 0.821742
0.67672 0.958521
0.688607 1.13075
0.700919 1.18492
0.713633 0.972468
0.726728 1.53303
0.740184 0.946761
0.753982 1.48136
0.768104 0.839957
0.782531 1.32175
0.797247 1.32048
0.812237 1.21461
0.827485 0.971811
0.571659 0.596215
0.572042 0.905619
0.573191 0.741439
0.575101 0.937002
0.577765 0.872087
0.581171 0.93908
0.585308 0.725495
0.590159 0.999732
0.595707 0.824475
0.601934 0.79116
0.608817 0.662302
0.616336 0.803988
0.624467 0.774093
0.633187 0.861744
0.642471 1.23863
0.652296 0.894425
0.662637 1.34563
0.673471 0.602599
0.684774 1.06923
0.696524 1.02019
0.708698 1.04261
0.721275 1.05233
0.734234 1.00055
0.747555 1.59808
0.76122 1.13816
0.775209 1.46605
0.789506 1.38339
0.804095 1.30535
0.818959 1.63598
0.834085 1.0293
0.581925 0.751358
0.582302 1.03347
0.583431 1.33881
0.585308 0.661797
0.587925 0.874952
0.591273 0.731916
0.595339 0.790276
0.600109 1.0716
0.605566 0.815971
0.611692 0.770906
0.618467 0.904336
0.62587 0.866394
0.633879 0.902197
0.642471 0.871621
0.651623 1.07841
0.661312 1.33476
0.671514 1.40054
0.682207 1.22745
0.693368 1.52691
0.704975 1.13909
0.717005 1.3625
0.729439 1.22101
0.742256 1.07939
0.755435 1.13074
0.76896 1.70371
0.782811 1.0417
0.796972 1.17293
0.811426 1.12526
0.826159 1.05577
0.841155 1.25592
0.592755 0.843407
0.593124 0.682929
0.594233 0.863117
0.596075 1.00006
0.598645 0.952752
0.601934 1.13046
0.605928 0.958194
0.610616 0.770835
0.61598 0.723717
0.622004 1.04251
0.628667 1.01016
0.635952 0.773068
0.643835 1.01382
0.652296 1.04496
0.661312 0.952285
0.670861 1.12083
0.68092 1.28021
0.691468 0.92152
0.702481 0.833311
0.71394 0.698585
0.725822 1.23987
0.738107 1.07623
0.750776 1.60505
0.763808 1.23932
0.777187 0.875463
0.790894 1.09875
0.804913 1.22903
0.819227 1.00622
0.833822 1.16669
0.848682 1.02557
0.604116 0.840379
0.604479 1.08601
0.605566 1.02518
0.607375 1.27646
0.609897 0.89635
0.613125 0.858315
0.617047 0.806697
0.621651 1.0895
0.626921 0.853912
0.63284 1.19878
0.639391 0.955157
0.646554 1.09123
0.65431 1.07474
0.662637 0.799731
0.671514 1.45399
0.68092 0.923707
0.690833 1.67424
0.701232 0.977109
0.712094 1.08541
0.723401 1.22553
0.73513 0.819944
0.747262 1.53764
0.759778 1.1033
0.772659 1.63527
0.785887 1.37831
0.799445 1.41836
0.813316 0.880523
0.827485 0.833983
0.841936 1.50359
0.856656 0.956469
0.61598 0.889885
0.616336 1.31458
0.617403 1.00673
0.619176 0.896294
0.621651 0.766999
0.624818 1.10075
0.628667 0.960337
0.633187 0.777756
0.638361 0.7496
0.644175 0.937164
0.650612 0.885867
0.657653 1.04242
0.66528 0.998686
0.673471 0.834452
0.682207 1.02821
0.691468 1.35436
0.701232 1.29738
0.711478 0.813084
0.722187 1.20567
0.733337 1.58146
0.74491 1.21961
0.756886 0.822219
0.769245 1.38696
0.78197 1.27663
0.795043 1.07779
0.808447 0.817413
0.822167 1.38194
0.836186 1.28284
0.850489 0.935644
0.865064 1.43778
0.628319 0.662734
0.628667 0.996112
0.629713 0.936102
0.631452 1.04052
0.633879 0.854286
0.636985 1.33956
0.640762 0.973643
0.645196 1.01014
0.650275 0.702144
0.655984 0.802078
0.662306 0.890395
0.669224 1.10774
0.67672 1.17388
0.684774 1.31203
0.693368 1.14839
0.702481 1.55937
0.712094 1.66258
0.722187 1.02427
0.732739 1.06659
0.743731 1.65211
0.755145 1.06843
0.766961 0.909028
0.77916 1.3589
0.791726 1.33157
0.80464 1.08205
0.817887 1.19126
0.831451 1.0053
0.845316 1.24627
0.859468 1.09164
0.873892 0.907655
0.641104 0.778958
0.641446 0.950597
0.642471 0.920413
0.644175 1.11057
0.646554 0.962751
0.6496 0.966549
0.653304 0.850017
0.657653 0.809855
0.662637 1.24418
0.66824 1.02474
0.674447 1.09381
0.681242 0.90686
0.688607 1.13795
0.696524 1.12162
0.704975 1.16041
0.71394 0.838036
0.723401 1.08762
0.733337 1.45144
0.743731 1.12768
0.754564 1.45054
0.765816 1.25875
0.777469 1.00875
0.789506 1.30583
0.80191 1.4483
0.814663 1.43235
0.82775 1.37823
0.841155 1.49738
0.854862 1.13687
0.868858 0.840895
0.88313 0.950012
0.65431 1.15681
0.654645 0.661241
0.655649 0.687807
0.65732 0.885028
0.659651 1.03888
0.662637 0.93287
0.666268 0.826978
0.670534 1.32798
0.675422 0.773595
0.68092 1.16888
0.687013 1.06832
0.693684 1.0891
0.700919 1.24371
0.708698 1.19311
0.717005 0.875568
0.725822 0.635055
0.73513 1.17198
0.74491 1.03178
0.755145 1.20682
0.765816 1.22902
0.776905 1.07205
0.788394 1.44694
0.800267 1.28141
0.812507 1.22863
0.825096 1.15294
0.83802 1.00169
0.851263 1.36539
0.86481 0.944246
0.878648 1.04418
0.892763 1.18589
0.667912 0.758426
0.66824 1.03238
0.669224 1.37829
0.670861 0.900288
0.673145 0.905091
0.676071 1.07415
0.67963 1.21773
0.683813 1.124
0.688607 1.15614
0.694001 1.12405
0.699979 1.08076
0.706529 1.02143
0.713633 0.820021
0.721275 1.29497
0.729439 1.11095
0.738107 1.04689
0.747262 1.4408
0.756886 1.02192
0.766961 1.43692
0.777469 1.26762
0.788394 0.953129
0.799719 1.17251
0.811426 0.811201
0.8235 1.18084
0.835923 1.44584
0.848682 1.50469
0.861762 1.20837
0.875146 0.900207
0.888823 1.11186
0.902779 1.39621
0.681886 1.35169
0.682207 1.30078
0.683171 0.912112
0.684774 0.866118
0.687013 1.73523
0.68988 1.05193
0.693368 1.0646
0.697468 0.898186
0.702169 1.25905
0.707459 1.03102
0.713325 1.12485
0.719753 1.37225
0.726728 1.26035
0.734234 1.29434
0.742256 1.03492
0.750776 1.03399
0.759778 1.20389
0.769245 1.68463
0.77916 0.907193
0.789506 0.977403
0.800267 1.23287
0.811426 1.16599
0.822967 1.37129
0.834873 1.13072
0.84713 1.44921
0.859723 0.969377
0.872637 1.02506
0.885857 1.17811
0.899371 0.90347
0.913166 1.37116
0.696209 1.31634
0.696524 0.972903
0.697468 1.32429
0.699039 1.18396
0.701232 1.48448
0.704041 1.12685
0.707459 0.923157
0.711478 1.30565
0.716087 0.701768
0.721275 1.10348
0.72703 1.28589
0.733337 0.80875
0.740184 1.28238
0.747555 1.26529
0.755435 1.16372
0.763808 1.18161
0.772659 1.01812
0.78197 0.946245
0.791726 1.24056
0.80191 1.01742
0.812507 1.26166
0.8235 1.47007
0.834873 1.24803
0.846612 1.56411
0.858702 1.4234
0.871127 1.19525
0.883874 1.47929
0.896929 0.963573
0.910279 1.1578
0.923911 0.960677
0.710861 1.07379
0.71117 1.40714
0.712094 1.10991
0.713633 1.51457
0.715781 1.07427
0.718533 1.28606
0.721883 0.786559
0.725822 1.28055
0.730341 1.3135
0.735428 0.944409
0.741073 1.77872
0.747262 1.26714
0.753982 1.37751
0.76122 1.23347
0.76896 1.07324
0.777187 1.28538
0.785887 0.953639
0.795043 1.48611
0.80464 1.19745
0.814663 1.14348
0.825096 0.854674
0.835923 0.949967
0.84713 1.37174
0.858702 1.04042
0.870624 1.40518
0.882881 1.11328
0.895461 1.66021
0.90835 1.05615
0.921534 1.01851
0.935001 0.942321
0.725822 0.962256
0.726124 1.02319
0.72703 0.930191
0.728536 1.03947
0.730641 1.06757
0.733337 1.15141
0.73662 1.03546
0.74048 1.32313
0.74491 1.03831
0.749899 0.955306
0.755435 1.477
0.761508 1.26929
0.768104 0.95095
0.775209 1.49288
0.782811 1.27223
0.790894 1.33884
0.799445 1.46239
0.808447 0.97959
0.817887 1.21434
0.82775 1.26592
0.83802 1.06297
0.848682 1.12908
0.859723 1.66249
0.871127 1.23557
0.882881 0.915431
0.894971 0.95459
0.907383 1.34106
0.920105 1.51778
0.933123 0.855434
0.946426 1.05451
0.741073 1.50082
0.741369 1.02829
0.742256 1.40951
0.743731 1.27588
0.745793 0.728518
0.748435 0.857576
0.751652 1.04141
0.755435 1.17238
0.759778 0.928883
0.764669 1.59175
0.7701 0.83267
0.776057 1.02497
0.782531 0.969272
0.789506 1.4654
0.796972 1.1266
0.804913 1.06129
0.813316 0.842047
0.822167 0.927276
0.831451 1.35255
0.841155 1.02093
0.851263 1.05598
0.861762 1.15985
0.872637 1.43687
0.883874 1.26333
0.895461 1.31587
0.907383 1.40051
0.919628 1.23071
0.932182 0.890065
0.945034 1.12422
0.958171 0.739829
0.756596 1.3033
0.756886 1.36786
0.757754 1.19102
0.7592 1.03665
0.76122 1.08431
0.763808 1.22074
0.766961 2.00831
0.770669 1.15245
0.774926 1.42747
0.779723 0.904547
0.785049 1.02189
0.790894 1.07584
0.797247 1.31554
0.804095 1.25418
0.811426 1.41525
0.819227 1.30034
0.827485 1.63236
0.836186 1.43406
0.845316 1.41565
0.854862 1.35128
0.86481 1.14817
0.875146 1.21851
0.885857 1.11478
0.896929 1.19231
0.90835 1.0807
0.920105 1.26273
0.932182 1.0715
0.94457 1.01707
0.957255 1.07361
0.970227 0.971932
0.772375 1.10414
0.772659 1.15527
0.77351 1.49632
0.774926 1.12299
0.776905 1.60888
0.779441 1.28182
0.782531 1.20532
0.786166 0.84328
0.790339 1.08279
0.795043 1.35695
0.800267 0.79047
0.806002 1.51682
0.812237 1.20017
0.818959 1.09226
0.826159 1.10578
0.833822 1.23479
0.841936 1.16093
0.850489 0.925097
0.859468 1.04025
0.868858 1.31485
0.878648 1.25662
0.888823 1.16988
0.899371 1.254
0.910279 0.982675
0.921534 1.07693
0.933123 1.01237
0.945034 0.99513
0.957255 0.926871
0.969775 1.13196
0.982582 0.775659
0.788394 0.992704
0.788673 1.08161
0.789506 0.977034
0.790894 1.67401
0.792833 0.921363
0.795319 0.972756
0.798346 1.4459
0.80191 1.66882
0.806002 0.997451
0.810615 1.60166
0.815739 1.25166
0.821366 0.97921
0.827485 1.42267
0.834085 1.19835
0.841155 1.21303
0.848682 1.03479
0.856656 1.57216
0.865064 1.31226
0.873892 0.885601
0.88313 0.919007
0.892763 0.925439
0.902779 0.886102
0.913166 1.27895
0.923911 0.881424
0.935001 1.41737
0.946426 1.24207
0.958171 1.05396
0.970227 0.773904
0.982582 0.680486
0.995223 1.05643
0.523599 0.674087
0.524017 0.68414
0.525272 0.675423
0.527355 0.551324
0.530258 1.21268
0.533968 0.58618
0.538467 0.791329
0.543737 0.578007
0.549754 0.629366
0.556495 0.783603
0.563933 0.647316
0.572042 0.818429
0.580794 1.06378
0.590159 0.660063
0.600109 0.728228
0.610616 0.694342
0.621651 0.96522
0.633187 0.936809
0.645196 0.861843
0.657653 0.735176
0.670534 1.05552
0.683813 1.08324
0.697468 0.856618
0.711478 1.32734
0.725822 1.3667
0.74048 1.16866
0.755435 0.916625
0.770669 1.48463
0.786166 1.252
0.80191 1.55797
0.524017 0.722205
0.524436 0.512273
0.525689 0.702491
0.527771 0.577202
0.530672 0.614069
0.534379 0.83727
0.538874 0.790413
0.54414 0.883063
0.550153 0.743988
0.556889 0.939936
0.564322 0.859901
0.572425 0.700568
0.581171 1.08606
0.59053 0.934659
0.600474 0.699367
0.610975 0.722009
0.622004 0.621676
0.633533 0.969745
0.645536 0.713446
0.657987 0.696461
0.670861 1.05563
0.684133 1.17961
0.697783 1.39003
0.711786 0.991037
0.726124 1.03862
0.740777 1.20261
0.755726 1.35394
0.770954 1.39887
0.786445 1.23521
0.802183 0.988895
0.525272 0.386233
0.525689 0.614993
0.526939 0.659998
0.529016 1.10221
0.53191 0.591527
0.535609 0.502874
0.540094 0.824086
0.545348 0.627176
0.551347 0.775302
0.558069 0.877377
0.565487 0.616596
0.573574 1.11908
0.582302 0.99847
0.591643 0.824898
0.601569 0.689184
0.612051 0.982088
0.623061 1.14054
0.634571 1.21468
0.646554 1.03094
0.658986 1.31089
0.671841 1.0994
0.685095 1.00849
0.698725 0.692806
0.71271 1.20694
0.72703 0.875031
0.741664 1.10654
0.756596 1.25547
0.771807 1.0512
0.787281 1.18247
0.803003 1.13955
0.527355 0.527614
0.527771 0.865245
0.529016 0.683841
0.531085 0.533958
0.533968 0.787767
0.537652 0.918643
0.542121 0.840432
0.547355 1.2355
0.553333 0.681655
0.56003 0.749102
0.567423 0.761648
0.575482 0.626672
0.584182 0.79884
0.593494 0.855083
0.603389 0.808583
0.61384 0.841601
0.624818 0.854547
0.636296 0.851065
0.648248 0.823825
0.660648 0.829295
0.673471 0.765034
0.686693 0.803496
0.700293 0.62987
0.714247 1.06346
0.728536 1.1891
0.743141 0.971435
0.758044 1.10465
0.773226 1.15825
0.788673 1.28677
0.804368 1.20481
0.530258 0.443232
0.530672 0.692803
0.53191 0.487622
0.533968 0.597596
0.536836 0.487274
0.5405 0.544592
0.544945 0.942747
0.550153 0.833032
0.5561 0.665964
0.562765 1.05385
0.570122 0.772785
0.578144 0.653815
0.586805 0.836688
0.596075 0.738656
0.605928 0.948375
0.616336 0.741763
0.62727 1.20062
0.638705 1.15895
0.650612 0.741283
0.662968 0.995224
0.675747 0.945467
0.688925 0.773134
0.702481 0.902668
0.716393 1.04267
0.730641 1.02074
0.745204 0.942373
0.760066 0.956654
0.775209 1.38279
0.790617 1.00366
0.806274 1.10933
0.533968 0.940106
0.534379 0.579164
0.535609 0.73789
0.537652 0.559419
0.5405 1.1935
0.54414 0.609559
0.548556 0.728621
0.553729 0.804134
0.559639 0.636312
0.566262 0.610028
0.573574 0.81977
0.581548 0.81976
0.590159 0.534576
0.599378 0.602845
0.609177 0.715974
0.61953 0.992953
0.630409 0.733831
0.641788 1.19506
0.653639 0.858554
0.665939 0.89285
0.678662 0.775975
0.691785 1.1614
0.705286 1.10253
0.719143 1.34245
0.733337 1.18023
0.747849 1.32325
0.762659 1.19997
0.777751 1.22972
0.79311 0.991875
0.808719 1.68638
0.538467 0.551625
0.538874 0.782406
0.540094 0.549073
0.542121 0.732312
0.544945 0.894778
0.548556 0.463719
0.552936 0.830531
0.558069 0.586688
0.563933 0.641852
0.570506 0.719721
0.577765 0.602113
0.585682 0.697641
0.594233 0.811729
0.603389 1.07838
0.613125 0.764547
0.623412 0.842722
0.634225 1.07145
0.645536 0.976767
0.65732 1.06725
0.669552 0.884587
0.682207 1.42267
0.695263 0.935962
0.708698 1.03288
0.72249 1.21005
0.73662 1.02835
0.751068 1.09661
0.765816 1.05782
0.780847 1.11846
0.796146 1.63666
0.811696 0.896916
0.543737 0.715845
0.54414 1.15911
0.545348 0.58823
0.547355 0.682955
0.550153 0.575531
0.553729 0.678112
0.558069 1.18096
0.563155 0.817278
0.568967 0.643618
0.575482 0.78205
0.582679 0.824469
0.59053 0.749672
0.599012 0.746655
0.608096 0.703823
0.617758 0.780439
0.627969 0.987775
0.638705 0.756739
0.649938 1.04069
0.661643 1.0342
0.673797 1.01423
0.686374 1.16541
0.699352 1.25107
0.71271 1.05864
0.726426 1.29032
0.74048 1.45913
0.754854 1.29739
0.76953 1.29036
0.78449 0.972264
0.799719 1.24339
0.815201 1.04918
0.549754 0.939625
0.550153 0.644194
0.551347 0.673151
0.553333 0.763701
0.5561 1.02658
0.559639 0.765475
0.563933 0.688118
0.568967 0.672287
0.57472 1.09317
0.581171 1.13246
0.588298 1.01019
0.596075 0.695522
0.604479 1.03626
0.613483 0.795027
0.623061 0.891725
0.633187 1.09615
0.643835 0.950193
0.65498 1.19261
0.666597 0.982878
0.678662 1.26537
0.69115 0.882823
0.704041 1.50697
0.717311 0.888603
0.730941 0.971917
0.74491 1.25203
0.7592 0.982277
0.773793 1.14656
0.788673 1.36784
0.803822 0.835205
0.819227 1.72022
0.556495 0.634201
0.556889 0.506479
0.558069 0.832336
0.56003 0.892125
0.562765 0.828632
0.566262 0.759321
0.570506 0.92637
0.575482 0.674011
0.581171 0.865119
0.587552 0.646564
0.594602 0.865988
0.602298 0.731186
0.610616 1.13874
0.61953 0.844254
0.629016 0.800481
0.639048 0.917559
0.6496 1.01958
0.660648 1.23981
0.672167 0.820504
0.684133 0.962782
0.696524 0.968055
0.709317 0.974382
0.72249 1.18928
0.736024 1.00988
0.749899 1.16166
0.764095 1.13732
0.778597 1.31069
0.793386 1.2318
0.808447 0.97439
0.823766 0.641376
0.563933 0.773596
0.564322 0.734648
0.565487 0.489176
0.567423 0.807283
0.570122 0.683672
0.573574 0.851763
0.577765 0.507171
0.582679 0.877721
0.588298 0.592154
0.594602 0.842306
0.601569 0.758617
0.609177 1.05075
0.617403 1.27914
0.626221 1.01891
0.635607 0.714525
0.645536 0.874248
0.655984 1.03496
0.666926 1.19776
0.678338 1.04394
0.690198 1.1671
0.702481 1.03119
0.715168 0.999364
0.728235 1.29226
0.741664 1.08778
0.755435 1.11998
0.76953 1.52512
0.783931 1.30286
0.798621 1.28121
0.813586 0.844101
0.828809 0.982287
0.572042 1.17607
0.572425 0.705912
0.573574 0.778628
0.575482 0.942699
0.578144 0.842155
0.581548 1.07883
0.585682 0.832433
0.59053 1.03782
0.596075 0.760123
0.602298 0.950261
0.609177 0.715544
0.616692 1.26609
0.624818 0.94869
0.633533 0.873405
0.642812 1.41237
0.652632 0.662444
0.662968 0.862841
0.673797 0.804234
0.685095 1.11289
0.696839 1.05579
0.709008 0.840455
0.721579 1.30406
0.734533 0.996084
0.747849 0.940383
0.761508 1.52934
0.775492 1.47507
0.789784 0.955122
0.804368 1.20387
0.819227 1.38982
0.834348 1.42011
0.580794 0.849739
0.581171 0.700531
0.582302 0.74067
0.584182 0.83927
0.586805 0.690811
0.590159 0.917496
0.594233 0.854816
0.599012 0.757224
0.604479 1.25399
0.610616 0.900355
0.617403 0.893924
0.624818 1.02776
0.63284 1.21933
0.641446 0.948501
0.650612 0.855119
0.660316 1.15506
0.670534 1.03487
0.681242 1.16652
0.692419 1.05715
0.704041 1.27273
0.716087 0.849475
0.728536 1.62798
0.741369 1.02839
0.754564 1.46369
0.768104 1.22438
0.78197 1.39684
0.796146 1.17335
0.810615 0.805689
0.825362 1.37734
0.840372 1.11787
0.590159 0.875909
0.59053 0.851285
0.591643 0.749051
0.593494 0.873201
0.596075 0.871185
0.599378 0.641887
0.603389 1.24003
0.608096 0.77771
0.613483 0.747948
0.61953 0.979429
0.626221 0.581225
0.633533 0.802951
0.641446 0.928997
0.649938 0.933012
0.658986 1.44876
0.668568 0.783931
0.678662 1.24389
0.689244 1.02453
0.700293 1.04745
0.711786 1.06653
0.723704 1.19065
0.736024 1.15017
0.748728 1.63746
0.761796 1.57427
0.775209 1.31656
0.788951 1.08921
0.803003 1.21079
0.817351 1.18667
0.831979 1.2177
0.846871 1.08892
0.600109 0.951778
0.600474 0.954935
0.601569 1.16154
0.603389 0.771885
0.605928 0.995614
0.609177 0.933689
0.613125 0.916147
0.617758 0.680347
0.623061 0.537031
0.629016 0.784453
0.635607 0.975158
0.642812 0.707085
0.650612 1.01622
0.658986 0.882
0.667912 0.944108
0.677368 1.0368
0.687332 1.02284
0.697783 1.13083
0.708698 1.27426
0.720058 1.09383
0.731841 1.47127
0.744026 1.2586
0.756596 1.13532
0.76953 1.16775
0.782811 1.35666
0.796421 0.931517
0.810344 1.45638
0.824564 1.30906
0.839066 1.22621
0.853835 1.05005
0.610616 0.893169
0.610975 1.0154
0.612051 0.834975
0.61384 0.779021
0.616336 1.10046
0.61953 0.990606
0.623412 1.06088
0.627969 0.909354
0.633187 0.756733
0.639048 1.01397
0.645536 1.04918
0.652632 1.17872
0.660316 1.12461
0.668568 1.08561
0.677368 0.986789
0.686693 1.31726
0.696524 0.889092
0.706839 1.25934
0.717617 1.05381
0.728837 1.26879
0.74048 0.832668
0.752526 1.60247
0.764956 1.42269
0.777751 1.27215
0.790894 0.968318
0.804368 1.28964
0.818156 1.41239
0.832242 1.32238
0.846612 1.27378
0.861252 1.42562
0.621651 0.99931
0.622004 0.835932
0.623061 0.71848
0.624818 0.805253
0.62727 0.748175
0.630409 0.912577
0.634225 1.14169
0.638705 0.688238
0.643835 0.992368
0.6496 0.953136
0.655984 0.86453
0.662968 0.840812
0.670534 1.79273
0.678662 0.947121
0.687332 1.11296
0.696524 1.23269
0.706218 1.0256
0.716393 1.58928
0.72703 1.19638
0.738107 1.2728
0.749606 1.17447
0.761508 1.63455
0.773793 1.08286
0.786445 1.63337
0.799445 1.19141
0.812776 1.30198
0.826424 1.4162
0.840372 1.15373
0.854606 1.07811
0.869111 0.732911
0.633187 0.747658
0.633533 1.14706
0.634571 0.743364
0.636296 0.86504
0.638705 0.781263
0.641788 1.08262
0.645536 1.01947
0.649938 0.8794
0.65498 0.785865
0.660648 1.18748
0.666926 1.21324
0.673797 0.950392
0.681242 1.14585
0.689244 0.906627
0.697783 0.79863
0.706839 1.22766
0.716393 1.41645
0.726426 0.907293
0.736918 1.14155
0.747849 1.01818
0.7592 0.944338
0.770954 1.18015
0.783091 0.822306
0.795595 1.25853
0.808447 1.56035
0.821633 1.251
0.835136 1.1831
0.848941 1.17599
0.863033 1.29532
0.877399 1.298
0.645196 0.652942
0.645536 0.753468
0.646554 1.14401
0.648248 0.998197
0.650612 0.961474
0.653639 1.41141
0.65732 0.964475
0.661643 0.792695
0.666597 1.15056
0.672167 0.99772
0.678338 0.859982
0.685095 1.43471
0.692419 0.924407
0.700293 1.60367
0.708698 1.29552
0.717617 1.24279
0.72703 0.906254
0.736918 0.944247
0.747262 1.17169
0.758044 0.912626
0.769245 1.24593
0.780847 1.41255
0.792833 1.54581
0.805185 1.14728
0.817887 1.14708
0.830923 1.13157
0.844278 1.44567
0.857935 0.965157
0.871882 1.27562
0.886105 1.10388
0.657653 1.08288
0.657987 1.08783
0.658986 1.03812
0.660648 1.157
0.662968 0.867492
0.665939 0.86435
0.669552 1.04997
0.673797 0.769325
0.678662 0.990862
0.684133 1.06636
0.690198 1.27778
0.696839 0.87543
0.704041 0.96119
0.711786 0.964768
0.720058 1.19026
0.728837 1.28895
0.738107 1.19017
0.747849 1.23751
0.758044 1.40551
0.768674 1.23061
0.779723 0.973067
0.791171 0.90376
0.803003 1.06999
0.815201 0.804985
0.82775 0.737976
0.840633 1.34857
0.853835 1.15058
0.867343 1.06118
0.881141 1.41837
0.895216 1.3353
0.670534 0.98094
0.670861 0.885935
0.671841 0.974956
0.673471 1.05657
0.675747 0.715153
0.678662 1.0743
0.682207 0.913712
0.686374 1.29757
0.69115 0.948973
0.696524 0.77783
0.702481 1.06654
0.709008 1.14601
0.716087 0.881856
0.723704 0.886898
0.731841 1.38801
0.74048 1.0416
0.749606 1.06967
0.7592 1.56735
0.769245 0.980133
0.779723 1.37115
0.790617 1.65803
0.80191 1.44385
0.813586 1.03972
0.825627 1.03315
0.83802 1.43162
0.850747 0.90249
0.863795 0.907339
0.877149 1.23459
0.890795 1.02688
0.904721 1.04683
0.683813 1.00467
0.684133 1.39514
0.685095 1.22539
0.686693 1.04892
0.688925 1.25492
0.691785 1.0496
0.695263 0.873621
0.699352 0.889661
0.704041 1.23002
0.709317 1.04919
0.715168 1.24242
0.721579 1.20202
0.728536 0.832371
0.736024 1.04668
0.744026 1.72874
0.752526 1.03206
0.761508 1.19612
0.770954 1.18819
0.780847 1.37547
0.791171 1.00406
0.80191 1.05438
0.813046 0.961927
0.824564 0.891282
0.836448 1.5064
0.848682 1.54948
0.861252 1.23633
0.874143 1.75466
0.887342 0.858432
0.900833 0.970848
0.914606 0.983231
0.697468 1.18193
0.697783 1.08917
0.698725 1.20093
0.700293 0.904525
0.702481 1.09633
0.705286 1.24261
0.708698 1.21735
0.71271 1.42358
0.717311 1.02896
0.72249 0.965837
0.728235 1.19408
0.734533 1.45603
0.741369 1.00045
0.748728 0.579759
0.756596 1.26123
0.764956 1.22625
0.773793 0.973567
0.783091 1.42636
0.792833 1.39004
0.803003 0.915797
0.813586 1.51409
0.824564 0.883922
0.835923 0.846944
0.847648 0.76804
0.859723 1.11686
0.872134 1.35484
0.884866 1.17963
0.897907 1.33588
0.911242 1.21133
0.92486 0.961665
0.711478 0.987463
0.711786 0.904344
0.71271 1.18443
0.714247 1.04939
0.716393 1.09363
0.719143 1.10814
0.72249 1.12492
0.726426 1.28325
0.730941 1.08346
0.736024 1.70424
0.741664 1.46607
0.747849 1.14674
0.754564 0.991202
0.761796 1.11863
0.76953 1.52397
0.777751 1.48364
0.786445 1.38529
0.795595 1.11785
0.805185 1.34155
0.815201 1.21408
0.825627 1.60833
0.836448 1.11878
0.847648 1.27121
0.859213 1.02348
0.871127 1.08493
0.883378 0.950996
0.895951 0.863183
0.908832 0.953159
0.92201 0.895899
0.93547 0.842299
0.725822 1.14327
0.726124 1.51865
0.72703 1.15928
0.728536 1.23959
0.730641 0.972593
0.733337 1.10503
0.73662 1.19314
0.74048 0.946833
0.74491 1.01884
0.749899 1.01915
0.755435 0.955734
0.761508 1.33717
0.768104 1.36824
0.775209 0.94274
0.782811 1.1625
0.790894 1.16066
0.799445 1.2545
0.808447 1.39002
0.817887 1.25434
0.82775 1.52423
0.83802 1.55318
0.848682 1.27648
0.859723 1.36643
0.871127 0.691361
0.882881 1.11168
0.894971 1.08518
0.907383 1.12513
0.920105 0.998323
0.933123 0.797155
0.946426 0.992926
0.74048 1.32845
0.740777 1.05827
0.741664 0.931217
0.743141 1.28046
0.745204 1.53109
0.747849 1.19432
0.751068 1.52553
0.754854 1.44673
0.7592 1.09856
0.764095 1.2782
0.76953 1.18679
0.775492 1.54178
0.78197 1.31932
0.788951 1.51919
0.796421 0.883097
0.804368 1.42411
0.812776 1.30211
0.821633 1.67024
0.830923 1.83235
0.840633 1.05637
0.850747 0.950773
0.861252 1.15843
0.872134 1.00829
0.883378 1.21107
0.894971 1.20134
0.9069 1.18177
0.919151 1.25502
0.931712 1.3463
0.94457 0.839375
0.957714 0.918409
0.755435 1.41986
0.755726 0.877926
0.756596 1.472
0.758044 0.809043
0.760066 0.947955
0.762659 1.60886
0.765816 0.906307
0.76953 1.00998
0.773793 1.32547
0.778597 1.54852
0.783931 1.42696
0.789784 1.31213
0.796146 1.15554
0.803003 1.64554
0.810344 1.13225
0.818156 1.84954
0.826424 1.16217
0.835136 1.00175
0.844278 1.03567
0.853835 1.20654
0.863795 1.25602
0.874143 1.25202
0.884866 1.1396
0.895951 1.16827
0.907383 0.950382
0.919151 0.969918
0.931241 1.12521
0.943641 1.01721
0.956339 0.558584
0.969323 0.960466
0.770669 1.28023
0.770954 1.22049
0.771807 1.01295
0.773226 1.05444
0.775209 1.11858
0.777751 0.938936
0.780847 1.26819
0.78449 1.24915
0.788673 1.09494
0.793386 1.7994
0.798621 1.52112
0.804368 1.39258
0.810615 1.42149
0.817351 1.2464
0.824564 0.893111
0.832242 1.49088
0.840372 1.22747
0.848941 1.30897
0.857935 1.33658
0.867343 1.14489
0.877149 1.0807
0.887342 1.24637
0.897907 0.96839
0.908832 1.01917
0.920105 1.47401
0.931712 1.17089
0.943641 0.942811
0.95588 1.44029
0.968417 0.978519
0.981241 0.960886
0.786166 1.26258
0.786445 1.10707
0.787281 0.931665
0.788673 0.974195
0.790617 1.18538
0.79311 1.51794
0.796146 1.11663
0.799719 1.30423
0.803822 1.1499
0.808447 0.814406
0.813586 1.14075
0.819227 1.11178
0.825362 1.10254
0.831979 1.21183
0.839066 1.34929
0.846612 1.16889
0.854606 0.918159
0.863033 0.960698
0.871882 1.36293
0.881141 1.02791
0.890795 1.30337
0.900833 1.33703
0.911242 1.12809
0.92201 1.21951
0.933123 0.908823
0.94457 1.12142
0.956339 1.17423
0.968417 1.24048
0.980794 1.06944
0.993459 0.924575
0.80191 1.22099
0.802183 1.07519
0.803003 1.5274
0.804368 1.60731
0.806274 0.840444
0.808719 1.16212
0.811696 1.23606
0.815201 1.35367
0.819227 1.23502
0.823766 1.02323
0.828809 1.0777
0.834348 1.43733
0.840372 1.31207
0.846871 1.49412
0.853835 0.931521
0.861252 1.19809
0.869111 1.21129
0.877399 0.746445
0.886105 1.7326
0.895216 0.894573
0.904721 1.02942
0.914606 1.39139
0.92486 0.845368
0.93547 0.782592
0.946426 0.826482
0.957714 1.02663
0.969323 0.918617
0.981241 1.18999
0.993459 1.07824
1.00596 0.905141
0.544543 0.696392
0.544945 0.60862
0.546151 0.730751
0.548156 0.75617
0.550949 0.701012
0.554521 0.785379
0.558854 0.948367
0.563933 1.00648
0.569737 0.898356
0.576244 0.823494
0.583431 0.692023
0.591273 0.840775
0.599743 0.738781
0.608817 0.752705
0.618467 0.87588
0.628667 0.962563
0.639391 1.06589
0.650612 1.02235
0.662306 1.05682
0.674447 0.744038
0.687013 0.950653
0.699979 1.12992
0.713325 1.21884
0.72703 1.23103
0.741073 1.14615
0.755435 1.08763
0.7701 1.55449
0.785049 1.25057
0.800267 1.5424
0.815739 1.27815
0.544945 0.635678
0.545348 1.10258
0.546553 0.959384
0.548556 0.778963
0.551347 0.467327
0.554916 0.709375
0.559247 0.861165
0.564322 0.432836
0.570122 0.668013
0.576625 0.809888
0.583807 0.699891
0.591643 0.877826
0.600109 1.12535
0.609177 0.945636
0.618822 0.677491
0.629016 0.61959
0.639734 0.899118
0.650949 0.810439
0.662637 1.0035
0.674772 1.07361
0.687332 0.902256
0.700293 1.2282
0.713633 1.20136
0.727331 1.07419
0.741369 1.14523
0.755726 0.821675
0.770384 1.01606
0.785328 0.889159
0.800541 1.3063
0.816008 1.10134
0.546151 0.769677
0.546553 0.847889
0.547755 0.942211
0.549754 0.842902
0.552539 0.837124
0.5561 0.812733
0.560422 0.872467
0.565487 1.18558
0.571275 0.747183
0.577765 0.682234
0.584933 0.525892
0.592755 0.667719
0.601204 0.711164
0.610257 0.704949
0.619884 0.984285
0.630061 0.98392
0.640762 1.09297
0.651959 1.06687
0.663629 0.786854
0.675747 1.10466
0.688288 1.09229
0.701232 1.30957
0.714554 1.23905
0.728235 1.34605
0.742256 1.36092
0.756596 1.11106
0.771238 1.04301
0.786166 1.60439
0.801363 1.05682
0.816814 1.12389
0.548156 0.819769
0.548556 0.726745
0.549754 0.880411
0.551745 0.652604
0.554521 0.501233
0.558069 0.707869
0.562375 0.532595
0.567423 0.990704
0.573191 0.74868
0.57966 0.555695
0.586805 0.616905
0.594602 0.854712
0.603026 1.00862
0.612051 0.648428
0.621651 0.84989
0.6318 0.897245
0.642471 0.944401
0.653639 1.07389
0.66528 1.22693
0.677368 1.21296
0.68988 1.04622
0.702794 1.09471
0.716087 1.05731
0.72974 1.07096
0.743731 1.14484
0.758044 0.965718
0.772659 1.20322
0.787559 1.42132
0.80273 1.4478
0.818156 1.42547
0.550949 0.6168
0.551347 0.629766
0.552539 0.679346
0.554521 0.71466
0.557282 0.452172
0.560813 0.744725
0.565099 1.05417
0.570122 0.831191
0.575863 0.791372
0.582302 0.57572
0.589415 0.616929
0.597178 0.734187
0.605566 0.685076
0.614554 0.792854
0.624116 1.27278
0.634225 0.927556
0.644856 0.805644
0.655984 0.900081
0.667583 0.633291
0.67963 1.10301
0.692102 0.970228
0.704975 1.26295
0.718228 1.63752
0.731841 1.17544
0.745793 1.39883
0.760066 1.0197
0.774643 1.37919
0.789506 1.13911
0.80464 1.83166
0.82003 1.20694
0.554521 0.728752
0.554916 0.885099
0.5561 0.809542
0.558069 0.660853
0.560813 0.654737
0.564322 0.849957
0.568581 0.818517
0.573574 0.878015
0.579281 0.649668
0.585682 0.737727
0.592755 0.802414
0.600474 0.637042
0.608817 1.16261
0.617758 0.798353
0.62727 0.692725
0.63733 1.03563
0.64791 0.988117
0.658986 0.916769
0.670534 0.881669
0.682529 1.06081
0.694948 1.14432
0.707769 1.06232
0.720971 1.19767
0.734533 1.33945
0.748435 1.02391
0.762659 1.43011
0.777187 0.802375
0.792003 1.04514
0.80709 0.980485
0.822434 0.932434
0.558854 0.781996
0.559247 0.641472
0.560422 0.740998
0.562375 0.704878
0.565099 0.629573
0.568581 0.92822
0.572808 0.958359
0.577765 0.991819
0.583431 1.09941
0.589787 0.600672
0.596811 1.02717
0.604479 0.89179
0.612767 1.05021
0.621651 1.03015
0.631105 0.913818
0.641104 0.909965
0.651623 0.802573
0.662637 1.24514
0.674122 1.57047
0.686054 1.08871
0.698411 1.07635
0.71117 1.22698
0.72431 0.86082
0.73781 1.19487
0.751652 1.27021
0.765816 1.02742
0.780285 1.11693
0.795043 1.18288
0.810073 1.09706
0.825362 1.47377
0.563933 0.821689
0.564322 0.967488
0.565487 0.72801
0.567423 1.03578
0.570122 0.954113
0.573574 0.565534
0.577765 0.475019
0.582679 0.743735
0.588298 0.664607
0.594602 1.04039
0.601569 1.00272
0.609177 0.685074
0.617403 0.918875
0.626221 0.689562
0.635607 0.862633
0.645536 1.16588
0.655984 1.11328
0.666926 0.987054
0.678338 1.02652
0.690198 1.04981
0.702481 1.19382
0.715168 1.00769
0.728235 0.889906
0.741664 1.4409
0.755435 0.878147
0.76953 1.13035
0.783931 1.59343
0.798621 1.06446
0.813586 1.62453
0.828809 0.904365
0.569737 1.15712
0.570122 0.912263
0.571275 0.683153
0.573191 0.771591
0.575863 0.505781
0.579281 0.795567
0.583431 0.819922
0.588298 0.831499
0.593864 0.745532
0.600109 1.0131
0.607013 1.04192
0.614554 0.933264
0.622708 1.28906
0.631452 1.25153
0.640762 0.95837
0.650612 0.930468
0.66098 1.0771
0.671841 0.833239
0.683171 1.04608
0.694948 1.19511
0.707149 1.32208
0.719753 1.37006
0.732739 1.37221
0.746087 1.24771
0.759778 1.28462
0.773793 0.967443
0.788116 1.56167
0.80273 1.03711
0.817619 1.41209
0.832769 1.04824
0.576244 0.798537
0.576625 0.620256
0.577765 0.971638
0.57966 0.880852
0.582302 0.816224
0.585682 0.607354
0.589787 0.886431
0.594602 0.886288
0.600109 0.930681
0.60629 1.05152
0.613125 0.969129
0.620592 0.909038
0.628667 0.844098
0.63733 0.865144
0.646554 0.700025
0.656318 1.0262
0.666597 0.791745
0.677368 0.781885
0.688607 0.879164
0.700293 0.784096
0.712402 1.02929
0.724915 1.24812
0.73781 1.01462
0.751068 1.33427
0.764669 1.19563
0.778597 1.85196
0.792833 1.25085
0.807361 1.55952
0.822167 1.23116
0.837234 0.898274
0.583431 0.896852
0.583807 0.738695
0.584933 0.627317
0.586805 1.04216
0.589415 0.861327
0.592755 0.878528
0.596811 0.780357
0.601569 1.13747
0.607013 0.904729
0.613125 0.78525
0.619884 0.982291
0.62727 0.985106
0.635261 1.1557
0.643835 0.916272
0.652968 0.932616
0.662637 0.954257
0.672819 1.15276
0.683492 1.20829
0.694632 1.00717
0.706218 1.11257
0.718228 1.1203
0.730641 1.22049
0.743437 0.961745
0.756596 0.823197
0.7701 0.974355
0.783931 1.25846
0.798072 1.17724
0.812507 0.884124
0.82722 1.22591
0.842197 1.25607
0.591273 0.892622
0.591643 0.78558
0.592755 1.07475
0.594602 0.846493
0.597178 0.861513
0.600474 0.682923
0.604479 1.01707
0.609177 0.75695
0.614554 0.613792
0.620592 1.02579
0.62727 1.18661
0.634571 0.764263
0.642471 0.78431
0.650949 0.891529
0.659984 1.1711
0.669552 1.29252
0.67963 1.0013
0.690198 0.964754
0.701232 0.799744
0.71271 1.04446
0.724612 1.3536
0.736918 1.52601
0.749606 1.41591
0.762659 1.15619
0.776057 1.16045
0.789784 1.29693
0.803822 0.790107
0.818156 1.21877
0.832769 1.63406
0.847648 1.07313
0.599743 0.716726
0.600109 0.744364
0.601204 0.872818
0.603026 1.09022
0.605566 0.893953
0.608817 1.28876
0.612767 0.937592
0.617403 1.02544
0.622708 1.14261
0.628667 1.13245
0.635261 1.02092
0.642471 1.08407
0.650275 0.976688
0.658653 0.747148
0.667583 1.18384
0.677044 0.840753
0.687013 1.451
0.697468 0.980746
0.708389 1.46748
0.719753 0.88876
0.731541 1.39944
0.743731 1.34651
0.756306 1.02213
0.769245 1.27157
0.782531 1.28997
0.796146 1.24054
0.810073 1.33493
0.824298 1.35203
0.838805 0.805743
0.853578 1.31565
0.608817 0.737424
0.609177 0.748456
0.610257 1.03758
0.612051 1.03664
0.614554 0.978582
0.617758 0.80414
0.621651 1.10495
0.626221 1.09062
0.631452 0.925278
0.63733 0.896033
0.643835 0.769849
0.650949 0.77127
0.658653 0.800126
0.666926 1.08207
0.675747 0.957773
0.685095 1.21694
0.694948 1.2331
0.705286 1.13268
0.716087 1.2294
0.727331 1.11784
0.738998 0.864078
0.751068 1.38961
0.763521 1.14083
0.77634 1.10313
0.789506 1.50672
0.803003 1.28173
0.816814 1.71036
0.830923 1.3677
0.845316 1.06947
0.859978 1.32045
0.618467 0.862732
0.618822 0.727715
0.619884 0.774075
0.621651 0.770871
0.624116 0.947732
0.62727 0.566887
0.631105 1.10817
0.635607 1.0095
0.640762 1.04245
0.646554 0.997267
0.652968 0.650485
0.659984 0.953033
0.667583 1.09233
0.675747 0.738643
0.684454 1.34349
0.693684 0.691972
0.703417 1.0885
0.713633 1.34485
0.72431 1.54435
0.735428 0.91498
0.746968 1.09383
0.758911 1.58526
0.771238 1.51684
0.783931 1.31367
0.796972 1.33933
0.810344 1.31524
0.824032 1.15896
0.83802 1.23051
0.852293 1.75641
0.866837 1.41613
0.628667 0.869637
0.629016 0.698976
0.630061 0.731755
0.6318 0.701261
0.634225 1.34888
0.63733 0.96434
0.641104 0.913323
0.645536 0.94076
0.650612 0.851099
0.656318 1.0471
0.662637 1.12168
0.669552 0.992805
0.677044 1.11387
0.685095 0.780218
0.693684 1.48386
0.702794 0.752257
0.712402 1.08909
0.72249 0.978271
0.733038 1.38255
0.744026 1.21869
0.755435 1.2462
0.767246 1.09852
0.779441 1.02303
0.792003 1.11283
0.804913 1.31478
0.818156 1.0161
0.831715 1.36405
0.845576 1.04618
0.859723 0.974082
0.874143 1.05938
0.639391 1.01301
0.639734 1.15091
0.640762 0.91926
0.642471 1.03787
0.644856 1.40276
0.64791 0.811477
0.651623 0.996521
0.655984 1.15022
0.66098 1.11118
0.666597 0.954599
0.672819 0.881721
0.67963 1.05051
0.687013 0.954907
0.694948 0.928207
0.703417 1.07161
0.712402 1.1702
0.721883 1.38114
0.731841 1.10349
0.742256 1.3923
0.753109 1.03824
0.764382 1.46173
0.776057 1.15305
0.788116 1.53673
0.800541 1.3367
0.813316 1.41103
0.826424 1.35282
0.83985 1.34796
0.853578 0.834524
0.867595 1.2892
0.881887 1.19081
0.650612 0.980718
0.650949 0.968224
0.651959 0.975311
0.653639 0.841721
0.655984 0.786104
0.658986 1.44093
0.662637 0.947797
0.666926 0.983454
0.671841 0.732413
0.677368 1.09927
0.683492 0.740073
0.690198 1.0992
0.697468 1.19611
0.705286 0.801
0.713633 1.25021
0.72249 1.01676
0.731841 1.2655
0.741664 0.860318
0.751943 1.19802
0.762659 1.24599
0.773793 1.64961
0.785328 1.42629
0.797247 1.10646
0.809532 1.05778
0.822167 1.22394
0.835136 1.15147
0.848424 1.45067
0.862016 1.51616
0.875898 1.18034
0.890056 1.11925
0.662306 0.756017
0.662637 1.67705
0.663629 1.23545
0.66528 1.07625
0.667583 1.02052
0.670534 1.02626
0.674122 0.973378
0.678338 1.61229
0.683171 0.825802
0.688607 1.26102
0.694632 0.922931
0.701232 1.24425
0.708389 1.30651
0.716087 0.933689
0.72431 0.949526
0.733038 0.925649
0.742256 1.38655
0.751943 1.27516
0.762084 1.44247
0.772659 1.18362
0.783651 1.37034
0.795043 1.06815
0.806818 1.23577
0.818959 1.20049
0.831451 0.963651
0.844278 1.01698
0.857424 0.930088
0.870876 1.1507
0.884619 1.08431
0.89864 1.26829
0.674447 0.826777
0.674772 0.972193
0.675747 1.27313
0.677368 1.0111
0.67963 1.21764
0.682529 0.947374
0.686054 0.937215
0.690198 1.10416
0.694948 1.29796
0.700293 1.06945
0.706218 1.18417
0.71271 0.869721
0.719753 1.26717
0.727331 1.22503
0.735428 0.913259
0.744026 1.21533
0.753109 1.56475
0.762659 1.00291
0.772659 1.26186
0.783091 1.088
0.793939 0.989081
0.805185 1.05985
0.816814 1.05119
0.828809 1.10572
0.841155 0.882355
0.853835 1.16226
0.866837 1.29502
0.880144 1.3588
0.893745 1.23232
0.907625 0.897888
0.687013 0.83034
0.687332 1.03837
0.688288 0.976291
0.68988 0.724953
0.692102 1.03949
0.694948 1.25484
0.698411 1.02393
0.702481 1.07456
0.707149 0.911817
0.712402 0.964026
0.718228 1.31239
0.724612 1.2658
0.731541 1.08186
0.738998 1.3733
0.746968 1.24147
0.755435 1.12452
0.764382 1.22762
0.773793 1.51479
0.783651 1.41655
0.793939 0.881824
0.80464 1.31845
0.815739 1.03508
0.82722 1.51244
0.839066 1.80772
0.851263 1.44583
0.863795 1.46437
0.876649 1.27778
0.88981 0.752304
0.903265 0.758137
0.917001 1.08565
0.699979 1.00491
0.700293 1.10721
0.701232 1.60193
0.702794 0.916778
0.704975 1.16928
0.707769 1.13641
0.71117 1.30638
0.715168 1.28214
0.719753 1.42898
0.724915 0.854062
0.730641 1.33048
0.736918 1.11104
0.743731 1.08202
0.751068 1.28429
0.758911 0.903391
0.767246 1.15447
0.776057 1.42503
0.785328 1.28853
0.795043 1.21229
0.805185 0.990654
0.815739 1.08761
0.826689 1.33571
0.83802 1.29925
0.849715 1.24559
0.861762 1.27094
0.874143 1.27842
0.886847 0.821991
0.899859 1.37956
0.913166 1.14885
0.926755 1.24872
0.713325 1.57057
0.713633 0.882722
0.714554 1.30148
0.716087 0.826699
0.718228 1.13631
0.720971 1.42337
0.72431 1.03286
0.728235 1.23323
0.732739 1.17838
0.73781 0.825949
0.743437 1.16478
0.749606 1.28229
0.756306 0.831632
0.763521 1.0154
0.771238 0.70313
0.779441 0.838058
0.788116 1.49075
0.797247 1.50119
0.806818 1.27604
0.816814 0.811133
0.82722 1.20894
0.83802 1.2555
0.849199 1.25048
0.860743 0.88138
0.872637 0.894024
0.884866 1.26168
0.897418 0.853831
0.910279 1.01633
0.923436 0.997819
0.936876 1.17875
0.72703 1.06357
0.727331 1.04898
0.728235 1.10493
0.72974 1.39475
0.731841 1.26109
0.734533 1.38121
0.73781 1.14378
0.741664 1.53118
0.746087 0.66406
0.751068 1.53745
0.756596 1.61026
0.762659 1.23319
0.769245 1.28984
0.77634 1.17053
0.783931 1.12992
0.792003 1.54574
0.800541 1.30538
0.809532 1.05963
0.818959 1.7608
0.828809 0.950542
0.839066 1.07254
0.849715 0.88116
0.860743 1.26511
0.872134 0.940351
0.883874 0.994715
0.895951 1.0458
0.90835 1.48719
0.921058 0.999475
0.934063 1.04025
0.947352 0.959588
0.741073 1.33434
0.741369 1.17307
0.742256 0.695469
0.743731 1.25714
0.745793 0.955027
0.748435 0.95874
0.751652 1.13072
0.755435 1.31177
0.759778 1.14516
0.764669 1.26629
0.7701 1.03098
0.776057 1.1358
0.782531 1.22278
0.789506 1.14901
0.796972 0.858052
0.804913 1.07501
0.813316 1.12951
0.822167 1.45557
0.831451 1.26997
0.841155 1.22718
0.851263 1.28304
0.861762 1.07447
0.872637 0.925913
0.883874 1.21
0.895461 0.963047
0.907383 1.20975
0.919628 1.13109
0.932182 1.18107
0.945034 0.876236
0.958171 0.933466
0.755435 1.06617
0.755726 0.790068
0.756596 1.37755
0.758044 1.04177
0.760066 1.4215
0.762659 1.15285
0.765816 1.12067
0.76953 1.52261
0.773793 1.37158
0.778597 0.962909
0.783931 1.53893
0.789784 1.31285
0.796146 1.01013
0.803003 1.27101
0.810344 1.19302
0.818156 1.47738
0.826424 1.32029
0.835136 1.21704
0.844278 0.918868
0.853835 1.31151
0.863795 1.21249
0.874143 1.19713
0.884866 0.996679
0.895951 1.3163
0.907383 0.800976
0.919151 1.03909
0.931241 1.047
0.943641 0.909445
0.956339 0.989136
0.969323 0.997154
0.7701 1.0219
0.770384 1.17409
0.771238 1.24061
0.772659 1.49041
0.774643 1.29883
0.777187 1.24884
0.780285 0.950568
0.783931 1.61058
0.788116 1.03214
0.792833 1.10896
0.798072 1.40493
0.803822 1.22939
0.810073 1.16122
0.816814 1.56427
0.824032 1.09998
0.831715 1.4479
0.83985 1.34928
0.848424 1.63209
0.857424 1.26751
0.866837 1.2133
0.876649 0.999372
0.886847 0.701743
0.897418 1.06713
0.90835 1.65648
0.919628 1.26653
0.931241 1.07285
0.943176 1.07413
0.955421 0.960434
0.967964 1.21075
0.980794 1.17501
0.785049 1.19636
0.785328 1.06367
0.786166 0.955988
0.787559 0.877608
0.789506 1.12059
0.792003 1.2198
0.795043 1.38578
0.798621 1.56
0.80273 1.13813
0.807361 1.54352
0.812507 1.17814
0.818156 1.23631
0.824298 1.2361
0.830923 1.39822
0.83802 1.12916
0.845576 0.761694
0.853578 1.32695
0.862016 1.16604
0.870876 1.37454
0.880144 0.920393
0.88981 1.03162
0.899859 1.37519
0.910279 0.869314
0.921058 0.856384
0.932182 1.21471
0.943641 1.28738
0.955421 1.09947
0.967511 1.01225
0.979899 1.00545
0.992575 1.24999
0.800267 1.35421
0.800541 1.47346
0.801363 0.954614
0.80273 1.18345
0.80464 1.03028
0.80709 1.3467
0.810073 1.84905
0.813586 1.54774
0.817619 1.16531
0.822167 1.57025
0.82722 1.83474
0.832769 0.865479
0.838805 0.885701
0.845316 1.29103
0.852293 1.40185
0.859723 1.3323
0.867595 1.08961
0.875898 0.785082
0.884619 1.25135
0.893745 0.98165
0.903265 0.859625
0.913166 1.06304
0.923436 0.983391
0.934063 0.872643
0.945034 1.25023
0.956339 0.930521
0.967964 1.11636
0.979899 1.32975
0.992133 1.1803
1.00465 1.054
0.815739 1.26708
0.816008 1.17562
0.816814 1.50842
0.818156 1.33734
0.82003 1.38883
0.822434 0.979365
0.825362 1.50853
0.828809 1.15577
0.832769 0.885425
0.837234 1.13711
0.842197 0.848068
0.847648 1.34137
0.853578 0.77777
0.859978 1.09238
0.866837 1.17059
0.874143 0.963969
0.881887 1.16533
0.890056 1.04966
0.89864 1.19664
0.907625 0.977264
0.917001 0.949163
0.926755 1.10662
0.936876 0.917418
0.947352 0.872953
0.958171 1.20989
0.969323 1.0702
0.980794 1.01972
0.992575 0.916843
1.00465 1.11296
1.01702 0.610284
0.565487 0.783597
0.565874 0.826738
0.567036 0.807813
0.568967 0.750467
0.571659 0.755163
0.575101 0.686954
0.579281 0.688502
0.584182 0.614004
0.589787 1.04812
0.596075 0.577178
0.603026 0.624268
0.610616 0.965768
0.618822 0.756104
0.62762 0.769006
0.636985 0.741628
0.646894 0.768589
0.65732 1.01777
0.66824 0.979682
0.67963 1.16958
0.691468 0.884412
0.703729 1.27104
0.716393 1.39617
0.729439 1.77735
0.742846 1.26024
0.756596 1.17698
0.770669 0.992331
0.785049 1.64179
0.799719 1.21504
0.814663 1.11093
0.829867 1.14427
0.565874 0.813533
0.566262 0.809881
0.567423 0.629376
0.569352 0.943852
0.572042 0.921775
0.575482 0.650178
0.57966 0.554673
0.584558 0.841371
0.590159 0.653473
0.596443 0.655091
0.603389 0.633101
0.610975 0.801075
0.619176 0.67072
0.627969 0.886682
0.63733 1.01105
0.647232 0.862443
0.657653 0.606805
0.668568 0.840601
0.679953 0.913793
0.691785 1.01575
0.704041 1.21288
0.716699 1.22423
0.72974 0.866763
0.743141 1.06742
0.756886 1.00312
0.770954 1.071
0.785328 1.36755
0.799993 1.30882
0.814932 0.992528
0.830131 1.53788
0.567036 0.956456
0.567423 0.750324
0.568581 0.865585
0.570506 0.698341
0.573191 0.565354
0.576625 1.10427
0.580794 0.749436
0.585682 0.672387
0.591273 1.41689
0.597545 0.789026
0.604479 1.09083
0.612051 0.788666
0.620238 1.07019
0.629016 0.696409
0.638361 0.857687
0.648248 0.864397
0.658653 0.905676
0.669552 0.736521
0.68092 1.02152
0.692735 0.923633
0.704975 1.19766
0.717617 1.14738
0.730641 1.24643
0.744026 1.40025
0.757754 1.34867
0.771807 1.12826
0.786166 1.22955
0.800815 1.28309
0.815739 1.38361
0.830923 1.32271
0.568967 0.853069
0.569352 0.672958
0.570506 0.816605
0.572425 0.746787
0.575101 0.624099
0.578523 0.824743
0.582679 0.77305
0.587552 0.797214
0.593124 0.893343
0.599378 0.71078
0.60629 0.729512
0.61384 0.873672
0.622004 0.813001
0.630757 1.08316
0.640077 0.760479
0.649938 0.820193
0.660316 0.796059
0.671187 1.03921
0.682529 0.952216
0.694316 0.955913
0.706529 0.935569
0.719143 0.760414
0.73214 1.00939
0.745499 1.20589
0.7592 1.57228
0.773226 1.39355
0.787559 1.07954
0.802183 1.45763
0.817083 1.47486
0.832242 0.720851
0.571659 0.6755
0.572042 0.748843
0.573191 0.548224
0.575101 0.881885
0.577765 0.896476
0.581171 0.875596
0.585308 0.709773
0.590159 0.948817
0.595707 0.64124
0.601934 1.20219
0.608817 0.647375
0.616336 0.872309
0.624467 0.756477
0.633187 0.702887
0.642471 0.642903
0.652296 1.04116
0.662637 0.914086
0.673471 1.17421
0.684774 1.07505
0.696524 0.997182
0.708698 0.898277
0.721275 1.00682
0.734234 1.26237
0.747555 1.0871
0.76122 0.985536
0.775209 1.06727
0.789506 1.38226
0.804095 1.57311
0.818959 0.997581
0.834085 1.14642
0.575101 0.780947
0.575482 0.636734
0.576625 0.910986
0.578523 0.699714
0.581171 0.863454
0.584558 0.861003
0.58867 1.16826
0.593494 0.695171
0.599012 0.967695
0.605204 1.10787
0.612051 0.970735
0.61953 0.870908
0.62762 0.660083
0.636296 0.888221
0.645536 0.651416
0.655315 0.985549
0.665609 0.944591
0.676396 1.4179
0.687651 1.16549
0.699352 1.28748
0.711478 0.99677
0.724007 0.909647
0.736918 1.62886
0.750191 0.817474
0.763808 0.956178
0.777751 1.03388
0.792003 1.29609
0.806546 0.985637
0.821366 1.27828
0.836448 1.07395
0.579281 0.846776
0.57966 0.772733
0.580794 1.00162
0.582679 0.748306
0.585308 1.04472
0.58867 0.765858
0.592755 0.896913
0.597545 1.20789
0.603026 1.01568
0.609177 0.91971
0.61598 0.927143
0.623412 0.714788
0.631452 0.816129
0.640077 1.23961
0.649262 1.22735
0.658986 0.675117
0.669224 0.810578
0.679953 1.34156
0.69115 1.06346
0.702794 1.20914
0.714861 1.58107
0.727331 1.032
0.740184 0.970698
0.7534 1.29336
0.766961 1.48876
0.780847 1.61643
0.795043 1.09627
0.809532 1.89614
0.824298 1.45725
0.839327 1.13969
0.584182 0.610513
0.584558 0.658767
0.585682 0.766169
0.587552 0.542239
0.590159 0.778383
0.593494 0.715675
0.597545 0.84016
0.602298 0.604723
0.607736 0.515224
0.61384 0.514829
0.620592 0.57676
0.627969 0.805264
0.635952 0.799879
0.644516 1.01102
0.653639 1.11103
0.663299 0.933168
0.673471 0.89287
0.684133 1.36322
0.695263 1.09605
0.706839 0.670342
0.718838 1.25636
0.731241 1.47637
0.744026 1.02915
0.757175 1.36593
0.770669 0.835808
0.78449 1.34348
0.798621 1.11359
0.813046 0.826449
0.82775 1.10493
0.842718 0.897245
0.589787 0.777986
0.590159 0.644918
0.591273 0.794589
0.593124 0.622084
0.595707 1.14436
0.599012 0.734179
0.603026 0.836223
0.607736 1.11239
0.613125 0.848508
0.619176 0.537275
0.62587 0.840746
0.633187 0.964432
0.641104 0.896719
0.6496 0.946897
0.658653 0.746347
0.66824 1.23953
0.678338 0.783299
0.688925 1.06667
0.699979 1.089
0.711478 1.38518
0.723401 0.940472
0.735726 0.977401
0.748435 1.39965
0.761508 1.65819
0.774926 1.46031
0.788673 0.988427
0.80273 1.74633
0.817083 1.48008
0.831715 1.17351
0.846612 1.46297
0.596075 0.861762
0.596443 0.851879
0.597545 0.754619
0.599378 0.98741
0.601934 1.02169
0.605204 0.824515
0.609177 0.582834
0.61384 0.651605
0.619176 1.12208
0.625169 0.894055
0.6318 0.855321
0.639048 1.06088
0.646894 1.00337
0.655315 1.14141
0.66429 1.18436
0.673797 1.20673
0.683813 1.16309
0.694316 1.01991
0.705286 1.79746
0.716699 1.29116
0.728536 1.39982
0.740777 1.03833
0.7534 1.36898
0.766388 1.34189
0.779723 1.61565
0.793386 1.62794
0.807361 1.06246
0.821633 1.15584
0.836186 1.42174
0.851005 1.10181
0.603026 0.863895
0.603389 0.793517
0.604479 0.808624
0.60629 0.894384
0.608817 0.772121
0.612051 0.90126
0.61598 0.882032
0.620592 0.849334
0.62587 0.637979
0.6318 1.10916
0.638361 0.986939
0.645536 1.15125
0.653304 1.07631
0.661643 0.833662
0.670534 0.902006
0.679953 1.11788
0.68988 1.37268
0.700293 1.4908
0.71117 1.22376
0.72249 1.09565
0.734234 1.14792
0.746381 1.0418
0.758911 0.758172
0.771807 1.39764
0.785049 2.05072
0.798621 1.33842
0.812507 1.20329
0.826689 1.15769
0.841155 1.3898
0.855888 1.41671
0.610616 0.980142
0.610975 1.09357
0.612051 1.20888
0.61384 0.610874
0.616336 0.674088
0.61953 0.694098
0.623412 1.18543
0.627969 1.0745
0.633187 0.914258
0.639048 0.927661
0.645536 0.829667
0.652632 0.998527
0.660316 0.793232
0.668568 1.18215
0.677368 1.38541
0.686693 1.02023
0.696524 1.2675
0.706839 0.847863
0.717617 1.23507
0.728837 1.11224
0.74048 0.814028
0.752526 1.27748
0.764956 1.31495
0.777751 1.58332
0.790894 1.28147
0.804368 0.887963
0.818156 0.864279
0.832242 1.45412
0.846612 1.48391
0.861252 1.25869
0.618822 1.12003
0.619176 1.01226
0.620238 0.929126
0.622004 0.969304
0.624467 0.874658
0.62762 1.02392
0.631452 0.91194
0.635952 1.22636
0.641104 0.646348
0.646894 0.929455
0.653304 0.863029
0.660316 1.13233
0.667912 1.11572
0.676071 0.927786
0.684774 1.08196
0.694001 1.07027
0.703729 1.23973
0.71394 0.945168
0.724612 1.21612
0.735726 1.3208
0.747262 1.34089
0.7592 1.28036
0.771522 1.04175
0.78421 1.35662
0.797247 1.22352
0.810615 1.3709
0.824298 1.2541
0.838281 1.1909
0.85255 0.809928
0.86709 1.13471
0.62762 1.16434
0.627969 0.745152
0.629016 0.959961
0.630757 1.01211
0.633187 0.801926
0.636296 0.949641
0.640077 1.15357
0.644516 0.761466
0.6496 0.961786
0.655315 0.810578
0.661643 0.81515
0.668568 0.848574
0.676071 1.3211
0.684133 1.07283
0.692735 1.14414
0.701857 1.0574
0.711478 1.19876
0.721579 1.26779
0.73214 0.926386
0.743141 1.22422
0.754564 1.12847
0.766388 1.1224
0.778597 1.14117
0.791171 1.68654
0.804095 1.36706
0.817351 1.20595
0.830923 0.919436
0.844797 1.15183
0.858957 1.45803
0.87339 1.21563
0.636985 0.938399
0.63733 1.062
0.638361 1.06487
0.640077 0.870519
0.642471 0.641119
0.645536 1.09834
0.649262 1.23033
0.653639 0.910189
0.658653 0.828321
0.66429 1.24607
0.670534 0.795892
0.677368 1.40249
0.684774 1.05712
0.692735 1.29776
0.701232 1.18374
0.710244 1.1771
0.719753 1.02736
0.72974 1.2584
0.740184 1.33407
0.751068 1.24993
0.762371 1.1347
0.774077 1.00656
0.786166 1.5185
0.798621 1.04384
0.811426 1.37279
0.824564 0.96164
0.83802 1.22579
0.851778 1.07166
0.865824 1.11864
0.880144 1.2369
0.646894 1.06386
0.647232 1.09742
0.648248 0.929604
0.649938 0.885397
0.652296 1.09122
0.655315 0.896358
0.658986 1.14341
0.663299 1.13754
0.66824 1.28777
0.673797 0.874126
0.679953 0.697102
0.686693 1.27842
0.694001 1.34718
0.701857 1.00687
0.710244 1.00177
0.719143 0.773327
0.728536 1.31353
0.738404 1.53197
0.748728 1.17331
0.759489 0.882636
0.770669 1.15633
0.78225 1.09883
0.794215 1.41653
0.806546 0.886987
0.819227 1.16827
0.832242 1.30525
0.845576 0.998742
0.859213 1.05841
0.873139 1.21268
0.887342 1.05631
0.65732 1.44466
0.657653 1.08357
0.658653 0.915284
0.660316 1.02429
0.662637 1.43243
0.665609 1.11068
0.669224 1.00255
0.673471 1.03285
0.678338 1.12194
0.683813 1.4431
0.68988 1.45367
0.696524 0.809108
0.703729 1.46956
0.711478 0.885147
0.719753 1.16858
0.728536 1.50873
0.73781 1.28921
0.747555 0.87685
0.757754 0.984858
0.768389 1.19721
0.779441 1.04543
0.790894 1.23312
0.80273 1.01066
0.814932 1.32029
0.827485 1.43283
0.840372 1.3746
0.853578 1.67324
0.86709 1.04797
0.880892 0.74127
0.894971 1.25487
0.66824 1.19709
0.668568 0.826896
0.669552 1.46827
0.671187 0.947562
0.673471 1.20755
0.676396 1.22802
0.679953 1.23882
0.684133 0.836599
0.688925 1.02793
0.694316 1.1547
0.700293 1.09033
0.706839 1.56541
0.71394 1.16449
0.721579 1.30094
0.72974 0.953432
0.738404 0.895684
0.747555 0.97629
0.757175 1.31012
0.767246 1.33548
0.777751 0.912877
0.788673 1.21922
0.799993 1.48547
0.811696 1.24277
0.823766 1.36616
0.836186 1.29349
0.848941 1.12239
0.862016 0.976896
0.875397 1.24695
0.88907 1.18614
0.903022 1.11349
0.67963 0.847047
0.679953 0.962793
0.68092 0.850766
0.682529 1.36602
0.684774 1.04189
0.687651 1.35768
0.69115 1.24853
0.695263 1.18958
0.699979 0.854761
0.705286 0.956996
0.71117 1.25547
0.717617 1.27786
0.724612 1.03952
0.73214 1.03332
0.740184 0.962319
0.748728 1.32041
0.757754 1.05217
0.767246 1.0499
0.777187 1.2163
0.787559 1.0994
0.798346 1.2156
0.809532 1.22271
0.821099 1.19391
0.833032 1.67039
0.845316 1.16006
0.857935 0.949954
0.870876 1.19881
0.884123 0.924333
0.897663 1.05317
0.911483 1.14154
0.691468 1.53173
0.691785 1.23771
0.692735 0.890588
0.694316 1.24615
0.696524 1.05065
0.699352 1.2502
0.702794 1.03488
0.706839 1.08694
0.711478 1.08462
0.716699 1.2163
0.72249 1.14783
0.728837 1.10892
0.735726 1.1006
0.743141 1.36329
0.751068 1.45948
0.759489 1.28775
0.768389 1.4326
0.777751 1.43265
0.787559 1.12804
0.797797 1.26567
0.808447 1.20044
0.819495 1.14724
0.830923 1.331
0.842718 1.56935
0.854862 1.09006
0.867343 1.0498
0.880144 0.933911
0.893254 0.7249
0.906658 0.983625
0.920343 0.942698
0.703729 1.05422
0.704041 1.10121
0.704975 1.21533
0.706529 1.22649
0.708698 1.46483
0.711478 1.07131
0.714861 1.50763
0.718838 1.29211
0.723401 0.877685
0.728536 1.04316
0.734234 1.38341
0.74048 1.3514
0.747262 1.57252
0.754564 1.25956
0.762371 1.2057
0.770669 1.01022
0.779441 1.04681
0.788673 1.27706
0.798346 1.59035
0.808447 1.39193
0.818959 1.64668
0.829867 1.2766
0.841155 1.44614
0.852807 1.37713
0.86481 1.10124
0.877149 1.35294
0.88981 1.09524
0.902779 0.535863
0.916044 0.864484
0.929591 1.03791
0.716393 1.14724
0.716699 1.07472
0.717617 0.955089
0.719143 1.56006
0.721275 1.11626
0.724007 0.913007
0.727331 1.46124
0.731241 0.722073
0.735726 0.915502
0.740777 0.947299
0.746381 0.783283
0.752526 0.940649
0.7592 1.00326
0.766388 0.935248
0.774077 1.02324
0.78225 1.54807
0.790894 1.48616
0.799993 1.17347
0.809532 1.18093
0.819495 1.03045
0.829867 1.26143
0.840633 1.2264
0.851778 1.43052
0.863287 0.971362
0.875146 1.58902
0.887342 1.13264
0.899859 0.94116
0.912685 0.91136
0.925808 1.40535
0.939214 0.871352
0.729439 1.10772
0.72974 1.15057
0.730641 0.882503
0.73214 1.75101
0.734234 0.879204
0.736918 1.24715
0.740184 1.38331
0.744026 1.19619
0.748435 1.08331
0.7534 0.98524
0.758911 1.10715
0.764956 1.16692
0.771522 1.34053
0.778597 1.25741
0.786166 1.28111
0.794215 1.03775
0.80273 1.18193
0.811696 1.12662
0.821099 1.07601
0.830923 1.32461
0.841155 1.07229
0.851778 1.22174
0.862779 1.55187
0.874143 1.29996
0.885857 0.988952
0.897907 0.879541
0.910279 1.11236
0.922961 0.82536
0.935939 0.668396
0.949202 1.06855
0.742846 1.02259
0.743141 0.900244
0.744026 0.970006
0.745499 0.86642
0.747555 0.839453
0.750191 1.22316
0.7534 1.2672
0.757175 1.07512
0.761508 1.38475
0.766388 1.67305
0.771807 1.68701
0.777751 1.20336
0.78421 0.945777
0.791171 1.53487
0.798621 1.40754
0.806546 1.31844
0.814932 1.40801
0.823766 1.39481
0.833032 0.985698
0.842718 1.53115
0.852807 1.34372
0.863287 1.10466
0.874143 1.13626
0.885362 1.11525
0.896929 0.907576
0.908832 1.07219
0.921058 1.26303
0.933593 0.780957
0.946426 1.31296
0.959544 0.7644
0.756596 1.32028
0.756886 1.2358
0.757754 1.56612
0.7592 1.07556
0.76122 1.17956
0.763808 1.67432
0.766961 1.08352
0.770669 1.022
0.774926 0.993476
0.779723 1.20932
0.785049 1.13237
0.790894 1.3875
0.797247 1.14552
0.804095 1.47055
0.811426 0.913296
0.819227 0.986611
0.827485 1.01903
0.836186 1.56547
0.845316 0.951782
0.854862 1.24616
0.86481 1.26924
0.875146 1.09743
0.885857 0.766257
0.896929 1.22217
0.90835 1.04587
0.920105 1.00487
0.932182 1.10877
0.94457 1.35231
0.957255 0.816
0.970227 1.08444
0.770669 1.30816
0.770954 1.24253
0.771807 1.39501
0.773226 1.18263
0.775209 1.0443
0.777751 0.975243
0.780847 1.46383
0.78449 0.965655
0.788673 1.43117
0.793386 1.56224
0.798621 0.779084
0.804368 0.989487
0.810615 1.18005
0.817351 1.08797
0.824564 1.33786
0.832242 0.994956
0.840372 0.830779
0.848941 0.916063
0.857935 1.03648
0.867343 1.33059
0.877149 1.02667
0.887342 0.709035
0.897907 1.23247
0.908832 1.10389
0.920105 1.15697
0.931712 1.65276
0.943641 1.07695
0.95588 1.07811
0.968417 1.10165
0.981241 1.20576
0.785049 1.27904
0.785328 1.1438
0.786166 0.825749
0.787559 1.19958
0.789506 0.911204
0.792003 1.51837
0.795043 1.36714
0.798621 1.23554
0.80273 0.95946
0.807361 1.21729
0.812507 1.34987
0.818156 1.37569
0.824298 1.08387
0.830923 1.35545
0.83802 0.913844
0.845576 0.988337
0.853578 1.14018
0.862016 0.928623
0.870876 1.17513
0.880144 1.09254
0.88981 1.06408
0.899859 1.42979
0.910279 0.707006
0.921058 0.748079
0.932182 1.04633
0.943641 0.693082
0.955421 1.00249
0.967511 0.622955
0.979899 0.899967
0.992575 0.946931
0.799719 1.30066
0.799993 1.30137
0.800815 1.24046
0.802183 1.03323
0.804095 1.1989
0.806546 1.59772
0.809532 1.55273
0.813046 1.40447
0.817083 0.877084
0.821633 1.30571
0.826689 1.4053
0.832242 1.10009
0.838281 1.28506
0.844797 0.978594
0.851778 1.01719
0.859213 1.05933
0.86709 1.0005
0.875397 1.1069
0.884123 1.04505
0.893254 1.03771
0.902779 1.05876
0.912685 1.08567
0.922961 0.957007
0.933593 0.745151
0.94457 0.76274
0.95588 1.08111
0.967511 1.0959
0.979452 1.20065
0.991691 0.839557
1.00422 0.698579
0.814663 1.74218
0.814932 1.49987
0.815739 1.39542
0.817083 1.15662
0.818959 1.14652
0.821366 1.2737
0.824298 1.35116
0.82775 0.804215
0.831715 0.979113
0.836186 1.02832
0.841155 1.21597
0.846612 1.2886
0.85255 1.07752
0.858957 1.08769
0.865824 1.02844
0.873139 1.17262
0.880892 1.08572
0.88907 0.852949
0.897663 1.31195
0.906658 1.17127
0.916044 0.869591
0.925808 1.33272
0.935939 1.10405
0.946426 0.965279
0.957255 1.39585
0.968417 1.10205
0.979899 1.03375
0.991691 0.948811
1.00378 1.13904
1.01616 1.2485
0.829867 0.957244
0.830131 0.686518
0.830923 1.43714
0.832242 1.42859
0.834085 1.32964
0.836448 1.44535
0.839327 1.5493
0.842718 1.09091
0.846612 1.50755
0.851005 1.19808
0.855888 0.964943
0.861252 1.17339
0.86709 1.42307
0.87339 1.01457
0.880144 1.22535
0.887342 1.60108
0.894971 1.24836
0.903022 0.840745
0.911483 1.48074
0.920343 1.205
0.929591 1.03177
0.939214 1.13678
0.949202 1.11267
0.959544 1.0813
0.970227 0.817284
0.981241 0.807407
0.992575 0.81088
1.00422 0.867703
1.01616 1.08858
1.02839 0.710345
0.586431 1.14273
0.586805 0.907324
0.587925 0.549873
0.589787 0.778691
0.592384 0.702522
0.595707 1.00982
0.599743 1.10016
0.604479 0.794351
0.609897 0.685729
0.61598 0.929584
0.622708 0.967115
0.630061 1.07288
0.638018 0.667499
0.646554 0.853003
0.655649 1.19188
0.66528 1.05008
0.675422 1.34507
0.686054 1.19129
0.697154 1.27119
0.708698 1.1008
0.720667 1.07737
0.733038 1.06704
0.745793 1.36867
0.758911 1.22674
0.772375 1.27347
0.786166 1.12316
0.800267 0.742489
0.814663 1.16395
0.829338 1.08458
0.844278 1.12492
0.586805 0.513936
0.587178 0.942255
0.588298 0.722652
0.590159 1.00011
0.592755 0.722982
0.596075 0.699023
0.600109 0.534887
0.604842 0.815766
0.610257 0.596893
0.616336 0.871068
0.623061 0.87349
0.630409 0.880644
0.638361 1.04896
0.646894 0.668022
0.655984 1.31906
0.665609 1.01373
0.675747 1.25017
0.686374 1.09459
0.697468 1.19529
0.709008 1.0844
0.720971 1.48534
0.733337 1.6015
0.746087 1.14442
0.7592 1.20286
0.772659 1.33146
0.786445 1.02264
0.800541 0.941301
0.814932 1.41985
0.829603 1.4508
0.844537 1.05853
0.587925 0.540778
0.588298 0.953135
0.589415 1.21646
0.591273 0.809163
0.593864 1.21502
0.597178 1.29746
0.601204 0.807646
0.605928 0.759478
0.611334 1.00919
0.617403 1.15392
0.624116 0.976974
0.631452 1.52764
0.639391 1.15187
0.64791 0.693581
0.656986 0.877071
0.666597 1.34439
0.67672 0.934217
0.687332 0.813699
0.698411 0.851957
0.709935 1.05685
0.721883 1.06762
0.734234 0.927862
0.746968 1.11837
0.760066 0.772013
0.77351 1.30631
0.787281 1.28332
0.801363 1.18957
0.815739 1.42633
0.830395 1.33276
0.845316 1.1365
0.589787 0.929922
0.590159 0.893303
0.591273 0.836391
0.593124 1.06304
0.595707 0.765352
0.599012 1.01919
0.603026 0.731624
0.607736 0.681637
0.613125 1.14779
0.619176 0.539896
0.62587 1.2795
0.633187 0.87289
0.641104 1.20079
0.6496 1.093
0.658653 1.25642
0.66824 1.13026
0.678338 1.18382
0.688925 1.08401
0.699979 1.12328
0.711478 0.980189
0.723401 1.01615
0.735726 0.826642
0.748435 1.11097
0.761508 1.07364
0.774926 1.12881
0.788673 1.80191
0.80273 1.17788
0.817083 0.923551
0.831715 1.17825
0.846612 1.29622
0.592384 0.739574
0.592755 0.997266
0.593864 0.64509
0.595707 1.06353
0.598279 1.07277
0.601569 1.11357
0.605566 0.671667
0.610257 0.612962
0.615624 1.27321
0.621651 0.834036
0.628319 1.10043
0.635607 0.876813
0.643494 0.961163
0.651959 0.973479
0.66098 0.89649
0.670534 0.913727
0.680598 1.25787
0.69115 0.865334
0.702169 1.05718
0.713633 1.31999
0.72552 0.805737
0.73781 1.00889
0.750483 1.24889
0.763521 0.839608
0.776905 0.854661
0.790617 1.40278
0.80464 1.11661
0.818959 1.67773
0.833559 1.30503
0.848424 1.29518
0.595707 0.983266
0.596075 0.729552
0.597178 0.707666
0.599012 1.12094
0.601569 0.682492
0.604842 1.04245
0.608817 0.878749
0.613483 0.960866
0.618822 0.812402
0.624818 1.29338
0.631452 0.693578
0.638705 0.777934
0.646554 0.997067
0.65498 1.20915
0.66396 1.0587
0.673471 1.09925
0.683492 1.07301
0.694001 1.15842
0.704975 1.71255
0.716393 1.16333
0.728235 1.51835
0.74048 1.07419
0.753109 1.09931
0.766102 1.03782
0.779441 1.70954
0.79311 1.22362
0.80709 1.15278
0.821366 0.947014
0.835923 0.977411
0.850747 1.06031
0.599743 0.786518
0.600109 0.814087
0.601204 0.897156
0.603026 0.979347
0.605566 0.613332
0.608817 0.746448
0.612767 0.945484
0.617403 1.12911
0.622708 0.789852
0.628667 0.910577
0.635261 0.941191
0.642471 1.01062
0.650275 1.06127
0.658653 0.941327
0.667583 1.11821
0.677044 0.943005
0.687013 1.29126
0.697468 1.13516
0.708389 0.950687
0.719753 1.13765
0.731541 1.19422
0.743731 1.16389
0.756306 1.45578
0.769245 1.57095
0.782531 1.19906
0.796146 1.33023
0.810073 1.23232
0.824298 1.27118
0.838805 1.03907
0.853578 1.60308
0.604479 0.871777
0.604842 0.962416
0.605928 0.747381
0.607736 0.739181
0.610257 0.903523
0.613483 0.809014
0.617403 0.908503
0.622004 0.82143
0.62727 0.854935
0.633187 0.893009
0.639734 0.773741
0.646894 1.04147
0.654645 1.0131
0.662968 1.04023
0.671841 1.14381
0.681242 1.16599
0.69115 0.776553
0.701544 0.734312
0.712402 1.00404
0.723704 0.925116
0.735428 1.07727
0.747555 0.947336
0.760066 0.9134
0.772942 1.50964
0.786166 0.736127
0.799719 1.18873
0.813586 1.12806
0.82775 1.18383
0.842197 1.10921
0.856912 1.03357
0.609897 0.897231
0.610257 1.02069
0.611334 0.75487
0.613125 0.587111
0.615624 0.779967
0.618822 1.0798
0.622708 0.781611
0.62727 0.673107
0.632493 0.995518
0.638361 0.837315
0.644856 1.13581
0.651959 1.44255
0.659651 1.07261
0.667912 1.05301
0.67672 0.765714
0.686054 1.027
0.695894 1.13299
0.706218 1.18306
0.717005 1.5461
0.728235 1.40946
0.739888 1.14074
0.751943 1.27996
0.764382 1.21646
0.777187 1.56911
0.790339 1.20899
0.803822 1.42408
0.817619 1.61537
0.831715 1.32272
0.846094 1.5633
0.860743 1.43944
0.61598 0.74489
0.616336 0.813637
0.617403 0.963223
0.619176 1.22594
0.621651 1.03251
0.624818 0.790667
0.628667 1.10547
0.633187 0.925494
0.638361 0.900235
0.644175 1.23815
0.650612 0.925188
0.657653 1.21159
0.66528 1.09557
0.673471 1.17926
0.682207 1.40764
0.691468 0.99057
0.701232 1.16008
0.711478 1.48174
0.722187 1.1627
0.733337 1.19271
0.74491 1.70558
0.756886 1.12792
0.769245 1.08007
0.78197 0.979598
0.795043 0.983463
0.808447 0.998404
0.822167 1.23267
0.836186 1.37864
0.850489 0.924801
0.865064 1.21617
0.622708 0.859872
0.623061 0.893896
0.624116 0.834658
0.62587 0.651594
0.628319 0.864612
0.631452 0.892375
0.635261 0.829634
0.639734 0.900208
0.644856 1.12652
0.650612 0.753174
0.656986 0.958015
0.66396 1.36182
0.671514 1.15496
0.67963 0.702197
0.688288 0.917915
0.697468 1.21468
0.707149 1.58376
0.717311 0.930874
0.727934 1.32488
0.738998 0.797173
0.750483 1.1748
0.762371 1.23679
0.774643 1.02854
0.787281 1.33667
0.800267 1.38262
0.813586 1.38622
0.82722 0.928009
0.841155 1.14678
0.855375 0.914334
0.869868 1.10474
0.630061 0.862671
0.630409 1.19865
0.631452 0.620161
0.633187 0.950456
0.635607 0.790414
0.638705 1.07671
0.642471 0.774317
0.646894 1.39442
0.651959 1.11221
0.657653 0.721897
0.66396 1.19012
0.670861 0.820477
0.678338 0.996601
0.686374 1.23677
0.694948 1.32641
0.704041 1.10924
0.713633 0.887727
0.723704 0.966376
0.734234 1.4728
0.745204 1.37083
0.756596 0.959795
0.768389 1.02871
0.780566 1.27126
0.79311 1.266
0.806002 1.41038
0.819227 1.33099
0.832769 1.09481
0.846612 1.07445
0.860743 1.26784
0.875146 1.03026
0.638018 0.885674
0.638361 0.796421
0.639391 0.919427
0.641104 0.941383
0.643494 1.04868
0.646554 1.03003
0.650275 0.880021
0.654645 0.853347
0.659651 1.11447
0.66528 0.914212
0.671514 0.991901
0.678338 1.16298
0.685735 1.09547
0.693684 1.06071
0.702169 1.2238
0.71117 1.1922
0.720667 1.54453
0.730641 0.969456
0.741073 0.851869
0.751943 1.13537
0.763234 1.05358
0.774926 1.30491
0.787002 0.88269
0.799445 1.20431
0.812237 1.34717
0.825362 0.860782
0.838805 1.07709
0.85255 1.17451
0.866584 1.24179
0.880892 1.05281
0.646554 1.07827
0.646894 0.945463
0.64791 1.32778
0.6496 1.13411
0.651959 1.10149
0.65498 1.03573
0.658653 0.85785
0.662968 1.03867
0.667912 0.860488
0.673471 0.639374
0.67963 1.30336
0.686374 1.32658
0.693684 1.2206
0.701544 0.960868
0.709935 0.920336
0.718838 0.879848
0.728235 1.29485
0.738107 1.2943
0.748435 1.2412
0.7592 1.10191
0.770384 0.847497
0.78197 1.24681
0.793939 1.04267
0.806274 1.62715
0.818959 1.23467
0.831979 0.901475
0.845316 1.33201
0.858957 1.14269
0.872888 0.807788
0.887094 1.00946
0.655649 1.32964
0.655984 0.806104
0.656986 1.15915
0.658653 0.718602
0.66098 0.966103
0.66396 1.20099
0.667583 1.2269
0.671841 0.988452
0.67672 0.98446
0.682207 1.10172
0.688288 1.20195
0.694948 0.888246
0.702169 1.3818
0.709935 1.07413
0.718228 1.32381
0.72703 0.82198
0.736322 1.21484
0.746087 1.3971
0.756306 1.00413
0.766961 1.0624
0.778033 1.15543
0.789506 0.923838
0.801363 1.24838
0.813586 1.01964
0.826159 1.89762
0.839066 1.33366
0.852293 1.10553
0.865824 1.18132
0.879646 0.911525
0.893745 0.711535
0.66528 1.05021
0.665609 1.06285
0.666597 1.15046
0.66824 1.19388
0.670534 1.16905
0.673471 0.934666
0.677044 0.865048
0.681242 0.948808
0.686054 1.49141
0.691468 1.35622
0.697468 1.54596
0.704041 0.840167
0.71117 1.03738
0.718838 0.983336
0.72703 1.19246
0.735726 1.07432
0.74491 0.795078
0.754564 1.38129
0.764669 1.32913
0.775209 1.10893
0.786166 1.24549
0.797522 1.45344
0.809261 0.740546
0.821366 1.24324
0.833822 1.20184
0.846612 1.13848
0.859723 1.32377
0.873139 1.58153
0.886847 0.755757
0.900833 0.955907
0.675422 1.27474
0.675747 0.852279
0.67672 1.26255
0.678338 1.06084
0.680598 1.24848
0.683492 1.15561
0.687013 1.28044
0.69115 1.05324
0.695894 1.00284
0.701232 1.11124
0.707149 1.00391
0.713633 1.19076
0.720667 0.945031
0.728235 1.308
0.736322 1.46216
0.74491 1.01774
0.753982 1.17969
0.763521 1.61263
0.77351 1.58852
0.783931 1.21325
0.794767 1.2449
0.806002 1.17751
0.817619 1.45215
0.829603 1.46369
0.841936 1.45468
0.854606 1.19224
0.867595 1.22642
0.880892 1.09513
0.894481 1.05968
0.90835 0.907962
0.686054 1.06045
0.686374 1.15251
0.687332 0.990259
0.688925 1.24944
0.69115 1.61962
0.694001 1.12395
0.697468 1.02275
0.701544 1.40063
0.706218 1.1812
0.711478 1.19766
0.717311 0.789917
0.723704 1.49017
0.730641 1.35495
0.738107 0.899698
0.746087 0.934182
0.754564 1.02462
0.763521 1.22082
0.772942 1.04071
0.782811 1.25817
0.79311 1.31488
0.803822 1.22063
0.814932 0.905464
0.826424 1.38205
0.838281 1.5078
0.850489 1.18465
0.863033 1.22257
0.875898 1.18055
0.88907 1.20953
0.902536 1.1665
0.916283 0.843553
0.697154 0.847172
0.697468 1.03949
0.698411 1.16037
0.699979 1.14888
0.702169 1.12801
0.704975 1.06974
0.708389 0.849521
0.712402 1.22362
0.717005 0.948284
0.722187 1.24512
0.727934 1.06611
0.734234 1.2766
0.741073 1.30015
0.748435 0.932488
0.756306 1.20731
0.764669 0.966843
0.77351 1.18319
0.782811 1.1026
0.792556 1.18157
0.80273 1.00152
0.813316 1.44053
0.824298 1.23195
0.835661 0.961712
0.847389 1.65418
0.859468 1.32106
0.871882 0.833546
0.884619 0.992929
0.897663 1.09326
0.911002 0.868509
0.924623 0.83155
0.708698 1.04228
0.709008 0.803622
0.709935 0.981388
0.711478 1.0784
0.713633 1.02539
0.716393 1.28486
0.719753 1.11697
0.723704 0.952729
0.728235 0.736594
0.733337 1.43255
0.738998 1.14578
0.745204 1.17723
0.751943 1.01172
0.7592 1.8271
0.766961 1.41635
0.775209 1.2684
0.783931 1.33993
0.79311 1.18578
0.80273 1.40897
0.812776 1.19483
0.823233 1.81865
0.834085 1.0053
0.845316 1.08914
0.856912 1.1825
0.868858 1.00658
0.881141 1.03732
0.893745 1.20283
0.906658 1.28895
0.919866 1.17672
0.933358 0.968581
0.720667 1.14153
0.720971 1.47166
0.721883 0.981126
0.723401 1.29506
0.72552 1.18307
0.728235 1.19298
0.731541 1.45479
0.735428 0.952285
0.739888 1.06153
0.74491 1.2706
0.750483 1.14177
0.756596 2.47363
0.763234 1.66795
0.770384 1.20154
0.778033 1.24895
0.786166 1.04889
0.794767 1.14013
0.803822 1.56443
0.813316 1.27702
0.823233 1.63119
0.833559 0.917438
0.844278 1.16786
0.855375 1.12694
0.866837 1.27543
0.878648 1.20723
0.890795 0.986971
0.903265 1.15888
0.916044 1.08507
0.929119 1.06236
0.942478 0.853189
0.733038 0.883522
0.733337 1.12286
0.734234 1.37892
0.735726 1.19985
0.73781 1.22332
0.74048 1.50924
0.743731 0.874351
0.747555 1.01499
0.751943 0.776013
0.756886 1.22966
0.762371 0.982152
0.768389 1.73168
0.774926 0.721717
0.78197 1.15383
0.789506 1.1806
0.797522 1.14393
0.806002 1.00628
0.814932 1.31856
0.824298 1.39474
0.834085 1.14715
0.844278 1.20241
0.854862 1.23015
0.865824 1.00807
0.877149 0.800147
0.888823 1.12476
0.900833 0.975813
0.913166 0.995097
0.925808 0.730484
0.938747 1.0268
0.951971 1.10216
0.745793 1.44083
0.746087 1.7221
0.746968 0.980452
0.748435 1.6793
0.750483 1.26233
0.753109 2.3795
0.756306 1.52051
0.760066 0.893704
0.764382 1.54582
0.769245 1.03154
0.774643 0.982482
0.780566 1.30726
0.787002 1.10962
0.793939 1.21596
0.801363 0.917735
0.809261 1.03029
0.817619 1.04104
0.826424 1.28976
0.835661 1.05755
0.845316 0.885685
0.855375 1.27974
0.865824 1.16533
0.876649 1.01422
0.887836 1.23016
0.899371 0.946539
0.911242 1.36587
0.923436 0.947084
0.935939 0.860899
0.94874 1.09997
0.961827 1.38623
0.758911 1.56501
0.7592 1.11865
0.760066 1.097
0.761508 1.01926
0.763521 1.02214
0.766102 1.29076
0.769245 1.34436
0.772942 1.51524
0.777187 1.27422
0.78197 1.08105
0.787281 1.72238
0.79311 0.997913
0.799445 1.02434
0.806274 1.51783
0.813586 1.13341
0.821366 1.46157
0.829603 1.36082
0.838281 1.45571
0.847389 1.23332
0.856912 1.30458
0.866837 1.46994
0.877149 1.02196
0.887836 0.769809
0.898884 0.888259
0.910279 0.961691
0.92201 1.06874
0.934063 1.20839
0.946426 0.992998
0.959087 0.935802
0.972034 1.14824
0.772375 1.43986
0.772659 1.2103
0.77351 1.22395
0.774926 0.998845
0.776905 1.21063
0.779441 1.07109
0.782531 0.844331
0.786166 0.767265
0.790339 1.66592
0.795043 1.13587
0.800267 1.75725
0.806002 1.10287
0.812237 1.29118
0.818959 1.57435
0.826159 1.14
0.833822 0.990569
0.841936 1.01429
0.850489 1.5224
0.859468 0.949043
0.868858 1.05179
0.878648 1.09087
0.888823 0.870614
0.899371 0.922374
0.910279 1.12112
0.921534 1.25962
0.933123 0.90366
0.945034 0.87344
0.957255 0.916319
0.969775 0.953092
0.982582 0.887844
0.786166 1.19432
0.786445 1.1007
0.787281 1.21577
0.788673 1.28594
0.790617 1.26762
0.79311 1.32775
0.796146 0.924105
0.799719 0.966755
0.803822 1.22542
0.808447 1.1409
0.813586 1.04703
0.819227 0.985196
0.825362 1.02663
0.831979 1.27839
0.839066 1.16565
0.846612 1.05904
0.854606 1.13296
0.863033 1.0262
0.871882 1.01254
0.881141 1.05545
0.890795 1.41552
0.900833 1.33708
0.911242 1.73731
0.92201 1.14748
0.933123 1.10612
0.94457 1.03861
0.956339 1.09427
0.968417 0.954492
0.980794 1.1268
0.993459 1.08416
0.800267 1.34203
0.800541 1.03194
0.801363 1.47114
0.80273 1.12805
0.80464 1.10081
0.80709 1.40352
0.810073 1.1136
0.813586 0.972957
0.817619 1.29379
0.822167 0.80964
0.82722 1.14718
0.832769 1.24071
0.838805 1.47035
0.845316 1.23843
0.852293 1.40728
0.859723 0.986135
0.867595 1.34999
0.875898 0.940073
0.884619 1.12048
0.893745 0.9138
0.903265 0.834595
0.913166 1.04267
0.923436 1.18295
0.934063 1.15377
0.945034 0.870445
0.956339 1.20586
0.967964 1.0408
0.979899 0.712892
0.992133 1.09002
1.00465 0.943212
0.814663 1.49925
0.814932 1.29347
0.815739 1.24898
0.817083 1.0551
0.818959 1.20593
0.821366 1.11094
0.824298 1.26492
0.82775 1.15193
0.831715 1.20707
0.836186 1.47738
0.841155 1.23415
0.846612 1.17906
0.85255 1.06374
0.858957 1.14931
0.865824 1.18063
0.873139 1.28732
0.880892 1.08425
0.88907 0.946009
0.897663 1.26302
0.906658 1.14082
0.916044 1.15784
0.925808 1.22205
0.935939 0.861635
0.946426 0.836628
0.957255 1.28203
0.968417 1.08072
0.979899 1.19336
0.991691 1.17221
1.00378 1.22615
1.01616 0.999202
0.829338 1.57239
0.829603 1.1356
0.830395 1.42468
0.831715 1.00287
0.833559 1.114
0.835923 1.04316
0.838805 1.11646
0.842197 1.68585
0.846094 1.60244
0.850489 1.27266
0.855375 1.05842
0.860743 1.29275
0.866584 1.42471
0.872888 1.31132
0.879646 1.058
0.886847 0.809358
0.894481 1.14117
0.902536 1.09973
0.911002 1.08525
0.919866 1.38345
0.929119 1.09772
0.938747 0.816907
0.94874 1.04175
0.959087 0.880131
0.969775 1.07868
0.980794 1.32332
0.992133 1.03543
1.00378 1.31327
1.01573 0.736942
1.02796 0.504003
0.844278 1.14783
0.844537 0.921307
0.845316 0.879827
0.846612 1.08896
0.848424 1.41289
0.850747 1.50082
0.853578 1.10275
0.856912 0.972896
0.860743 1.03113
0.865064 1.04155
0.869868 0.966756
0.875146 0.856935
0.880892 1.01722
0.887094 1.19559
0.893745 2.04855
0.900833 1.50285
0.90835 1.0546
0.916283 0.974698
0.924623 1.65214
0.933358 1.1363
0.942478 1.1866
0.951971 1.54468
0.961827 1.07019
0.972034 1.15838
0.982582 0.82416
0.993459 0.591642
1.00465 0.922777
1.01616 1.21606
1.02796 0.906515
1.04005 0.814265
0.607375 0.753944
0.607736 1.21383
0.608817 1.34647
0.610616 1.1969
0.613125 1.01687
0.616336 0.831793
0.620238 0.824634
0.624818 0.663723
0.630061 0.98458
0.635952 0.93415
0.642471 0.802784
0.6496 0.904222
0.65732 0.884351
0.665609 1.00198
0.674447 0.757004
0.683813 0.984445
0.693684 0.964722
0.704041 1.26129
0.714861 0.849385
0.726124 1.03153
0.73781 1.36894
0.749899 1.04578
0.762371 1.14736
0.775209 0.880654
0.788394 1.34934
0.80191 1.60679
0.815739 1.76562
0.829867 1.10677
0.844278 1.04008
0.858957 0.963143
0.607736 0.783936
0.608096 0.991414
0.609177 1.10644
0.610975 0.874853
0.613483 1.06467
0.616692 0.991518
0.620592 0.704186
0.625169 0.720202
0.630409 1.25174
0.636296 0.971394
0.642812 0.911182
0.649938 1.11248
0.657653 1.10214
0.665939 1.15073
0.674772 0.746357
0.684133 0.830697
0.694001 1.49877
0.704352 1.41817
0.715168 1.31515
0.726426 1.23807
0.738107 0.832164
0.750191 1.70023
0.762659 1.06995
0.775492 0.893921
0.788673 1.23367
0.802183 0.89846
0.816008 1.23246
0.830131 1.06609
0.844537 1.31886
0.859213 1.21643
0.608817 0.822053
0.609177 0.86881
0.610257 0.909986
0.612051 1.1642
0.614554 0.864923
0.617758 1.44348
0.621651 0.784202
0.626221 0.955631
0.631452 1.01956
0.63733 1.1329
0.643835 0.95526
0.650949 0.959269
0.658653 0.849164
0.666926 0.710504
0.675747 1.37091
0.685095 1.29698
0.694948 0.983604
0.705286 1.19964
0.716087 0.809486
0.727331 0.876025
0.738998 0.968192
0.751068 1.30088
0.763521 1.1036
0.77634 0.861299
0.789506 1.34391
0.803003 1.00025
0.816814 1.27477
0.830923 1.07997
0.845316 1.17105
0.859978 1.40723
0.610616 0.963538
0.610975 0.988612
0.612051 0.694711
0.61384 0.761014
0.616336 1.05987
0.61953 0.804432
0.623412 1.05185
0.627969 1.03971
0.633187 0.873633
0.639048 0.880886
0.645536 1.33835
0.652632 0.858276
0.660316 1.12307
0.668568 1.76529
0.677368 1.1651
0.686693 0.859814
0.696524 0.734198
0.706839 0.790927
0.717617 1.14626
0.728837 1.24441
0.74048 1.38498
0.752526 0.906326
0.764956 1.4917
0.777751 1.18674
0.790894 0.997022
0.804368 1.41176
0.818156 1.0998
0.832242 1.09862
0.846612 0.865492
0.861252 1.07856
0.613125 0.699474
0.613483 0.856216
0.614554 0.88301
0.616336 0.830109
0.618822 0.933835
0.622004 0.923298
0.62587 1.08166
0.630409 0.786427
0.635607 0.706712
0.641446 1.08769
0.64791 1.09703
0.65498 1.47642
0.662637 0.848823
0.670861 0.88388
0.67963 1.03968
0.688925 1.36162
0.698725 1.0754
0.709008 1.1558
0.719753 1.10099
0.730941 0.836499
0.742551 0.816152
0.754564 2.16132
0.766961 0.874157
0.779723 1.64238
0.792833 0.884871
0.806274 1.48706
0.82003 1.06826
0.834085 1.52111
0.848424 1.28189
0.863033 1.29699
0.616336 0.731376
0.616692 0.833002
0.617758 0.820117
0.61953 1.05946
0.622004 0.757611
0.625169 0.849692
0.629016 0.865026
0.633533 0.903917
0.638705 0.747629
0.644516 1.07623
0.650949 1.20101
0.657987 1.18684
0.665609 0.800734
0.673797 1.0273
0.682529 1.04768
0.691785 1.01698
0.701544 0.853806
0.711786 1.43433
0.72249 1.19035
0.733636 0.816838
0.745204 1.05972
0.757175 1.21366
0.76953 1.02716
0.78225 1.33203
0.795319 1.24019
0.808719 1.28472
0.822434 1.20379
0.836448 0.870358
0.850747 1.34113
0.865317 1.85575
0.620238 0.891701
0.620592 0.83701
0.621651 0.910989
0.623412 0.654786
0.62587 0.7052
0.629016 0.742888
0.63284 0.876184
0.63733 1.27116
0.642471 0.901606
0.648248 0.83442
0.654645 0.842935
0.661643 0.69007
0.669224 1.254
0.677368 1.52902
0.686054 1.04806
0.695263 1.45646
0.704975 1.15474
0.715168 1.17722
0.725822 1.33475
0.736918 0.989465
0.748435 1.2337
0.760355 1.26676
0.772659 1.43976
0.785328 0.837409
0.798346 0.952971
0.811696 1.11723
0.825362 1.3902
0.839327 1.28604
0.853578 1.12087
0.868101 1.26125
0.624818 1.02543
0.625169 0.885627
0.626221 1.00692
0.627969 0.992001
0.630409 1.2425
0.633533 0.878983
0.63733 0.782861
0.641788 1.09027
0.646894 0.636474
0.652632 0.68998
0.658986 1.01129
0.665939 0.98752
0.673471 0.84307
0.681564 0.750092
0.690198 0.823436
0.699352 1.10719
0.709008 1.00077
0.719143 0.656715
0.72974 0.906384
0.740777 0.969878
0.752235 1.17967
0.764095 1.34047
0.77634 1.3698
0.788951 1.07128
0.80191 0.984781
0.815201 1.39012
0.828809 0.896576
0.842718 1.25365
0.856912 1.45307
0.871379 1.05595
0.630061 0.954925
0.630409 0.775449
0.631452 1.16142
0.633187 1.14317
0.635607 1.36456
0.638705 0.863746
0.642471 1.20342
0.646894 0.978615
0.651959 0.96697
0.657653 0.826129
0.66396 1.09201
0.670861 1.01202
0.678338 0.819041
0.686374 1.31325
0.694948 0.774553
0.704041 0.83353
0.713633 1.32047
0.723704 1.74575
0.734234 0.736853
0.745204 0.672465
0.756596 1.40167
0.768389 1.07436
0.780566 0.786241
0.79311 1.49584
0.806002 0.928834
0.819227 1.22805
0.832769 1.17822
0.846612 0.674946
0.860743 0.956265
0.875146 1.14544
0.635952 1.03134
0.636296 0.766995
0.63733 0.96959
0.639048 0.934907
0.641446 0.835837
0.644516 0.92572
0.648248 1.20913
0.652632 1.15298
0.657653 0.632251
0.663299 1.09069
0.669552 0.696436
0.676396 1.25596
0.683813 1.20874
0.691785 1.06177
0.700293 1.04631
0.709317 0.962236
0.718838 0.6777
0.728837 1.13181
0.739295 1.46159
0.750191 0.806592
0.761508 1.03376
0.773226 0.904376
0.785328 0.96645
0.797797 1.01039
0.810615 1.26584
0.823766 1.12504
0.837234 0.785902
0.851005 1.24632
0.865064 1.13794
0.879397 0.93578
0.642471 0.976008
0.642812 1.47705
0.643835 0.675584
0.645536 0.682391
0.64791 1.11601
0.650949 1.08307
0.654645 0.916844
0.658986 1.11457
0.66396 0.690999
0.669552 1.03653
0.675747 1.11392
0.682529 0.955532
0.68988 1.03131
0.697783 1.3134
0.706218 1.09563
0.715168 1.14775
0.724612 0.793905
0.734533 0.991892
0.74491 1.08586
0.755726 1.03824
0.766961 1.32994
0.778597 0.83876
0.790617 1.0937
0.803003 1.05466
0.815739 0.903244
0.828809 1.17665
0.842197 1.52034
0.855888 1.43842
0.869868 1.20269
0.884123 0.875278
0.6496 1.05393
0.649938 0.835457
0.650949 1.15575
0.652632 0.896978
0.65498 1.28355
0.657987 0.719894
0.661643 0.748445
0.665939 0.940142
0.670861 1.06731
0.676396 0.909365
0.682529 1.24708
0.689244 1.3044
0.696524 0.897685
0.704352 1.17331
0.71271 1.10109
0.721579 1.31502
0.730941 1.13993
0.740777 1.40696
0.751068 1.45039
0.761796 0.912581
0.772942 0.997559
0.78449 1.4567
0.796421 1.13327
0.808719 1.73172
0.821366 1.13184
0.834348 1.19145
0.847648 1.17337
0.861252 1.17757
0.875146 1.21614
0.889317 0.794122
0.65732 0.894116
0.657653 0.944698
0.658653 0.736563
0.660316 0.808356
0.662637 0.765447
0.665609 1.25133
0.669224 1.16879
0.673471 0.959823
0.678338 1.03403
0.683813 0.747085
0.68988 0.953161
0.696524 1.1343
0.703729 0.936664
0.711478 1.30692
0.719753 1.10953
0.728536 1.04191
0.73781 1.01246
0.747555 0.880077
0.757754 1.14508
0.768389 1.74046
0.779441 1.457
0.790894 1.08413
0.80273 1.17149
0.814932 0.985558
0.827485 1.6503
0.840372 0.956508
0.853578 1.38447
0.86709 1.31433
0.880892 0.97883
0.894971 1.375
0.665609 1.07799
0.665939 1.08375
0.666926 1.32417
0.668568 0.984738
0.670861 1.18893
0.673797 1.10369
0.677368 1.00801
0.681564 0.753509
0.686374 1.06096
0.691785 1.37691
0.697783 1.02064
0.704352 1.08374
0.711478 0.900686
0.719143 1.30471
0.727331 1.33129
0.736024 1.01344
0.745204 0.846866
0.754854 1.44456
0.764956 1.14718
0.775492 1.24126
0.786445 0.886071
0.797797 1.56105
0.809532 1.23443
0.821633 0.972543
0.834085 0.752028
0.846871 1.30728
0.859978 1.42718
0.87339 1.0636
0.887094 1.22269
0.901077 0.887412
0.674447 1.06257
0.674772 1.42492
0.675747 0.865217
0.677368 0.847264
0.67963 1.08493
0.682529 1.09789
0.686054 0.811522
0.690198 0.918812
0.694948 1.20983
0.700293 0.820113
0.706218 1.28895
0.71271 1.22766
0.719753 1.25094
0.727331 1.0407
0.735428 1.2857
0.744026 1.265
0.753109 1.57789
0.762659 0.892229
0.772659 1.30553
0.783091 0.865199
0.793939 1.01553
0.805185 1.2863
0.816814 1.2022
0.828809 1.15247
0.841155 1.35974
0.853835 1.21797
0.866837 0.829178
0.880144 1.4365
0.893745 0.822001
0.907625 0.869966
0.683813 0.978176
0.684133 0.926097
0.685095 1.29028
0.686693 0.999319
0.688925 1.10278
0.691785 1.2749
0.695263 1.00157
0.699352 1.2815
0.704041 1.04296
0.709317 1.1808
0.715168 1.01763
0.721579 1.26206
0.728536 1.17152
0.736024 1.02886
0.744026 1.53647
0.752526 1.10911
0.761508 1.11093
0.770954 1.32368
0.780847 1.56557
0.791171 1.45929
0.80191 1.51055
0.813046 1.46046
0.824564 1.06605
0.836448 1.09177
0.848682 1.14986
0.861252 0.931222
0.874143 1.46918
0.887342 1.26375
0.900833 0.778291
0.914606 1.05283
0.693684 1.03891
0.694001 0.903823
0.694948 1.20251
0.696524 0.767648
0.698725 0.894439
0.701544 1.31451
0.704975 1.2104
0.709008 0.768993
0.713633 1.6869
0.718838 1.15131
0.724612 1.17695
0.730941 1.32711
0.73781 0.982384
0.745204 0.8604
0.753109 0.893336
0.761508 1.29983
0.770384 1.1767
0.779723 1.46099
0.789506 1.06131
0.799719 1.61231
0.810344 1.45227
0.821366 1.11311
0.832769 0.896322
0.844537 1.31304
0.856656 0.933779
0.869111 1.00088
0.881887 1.29266
0.894971 1.1787
0.90835 1.22189
0.92201 0.978025
0.704041 0.88256
0.704352 0.90049
0.705286 1.0674
0.706839 0.975084
0.709008 1.18421
0.711786 1.4716
0.715168 0.976487
0.719143 1.3149
0.723704 1.4224
0.728837 0.959293
0.734533 1.02114
0.740777 1.30043
0.747555 0.950424
0.754854 1.17665
0.762659 1.44982
0.770954 1.15709
0.779723 1.39143
0.788951 0.973611
0.798621 1.14776
0.808719 1.13123
0.819227 1.58873
0.830131 1.19803
0.841415 1.18021
0.853064 1.43378
0.865064 1.24084
0.877399 1.23874
0.890056 1.08885
0.903022 1.13097
0.916283 1.11517
0.929827 1.13058
0.714861 1.53749
0.715168 1.25546
0.716087 1.15771
0.717617 1.23649
0.719753 1.02846
0.72249 1.1584
0.725822 1.00453
0.72974 1.05022
0.734234 0.745925
0.739295 1.38962
0.74491 1.17156
0.751068 1.02825
0.757754 1.48265
0.764956 0.794664
0.772659 0.948695
0.780847 1.39581
0.789506 1.47043
0.798621 1.05665
0.808176 1.37239
0.818156 1.09621
0.828544 1.00017
0.839327 1.98315
0.850489 1.08634
0.862016 1.18367
0.873892 0.865408
0.886105 1.09454
0.89864 1.05949
0.911483 1.10978
0.924623 0.739318
0.938046 1.1267
0.726124 1.09988
0.726426 0.886014
0.727331 1.29886
0.728837 1.26682
0.730941 1.15438
0.733636 1.37115
0.736918 1.06527
0.740777 1.25697
0.745204 1.10781
0.750191 1.10024
0.755726 1.00447
0.761796 1.22239
0.768389 1.27458
0.775492 1.30315
0.783091 1.24735
0.791171 1.17043
0.799719 1.29496
0.808719 1.4325
0.818156 1.03099
0.828015 1.07989
0.838281 1.00267
0.848941 1.10159
0.859978 0.895692
0.871379 0.871902
0.88313 1.09073
0.895216 1.26857
0.907625 1.5657
0.920343 1.10823
0.933358 1.03545
0.946657 1.21385
0.73781 1.21636
0.738107 1.01842
0.738998 0.981701
0.74048 1.25576
0.742551 1.56199
0.745204 0.95913
0.748435 1.16057
0.752235 1.25043
0.756596 1.41605
0.761508 1.40856
0.766961 1.06648
0.772942 1.08461
0.779441 1.23336
0.786445 2.08612
0.793939 1.16519
0.80191 0.982494
0.810344 1.04726
0.819227 1.06356
0.828544 0.979203
0.838281 1.21697
0.848424 1.02472
0.858957 1.189
0.869868 1.24516
0.881141 1.12427
0.892763 1.4792
0.904721 1.11427
0.917001 1.1134
0.929591 0.984318
0.942478 1.15933
0.95565 1.12126
0.749899 1.21351
0.750191 1.42271
0.751068 0.817024
0.752526 1.2271
0.754564 0.835678
0.757175 1.29162
0.760355 1.62894
0.764095 1.02762
0.768389 1.02547
0.773226 1.30902
0.778597 0.966897
0.78449 1.15583
0.790894 1.06107
0.797797 1.68404
0.805185 1.49884
0.813046 1.07262
0.821366 1.19101
0.830131 1.51359
0.839327 1.47904
0.848941 1.00267
0.858957 1.30717
0.869363 1.37334
0.880144 0.996029
0.891288 1.53529
0.902779 1.59451
0.914606 1.13348
0.926755 1.03545
0.939214 0.993187
0.951971 1.10562
0.965014 1.43253
0.762371 1.19683
0.762659 1.26651
0.763521 0.936973
0.764956 1.60607
0.766961 1.25545
0.76953 0.951237
0.772659 1.30358
0.77634 1.47711
0.780566 0.929198
0.785328 1.25416
0.790617 1.32388
0.796421 1.74749
0.80273 1.41858
0.809532 0.782299
0.816814 1.03682
0.824564 1.06357
0.832769 1.06447
0.841415 1.09354
0.850489 0.90512
0.859978 1.08835
0.869868 0.940804
0.880144 1.44361
0.890795 0.927748
0.901807 0.766253
0.913166 1.11314
0.92486 0.890475
0.936876 0.767916
0.949202 1.17842
0.961827 0.894078
0.974738 1.18076
0.775209 1.1049
0.775492 1.25289
0.77634 1.16952
0.777751 0.74292
0.779723 1.3038
0.78225 1.13233
0.785328 1.23637
0.788951 1.44082
0.79311 1.14592
0.797797 1.12817
0.803003 1.13456
0.808719 1.4561
0.814932 1.73795
0.821633 1.4233
0.828809 1.33041
0.836448 0.801526
0.844537 1.34643
0.853064 1.39548
0.862016 1.31014
0.871379 1.68569
0.881141 1.14091
0.891288 1.3495
0.901807 1.32194
0.912685 1.13538
0.923911 1.38582
0.93547 0.850048
0.947352 0.864562
0.959544 0.883527
0.972034 1.09732
0.984811 1.08565
0.788394 1.25985
0.788673 1.52408
0.789506 1.21532
0.790894 1.07988
0.792833 0.910659
0.795319 1.73252
0.798346 1.47042
0.80191 1.05235
0.806002 1.32647
0.810615 1.4664
0.815739 1.12923
0.821366 1.07973
0.827485 1.51553
0.834085 1.44113
0.841155 1.19248
0.848682 0.934084
0.856656 1.21632
0.865064 0.785351
0.873892 1.21957
0.88313 0.948536
0.892763 0.694281
0.902779 1.4016
0.913166 1.09301
0.923911 0.98311
0.935001 1.1092
0.946426 0.86509
0.958171 1.03592
0.970227 1.00996
0.982582 0.975464
0.995223 0.82974
0.80191 1.24799
0.802183 1.38954
0.803003 1.01143
0.804368 1.11674
0.806274 1.05247
0.808719 1.2984
0.811696 1.38974
0.815201 1.50114
0.819227 0.842067
0.823766 1.73754
0.828809 1.33859
0.834348 1.15893
0.840372 1.31554
0.846871 0.776359
0.853835 1.0731
0.861252 1.21991
0.869111 0.706787
0.877399 1.27805
0.886105 1.16842
0.895216 1.10299
0.904721 1.22306
0.914606 1.1535
0.92486 0.805569
0.93547 1.58694
0.946426 1.05806
0.957714 1.01048
0.969323 0.913601
0.981241 1.08331
0.993459 1.00791
1.00596 1.01706
0.815739 1.07439
0.816008 1.23071
0.816814 1.17665
0.818156 1.31876
0.82003 1.21653
0.822434 1.01778
0.825362 0.930377
0.828809 1.24786
0.832769 1.35573
0.837234 1.25372
0.842197 1.37936
0.847648 1.3177
0.853578 1.51984
0.859978 0.999117
0.866837 1.07675
0.874143 1.21263
0.881887 1.2122
0.890056 0.99114
0.89864 1.00626
0.907625 1.25093
0.917001 0.799312
0.926755 1.0703
0.936876 1.04812
0.947352 1.04729
0.958171 0.922535
0.969323 0.760393
0.980794 0.843235
0.992575 1.05817
1.00465 0.788601
1.01702 0.897321
0.829867 1.29756
0.830131 0.952512
0.830923 1.23691
0.832242 1.27027
0.834085 1.00884
0.836448 1.39336
0.839327 0.856766
0.842718 1.21881
0.846612 1.21406
0.851005 1.1282
0.855888 0.946457
0.861252 0.993901
0.86709 1.3403
0.87339 1.42126
0.880144 1.02375
0.887342 0.698606
0.894971 1.44674
0.903022 1.00778
0.911483 1.25952
0.920343 1.24578
0.929591 0.88963
0.939214 1.42945
0.949202 0.799609
0.959544 0.937972
0.970227 0.67838
0.981241 1.18806
0.992575 1.19215
1.00422 1.27079
1.01616 0.838275
1.02839 1.16541
0.844278 1.16259
0.844537 1.23686
0.845316 1.0606
0.846612 1.06776
0.848424 0.797239
0.850747 0.903143
0.853578 1.16831
0.856912 1.5978
0.860743 1.23416
0.865064 1.34911
0.869868 0.797652
0.875146 1.34572
0.880892 1.52238
0.887094 1.33595
0.893745 0.683966
0.900833 1.04532
0.90835 0.794699
0.916283 1.606
0.924623 0.960429
0.933358 0.975453
0.942478 1.30034
0.951971 0.977398
0.961827 0.862554
0.972034 1.71501
0.982582 1.02499
0.993459 0.901954
1.00465 1.27701
1.01616 1.28378
1.02796 0.882809
1.04005 0.934854
0.858957 1.29015
0.859213 1.52674
0.859978 1.18338
0.861252 1.1486
0.863033 1.27831
0.865317 0.859459
0.868101 1.11073
0.871379 1.24256
0.875146 1.51291
0.879397 0.643654
0.884123 1.41229
0.889317 0.970154
0.894971 0.840779
0.901077 1.42496
0.907625 0.986601
0.914606 0.876212
0.92201 1.22152
0.929827 0.967739
0.938046 0.969697
0.946657 1.04813
0.95565 1.18948
0.965014 0.981818
0.974738 0.653617
0.984811 1.18339
0.995223 1.51538
1.00596 0.870449
1.01702 0.97212
1.02839 1.11216
1.04005 1.20862
1.052 1.14493
0 4941
