0.0418879 1.73914
0.0628319 16.5995
0.0837758 35.6217
0.10472 12.8376
0.125664 8.59751
0.146608 1.63429
0.167552 1.23364
0.188496 0.502554
0.20944 1.11796
0.230383 1.28497
0.251327 1.22166
0.272271 0.33557
0.293215 0.399281
0.314159 0.255424
0.335103 0.377565
0.356047 0.333075
0.376991 0.523969
0.397935 0.41535
0.418879 0.418997
0.439823 0.435551
0.460767 0.476972
0.481711 0.660911
0.502655 0.472665
0.523599 0.76048
0.544543 0.603989
0.565487 0.851557
0.586431 0.702386
0.607375 0.879971
0.020944 0.0796307
0.0296192 0.389714
0.0468321 1.72842
0.0662306 1.27144
0.0863541 1.75473
0.106794 3.21129
0.127397 1.78175
0.148096 1.55354
0.168856 0.89574
0.189656 1.5687
0.210484 2.05378
0.231334 0.776125
0.252199 0.638617
0.273076 0.470169
0.293962 0.248651
0.314857 0.427518
0.335757 0.679329
0.356663 0.302054
0.377572 0.31198
0.398486 0.460687
0.419402 0.42224
0.440321 0.495638
0.461243 0.579837
0.482166 0.605621
0.503091 0.690183
0.524017 0.528562
0.544945 0.638741
0.565874 0.871052
0.586805 1.02994
0.607736 0.644756
0.0418879 1.11756
0.0468321 2.63302
0.0592384 10.0778
0.0755145 32.0761
0.0936642 4.10281
0.112787 40.3414
0.132461 11.8355
0.152474 1.09314
0.172708 2.71558
0.193094 2.43459
0.213587 0.797928
0.23416 1.80115
0.254794 0.85715
0.275475 0.574786
0.296192 0.523922
0.316939 0.304068
0.337711 0.318402
0.358503 0.460995
0.379311 0.162759
0.400134 0.300293
0.420968 0.370466
0.441813 0.424417
0.462667 0.359798
0.483529 0.39763
0.504397 0.603905
0.525272 0.703462
0.546151 0.775638
0.567036 0.76881
0.587925 0.649512
0.608817 0.753038
0.0628319 4.00551
0.0662306 5.01281
0.0755145 9.97522
0.0888577 47.5758
0.10472 16.8663
0.122123 3.64496
0.140496 5.93498
0.159504 1.50105
0.178945 2.33019
0.198692 0.430027
0.218661 0.500016
0.238798 0.595289
0.259062 0.373591
0.279427 0.662505
0.299872 0.305193
0.320381 0.266978
0.340943 0.415989
0.361549 0.588141
0.382191 0.460632
0.402865 0.555494
0.423565 0.372251
0.444288 0.516786
0.465031 0.525445
0.485791 0.63623
0.506567 0.91973
0.527355 0.665607
0.548156 0.780321
0.568967 0.55127
0.589787 0.538314
0.610616 0.936356
0.0837758 5.89271
0.0863541 42.1118
0.0936642 33.1536
0.10472 38.4851
0.118477 22.1356
0.134107 7.04115
0.151029 3.54387
0.168856 0.427255
0.187328 2.47248
0.206274 0.648876
0.225573 1.53663
0.245143 0.708415
0.264922 0.632562
0.284869 0.682758
0.304949 0.378803
0.325138 0.253427
0.345416 0.232311
0.36577 0.251087
0.386187 0.362115
0.406658 0.275068
0.427174 0.296908
0.447731 0.526782
0.468321 0.44022
0.488941 0.442951
0.509588 0.775589
0.530258 0.655772
0.550949 0.653653
0.571659 0.884493
0.592384 0.706821
0.613125 0.900032
0.10472 20.0174
0.106794 61.6613
0.112787 4.10018
0.122123 2.46412
0.134107 8.56995
0.148096 4.44058
0.163577 1.13199
0.180167 1.16501
0.197585 0.363976
0.215631 2.22294
0.23416 0.623413
0.253067 0.347377
0.272271 0.869715
0.291715 0.38827
0.311354 0.275206
0.331153 0.334197
0.351085 0.250261
0.371128 0.366043
0.391265 0.402832
0.411483 0.429327
0.431771 0.424748
0.452118 0.391549
0.472517 0.579738
0.492962 0.508419
0.513447 0.685881
0.533968 0.548062
0.554521 0.707598
0.575101 0.766446
0.595707 0.63
0.616336 1.05418
0.125664 2.80076
0.127397 2.66602
0.132461 10.2853
0.140496 5.51327
0.151029 0.838252
0.163577 3.9541
0.177715 1.96031
0.193094 1.76287
0.20944 2.20918
0.226543 0.551196
0.244246 0.465627
0.262427 0.575082
0.280993 0.246249
0.299872 0.258407
0.319009 0.221493
0.33836 0.314198
0.35789 0.335239
0.377572 0.48695
0.397384 0.294654
0.417305 0.486767
0.437323 0.335651
0.457423 0.356502
0.477596 0.444434
0.497832 0.581218
0.518125 0.576617
0.538467 0.589006
0.558854 0.819983
0.579281 0.616383
0.599743 0.658631
0.620238 1.14752
0.146608 4.18785
0.148096 2.98884
0.152474 3.02367
0.159504 0.343574
0.168856 0.574895
0.180167 2.63804
0.193094 0.752838
0.207335 0.936696
0.222637 2.09447
0.238798 0.470192
0.255654 0.239047
0.273076 0.310779
0.290963 0.384308
0.309234 0.276777
0.327825 0.252573
0.346684 0.326422
0.36577 0.249942
0.38505 0.353258
0.404495 0.402133
0.424083 0.479543
0.443794 0.373319
0.463614 0.432236
0.483529 0.596495
0.503527 0.632264
0.523599 0.528669
0.543737 1.04696
0.563933 0.709721
0.584182 0.711565
0.604479 0.900572
0.624818 1.06868
0.167552 0.57781
0.168856 0.4272
0.172708 1.72133
0.178945 0.776864
0.187328 6.06673
0.197585 2.80313
0.20944 1.13489
0.222637 1.04768
0.236954 0.636694
0.252199 0.569864
0.268213 0.588944
0.284869 0.323151
0.302058 0.259134
0.319696 0.245289
0.337711 0.41302
0.356047 0.435717
0.374657 0.265971
0.393501 1.01466
0.412548 0.299955
0.431771 0.397415
0.451147 0.421957
0.470657 0.437531
0.490285 0.408517
0.510019 0.443304
0.529845 0.887703
0.549754 0.782324
0.569737 1.07194
0.589787 0.964574
0.609897 0.642648
0.630061 1.07844
0.188496 1.56093
0.189656 5.77285
0.193094 0.513431
0.198692 0.870171
0.206274 2.14847
0.215631 1.12732
0.226543 0.856385
0.238798 0.87782
0.252199 0.711638
0.266573 0.323155
0.281772 0.189016
0.297669 0.881264
0.314159 0.342035
0.331153 0.269926
0.348577 0.305663
0.36637 0.321462
0.38448 0.323088
0.402865 0.262063
0.421489 0.426538
0.440321 0.416943
0.459337 0.319799
0.478513 0.483569
0.497832 0.687626
0.517277 0.613468
0.536836 0.532862
0.556495 0.74466
0.576244 0.678984
0.596075 0.889299
0.61598 0.892129
0.635952 1.03693
0.20944 1.3208
0.210484 1.29969
0.213587 1.63843
0.218661 0.331731
0.225573 0.304566
0.23416 0.482219
0.244246 0.459204
0.255654 0.54103
0.268213 0.863099
0.281772 0.296956
0.296192 0.283908
0.311354 0.285255
0.327155 0.312034
0.343506 0.330127
0.360333 0.280907
0.377572 0.311238
0.39517 0.277731
0.413079 0.332335
0.431262 0.444909
0.449686 0.477569
0.468321 0.400591
0.487144 0.708647
0.506133 0.710212
0.525272 0.593457
0.544543 0.506271
0.563933 1.02992
0.583431 0.861756
0.603026 0.97411
0.622708 0.902286
0.642471 1.19811
0.230383 0.805531
0.231334 0.36573
0.23416 0.846252
0.238798 1.54393
0.245143 0.579039
0.253067 0.365132
0.262427 1.16544
0.273076 0.906601
0.284869 0.248512
0.297669 0.421678
0.311354 0.373385
0.325811 0.473801
0.340943 0.247424
0.356663 0.43862
0.372896 0.327091
0.38958 0.304438
0.406658 0.448533
0.424083 0.44035
0.441813 0.452628
0.459814 0.378494
0.478055 0.34539
0.496509 0.504885
0.515153 0.831736
0.533968 0.48794
0.552936 0.874261
0.572042 0.66042
0.591273 0.800568
0.610616 1.15809
0.630061 0.988145
0.6496 0.729817
0.251327 0.397238
0.252199 0.525875
0.254794 0.603714
0.259062 0.337107
0.264922 0.86639
0.272271 0.182005
0.280993 0.177686
0.290963 0.638227
0.302058 0.952788
0.314159 0.255415
0.327155 0.288276
0.340943 0.279657
0.355431 0.247768
0.370536 0.381757
0.386187 0.499335
0.40232 0.39183
0.418879 0.321573
0.435815 0.51294
0.453087 0.381317
0.470657 0.631893
0.488493 0.46307
0.506567 0.618228
0.524854 0.711466
0.543333 0.546765
0.561985 0.807749
0.580794 0.765613
0.599743 1.07124
0.618822 0.599227
0.638018 0.858227
0.65732 1.00579
0.272271 0.664758
0.273076 0.174462
0.275475 0.24274
0.279427 0.493353
0.284869 0.46533
0.291715 0.272971
0.299872 0.357455
0.309234 0.510583
0.319696 0.385249
0.331153 0.272878
0.343506 0.28693
0.356663 0.339873
0.370536 0.403061
0.38505 0.344908
0.400134 0.525239
0.415726 0.457073
0.431771 0.532431
0.44822 0.375814
0.465031 0.574851
0.482166 0.454455
0.499591 0.539612
0.517277 0.500498
0.535199 0.643371
0.553333 0.962028
0.571659 0.804138
0.590159 0.799999
0.608817 1.37723
0.62762 0.501116
0.646554 0.826897
0.665609 1.29168
0.293215 0.574754
0.293962 0.263452
0.296192 0.296186
0.299872 0.615602
0.304949 0.404989
0.311354 0.601463
0.319009 0.325962
0.327825 0.281767
0.337711 0.239854
0.348577 0.303815
0.360333 0.413266
0.372896 0.460256
0.386187 0.382243
0.400134 0.374364
0.414669 0.323407
0.429734 0.313262
0.445275 0.627282
0.461243 0.857911
0.477596 0.547999
0.494295 0.404824
0.511307 0.504351
0.528601 0.472002
0.546151 0.816964
0.563933 0.649609
0.581925 0.698891
0.600109 1.00445
0.618467 0.659999
0.636985 1.05195
0.655649 1.00715
0.674447 0.899385
0.314159 0.336257
0.314857 0.299325
0.316939 0.251555
0.320381 0.229621
0.325138 0.344438
0.331153 0.444524
0.33836 0.182394
0.346684 0.377751
0.356047 0.306012
0.36637 0.344895
0.377572 0.243429
0.38958 0.336909
0.40232 0.328572
0.415726 0.31157
0.429734 0.517955
0.444288 0.503125
0.459337 0.458364
0.474832 0.596364
0.490732 0.506466
0.506999 0.516141
0.523599 0.552337
0.5405 1.03793
0.557676 0.464952
0.575101 1.01735
0.592755 0.90082
0.610616 0.818959
0.628667 1.11156
0.646894 1.02937
0.66528 0.888852
0.683813 0.999497
0.335103 0.181213
0.335757 0.332098
0.337711 0.364097
0.340943 0.248413
0.345416 0.409175
0.351085 0.329907
0.35789 0.48834
0.36577 0.36898
0.374657 0.321191
0.38448 0.28703
0.39517 0.492884
0.406658 0.359061
0.418879 0.434752
0.431771 0.318836
0.445275 0.445441
0.459337 0.461731
0.473908 0.550699
0.488941 0.663064
0.504397 0.416233
0.520237 0.365635
0.536427 0.779684
0.552936 0.64391
0.569737 0.67295
0.586805 0.617187
0.604116 0.80531
0.621651 0.786116
0.639391 0.851635
0.65732 1.05317
0.675422 1.33939
0.693684 0.978487
0.356047 0.368426
0.356663 0.438338
0.358503 0.202296
0.361549 0.606943
0.36577 0.329228
0.371128 0.372362
0.377572 0.233475
0.38505 0.397851
0.393501 0.291617
0.402865 0.446166
0.413079 0.374627
0.424083 0.552349
0.435815 0.389208
0.44822 0.584322
0.461243 0.411684
0.474832 0.367836
0.488941 0.570207
0.503527 0.637191
0.518548 0.516986
0.533968 0.540655
0.549754 0.951862
0.565874 0.59442
0.582302 0.692208
0.599012 0.76201
0.61598 0.871388
0.633187 1.22345
0.650612 0.87451
0.66824 1.00486
0.686054 0.686288
0.704041 1.40725
0.376991 0.1962
0.377572 0.471024
0.379311 0.3458
0.382191 0.306012
0.386187 0.452317
0.391265 0.333833
0.397384 0.553256
0.404495 0.432504
0.412548 0.469554
0.421489 0.507922
0.431262 0.330012
0.441813 0.718639
0.453087 0.466432
0.465031 0.534761
0.477596 0.525299
0.490732 0.542671
0.504397 0.435014
0.518548 0.602075
0.533146 0.582301
0.548156 0.92848
0.563544 0.54243
0.579281 0.573192
0.595339 0.821088
0.611692 0.637449
0.628319 0.811104
0.645196 1.10184
0.662306 0.962831
0.67963 0.988085
0.697154 1.11348
0.714861 0.95298
0.397935 0.334965
0.398486 0.378999
0.400134 0.374395
0.402865 0.500127
0.406658 0.447238
0.411483 0.416363
0.417305 0.538086
0.424083 0.442555
0.431771 0.533255
0.440321 0.482313
0.449686 0.480068
0.459814 0.396053
0.470657 0.610344
0.482166 0.564017
0.494295 0.622209
0.506999 0.833405
0.520237 0.63313
0.533968 0.753311
0.548156 0.613899
0.562765 0.785866
0.577765 0.631566
0.593124 0.846183
0.608817 0.775911
0.624818 0.918098
0.641104 1.25541
0.657653 0.961715
0.674447 0.964301
0.691468 0.837643
0.708698 0.892454
0.726124 1.25603
0.418879 0.331838
0.419402 0.37967
0.420968 0.388619
0.423565 0.471646
0.427174 0.383086
0.431771 0.476796
0.437323 0.437594
0.443794 0.489169
0.451147 0.394501
0.459337 0.592402
0.468321 0.397015
0.478055 0.483394
0.488493 0.546906
0.499591 0.73073
0.511307 0.569255
0.523599 0.819602
0.536427 0.426136
0.549754 0.478713
0.563544 0.956465
0.577765 0.959983
0.592384 0.704992
0.607375 0.881121
0.622708 0.679916
0.638361 0.820914
0.65431 0.959222
0.670534 0.903447
0.687013 0.862136
0.703729 1.09393
0.720667 0.909566
0.73781 1.05992
0.439823 0.466222
0.440321 0.600454
0.441813 0.547029
0.444288 0.41999
0.447731 0.455048
0.452118 0.450714
0.457423 0.41868
0.463614 0.488844
0.470657 0.680477
0.478513 0.555183
0.487144 0.627081
0.496509 0.612124
0.506567 0.534063
0.517277 0.766066
0.528601 0.593322
0.5405 0.578075
0.552936 0.801129
0.565874 0.36222
0.579281 0.808662
0.593124 0.596699
0.607375 0.882509
0.622004 0.868774
0.636985 0.761419
0.652296 0.808247
0.667912 1.0751
0.683813 0.888385
0.699979 1.23125
0.716393 1.15619
0.733038 0.958989
0.749899 0.858198
0.460767 0.622126
0.461243 0.500085
0.462667 0.505723
0.465031 0.708175
0.468321 0.470299
0.472517 0.595141
0.477596 0.817573
0.483529 0.556953
0.490285 0.78126
0.497832 0.591555
0.506133 0.525149
0.515153 0.649252
0.524854 1.19655
0.535199 0.765683
0.546151 0.793848
0.557676 0.667876
0.569737 0.774478
0.582302 0.878746
0.595339 0.606764
0.608817 0.71751
0.622708 0.864927
0.636985 1.19246
0.651623 0.954402
0.666597 1.20369
0.681886 0.748208
0.697468 1.13523
0.713325 1.14513
0.729439 1.06164
0.745793 1.51162
0.762371 0.872722
0.481711 0.785522
0.482166 0.503069
0.483529 0.513003
0.485791 0.55239
0.488941 0.609413
0.492962 0.540035
0.497832 0.74849
0.503527 0.516257
0.510019 0.470405
0.517277 0.657459
0.525272 0.683264
0.533968 0.647744
0.543333 0.863368
0.553333 0.982317
0.563933 0.690731
0.575101 1.01414
0.586805 0.801481
0.599012 0.868955
0.611692 0.682812
0.624818 0.703424
0.638361 0.802851
0.652296 0.658474
0.666597 1.01046
0.681242 0.542425
0.696209 1.1247
0.711478 0.855818
0.72703 1.11141
0.742846 0.755536
0.758911 0.968068
0.775209 1.08575
0.502655 0.417294
0.503091 0.810907
0.504397 0.619805
0.506567 0.409617
0.509588 0.630577
0.513447 0.592289
0.518125 0.429504
0.523599 0.812827
0.529845 0.764038
0.536836 0.603035
0.544543 0.962983
0.552936 0.524249
0.561985 0.740467
0.571659 0.882417
0.581925 1.06413
0.592755 1.27697
0.604116 0.833512
0.61598 0.75376
0.628319 0.922899
0.641104 0.850646
0.65431 0.732137
0.667912 0.833496
0.681886 0.763256
0.696209 0.960153
0.710861 0.906426
0.725822 1.01492
0.741073 1.01223
0.756596 0.682032
0.772375 0.987478
0.788394 1.01962
0.523599 0.781082
0.524017 0.617762
0.525272 0.709076
0.527355 0.535602
0.530258 0.550722
0.533968 0.691739
0.538467 0.486602
0.543737 0.698026
0.549754 0.67195
0.556495 0.503031
0.563933 0.719574
0.572042 0.887585
0.580794 0.66657
0.590159 0.827713
0.600109 0.894739
0.610616 0.627327
0.621651 1.01123
0.633187 1.14923
0.645196 0.889525
0.657653 0.881825
0.670534 1.0289
0.683813 0.809742
0.697468 0.747258
0.711478 0.995598
0.725822 1.05432
0.74048 1.01678
0.755435 0.776621
0.770669 0.9906
0.786166 1.61994
0.80191 1.07124
0.544543 0.741929
0.544945 0.857535
0.546151 0.748873
0.548156 0.752806
0.550949 0.668093
0.554521 0.774514
0.558854 0.593895
0.563933 0.603699
0.569737 0.446044
0.576244 0.957795
0.583431 0.729579
0.591273 0.554093
0.599743 0.658375
0.608817 0.834488
0.618467 0.98633
0.628667 0.924714
0.639391 0.948332
0.650612 0.792255
0.662306 0.92066
0.674447 0.888811
0.687013 1.09063
0.699979 0.762645
0.713325 0.902975
0.72703 0.796706
0.741073 1.05442
0.755435 1.35298
0.7701 1.26523
0.785049 0.901776
0.800267 1.00762
0.815739 1.02317
0.565487 0.518909
0.565874 0.593401
0.567036 0.515656
0.568967 0.840642
0.571659 0.826156
0.575101 1.05165
0.579281 0.506463
0.584182 0.777025
0.589787 0.725711
0.596075 0.648183
0.603026 0.66382
0.610616 0.729064
0.618822 0.987745
0.62762 1.0826
0.636985 0.970179
0.646894 1.11584
0.65732 1.27034
0.66824 0.852961
0.67963 0.769949
0.691468 1.01424
0.703729 1.50823
0.716393 1.11517
0.729439 1.10509
0.742846 0.754744
0.756596 0.967442
0.770669 0.855643
0.785049 0.99006
0.799719 1.30441
0.814663 1.09673
0.829867 1.0661
0.586431 0.86824
0.586805 0.859521
0.587925 0.825545
0.589787 0.631612
0.592384 0.79056
0.595707 0.95465
0.599743 0.615946
0.604479 0.691053
0.609897 0.910709
0.61598 0.797443
0.622708 0.788534
0.630061 0.845721
0.638018 0.949609
0.646554 0.826064
0.655649 0.814295
0.66528 0.816701
0.675422 0.647337
0.686054 0.965967
0.697154 1.28225
0.708698 1.09355
0.720667 0.942411
0.733038 0.706921
0.745793 1.09248
0.758911 1.11372
0.772375 0.800644
0.786166 0.786533
0.800267 1.08359
0.814663 1.14719
0.829338 0.944329
0.844278 1.30078
0.607375 0.583206
0.607736 0.919663
0.608817 0.706897
0.610616 0.864353
0.613125 0.620793
0.616336 0.941234
0.620238 1.02639
0.624818 0.769136
0.630061 0.823262
0.635952 1.11583
0.642471 0.924728
0.6496 0.883465
0.65732 0.894154
0.665609 0.68293
0.674447 0.765373
0.683813 0.879744
0.693684 0.857434
0.704041 1.01167
0.714861 0.927389
0.726124 0.95826
0.73781 1.18119
0.749899 1.35588
0.762371 1.14129
0.775209 1.07849
0.788394 1.43168
0.80191 0.832055
0.815739 1.03918
0.829867 0.778572
0.844278 1.16835
0.858957 1.08139
0.020944 0.12037
0.0296192 0.921851
0.0468321 0.943889
0.0662306 0.313525
0.0863541 7.38126
0.106794 5.33924
0.127397 15.9066
0.148096 2.55634
0.168856 2.49722
0.189656 0.817232
0.210484 0.950748
0.231334 0.327019
0.252199 0.579882
0.273076 0.454989
0.293962 0.870104
0.314857 0.464145
0.335757 0.209868
0.356663 0.357693
0.377572 0.352059
0.398486 0.420679
0.419402 0.416525
0.440321 0.620092
0.461243 0.461708
0.482166 0.466079
0.503091 0.770584
0.524017 0.623715
0.544945 0.698236
0.565874 0.856009
0.586805 0.645999
0.607736 0.976686
0.0296192 0.0988059
0.036276 0.317797
0.051302 6.22192
0.0694632 9.71138
0.0888577 3.48671
0.108828 5.54476
0.129107 14.0159
0.14957 7.31285
0.170149 0.934896
0.190808 1.62689
0.211524 0.301143
0.23228 0.571364
0.253067 0.301305
0.273878 0.276483
0.294708 0.278888
0.315552 0.204159
0.33641 0.498531
0.357277 0.506083
0.378153 0.319576
0.399036 0.305253
0.419925 0.464374
0.440819 0.412688
0.461718 0.459519
0.482621 0.516673
0.503527 0.584289
0.524436 0.435547
0.545348 0.729369
0.566262 0.793937
0.587178 0.864083
0.608096 0.71873
0.0468321 1.81494
0.051302 0.157892
0.0628319 8.90694
0.0783651 28.1495
0.0959772 26.0081
0.114715 12.2026
0.134107 5.8493
0.153906 1.73862
0.173974 0.568231
0.194226 0.349553
0.214612 0.443994
0.235095 1.24573
0.255654 0.42099
0.27627 0.381582
0.296932 0.340918
0.317631 0.327146
0.33836 0.300111
0.359114 0.235815
0.379889 0.239371
0.400681 0.337856
0.421489 0.545346
0.442309 0.481655
0.463141 0.39239
0.483982 0.561159
0.504832 0.456055
0.525689 0.785436
0.546553 0.95981
0.567423 1.09863
0.588298 0.753422
0.609177 0.666808
0.0662306 1.66277
0.0694632 5.37414
0.0783651 7.08462
0.0912926 3.62952
0.106794 10.6218
0.123906 3.39914
0.142049 11.5207
0.160874 1.07515
0.180167 0.87943
0.199793 2.36543
0.219662 2.22769
0.239714 0.452571
0.259908 0.467316
0.280211 0.534206
0.300602 0.359078
0.321065 0.486883
0.341586 0.208377
0.362155 0.42307
0.382765 0.389234
0.403409 0.463037
0.424083 0.45848
0.444782 0.334904
0.465503 0.443696
0.486243 0.584698
0.506999 0.685945
0.527771 0.923061
0.548556 0.460204
0.569352 0.699954
0.590159 0.949694
0.610975 0.705935
0.0863541 6.09309
0.0888577 13.7268
0.0959772 1.97582
0.106794 6.47448
0.120314 9.31134
0.135732 0.67173
0.152474 5.45636
0.170149 0.395653
0.188496 2.39107
0.207335 0.339205
0.226543 1.92928
0.246036 0.408815
0.265749 0.346046
0.285637 0.588213
0.305667 0.239678
0.325811 0.22458
0.346051 0.312103
0.36637 0.474724
0.386755 0.377274
0.407197 0.354107
0.427688 0.381414
0.44822 0.479178
0.468789 0.565075
0.48939 0.508613
0.510019 0.814024
0.530672 0.984273
0.551347 0.44421
0.572042 0.890821
0.592755 1.27468
0.613483 0.855857
0.106794 17.6853
0.108828 11.1382
0.114715 28.1758
0.123906 13.9777
0.135732 11.7568
0.14957 7.23428
0.164913 0.64661
0.18138 4.16353
0.198692 1.04215
0.216646 1.33477
0.235095 0.661479
0.253932 0.568549
0.273076 0.279072
0.292466 0.467953
0.312058 0.621687
0.331815 0.938186
0.351709 0.396596
0.371718 0.426154
0.391825 0.331991
0.412016 0.417143
0.432278 0.346115
0.452603 0.459702
0.472981 0.387707
0.493407 0.685145
0.513874 0.515498
0.534379 0.596329
0.554916 0.496654
0.575482 0.730436
0.596075 0.627212
0.616692 0.951052
0.127397 12.2909
0.129107 10.9632
0.134107 2.20437
0.142049 5.25038
0.152474 1.19505
0.164913 2.55541
0.178945 0.947888
0.194226 1.5707
0.210484 0.498363
0.22751 0.548134
0.245143 0.952822
0.263261 0.478117
0.281772 0.422223
0.300602 0.306844
0.319696 0.448131
0.339007 0.382359
0.358503 0.241162
0.378153 0.326608
0.397935 0.42077
0.417831 0.379933
0.437824 0.453145
0.457902 0.608062
0.478055 0.540389
0.498272 0.45738
0.518548 0.760263
0.538874 0.832003
0.559247 0.805453
0.57966 0.629851
0.600109 0.808383
0.620592 0.551341
0.148096 3.89526
0.14957 3.6677
0.153906 0.81538
0.160874 5.49843
0.170149 1.15518
0.18138 0.535561
0.194226 0.577978
0.20839 2.26352
0.22362 0.400034
0.239714 0.393005
0.25651 1.48596
0.273878 0.338551
0.291715 0.92323
0.309942 0.263295
0.328493 0.180259
0.347316 0.378255
0.36637 0.312078
0.385619 0.363696
0.405037 0.263146
0.4246 0.311468
0.444288 0.469488
0.464087 0.690967
0.483982 0.736627
0.503962 0.568816
0.524017 0.565416
0.54414 0.732361
0.564322 0.74934
0.584558 0.796223
0.604842 0.774459
0.625169 0.978258
0.168856 0.757497
0.170149 4.47409
0.173974 0.986147
0.180167 2.20147
0.188496 1.68613
0.198692 0.621253
0.210484 0.91762
0.22362 0.925997
0.237878 0.310426
0.253067 0.413934
0.26903 0.323659
0.285637 0.430501
0.302783 0.300181
0.320381 0.495702
0.33836 0.514428
0.356663 0.503647
0.375242 0.356388
0.394058 0.231369
0.413079 0.320371
0.432278 0.58194
0.451632 0.431749
0.471123 0.567957
0.490732 0.530687
0.510448 0.490371
0.530258 0.544649
0.550153 0.756143
0.570122 0.674519
0.590159 0.782627
0.610257 0.825859
0.630409 0.856092
0.189656 2.25002
0.190808 0.874995
0.194226 1.3008
0.199793 0.798162
0.207335 0.439517
0.216646 0.53402
0.22751 0.87063
0.239714 0.464303
0.253067 0.718496
0.267394 0.339235
0.282549 0.697376
0.298405 0.401355
0.314857 0.497633
0.331815 0.383939
0.349205 0.222891
0.366968 0.284915
0.38505 0.285117
0.403409 0.293107
0.422009 0.541272
0.440819 0.295631
0.459814 0.405425
0.478971 0.344575
0.498272 0.456636
0.517701 0.773689
0.537244 0.824084
0.556889 0.692965
0.576625 0.606013
0.596443 0.654648
0.616336 0.90921
0.636296 0.840231
0.210484 3.92985
0.211524 0.47298
0.214612 1.70119
0.219662 0.57882
0.226543 1.55225
0.235095 0.444668
0.245143 0.69812
0.25651 0.480712
0.26903 0.296929
0.282549 0.386613
0.296932 0.382127
0.312058 0.362346
0.327825 0.19787
0.344144 0.37109
0.360942 0.361908
0.378153 0.24552
0.395724 0.336968
0.41361 0.353064
0.431771 0.429556
0.450173 0.57745
0.468789 0.405803
0.487594 0.427642
0.506567 0.607446
0.525689 0.617079
0.544945 0.770833
0.564322 0.867273
0.583807 1.06583
0.603389 0.918831
0.623061 0.681021
0.642812 0.92937
0.231334 1.08764
0.23228 0.842454
0.235095 1.66674
0.239714 0.326534
0.246036 1.91912
0.253932 0.23279
0.263261 1.06949
0.273878 0.764179
0.285637 0.413418
0.298405 0.316139
0.312058 0.379388
0.326484 0.415191
0.341586 0.587184
0.357277 0.350457
0.373484 0.314105
0.390143 0.307411
0.407197 0.259414
0.4246 0.457108
0.442309 0.421555
0.460291 0.433626
0.478513 0.614707
0.49695 0.541907
0.515579 0.951216
0.534379 0.583496
0.553333 0.696705
0.572425 0.736864
0.591643 0.793457
0.610975 0.739976
0.630409 0.855866
0.649938 0.837562
0.252199 0.580796
0.253067 0.524936
0.255654 0.63723
0.259908 0.282266
0.265749 0.348282
0.273076 0.673575
0.281772 0.626348
0.291715 0.464974
0.302783 0.207632
0.314857 0.409514
0.327825 0.238309
0.341586 0.33067
0.356047 0.271463
0.371128 0.400529
0.386755 0.238088
0.402865 0.363064
0.419402 0.391024
0.436318 0.347999
0.453571 0.55524
0.471123 0.470162
0.488941 0.610706
0.506999 0.68893
0.525272 0.594175
0.543737 0.714109
0.562375 0.88935
0.581171 0.610194
0.600109 0.75975
0.619176 0.947957
0.638361 0.90121
0.657653 1.0527
0.273076 0.424618
0.273878 0.621776
0.27627 0.464816
0.280211 0.291072
0.285637 0.710003
0.292466 0.25808
0.300602 0.686851
0.309942 0.216188
0.320381 0.390696
0.331815 0.287391
0.344144 0.280002
0.357277 0.220307
0.371128 0.38464
0.385619 0.305812
0.400681 0.342763
0.416253 0.500645
0.432278 0.370986
0.448709 0.376681
0.465503 0.567434
0.482621 0.629714
0.50003 0.504852
0.517701 0.40711
0.535609 0.65303
0.553729 0.581069
0.572042 0.671754
0.59053 0.893398
0.609177 0.728803
0.627969 0.866783
0.646894 1.10122
0.665939 1.14953
0.293962 0.357921
0.294708 0.268378
0.296932 0.351605
0.300602 0.42941
0.305667 0.290105
0.312058 0.247025
0.319696 0.442239
0.328493 0.354661
0.33836 0.317031
0.349205 0.545422
0.360942 0.342643
0.373484 0.309193
0.386755 0.282346
0.400681 0.430704
0.415198 0.648453
0.430244 0.505827
0.445767 0.323966
0.461718 0.463222
0.478055 1.02938
0.494739 0.636737
0.511736 0.636418
0.529016 0.499686
0.546553 0.728944
0.564322 0.584645
0.582302 0.75786
0.600474 1.12906
0.618822 0.949839
0.63733 0.90481
0.655984 1.29516
0.674772 1.22461
0.314857 0.365951
0.315552 0.47943
0.317631 0.636842
0.321065 0.378058
0.325811 0.269472
0.331815 0.494651
0.339007 0.441796
0.347316 0.278404
0.356663 0.449914
0.366968 0.269221
0.378153 0.209378
0.390143 0.292312
0.402865 0.321202
0.416253 0.375091
0.430244 0.396365
0.444782 0.382067
0.459814 0.429477
0.475294 0.79573
0.491179 0.77389
0.507432 0.549816
0.524017 0.677274
0.540906 0.704882
0.558069 0.630057
0.575482 0.82975
0.593124 0.912192
0.610975 0.534642
0.629016 1.08536
0.647232 0.811853
0.665609 0.77437
0.684133 0.93271
0.335757 0.382349
0.33641 0.259048
0.33836 0.295329
0.341586 0.260381
0.346051 0.352289
0.351709 0.495124
0.358503 0.474996
0.36637 0.362791
0.375242 0.332318
0.38505 0.484089
0.395724 0.507209
0.407197 0.413777
0.419402 0.2649
0.432278 0.469374
0.445767 0.550114
0.459814 0.534207
0.47437 0.462882
0.48939 0.618954
0.504832 0.507813
0.520658 0.666108
0.536836 0.732538
0.553333 0.758582
0.570122 0.882133
0.587178 0.82948
0.604479 0.804549
0.622004 0.705212
0.639734 0.710176
0.657653 0.81235
0.675747 0.84361
0.694001 0.946464
0.356663 0.313881
0.357277 0.54024
0.359114 0.290143
0.362155 0.647734
0.36637 0.269262
0.371718 0.380843
0.378153 0.455575
0.385619 0.272642
0.394058 0.329163
0.403409 0.45839
0.41361 0.35319
0.4246 0.480843
0.436318 0.601562
0.448709 0.489558
0.461718 0.392288
0.475294 0.446211
0.48939 0.651245
0.503962 0.614771
0.518971 0.729949
0.534379 0.599892
0.550153 0.699997
0.566262 0.744988
0.582679 0.840757
0.599378 0.731171
0.616336 0.764193
0.633533 0.592701
0.650949 0.608587
0.668568 0.968993
0.686374 1.13443
0.704352 0.69826
0.377572 0.421572
0.378153 0.366854
0.379889 0.297531
0.382765 0.316739
0.386755 0.245536
0.391825 0.354179
0.397935 0.322748
0.405037 0.421806
0.413079 0.357152
0.422009 0.312068
0.431771 0.4489
0.442309 0.362042
0.453571 0.344734
0.465503 0.434198
0.478055 0.456553
0.491179 0.618065
0.504832 0.419849
0.518971 0.666664
0.533557 0.621162
0.548556 1.05379
0.563933 0.605255
0.57966 0.677658
0.595707 0.95879
0.612051 0.857485
0.628667 1.34981
0.645536 1.1223
0.662637 0.859861
0.679953 0.664925
0.697468 0.920096
0.715168 0.861746
0.398486 0.326715
0.399036 0.357732
0.400681 0.294685
0.403409 0.372568
0.407197 0.432329
0.412016 0.322816
0.417831 0.422387
0.4246 0.493837
0.432278 0.54912
0.440819 0.347873
0.450173 0.433068
0.460291 0.521517
0.471123 0.752071
0.482621 0.371723
0.494739 0.43174
0.507432 0.583118
0.520658 0.542897
0.534379 0.668371
0.548556 0.446687
0.563155 0.685995
0.578144 0.609776
0.593494 0.703436
0.609177 0.726619
0.625169 0.727662
0.641446 1.00815
0.657987 0.821728
0.674772 0.980156
0.691785 0.943459
0.709008 1.07409
0.726426 1.22375
0.419402 0.570938
0.419925 0.410925
0.421489 0.539626
0.424083 0.823849
0.427688 0.366124
0.432278 0.628051
0.437824 0.429782
0.444288 0.449115
0.451632 0.576993
0.459814 0.469719
0.468789 0.526643
0.478513 0.412687
0.488941 0.402457
0.50003 0.48848
0.511736 0.489291
0.524017 0.445217
0.536836 0.473059
0.550153 0.587798
0.563933 0.883151
0.578144 0.564042
0.592755 0.786213
0.607736 1.02733
0.623061 0.570536
0.638705 0.682999
0.654645 1.03992
0.670861 0.896713
0.687332 0.890328
0.704041 1.07371
0.720971 0.933174
0.738107 1.04208
0.440321 0.55694
0.440819 0.425112
0.442309 0.879192
0.444782 0.388013
0.44822 0.54432
0.452603 0.538451
0.457902 0.340299
0.464087 0.806548
0.471123 0.344068
0.478971 0.520118
0.487594 0.558216
0.49695 0.702843
0.506999 0.589588
0.517701 0.751753
0.529016 0.755114
0.540906 0.665207
0.553333 0.653084
0.566262 0.612036
0.57966 0.896446
0.593494 1.06088
0.607736 1.09456
0.622356 0.716522
0.63733 0.687231
0.652632 0.909092
0.66824 1.11195
0.684133 0.78733
0.700293 0.797343
0.716699 1.44379
0.733337 1.28159
0.750191 1.23731
0.461243 0.439337
0.461718 0.460895
0.463141 0.653795
0.465503 0.690132
0.468789 0.464689
0.472981 0.415947
0.478055 0.621967
0.483982 0.37239
0.490732 0.587267
0.498272 0.57983
0.506567 0.490294
0.515579 0.747141
0.525272 0.513609
0.535609 0.669106
0.546553 0.743346
0.558069 0.610036
0.570122 0.647738
0.582679 0.727549
0.595707 0.843582
0.609177 0.558878
0.623061 0.784873
0.63733 1.03885
0.651959 0.609532
0.666926 1.16636
0.682207 1.14417
0.697783 0.990059
0.713633 0.86411
0.72974 0.762713
0.746087 1.05161
0.762659 1.07771
0.482166 0.668083
0.482621 0.392193
0.483982 0.511453
0.486243 0.547387
0.48939 0.547876
0.493407 0.630391
0.498272 0.602273
0.503962 0.447157
0.510448 0.634745
0.517701 0.665444
0.525689 0.708187
0.534379 0.643076
0.543737 0.615668
0.553729 0.713027
0.564322 0.618106
0.575482 0.534887
0.587178 0.644813
0.599378 1.12051
0.612051 0.851414
0.625169 0.861894
0.638705 0.924023
0.652632 0.911116
0.666926 1.03545
0.681564 1.00476
0.696524 0.799341
0.711786 0.693841
0.727331 1.00018
0.743141 0.718197
0.7592 1.06116
0.775492 0.902593
0.503091 0.546536
0.503527 0.533163
0.504832 0.566275
0.506999 0.602722
0.510019 0.632593
0.513874 0.846984
0.518548 0.707466
0.524017 0.579925
0.530258 0.715705
0.537244 0.54818
0.544945 0.65357
0.553333 0.675411
0.562375 0.85432
0.572042 0.523216
0.582302 0.909872
0.593124 0.746853
0.604479 0.546667
0.616336 1.01684
0.628667 0.732472
0.641446 1.02136
0.654645 0.807891
0.66824 1.07109
0.682207 0.961233
0.696524 0.937317
0.71117 0.987407
0.726124 0.8731
0.741369 1.07936
0.756886 1.18768
0.772659 0.733513
0.788673 1.16327
0.524017 0.580933
0.524436 1.07813
0.525689 0.643253
0.527771 0.473297
0.530672 0.59989
0.534379 0.436462
0.538874 0.519882
0.54414 0.931254
0.550153 0.747285
0.556889 0.828471
0.564322 0.880001
0.572425 0.800567
0.581171 0.678877
0.59053 0.797691
0.600474 0.588485
0.610975 0.81156
0.622004 0.870763
0.633533 0.932678
0.645536 0.775082
0.657987 0.831538
0.670861 0.855305
0.684133 1.09019
0.697783 1.17648
0.711786 1.09457
0.726124 1.09368
0.740777 1.06681
0.755726 1.10172
0.770954 0.814937
0.786445 1.1425
0.802183 0.934148
0.544945 0.620746
0.545348 0.966378
0.546553 0.788349
0.548556 0.596804
0.551347 0.788143
0.554916 0.573971
0.559247 0.824046
0.564322 0.688141
0.570122 0.504398
0.576625 0.83462
0.583807 0.899733
0.591643 0.668113
0.600109 1.02071
0.609177 0.691706
0.618822 1.00696
0.629016 1.04663
0.639734 0.551618
0.650949 0.787744
0.662637 0.9719
0.674772 0.763999
0.687332 0.869633
0.700293 0.942346
0.713633 0.806293
0.727331 1.10919
0.741369 0.910752
0.755726 0.710859
0.770384 0.93826
0.785328 1.15136
0.800541 0.874005
0.816008 1.00888
0.565874 1.17793
0.566262 0.767865
0.567423 0.808175
0.569352 0.702723
0.572042 0.777459
0.575482 0.478484
0.57966 0.630048
0.584558 0.879924
0.590159 0.731887
0.596443 0.809022
0.603389 1.062
0.610975 0.681344
0.619176 1.01737
0.627969 0.783733
0.63733 1.0589
0.647232 1.01207
0.657653 0.856227
0.668568 1.01002
0.679953 1.01563
0.691785 1.30329
0.704041 0.920232
0.716699 1.05153
0.72974 1.22443
0.743141 1.33664
0.756886 1.03081
0.770954 1.27897
0.785328 0.884803
0.799993 1.16506
0.814932 1.09746
0.830131 1.17054
0.586805 1.07002
0.587178 0.800925
0.588298 0.666942
0.590159 0.944051
0.592755 0.501256
0.596075 1.07618
0.600109 0.768632
0.604842 0.902514
0.610257 0.864089
0.616336 1.03723
0.623061 0.694408
0.630409 0.958027
0.638361 0.873064
0.646894 0.766284
0.655984 0.922165
0.665609 1.07932
0.675747 0.890743
0.686374 0.951309
0.697468 0.933514
0.709008 1.28725
0.720971 0.793859
0.733337 0.994714
0.746087 0.982236
0.7592 0.961105
0.772659 0.832904
0.786445 1.01211
0.800541 0.930328
0.814932 1.03503
0.829603 1.26203
0.844537 1.02551
0.607736 0.951617
0.608096 1.01266
0.609177 0.988295
0.610975 0.996876
0.613483 0.99171
0.616692 0.758588
0.620592 0.791841
0.625169 0.914032
0.630409 1.03599
0.636296 0.57732
0.642812 0.878467
0.649938 1.24597
0.657653 1.18269
0.665939 1.14666
0.674772 0.807915
0.684133 1.23989
0.694001 1.05359
0.704352 0.917136
0.715168 0.817356
0.726426 1.16338
0.738107 0.742999
0.750191 1.13749
0.762659 0.816016
0.775492 0.938888
0.788673 1.23616
0.802183 1.10174
0.816008 1.42243
0.830131 1.20172
0.844537 1.29229
0.859213 0.945729
0.0418879 1.31006
0.0468321 2.09415
0.0592384 2.42842
0.0755145 29.3356
0.0936642 6.93301
0.112787 5.62166
0.132461 3.67752
0.152474 4.51105
0.172708 2.45664
0.193094 1.24584
0.213587 1.59735
0.23416 1.73841
0.254794 0.256705
0.275475 0.717512
0.296192 0.526199
0.316939 0.423882
0.337711 0.40199
0.358503 0.408823
0.379311 0.263644
0.400134 0.275539
0.420968 0.552136
0.441813 0.354691
0.462667 0.491513
0.483529 0.50784
0.504397 0.561578
0.525272 0.883144
0.546151 0.608983
0.567036 0.883864
0.587925 0.647493
0.608817 0.842286
0.0468321 0.293666
0.051302 4.01921
0.0628319 3.80841
0.0783651 37.2512
0.0959772 10.5138
0.114715 1.05315
0.134107 0.903941
0.153906 9.17647
0.173974 0.96071
0.194226 0.836417
0.214612 1.05169
0.235095 0.341479
0.255654 0.6133
0.27627 0.855259
0.296932 0.402661
0.317631 0.253739
0.33836 0.163777
0.359114 0.241976
0.379889 0.439501
0.400681 0.33086
0.421489 0.399728
0.442309 0.992682
0.463141 0.625629
0.483982 0.455368
0.504832 0.428494
0.525689 0.469223
0.546553 0.411573
0.567423 0.97934
0.588298 0.687108
0.609177 0.657874
0.0592384 2.81341
0.0628319 11.4694
0.072552 12.3089
0.0863541 58.6374
0.102604 17.8241
0.120314 6.83188
0.138926 6.519
0.158123 1.72346
0.177715 7.1335
0.197585 0.897601
0.217656 0.470137
0.237878 0.412717
0.258214 0.59023
0.278641 0.349529
0.299139 0.475241
0.319696 0.351331
0.340299 0.30767
0.360942 0.246198
0.381617 0.40756
0.40232 0.382138
0.423047 0.387878
0.443794 0.801014
0.464559 0.430068
0.48534 0.310121
0.506133 0.640871
0.526939 0.726274
0.547755 0.720492
0.568581 0.735272
0.589415 0.676683
0.610257 0.844816
0.0755145 0.784122
0.0783651 9.86909
0.0863541 4.1307
0.0982358 10.6245
0.112787 3.44821
0.129107 4.4822
0.146608 0.651668
0.164913 0.565346
0.183782 1.37596
0.203059 1.60835
0.222637 0.591308
0.242444 0.618817
0.262427 0.197607
0.282549 0.525371
0.302783 0.318893
0.323108 0.322879
0.343506 0.369291
0.363967 0.427732
0.38448 0.349815
0.405037 0.473623
0.425631 0.36004
0.446259 0.432108
0.466914 0.339178
0.487594 0.574257
0.508295 0.560895
0.529016 0.547743
0.549754 0.558298
0.570506 0.689301
0.591273 0.799032
0.612051 0.571573
0.0936642 12.5724
0.0959772 57.2293
0.102604 11.2533
0.112787 15.4004
0.125664 21.0654
0.140496 0.490807
0.15673 0.385249
0.173974 3.04895
0.191954 3.226
0.210484 0.603278
0.229429 1.5651
0.248696 1.43983
0.268213 0.446961
0.287932 0.253184
0.307812 0.417288
0.327825 0.283272
0.347947 0.416675
0.368161 0.218657
0.388452 0.448336
0.40881 0.333326
0.429223 0.341966
0.449686 0.519905
0.470191 0.397516
0.490732 0.7111
0.511307 0.568322
0.53191 0.703416
0.552539 0.728924
0.573191 0.703713
0.593864 0.759586
0.614554 0.601132
0.112787 17.6186
0.114715 23.3779
0.120314 0.67067
0.129107 0.786146
0.140496 6.73386
0.153906 1.27609
0.168856 1.54959
0.184972 0.4519
0.201976 0.696404
0.219662 0.434642
0.237878 0.582206
0.25651 0.549388
0.275475 0.602351
0.294708 0.476317
0.314159 0.306218
0.333792 0.387252
0.353575 0.481974
0.373484 0.277009
0.393501 0.452503
0.41361 0.354894
0.433798 0.487698
0.454054 0.490632
0.47437 0.46761
0.494739 0.666448
0.515153 0.392154
0.535609 0.465664
0.5561 0.936245
0.576625 0.720043
0.597178 0.763048
0.617758 1.01808
0.132461 6.56806
0.134107 1.56228
0.138926 5.07855
0.146608 2.4579
0.15673 2.13494
0.168856 2.66539
0.182585 2.09216
0.197585 0.466491
0.213587 2.66312
0.230383 1.31594
0.247812 0.408269
0.265749 0.493477
0.284098 0.387946
0.302783 0.379827
0.321747 0.28254
0.340943 0.223595
0.360333 0.289151
0.379889 0.405316
0.399585 0.374948
0.419402 0.305293
0.439324 0.416672
0.459337 0.324138
0.479429 0.585835
0.499591 0.513239
0.519815 0.668253
0.540094 0.656212
0.560422 0.787594
0.580794 1.15128
0.601204 0.617829
0.621651 0.79822
0.152474 3.06887
0.153906 3.66898
0.158123 3.86213
0.164913 0.332145
0.173974 0.966325
0.184972 2.6665
0.197585 2.98406
0.211524 0.414463
0.226543 0.472802
0.242444 0.500932
0.259062 0.227089
0.27627 0.462763
0.293962 0.331953
0.312058 0.643128
0.33049 0.474252
0.349205 0.330682
0.368161 0.310565
0.387322 0.377606
0.406658 0.442393
0.426146 0.319903
0.445767 0.477828
0.465503 0.392754
0.48534 0.41305
0.505266 0.581699
0.525272 0.712701
0.545348 0.543111
0.565487 0.662035
0.585682 0.92793
0.605928 0.939522
0.626221 0.840339
0.172708 3.96242
0.173974 1.46824
0.177715 1.11222
0.183782 1.98573
0.191954 3.41987
0.201976 0.234833
0.213587 1.0982
0.226543 1.32514
0.240628 0.449923
0.255654 1.06848
0.271465 0.218729
0.287932 0.428936
0.304949 0.255206
0.322428 0.212026
0.340299 0.385507
0.358503 0.308583
0.376991 0.463479
0.395724 0.338917
0.414669 0.386448
0.433798 0.368762
0.453087 0.349871
0.472517 0.439204
0.492071 0.450506
0.511736 0.403176
0.531498 0.517069
0.551347 1.07386
0.571275 0.694892
0.591273 0.850185
0.611334 0.743062
0.631452 0.662915
0.193094 1.88427
0.194226 0.364595
0.197585 1.9141
0.203059 0.913527
0.210484 1.37629
0.219662 0.861953
0.230383 1.28299
0.242444 0.718581
0.255654 0.398203
0.269844 0.845859
0.284869 0.674086
0.300602 0.445799
0.316939 0.271465
0.333792 0.2607
0.351085 0.17474
0.368756 0.414972
0.386755 0.477841
0.405037 0.2761
0.423565 0.445956
0.442309 0.246399
0.461243 0.440686
0.480343 0.528726
0.499591 0.59009
0.518971 0.595345
0.538467 0.620748
0.558069 0.638756
0.577765 0.84581
0.597545 0.804782
0.617403 1.05709
0.63733 0.616116
0.213587 0.65369
0.214612 0.355872
0.217656 0.667791
0.222637 1.08325
0.229429 1.01365
0.237878 0.939779
0.247812 0.462223
0.259062 0.325298
0.271465 0.48911
0.284869 0.573533
0.299139 0.655839
0.314159 0.37576
0.329826 0.499868
0.346051 0.325803
0.36276 0.508395
0.379889 0.301055
0.397384 0.418958
0.415198 0.329948
0.433292 0.391886
0.451632 0.650125
0.470191 0.531321
0.488941 0.431609
0.507864 0.609076
0.526939 0.998527
0.546151 0.664857
0.565487 0.958486
0.584933 0.763298
0.604479 0.857147
0.624116 1.38151
0.643835 1.20127
0.23416 0.442225
0.235095 0.711077
0.237878 0.545617
0.242444 0.962137
0.248696 0.395356
0.25651 1.13474
0.265749 0.525198
0.27627 0.952124
0.287932 0.402115
0.300602 0.298189
0.314159 0.217412
0.328493 0.36109
0.343506 0.280162
0.359114 0.375945
0.375242 0.40059
0.391825 0.284233
0.40881 0.251366
0.426146 0.345506
0.443794 0.50898
0.461718 0.555458
0.479886 0.597286
0.498272 0.564921
0.516853 0.518242
0.535609 0.631674
0.554521 0.838661
0.573574 0.658591
0.592755 0.830401
0.612051 0.781166
0.631452 0.775662
0.650949 0.872423
0.254794 1.20903
0.255654 0.652649
0.258214 0.437167
0.262427 0.391504
0.268213 0.301728
0.275475 0.628492
0.284098 0.381599
0.293962 0.299376
0.304949 0.394013
0.316939 0.436681
0.329826 0.194498
0.343506 0.259831
0.35789 0.274927
0.372896 0.426004
0.388452 0.321083
0.404495 0.457029
0.420968 0.392432
0.437824 0.294145
0.455019 0.491811
0.472517 0.472986
0.490285 0.619372
0.508295 0.583522
0.526523 0.580508
0.544945 0.794427
0.563544 0.697492
0.582302 0.745522
0.601204 0.756668
0.620238 0.951589
0.639391 0.703254
0.658653 0.941445
0.275475 0.523469
0.27627 0.88679
0.278641 0.262438
0.282549 0.300443
0.287932 0.545536
0.294708 0.254352
0.302783 0.345905
0.312058 0.354939
0.322428 0.281122
0.333792 0.491284
0.346051 0.305789
0.359114 0.224516
0.372896 0.22347
0.387322 0.339678
0.40232 0.402806
0.417831 0.286345
0.433798 0.389013
0.450173 0.406902
0.466914 0.584948
0.483982 0.547234
0.501344 0.457664
0.518971 0.594209
0.536836 0.789108
0.554916 0.65387
0.573191 0.71103
0.591643 1.09653
0.610257 0.895984
0.629016 0.878246
0.64791 1.02411
0.666926 1.0068
0.296192 0.479513
0.296932 0.238221
0.299139 0.415952
0.302783 0.245676
0.307812 0.36063
0.314159 0.488883
0.321747 0.587202
0.33049 0.364214
0.340299 0.306161
0.351085 0.309662
0.36276 0.46316
0.375242 0.367539
0.388452 0.485957
0.40232 0.550695
0.416779 0.406114
0.431771 0.353724
0.44724 0.323879
0.463141 0.409505
0.479429 0.405987
0.496067 0.565733
0.51302 0.629047
0.530258 0.561307
0.547755 0.719865
0.565487 0.923409
0.583431 0.930459
0.601569 0.90366
0.619884 0.965964
0.638361 0.631117
0.656986 1.02551
0.675747 0.780167
0.316939 0.404694
0.317631 0.299034
0.319696 0.209859
0.323108 0.397552
0.327825 0.329633
0.333792 0.336628
0.340943 0.154463
0.349205 0.491277
0.358503 0.23132
0.368756 0.550498
0.379889 0.531103
0.391825 0.366374
0.404495 0.366114
0.417831 0.352887
0.431771 0.322088
0.446259 0.48519
0.461243 0.595655
0.476676 0.577075
0.492517 0.519275
0.508727 0.691204
0.525272 0.476013
0.542121 0.798131
0.559247 0.762134
0.576625 0.798034
0.594233 0.67239
0.612051 0.915254
0.630061 0.816243
0.648248 0.682126
0.666597 1.19601
0.685095 0.885824
0.337711 0.657388
0.33836 0.49908
0.340299 0.308263
0.343506 0.282504
0.347947 0.256564
0.353575 0.222175
0.360333 0.265605
0.368161 0.474827
0.376991 0.345798
0.386755 0.385147
0.397384 0.230585
0.40881 0.51324
0.420968 0.231484
0.433798 0.510249
0.44724 0.450567
0.461243 0.383466
0.475755 0.630484
0.490732 0.558293
0.506133 0.681437
0.521921 0.644445
0.53806 0.931495
0.554521 0.603366
0.571275 0.775251
0.588298 0.857312
0.605566 0.912842
0.623061 0.850223
0.640762 1.20752
0.658653 0.904074
0.67672 0.844003
0.694948 0.801946
0.358503 0.364686
0.359114 0.26344
0.360942 0.451446
0.363967 0.295746
0.368161 0.489466
0.373484 0.237246
0.379889 0.258514
0.387322 0.295636
0.395724 0.248708
0.405037 0.381651
0.415198 0.35019
0.426146 0.368748
0.437824 0.356333
0.450173 0.376495
0.463141 0.469537
0.476676 0.494817
0.490732 0.680593
0.505266 0.570438
0.520237 0.600129
0.535609 0.569318
0.551347 0.417606
0.567423 1.00585
0.583807 0.599293
0.600474 0.853794
0.617403 1.10198
0.634571 0.920168
0.651959 0.699333
0.669552 0.670784
0.687332 0.821465
0.705286 1.15736
0.379311 0.25041
0.379889 0.320393
0.381617 0.310465
0.38448 0.293519
0.388452 0.275962
0.393501 0.273874
0.399585 0.487802
0.406658 0.338014
0.414669 0.352276
0.423565 0.373555
0.433292 0.47154
0.443794 0.349128
0.455019 0.488716
0.466914 0.663613
0.479429 0.548455
0.492517 0.713054
0.506133 0.595254
0.520237 0.589516
0.534789 0.580357
0.549754 0.58972
0.565099 0.816728
0.580794 0.951849
0.596811 0.829603
0.613125 0.692588
0.629713 0.905887
0.646554 0.733481
0.663629 1.00096
0.68092 1.06368
0.698411 0.76355
0.716087 0.839441
0.400134 0.435052
0.400681 0.430036
0.40232 0.342057
0.405037 0.41601
0.40881 0.512688
0.41361 0.481486
0.419402 0.510777
0.426146 0.551506
0.433798 0.542184
0.442309 0.477705
0.451632 0.342153
0.461718 0.364483
0.472517 0.63152
0.483982 0.542587
0.496067 0.402674
0.508727 0.423986
0.521921 0.545369
0.535609 0.808908
0.549754 0.674308
0.564322 0.749208
0.579281 0.664318
0.594602 0.952289
0.610257 1.02174
0.626221 0.886293
0.642471 1.08686
0.658986 0.863031
0.675747 0.886004
0.692735 0.903549
0.709935 1.20328
0.727331 1.08558
0.420968 0.464207
0.421489 0.388972
0.423047 0.571187
0.425631 0.443413
0.429223 0.506382
0.433798 0.436311
0.439324 0.545353
0.445767 0.368282
0.453087 0.510828
0.461243 0.630259
0.470191 0.458514
0.479886 0.643323
0.490285 0.65348
0.501344 0.366355
0.51302 0.658307
0.525272 0.548732
0.53806 0.96859
0.551347 0.475112
0.565099 0.933908
0.579281 0.688599
0.593864 0.561354
0.608817 1.15476
0.624116 0.751576
0.639734 0.699772
0.655649 0.810156
0.671841 1.17134
0.688288 0.710096
0.704975 1.14897
0.721883 0.968697
0.738998 1.08931
0.441813 0.453386
0.442309 0.456456
0.443794 0.427563
0.446259 0.4423
0.449686 0.464751
0.454054 0.502915
0.459337 0.442417
0.465503 0.535111
0.472517 0.440915
0.480343 0.465505
0.488941 0.641988
0.498272 0.787098
0.508295 0.795073
0.518971 0.458217
0.530258 0.574964
0.542121 0.67375
0.554521 0.612467
0.567423 0.77661
0.580794 1.07637
0.594602 0.741952
0.608817 1.0356
0.623412 1.24081
0.638361 0.74741
0.653639 0.986191
0.669224 0.826746
0.685095 1.16452
0.701232 0.793268
0.717617 1.09583
0.734234 0.72439
0.751068 0.700368
0.462667 0.433116
0.463141 0.50111
0.464559 0.334448
0.466914 0.338237
0.470191 0.485131
0.47437 0.417198
0.479429 0.624672
0.48534 0.372001
0.492071 0.405317
0.499591 0.713409
0.507864 0.523543
0.516853 0.540385
0.526523 0.576745
0.536836 0.851722
0.547755 0.644642
0.559247 0.791161
0.571275 0.805452
0.583807 0.911581
0.596811 1.00733
0.610257 0.95283
0.624116 0.915655
0.638361 0.820393
0.652968 1.05414
0.667912 0.752389
0.683171 0.932433
0.698725 1.15383
0.714554 1.1001
0.730641 1.17099
0.746968 1.10326
0.763521 1.32908
0.483529 0.414891
0.483982 0.556497
0.48534 0.46367
0.487594 0.588933
0.490732 0.393532
0.494739 0.854695
0.499591 0.481957
0.505266 0.502525
0.511736 0.683561
0.518971 0.680251
0.526939 0.565312
0.535609 0.727824
0.544945 0.668391
0.554916 0.757006
0.565487 0.640629
0.576625 0.653963
0.588298 0.721667
0.600474 0.774417
0.613125 0.898968
0.626221 0.676568
0.639734 1.05166
0.653639 0.858424
0.667912 0.999568
0.682529 1.18709
0.697468 1.09714
0.71271 1.22305
0.728235 1.26956
0.744026 1.1957
0.760066 0.950441
0.77634 1.34923
0.504397 0.500831
0.504832 0.638297
0.506133 0.87209
0.508295 0.610145
0.511307 0.819156
0.515153 0.735053
0.519815 0.718694
0.525272 0.534564
0.531498 0.504875
0.538467 0.843414
0.546151 0.563867
0.554521 0.623234
0.563544 0.675001
0.573191 0.71624
0.583431 0.916492
0.594233 1.25817
0.605566 0.735694
0.617403 0.817609
0.629713 0.6782
0.642471 1.00269
0.655649 1.08356
0.669224 1.17139
0.683171 1.09988
0.697468 1.25487
0.712094 0.856934
0.72703 0.972661
0.742256 0.988621
0.757754 0.99524
0.77351 0.966801
0.789506 0.828312
0.525272 0.621657
0.525689 0.693618
0.526939 0.430231
0.529016 0.716233
0.53191 0.703471
0.535609 0.553254
0.540094 0.657956
0.545348 0.630892
0.551347 0.435712
0.558069 0.557803
0.565487 0.908494
0.573574 0.673997
0.582302 0.577656
0.591643 1.14852
0.601569 0.63462
0.612051 0.576674
0.623061 0.992015
0.634571 0.930323
0.646554 0.79691
0.658986 0.911061
0.671841 1.10806
0.685095 0.995998
0.698725 1.06737
0.71271 1.16402
0.72703 0.977678
0.741664 0.982267
0.756596 0.770771
0.771807 1.09567
0.787281 0.845819
0.803003 0.819386
0.546151 0.771671
0.546553 0.677109
0.547755 0.727545
0.549754 0.544096
0.552539 0.653933
0.5561 0.917692
0.560422 0.59103
0.565487 0.732242
0.571275 0.473963
0.577765 0.727301
0.584933 0.716336
0.592755 0.690262
0.601204 0.90664
0.610257 1.07343
0.619884 1.35284
0.630061 1.05223
0.640762 1.20945
0.651959 0.857385
0.663629 1.09789
0.675747 0.916556
0.688288 0.964289
0.701232 1.21693
0.714554 0.825358
0.728235 1.10502
0.742256 0.965395
0.756596 1.02571
0.771238 0.984668
0.786166 0.990093
0.801363 0.948054
0.816814 0.924603
0.567036 0.659161
0.567423 0.655773
0.568581 0.83878
0.570506 0.827121
0.573191 0.978423
0.576625 0.88352
0.580794 0.623823
0.585682 0.851833
0.591273 0.779027
0.597545 0.839798
0.604479 1.04047
0.612051 0.832998
0.620238 0.848621
0.629016 0.98051
0.638361 0.627782
0.648248 0.952829
0.658653 1.35513
0.669552 0.812629
0.68092 0.949922
0.692735 0.68891
0.704975 1.08873
0.717617 0.864125
0.730641 1.12336
0.744026 0.874109
0.757754 1.51058
0.771807 0.643221
0.786166 1.19581
0.800815 1.14424
0.815739 1.50119
0.830923 1.17991
0.587925 0.55913
0.588298 0.986959
0.589415 0.535648
0.591273 0.814794
0.593864 0.59973
0.597178 0.943544
0.601204 0.948972
0.605928 0.547231
0.611334 0.695435
0.617403 0.804599
0.624116 1.20999
0.631452 0.57345
0.639391 0.824257
0.64791 1.25382
0.656986 0.873422
0.666597 0.954898
0.67672 0.749873
0.687332 0.76177
0.698411 1.14952
0.709935 0.725794
0.721883 1.22557
0.734234 1.08968
0.746968 0.844353
0.760066 0.830879
0.77351 1.09892
0.787281 1.07214
0.801363 0.987136
0.815739 0.82874
0.830395 0.903345
0.845316 1.08634
0.608817 0.905818
0.609177 0.785185
0.610257 0.715664
0.612051 0.588435
0.614554 0.817364
0.617758 0.71909
0.621651 0.904806
0.626221 0.863387
0.631452 0.879287
0.63733 1.00417
0.643835 0.861447
0.650949 1.10796
0.658653 1.04651
0.666926 0.900888
0.675747 1.22367
0.685095 1.14988
0.694948 0.770701
0.705286 1.27579
0.716087 0.831475
0.727331 0.82158
0.738998 0.991371
0.751068 1.22252
0.763521 1.01459
0.77634 1.32357
0.789506 1.10475
0.803003 0.870781
0.816814 1.26041
0.830923 0.764985
0.845316 0.862066
0.859978 1.13448
0.0628319 2.80256
0.0662306 4.04567
0.0755145 42.1268
0.0888577 1.88203
0.10472 10.3783
0.122123 1.17814
0.140496 1.7082
0.159504 1.29463
0.178945 3.87086
0.198692 0.964766
0.218661 0.424485
0.238798 1.87887
0.259062 0.511207
0.279427 0.452001
0.299872 0.569666
0.320381 0.356317
0.340943 0.442486
0.361549 0.309714
0.382191 0.302209
0.402865 0.340608
0.423565 0.363975
0.444288 0.354542
0.465031 0.582655
0.485791 0.577341
0.506567 0.588529
0.527355 0.559987
0.548156 0.817325
0.568967 0.839531
0.589787 0.827421
0.610616 0.716179
0.0662306 8.94665
0.0694632 17.1166
0.0783651 18.9397
0.0912926 11.7613
0.106794 1.00778
0.123906 13.8338
0.142049 1.99175
0.160874 1.06586
0.180167 1.41747
0.199793 1.65363
0.219662 0.412782
0.239714 0.676655
0.259908 0.335485
0.280211 0.681319
0.300602 0.462296
0.321065 0.271702
0.341586 0.286016
0.362155 0.331364
0.382765 0.34196
0.403409 0.552317
0.424083 0.468973
0.444782 0.451755
0.465503 0.69491
0.486243 0.49352
0.506999 0.578127
0.527771 0.756948
0.548556 0.605692
0.569352 0.94642
0.590159 0.935494
0.610975 0.862686
0.0755145 9.15355
0.0783651 6.67325
0.0863541 7.76153
0.0982358 64.9212
0.112787 1.16748
0.129107 2.30298
0.146608 7.42717
0.164913 6.83422
0.183782 0.62239
0.203059 0.747634
0.222637 1.08377
0.242444 0.697597
0.262427 0.217428
0.282549 0.395973
0.302783 0.309129
0.323108 0.348253
0.343506 0.254269
0.363967 0.450461
0.38448 0.457224
0.405037 0.398215
0.425631 0.498438
0.446259 0.321838
0.466914 0.593611
0.487594 0.536146
0.508295 0.572804
0.529016 0.697636
0.549754 0.840086
0.570506 0.822163
0.591273 0.666857
0.612051 0.940526
0.0888577 26.505
0.0912926 21.7243
0.0982358 1.62567
0.108828 6.02319
0.122123 10.6332
0.137339 4.03565
0.153906 3.42022
0.171434 1.5082
0.189656 2.12918
0.20839 0.992093
0.22751 0.462169
0.246926 0.401251
0.266573 0.360969
0.286404 0.77091
0.306384 0.520452
0.326484 0.382171
0.346684 0.213794
0.366968 0.271599
0.387322 0.618152
0.407735 0.337846
0.4282 0.466373
0.448709 0.404418
0.469257 0.572278
0.489838 0.444738
0.510448 0.628502
0.531085 0.615882
0.551745 0.745082
0.572425 0.525216
0.593124 0.850149
0.61384 0.968973
0.10472 37.5499
0.106794 5.41448
0.112787 5.52716
0.122123 7.87314
0.134107 2.24394
0.148096 1.80291
0.163577 9.55865
0.180167 1.54892
0.197585 0.509553
0.215631 0.219467
0.23416 0.969257
0.253067 0.579084
0.272271 0.422597
0.291715 0.403906
0.311354 0.241879
0.331153 0.369966
0.351085 0.380064
0.371128 0.218688
0.391265 0.373302
0.411483 0.271714
0.431771 0.446455
0.452118 0.439361
0.472517 0.455368
0.492962 0.498759
0.513447 0.610787
0.533968 0.857728
0.554521 0.877851
0.575101 0.742859
0.595707 0.872974
0.616336 0.898476
0.122123 5.86555
0.123906 4.02524
0.129107 19.9597
0.137339 0.842815
0.148096 0.344265
0.160874 4.49112
0.17523 0.635859
0.190808 3.57481
0.207335 0.428306
0.224599 0.33674
0.242444 0.947745
0.26075 0.511825
0.279427 0.977747
0.298405 0.405254
0.317631 0.340517
0.337061 0.396238
0.356663 0.266585
0.376409 0.281163
0.396278 0.366564
0.416253 0.325457
0.436318 0.590104
0.456463 0.522254
0.476676 0.500808
0.49695 0.7101
0.517277 0.609968
0.537652 0.873946
0.558069 0.612229
0.578523 0.71828
0.599012 0.709524
0.61953 0.803689
0.140496 6.80046
0.142049 5.75534
0.146608 4.73299
0.153906 0.572786
0.163577 2.13807
0.17523 2.19308
0.188496 2.44644
0.203059 0.543643
0.218661 0.264954
0.235095 1.28089
0.252199 2.02876
0.269844 0.364429
0.287932 0.338621
0.306384 0.277631
0.325138 0.461374
0.344144 0.281915
0.363364 0.411638
0.382765 0.259462
0.40232 0.511415
0.422009 0.455865
0.441813 0.259553
0.461718 0.671731
0.481711 0.507972
0.501781 0.4821
0.521921 0.530871
0.542121 0.971572
0.562375 0.761509
0.582679 0.625844
0.603026 0.705228
0.623412 0.609606
0.159504 1.01906
0.160874 1.4366
0.164913 3.90348
0.171434 1.24352
0.180167 0.293713
0.190808 0.51277
0.203059 1.04907
0.216646 1.72509
0.231334 0.537485
0.246926 0.247214
0.263261 0.445543
0.280211 0.273849
0.297669 0.312096
0.315552 0.465876
0.333792 0.241449
0.352332 0.399741
0.371128 0.281049
0.390143 0.302984
0.409346 0.454711
0.428712 0.709776
0.44822 0.33433
0.467852 0.647553
0.487594 0.715673
0.507432 0.70695
0.527355 0.487947
0.547355 0.646419
0.567423 0.642531
0.587552 0.942839
0.607736 1.17237
0.627969 0.706268
0.178945 2.37805
0.180167 1.52811
0.183782 2.82651
0.189656 0.909792
0.197585 0.670348
0.207335 0.408962
0.218661 0.770781
0.231334 1.46231
0.245143 1.41641
0.259908 0.269979
0.275475 0.994518
0.291715 0.519864
0.308524 0.307885
0.325811 0.405439
0.343506 0.389912
0.361549 0.523061
0.379889 0.304661
0.398486 0.377602
0.417305 0.378153
0.436318 0.297189
0.455501 0.486622
0.474832 0.373035
0.494295 0.470876
0.513874 0.720068
0.533557 0.586493
0.553333 0.923996
0.573191 0.875839
0.593124 0.545725
0.613125 0.679921
0.633187 0.965112
0.198692 0.714809
0.199793 0.846444
0.203059 0.351309
0.20839 1.08996
0.215631 2.11205
0.224599 1.06733
0.235095 0.639827
0.246926 1.383
0.259908 0.52261
0.273878 0.823001
0.288692 0.467372
0.304228 0.295555
0.320381 0.258797
0.337061 0.318037
0.354194 0.308867
0.371718 0.416151
0.38958 0.332465
0.407735 0.358025
0.426146 0.381784
0.444782 0.525981
0.463614 0.401257
0.482621 0.495915
0.501781 0.465881
0.521079 0.331022
0.5405 0.597728
0.56003 0.573766
0.57966 0.851717
0.599378 0.660713
0.619176 0.952742
0.639048 0.786064
0.218661 1.08654
0.219662 0.242139
0.222637 2.2027
0.22751 0.220087
0.23416 0.993848
0.242444 0.304018
0.252199 0.506593
0.263261 0.545098
0.275475 0.463953
0.288692 0.275985
0.302783 0.314972
0.317631 0.200502
0.333134 0.360484
0.349205 0.260612
0.36577 0.299612
0.382765 0.338435
0.400134 0.45311
0.417831 0.315563
0.435815 0.511089
0.454054 0.393054
0.472517 0.560578
0.491179 0.359639
0.510019 0.436853
0.529016 0.622976
0.548156 0.545622
0.567423 0.622386
0.586805 0.524042
0.60629 0.83501
0.62587 0.871769
0.645536 0.679312
0.238798 1.00467
0.239714 1.33483
0.242444 0.684082
0.246926 0.661387
0.253067 0.24999
0.26075 0.425419
0.269844 0.453293
0.280211 0.384354
0.291715 0.309884
0.304228 0.245526
0.317631 0.367861
0.331815 0.438402
0.346684 0.431289
0.362155 0.394015
0.378153 0.36156
0.394614 0.312057
0.411483 0.375281
0.428712 0.417463
0.446259 0.336612
0.464087 0.67298
0.482166 0.563057
0.500468 0.643431
0.518971 0.567431
0.537652 0.616661
0.556495 0.758137
0.575482 0.884377
0.594602 0.588933
0.61384 0.810082
0.633187 1.0123
0.652632 0.801174
0.259062 0.423617
0.259908 0.2295
0.262427 0.370305
0.266573 0.596931
0.272271 0.693061
0.279427 0.61938
0.287932 0.319758
0.297669 0.395053
0.308524 0.299998
0.320381 0.33165
0.333134 0.306364
0.346684 0.260367
0.360942 0.25802
0.375826 0.273953
0.391265 0.370989
0.407197 0.477584
0.423565 0.376014
0.440321 0.431104
0.457423 0.479613
0.474832 0.42611
0.492517 0.497851
0.510448 0.664025
0.528601 0.784891
0.546954 0.94803
0.565487 0.545352
0.584182 0.901915
0.603026 0.724178
0.622004 0.525677
0.641104 0.996368
0.660316 0.845796
0.279427 0.235605
0.280211 0.392625
0.282549 0.428215
0.286404 0.453888
0.291715 0.275632
0.298405 0.425755
0.306384 0.338459
0.315552 0.289028
0.325811 0.345047
0.337061 0.236231
0.349205 0.517047
0.362155 0.358094
0.375826 0.36042
0.390143 0.307891
0.405037 0.294358
0.420447 0.667801
0.436318 0.259217
0.452603 0.589975
0.469257 0.399875
0.486243 0.490803
0.503527 0.688883
0.521079 1.11185
0.538874 0.71238
0.556889 0.547326
0.575101 0.69967
0.593494 1.29164
0.612051 0.699484
0.630757 0.911965
0.6496 0.838784
0.668568 1.04302
0.299872 0.760419
0.300602 0.425075
0.302783 0.333613
0.306384 0.209766
0.311354 0.188592
0.317631 0.474671
0.325138 0.553065
0.333792 0.2523
0.343506 0.372265
0.354194 0.282384
0.36577 0.455455
0.378153 0.41232
0.391265 0.309402
0.405037 0.266844
0.419402 0.425166
0.434303 0.410929
0.449686 0.31865
0.465503 0.428149
0.481711 0.474168
0.498272 0.879999
0.515153 0.474103
0.532323 0.671722
0.549754 0.666252
0.567423 0.733263
0.585308 0.688189
0.603389 0.771351
0.621651 1.00808
0.640077 1.01425
0.658653 0.761485
0.677368 1.08001
0.320381 0.371551
0.321065 0.330232
0.323108 0.448554
0.326484 0.382748
0.331153 0.283315
0.337061 0.349381
0.344144 0.357546
0.352332 0.320016
0.361549 0.284849
0.371718 0.359598
0.382765 0.329396
0.394614 0.35437
0.407197 0.362782
0.420447 0.356217
0.434303 0.402769
0.448709 0.302455
0.463614 0.231022
0.478971 0.398208
0.494739 0.684907
0.510878 0.667384
0.527355 0.52076
0.54414 0.658302
0.561204 0.654498
0.578523 0.787495
0.596075 0.814446
0.61384 0.937387
0.6318 0.858113
0.649938 1.10102
0.66824 0.724624
0.686693 0.77303
0.340943 0.278826
0.341586 0.269792
0.343506 0.273264
0.346684 0.365363
0.351085 0.257606
0.356663 0.379591
0.363364 0.335169
0.371128 0.300301
0.379889 0.487679
0.38958 0.248312
0.400134 0.436192
0.411483 0.395182
0.423565 0.449359
0.436318 0.482032
0.449686 0.366686
0.463614 0.438059
0.478055 0.502139
0.492962 0.426058
0.508295 0.646947
0.524017 0.785383
0.540094 0.621229
0.556495 0.714031
0.573191 0.980243
0.590159 0.84653
0.607375 0.81052
0.624818 0.909807
0.642471 1.28515
0.660316 0.910677
0.678338 0.848235
0.696524 0.769334
0.361549 0.479525
0.362155 0.238361
0.363967 0.466193
0.366968 0.495023
0.371128 0.224819
0.376409 0.30466
0.382765 0.335982
0.390143 0.384621
0.398486 0.703894
0.407735 0.470492
0.417831 0.435386
0.428712 0.508142
0.440321 0.3957
0.452603 0.448426
0.465503 0.584136
0.478971 0.636043
0.492962 0.627653
0.507432 0.491907
0.522341 0.540119
0.537652 0.663402
0.553333 0.632975
0.569352 0.76884
0.585682 0.683057
0.602298 0.849169
0.619176 0.593184
0.636296 0.586875
0.653639 0.93236
0.671187 0.906572
0.688925 1.16922
0.706839 1.11117
0.382191 0.328655
0.382765 0.317821
0.38448 0.619485
0.387322 0.333736
0.391265 0.386499
0.396278 0.587815
0.40232 0.507596
0.409346 0.455413
0.417305 0.345877
0.426146 0.483079
0.435815 0.415138
0.446259 0.361387
0.457423 0.402179
0.469257 0.451505
0.481711 0.859689
0.494739 0.792002
0.508295 0.644839
0.522341 0.53646
0.536836 0.714212
0.551745 0.901625
0.567036 1.12122
0.582679 0.806885
0.598645 0.671739
0.614911 0.713486
0.631452 0.983017
0.648248 1.21225
0.66528 0.994001
0.682529 1.24387
0.699979 0.941324
0.717617 1.01155
0.402865 0.565016
0.403409 0.465111
0.405037 0.48241
0.407735 0.433464
0.411483 0.382164
0.416253 0.371124
0.422009 0.464108
0.428712 0.323647
0.436318 0.599995
0.444782 0.632461
0.454054 0.283977
0.464087 0.557609
0.474832 0.28956
0.486243 0.376822
0.498272 0.547167
0.510878 0.462522
0.524017 0.499197
0.537652 0.525071
0.551745 0.785325
0.566262 0.7563
0.581171 0.762621
0.596443 0.527282
0.612051 0.79484
0.627969 1.05079
0.644175 0.791499
0.660648 0.751112
0.677368 0.967872
0.694316 0.918755
0.711478 1.34109
0.728837 1.04891
0.423565 0.449782
0.424083 0.490815
0.425631 0.43162
0.4282 0.586054
0.431771 0.449779
0.436318 0.467266
0.441813 0.490381
0.44822 0.475768
0.455501 0.440746
0.463614 0.592657
0.472517 0.635842
0.482166 0.417365
0.492517 0.654057
0.503527 0.597612
0.515153 0.504126
0.527355 0.641972
0.540094 0.673791
0.553333 0.598792
0.567036 0.63334
0.581171 0.63432
0.595707 0.847007
0.610616 0.865691
0.62587 1.11167
0.641446 0.68037
0.65732 0.940909
0.673471 0.964136
0.68988 0.943636
0.706529 0.774702
0.723401 1.12867
0.74048 0.812021
0.444288 0.56527
0.444782 0.426117
0.446259 0.52716
0.448709 0.46083
0.452118 0.580152
0.456463 0.353549
0.461718 0.500279
0.467852 0.458751
0.474832 0.486491
0.482621 0.535543
0.491179 0.616312
0.500468 0.579703
0.510448 0.463621
0.521079 0.648963
0.532323 0.627649
0.54414 0.584755
0.556495 0.663457
0.569352 1.05809
0.582679 0.742069
0.596443 0.616016
0.610616 0.959684
0.625169 1.32424
0.640077 0.9584
0.655315 0.972785
0.670861 1.18675
0.686693 0.82122
0.702794 1.18117
0.719143 1.0133
0.735726 1.08106
0.752526 0.892317
0.465031 0.374516
0.465503 0.562376
0.466914 0.603974
0.469257 0.396691
0.472517 0.399568
0.476676 0.42783
0.481711 0.5206
0.487594 0.492924
0.494295 0.401843
0.501781 0.606842
0.510019 0.560616
0.518971 0.408636
0.528601 0.865351
0.538874 0.665935
0.549754 0.736573
0.561204 0.613742
0.573191 0.838747
0.585682 0.693827
0.598645 0.648809
0.612051 0.867957
0.62587 0.708704
0.640077 0.81106
0.654645 1.36129
0.669552 0.769887
0.684774 0.975079
0.700293 1.19036
0.716087 1.10318
0.73214 0.607287
0.748435 1.18603
0.764956 1.1812
0.485791 0.432221
0.486243 0.768204
0.487594 0.443997
0.489838 0.532727
0.492962 0.698293
0.49695 0.54827
0.501781 0.544225
0.507432 0.658547
0.513874 0.514551
0.521079 0.711087
0.529016 0.604965
0.537652 0.545028
0.546954 0.532655
0.556889 0.907157
0.567423 0.528346
0.578523 1.01817
0.590159 0.707777
0.602298 0.918292
0.614911 1.18158
0.627969 1.04835
0.641446 1.10421
0.655315 0.883914
0.669552 0.742757
0.684133 0.830614
0.699039 1.09833
0.714247 1.03116
0.72974 1.18096
0.745499 0.732947
0.761508 1.01258
0.777751 1.21081
0.506567 0.758438
0.506999 0.567834
0.508295 0.70478
0.510448 0.591567
0.513447 0.557391
0.517277 0.552583
0.521921 0.588704
0.527355 0.68618
0.533557 0.869594
0.5405 0.653654
0.548156 0.738156
0.556495 0.837484
0.565487 0.632738
0.575101 0.990844
0.585308 0.525409
0.596075 0.870014
0.607375 0.959434
0.619176 0.67724
0.631452 1.63717
0.644175 0.904921
0.65732 1.04265
0.670861 1.43015
0.684774 1.38824
0.699039 0.939716
0.713633 0.920507
0.728536 0.791617
0.743731 0.768997
0.7592 1.02483
0.774926 0.939999
0.790894 1.20599
0.527355 0.561371
0.527771 0.626789
0.529016 0.453133
0.531085 0.660029
0.533968 0.507805
0.537652 0.780962
0.542121 0.497495
0.547355 0.614748
0.553333 0.81669
0.56003 0.695455
0.567423 0.525915
0.575482 0.98856
0.584182 0.915263
0.593494 0.689731
0.603389 1.17501
0.61384 0.898415
0.624818 1.02177
0.636296 0.95463
0.648248 0.749682
0.660648 1.1514
0.673471 1.08794
0.686693 1.34967
0.700293 0.852317
0.714247 0.887377
0.728536 0.77502
0.743141 0.92468
0.758044 0.950502
0.773226 0.868231
0.788673 1.62834
0.804368 1.15019
0.548156 0.992256
0.548556 0.892442
0.549754 0.64077
0.551745 0.654181
0.554521 0.689602
0.558069 0.514254
0.562375 0.91459
0.567423 0.923239
0.573191 0.505133
0.57966 0.73705
0.586805 0.883237
0.594602 0.824165
0.603026 0.821223
0.612051 0.786931
0.621651 0.857475
0.6318 0.975801
0.642471 0.741444
0.653639 0.715964
0.66528 1.30234
0.677368 0.897083
0.68988 0.594197
0.702794 0.845463
0.716087 1.1105
0.72974 1.19983
0.743731 1.27508
0.758044 0.830839
0.772659 1.01388
0.787559 0.901587
0.80273 1.45128
0.818156 1.25818
0.568967 0.573546
0.569352 0.501531
0.570506 0.634115
0.572425 0.593794
0.575101 0.824306
0.578523 0.74868
0.582679 0.498161
0.587552 0.848133
0.593124 1.06194
0.599378 0.682701
0.60629 1.08088
0.61384 1.06014
0.622004 0.87912
0.630757 0.840148
0.640077 0.887033
0.649938 0.868011
0.660316 0.808028
0.671187 0.899964
0.682529 0.812604
0.694316 1.04229
0.706529 1.12761
0.719143 0.989378
0.73214 0.914701
0.745499 1.04897
0.7592 0.946465
0.773226 1.20786
0.787559 0.985858
0.802183 1.20058
0.817083 1.4179
0.832242 1.26864
0.589787 0.888096
0.590159 0.864101
0.591273 0.963869
0.593124 0.646965
0.595707 0.766549
0.599012 0.882965
0.603026 0.724237
0.607736 1.02322
0.613125 0.941805
0.619176 1.16817
0.62587 0.570294
0.633187 0.564844
0.641104 0.97017
0.6496 0.993022
0.658653 0.975267
0.66824 0.950352
0.678338 0.57808
0.688925 1.17349
0.699979 1.00429
0.711478 1.00385
0.723401 0.841532
0.735726 1.10168
0.748435 1.05908
0.761508 1.33362
0.774926 0.895711
0.788673 1.00194
0.80273 1.25452
0.817083 1.024
0.831715 0.97267
0.846612 1.06153
0.610616 0.871868
0.610975 0.706605
0.612051 0.850474
0.61384 1.02719
0.616336 0.839681
0.61953 1.00825
0.623412 0.95291
0.627969 0.941724
0.633187 1.00307
0.639048 0.660966
0.645536 0.845433
0.652632 0.81565
0.660316 1.19803
0.668568 0.959741
0.677368 1.05422
0.686693 1.05067
0.696524 0.912999
0.706839 0.9622
0.717617 0.798743
0.728837 0.887201
0.74048 0.80027
0.752526 0.953922
0.764956 0.914138
0.777751 1.12144
0.790894 1.09419
0.804368 1.03567
0.818156 1.25107
0.832242 1.11068
0.846612 1.07163
0.861252 0.980495
0.0837758 18.2306
0.0863541 28.8568
0.0936642 14.9417
0.10472 9.40397
0.118477 18.561
0.134107 8.56209
0.151029 1.90872
0.168856 1.10018
0.187328 0.600858
0.206274 0.587514
0.225573 1.2282
0.245143 0.586736
0.264922 0.649394
0.284869 0.530568
0.304949 0.239199
0.325138 0.397121
0.345416 0.313379
0.36577 0.329991
0.386187 0.273026
0.406658 0.359301
0.427174 0.457704
0.447731 0.444858
0.468321 0.389398
0.488941 0.666769
0.509588 0.503793
0.530258 0.572242
0.550949 0.767512
0.571659 0.662012
0.592384 0.455727
0.613125 0.876693
0.0863541 1.89259
0.0888577 39.1728
0.0959772 23.6896
0.106794 1.25678
0.120314 4.4865
0.135732 7.70975
0.152474 0.407731
0.170149 1.73614
0.188496 0.510528
0.207335 0.756431
0.226543 0.492647
0.246036 1.00774
0.265749 1.18876
0.285637 0.441932
0.305667 0.341329
0.325811 0.410032
0.346051 0.576082
0.36637 0.301525
0.386755 0.417409
0.407197 0.338562
0.427688 0.449054
0.44822 0.446811
0.468789 0.419473
0.48939 0.416364
0.510019 0.807485
0.530672 0.434498
0.551347 0.840721
0.572042 1.12831
0.592755 0.618677
0.613483 1.01221
0.0936642 1.33997
0.0959772 7.37278
0.102604 37.6601
0.112787 6.84019
0.125664 4.19697
0.140496 2.32289
0.15673 2.90518
0.173974 0.950287
0.191954 0.932412
0.210484 1.48763
0.229429 1.16418
0.248696 0.863121
0.268213 0.550731
0.287932 0.450584
0.307812 0.335499
0.327825 0.347598
0.347947 0.370158
0.368161 0.403904
0.388452 0.392446
0.40881 0.439601
0.429223 0.371427
0.449686 0.42702
0.470191 0.619224
0.490732 0.587829
0.511307 0.587273
0.53191 0.964188
0.552539 0.624069
0.573191 0.734247
0.593864 0.860461
0.614554 0.858728
0.10472 0.900669
0.106794 18.1557
0.112787 24.0756
0.122123 5.54225
0.134107 4.67591
0.148096 3.34493
0.163577 2.00192
0.180167 2.68688
0.197585 0.619742
0.215631 0.415667
0.23416 0.408044
0.253067 0.29685
0.272271 0.985573
0.291715 0.277704
0.311354 0.489058
0.331153 0.503822
0.351085 0.43853
0.371128 0.427829
0.391265 0.486674
0.411483 0.244696
0.431771 0.454641
0.452118 0.421747
0.472517 0.453997
0.492962 0.589293
0.513447 0.540926
0.533968 0.478085
0.554521 1.00596
0.575101 0.711673
0.595707 0.766726
0.616336 0.970527
0.118477 7.30834
0.120314 50.0525
0.125664 0.582054
0.134107 0.931534
0.145104 6.88505
0.158123 3.55854
0.172708 0.623084
0.188496 1.38771
0.205208 0.408154
0.222637 0.247077
0.240628 1.39309
0.259062 0.712783
0.277853 0.390787
0.296932 0.551422
0.316247 0.247705
0.335757 0.209365
0.355431 0.226418
0.375242 0.431608
0.39517 0.287041
0.415198 0.394951
0.435312 0.62339
0.455501 0.452231
0.475755 0.599423
0.496067 0.670856
0.516429 0.543272
0.536836 0.569223
0.557282 1.14134
0.577765 0.950879
0.598279 0.797483
0.618822 0.919401
0.134107 7.69819
0.135732 9.09484
0.140496 22.3045
0.148096 0.513256
0.158123 3.90043
0.170149 1.354
0.183782 2.3762
0.198692 2.90429
0.214612 1.25109
0.231334 0.440094
0.248696 0.913252
0.266573 0.330627
0.284869 0.376799
0.303507 0.477541
0.322428 0.395294
0.341586 0.371589
0.360942 0.318911
0.380466 0.333575
0.400134 0.484654
0.419925 0.495304
0.439823 0.548952
0.459814 0.541838
0.479886 0.515291
0.50003 0.47876
0.520237 0.835778
0.5405 0.603673
0.560813 0.589441
0.581171 0.850741
0.601569 0.981664
0.622004 0.611219
0.151029 0.353889
0.152474 0.603689
0.15673 2.88923
0.163577 1.63831
0.172708 1.17723
0.183782 0.705192
0.196472 0.792473
0.210484 1.77268
0.225573 0.247132
0.241537 2.48909
0.258214 0.373194
0.275475 0.279194
0.293215 0.418611
0.311354 0.375176
0.329826 0.275122
0.348577 0.40248
0.367565 0.24502
0.386755 0.409619
0.406118 0.496795
0.425631 0.52709
0.445275 0.633526
0.465031 0.371202
0.484888 0.71302
0.504832 0.426305
0.524854 0.695849
0.544945 0.588703
0.565099 0.684231
0.585308 0.760929
0.605566 0.914716
0.62587 0.863389
0.168856 1.17678
0.170149 2.13094
0.173974 0.32088
0.180167 5.41945
0.188496 0.879854
0.198692 0.737601
0.210484 0.497241
0.22362 0.633351
0.237878 0.242423
0.253067 0.87595
0.26903 0.79465
0.285637 0.500366
0.302783 0.36181
0.320381 0.281396
0.33836 0.442447
0.356663 0.462802
0.375242 0.465893
0.394058 0.506019
0.413079 0.574288
0.432278 0.417506
0.451632 0.402139
0.471123 0.58236
0.490732 0.395264
0.510448 0.761632
0.530258 0.846099
0.550153 0.801968
0.570122 1.01477
0.590159 0.775841
0.610257 0.719466
0.630409 0.785654
0.187328 1.30325
0.188496 1.02226
0.191954 1.89793
0.197585 1.89654
0.205208 0.574255
0.214612 0.914765
0.225573 1.11514
0.237878 1.18709
0.251327 1.02587
0.265749 0.443728
0.280993 0.408486
0.296932 1.00794
0.31346 0.203256
0.33049 0.411832
0.347947 0.370628
0.36577 0.401126
0.383909 0.321004
0.40232 0.299431
0.420968 0.353669
0.439823 0.496409
0.458859 0.317229
0.478055 0.467937
0.497391 0.447287
0.516853 0.816519
0.536427 0.590159
0.5561 0.509963
0.575863 0.601369
0.595707 0.559587
0.615624 0.925401
0.635607 1.01478
0.206274 0.307516
0.207335 1.28064
0.210484 1.71579
0.215631 0.360839
0.222637 1.78611
0.231334 0.266225
0.241537 0.808767
0.253067 0.41979
0.265749 0.386936
0.279427 0.566399
0.293962 0.268787
0.309234 0.435038
0.325138 0.470818
0.341586 0.297512
0.358503 0.37123
0.375826 0.357018
0.393501 0.419201
0.411483 0.558601
0.429734 0.373481
0.44822 0.328194
0.466914 0.418688
0.485791 0.66641
0.504832 0.534387
0.524017 0.485376
0.543333 0.801005
0.562765 1.04976
0.582302 0.632117
0.601934 0.657013
0.621651 0.818834
0.641446 1.03826
0.225573 1.48244
0.226543 0.40604
0.229429 0.446672
0.23416 0.287026
0.240628 1.73784
0.248696 0.811824
0.258214 0.455207
0.26903 0.205557
0.280993 0.420471
0.293962 0.394271
0.307812 0.455987
0.322428 0.33792
0.337711 0.329782
0.353575 0.378829
0.369944 0.609747
0.386755 0.351832
0.403952 0.553539
0.421489 0.335541
0.439324 0.575886
0.457423 0.376945
0.475755 0.472671
0.494295 0.956042
0.51302 0.600188
0.53191 0.671529
0.550949 0.809124
0.570122 0.679435
0.589415 0.792639
0.608817 0.948535
0.628319 0.869741
0.64791 0.95402
0.245143 0.632941
0.246036 1.26138
0.248696 0.781678
0.253067 0.419896
0.259062 0.936799
0.266573 0.555349
0.275475 0.339455
0.285637 0.354612
0.296932 0.283403
0.309234 0.46334
0.322428 0.456211
0.33641 0.315526
0.351085 0.318273
0.36637 0.222699
0.382191 0.413605
0.398486 0.271858
0.415198 0.322843
0.432278 0.439673
0.449686 0.394739
0.467383 0.397455
0.48534 0.520733
0.503527 0.632333
0.521921 0.598545
0.5405 0.686727
0.559247 0.736738
0.578144 0.708754
0.597178 0.6522
0.616336 1.14889
0.635607 0.893575
0.65498 0.86722
0.264922 0.268911
0.265749 0.489505
0.268213 0.339681
0.272271 0.232952
0.277853 0.266678
0.284869 0.674258
0.293215 0.470588
0.302783 0.412937
0.31346 0.261941
0.325138 0.147668
0.337711 0.696938
0.351085 0.300074
0.36517 0.326304
0.379889 0.24473
0.39517 0.317399
0.41095 0.281882
0.427174 0.64033
0.443794 0.439487
0.460767 0.34465
0.478055 0.708151
0.495624 0.51884
0.513447 0.714766
0.531498 0.467936
0.549754 0.648961
0.568195 0.561608
0.586805 0.8888
0.605566 0.959639
0.624467 0.799611
0.643494 0.992869
0.662637 0.987195
0.284869 0.236605
0.285637 0.368983
0.287932 0.373888
0.291715 0.292732
0.296932 0.277884
0.303507 0.342361
0.311354 0.465347
0.320381 0.213744
0.33049 0.182406
0.341586 0.256441
0.353575 0.477309
0.36637 0.368234
0.379889 0.315493
0.394058 0.558291
0.40881 0.569606
0.424083 0.542964
0.439823 0.364326
0.455982 0.379085
0.472517 0.541318
0.48939 0.65384
0.506567 0.412599
0.524017 0.461161
0.541716 0.590075
0.559639 0.819576
0.577765 0.890682
0.596075 0.827515
0.614554 0.811736
0.633187 0.797438
0.651959 0.888864
0.670861 0.79754
0.304949 0.45964
0.305667 0.276572
0.307812 0.45382
0.311354 0.270525
0.316247 0.461694
0.322428 0.477336
0.329826 0.345522
0.33836 0.219533
0.347947 0.473975
0.358503 0.203735
0.369944 0.396018
0.382191 0.34566
0.39517 0.373153
0.40881 0.314981
0.423047 0.415475
0.437824 0.429415
0.453087 0.522087
0.468789 0.475662
0.484888 0.429993
0.501344 0.460524
0.518125 0.628617
0.535199 0.76296
0.552539 0.860164
0.570122 0.640128
0.587925 0.716424
0.605928 1.04948
0.624116 1.05377
0.642471 0.750151
0.66098 0.819424
0.67963 0.602371
0.325138 0.288041
0.325811 0.333262
0.327825 0.403558
0.331153 0.307355
0.335757 0.313871
0.341586 0.346276
0.348577 0.396378
0.356663 0.528901
0.36577 0.355514
0.375826 0.40495
0.386755 0.352951
0.398486 0.262864
0.41095 0.350471
0.424083 0.42723
0.437824 0.424972
0.452118 0.500226
0.466914 0.544611
0.482166 0.546213
0.497832 0.543024
0.513874 0.547896
0.530258 0.521693
0.546954 0.585987
0.563933 0.939079
0.581171 0.816927
0.598645 0.884223
0.616336 0.988845
0.634225 0.797077
0.652296 0.876057
0.670534 0.82847
0.688925 1.07346
0.345416 0.604362
0.346051 0.190416
0.347947 0.243299
0.351085 0.324307
0.355431 0.267952
0.360942 0.386414
0.367565 0.295311
0.375242 0.343506
0.383909 0.572808
0.393501 0.400915
0.403952 0.298813
0.415198 0.359051
0.427174 0.278408
0.439823 0.333527
0.453087 0.449797
0.466914 0.517932
0.481255 0.51487
0.496067 0.467826
0.511307 0.568728
0.526939 0.475981
0.542929 0.74517
0.559247 0.693021
0.575863 0.675299
0.592755 0.716145
0.609897 0.815301
0.62727 0.693614
0.644856 1.02834
0.662637 0.885281
0.680598 1.07989
0.698725 0.94577
0.36577 0.227404
0.36637 0.380973
0.368161 0.367589
0.371128 0.3431
0.375242 0.289438
0.380466 0.271999
0.386755 0.345181
0.394058 0.572296
0.40232 0.290634
0.411483 0.474908
0.421489 0.538805
0.432278 0.406463
0.443794 0.379633
0.455982 0.294492
0.468789 0.639041
0.482166 0.320094
0.496067 0.419148
0.510448 0.535343
0.525272 0.730296
0.5405 0.725567
0.5561 0.482076
0.572042 0.516596
0.588298 1.00826
0.604842 0.834253
0.621651 0.84664
0.638705 1.02275
0.655984 1.04027
0.673471 1.01659
0.69115 0.739578
0.709008 1.10936
0.386187 0.420437
0.386755 0.458613
0.388452 0.383695
0.391265 0.313882
0.39517 0.391757
0.400134 0.288127
0.406118 0.308689
0.413079 0.403464
0.420968 0.359569
0.429734 0.331832
0.439324 0.41935
0.449686 0.526056
0.460767 0.61255
0.472517 0.518802
0.484888 0.461506
0.497832 0.688964
0.511307 0.675018
0.525272 0.569327
0.539688 0.583062
0.554521 0.560275
0.569737 0.637606
0.585308 0.641643
0.601204 0.737487
0.617403 0.457515
0.633879 0.870482
0.650612 0.673011
0.667583 0.616407
0.684774 1.10246
0.702169 1.10077
0.719753 0.939093
0.406658 0.363775
0.407197 0.444559
0.40881 0.422957
0.411483 0.399888
0.415198 0.310728
0.419925 0.523092
0.425631 0.493812
0.432278 0.296799
0.439823 0.355369
0.44822 0.618813
0.457423 0.256001
0.467383 0.55326
0.478055 0.459718
0.48939 0.526952
0.501344 0.448748
0.513874 0.360922
0.526939 0.815204
0.5405 0.789741
0.554521 0.651885
0.568967 0.71669
0.583807 0.663425
0.599012 0.842372
0.614554 0.845485
0.630409 0.831874
0.646554 1.10632
0.662968 1.34876
0.67963 1.03435
0.696524 1.16901
0.713633 1.00466
0.730941 1.28682
0.427174 0.256517
0.427688 0.4346
0.429223 0.554883
0.431771 0.541472
0.435312 0.532188
0.439823 0.487118
0.445275 0.374823
0.451632 0.524
0.458859 0.487075
0.466914 0.415121
0.475755 0.914957
0.48534 0.656393
0.495624 0.544323
0.506567 0.850147
0.518125 0.68501
0.530258 0.73563
0.542929 0.830235
0.5561 0.839396
0.569737 0.628687
0.583807 0.917862
0.598279 1.14492
0.613125 0.93681
0.628319 0.851917
0.643835 0.738305
0.659651 0.913272
0.675747 1.05791
0.692102 0.856901
0.708698 0.97708
0.72552 0.885084
0.742551 1.15112
0.447731 0.340217
0.44822 0.660988
0.449686 0.450142
0.452118 0.459415
0.455501 0.513654
0.459814 0.457317
0.465031 0.570612
0.471123 0.432789
0.478055 0.454945
0.485791 0.477827
0.494295 0.586969
0.503527 0.536515
0.513447 0.720822
0.524017 0.782965
0.535199 0.569386
0.546954 0.776291
0.559247 0.712319
0.572042 0.654751
0.585308 1.05792
0.599012 0.741425
0.613125 0.658058
0.62762 1.12141
0.642471 1.00404
0.657653 1.04452
0.673145 0.844505
0.688925 1.36766
0.704975 0.935254
0.721275 0.794213
0.73781 0.712384
0.754564 1.0038
0.468321 0.459798
0.468789 0.53838
0.470191 0.696667
0.472517 0.705198
0.475755 0.521932
0.479886 0.544134
0.484888 0.696062
0.490732 0.580979
0.497391 0.850692
0.504832 0.586025
0.51302 0.371928
0.521921 0.585487
0.531498 0.796717
0.541716 0.614189
0.552539 0.473931
0.563933 0.838549
0.575863 0.576559
0.588298 0.936838
0.601204 0.582984
0.614554 0.799509
0.628319 0.885308
0.642471 0.789689
0.656986 1.07047
0.671841 0.953476
0.687013 1.02648
0.702481 0.918808
0.718228 0.844551
0.734234 1.17283
0.750483 0.79342
0.766961 0.697979
0.488941 0.577892
0.48939 0.482163
0.490732 0.503409
0.492962 0.55387
0.496067 0.595773
0.50003 0.495466
0.504832 0.522548
0.510448 0.79158
0.516853 0.814173
0.524017 0.505534
0.53191 0.729503
0.5405 0.857315
0.549754 0.941657
0.559639 0.977267
0.570122 0.803903
0.581171 0.657391
0.592755 0.732249
0.604842 0.949935
0.617403 0.837249
0.630409 0.603942
0.643835 1.30499
0.657653 1.58817
0.671841 0.945311
0.686374 1.01936
0.701232 1.73657
0.716393 0.714832
0.731841 1.16947
0.747555 0.934854
0.763521 1.10925
0.779723 1.12767
0.509588 0.776602
0.510019 0.67714
0.511307 0.442638
0.513447 0.707486
0.516429 0.548727
0.520237 0.645886
0.524854 0.62343
0.530258 0.606814
0.536427 0.473533
0.543333 0.659248
0.550949 0.86915
0.559247 0.629877
0.568195 0.614083
0.577765 0.812258
0.587925 0.734728
0.598645 0.985716
0.609897 0.639506
0.621651 0.840585
0.633879 0.740186
0.646554 0.953108
0.659651 1.16223
0.673145 0.585125
0.687013 0.790779
0.701232 0.86806
0.715781 1.18038
0.730641 1.05423
0.745793 1.27633
0.76122 1.05578
0.776905 1.14628
0.792833 1.4977
0.530258 0.472685
0.530672 0.581269
0.53191 0.504051
0.533968 0.871175
0.536836 0.653439
0.5405 0.572846
0.544945 0.749514
0.550153 0.704137
0.5561 0.65897
0.562765 0.692496
0.570122 0.576377
0.578144 1.03745
0.586805 0.705595
0.596075 0.788816
0.605928 0.738185
0.616336 0.84319
0.62727 0.73965
0.638705 0.6431
0.650612 1.06349
0.662968 0.892804
0.675747 0.763301
0.688925 1.09782
0.702481 1.36504
0.716393 0.768895
0.730641 1.24616
0.745204 0.888561
0.760066 1.06526
0.775209 1.04427
0.790617 1.51988
0.806274 0.616749
0.550949 0.811487
0.551347 1.05644
0.552539 0.877166
0.554521 0.762479
0.557282 0.68842
0.560813 0.525307
0.565099 0.650837
0.570122 0.837121
0.575863 0.669013
0.582302 0.631727
0.589415 0.911014
0.597178 0.972299
0.605566 0.829406
0.614554 0.780099
0.624116 0.97796
0.634225 0.812497
0.644856 1.40029
0.655984 1.11291
0.667583 1.05459
0.67963 0.997962
0.692102 1.22703
0.704975 0.746431
0.718228 1.10114
0.731841 1.09798
0.745793 0.925535
0.760066 1.06772
0.774643 1.06923
0.789506 0.945971
0.80464 1.03089
0.82003 0.924748
0.571659 0.757247
0.572042 1.11098
0.573191 0.728997
0.575101 1.02369
0.577765 0.672229
0.581171 0.833145
0.585308 0.708207
0.590159 0.650888
0.595707 0.652503
0.601934 0.826332
0.608817 0.667336
0.616336 1.03127
0.624467 1.22968
0.633187 0.661311
0.642471 0.79061
0.652296 0.872786
0.662637 1.16216
0.673471 0.807525
0.684774 1.12835
0.696524 1.11746
0.708698 0.747746
0.721275 1.1359
0.734234 0.957397
0.747555 1.03823
0.76122 0.854027
0.775209 1.13861
0.789506 0.758392
0.804095 1.17749
0.818959 1.19226
0.834085 1.02398
0.592384 0.506764
0.592755 0.960718
0.593864 0.963168
0.595707 0.837507
0.598279 0.951162
0.601569 0.626873
0.605566 0.650691
0.610257 1.12335
0.615624 0.880427
0.621651 1.06267
0.628319 0.841006
0.635607 0.803915
0.643494 0.971716
0.651959 0.966226
0.66098 1.24336
0.670534 1.24158
0.680598 1.13565
0.69115 1.07602
0.702169 1.20898
0.713633 0.705069
0.72552 0.95501
0.73781 0.728221
0.750483 0.99376
0.763521 1.19109
0.776905 0.763439
0.790617 0.894338
0.80464 0.914622
0.818959 1.43814
0.833559 1.09154
0.848424 1.01695
0.613125 0.577951
0.613483 0.880728
0.614554 0.809923
0.616336 0.459899
0.618822 0.865097
0.622004 0.888718
0.62587 0.889916
0.630409 0.833913
0.635607 1.17181
0.641446 0.814006
0.64791 0.900502
0.65498 0.724417
0.662637 0.930533
0.670861 0.774717
0.67963 0.961293
0.688925 0.902909
0.698725 1.09506
0.709008 1.44774
0.719753 1.1058
0.730941 0.936935
0.742551 0.981247
0.754564 0.750489
0.766961 0.907935
0.779723 0.964664
0.792833 1.35949
0.806274 1.11295
0.82003 0.676077
0.834085 1.13974
0.848424 0.987086
0.863033 1.1348
0.10472 100.707
0.106794 20.0901
0.112787 3.19817
0.122123 6.75676
0.134107 6.6932
0.148096 1.05473
0.163577 4.40633
0.180167 2.60256
0.197585 0.575111
0.215631 0.625962
0.23416 0.419547
0.253067 0.982082
0.272271 0.298298
0.291715 0.59695
0.311354 0.325829
0.331153 0.565621
0.351085 0.318221
0.371128 0.236406
0.391265 0.342717
0.411483 0.355086
0.431771 0.590457
0.452118 0.539859
0.472517 0.460163
0.492962 0.757283
0.513447 0.504447
0.533968 0.575878
0.554521 0.611992
0.575101 0.90779
0.595707 0.934062
0.616336 0.840235
0.106794 0.250513
0.108828 3.24645
0.114715 3.11441
0.123906 1.22238
0.135732 13.7071
0.14957 3.16435
0.164913 1.62621
0.18138 1.73525
0.198692 0.834155
0.216646 1.23181
0.235095 0.611535
0.253932 0.562863
0.273076 0.890391
0.292466 0.219682
0.312058 0.275121
0.331815 0.398422
0.351709 0.499477
0.371718 0.450008
0.391825 0.351044
0.412016 0.27005
0.432278 0.495874
0.452603 0.526196
0.472981 0.438633
0.493407 0.539327
0.513874 0.52933
0.534379 0.412478
0.554916 0.626222
0.575482 0.950558
0.596075 0.839361
0.616692 0.921539
0.112787 5.65721
0.114715 0.999976
0.120314 22.5522
0.129107 2.86601
0.140496 4.07534
0.153906 0.65118
0.168856 2.33726
0.184972 0.42054
0.201976 1.72447
0.219662 1.17502
0.237878 0.608983
0.25651 0.642344
0.275475 0.445328
0.294708 0.343466
0.314159 0.262782
0.333792 0.281709
0.353575 0.281388
0.373484 0.218146
0.393501 0.264543
0.41361 0.497508
0.433798 0.417887
0.454054 0.352187
0.47437 0.496035
0.494739 0.853436
0.515153 0.871028
0.535609 0.739986
0.5561 0.76804
0.576625 0.718057
0.597178 0.890977
0.617758 0.777839
0.122123 18.8872
0.123906 6.91963
0.129107 0.337238
0.137339 7.10868
0.148096 0.895328
0.160874 5.64264
0.17523 0.656138
0.190808 4.0338
0.207335 0.555127
0.224599 0.355115
0.242444 0.2331
0.26075 0.683721
0.279427 0.316382
0.298405 0.440823
0.317631 0.369057
0.337061 0.288698
0.356663 0.366121
0.376409 0.313357
0.396278 0.348704
0.416253 0.25316
0.436318 0.484641
0.456463 0.398078
0.476676 0.486613
0.49695 0.616589
0.517277 0.520485
0.537652 0.764604
0.558069 0.722068
0.578523 0.985593
0.599012 0.610878
0.61953 0.923009
0.134107 6.41826
0.135732 34.0228
0.140496 10.6785
0.148096 17.9974
0.158123 0.547224
0.170149 1.79436
0.183782 1.24737
0.198692 2.61273
0.214612 0.882135
0.231334 0.360213
0.248696 0.816528
0.266573 0.818581
0.284869 1.06012
0.303507 0.510044
0.322428 0.344789
0.341586 0.361155
0.360942 0.465707
0.380466 0.285512
0.400134 0.313003
0.419925 0.533075
0.439823 0.467382
0.459814 0.337621
0.479886 0.523973
0.50003 0.451508
0.520237 0.930203
0.5405 0.5784
0.560813 0.626252
0.581171 0.632492
0.601569 0.761504
0.622004 0.831932
0.148096 7.51779
0.14957 3.39524
0.153906 1.76353
0.160874 5.0413
0.170149 0.259096
0.18138 1.81423
0.194226 0.791351
0.20839 1.19
0.22362 1.04391
0.239714 1.38383
0.25651 0.654918
0.273878 0.431363
0.291715 0.609264
0.309942 0.288515
0.328493 0.27625
0.347316 0.414272
0.36637 0.41696
0.385619 0.281302
0.405037 0.398813
0.4246 0.406556
0.444288 0.440717
0.464087 0.683594
0.483982 0.501747
0.503962 0.498391
0.524017 0.818269
0.54414 0.797997
0.564322 0.584086
0.584558 0.832565
0.604842 1.01223
0.625169 0.81036
0.163577 3.03437
0.164913 2.33476
0.168856 1.12485
0.17523 0.56132
0.183782 0.991604
0.194226 0.683431
0.206274 0.239783
0.219662 0.403152
0.23416 0.61089
0.249576 0.378289
0.265749 0.357661
0.282549 0.273439
0.299872 0.370745
0.317631 0.348904
0.335757 0.340463
0.354194 0.342802
0.372896 0.266799
0.391825 0.347807
0.41095 0.659287
0.430244 0.539376
0.449686 0.509519
0.469257 0.398444
0.488941 0.540754
0.508727 0.519964
0.528601 0.577769
0.548556 0.529128
0.568581 0.625539
0.58867 1.20557
0.608817 0.858659
0.629016 0.563561
0.180167 0.403952
0.18138 4.51505
0.184972 0.603668
0.190808 0.368109
0.198692 0.560308
0.20839 0.394147
0.219662 0.456886
0.23228 1.28908
0.246036 0.620163
0.26075 0.671038
0.27627 0.257798
0.292466 0.378576
0.309234 0.481514
0.326484 0.318375
0.344144 0.415863
0.362155 0.590938
0.380466 0.340725
0.399036 0.373586
0.417831 0.368621
0.436821 0.349772
0.455982 0.323444
0.475294 0.583465
0.494739 0.586147
0.514301 0.680989
0.533968 0.738509
0.553729 0.516925
0.573574 0.985709
0.593494 0.700897
0.613483 0.99171
0.633533 0.759367
0.197585 0.407143
0.198692 0.958879
0.201976 0.537318
0.207335 2.10282
0.214612 0.423049
0.22362 0.608589
0.23416 0.323483
0.246036 1.09129
0.259062 0.63101
0.273076 0.48409
0.287932 0.322702
0.303507 0.291512
0.319696 0.238679
0.33641 0.193215
0.353575 0.208604
0.371128 0.383791
0.389017 0.375984
0.407197 0.366939
0.425631 0.231284
0.444288 0.309397
0.463141 0.327323
0.482166 0.538384
0.501344 0.764954
0.520658 0.652284
0.540094 0.655407
0.559639 0.489165
0.579281 0.978413
0.599012 0.764301
0.618822 1.12666
0.638705 1.0391
0.215631 1.43422
0.216646 0.742396
0.219662 0.582861
0.224599 0.438229
0.231334 1.50734
0.239714 0.584646
0.249576 0.403058
0.26075 0.427438
0.273076 0.32014
0.286404 1.07581
0.300602 0.475602
0.315552 0.341517
0.331153 0.354067
0.347316 0.456035
0.363967 0.441538
0.381042 0.168144
0.398486 0.406724
0.416253 0.480396
0.434303 0.363639
0.452603 0.491978
0.471123 0.472314
0.489838 0.855838
0.508727 0.67723
0.527771 0.70209
0.546954 0.65392
0.566262 0.728471
0.585682 0.995305
0.605204 0.682453
0.624818 0.786307
0.644516 0.94268
0.23416 0.741678
0.235095 0.547635
0.237878 0.225059
0.242444 0.384723
0.248696 0.396416
0.25651 0.277038
0.265749 0.370142
0.27627 0.262191
0.287932 0.407924
0.300602 0.556088
0.314159 0.273623
0.328493 0.371986
0.343506 0.33974
0.359114 0.360947
0.375242 0.334273
0.391825 0.224728
0.40881 0.302929
0.426146 0.51341
0.443794 0.54186
0.461718 0.535645
0.479886 0.51507
0.498272 0.783443
0.516853 0.652342
0.535609 0.770759
0.554521 0.736414
0.573574 0.824248
0.592755 0.782603
0.612051 0.615046
0.631452 0.623718
0.650949 0.889467
0.253067 0.659438
0.253932 0.288322
0.25651 0.498393
0.26075 0.429936
0.266573 0.838139
0.273878 0.852499
0.282549 0.306794
0.292466 0.869138
0.303507 0.499474
0.315552 0.49157
0.328493 0.306986
0.342227 0.48594
0.356663 0.254787
0.371718 0.534652
0.387322 0.529321
0.403409 0.341532
0.419925 0.407758
0.436821 0.455827
0.454054 0.542062
0.471588 0.417317
0.48939 0.590498
0.507432 0.539455
0.525689 0.608948
0.54414 0.764949
0.562765 0.521041
0.581548 0.835444
0.600474 0.713352
0.61953 0.683273
0.638705 0.928145
0.657987 1.30651
0.272271 0.531959
0.273076 0.366594
0.275475 0.272312
0.279427 0.860818
0.284869 0.297065
0.291715 0.411326
0.299872 0.297272
0.309234 0.252681
0.319696 0.385403
0.331153 0.237203
0.343506 0.41564
0.356663 0.232764
0.370536 0.240214
0.38505 0.432115
0.400134 0.281099
0.415726 0.349171
0.431771 0.358765
0.44822 0.605932
0.465031 0.533982
0.482166 0.625197
0.499591 0.47526
0.517277 0.55692
0.535199 0.679323
0.553333 0.573514
0.571659 0.895715
0.590159 0.972181
0.608817 0.919674
0.62762 1.12608
0.646554 0.679609
0.665609 1.2273
0.291715 0.735823
0.292466 0.512575
0.294708 0.309002
0.298405 0.297665
0.303507 0.61144
0.309942 0.268595
0.317631 0.358747
0.326484 0.339
0.33641 0.310616
0.347316 0.262157
0.359114 0.266247
0.371718 0.192609
0.38505 0.297901
0.399036 0.318871
0.41361 0.235339
0.428712 0.337122
0.444288 0.44326
0.460291 0.542705
0.476676 0.392208
0.493407 0.50518
0.510448 0.83722
0.527771 0.68666
0.545348 0.543794
0.563155 0.778377
0.581171 0.776935
0.599378 0.845372
0.617758 0.935298
0.636296 0.733777
0.65498 0.834237
0.673797 0.646682
0.311354 0.538809
0.312058 0.272565
0.314159 0.322717
0.317631 0.461329
0.322428 0.23362
0.328493 0.408681
0.335757 0.470728
0.344144 0.237627
0.353575 0.351484
0.363967 0.237334
0.375242 0.358511
0.387322 0.41394
0.400134 0.436555
0.41361 0.551882
0.427688 0.470404
0.442309 0.482276
0.457423 0.382889
0.472981 0.587648
0.488941 0.477458
0.505266 0.527033
0.521921 0.530511
0.538874 0.766463
0.5561 0.698374
0.573574 0.688744
0.591273 0.587511
0.609177 0.665865
0.62727 1.07298
0.645536 0.804263
0.66396 0.849631
0.682529 0.877695
0.331153 0.271353
0.331815 0.456641
0.333792 0.369624
0.337061 0.309344
0.341586 0.294666
0.347316 0.285067
0.354194 0.269477
0.362155 0.235206
0.371128 0.537477
0.381042 0.470003
0.391825 0.505576
0.403409 0.356785
0.415726 0.522558
0.428712 0.510128
0.442309 0.796672
0.456463 0.464485
0.471123 0.552252
0.486243 0.493243
0.501781 0.4791
0.517701 0.528913
0.533968 0.744683
0.550551 0.674218
0.567423 0.601276
0.584558 0.645037
0.601934 1.06454
0.61953 0.888247
0.63733 0.86104
0.655315 0.851154
0.673471 1.40521
0.691785 0.662518
0.351085 0.345172
0.351709 0.26807
0.353575 0.261138
0.356663 0.340471
0.360942 0.470242
0.36637 0.392173
0.372896 0.41551
0.380466 0.464524
0.389017 0.349157
0.398486 0.304988
0.40881 0.443447
0.419925 0.413788
0.431771 0.476896
0.444288 0.555479
0.457423 0.411043
0.471123 0.317966
0.48534 0.68576
0.50003 0.524562
0.515153 0.749716
0.530672 0.549173
0.546553 0.835282
0.562765 0.663627
0.579281 0.757743
0.596075 0.74988
0.613125 0.992521
0.630409 0.733066
0.64791 0.882705
0.665609 0.903166
0.683492 0.82428
0.701544 1.05792
0.371128 0.218914
0.371718 0.291009
0.373484 0.318391
0.376409 0.236608
0.380466 0.390134
0.385619 0.346999
0.391825 0.299596
0.399036 0.399853
0.407197 0.270284
0.416253 0.441181
0.426146 0.421176
0.436821 0.358121
0.44822 0.565429
0.460291 0.544379
0.472981 0.583529
0.486243 0.596099
0.50003 0.626803
0.514301 0.41737
0.529016 0.927046
0.54414 0.47554
0.559639 0.777482
0.575482 1.0811
0.591643 0.780457
0.608096 0.945641
0.624818 0.52358
0.641788 0.86092
0.658986 1.1016
0.676396 0.904583
0.694001 0.789356
0.711786 0.875368
0.391265 0.371857
0.391825 0.408668
0.393501 0.419112
0.396278 0.387427
0.400134 0.349508
0.405037 0.400407
0.41095 0.553586
0.417831 0.464412
0.425631 0.401479
0.434303 0.672564
0.443794 0.528665
0.454054 0.411236
0.465031 0.640708
0.476676 0.461686
0.488941 0.574452
0.501781 0.626683
0.515153 0.632827
0.529016 0.534082
0.543333 0.884463
0.558069 0.683633
0.573191 0.762231
0.58867 0.926595
0.604479 0.930652
0.620592 0.94873
0.636985 0.747323
0.653639 0.991096
0.670534 0.781279
0.687651 0.952318
0.704975 0.861991
0.72249 1.22467
0.411483 0.354153
0.412016 0.649409
0.41361 0.460682
0.416253 0.466977
0.419925 0.397203
0.4246 0.33011
0.430244 0.297876
0.436821 0.513281
0.444288 0.496615
0.452603 0.429066
0.461718 0.48484
0.471588 0.562024
0.482166 0.430456
0.493407 0.730367
0.505266 0.749718
0.517701 0.549134
0.530672 0.660896
0.54414 0.631899
0.558069 0.735025
0.572425 0.627634
0.587178 0.896756
0.602298 0.781304
0.617758 1.12459
0.633533 0.781131
0.6496 1.00245
0.665939 1.06454
0.682529 0.857522
0.699352 1.27073
0.716393 0.755685
0.733636 0.836284
0.431771 0.507336
0.432278 0.376404
0.433798 0.296732
0.436318 0.422988
0.439823 0.567416
0.444288 0.455087
0.449686 0.511329
0.455982 0.685191
0.463141 0.442529
0.471123 0.648521
0.479886 0.496415
0.48939 0.719761
0.499591 0.638951
0.510448 0.80136
0.521921 0.580789
0.533968 0.567526
0.546553 0.732849
0.559639 0.695813
0.573191 0.787822
0.587178 0.776206
0.601569 0.587948
0.616336 0.77974
0.631452 0.965304
0.646894 1.30548
0.662637 1.00456
0.678662 1.02138
0.694948 0.965087
0.711478 1.08519
0.728235 1.03271
0.745204 0.9309
0.452118 0.564516
0.452603 0.470146
0.454054 0.567622
0.456463 0.499045
0.459814 0.438937
0.464087 0.581521
0.469257 0.510762
0.475294 0.618003
0.482166 0.635791
0.489838 1.27879
0.498272 0.494237
0.507432 0.479498
0.517277 0.724486
0.527771 0.599442
0.538874 0.541139
0.550551 0.466193
0.562765 0.846576
0.575482 0.920759
0.58867 0.766697
0.602298 1.08512
0.616336 0.683427
0.630757 0.883208
0.645536 0.867806
0.660648 1.22199
0.676071 0.884367
0.691785 1.09444
0.707769 0.989947
0.724007 1.25153
0.74048 1.2031
0.757175 1.31141
0.472517 0.537524
0.472981 0.552785
0.47437 0.39197
0.476676 0.505115
0.479886 0.551303
0.483982 0.420409
0.488941 0.496737
0.494739 0.695985
0.501344 0.456728
0.508727 0.596656
0.516853 0.567491
0.525689 0.437343
0.535199 0.558792
0.545348 0.478622
0.5561 0.526234
0.567423 1.03902
0.579281 0.515532
0.591643 0.654729
0.604479 1.15259
0.617758 0.965418
0.631452 0.737666
0.645536 0.761327
0.659984 0.642334
0.674772 1.17878
0.68988 1.25167
0.705286 1.11184
0.720971 0.72001
0.736918 0.845287
0.753109 1.56319
0.76953 1.21329
0.492962 0.397534
0.493407 0.521732
0.494739 0.435939
0.49695 0.595499
0.50003 0.643568
0.503962 0.774611
0.508727 0.54088
0.514301 0.614342
0.520658 0.556246
0.527771 0.551354
0.535609 0.637592
0.54414 0.672243
0.553333 0.784068
0.563155 0.861115
0.573574 1.0501
0.584558 0.939912
0.596075 0.784984
0.608096 1.04467
0.620592 0.742483
0.633533 0.900999
0.646894 0.883081
0.660648 0.834244
0.674772 1.12423
0.689244 1.00717
0.704041 0.951734
0.719143 1.29332
0.734533 0.86589
0.750191 1.20901
0.766102 1.26507
0.78225 1.013
0.513447 0.436219
0.513874 0.854991
0.515153 0.511472
0.517277 0.581052
0.520237 0.537606
0.524017 0.535425
0.528601 0.612278
0.533968 0.625973
0.540094 0.726588
0.546954 0.592184
0.554521 0.666775
0.562765 0.677639
0.571659 0.66758
0.581171 0.812357
0.591273 0.785734
0.601934 0.720498
0.613125 0.731015
0.624818 0.819632
0.636985 0.954952
0.6496 0.762698
0.662637 1.26263
0.676071 0.923626
0.68988 0.907728
0.704041 0.919703
0.718533 0.851746
0.733337 0.830209
0.748435 0.718823
0.763808 0.919862
0.779441 0.988921
0.795319 1.15225
0.533968 0.699502
0.534379 0.533147
0.535609 0.367533
0.537652 0.58571
0.5405 0.701455
0.54414 0.548987
0.548556 0.858541
0.553729 0.835709
0.559639 0.899425
0.566262 0.761916
0.573574 0.728621
0.581548 0.86373
0.590159 0.935535
0.599378 0.702985
0.609177 0.750409
0.61953 0.801466
0.630409 1.16535
0.641788 0.873772
0.653639 0.634555
0.665939 0.911026
0.678662 0.934896
0.691785 0.948032
0.705286 1.06951
0.719143 1.05354
0.733337 0.876615
0.747849 0.858552
0.762659 0.987223
0.777751 1.02468
0.79311 1.00825
0.808719 1.12771
0.554521 0.958364
0.554916 0.708457
0.5561 0.812496
0.558069 0.810905
0.560813 1.195
0.564322 0.777726
0.568581 1.31806
0.573574 0.726166
0.579281 0.803344
0.585682 0.931915
0.592755 0.870148
0.600474 1.08742
0.608817 0.59905
0.617758 0.737219
0.62727 0.656152
0.63733 0.905817
0.64791 0.938326
0.658986 0.725767
0.670534 1.20757
0.682529 1.08393
0.694948 0.66881
0.707769 0.790853
0.720971 1.03811
0.734533 1.00047
0.748435 0.67225
0.762659 1.22992
0.777187 1.27023
0.792003 1.02297
0.80709 1.08572
0.822434 1.53165
0.575101 0.730118
0.575482 0.921634
0.576625 0.900873
0.578523 0.857564
0.581171 0.607645
0.584558 0.743155
0.58867 1.06066
0.593494 0.828748
0.599012 0.78293
0.605204 0.841984
0.612051 0.835215
0.61953 0.822898
0.62762 0.914153
0.636296 0.900343
0.645536 1.06717
0.655315 0.801748
0.665609 1.26325
0.676396 1.03783
0.687651 0.80152
0.699352 0.895546
0.711478 1.30477
0.724007 1.14187
0.736918 0.786811
0.750191 0.984582
0.763808 1.15374
0.777751 1.2925
0.792003 0.910173
0.806546 0.908317
0.821366 1.3479
0.836448 0.981626
0.595707 0.575564
0.596075 1.17958
0.597178 1.18709
0.599012 0.881439
0.601569 1.11919
0.604842 0.844664
0.608817 1.03925
0.613483 0.605971
0.618822 0.895387
0.624818 0.709723
0.631452 0.836947
0.638705 0.855851
0.646554 1.23755
0.65498 0.74042
0.66396 0.713013
0.673471 1.45272
0.683492 0.926963
0.694001 0.897099
0.704975 0.984652
0.716393 0.978946
0.728235 0.740867
0.74048 0.908966
0.753109 1.01443
0.766102 1.01088
0.779441 1.10795
0.79311 1.1962
0.80709 1.16333
0.821366 1.14306
0.835923 1.15121
0.850747 1.05563
0.616336 0.812935
0.616692 0.712232
0.617758 0.675524
0.61953 0.762822
0.622004 1.00581
0.625169 0.591636
0.629016 0.98093
0.633533 0.646138
0.638705 1.05912
0.644516 0.641793
0.650949 0.697361
0.657987 0.790255
0.665609 1.23969
0.673797 1.23195
0.682529 0.949357
0.691785 0.855326
0.701544 0.828895
0.711786 1.00529
0.72249 1.28167
0.733636 1.02007
0.745204 1.1737
0.757175 0.991474
0.76953 0.944332
0.78225 0.967724
0.795319 0.906984
0.808719 1.27853
0.822434 0.926555
0.836448 1.12288
0.850747 1.45516
0.865317 0.918153
0.125664 30.3338
0.127397 15.1339
0.132461 4.09367
0.140496 3.09967
0.151029 3.07196
0.163577 0.625474
0.177715 2.26732
0.193094 0.292565
0.20944 0.706967
0.226543 0.847415
0.244246 0.52342
0.262427 0.851043
0.280993 0.282277
0.299872 0.326246
0.319009 0.244644
0.33836 0.372771
0.35789 0.283943
0.377572 0.221997
0.397384 0.42863
0.417305 0.399464
0.437323 0.427763
0.457423 0.480579
0.477596 0.642166
0.497832 0.411697
0.518125 0.71898
0.538467 0.430638
0.558854 0.794135
0.579281 0.677154
0.599743 0.906453
0.620238 0.809882
0.127397 4.54805
0.129107 2.01886
0.134107 3.51116
0.142049 1.13282
0.152474 6.60939
0.164913 3.72716
0.178945 1.0732
0.194226 0.805648
0.210484 0.58895
0.22751 1.812
0.245143 0.280911
0.263261 0.233102
0.281772 0.32354
0.300602 0.26183
0.319696 0.368897
0.339007 0.382705
0.358503 0.162027
0.378153 0.321428
0.397935 0.3251
0.417831 0.302704
0.437824 0.358589
0.457902 0.376634
0.478055 0.438308
0.498272 0.443298
0.518548 0.616633
0.538874 0.462419
0.559247 0.720229
0.57966 0.499606
0.600109 0.524477
0.620592 1.22831
0.132461 15.7263
0.134107 30.9907
0.138926 2.90917
0.146608 4.53857
0.15673 1.51933
0.168856 2.36564
0.182585 0.707334
0.197585 0.420822
0.213587 0.695904
0.230383 1.06413
0.247812 0.939045
0.265749 0.62803
0.284098 1.0883
0.302783 0.406589
0.321747 0.33979
0.340943 0.228207
0.360333 0.291718
0.379889 0.413454
0.399585 0.581762
0.419402 0.318507
0.439324 0.467319
0.459337 0.446444
0.479429 0.699736
0.499591 0.470053
0.519815 0.686896
0.540094 0.655302
0.560422 0.721222
0.580794 0.845703
0.601204 0.747884
0.621651 0.793934
0.140496 10.6087
0.142049 1.97402
0.146608 1.94506
0.153906 5.7481
0.163577 4.90903
0.17523 0.361344
0.188496 1.36314
0.203059 2.03919
0.218661 2.15431
0.235095 0.776396
0.252199 0.570487
0.269844 0.809135
0.287932 0.353442
0.306384 0.305075
0.325138 0.485284
0.344144 0.686858
0.363364 0.248157
0.382765 0.283526
0.40232 0.50404
0.422009 0.567637
0.441813 0.311907
0.461718 0.464595
0.481711 0.642276
0.501781 0.582941
0.521921 0.744846
0.542121 0.663158
0.562375 0.732083
0.582679 0.623811
0.603026 0.785874
0.623412 1.00299
0.151029 6.10172
0.152474 5.5146
0.15673 7.80894
0.163577 4.91528
0.172708 0.6029
0.183782 0.647077
0.196472 1.32284
0.210484 0.295832
0.225573 0.60596
0.241537 1.09502
0.258214 1.66469
0.275475 0.3236
0.293215 0.266818
0.311354 0.564074
0.329826 0.373188
0.348577 0.232492
0.367565 0.278177
0.386755 0.279253
0.406118 0.314815
0.425631 0.272015
0.445275 0.51964
0.465031 0.621062
0.484888 0.545869
0.504832 0.432141
0.524854 0.571809
0.544945 0.628073
0.565099 0.502893
0.585308 0.665317
0.605566 0.681202
0.62587 1.2758
0.163577 0.568874
0.164913 7.1568
0.168856 1.89707
0.17523 0.43789
0.183782 0.649508
0.194226 1.38997
0.206274 1.48199
0.219662 0.311599
0.23416 0.374163
0.249576 1.0549
0.265749 0.298498
0.282549 0.246447
0.299872 0.320242
0.317631 0.23998
0.335757 0.264159
0.354194 0.318879
0.372896 0.499228
0.391825 0.27395
0.41095 0.476602
0.430244 0.511655
0.449686 0.489821
0.469257 0.521294
0.488941 0.518008
0.508727 0.921249
0.528601 0.489879
0.548556 0.561077
0.568581 0.938391
0.58867 0.81149
0.608817 0.792455
0.629016 0.694667
0.177715 0.442449
0.178945 0.729754
0.182585 3.9108
0.188496 1.73098
0.196472 0.380857
0.206274 0.705805
0.217656 1.816
0.230383 0.371191
0.244246 0.35696
0.259062 0.41363
0.274677 0.384305
0.290963 0.241658
0.307812 0.301983
0.325138 0.406678
0.342867 0.410592
0.360942 0.468041
0.379311 0.403338
0.397935 0.286303
0.416779 0.271895
0.435815 0.362616
0.455019 0.5553
0.47437 0.459294
0.493851 0.385917
0.513447 0.61236
0.533146 0.735967
0.552936 0.750669
0.572808 0.652095
0.592755 0.790994
0.612767 1.09431
0.63284 0.970193
0.193094 2.26765
0.194226 0.412528
0.197585 0.256247
0.203059 0.928071
0.210484 0.3109
0.219662 0.79421
0.230383 0.654918
0.242444 0.53864
0.255654 0.488639
0.269844 0.406337
0.284869 0.318236
0.300602 0.397015
0.316939 0.62653
0.333792 0.470579
0.351085 0.428131
0.368756 0.318904
0.386755 0.317526
0.405037 0.420395
0.423565 0.38379
0.442309 0.247836
0.461243 0.328136
0.480343 0.454224
0.499591 0.462246
0.518971 0.557511
0.538467 0.450059
0.558069 0.977571
0.577765 0.659311
0.597545 1.07647
0.617403 0.568753
0.63733 0.96389
0.20944 0.616382
0.210484 0.571448
0.213587 4.99578
0.218661 0.306155
0.225573 0.486075
0.23416 0.904666
0.244246 0.743895
0.255654 0.706043
0.268213 0.250018
0.281772 0.505014
0.296192 0.257113
0.311354 0.192876
0.327155 0.273935
0.343506 0.191467
0.360333 0.253781
0.377572 0.376489
0.39517 0.317108
0.413079 0.330222
0.431262 0.354735
0.449686 0.540504
0.468321 0.353116
0.487144 0.467459
0.506133 0.583032
0.525272 0.64188
0.544543 0.633339
0.563933 0.792482
0.583431 0.557784
0.603026 0.790841
0.622708 0.778739
0.642471 1.05912
0.226543 0.342859
0.22751 0.343689
0.230383 2.71781
0.235095 1.07523
0.241537 1.3899
0.249576 0.694533
0.259062 0.870252
0.269844 0.669583
0.281772 0.339017
0.294708 0.31267
0.308524 0.459271
0.323108 0.415537
0.33836 0.200708
0.354194 0.365304
0.370536 0.392557
0.387322 0.423878
0.404495 0.395907
0.422009 0.412567
0.439823 0.410211
0.457902 0.441284
0.476216 0.632694
0.494739 0.666661
0.513447 0.521344
0.532323 0.748646
0.551347 0.723795
0.570506 0.899449
0.589787 0.662552
0.609177 0.96744
0.628667 1.09579
0.648248 1.30107
0.244246 0.869116
0.245143 0.971961
0.247812 0.469414
0.252199 0.895824
0.258214 0.320213
0.265749 0.460432
0.274677 0.387395
0.284869 0.922182
0.296192 0.274767
0.308524 0.289167
0.321747 0.267827
0.335757 0.378699
0.350459 0.283126
0.36577 0.385464
0.381617 0.262232
0.397935 0.326072
0.414669 0.413841
0.431771 0.375641
0.449198 0.571644
0.466914 0.426973
0.484888 0.528823
0.503091 0.534969
0.5215 0.470253
0.540094 0.681676
0.558854 0.76321
0.577765 0.690732
0.596811 0.59623
0.61598 0.778535
0.635261 0.982246
0.654645 0.989651
0.262427 0.591945
0.263261 0.818228
0.265749 0.421847
0.269844 0.500482
0.275475 0.509313
0.282549 0.588927
0.290963 0.160879
0.300602 0.405649
0.311354 0.215689
0.323108 0.319926
0.335757 0.308518
0.349205 0.286201
0.363364 0.216281
0.378153 0.54569
0.393501 0.405552
0.409346 0.398966
0.425631 0.531509
0.442309 0.412765
0.459337 0.68136
0.476676 0.590659
0.494295 0.468806
0.512164 0.644909
0.530258 0.409385
0.548556 0.807565
0.567036 1.0784
0.585682 0.787262
0.604479 0.675691
0.623412 0.795301
0.642471 0.935542
0.661643 0.936131
0.280993 0.365086
0.281772 0.453737
0.284098 0.286253
0.287932 0.208369
0.293215 0.650138
0.299872 0.243146
0.307812 0.129339
0.316939 0.238406
0.327155 0.368725
0.33836 0.274597
0.350459 0.575698
0.363364 0.271211
0.376991 0.189077
0.391265 0.37357
0.406118 0.347901
0.421489 0.340338
0.437323 0.455022
0.453571 0.320066
0.470191 0.539623
0.487144 0.709935
0.504397 0.584222
0.521921 0.542322
0.539688 0.705052
0.557676 0.734239
0.575863 0.813589
0.594233 0.611665
0.612767 0.721229
0.631452 1.0471
0.650275 0.88426
0.669224 1.02219
0.299872 0.653466
0.300602 0.492432
0.302783 0.439129
0.306384 0.380418
0.311354 0.32602
0.317631 0.187469
0.325138 0.408519
0.333792 0.541045
0.343506 0.263004
0.354194 0.293087
0.36577 0.304776
0.378153 0.353273
0.391265 0.554001
0.405037 0.527557
0.419402 0.400218
0.434303 0.547752
0.449686 0.330622
0.465503 0.585695
0.481711 0.433807
0.498272 0.702355
0.515153 0.922858
0.532323 0.58578
0.549754 0.633661
0.567423 0.67819
0.585308 0.974251
0.603389 0.760695
0.621651 0.72095
0.640077 0.997757
0.658653 1.08201
0.677368 0.946241
0.319009 0.261349
0.319696 0.267411
0.321747 0.414276
0.325138 0.438033
0.329826 0.430157
0.335757 0.323552
0.342867 0.484987
0.351085 0.209261
0.360333 0.229344
0.370536 0.210201
0.381617 0.328569
0.393501 0.323387
0.406118 0.318203
0.419402 0.725632
0.433292 0.480216
0.447731 0.678306
0.462667 0.463734
0.478055 0.584118
0.493851 0.474512
0.510019 0.417959
0.526523 0.642791
0.543333 0.836647
0.560422 0.7261
0.577765 0.733775
0.595339 1.05147
0.613125 0.634048
0.631105 0.79503
0.649262 0.974533
0.667583 1.01471
0.686054 0.976099
0.33836 0.306771
0.339007 0.361514
0.340943 0.352677
0.344144 0.226302
0.348577 0.345203
0.354194 0.31609
0.360942 0.496965
0.368756 0.404735
0.377572 0.453731
0.387322 0.604539
0.397935 0.459832
0.409346 0.483486
0.421489 0.444691
0.434303 0.440262
0.447731 0.445602
0.461718 0.317794
0.476216 0.4798
0.491179 0.466987
0.506567 0.576868
0.522341 0.704343
0.538467 0.752939
0.554916 0.774323
0.571659 0.966765
0.58867 0.484724
0.605928 0.847008
0.623412 1.0054
0.641104 0.774176
0.658986 1.0846
0.677044 0.746477
0.695263 0.803892
0.35789 0.768267
0.358503 0.333397
0.360333 0.303191
0.363364 0.864978
0.367565 0.499108
0.372896 0.368435
0.379311 0.188942
0.386755 0.289389
0.39517 0.400301
0.404495 0.291868
0.414669 0.5291
0.425631 0.340244
0.437323 0.348678
0.449686 0.632911
0.462667 0.447474
0.476216 0.511185
0.490285 0.593421
0.504832 0.468902
0.519815 0.402359
0.535199 0.524445
0.550949 0.874115
0.567036 0.738503
0.583431 0.567173
0.600109 0.939416
0.617047 0.708464
0.634225 1.08976
0.651623 0.842543
0.669224 1.45288
0.687013 1.0037
0.704975 1.19537
0.377572 0.422893
0.378153 0.258538
0.379889 0.444292
0.382765 0.285109
0.386755 0.295823
0.391825 0.393394
0.397935 0.347613
0.405037 0.505317
0.413079 0.245157
0.422009 0.477801
0.431771 0.550138
0.442309 0.33376
0.453571 0.449134
0.465503 0.384294
0.478055 0.446549
0.491179 0.444536
0.504832 0.938475
0.518971 0.695484
0.533557 0.725468
0.548556 1.00817
0.563933 0.760495
0.57966 0.842855
0.595707 0.824193
0.612051 1.0752
0.628667 0.66943
0.645536 0.822643
0.662637 0.78667
0.679953 1.13313
0.697468 0.84356
0.715168 0.898474
0.397384 0.28067
0.397935 0.37536
0.399585 0.367706
0.40232 0.406927
0.406118 0.385346
0.41095 0.459904
0.416779 0.323939
0.423565 0.339512
0.431262 0.548248
0.439823 0.549326
0.449198 0.595711
0.459337 0.405618
0.470191 0.480953
0.481711 0.459301
0.493851 0.55899
0.506567 0.760135
0.519815 0.593929
0.533557 0.538309
0.547755 0.873154
0.562375 0.748129
0.577385 0.677223
0.592755 0.739141
0.608457 0.801731
0.624467 0.569416
0.640762 1.00668
0.65732 1.12005
0.674122 0.846665
0.69115 0.737232
0.708389 1.0957
0.725822 1.07141
0.417305 0.462003
0.417831 0.352691
0.419402 0.495322
0.422009 0.2874
0.425631 0.420036
0.430244 0.43278
0.435815 0.430778
0.442309 0.472703
0.449686 0.564807
0.457902 0.522482
0.466914 0.449429
0.476676 0.65041
0.487144 0.667971
0.498272 0.757854
0.510019 0.753209
0.522341 0.824784
0.535199 0.81196
0.548556 0.398371
0.562375 0.732319
0.576625 0.917165
0.591273 0.729167
0.60629 0.971724
0.621651 0.726033
0.63733 0.914711
0.653304 0.813108
0.669552 0.883573
0.686054 0.954708
0.702794 0.974711
0.719753 0.702854
0.736918 1.04414
0.437323 0.472731
0.437824 0.359148
0.439324 0.418908
0.441813 0.268749
0.445275 0.416352
0.449686 0.559268
0.455019 0.315146
0.461243 0.404894
0.468321 0.326648
0.476216 0.443463
0.484888 0.476866
0.494295 0.498863
0.504397 0.61312
0.515153 0.500878
0.526523 0.442575
0.538467 0.798684
0.550949 0.442555
0.563933 0.385757
0.577385 0.73677
0.591273 0.879157
0.605566 0.667434
0.620238 0.657297
0.635261 1.16193
0.650612 1.19267
0.666268 1.08777
0.682207 0.8307
0.698411 0.779002
0.714861 0.850889
0.731541 1.07911
0.748435 0.814709
0.457423 0.480448
0.457902 0.613577
0.459337 0.399872
0.461718 0.655545
0.465031 0.574636
0.469257 0.552925
0.47437 0.412346
0.480343 0.50684
0.487144 0.742438
0.494739 0.428763
0.503091 0.489646
0.512164 0.675961
0.521921 0.830306
0.532323 0.488689
0.543333 0.564691
0.554916 0.972127
0.567036 0.652611
0.57966 0.425679
0.592755 0.968663
0.60629 0.965157
0.620238 0.651061
0.634571 0.762482
0.649262 0.925772
0.66429 1.05534
0.67963 1.0023
0.695263 0.965242
0.71117 1.01666
0.727331 0.959
0.743731 1.09894
0.760355 0.931494
0.477596 0.541381
0.478055 0.523132
0.479429 0.534861
0.481711 0.495781
0.484888 0.497567
0.488941 0.659747
0.493851 0.587677
0.499591 0.677444
0.506133 0.958617
0.513447 0.547599
0.5215 0.815761
0.530258 0.631961
0.539688 0.500619
0.549754 0.722378
0.560422 1.12255
0.571659 0.884392
0.583431 0.804001
0.595707 0.757666
0.608457 0.605483
0.621651 0.844878
0.635261 0.974201
0.649262 1.17958
0.663629 0.845717
0.678338 0.846787
0.693368 0.695976
0.708698 1.00114
0.72431 0.849715
0.740184 1.5645
0.756306 0.965152
0.772659 0.937995
0.497832 0.803106
0.498272 0.464533
0.499591 0.462635
0.501781 0.566039
0.504832 0.549694
0.508727 0.431386
0.513447 0.496466
0.518971 0.697843
0.525272 0.791941
0.532323 0.416099
0.540094 0.885414
0.548556 0.823211
0.557676 0.86507
0.567423 0.625963
0.577765 0.594699
0.58867 0.764244
0.600109 0.97568
0.612051 0.920884
0.624467 0.87083
0.63733 0.89512
0.650612 0.886195
0.66429 0.897447
0.678338 0.971129
0.692735 1.11215
0.707459 0.85711
0.72249 1.17814
0.73781 0.910278
0.7534 1.66981
0.769245 0.989617
0.785328 1.12143
0.518125 0.484585
0.518548 0.764779
0.519815 0.748664
0.521921 0.688834
0.524854 0.564159
0.528601 0.426589
0.533146 0.627476
0.538467 1.07356
0.544543 0.712635
0.551347 0.833084
0.558854 0.550654
0.567036 0.632606
0.575863 0.718724
0.585308 0.987436
0.595339 0.67996
0.605928 1.03796
0.617047 0.861167
0.628667 0.94688
0.640762 0.53531
0.653304 0.962338
0.666268 0.85272
0.67963 1.3053
0.693368 0.983823
0.707459 1.23601
0.721883 0.686999
0.73662 0.994525
0.751652 1.25988
0.766961 0.826585
0.782531 0.833505
0.798346 0.790075
0.538467 0.613228
0.538874 0.613303
0.540094 0.815354
0.542121 0.61286
0.544945 0.810699
0.548556 0.575172
0.552936 0.84447
0.558069 0.817519
0.563933 0.635625
0.570506 0.678058
0.577765 0.800187
0.585682 0.93202
0.594233 0.929449
0.603389 1.1206
0.613125 0.861903
0.623412 0.87766
0.634225 0.807197
0.645536 1.11096
0.65732 0.996051
0.669552 1.16216
0.682207 0.752679
0.695263 0.977332
0.708698 1.11068
0.72249 0.991987
0.73662 0.871074
0.751068 0.877137
0.765816 1.17965
0.780847 1.02105
0.796146 1.09751
0.811696 0.960006
0.558854 0.633135
0.559247 1.05706
0.560422 0.861468
0.562375 0.561241
0.565099 0.713418
0.568581 0.637514
0.572808 1.18694
0.577765 0.798602
0.583431 0.620907
0.589787 0.812239
0.596811 1.05417
0.604479 0.923395
0.612767 0.711125
0.621651 0.91139
0.631105 0.88384
0.641104 0.824275
0.651623 0.909707
0.662637 0.960623
0.674122 0.751372
0.686054 1.01177
0.698411 0.868628
0.71117 1.2331
0.72431 0.634089
0.73781 0.819042
0.751652 0.681158
0.765816 0.967422
0.780285 0.850622
0.795043 1.13193
0.810073 1.11004
0.825362 1.0231
0.579281 1.03115
0.57966 0.657637
0.580794 0.730945
0.582679 1.07562
0.585308 0.693413
0.58867 0.804702
0.592755 0.809233
0.597545 0.676739
0.603026 0.820946
0.609177 0.838976
0.61598 0.664468
0.623412 0.777599
0.631452 0.812903
0.640077 0.62493
0.649262 1.01863
0.658986 0.715174
0.669224 0.922125
0.679953 0.572915
0.69115 1.35088
0.702794 0.980031
0.714861 1.04343
0.727331 0.753668
0.740184 1.01678
0.7534 1.06847
0.766961 0.985269
0.780847 0.927494
0.795043 1.12214
0.809532 0.985879
0.824298 1.26863
0.839327 0.811477
0.599743 0.693781
0.600109 0.875407
0.601204 0.963364
0.603026 0.817591
0.605566 0.734013
0.608817 1.15555
0.612767 0.881176
0.617403 0.961292
0.622708 0.74651
0.628667 0.829751
0.635261 1.05883
0.642471 1.09209
0.650275 0.900043
0.658653 1.12012
0.667583 1.16511
0.677044 0.99984
0.687013 1.08597
0.697468 1.01597
0.708389 1.02864
0.719753 1.48596
0.731541 1.19217
0.743731 1.04017
0.756306 0.877794
0.769245 1.40987
0.782531 0.928292
0.796146 0.95884
0.810073 1.01727
0.824298 1.06403
0.838805 0.823494
0.853578 1.67737
0.620238 0.99788
0.620592 0.815478
0.621651 0.824207
0.623412 0.737087
0.62587 1.06325
0.629016 0.654638
0.63284 0.942722
0.63733 0.810797
0.642471 0.791818
0.648248 1.3299
0.654645 0.881883
0.661643 1.05362
0.669224 0.940909
0.677368 0.964455
0.686054 0.985261
0.695263 0.797428
0.704975 0.951392
0.715168 1.39496
0.725822 0.977436
0.736918 1.04416
0.748435 1.00273
0.760355 1.10135
0.772659 0.995941
0.785328 0.85336
0.798346 1.22769
0.811696 1.09763
0.825362 1.33158
0.839327 0.95355
0.853578 0.809539
0.868101 1.03801
0.146608 2.66343
0.148096 0.88289
0.152474 2.26655
0.159504 6.26974
0.168856 1.32492
0.180167 0.281879
0.193094 0.451729
0.207335 0.654039
0.222637 0.767702
0.238798 0.598214
0.255654 0.50379
0.273076 0.448772
0.290963 0.378347
0.309234 0.403048
0.327825 0.34899
0.346684 0.27324
0.36577 0.321037
0.38505 0.302867
0.404495 0.283581
0.424083 0.360408
0.443794 0.462096
0.463614 0.418445
0.483529 0.641076
0.503527 0.509244
0.523599 0.615562
0.543737 0.801583
0.563933 0.656211
0.584182 0.719543
0.604479 1.21956
0.624818 0.972993
0.148096 3.80366
0.14957 0.834916
0.153906 1.76276
0.160874 1.08668
0.170149 2.61593
0.18138 1.26012
0.194226 1.0355
0.20839 1.43266
0.22362 0.284215
0.239714 1.11371
0.25651 0.756739
0.273878 0.498368
0.291715 0.995425
0.309942 0.365826
0.328493 0.216075
0.347316 0.342679
0.36637 0.533469
0.385619 0.351987
0.405037 0.256691
0.4246 0.457229
0.444288 0.700748
0.464087 0.483409
0.483982 0.748511
0.503962 0.551279
0.524017 0.727328
0.54414 0.753851
0.564322 0.743908
0.584558 0.870962
0.604842 0.824823
0.625169 0.881575
0.152474 0.555664
0.153906 7.81984
0.158123 5.31611
0.164913 0.708295
0.173974 2.06687
0.184972 0.783809
0.197585 0.884462
0.211524 1.3879
0.226543 2.38
0.242444 0.396813
0.259062 1.00741
0.27627 0.420306
0.293962 0.425408
0.312058 0.389087
0.33049 0.346101
0.349205 0.220488
0.368161 0.297409
0.387322 0.532343
0.406658 0.357158
0.426146 0.423049
0.445767 0.539532
0.465503 0.554696
0.48534 0.431573
0.505266 0.682162
0.525272 0.780179
0.545348 0.562294
0.565487 0.773612
0.585682 0.388676
0.605928 0.884458
0.626221 1.15115
0.159504 5.29413
0.160874 4.27985
0.164913 1.3354
0.171434 1.75254
0.180167 0.315871
0.190808 0.868545
0.203059 0.429323
0.216646 1.1363
0.231334 1.90218
0.246926 0.4802
0.263261 0.215557
0.280211 0.221842
0.297669 0.36814
0.315552 0.210366
0.333792 0.216797
0.352332 0.337188
0.371128 0.432928
0.390143 0.298222
0.409346 0.567815
0.428712 0.387768
0.44822 0.57805
0.467852 0.536039
0.487594 0.375064
0.507432 0.680697
0.527355 1.01713
0.547355 0.620709
0.567423 0.748592
0.587552 0.896452
0.607736 0.612693
0.627969 1.11369
0.168856 1.7668
0.170149 2.24632
0.173974 1.64907
0.180167 2.05807
0.188496 1.75352
0.198692 0.906132
0.210484 0.98344
0.22362 0.618419
0.237878 0.403423
0.253067 1.17289
0.26903 0.603872
0.285637 0.328486
0.302783 0.366365
0.320381 0.262077
0.33836 0.348977
0.356663 0.351689
0.375242 0.298895
0.394058 0.33358
0.413079 0.235128
0.432278 0.361537
0.451632 0.417153
0.471123 0.730811
0.490732 0.568026
0.510448 0.712316
0.530258 0.652439
0.550153 0.886094
0.570122 0.815506
0.590159 0.93185
0.610257 0.687112
0.630409 0.831536
0.180167 0.839851
0.18138 1.67597
0.184972 1.20209
0.190808 0.860672
0.198692 0.402465
0.20839 0.246478
0.219662 0.384067
0.23228 0.538165
0.246036 0.501969
0.26075 0.32582
0.27627 0.299702
0.292466 0.347633
0.309234 0.507285
0.326484 0.277812
0.344144 0.610949
0.362155 0.282758
0.380466 0.28514
0.399036 0.521779
0.417831 0.37669
0.436821 0.596035
0.455982 0.526493
0.475294 0.721375
0.494739 0.62822
0.514301 0.634901
0.533968 0.612616
0.553729 0.733873
0.573574 0.785798
0.593494 0.896889
0.613483 0.849929
0.633533 1.14502
0.193094 1.40596
0.194226 0.634029
0.197585 0.972576
0.203059 3.44195
0.210484 2.35091
0.219662 0.780322
0.230383 1.28083
0.242444 0.633867
0.255654 0.305948
0.269844 0.237253
0.284869 0.280571
0.300602 0.432922
0.316939 0.190106
0.333792 0.201626
0.351085 0.313331
0.368756 0.289576
0.386755 0.382713
0.405037 0.341093
0.423565 0.395885
0.442309 0.859791
0.461243 0.375684
0.480343 0.55903
0.499591 0.415207
0.518971 0.350475
0.538467 0.819769
0.558069 0.709774
0.577765 1.16116
0.597545 0.823798
0.617403 1.01769
0.63733 0.968512
0.207335 1.02231
0.20839 0.831864
0.211524 0.534668
0.216646 0.410662
0.22362 2.17254
0.23228 0.35322
0.242444 0.518467
0.253932 0.449751
0.266573 1.44133
0.280211 0.458291
0.294708 0.400498
0.309942 0.297817
0.325811 0.896942
0.342227 0.369826
0.359114 0.514701
0.376409 0.327063
0.394058 0.276106
0.412016 0.507145
0.430244 0.298267
0.448709 0.278933
0.467383 0.552633
0.486243 0.590794
0.505266 0.724261
0.524436 0.654602
0.543737 0.630886
0.563155 0.987129
0.582679 0.779501
0.602298 0.607498
0.622004 0.95413
0.641788 1.09294
0.222637 2.60485
0.22362 0.61786
0.226543 0.894677
0.231334 0.861651
0.237878 0.919039
0.246036 0.389205
0.255654 0.680614
0.266573 0.292206
0.278641 0.270433
0.291715 0.399221
0.305667 0.515736
0.320381 0.274216
0.335757 0.367226
0.351709 0.337194
0.368161 0.651939
0.38505 0.521168
0.40232 0.452357
0.419925 0.414267
0.437824 0.462396
0.455982 0.358087
0.47437 0.582781
0.492962 0.456371
0.511736 0.508506
0.530672 0.768951
0.549754 0.845504
0.568967 0.766834
0.588298 0.657206
0.607736 0.882268
0.62727 1.03405
0.646894 1.06389
0.238798 0.398807
0.239714 1.99497
0.242444 0.375559
0.246926 0.546333
0.253067 0.56567
0.26075 0.491091
0.269844 0.862667
0.280211 0.512587
0.291715 0.243462
0.304228 0.287008
0.317631 0.216134
0.331815 0.266169
0.346684 0.373831
0.362155 0.332161
0.378153 0.471789
0.394614 0.326905
0.411483 0.385067
0.428712 0.385817
0.446259 0.447362
0.464087 0.562786
0.482166 0.376378
0.500468 0.764912
0.518971 0.414568
0.537652 0.767051
0.556495 0.587407
0.575482 0.77278
0.594602 0.599592
0.61384 1.02272
0.633187 0.600436
0.652632 0.857077
0.255654 0.486875
0.25651 0.558575
0.259062 0.305714
0.263261 0.321721
0.26903 1.07792
0.27627 0.989122
0.284869 0.188014
0.294708 0.411855
0.305667 0.693989
0.317631 0.267237
0.33049 0.568331
0.344144 0.260997
0.358503 0.515942
0.373484 0.306022
0.389017 0.358077
0.405037 0.322613
0.421489 0.355717
0.438324 0.305552
0.455501 0.651085
0.472981 0.429426
0.490732 0.4428
0.508727 0.626218
0.526939 0.586783
0.545348 0.515568
0.563933 0.66372
0.582679 0.657598
0.601569 0.652694
0.620592 0.693437
0.639734 1.03906
0.658986 0.729572
0.273076 0.223015
0.273878 0.548197
0.27627 0.472857
0.280211 0.260242
0.285637 0.599352
0.292466 0.273905
0.300602 0.234028
0.309942 0.268131
0.320381 0.258288
0.331815 0.301079
0.344144 0.226285
0.357277 0.295259
0.371128 0.430049
0.385619 0.27984
0.400681 0.310935
0.416253 0.410174
0.432278 0.346725
0.448709 0.571476
0.465503 0.404068
0.482621 0.748465
0.50003 0.59668
0.517701 0.734712
0.535609 0.635059
0.553729 0.831067
0.572042 0.780881
0.59053 0.866033
0.609177 0.989047
0.627969 0.935508
0.646894 0.59985
0.665939 0.78778
0.290963 0.253485
0.291715 0.225488
0.293962 0.542725
0.297669 0.260273
0.302783 0.517448
0.309234 0.388656
0.316939 0.371828
0.325811 0.315627
0.335757 0.381529
0.346684 0.297931
0.358503 0.612237
0.371128 0.292727
0.38448 0.440825
0.398486 0.230005
0.413079 0.573686
0.4282 0.637826
0.443794 0.4985
0.459814 0.437793
0.476216 0.575568
0.492962 0.401925
0.510019 0.525714
0.527355 0.679369
0.544945 0.675699
0.562765 0.866437
0.580794 0.601547
0.599012 0.684786
0.617403 0.834684
0.635952 1.20466
0.654645 1.15585
0.673471 1.25672
0.309234 0.217432
0.309942 0.348747
0.312058 0.501161
0.315552 0.411338
0.320381 0.25666
0.326484 0.189851
0.333792 0.283099
0.342227 0.320138
0.351709 0.285348
0.362155 0.513603
0.373484 0.258413
0.385619 0.266651
0.398486 0.342963
0.412016 0.485537
0.426146 0.388456
0.440819 0.490693
0.455982 0.744797
0.471588 0.499908
0.487594 0.472882
0.503962 0.784214
0.520658 0.418974
0.537652 0.511609
0.554916 0.477848
0.572425 0.596007
0.590159 0.672968
0.608096 0.974006
0.626221 1.31662
0.644516 0.889781
0.662968 0.70319
0.681564 0.925895
0.327825 0.34331
0.328493 0.703094
0.33049 0.358966
0.333792 0.204312
0.33836 0.430931
0.344144 0.370375
0.351085 0.334609
0.359114 0.375217
0.368161 0.272557
0.378153 0.44627
0.389017 0.518835
0.400681 0.413766
0.413079 0.408801
0.426146 0.380063
0.439823 0.441309
0.454054 0.466854
0.468789 0.504916
0.483982 0.424416
0.499591 0.472699
0.515579 0.342168
0.53191 0.542084
0.548556 0.614681
0.565487 0.471893
0.582679 0.714106
0.600109 0.839622
0.617758 0.974182
0.635607 1.0935
0.653639 1.09877
0.671841 1.02074
0.690198 0.620911
0.346684 0.444143
0.347316 0.245504
0.349205 0.396442
0.352332 0.271139
0.356663 0.36966
0.362155 0.280175
0.368756 0.321829
0.376409 0.416456
0.38505 0.313377
0.394614 0.22698
0.405037 0.351759
0.416253 0.317874
0.4282 0.478689
0.440819 0.401744
0.454054 0.404854
0.467852 0.60985
0.482166 0.433443
0.49695 0.486236
0.512164 0.697455
0.527771 0.614139
0.543737 0.667723
0.56003 0.466373
0.576625 0.668092
0.593494 0.647508
0.610616 1.17789
0.627969 1.12746
0.645536 1.05805
0.663299 0.988787
0.681242 1.16929
0.699352 1.38387
0.36577 0.445236
0.36637 0.241048
0.368161 0.17852
0.371128 0.32515
0.375242 0.433493
0.380466 0.314167
0.386755 0.332537
0.394058 0.392806
0.40232 0.215668
0.411483 0.497904
0.421489 0.573655
0.432278 0.226037
0.443794 0.490796
0.455982 0.427701
0.468789 0.526026
0.482166 0.560753
0.496067 0.49446
0.510448 0.450193
0.525272 0.649921
0.5405 0.377611
0.5561 0.832483
0.572042 0.874042
0.588298 0.835286
0.604842 0.766144
0.621651 0.69496
0.638705 0.72666
0.655984 1.01616
0.673471 0.94004
0.69115 1.02451
0.709008 1.07267
0.38505 0.282833
0.385619 0.213885
0.387322 0.432924
0.390143 0.364185
0.394058 0.508041
0.399036 0.363787
0.405037 0.243285
0.412016 0.255584
0.419925 0.524019
0.428712 0.428604
0.438324 0.517046
0.448709 0.368356
0.459814 0.464204
0.471588 0.594055
0.483982 0.349053
0.49695 0.663772
0.510448 0.474196
0.524436 0.614357
0.538874 0.841196
0.553729 0.802532
0.568967 0.813875
0.584558 0.798518
0.600474 0.925764
0.616692 0.720144
0.633187 1.0695
0.649938 0.720385
0.666926 1.08682
0.684133 1.24782
0.701544 1.18445
0.719143 0.970085
0.404495 0.4512
0.405037 0.348989
0.406658 0.378208
0.409346 0.279802
0.413079 0.344414
0.417831 0.347058
0.423565 0.335113
0.430244 0.599529
0.437824 0.544675
0.446259 0.743234
0.455501 0.766821
0.465503 0.498872
0.476216 0.545328
0.487594 0.402358
0.499591 0.665473
0.512164 0.5318
0.525272 0.70307
0.538874 0.75892
0.552936 0.849885
0.567423 0.863838
0.582302 0.949953
0.597545 0.668134
0.613125 0.7983
0.629016 0.6505
0.645196 0.596518
0.661643 0.95859
0.678338 0.813551
0.695263 1.06011
0.712402 0.794405
0.72974 1.08603
0.424083 0.397666
0.4246 0.443823
0.426146 0.505643
0.428712 0.428562
0.432278 0.510779
0.436821 0.416351
0.442309 0.313396
0.448709 0.55622
0.455982 0.690907
0.464087 0.503827
0.472981 0.554223
0.482621 0.434889
0.492962 0.704285
0.503962 0.6432
0.515579 0.615942
0.527771 0.52221
0.5405 0.842912
0.553729 0.662271
0.567423 0.683896
0.581548 0.682048
0.596075 1.03438
0.610975 0.823877
0.626221 0.860702
0.641788 1.04216
0.657653 0.905355
0.673797 1.09891
0.690198 1.06537
0.706839 1.12132
0.723704 1.20064
0.740777 1.20359
0.443794 0.516648
0.444288 0.576675
0.445767 0.803464
0.44822 0.297099
0.451632 0.659396
0.455982 0.419641
0.461243 0.466184
0.467383 0.429204
0.47437 0.619357
0.482166 0.448517
0.490732 0.535715
0.50003 0.464461
0.510019 0.809756
0.520658 0.42518
0.53191 0.75855
0.543737 0.414375
0.5561 0.794878
0.568967 0.783795
0.582302 0.693763
0.596075 1.17222
0.610257 0.947519
0.624818 1.12385
0.639734 0.945054
0.65498 1.21646
0.670534 1.22673
0.686374 1.13244
0.702481 0.935663
0.718838 1.11531
0.735428 0.558668
0.752235 0.924871
0.463614 0.6608
0.464087 0.595736
0.465503 0.912338
0.467852 0.497496
0.471123 0.600857
0.475294 0.483956
0.480343 0.528822
0.486243 0.524817
0.492962 0.311156
0.500468 0.847219
0.508727 0.62096
0.517701 0.534797
0.527355 0.641123
0.537652 0.888593
0.548556 0.638322
0.56003 0.716138
0.572042 0.621949
0.584558 0.883806
0.597545 0.675169
0.610975 0.946543
0.624818 0.951285
0.639048 0.802587
0.653639 1.13007
0.668568 0.748852
0.683813 0.910222
0.699352 0.880605
0.715168 1.01328
0.731241 1.06343
0.747555 1.27847
0.764095 0.960555
0.483529 0.406053
0.483982 0.525925
0.48534 0.640535
0.487594 0.377503
0.490732 0.669316
0.494739 0.455692
0.499591 0.6215
0.505266 0.534358
0.511736 0.560296
0.518971 0.778474
0.526939 0.566925
0.535609 0.587064
0.544945 1.00094
0.554916 0.768961
0.565487 0.886734
0.576625 1.03806
0.588298 0.642275
0.600474 0.70088
0.613125 0.944813
0.626221 0.95563
0.639734 0.803435
0.653639 1.23481
0.667912 0.979878
0.682529 1.2394
0.697468 0.669633
0.71271 0.823086
0.728235 1.06825
0.744026 0.77659
0.760066 1.29535
0.77634 0.784048
0.503527 0.739312
0.503962 0.811184
0.505266 0.594533
0.507432 0.507129
0.510448 0.404532
0.514301 0.699496
0.518971 0.617055
0.524436 0.642545
0.530672 0.557349
0.537652 0.658066
0.545348 0.935933
0.553729 0.601553
0.562765 0.800888
0.572425 0.555852
0.582679 0.70247
0.593494 0.755231
0.604842 0.821602
0.616692 0.821781
0.629016 0.937123
0.641788 0.928816
0.65498 0.856783
0.668568 1.16392
0.682529 0.762538
0.696839 1.17899
0.711478 1.22477
0.726426 1.25967
0.741664 1.12932
0.757175 1.38643
0.772942 0.989892
0.788951 1.24599
0.523599 0.578667
0.524017 0.732291
0.525272 0.75727
0.527355 0.602472
0.530258 0.698841
0.533968 0.833256
0.538467 0.535848
0.543737 0.594035
0.549754 0.418271
0.556495 0.863603
0.563933 0.775238
0.572042 0.694986
0.580794 0.784896
0.590159 0.707306
0.600109 0.734845
0.610616 0.723333
0.621651 0.429482
0.633187 1.0978
0.645196 0.63656
0.657653 1.38104
0.670534 1.13198
0.683813 1.04354
0.697468 1.36018
0.711478 1.12534
0.725822 1.40766
0.74048 1.04157
0.755435 0.878451
0.770669 1.13969
0.786166 1.16561
0.80191 1.26311
0.543737 0.787335
0.54414 0.603855
0.545348 0.62444
0.547355 0.603012
0.550153 0.992925
0.553729 0.916963
0.558069 0.610749
0.563155 0.838044
0.568967 0.552448
0.575482 0.837814
0.582679 0.800331
0.59053 0.763779
0.599012 0.972119
0.608096 0.905109
0.617758 0.978695
0.627969 0.838357
0.638705 1.24237
0.649938 0.875872
0.661643 0.632397
0.673797 0.844559
0.686374 1.04718
0.699352 0.840303
0.71271 0.689131
0.726426 0.893776
0.74048 0.745062
0.754854 1.11651
0.76953 0.948333
0.78449 0.960906
0.799719 1.16277
0.815201 0.811253
0.563933 0.887123
0.564322 0.768801
0.565487 0.692601
0.567423 0.970261
0.570122 0.911532
0.573574 0.771313
0.577765 0.926466
0.582679 0.864519
0.588298 1.13363
0.594602 0.905258
0.601569 0.94191
0.609177 0.8218
0.617403 1.28398
0.626221 0.978838
0.635607 0.535772
0.645536 0.715276
0.655984 1.06008
0.666926 0.85709
0.678338 0.76327
0.690198 0.73364
0.702481 1.2459
0.715168 1.16084
0.728235 1.26643
0.741664 1.13373
0.755435 1.08195
0.76953 1.00869
0.783931 1.08286
0.798621 1.24807
0.813586 0.772979
0.828809 1.32442
0.584182 0.712699
0.584558 0.8761
0.585682 0.852885
0.587552 0.754446
0.590159 0.686819
0.593494 0.659896
0.597545 0.97575
0.602298 0.90069
0.607736 1.07519
0.61384 0.623706
0.620592 0.660888
0.627969 0.655106
0.635952 1.10633
0.644516 0.854135
0.653639 0.729769
0.663299 0.843339
0.673471 1.3546
0.684133 1.04434
0.695263 0.656269
0.706839 0.934717
0.718838 1.13409
0.731241 0.888203
0.744026 0.897116
0.757175 1.01122
0.770669 0.906572
0.78449 1.09576
0.798621 0.896895
0.813046 1.10242
0.82775 0.983166
0.842718 1.30043
0.604479 0.721258
0.604842 0.820773
0.605928 0.991204
0.607736 0.839249
0.610257 0.951665
0.613483 0.696946
0.617403 0.777783
0.622004 0.829946
0.62727 0.561899
0.633187 0.842951
0.639734 1.02552
0.646894 0.849145
0.654645 0.751263
0.662968 0.949358
0.671841 1.19774
0.681242 1.10975
0.69115 1.00501
0.701544 1.19146
0.712402 0.993951
0.723704 0.845546
0.735428 1.11347
0.747555 1.23468
0.760066 0.993504
0.772942 1.18849
0.786166 0.820181
0.799719 1.02152
0.813586 1.0519
0.82775 1.01317
0.842197 1.16848
0.856912 1.32412
0.624818 0.835984
0.625169 0.561411
0.626221 0.735078
0.627969 0.908573
0.630409 0.931585
0.633533 0.899678
0.63733 0.846228
0.641788 0.928988
0.646894 0.919455
0.652632 1.09656
0.658986 0.943624
0.665939 0.777899
0.673471 1.0347
0.681564 1.46405
0.690198 1.34375
0.699352 1.13389
0.709008 0.938276
0.719143 1.26099
0.72974 1.08447
0.740777 1.13122
0.752235 0.938897
0.764095 0.803038
0.77634 0.679886
0.788951 1.11573
0.80191 1.13175
0.815201 1.10481
0.828809 1.26896
0.842718 1.29015
0.856912 1.18695
0.871379 1.4053
0.167552 2.80434
0.168856 1.36284
0.172708 1.36485
0.178945 2.6864
0.187328 0.534409
0.197585 1.05635
0.20944 0.418898
0.222637 0.343745
0.236954 0.501804
0.252199 0.318526
0.268213 0.57672
0.284869 0.284028
0.302058 0.422255
0.319696 0.245941
0.337711 0.234226
0.356047 0.234671
0.374657 0.293241
0.393501 0.531952
0.412548 0.368597
0.431771 0.446503
0.451147 0.625848
0.470657 0.957534
0.490285 0.617489
0.510019 0.732059
0.529845 0.861494
0.549754 0.486017
0.569737 0.882572
0.589787 0.779338
0.609897 0.948569
0.630061 0.611556
0.168856 0.606135
0.170149 0.953857
0.173974 4.29882
0.180167 3.89904
0.188496 0.980545
0.198692 0.802306
0.210484 1.4095
0.22362 0.383954
0.237878 0.795699
0.253067 0.515257
0.26903 0.394292
0.285637 0.350593
0.302783 0.222475
0.320381 0.392896
0.33836 0.605945
0.356663 0.364307
0.375242 0.446755
0.394058 0.369107
0.413079 0.400383
0.432278 0.48322
0.451632 0.423438
0.471123 0.494118
0.490732 0.64819
0.510448 0.445284
0.530258 0.789209
0.550153 0.819959
0.570122 0.526325
0.590159 0.787377
0.610257 1.33736
0.630409 1.13739
0.172708 2.62289
0.173974 3.24596
0.177715 1.03659
0.183782 1.9111
0.191954 0.501217
0.201976 0.372783
0.213587 0.770447
0.226543 0.353442
0.240628 0.210665
0.255654 0.549203
0.271465 0.215272
0.287932 0.432645
0.304949 0.269277
0.322428 0.241114
0.340299 0.412027
0.358503 0.365137
0.376991 0.247489
0.395724 0.258385
0.414669 0.344221
0.433798 0.333726
0.453087 0.721634
0.472517 0.49143
0.492071 0.688316
0.511736 0.477939
0.531498 0.429889
0.551347 1.23525
0.571275 0.590809
0.591273 0.541558
0.611334 0.661515
0.631452 1.34237
0.178945 5.90784
0.180167 1.74793
0.183782 0.401678
0.189656 1.9912
0.197585 1.02888
0.207335 1.52167
0.218661 0.868425
0.231334 0.313293
0.245143 0.675018
0.259908 0.41527
0.275475 1.15434
0.291715 0.29281
0.308524 0.532936
0.325811 0.249344
0.343506 0.461118
0.361549 0.41662
0.379889 0.280775
0.398486 0.383857
0.417305 0.370767
0.436318 0.347325
0.455501 0.566191
0.474832 0.474913
0.494295 0.536616
0.513874 0.584541
0.533557 0.608774
0.553333 0.598456
0.573191 0.829466
0.593124 0.64801
0.613125 0.942096
0.633187 0.743131
0.187328 2.40073
0.188496 2.5315
0.191954 2.64988
0.197585 0.72861
0.205208 0.372753
0.214612 1.95633
0.225573 0.50061
0.237878 2.04085
0.251327 0.267938
0.265749 0.506551
0.280993 0.520868
0.296932 0.545102
0.31346 0.304013
0.33049 0.358207
0.347947 0.775139
0.36577 0.396547
0.383909 0.308321
0.40232 0.373154
0.420968 0.566823
0.439823 0.572256
0.458859 0.36554
0.478055 0.565358
0.497391 0.703101
0.516853 0.696012
0.536427 0.731314
0.5561 0.588845
0.575863 0.908933
0.595707 0.72453
0.615624 0.922365
0.635607 0.871404
0.197585 0.69467
0.198692 0.451303
0.201976 3.13264
0.207335 0.426547
0.214612 1.19808
0.22362 0.421094
0.23416 0.57307
0.246036 0.753955
0.259062 0.397788
0.273076 0.317019
0.287932 0.371715
0.303507 0.444525
0.319696 0.32262
0.33641 0.352157
0.353575 0.265084
0.371128 0.183438
0.389017 0.306687
0.407197 0.336786
0.425631 0.354275
0.444288 0.342266
0.463141 0.555639
0.482166 0.561507
0.501344 0.561144
0.520658 0.561846
0.540094 0.922435
0.559639 0.641021
0.579281 0.846153
0.599012 1.0003
0.618822 0.513737
0.638705 0.964082
0.20944 0.580385
0.210484 1.55755
0.213587 0.383417
0.218661 0.281208
0.225573 0.885505
0.23416 1.42388
0.244246 0.373889
0.255654 0.784064
0.268213 0.904288
0.281772 0.499841
0.296192 0.36529
0.311354 0.369048
0.327155 0.300448
0.343506 0.347665
0.360333 0.322892
0.377572 0.22347
0.39517 0.350366
0.413079 0.243581
0.431262 0.57977
0.449686 0.450079
0.468321 0.553654
0.487144 0.56077
0.506133 0.479794
0.525272 0.6365
0.544543 0.505819
0.563933 0.863249
0.583431 0.773341
0.603026 1.09008
0.622708 0.887025
0.642471 0.74376
0.222637 0.248325
0.22362 0.768239
0.226543 0.399805
0.231334 0.537848
0.237878 0.79792
0.246036 1.26401
0.255654 0.405784
0.266573 0.242769
0.278641 1.05252
0.291715 0.276087
0.305667 0.36238
0.320381 0.477023
0.335757 0.308076
0.351709 0.505904
0.368161 0.341328
0.38505 0.315604
0.40232 0.608096
0.419925 0.354465
0.437824 0.477595
0.455982 0.335107
0.47437 0.412565
0.492962 0.562275
0.511736 0.679047
0.530672 0.580545
0.549754 0.57959
0.568967 0.451879
0.588298 0.739353
0.607736 0.979158
0.62727 1.02018
0.646894 0.901002
0.236954 0.755981
0.237878 0.248976
0.240628 0.354723
0.245143 0.439052
0.251327 1.0643
0.259062 0.596101
0.268213 0.704097
0.278641 0.522544
0.290208 0.261098
0.302783 0.420939
0.316247 0.267513
0.33049 0.440807
0.345416 0.278501
0.360942 0.306185
0.376991 0.277338
0.393501 0.483054
0.410416 0.245501
0.427688 0.512805
0.445275 0.431358
0.463141 0.41318
0.481255 0.50008
0.499591 0.522485
0.518125 0.45515
0.536836 0.743865
0.555706 0.684064
0.57472 0.718913
0.593864 0.837619
0.613125 0.891043
0.632493 0.61321
0.651959 0.868144
0.252199 0.609158
0.253067 1.01082
0.255654 0.823599
0.259908 0.283044
0.265749 0.422335
0.273076 0.297742
0.281772 0.364614
0.291715 0.228597
0.302783 0.295946
0.314857 0.462163
0.327825 0.290112
0.341586 0.282265
0.356047 0.305228
0.371128 0.303829
0.386755 0.386085
0.402865 0.327922
0.419402 0.660101
0.436318 0.532124
0.453571 0.438099
0.471123 0.594103
0.488941 0.613164
0.506999 0.553337
0.525272 0.692507
0.543737 0.661332
0.562375 0.742742
0.581171 0.683341
0.600109 0.873813
0.619176 0.789461
0.638361 0.94447
0.657653 0.756959
0.268213 0.761043
0.26903 0.375814
0.271465 0.619473
0.275475 0.422906
0.280993 0.484687
0.287932 0.501916
0.296192 0.494337
0.305667 0.36479
0.316247 0.380302
0.327825 0.279924
0.340299 0.194547
0.353575 0.244809
0.367565 0.42983
0.382191 0.528794
0.397384 0.388387
0.413079 0.342115
0.429223 0.362894
0.445767 0.4397
0.462667 0.30436
0.479886 0.548012
0.497391 0.314612
0.515153 0.457232
0.533146 0.687496
0.551347 0.871178
0.569737 0.801725
0.588298 0.773019
0.607013 0.79041
0.62587 0.992832
0.644856 1.11834
0.66396 0.685437
0.284869 0.274011
0.285637 0.420268
0.287932 0.4241
0.291715 0.360372
0.296932 0.439929
0.303507 0.811787
0.311354 0.234705
0.320381 0.307478
0.33049 0.425121
0.341586 0.439401
0.353575 0.316146
0.36637 0.32301
0.379889 0.469447
0.394058 0.393686
0.40881 0.393921
0.424083 0.434831
0.439823 0.536593
0.455982 0.482822
0.472517 0.419435
0.48939 0.58878
0.506567 0.812622
0.524017 0.809562
0.541716 0.462005
0.559639 0.827478
0.577765 0.809537
0.596075 0.797032
0.614554 1.03659
0.633187 0.779776
0.651959 0.595377
0.670861 0.781423
0.302058 0.227394
0.302783 0.291644
0.304949 0.292571
0.308524 0.265554
0.31346 0.487259
0.319696 0.227288
0.327155 0.245863
0.335757 0.318336
0.345416 0.437817
0.356047 0.556194
0.367565 0.632145
0.379889 0.387578
0.392943 0.301427
0.406658 0.25547
0.420968 0.53952
0.435815 0.43504
0.451147 0.494241
0.466914 0.640544
0.483075 0.387417
0.499591 0.541758
0.516429 0.525991
0.533557 0.489991
0.550949 1.09437
0.568581 0.71826
0.586431 0.845178
0.604479 1.09678
0.622708 0.805241
0.641104 0.693503
0.659651 0.89988
0.678338 0.916819
0.319696 0.278623
0.320381 0.372363
0.322428 0.37948
0.325811 0.180674
0.33049 0.381243
0.33641 0.35297
0.343506 0.205008
0.351709 0.257187
0.360942 0.193937
0.371128 0.356344
0.382191 0.322357
0.394058 0.386417
0.406658 0.533075
0.419925 0.489188
0.433798 0.276756
0.44822 0.367889
0.463141 0.319212
0.478513 0.489062
0.494295 0.684553
0.510448 0.78427
0.526939 0.473782
0.543737 0.540151
0.560813 0.538868
0.578144 1.02941
0.595707 0.677852
0.613483 0.709424
0.631452 0.73928
0.6496 0.831559
0.667912 0.939854
0.686374 1.0893
0.337711 0.24783
0.33836 0.306609
0.340299 0.368679
0.343506 0.539237
0.347947 0.338254
0.353575 0.389451
0.360333 0.347886
0.368161 0.374128
0.376991 0.439599
0.386755 0.374985
0.397384 0.376074
0.40881 0.360939
0.420968 0.307998
0.433798 0.634648
0.44724 0.383474
0.461243 0.382322
0.475755 0.618351
0.490732 0.593623
0.506133 0.516331
0.521921 0.764739
0.53806 0.616074
0.554521 0.748015
0.571275 0.725766
0.588298 0.626334
0.605566 0.852746
0.623061 0.965596
0.640762 0.996628
0.658653 0.824765
0.67672 1.60125
0.694948 1.13881
0.356047 0.65795
0.356663 0.743531
0.358503 0.237486
0.361549 0.231798
0.36577 0.304496
0.371128 0.210143
0.377572 0.284627
0.38505 0.364472
0.393501 0.44899
0.402865 0.289249
0.413079 0.252127
0.424083 0.384116
0.435815 0.492068
0.44822 0.4838
0.461243 0.60984
0.474832 0.36913
0.488941 0.340929
0.503527 0.598831
0.518548 0.715624
0.533968 0.748958
0.549754 0.52758
0.565874 1.04614
0.582302 0.804727
0.599012 1.21233
0.61598 0.98836
0.633187 0.666353
0.650612 0.964559
0.66824 0.999838
0.686054 0.740034
0.704041 0.87121
0.374657 0.318944
0.375242 0.242351
0.376991 0.215392
0.379889 0.55145
0.383909 0.403605
0.389017 0.617657
0.39517 0.400312
0.40232 0.299192
0.410416 0.318977
0.419402 0.586188
0.429223 0.354839
0.439823 0.346507
0.451147 0.388335
0.463141 0.633114
0.475755 0.488146
0.488941 0.37665
0.502655 0.940143
0.516853 0.645338
0.531498 0.667696
0.546553 0.872981
0.561985 0.805389
0.577765 1.01284
0.593864 1.26867
0.610257 0.843175
0.626921 0.844192
0.643835 0.503311
0.66098 0.952338
0.678338 1.15519
0.695894 0.95645
0.713633 1.24993
0.393501 0.24933
0.394058 0.45377
0.395724 0.341663
0.398486 0.538724
0.40232 0.288321
0.407197 0.465182
0.413079 0.298111
0.419925 0.416814
0.427688 0.53407
0.436318 0.345649
0.445767 0.598374
0.455982 0.381349
0.466914 0.553066
0.478513 0.447366
0.490732 0.564744
0.503527 0.431474
0.516853 0.916446
0.530672 0.842722
0.544945 0.894721
0.559639 0.874774
0.57472 0.593689
0.590159 1.06423
0.605928 1.23037
0.622004 1.07278
0.638361 0.839944
0.65498 1.30549
0.671841 1.07389
0.688925 0.748239
0.706218 1.27032
0.723704 1.16562
0.412548 0.317753
0.413079 0.373817
0.414669 0.398007
0.417305 0.266701
0.420968 0.489333
0.425631 0.37842
0.431262 0.35932
0.437824 0.534611
0.445275 0.538519
0.453571 0.592955
0.462667 0.621476
0.472517 0.403457
0.483075 0.469076
0.494295 0.641389
0.506133 0.734582
0.518548 0.709691
0.531498 0.653152
0.544945 0.709589
0.558854 0.827386
0.573191 0.485252
0.587925 0.749443
0.603026 0.831183
0.618467 0.779068
0.634225 0.707664
0.650275 1.14918
0.666597 1.24005
0.683171 0.734317
0.699979 0.692641
0.717005 1.08672
0.734234 0.97029
0.431771 0.318994
0.432278 0.28299
0.433798 0.619732
0.436318 0.503832
0.439823 0.474243
0.444288 0.577821
0.449686 0.362362
0.455982 0.36413
0.463141 0.422716
0.471123 0.352298
0.479886 0.638482
0.48939 0.986792
0.499591 0.557192
0.510448 0.506995
0.521921 0.552698
0.533968 0.819424
0.546553 0.793298
0.559639 0.721742
0.573191 0.652046
0.587178 0.815773
0.601569 0.529867
0.616336 0.854841
0.631452 1.25238
0.646894 1.00714
0.662637 1.01603
0.678662 0.923166
0.694948 1.14893
0.711478 1.10573
0.728235 1.22622
0.745204 0.929713
0.451147 0.459111
0.451632 0.317809
0.453087 0.449582
0.455501 0.452046
0.458859 0.529922
0.463141 0.452415
0.468321 0.459662
0.47437 0.611052
0.481255 0.457938
0.488941 0.353629
0.497391 0.688472
0.506567 0.59441
0.516429 0.839687
0.526939 0.791715
0.53806 0.62096
0.549754 0.7698
0.561985 0.859655
0.57472 0.634475
0.587925 0.928419
0.601569 1.05259
0.615624 0.894519
0.630061 0.790766
0.644856 1.07063
0.659984 1.09613
0.675422 1.1506
0.69115 1.27475
0.707149 1.41931
0.723401 1.06063
0.739888 1.26856
0.756596 1.04243
0.470657 0.7738
0.471123 0.519648
0.472517 0.514483
0.474832 0.38733
0.478055 0.442052
0.482166 0.563019
0.487144 0.638123
0.492962 0.434795
0.499591 0.589387
0.506999 0.490794
0.515153 0.494026
0.524017 0.470366
0.533557 0.650763
0.543737 0.493327
0.554521 0.855393
0.565874 0.646981
0.577765 0.881831
0.590159 1.07072
0.603026 0.790869
0.616336 1.1494
0.630061 1.19206
0.644175 0.824533
0.658653 0.967736
0.673471 1.15622
0.688607 0.555594
0.704041 1.23497
0.719753 0.933955
0.735726 0.844808
0.751943 1.20976
0.768389 0.532591
0.490285 0.683948
0.490732 0.496434
0.492071 0.646663
0.494295 0.68413
0.497391 0.650536
0.501344 0.574871
0.506133 0.544017
0.511736 0.641946
0.518125 0.51799
0.525272 0.625915
0.533146 0.626329
0.541716 0.530744
0.550949 0.363662
0.560813 0.529775
0.571275 0.46984
0.582302 0.592808
0.593864 0.872594
0.605928 0.722066
0.618467 0.747485
0.631452 1.21654
0.644856 0.715571
0.658653 0.948607
0.672819 0.796817
0.687332 1.49004
0.702169 1.09472
0.717311 0.861824
0.732739 1.33982
0.748435 1.12812
0.764382 1.11644
0.780566 1.30033
0.510019 0.593084
0.510448 1.0219
0.511736 0.550806
0.513874 0.793026
0.516853 0.623015
0.520658 0.404318
0.525272 0.448422
0.530672 0.629
0.536836 0.526538
0.543737 0.482626
0.551347 0.594661
0.559639 0.746161
0.568581 0.592872
0.578144 0.771595
0.588298 0.673794
0.599012 0.654978
0.610257 0.710199
0.622004 0.881924
0.634225 0.929468
0.646894 0.744912
0.659984 1.01894
0.673471 0.758503
0.687332 1.11535
0.701544 1.18865
0.716087 1.1363
0.730941 0.926495
0.746087 0.99737
0.761508 1.19649
0.777187 1.22851
0.79311 1.21252
0.529845 0.680187
0.530258 0.595969
0.531498 0.503406
0.533557 0.6832
0.536427 0.758198
0.540094 0.644115
0.544543 0.573022
0.549754 1.05641
0.555706 0.951126
0.562375 0.637287
0.569737 0.81913
0.577765 1.03801
0.586431 0.836982
0.595707 0.710833
0.605566 0.811035
0.61598 0.745886
0.626921 0.924156
0.638361 0.993375
0.650275 0.915284
0.662637 1.06549
0.675422 0.901917
0.688607 0.992193
0.702169 0.790794
0.716087 1.01328
0.730341 0.879
0.74491 1.34804
0.759778 1.08778
0.774926 0.886754
0.790339 1.2124
0.806002 1.10417
0.549754 0.672442
0.550153 0.701673
0.551347 0.870512
0.553333 0.746633
0.5561 0.702138
0.559639 0.801801
0.563933 0.757441
0.568967 0.670362
0.57472 0.935404
0.581171 0.63059
0.588298 0.575932
0.596075 0.869646
0.604479 0.541586
0.613483 1.08535
0.623061 0.660482
0.633187 1.05967
0.643835 0.720581
0.65498 0.931418
0.666597 0.919179
0.678662 0.87516
0.69115 1.2678
0.704041 0.81585
0.717311 1.08706
0.730941 1.08407
0.74491 1.18723
0.7592 0.699257
0.773793 0.970737
0.788673 1.05698
0.803822 0.959691
0.819227 1.12275
0.569737 0.709023
0.570122 1.28569
0.571275 0.928425
0.573191 0.881796
0.575863 0.495953
0.579281 0.857228
0.583431 0.621047
0.588298 0.685825
0.593864 0.725437
0.600109 0.606183
0.607013 0.807556
0.614554 0.65304
0.622708 0.933193
0.631452 1.15518
0.640762 0.796305
0.650612 1.24635
0.66098 1.0651
0.671841 1.35479
0.683171 0.830467
0.694948 1.18634
0.707149 0.642943
0.719753 1.23278
0.732739 1.09005
0.746087 1.22764
0.759778 1.07834
0.773793 1.14978
0.788116 1.41481
0.80273 0.957527
0.817619 0.966894
0.832769 1.34778
0.589787 0.9735
0.590159 0.655626
0.591273 0.867531
0.593124 0.865933
0.595707 0.681879
0.599012 0.873832
0.603026 1.17606
0.607736 1.20895
0.613125 0.807075
0.619176 0.877604
0.62587 1.30392
0.633187 0.940639
0.641104 1.16283
0.6496 0.860036
0.658653 0.866465
0.66824 1.02432
0.678338 0.766069
0.688925 1.13935
0.699979 1.08954
0.711478 1.37826
0.723401 0.687388
0.735726 1.05243
0.748435 1.07736
0.761508 1.15513
0.774926 0.876857
0.788673 0.741932
0.80273 1.00631
0.817083 1.27089
0.831715 1.38759
0.846612 0.866389
0.609897 1.00459
0.610257 0.910838
0.611334 1.01609
0.613125 0.842911
0.615624 0.99043
0.618822 0.947005
0.622708 0.968211
0.62727 0.806262
0.632493 1.65638
0.638361 0.747268
0.644856 1.11923
0.651959 0.849687
0.659651 1.08084
0.667912 0.870067
0.67672 1.01829
0.686054 0.953254
0.695894 0.941389
0.706218 1.13199
0.717005 1.03756
0.728235 1.12081
0.739888 1.00776
0.751943 0.787982
0.764382 0.864911
0.777187 1.17414
0.790339 1.3252
0.803822 0.87123
0.817619 0.778865
0.831715 0.845194
0.846094 0.95117
0.860743 1.06769
0.630061 0.841959
0.630409 0.99987
0.631452 0.759278
0.633187 1.15753
0.635607 1.03487
0.638705 0.756202
0.642471 0.928019
0.646894 0.907875
0.651959 0.879183
0.657653 0.997834
0.66396 1.13433
0.670861 0.993335
0.678338 1.0087
0.686374 1.23473
0.694948 0.941219
0.704041 1.0379
0.713633 1.19064
0.723704 1.19863
0.734234 0.939112
0.745204 0.896904
0.756596 1.14542
0.768389 1.0134
0.780566 1.43437
0.79311 1.19489
0.806002 1.17876
0.819227 1.08181
0.832769 0.953861
0.846612 0.933428
0.860743 0.975199
0.875146 1.07649
0.188496 0.398249
0.189656 0.940779
0.193094 2.7821
0.198692 2.74098
0.206274 0.995323
0.215631 1.51034
0.226543 1.17148
0.238798 0.540281
0.252199 0.346553
0.266573 0.521355
0.281772 0.404714
0.297669 0.369787
0.314159 0.27819
0.331153 0.480778
0.348577 0.457362
0.36637 0.390686
0.38448 0.267736
0.402865 0.490905
0.421489 0.291572
0.440321 0.410653
0.459337 0.555456
0.478513 0.506456
0.497832 0.598719
0.517277 0.373967
0.536836 0.529579
0.556495 0.778059
0.576244 0.64007
0.596075 0.902009
0.61598 0.808118
0.635952 0.801325
0.189656 0.993062
0.190808 0.850761
0.194226 1.42957
0.199793 3.19844
0.207335 0.606263
0.216646 1.03715
0.22751 0.54571
0.239714 0.655598
0.253067 0.405861
0.267394 0.385775
0.282549 0.538208
0.298405 0.292036
0.314857 0.268384
0.331815 0.180061
0.349205 0.310237
0.366968 0.388243
0.38505 0.333644
0.403409 0.400936
0.422009 0.358422
0.440819 0.31541
0.459814 0.464362
0.478971 0.57431
0.498272 0.688632
0.517701 0.712204
0.537244 0.675118
0.556889 0.671266
0.576625 0.513973
0.596443 0.749879
0.616336 1.08287
0.636296 1.05636
0.193094 1.44634
0.194226 0.708513
0.197585 1.95937
0.203059 0.465368
0.210484 0.737387
0.219662 1.44974
0.230383 0.488934
0.242444 0.731069
0.255654 0.37109
0.269844 0.866824
0.284869 0.357613
0.300602 0.184683
0.316939 0.503429
0.333792 0.288726
0.351085 0.533683
0.368756 0.285117
0.386755 0.267434
0.405037 0.407307
0.423565 0.472161
0.442309 0.501077
0.461243 0.486655
0.480343 0.54875
0.499591 0.631961
0.518971 0.60904
0.538467 0.727369
0.558069 0.481509
0.577765 0.9353
0.597545 0.869305
0.617403 0.787554
0.63733 0.679429
0.198692 2.76498
0.199793 1.82119
0.203059 2.30907
0.20839 0.343939
0.215631 2.17885
0.224599 0.409576
0.235095 0.548536
0.246926 1.66827
0.259908 0.736472
0.273878 0.328577
0.288692 0.333087
0.304228 0.532832
0.320381 0.337697
0.337061 0.590319
0.354194 0.312068
0.371718 0.357655
0.38958 0.406812
0.407735 0.53025
0.426146 0.402783
0.444782 0.433563
0.463614 0.469169
0.482621 0.636611
0.501781 0.584815
0.521079 0.616294
0.5405 0.457112
0.56003 0.840092
0.57966 0.749069
0.599378 0.711229
0.619176 1.1292
0.639048 1.02099
0.206274 0.640591
0.207335 0.82216
0.210484 0.724073
0.215631 1.52263
0.222637 2.11955
0.231334 0.773821
0.241537 0.295714
0.253067 0.345182
0.265749 0.559486
0.279427 0.346947
0.293962 0.248697
0.309234 0.276965
0.325138 0.484802
0.341586 0.421737
0.358503 0.374405
0.375826 0.659825
0.393501 0.513269
0.411483 0.344688
0.429734 0.395261
0.44822 0.491145
0.466914 0.386522
0.485791 0.480501
0.504832 0.406926
0.524017 0.603712
0.543333 0.607919
0.562765 0.987266
0.582302 0.834849
0.601934 0.589507
0.621651 0.888343
0.641446 0.63828
0.215631 0.43129
0.216646 1.1084
0.219662 0.60606
0.224599 1.12924
0.231334 0.660857
0.239714 0.40027
0.249576 0.931802
0.26075 0.271914
0.273076 0.372193
0.286404 1.1379
0.300602 0.338883
0.315552 0.26065
0.331153 0.378654
0.347316 0.462458
0.363967 0.281255
0.381042 0.391173
0.398486 0.419762
0.416253 0.516952
0.434303 0.310546
0.452603 0.62136
0.471123 0.512833
0.489838 0.684672
0.508727 0.551841
0.527771 0.526774
0.546954 0.660285
0.566262 0.760367
0.585682 0.684389
0.605204 0.724965
0.624818 0.878789
0.644516 1.03268
0.226543 1.75324
0.22751 0.584297
0.230383 0.335295
0.235095 1.54925
0.241537 1.45182
0.249576 0.482453
0.259062 0.516402
0.269844 0.613864
0.281772 0.321359
0.294708 0.423959
0.308524 0.334134
0.323108 0.540189
0.33836 0.387031
0.354194 0.48316
0.370536 0.304146
0.387322 0.423856
0.404495 0.330801
0.422009 0.588044
0.439823 0.663685
0.457902 0.426261
0.476216 0.66937
0.494739 0.438326
0.513447 0.380862
0.532323 0.625497
0.551347 0.908008
0.570506 0.536468
0.589787 0.536879
0.609177 0.564684
0.628667 0.988906
0.648248 0.905518
0.238798 1.13758
0.239714 0.279596
0.242444 1.84251
0.246926 1.00061
0.253067 0.440314
0.26075 1.32363
0.269844 0.95609
0.280211 0.448129
0.291715 0.302481
0.304228 0.185521
0.317631 0.542469
0.331815 0.279207
0.346684 0.307909
0.362155 0.278196
0.378153 0.498557
0.394614 0.317507
0.411483 0.439039
0.428712 0.412449
0.446259 0.649576
0.464087 0.602833
0.482166 0.880478
0.500468 0.456832
0.518971 0.604484
0.537652 0.634608
0.556495 0.649335
0.575482 0.943858
0.594602 0.971473
0.61384 0.597559
0.633187 1.0614
0.652632 0.892536
0.252199 1.79032
0.253067 0.198674
0.255654 0.376879
0.259908 0.414352
0.265749 0.234625
0.273076 0.179247
0.281772 0.742189
0.291715 0.489279
0.302783 0.388828
0.314857 0.482264
0.327825 0.267165
0.341586 0.263332
0.356047 0.433631
0.371128 0.296919
0.386755 0.311665
0.402865 0.370935
0.419402 0.307225
0.436318 0.502692
0.453571 0.441884
0.471123 0.557821
0.488941 0.709601
0.506999 0.7822
0.525272 0.428299
0.543737 0.734948
0.562375 0.772882
0.581171 0.827824
0.600109 0.761906
0.619176 0.684489
0.638361 0.75674
0.657653 0.960111
0.266573 0.900206
0.267394 0.442304
0.269844 0.42555
0.273878 0.239154
0.279427 0.850454
0.286404 0.268456
0.294708 0.321596
0.304228 0.268427
0.314857 0.350334
0.326484 0.495832
0.339007 0.392931
0.352332 0.333212
0.36637 0.40269
0.381042 0.506494
0.396278 0.395355
0.412016 0.449761
0.4282 0.46565
0.444782 0.380514
0.461718 0.557366
0.478971 0.699257
0.496509 0.373443
0.514301 0.560165
0.532323 0.531074
0.550551 0.423164
0.568967 0.79387
0.587552 0.751512
0.60629 1.0806
0.625169 0.891063
0.644175 0.989301
0.663299 1.09087
0.281772 0.4265
0.282549 0.337153
0.284869 0.294717
0.288692 0.274455
0.293962 0.353208
0.300602 0.491048
0.308524 0.240789
0.317631 0.196944
0.327825 0.332424
0.339007 0.434891
0.351085 0.553144
0.363967 0.341208
0.377572 0.617416
0.391825 0.268923
0.406658 0.268364
0.422009 0.458923
0.437824 0.377374
0.454054 0.439419
0.470657 0.545849
0.487594 0.337173
0.504832 0.461054
0.522341 0.581718
0.540094 0.600731
0.558069 0.80665
0.576244 0.836647
0.594602 0.822271
0.613125 0.697472
0.6318 0.765181
0.650612 1.166
0.669552 1.30383
0.297669 0.236406
0.298405 0.530404
0.300602 0.334948
0.304228 0.40314
0.309234 0.370924
0.315552 0.168036
0.323108 0.415755
0.331815 0.296328
0.341586 0.276954
0.352332 0.369092
0.363967 0.289656
0.376409 0.374206
0.38958 0.338392
0.403409 0.489145
0.417831 0.407263
0.432785 0.463871
0.44822 0.467438
0.464087 0.667292
0.480343 0.60119
0.49695 0.700797
0.513874 0.451402
0.531085 0.832909
0.548556 0.950289
0.566262 0.795048
0.584182 0.705888
0.602298 0.970511
0.620592 1.00879
0.639048 0.722107
0.657653 1.17017
0.676396 0.755165
0.314159 0.347998
0.314857 0.37015
0.316939 0.228051
0.320381 0.225802
0.325138 0.352708
0.331153 0.249457
0.33836 0.398754
0.346684 0.283848
0.356047 0.363394
0.36637 0.363466
0.377572 0.368117
0.38958 0.262804
0.40232 0.606466
0.415726 0.454573
0.429734 0.592689
0.444288 0.520764
0.459337 0.344844
0.474832 0.476437
0.490732 0.464496
0.506999 0.68522
0.523599 0.677802
0.5405 0.606064
0.557676 0.644345
0.575101 0.846635
0.592755 0.628794
0.610616 0.679589
0.628667 0.900668
0.646894 0.842539
0.66528 0.816207
0.683813 1.06246
0.331153 0.587677
0.331815 0.235768
0.333792 0.31215
0.337061 0.321819
0.341586 0.345055
0.347316 0.449309
0.354194 0.486971
0.362155 0.333458
0.371128 0.37566
0.381042 0.386613
0.391825 0.522598
0.403409 0.336272
0.415726 0.392321
0.428712 0.338937
0.442309 0.436741
0.456463 0.595404
0.471123 0.37665
0.486243 0.346682
0.501781 0.57093
0.517701 0.607048
0.533968 0.678885
0.550551 0.548458
0.567423 0.64891
0.584558 0.674147
0.601934 0.78714
0.61953 0.935894
0.63733 1.24153
0.655315 1.01266
0.673471 1.08042
0.691785 0.9772
0.348577 0.326671
0.349205 0.23323
0.351085 0.241158
0.354194 0.265945
0.358503 0.339876
0.363967 0.359044
0.370536 0.315542
0.378153 0.460461
0.386755 0.395717
0.396278 0.368955
0.406658 0.342634
0.417831 0.423342
0.429734 0.316697
0.442309 0.323828
0.455501 0.459226
0.469257 0.572439
0.483529 0.512043
0.498272 0.374022
0.513447 0.712096
0.529016 0.712566
0.544945 0.657007
0.561204 0.957616
0.577765 0.737315
0.594602 0.73738
0.611692 1.03095
0.629016 1.37356
0.646554 1.20106
0.66429 1.15049
0.682207 0.955222
0.700293 0.794831
0.36637 0.572185
0.366968 0.534707
0.368756 0.461269
0.371718 0.265994
0.375826 0.401664
0.381042 0.286502
0.387322 0.613548
0.394614 0.325973
0.402865 0.457524
0.412016 0.413363
0.422009 0.310644
0.432785 0.48029
0.444288 0.729531
0.456463 0.515259
0.469257 0.453893
0.482621 0.635961
0.496509 0.643198
0.510878 0.712285
0.525689 0.707409
0.540906 0.857816
0.556495 0.690234
0.572425 0.736637
0.58867 0.926006
0.605204 0.986991
0.622004 0.943054
0.639048 0.988591
0.656318 1.20478
0.673797 1.08159
0.691468 0.926428
0.709317 1.50329
0.38448 0.321029
0.38505 0.377962
0.386755 0.321755
0.38958 0.394268
0.393501 0.448093
0.398486 0.568664
0.404495 0.448783
0.411483 0.307734
0.419402 0.35403
0.4282 0.327949
0.437824 0.43954
0.44822 0.474426
0.459337 0.372701
0.471123 0.514497
0.483529 0.575664
0.496509 0.443825
0.510019 0.544449
0.524017 0.649964
0.538467 0.635206
0.553333 0.708679
0.568581 0.851266
0.584182 1.127
0.600109 0.568922
0.616336 0.818014
0.63284 0.983471
0.6496 0.930977
0.666597 1.13978
0.683813 0.733101
0.701232 0.618411
0.718838 1.13112
0.402865 0.693087
0.403409 0.389353
0.405037 0.5542
0.407735 0.358438
0.411483 0.277197
0.416253 0.484189
0.422009 0.439371
0.428712 0.459974
0.436318 0.597967
0.444782 0.37269
0.454054 0.66792
0.464087 0.600729
0.474832 0.550444
0.486243 0.576192
0.498272 0.435058
0.510878 0.531442
0.524017 0.716214
0.537652 0.427114
0.551745 0.520442
0.566262 0.89961
0.581171 0.848236
0.596443 0.9123
0.612051 0.713198
0.627969 0.71142
0.644175 0.826058
0.660648 0.873719
0.677368 1.19809
0.694316 1.11969
0.711478 0.788217
0.728837 0.817553
0.421489 0.336723
0.422009 0.431642
0.423565 0.558784
0.426146 0.647394
0.429734 0.741609
0.434303 0.339982
0.439823 0.541004
0.446259 0.298901
0.453571 0.589453
0.461718 0.560332
0.470657 0.60335
0.480343 0.730325
0.490732 0.620847
0.501781 0.489
0.513447 0.49964
0.525689 0.740122
0.538467 0.877976
0.551745 0.701201
0.565487 0.681443
0.57966 0.976998
0.594233 0.564098
0.609177 0.962713
0.624467 0.726559
0.640077 0.650788
0.655984 1.12306
0.672167 0.829399
0.688607 0.783235
0.705286 0.986965
0.722187 0.879721
0.739295 0.919928
0.440321 0.379821
0.440819 0.509689
0.442309 0.339446
0.444782 0.50917
0.44822 0.429031
0.452603 0.430983
0.457902 0.462254
0.464087 0.491666
0.471123 0.390301
0.478971 0.545816
0.487594 0.44736
0.49695 0.447562
0.506999 0.433869
0.517701 1.06807
0.529016 0.513105
0.540906 0.751891
0.553333 0.957716
0.566262 0.868289
0.57966 0.613946
0.593494 0.712162
0.607736 0.800578
0.622356 0.663165
0.63733 1.0761
0.652632 0.846137
0.66824 1.25613
0.684133 0.88735
0.700293 1.31883
0.716699 0.734617
0.733337 1.26113
0.750191 1.02497
0.459337 0.493714
0.459814 0.520516
0.461243 0.394888
0.463614 0.661822
0.466914 0.505152
0.471123 0.461581
0.476216 0.465875
0.482166 0.427122
0.488941 0.748999
0.496509 0.543978
0.504832 0.625857
0.513874 0.553821
0.523599 0.665739
0.533968 0.7848
0.544945 0.594875
0.556495 0.747364
0.568581 0.859692
0.581171 0.922393
0.594233 0.951158
0.607736 0.699922
0.621651 0.869412
0.635952 0.672767
0.650612 0.940793
0.665609 1.1516
0.68092 0.841311
0.696524 0.928663
0.712402 1.36065
0.728536 1.12164
0.74491 1.16526
0.761508 1.31185
0.478513 0.525871
0.478971 0.527342
0.480343 0.367356
0.482621 0.419307
0.485791 0.48885
0.489838 0.564712
0.494739 0.837729
0.500468 0.741015
0.506999 0.403128
0.514301 0.849679
0.522341 0.575028
0.531085 0.49764
0.5405 1.1168
0.550551 0.626596
0.561204 1.1551
0.572425 0.96095
0.584182 0.948592
0.596443 0.965822
0.609177 0.819016
0.622356 1.08788
0.635952 0.806661
0.649938 0.731853
0.66429 1.10709
0.678985 0.736679
0.694001 0.753572
0.709317 0.949491
0.724915 1.02883
0.740777 0.841813
0.756886 1.05827
0.773226 1.24751
0.497832 0.493518
0.498272 0.499588
0.499591 0.558586
0.501781 0.399905
0.504832 0.463967
0.508727 0.523498
0.513447 0.463877
0.518971 0.798621
0.525272 0.697374
0.532323 0.732244
0.540094 0.6747
0.548556 0.613882
0.557676 1.04812
0.567423 0.659939
0.577765 0.866924
0.58867 0.586654
0.600109 0.691017
0.612051 0.913029
0.624467 0.987328
0.63733 0.924961
0.650612 1.21869
0.66429 1.20709
0.678338 1.11106
0.692735 1.41338
0.707459 1.17349
0.72249 0.74382
0.73781 0.998233
0.7534 1.05859
0.769245 1.38806
0.785328 1.00179
0.517277 0.665061
0.517701 0.878874
0.518971 0.552975
0.521079 0.837377
0.524017 0.684405
0.527771 0.484818
0.532323 0.527294
0.537652 0.590788
0.543737 0.709148
0.550551 0.892114
0.558069 0.87355
0.566262 0.638818
0.575101 0.804171
0.584558 1.00913
0.594602 0.925436
0.605204 0.66523
0.616336 0.706955
0.627969 0.7574
0.640077 0.889487
0.652632 0.996779
0.665609 0.707766
0.678985 1.03578
0.692735 0.876662
0.706839 0.899528
0.721275 0.655351
0.736024 1.04446
0.751068 0.800056
0.766388 1.01149
0.78197 1.09694
0.797797 1.04773
0.536836 0.687781
0.537244 0.595087
0.538467 0.671518
0.5405 0.540751
0.543333 0.517754
0.546954 0.889155
0.551347 0.653007
0.556495 0.694603
0.562375 0.513972
0.568967 0.914956
0.576244 0.695617
0.584182 0.635592
0.592755 0.981984
0.601934 0.652628
0.611692 0.67982
0.622004 1.28326
0.63284 0.847494
0.644175 0.677928
0.655984 0.958281
0.66824 1.09386
0.68092 1.15212
0.694001 0.779982
0.707459 0.886949
0.721275 1.08889
0.735428 0.852529
0.749899 1.29201
0.764669 0.808748
0.779723 0.761591
0.795043 1.01827
0.810615 1.13123
0.556495 0.574728
0.556889 0.804075
0.558069 0.721829
0.56003 0.989903
0.562765 0.771604
0.566262 0.63356
0.570506 0.908252
0.575482 0.764915
0.581171 0.925395
0.587552 0.893771
0.594602 1.07952
0.602298 0.985996
0.610616 0.63658
0.61953 1.20599
0.629016 0.894434
0.639048 1.21859
0.6496 0.791269
0.660648 0.755487
0.672167 0.955143
0.684133 0.739031
0.696524 1.1634
0.709317 0.931018
0.72249 1.00469
0.736024 0.963574
0.749899 0.994011
0.764095 1.07885
0.778597 1.00202
0.793386 1.08326
0.808447 1.20695
0.823766 1.31943
0.576244 1.178
0.576625 0.913694
0.577765 0.86124
0.57966 0.763676
0.582302 0.984556
0.585682 1.18778
0.589787 0.807645
0.594602 0.827328
0.600109 0.706118
0.60629 0.674665
0.613125 0.812655
0.620592 0.901363
0.628667 0.938823
0.63733 0.947545
0.646554 0.865323
0.656318 1.06846
0.666597 1.17914
0.677368 0.979591
0.688607 0.899602
0.700293 0.905877
0.712402 0.97
0.724915 1.34036
0.73781 1.11937
0.751068 1.38556
0.764669 0.994468
0.778597 1.11949
0.792833 1.05549
0.807361 0.986209
0.822167 1.09155
0.837234 1.42109
0.596075 0.78858
0.596443 0.86875
0.597545 1.22251
0.599378 0.76497
0.601934 0.762298
0.605204 0.507406
0.609177 1.06536
0.61384 0.808193
0.619176 0.855949
0.625169 0.752828
0.6318 0.891246
0.639048 1.16952
0.646894 0.877037
0.655315 0.690132
0.66429 1.04821
0.673797 0.84277
0.683813 0.882775
0.694316 0.734734
0.705286 0.702466
0.716699 1.15134
0.728536 1.06528
0.740777 1.20573
0.7534 1.02153
0.766388 1.2944
0.779723 0.823322
0.793386 0.883381
0.807361 0.827855
0.821633 0.68894
0.836186 1.17948
0.851005 1.13672
0.61598 0.945353
0.616336 0.583104
0.617403 0.726533
0.619176 0.928713
0.621651 0.825999
0.624818 0.731618
0.628667 1.07505
0.633187 0.94958
0.638361 0.995587
0.644175 1.12088
0.650612 0.8582
0.657653 1.17347
0.66528 0.919866
0.673471 0.967966
0.682207 0.973363
0.691468 1.07985
0.701232 1.03762
0.711478 1.15724
0.722187 1.06333
0.733337 0.975361
0.74491 0.778784
0.756886 0.777585
0.769245 1.16279
0.78197 1.23517
0.795043 1.12105
0.808447 1.24728
0.822167 0.964262
0.836186 1.26183
0.850489 1.10453
0.865064 0.890624
0.635952 0.805143
0.636296 0.870273
0.63733 1.35363
0.639048 0.995507
0.641446 0.767304
0.644516 0.925573
0.648248 0.904513
0.652632 1.34436
0.657653 0.975048
0.663299 0.998011
0.669552 1.06473
0.676396 0.955464
0.683813 1.1381
0.691785 0.649077
0.700293 0.966163
0.709317 1.1517
0.718838 1.00843
0.728837 1.03825
0.739295 0.977363
0.750191 1.02629
0.761508 1.69198
0.773226 1.38657
0.785328 1.50787
0.797797 0.806986
0.810615 1.11267
0.823766 1.13248
0.837234 1.0981
0.851005 0.946317
0.865064 0.757731
0.879397 1.05766
0.20944 0.687079
0.210484 1.68051
0.213587 0.83905
0.218661 1.56025
0.225573 0.752358
0.23416 1.12534
0.244246 0.579113
0.255654 0.428335
0.268213 0.243696
0.281772 0.25048
0.296192 0.334808
0.311354 0.348813
0.327155 0.206552
0.343506 0.368778
0.360333 0.398678
0.377572 0.297852
0.39517 0.357697
0.413079 0.500282
0.431262 0.360856
0.449686 0.580691
0.468321 0.478586
0.487144 0.551333
0.506133 0.488116
0.525272 0.595702
0.544543 0.694325
0.563933 0.879197
0.583431 1.10484
0.603026 0.793757
0.622708 0.839555
0.642471 0.778088
0.210484 1.01922
0.211524 0.84604
0.214612 0.319114
0.219662 1.09058
0.226543 1.91739
0.235095 0.851902
0.245143 0.783448
0.25651 0.331647
0.26903 1.03217
0.282549 0.13056
0.296932 0.342984
0.312058 0.231044
0.327825 0.726799
0.344144 0.217345
0.360942 0.215654
0.378153 0.331413
0.395724 0.263642
0.41361 0.468643
0.431771 0.42855
0.450173 0.476094
0.468789 0.636083
0.487594 0.529181
0.506567 0.571379
0.525689 0.720435
0.544945 0.580313
0.564322 0.713894
0.583807 0.762233
0.603389 0.836868
0.623061 1.0581
0.642812 1.39407
0.213587 0.36127
0.214612 1.27039
0.217656 1.51236
0.222637 0.346014
0.229429 0.298569
0.237878 0.777716
0.247812 1.40281
0.259062 0.689891
0.271465 0.394474
0.284869 0.230732
0.299139 0.228921
0.314159 0.366415
0.329826 0.203856
0.346051 0.289592
0.36276 0.403448
0.379889 0.315613
0.397384 0.313502
0.415198 0.312388
0.433292 0.411683
0.451632 0.338132
0.470191 0.35757
0.488941 0.482536
0.507864 0.522266
0.526939 0.593428
0.546151 0.911708
0.565487 0.778866
0.584933 0.820849
0.604479 0.727894
0.624116 0.652418
0.643835 0.971115
0.218661 0.336055
0.219662 0.726769
0.222637 0.325162
0.22751 0.597197
0.23416 0.208353
0.242444 0.527544
0.252199 0.501699
0.263261 0.750522
0.275475 0.564351
0.288692 0.223857
0.302783 0.278764
0.317631 0.273887
0.333134 0.410551
0.349205 0.301909
0.36577 0.758407
0.382765 0.478423
0.400134 0.322494
0.417831 0.315321
0.435815 0.577934
0.454054 0.38329
0.472517 0.62381
0.491179 0.607741
0.510019 0.460852
0.529016 0.640228
0.548156 0.750488
0.567423 0.752084
0.586805 0.951436
0.60629 1.1886
0.62587 1.18236
0.645536 1.01074
0.225573 0.589974
0.226543 1.32984
0.229429 1.18196
0.23416 0.551978
0.240628 0.311657
0.248696 0.325877
0.258214 0.358576
0.26903 0.233138
0.280993 0.207544
0.293962 0.496644
0.307812 0.331675
0.322428 0.395975
0.337711 0.390005
0.353575 0.32007
0.369944 0.266399
0.386755 0.340547
0.403952 0.35666
0.421489 0.369271
0.439324 0.28768
0.457423 0.489405
0.475755 0.589303
0.494295 0.498475
0.51302 0.569732
0.53191 0.610452
0.550949 0.562949
0.570122 0.656912
0.589415 0.533287
0.608817 0.761066
0.628319 0.741599
0.64791 0.914451
0.23416 1.35499
0.235095 0.384887
0.237878 0.520754
0.242444 0.422984
0.248696 0.769377
0.25651 0.591555
0.265749 0.376482
0.27627 0.540489
0.287932 0.281016
0.300602 0.469581
0.314159 0.319623
0.328493 0.263271
0.343506 0.473266
0.359114 0.21462
0.375242 0.322793
0.391825 0.243312
0.40881 0.323147
0.426146 0.338658
0.443794 0.441645
0.461718 0.382832
0.479886 0.49973
0.498272 0.599722
0.516853 0.490492
0.535609 0.676641
0.554521 0.765017
0.573574 1.21845
0.592755 0.765247
0.612051 0.559468
0.631452 1.2159
0.650949 0.833511
0.244246 0.719645
0.245143 0.453163
0.247812 1.36443
0.252199 0.389646
0.258214 0.277828
0.265749 0.396776
0.274677 0.513351
0.284869 0.377705
0.296192 0.276831
0.308524 0.421167
0.321747 0.245473
0.335757 0.381691
0.350459 0.380875
0.36577 0.352711
0.381617 0.245927
0.397935 0.445809
0.414669 0.346745
0.431771 0.537215
0.449198 0.606955
0.466914 0.536172
0.484888 0.588916
0.503091 0.593864
0.5215 0.56471
0.540094 0.781874
0.558854 0.929923
0.577765 0.730314
0.596811 0.850033
0.61598 0.964511
0.635261 0.623842
0.654645 1.36928
0.255654 0.658765
0.25651 0.417923
0.259062 0.285132
0.263261 0.927936
0.26903 0.259974
0.27627 0.653845
0.284869 0.34814
0.294708 0.228922
0.305667 0.327923
0.317631 0.366212
0.33049 0.308934
0.344144 0.381388
0.358503 0.275505
0.373484 0.363058
0.389017 0.39095
0.405037 0.559916
0.421489 0.469289
0.438324 0.308765
0.455501 0.365163
0.472981 0.579745
0.490732 0.583929
0.508727 0.615426
0.526939 0.806029
0.545348 0.684433
0.563933 0.675581
0.582679 0.497187
0.601569 0.93168
0.620592 0.906465
0.639734 0.887874
0.658986 1.2655
0.268213 0.5008
0.26903 0.343774
0.271465 0.692923
0.275475 0.191858
0.280993 0.319623
0.287932 0.237299
0.296192 0.499281
0.305667 0.518377
0.316247 0.233801
0.327825 0.411055
0.340299 0.310151
0.353575 0.24525
0.367565 0.464134
0.382191 0.380261
0.397384 0.478117
0.413079 0.565274
0.429223 0.441041
0.445767 0.375457
0.462667 0.480391
0.479886 0.858165
0.497391 0.428073
0.515153 0.72089
0.533146 0.751185
0.551347 0.756352
0.569737 0.950538
0.588298 0.785546
0.607013 1.00228
0.62587 0.718643
0.644856 0.991139
0.66396 0.947029
0.281772 0.276634
0.282549 0.407598
0.284869 0.686782
0.288692 0.21364
0.293962 0.438755
0.300602 0.245147
0.308524 0.303431
0.317631 0.182927
0.327825 0.556368
0.339007 0.36881
0.351085 0.3823
0.363967 0.40317
0.377572 0.359798
0.391825 0.366076
0.406658 0.220806
0.422009 0.301049
0.437824 0.643845
0.454054 0.643996
0.470657 0.404663
0.487594 0.529505
0.504832 0.766363
0.522341 0.456428
0.540094 0.545982
0.558069 0.741993
0.576244 0.90866
0.594602 0.776559
0.613125 1.0858
0.6318 0.728437
0.650612 0.853163
0.669552 0.942216
0.296192 0.362945
0.296932 0.605894
0.299139 0.292313
0.302783 0.483434
0.307812 0.297988
0.314159 0.199002
0.321747 0.252093
0.33049 0.35825
0.340299 0.256882
0.351085 0.232564
0.36276 0.367708
0.375242 0.486235
0.388452 0.287705
0.40232 0.514585
0.416779 0.350127
0.431771 0.616878
0.44724 0.432102
0.463141 0.347537
0.479429 0.391415
0.496067 0.814392
0.51302 0.719825
0.530258 0.474145
0.547755 0.569562
0.565487 1.06363
0.583431 0.764392
0.601569 0.862482
0.619884 0.759935
0.638361 0.813927
0.656986 1.10698
0.675747 0.787317
0.311354 0.564857
0.312058 0.595282
0.314159 0.201371
0.317631 0.353722
0.322428 0.415677
0.328493 0.263469
0.335757 0.602773
0.344144 0.27993
0.353575 0.324634
0.363967 0.47059
0.375242 0.34739
0.387322 0.366088
0.400134 0.327668
0.41361 0.345774
0.427688 0.326174
0.442309 0.385558
0.457423 0.451587
0.472981 0.468112
0.488941 0.564578
0.505266 0.775149
0.521921 0.594838
0.538874 0.65485
0.5561 0.671107
0.573574 0.659769
0.591273 0.613974
0.609177 0.598123
0.62727 0.918012
0.645536 1.38522
0.66396 0.999286
0.682529 0.775956
0.327155 0.313906
0.327825 0.193225
0.329826 0.413943
0.333134 0.616022
0.337711 0.439192
0.343506 0.527052
0.350459 0.235843
0.358503 0.226189
0.367565 0.567717
0.377572 0.428227
0.388452 0.41738
0.400134 0.348464
0.412548 0.354539
0.425631 0.333225
0.439324 0.510176
0.453571 0.49639
0.468321 0.69584
0.483529 0.391282
0.499152 0.547852
0.515153 0.501701
0.531498 0.78154
0.548156 0.524096
0.565099 0.696645
0.582302 0.767798
0.599743 0.851234
0.617403 0.825702
0.635261 1.003
0.653304 1.10035
0.671514 0.808377
0.68988 1.12962
0.343506 0.305115
0.344144 0.431479
0.346051 0.210495
0.349205 0.320339
0.353575 0.378883
0.359114 0.383218
0.36577 0.381147
0.373484 0.575294
0.382191 0.259474
0.391825 0.363851
0.40232 0.323116
0.41361 0.520678
0.425631 0.568703
0.438324 0.448366
0.451632 0.469635
0.465503 0.448512
0.479886 0.534679
0.494739 0.436334
0.510019 0.67025
0.525689 0.677895
0.541716 0.459219
0.558069 0.592791
0.57472 0.787065
0.591643 0.779104
0.608817 0.870427
0.626221 1.29144
0.643835 0.76082
0.661643 1.19901
0.67963 0.942783
0.697783 1.24721
0.360333 0.407461
0.360942 0.277453
0.36276 0.500107
0.36577 0.344335
0.369944 0.36484
0.375242 0.274656
0.381617 0.276696
0.389017 0.287969
0.397384 0.310366
0.406658 0.308621
0.416779 0.36851
0.427688 0.441217
0.439324 0.342661
0.451632 0.471825
0.464559 0.436027
0.478055 0.42521
0.492071 0.620074
0.506567 0.57138
0.5215 0.678844
0.536836 0.552587
0.552539 0.711561
0.568581 0.836104
0.584933 0.479247
0.601569 0.67081
0.618467 0.982621
0.635607 0.834462
0.652968 0.924087
0.670534 1.10675
0.688288 1.4174
0.706218 0.857556
0.377572 0.378754
0.378153 0.3448
0.379889 0.38814
0.382765 0.37866
0.386755 0.341655
0.391825 0.570375
0.397935 0.309156
0.405037 0.296953
0.413079 0.408035
0.422009 0.388009
0.431771 0.323398
0.442309 0.360945
0.453571 0.481171
0.465503 0.515196
0.478055 0.527798
0.491179 0.598902
0.504832 0.628595
0.518971 0.695576
0.533557 0.736893
0.548556 0.59843
0.563933 0.529118
0.57966 1.171
0.595707 0.741171
0.612051 0.864664
0.628667 0.842512
0.645536 0.920965
0.662637 1.15896
0.679953 0.748064
0.697468 0.708468
0.715168 0.885749
0.39517 0.280825
0.395724 0.522803
0.397384 0.370029
0.400134 0.278951
0.403952 0.399827
0.40881 0.475105
0.414669 0.212956
0.421489 0.387248
0.429223 0.478977
0.437824 0.488267
0.44724 0.322751
0.457423 0.416463
0.468321 0.627994
0.479886 0.44
0.492071 0.755117
0.504832 0.605099
0.518125 0.589942
0.53191 0.701214
0.546151 0.524075
0.560813 0.666291
0.575863 0.86333
0.591273 0.797508
0.607013 1.11551
0.623061 0.870446
0.639391 1.03201
0.655984 0.871663
0.672819 1.21075
0.68988 0.844584
0.707149 1.08292
0.724612 1.23383
0.413079 0.309262
0.41361 0.371512
0.415198 0.354119
0.417831 0.258324
0.421489 0.659502
0.426146 0.450051
0.431771 0.362972
0.438324 0.41957
0.445767 0.371608
0.454054 0.480921
0.463141 0.749014
0.472981 0.85765
0.483529 0.679445
0.494739 0.606234
0.506567 0.550336
0.518971 0.506416
0.53191 0.510997
0.545348 0.728815
0.559247 1.03271
0.573574 0.613296
0.588298 0.859321
0.603389 1.00796
0.618822 1.0441
0.634571 0.751614
0.650612 0.832743
0.666926 0.858716
0.683492 0.724296
0.700293 0.864243
0.717311 1.30581
0.734533 1.09214
0.431262 0.433015
0.431771 0.430259
0.433292 0.701056
0.435815 0.469414
0.439324 0.47167
0.443794 0.29961
0.449198 0.413077
0.455501 0.497303
0.462667 0.409603
0.470657 0.467606
0.479429 0.485826
0.488941 0.70382
0.499152 0.626168
0.510019 0.697353
0.5215 0.748179
0.533557 0.50404
0.546151 0.943867
0.559247 1.19077
0.572808 0.716283
0.586805 0.483539
0.601204 1.13012
0.61598 0.763467
0.631105 0.990141
0.646554 1.19913
0.662306 0.846449
0.678338 1.05213
0.694632 1.3352
0.71117 0.880388
0.727934 1.17425
0.74491 1.23642
0.449686 0.588976
0.450173 0.503262
0.451632 0.403941
0.454054 0.578204
0.457423 0.569468
0.461718 0.473242
0.466914 0.564532
0.472981 0.61652
0.479886 0.605874
0.487594 0.471184
0.496067 0.392153
0.505266 0.721146
0.515153 0.570055
0.525689 0.717533
0.536836 0.403058
0.548556 0.617584
0.560813 0.544586
0.573574 0.924488
0.586805 0.712984
0.600474 0.845928
0.614554 0.748116
0.629016 0.920563
0.643835 0.830891
0.658986 1.43097
0.674447 0.873801
0.690198 0.968186
0.706218 1.09849
0.72249 1.2222
0.738998 1.13224
0.755726 1.2421
0.468321 0.560921
0.468789 0.627819
0.470191 0.4357
0.472517 0.495655
0.475755 0.509957
0.479886 0.528813
0.484888 0.57452
0.490732 0.473021
0.497391 0.479845
0.504832 0.577393
0.51302 0.906948
0.521921 0.6384
0.531498 0.609983
0.541716 0.665204
0.552539 0.62027
0.563933 0.80006
0.575863 0.7654
0.588298 0.778067
0.601204 0.53862
0.614554 0.868274
0.628319 0.792067
0.642471 1.08371
0.656986 1.11703
0.671841 0.819632
0.687013 0.887376
0.702481 1.09957
0.718228 1.17751
0.734234 0.836496
0.750483 1.3152
0.766961 1.0144
0.487144 0.51714
0.487594 0.814533
0.488941 0.581842
0.491179 0.449845
0.494295 0.717563
0.498272 0.5643
0.503091 0.656889
0.508727 0.502881
0.515153 0.509418
0.522341 0.597043
0.530258 0.642427
0.538874 0.559788
0.548156 0.571375
0.558069 1.13612
0.568581 0.715565
0.57966 0.668723
0.591273 0.895958
0.603389 0.681427
0.61598 0.893398
0.629016 1.00719
0.642471 0.872024
0.656318 0.764432
0.670534 1.13332
0.685095 1.07585
0.699979 0.989596
0.715168 1.1433
0.730641 1.35244
0.746381 1.01476
0.762371 1.20862
0.778597 1.01871
0.506133 0.543229
0.506567 0.515716
0.507864 0.771857
0.510019 0.748557
0.51302 0.572013
0.516853 0.59288
0.5215 0.701642
0.526939 0.898217
0.533146 0.568412
0.540094 0.691997
0.547755 0.457547
0.5561 0.566173
0.565099 0.517033
0.57472 0.845513
0.584933 0.738531
0.595707 0.856114
0.607013 0.827372
0.618822 0.933484
0.631105 0.739739
0.643835 1.00644
0.656986 1.05672
0.670534 0.979117
0.684454 1.4536
0.698725 1.01996
0.713325 0.776243
0.728235 0.856721
0.743437 0.825721
0.758911 0.801248
0.774643 1.34156
0.790617 1.51791
0.525272 0.734503
0.525689 0.650436
0.526939 0.527327
0.529016 0.697857
0.53191 0.736459
0.535609 0.993041
0.540094 0.545388
0.545348 0.539946
0.551347 0.545009
0.558069 0.470577
0.565487 0.62113
0.573574 0.856215
0.582302 0.830998
0.591643 1.06599
0.601569 0.6499
0.612051 0.756714
0.623061 1.24098
0.634571 0.874636
0.646554 0.995501
0.658986 0.821169
0.671841 1.12339
0.685095 0.808768
0.698725 1.08916
0.71271 1.13101
0.72703 0.88201
0.741664 0.736525
0.756596 0.982024
0.771807 0.759566
0.787281 1.15689
0.803003 1.29463
0.544543 0.510093
0.544945 0.344985
0.546151 0.607
0.548156 0.538383
0.550949 1.25379
0.554521 0.636764
0.558854 0.717548
0.563933 0.636854
0.569737 0.628902
0.576244 1.03444
0.583431 0.709743
0.591273 0.590998
0.599743 0.84461
0.608817 1.2721
0.618467 0.811698
0.628667 0.89389
0.639391 0.806786
0.650612 1.04828
0.662306 1.08001
0.674447 0.713812
0.687013 0.720991
0.699979 0.809728
0.713325 1.02165
0.72703 0.855042
0.741073 1.36645
0.755435 1.28844
0.7701 0.895319
0.785049 1.01265
0.800267 1.14978
0.815739 1.3897
0.563933 0.737371
0.564322 0.740265
0.565487 0.87204
0.567423 0.674527
0.570122 0.744878
0.573574 0.786139
0.577765 0.695743
0.582679 0.686284
0.588298 0.825431
0.594602 0.795849
0.601569 0.825352
0.609177 1.03919
0.617403 0.845275
0.626221 1.24537
0.635607 0.707034
0.645536 0.892333
0.655984 0.800446
0.666926 0.788368
0.678338 1.15291
0.690198 0.807898
0.702481 1.08009
0.715168 1.09652
0.728235 1.11343
0.741664 1.24109
0.755435 0.941938
0.76953 1.03388
0.783931 1.03108
0.798621 0.749429
0.813586 1.06663
0.828809 0.614515
0.583431 0.669299
0.583807 0.731404
0.584933 0.962679
0.586805 0.648277
0.589415 0.723953
0.592755 0.724458
0.596811 0.954905
0.601569 0.808714
0.607013 0.702293
0.613125 0.716771
0.619884 0.657048
0.62727 0.537355
0.635261 1.04182
0.643835 1.06326
0.652968 0.789033
0.662637 0.765522
0.672819 0.902635
0.683492 0.942029
0.694632 1.1349
0.706218 0.815533
0.718228 0.895257
0.730641 1.09167
0.743437 0.897455
0.756596 1.07015
0.7701 0.89357
0.783931 0.684031
0.798072 1.25843
0.812507 1.48176
0.82722 1.07205
0.842197 0.955889
0.603026 0.753184
0.603389 0.538008
0.604479 0.737408
0.60629 0.953979
0.608817 0.767981
0.612051 0.693888
0.61598 0.659647
0.620592 1.23836
0.62587 0.626832
0.6318 0.639263
0.638361 0.859256
0.645536 1.19424
0.653304 0.746686
0.661643 0.8596
0.670534 1.08674
0.679953 0.988204
0.68988 0.894631
0.700293 1.16366
0.71117 0.939789
0.72249 1.27301
0.734234 0.976498
0.746381 1.06285
0.758911 1.13143
0.771807 1.01908
0.785049 0.85813
0.798621 0.95604
0.812507 1.04994
0.826689 0.864822
0.841155 1.12635
0.855888 1.08067
0.622708 0.674735
0.623061 0.865941
0.624116 0.840013
0.62587 0.83777
0.628319 0.795166
0.631452 1.04598
0.635261 1.08544
0.639734 0.831809
0.644856 0.874315
0.650612 0.888183
0.656986 0.781471
0.66396 0.796332
0.671514 1.16391
0.67963 1.23749
0.688288 0.872512
0.697468 1.20813
0.707149 1.18453
0.717311 0.928491
0.727934 1.12702
0.738998 1.41421
0.750483 1.07863
0.762371 1.18448
0.774643 0.918103
0.787281 1.22751
0.800267 1.03902
0.813586 1.03085
0.82722 1.29123
0.841155 0.918118
0.855375 1.32287
0.869868 0.817829
0.642471 0.677714
0.642812 0.87469
0.643835 0.873379
0.645536 0.813043
0.64791 0.875974
0.650949 0.933739
0.654645 0.898726
0.658986 0.742141
0.66396 0.633575
0.669552 1.12193
0.675747 1.18331
0.682529 1.10672
0.68988 1.03825
0.697783 1.01358
0.706218 0.935928
0.715168 0.971541
0.724612 1.42427
0.734533 1.17241
0.74491 1.14873
0.755726 1.00633
0.766961 0.933104
0.778597 1.04592
0.790617 0.971519
0.803003 1.10657
0.815739 1.15753
0.828809 1.10199
0.842197 1.24523
0.855888 1.36849
0.869868 0.876807
0.884123 1.12067
0.230383 0.526975
0.231334 1.3154
0.23416 0.705216
0.238798 0.452525
0.245143 0.771483
0.253067 0.590401
0.262427 0.588588
0.273076 0.352237
0.284869 0.65692
0.297669 0.33547
0.311354 0.168748
0.325811 0.266129
0.340943 0.356613
0.356663 0.349575
0.372896 0.477506
0.38958 0.385449
0.406658 0.436505
0.424083 0.387914
0.441813 0.410452
0.459814 0.504524
0.478055 0.504717
0.496509 0.567846
0.515153 0.590207
0.533968 0.709958
0.552936 0.750751
0.572042 0.735221
0.591273 0.720325
0.610616 1.10422
0.630061 1.1038
0.6496 0.856105
0.231334 1.56461
0.23228 0.517402
0.235095 0.318074
0.239714 0.579907
0.246036 0.309013
0.253932 0.442787
0.263261 0.207304
0.273878 0.310182
0.285637 0.196369
0.298405 0.246481
0.312058 0.195749
0.326484 0.561512
0.341586 0.331464
0.357277 0.473064
0.373484 0.391584
0.390143 0.383188
0.407197 0.381084
0.4246 0.446175
0.442309 0.543862
0.460291 0.390886
0.478513 0.633383
0.49695 0.520521
0.515579 0.689231
0.534379 0.521261
0.553333 0.756213
0.572425 0.675775
0.591643 1.09865
0.610975 0.612838
0.630409 0.835524
0.649938 1.07266
0.23416 2.29177
0.235095 0.479273
0.237878 1.11675
0.242444 1.23175
0.248696 0.990108
0.25651 0.574039
0.265749 0.5342
0.27627 0.253666
0.287932 0.412261
0.300602 0.444192
0.314159 0.285984
0.328493 0.320964
0.343506 0.467171
0.359114 0.349252
0.375242 0.396179
0.391825 0.421963
0.40881 0.490148
0.426146 0.454903
0.443794 0.405745
0.461718 0.28533
0.479886 0.527832
0.498272 0.818822
0.516853 0.558431
0.535609 0.511966
0.554521 0.655764
0.573574 0.56987
0.592755 1.13922
0.612051 0.984872
0.631452 0.84037
0.650949 0.980035
0.238798 0.787487
0.239714 2.22281
0.242444 0.287728
0.246926 0.621164
0.253067 1.01705
0.26075 0.698878
0.269844 0.441352
0.280211 0.630359
0.291715 0.358263
0.304228 0.351895
0.317631 0.365307
0.331815 0.259262
0.346684 0.493255
0.362155 0.418319
0.378153 0.474507
0.394614 0.370034
0.411483 0.374199
0.428712 0.504253
0.446259 0.730356
0.464087 0.403022
0.482166 0.550773
0.500468 0.416588
0.518971 0.449237
0.537652 0.584709
0.556495 0.86963
0.575482 0.811263
0.594602 0.824265
0.61384 0.841852
0.633187 0.854815
0.652632 0.801738
0.245143 0.363133
0.246036 0.644813
0.248696 0.71263
0.253067 0.481862
0.259062 0.282353
0.266573 0.657945
0.275475 0.264186
0.285637 0.508546
0.296932 0.345657
0.309234 0.184654
0.322428 0.243926
0.33641 0.500624
0.351085 0.276937
0.36637 0.332288
0.382191 0.491786
0.398486 0.294793
0.415198 0.571912
0.432278 0.505009
0.449686 0.452151
0.467383 0.430494
0.48534 0.493561
0.503527 0.705147
0.521921 0.55501
0.5405 0.530896
0.559247 0.621201
0.578144 0.749844
0.597178 0.834647
0.616336 0.842709
0.635607 1.03445
0.65498 1.09471
0.253067 1.01632
0.253932 0.740171
0.25651 0.743451
0.26075 0.321133
0.266573 0.370455
0.273878 0.408694
0.282549 0.544795
0.292466 0.579632
0.303507 0.26044
0.315552 0.291278
0.328493 0.237556
0.342227 0.445288
0.356663 0.260709
0.371718 0.443681
0.387322 0.250673
0.403409 0.327658
0.419925 0.425924
0.436821 0.552941
0.454054 0.3922
0.471588 0.470769
0.48939 0.52149
0.507432 0.597612
0.525689 0.666764
0.54414 0.545213
0.562765 1.45259
0.581548 0.873249
0.600474 0.968015
0.61953 0.787903
0.638705 1.06666
0.657987 1.03343
0.262427 0.596106
0.263261 0.354533
0.265749 0.948079
0.269844 0.436906
0.275475 0.391173
0.282549 0.347166
0.290963 0.391242
0.300602 0.334641
0.311354 0.366502
0.323108 0.786656
0.335757 0.407022
0.349205 0.393497
0.363364 0.345959
0.378153 0.43901
0.393501 0.40861
0.409346 0.531257
0.425631 0.405642
0.442309 0.519119
0.459337 0.517932
0.476676 0.405456
0.494295 0.470196
0.512164 0.62726
0.530258 0.918025
0.548556 0.713644
0.567036 0.789639
0.585682 0.847523
0.604479 0.612379
0.623412 0.701624
0.642471 1.23354
0.661643 1.15382
0.273076 0.544291
0.273878 0.345274
0.27627 0.319439
0.280211 0.270045
0.285637 0.290673
0.292466 0.573097
0.300602 0.270259
0.309942 0.298425
0.320381 0.357663
0.331815 0.362952
0.344144 0.335398
0.357277 0.30477
0.371128 0.303182
0.385619 0.445576
0.400681 0.274732
0.416253 0.430523
0.432278 0.510635
0.448709 0.698069
0.465503 0.459477
0.482621 0.659863
0.50003 0.499859
0.517701 0.66693
0.535609 0.826612
0.553729 0.774531
0.572042 0.696932
0.59053 0.647193
0.609177 1.11334
0.627969 0.754671
0.646894 1.33705
0.665939 0.916691
0.284869 0.435006
0.285637 0.380269
0.287932 0.533112
0.291715 0.275158
0.296932 0.202254
0.303507 0.329083
0.311354 0.789102
0.320381 0.528978
0.33049 0.390428
0.341586 0.438618
0.353575 0.277083
0.36637 0.305463
0.379889 0.337469
0.394058 0.299011
0.40881 0.386602
0.424083 0.338412
0.439823 0.355925
0.455982 0.366759
0.472517 0.709977
0.48939 0.471677
0.506567 0.607898
0.524017 0.680833
0.541716 0.651924
0.559639 0.645828
0.577765 0.859137
0.596075 0.487466
0.614554 0.879599
0.633187 0.788048
0.651959 1.14999
0.670861 1.21768
0.297669 0.336245
0.298405 0.224274
0.300602 0.252977
0.304228 0.423647
0.309234 0.77529
0.315552 0.272549
0.323108 0.298229
0.331815 0.297001
0.341586 0.389981
0.352332 0.264394
0.363967 0.31696
0.376409 0.457471
0.38958 0.402557
0.403409 0.667338
0.417831 0.487311
0.432785 0.530608
0.44822 0.350984
0.464087 0.553439
0.480343 0.794667
0.49695 0.696443
0.513874 1.12745
0.531085 0.782761
0.548556 0.783694
0.566262 0.692323
0.584182 0.985449
0.602298 0.915333
0.620592 0.648407
0.639048 0.878182
0.657653 0.99863
0.676396 0.942907
0.311354 0.640955
0.312058 0.310384
0.314159 0.732279
0.317631 0.283187
0.322428 0.290456
0.328493 0.250225
0.335757 0.304552
0.344144 0.306353
0.353575 0.235328
0.363967 0.464252
0.375242 0.387256
0.387322 0.298431
0.400134 0.429801
0.41361 0.380605
0.427688 0.407791
0.442309 0.449074
0.457423 0.49851
0.472981 0.401223
0.488941 0.474305
0.505266 0.556911
0.521921 0.771304
0.538874 0.806679
0.5561 0.896596
0.573574 0.835644
0.591273 0.770898
0.609177 1.24677
0.62727 0.672263
0.645536 0.962779
0.66396 0.943775
0.682529 1.15959
0.325811 0.282432
0.326484 0.598952
0.328493 0.216203
0.331815 0.259119
0.33641 0.537014
0.342227 0.206961
0.349205 0.324494
0.357277 0.34525
0.36637 0.483082
0.376409 0.29747
0.387322 0.307774
0.399036 0.3208
0.411483 0.5134
0.4246 0.402354
0.438324 0.528075
0.452603 0.396943
0.467383 0.479376
0.482621 0.630796
0.498272 0.632355
0.514301 0.55017
0.530672 0.780189
0.547355 0.785287
0.564322 0.678846
0.581548 0.553697
0.599012 0.759947
0.616692 1.01543
0.634571 0.858012
0.652632 0.939235
0.670861 1.01285
0.689244 1.10747
0.340943 0.382429
0.341586 0.326841
0.343506 0.511374
0.346684 0.245225
0.351085 0.32751
0.356663 0.248771
0.363364 0.237562
0.371128 0.232965
0.379889 0.286932
0.38958 0.297039
0.400134 0.381563
0.411483 0.418649
0.423565 0.242482
0.436318 0.381556
0.449686 0.67392
0.463614 0.784162
0.478055 0.526033
0.492962 0.520673
0.508295 0.598818
0.524017 0.474236
0.540094 0.672767
0.556495 0.555197
0.573191 0.740899
0.590159 0.723816
0.607375 0.889857
0.624818 1.12917
0.642471 0.895843
0.660316 0.78181
0.678338 0.988448
0.696524 0.613156
0.356663 0.463349
0.357277 0.614357
0.359114 0.232835
0.362155 0.397974
0.36637 0.387041
0.371718 0.183543
0.378153 0.311203
0.385619 0.464438
0.394058 0.398688
0.403409 0.317067
0.41361 0.312376
0.4246 0.343385
0.436318 0.367867
0.448709 0.464249
0.461718 0.288344
0.475294 0.328195
0.48939 0.664334
0.503962 0.9078
0.518971 0.644437
0.534379 1.07688
0.550153 1.00287
0.566262 0.881606
0.582679 0.670918
0.599378 0.76274
0.616336 0.896302
0.633533 1.2346
0.650949 0.840556
0.668568 0.801886
0.686374 0.98135
0.704352 1.32328
0.372896 0.274548
0.373484 0.33549
0.375242 0.313837
0.378153 0.465718
0.382191 0.22445
0.387322 0.270911
0.393501 0.242848
0.400681 0.455951
0.40881 0.643913
0.417831 0.459747
0.427688 0.239402
0.438324 0.450543
0.449686 0.498029
0.461718 0.59258
0.47437 0.557941
0.487594 0.870414
0.501344 0.626286
0.515579 0.588995
0.530258 0.732014
0.545348 0.615316
0.560813 0.920956
0.576625 0.890956
0.592755 0.772621
0.609177 0.900129
0.62587 1.32256
0.642812 0.861111
0.659984 1.39202
0.677368 1.38138
0.694948 0.790386
0.71271 1.05529
0.38958 0.31143
0.390143 0.376175
0.391825 0.326925
0.394614 0.580249
0.398486 0.303333
0.403409 0.500535
0.409346 0.198219
0.416253 0.418604
0.424083 0.269483
0.432785 0.495687
0.442309 0.536705
0.452603 0.338392
0.463614 0.58428
0.475294 0.646017
0.487594 0.407706
0.500468 0.529325
0.513874 0.505684
0.527771 0.703174
0.542121 0.607831
0.556889 0.672469
0.572042 1.03212
0.587552 1.14672
0.603389 0.834532
0.61953 0.883511
0.635952 0.932247
0.652632 0.653026
0.669552 0.853236
0.686693 1.00255
0.704041 1.02855
0.721579 1.2983
0.406658 0.427505
0.407197 0.367677
0.40881 0.252912
0.411483 0.226289
0.415198 0.554797
0.419925 0.525832
0.425631 0.489285
0.432278 0.413054
0.439823 0.379874
0.44822 0.632418
0.457423 0.473883
0.467383 0.48741
0.478055 0.422799
0.48939 0.631778
0.501344 0.569106
0.513874 0.589155
0.526939 0.79586
0.5405 0.884256
0.554521 0.811637
0.568967 0.626141
0.583807 0.781591
0.599012 0.765056
0.614554 1.13647
0.630409 1.23416
0.646554 1.05212
0.662968 1.02215
0.67963 1.12429
0.696524 1.30357
0.713633 1.14953
0.730941 0.908535
0.424083 0.369894
0.4246 0.545401
0.426146 0.365989
0.428712 0.301286
0.432278 0.416469
0.436821 0.518113
0.442309 0.576864
0.448709 0.592656
0.455982 0.670735
0.464087 0.529839
0.472981 0.539199
0.482621 0.560644
0.492962 0.668492
0.503962 0.573999
0.515579 0.575598
0.527771 0.586343
0.5405 0.758648
0.553729 0.795098
0.567423 0.855216
0.581548 0.79492
0.596075 0.682817
0.610975 0.633201
0.626221 1.03083
0.641788 0.938827
0.657653 0.873687
0.673797 0.808557
0.690198 0.830938
0.706839 0.9785
0.723704 1.25538
0.740777 1.08701
0.441813 0.662101
0.442309 0.785762
0.443794 0.457506
0.446259 0.481976
0.449686 0.458355
0.454054 0.402485
0.459337 0.513229
0.465503 0.38399
0.472517 0.401118
0.480343 0.506919
0.488941 0.425879
0.498272 0.532692
0.508295 0.682747
0.518971 0.492772
0.530258 0.54711
0.542121 0.767448
0.554521 0.746388
0.567423 0.936168
0.580794 0.589759
0.594602 0.68798
0.608817 0.701324
0.623412 0.808128
0.638361 0.753806
0.653639 0.641813
0.669224 0.772684
0.685095 0.894971
0.701232 0.979721
0.717617 0.867194
0.734234 0.859241
0.751068 1.26004
0.459814 0.560311
0.460291 0.469565
0.461718 0.511287
0.464087 0.536624
0.467383 0.302334
0.471588 0.456398
0.476676 0.533284
0.482621 0.538503
0.48939 0.537238
0.49695 0.748335
0.505266 0.543487
0.514301 0.932403
0.524017 0.908162
0.534379 0.438335
0.545348 0.697006
0.556889 0.694749
0.568967 0.568606
0.581548 0.754025
0.594602 0.977726
0.608096 0.691808
0.622004 1.05257
0.636296 1.34956
0.650949 1.11229
0.665939 1.10525
0.681242 1.10633
0.696839 1.07052
0.71271 1.36129
0.728837 0.984794
0.745204 0.978825
0.761796 1.30335
0.478055 0.441267
0.478513 0.421961
0.479886 0.362609
0.482166 0.480465
0.48534 0.505131
0.48939 0.54868
0.494295 0.516966
0.50003 0.400888
0.506567 0.458093
0.513874 0.718294
0.521921 0.743871
0.530672 0.768922
0.540094 0.481992
0.550153 0.729041
0.560813 0.490693
0.572042 0.585843
0.583807 0.772292
0.596075 0.55641
0.608817 0.818376
0.622004 0.861677
0.635607 0.721078
0.6496 0.966029
0.66396 1.20118
0.678662 1.18957
0.693684 1.07255
0.709008 0.887256
0.724612 0.947259
0.74048 0.914029
0.756596 1.01382
0.772942 1.10227
0.496509 0.851972
0.49695 0.510482
0.498272 0.582999
0.500468 0.6508
0.503527 0.577242
0.507432 0.597837
0.512164 1.0535
0.517701 0.500424
0.524017 0.5429
0.531085 0.612947
0.538874 0.908563
0.547355 0.741714
0.556495 0.534702
0.566262 0.841054
0.576625 0.700462
0.587552 0.884393
0.599012 1.0731
0.610975 0.75442
0.623412 0.754568
0.636296 1.3343
0.6496 0.790232
0.663299 0.652012
0.677368 1.06071
0.691785 0.927924
0.706529 1.08575
0.721579 1.53626
0.736918 0.835319
0.752526 1.04133
0.768389 1.24368
0.78449 1.00932
0.515153 0.68412
0.515579 0.583796
0.516853 0.602284
0.518971 0.479172
0.521921 0.589229
0.525689 0.586922
0.530258 0.82066
0.535609 0.699581
0.541716 0.553953
0.548556 0.897095
0.5561 1.17274
0.564322 0.574743
0.573191 0.986633
0.582679 0.89824
0.592755 0.939477
0.603389 0.92652
0.614554 0.862961
0.626221 0.830992
0.638361 0.853877
0.650949 0.844685
0.66396 0.672255
0.677368 0.874713
0.69115 0.97982
0.705286 0.854987
0.719753 0.665042
0.734533 1.08988
0.749606 0.981369
0.764956 1.43872
0.780566 0.987277
0.796421 1.1722
0.533968 0.776903
0.534379 0.680357
0.535609 0.624924
0.537652 0.639043
0.5405 1.00461
0.54414 0.633102
0.548556 0.895146
0.553729 0.542553
0.559639 0.734498
0.566262 0.597931
0.573574 1.05801
0.581548 0.618142
0.590159 0.698965
0.599378 0.737551
0.609177 0.976253
0.61953 0.91439
0.630409 0.78161
0.641788 0.996051
0.653639 0.618187
0.665939 0.888432
0.678662 0.728958
0.691785 0.96027
0.705286 0.92938
0.719143 1.02169
0.733337 1.37367
0.747849 0.778774
0.762659 1.30643
0.777751 0.811351
0.79311 1.01498
0.808719 0.753413
0.552936 0.649524
0.553333 0.526371
0.554521 0.825426
0.556495 0.751985
0.559247 0.646251
0.562765 0.998686
0.567036 1.20606
0.572042 0.756705
0.577765 0.674661
0.584182 0.65886
0.591273 0.785132
0.599012 0.747807
0.607375 0.856381
0.616336 1.12506
0.62587 0.908506
0.635952 0.818166
0.646554 0.966114
0.657653 0.740512
0.669224 1.13876
0.681242 0.673958
0.693684 1.0046
0.706529 0.885085
0.719753 1.10548
0.733337 1.0693
0.747262 0.990941
0.761508 0.97267
0.776057 1.02629
0.790894 1.4755
0.806002 1.12465
0.821366 0.970647
0.572042 0.699073
0.572425 0.672527
0.573574 0.909803
0.575482 0.750929
0.578144 0.869299
0.581548 0.824614
0.585682 1.26698
0.59053 0.627526
0.596075 0.982698
0.602298 0.747425
0.609177 0.675076
0.616692 0.689738
0.624818 1.11051
0.633533 0.686689
0.642812 1.03715
0.652632 0.967724
0.662968 1.01672
0.673797 1.07447
0.685095 0.921683
0.696839 1.06155
0.709008 0.915866
0.721579 1.15745
0.734533 1.37835
0.747849 1.23651
0.761508 1.06192
0.775492 1.1927
0.789784 0.735966
0.804368 1.07289
0.819227 0.99916
0.834348 0.778504
0.591273 0.575562
0.591643 0.640686
0.592755 0.551606
0.594602 0.784077
0.597178 0.744141
0.600474 0.963714
0.604479 0.860995
0.609177 0.797562
0.614554 0.751478
0.620592 1.0443
0.62727 0.81876
0.634571 0.85269
0.642471 0.767299
0.650949 0.869311
0.659984 0.858471
0.669552 1.19171
0.67963 1.25632
0.690198 0.897588
0.701232 0.853994
0.71271 0.971059
0.724612 1.17119
0.736918 1.07914
0.749606 0.835855
0.762659 0.885723
0.776057 0.694469
0.789784 0.697868
0.803822 1.06992
0.818156 0.879621
0.832769 1.01806
0.847648 0.888936
0.610616 0.853324
0.610975 0.811397
0.612051 0.9752
0.61384 0.639804
0.616336 0.914565
0.61953 0.715195
0.623412 0.718674
0.627969 0.97705
0.633187 1.20373
0.639048 1.03289
0.645536 0.701559
0.652632 0.736517
0.660316 0.822903
0.668568 1.16561
0.677368 0.851875
0.686693 0.832016
0.696524 0.992318
0.706839 1.65104
0.717617 0.863561
0.728837 1.15301
0.74048 1.22175
0.752526 1.0794
0.764956 0.832544
0.777751 0.892831
0.790894 0.95919
0.804368 0.941594
0.818156 1.30531
0.832242 0.923736
0.846612 0.74227
0.861252 0.948399
0.630061 1.12077
0.630409 0.924081
0.631452 1.04348
0.633187 0.732435
0.635607 0.528221
0.638705 0.758061
0.642471 1.10278
0.646894 1.13467
0.651959 1.05417
0.657653 1.29587
0.66396 0.606443
0.670861 0.690648
0.678338 1.01313
0.686374 1.03168
0.694948 1.10411
0.704041 0.823399
0.713633 0.995681
0.723704 0.723643
0.734234 1.02632
0.745204 1.35863
0.756596 0.805637
0.768389 1.01486
0.780566 0.975746
0.79311 1.02213
0.806002 0.955738
0.819227 1.06893
0.832769 0.871956
0.846612 1.52467
0.860743 1.06111
0.875146 1.38054
0.6496 0.857908
0.649938 1.00552
0.650949 0.703619
0.652632 1.00345
0.65498 0.893236
0.657987 0.967439
0.661643 0.780991
0.665939 1.03461
0.670861 1.05636
0.676396 0.976043
0.682529 0.921431
0.689244 1.0419
0.696524 0.936012
0.704352 0.840377
0.71271 1.16244
0.721579 0.962046
0.730941 1.06313
0.740777 1.10922
0.751068 1.02825
0.761796 1.02271
0.772942 1.24723
0.78449 1.41429
0.796421 1.1553
0.808719 1.37863
0.821366 0.970651
0.834348 0.736775
0.847648 1.39075
0.861252 1.06863
0.875146 1.10008
0.889317 0.837155
0.251327 1.70853
0.252199 0.424718
0.254794 0.720337
0.259062 0.738221
0.264922 0.279154
0.272271 0.378321
0.280993 0.426008
0.290963 0.393632
0.302058 0.325202
0.314159 0.230265
0.327155 0.231643
0.340943 0.200513
0.355431 0.463509
0.370536 0.27936
0.386187 0.432802
0.40232 0.289328
0.418879 0.321371
0.435815 0.363136
0.453087 0.499936
0.470657 0.449318
0.488493 0.416923
0.506567 0.413375
0.524854 0.593082
0.543333 0.654388
0.561985 0.935596
0.580794 0.976385
0.599743 1.02631
0.618822 1.12792
0.638018 0.80368
0.65732 0.827311
0.252199 0.429047
0.253067 0.516971
0.255654 0.334961
0.259908 0.290114
0.265749 1.28658
0.273076 0.42389
0.281772 0.397199
0.291715 0.356187
0.302783 0.329376
0.314857 0.245486
0.327825 0.461107
0.341586 0.462359
0.356047 0.253336
0.371128 0.202502
0.386755 0.538003
0.402865 0.437195
0.419402 0.286333
0.436318 0.33123
0.453571 0.453612
0.471123 0.668515
0.488941 0.649773
0.506999 0.658144
0.525272 0.665164
0.543737 0.498513
0.562375 0.608138
0.581171 0.934655
0.600109 0.632429
0.619176 0.731283
0.638361 1.02989
0.657653 0.711358
0.254794 1.46782
0.255654 0.578484
0.258214 0.321061
0.262427 0.237516
0.268213 0.324442
0.275475 0.635119
0.284098 0.561514
0.293962 0.236472
0.304949 0.282739
0.316939 0.38749
0.329826 0.624597
0.343506 0.306684
0.35789 0.306329
0.372896 0.333985
0.388452 0.471523
0.404495 0.249467
0.420968 0.28973
0.437824 0.383507
0.455019 0.435056
0.472517 0.470324
0.490285 0.44688
0.508295 0.787212
0.526523 0.526695
0.544945 0.628315
0.563544 0.639205
0.582302 0.722976
0.601204 0.635911
0.620238 0.593987
0.639391 1.30995
0.658653 0.997551
0.259062 0.407145
0.259908 0.535799
0.262427 1.17139
0.266573 0.387624
0.272271 0.496001
0.279427 0.402559
0.287932 0.380046
0.297669 0.479214
0.308524 0.161485
0.320381 0.205338
0.333134 0.335497
0.346684 0.327452
0.360942 0.273367
0.375826 0.624536
0.391265 0.389394
0.407197 0.356802
0.423565 0.328377
0.440321 0.508709
0.457423 0.477996
0.474832 0.459331
0.492517 0.663066
0.510448 0.490853
0.528601 0.833151
0.546954 0.761902
0.565487 0.571607
0.584182 0.701734
0.603026 0.881691
0.622004 0.955811
0.641104 1.09025
0.660316 1.22326
0.264922 0.449715
0.265749 0.439149
0.268213 0.329604
0.272271 0.457576
0.277853 0.323549
0.284869 0.725058
0.293215 0.313065
0.302783 0.294141
0.31346 0.269187
0.325138 0.403309
0.337711 0.814371
0.351085 0.397086
0.36517 0.524058
0.379889 0.300405
0.39517 0.355733
0.41095 0.323482
0.427174 0.429078
0.443794 0.516515
0.460767 0.641126
0.478055 0.522232
0.495624 0.471484
0.513447 0.690712
0.531498 0.772816
0.549754 0.661678
0.568195 0.573996
0.586805 0.872812
0.605566 0.803067
0.624467 0.793776
0.643494 0.873374
0.662637 0.930456
0.272271 0.623889
0.273076 0.555928
0.275475 0.340345
0.279427 0.467094
0.284869 0.241025
0.291715 0.24784
0.299872 0.344143
0.309234 0.183573
0.319696 0.413858
0.331153 0.286095
0.343506 0.211008
0.356663 0.422594
0.370536 0.397851
0.38505 0.398913
0.400134 0.303314
0.415726 0.484753
0.431771 0.35272
0.44822 0.558557
0.465031 0.411127
0.482166 0.571665
0.499591 0.713057
0.517277 0.495844
0.535199 0.88577
0.553333 0.64466
0.571659 0.932663
0.590159 1.11184
0.608817 0.549854
0.62762 0.778396
0.646554 0.940229
0.665609 1.24306
0.280993 0.314634
0.281772 0.301894
0.284098 0.406293
0.287932 0.243475
0.293215 0.406471
0.299872 0.311178
0.307812 0.768268
0.316939 0.379537
0.327155 0.459943
0.33836 0.379376
0.350459 0.420298
0.363364 0.306813
0.376991 0.681476
0.391265 0.565609
0.406118 0.565859
0.421489 0.461077
0.437323 0.404264
0.453571 0.50584
0.470191 0.614716
0.487144 0.531366
0.504397 0.726041
0.521921 0.553329
0.539688 0.619792
0.557676 0.809618
0.575863 1.09076
0.594233 0.871061
0.612767 0.869803
0.631452 0.767981
0.650275 0.790648
0.669224 0.880896
0.290963 0.29813
0.291715 0.55378
0.293962 0.495701
0.297669 0.455095
0.302783 0.401643
0.309234 0.28714
0.316939 0.362864
0.325811 0.225987
0.335757 0.528634
0.346684 0.387195
0.358503 0.209688
0.371128 0.497503
0.38448 0.372569
0.398486 0.504516
0.413079 0.399517
0.4282 0.516573
0.443794 0.468409
0.459814 0.490784
0.476216 0.583008
0.492962 0.619185
0.510019 0.596964
0.527355 0.478106
0.544945 0.686982
0.562765 0.766305
0.580794 0.526292
0.599012 0.662741
0.617403 1.12409
0.635952 0.984315
0.654645 1.09614
0.673471 1.10517
0.302058 0.366005
0.302783 0.298383
0.304949 0.304642
0.308524 0.21947
0.31346 0.316782
0.319696 0.276532
0.327155 0.290687
0.335757 0.460634
0.345416 0.338973
0.356047 0.459846
0.367565 0.286209
0.379889 0.46477
0.392943 0.345161
0.406658 0.458044
0.420968 0.348552
0.435815 0.562948
0.451147 0.422797
0.466914 0.556088
0.483075 0.388672
0.499591 0.713587
0.516429 0.519602
0.533557 0.685447
0.550949 0.838104
0.568581 0.67472
0.586431 0.696701
0.604479 0.921285
0.622708 0.798421
0.641104 0.928864
0.659651 0.96211
0.678338 1.13546
0.314159 0.424265
0.314857 0.169672
0.316939 0.246315
0.320381 0.425691
0.325138 0.31788
0.331153 0.376439
0.33836 0.246609
0.346684 0.309008
0.356047 0.341091
0.36637 0.419616
0.377572 0.288731
0.38958 0.404082
0.40232 0.346997
0.415726 1.22581
0.429734 0.753876
0.444288 0.683278
0.459337 0.605762
0.474832 0.506486
0.490732 0.71944
0.506999 0.602148
0.523599 0.63581
0.5405 0.617034
0.557676 0.74187
0.575101 0.580132
0.592755 0.865153
0.610616 0.679845
0.628667 0.985876
0.646894 1.33182
0.66528 0.941417
0.683813 1.14644
0.327155 0.300818
0.327825 0.491272
0.329826 0.459921
0.333134 0.243215
0.337711 0.385168
0.343506 0.245756
0.350459 0.334483
0.358503 0.328278
0.367565 0.482892
0.377572 0.32191
0.388452 0.376876
0.400134 0.488402
0.412548 0.368468
0.425631 0.350856
0.439324 0.360343
0.453571 0.345234
0.468321 0.707707
0.483529 0.483456
0.499152 0.510303
0.515153 0.789033
0.531498 0.612174
0.548156 0.731887
0.565099 0.77183
0.582302 0.795391
0.599743 0.887209
0.617403 0.675332
0.635261 1.06796
0.653304 0.877802
0.671514 1.20163
0.68988 0.92475
0.340943 0.29871
0.341586 0.261415
0.343506 0.308822
0.346684 0.246253
0.351085 0.239842
0.356663 0.310368
0.363364 0.382749
0.371128 0.400494
0.379889 0.424042
0.38958 0.315239
0.400134 0.409566
0.411483 0.464686
0.423565 0.38653
0.436318 0.343532
0.449686 0.472216
0.463614 0.291797
0.478055 0.674232
0.492962 0.64507
0.508295 0.590289
0.524017 0.651154
0.540094 0.609883
0.556495 0.914861
0.573191 0.61913
0.590159 0.881913
0.607375 0.851647
0.624818 0.87994
0.642471 1.12217
0.660316 0.845186
0.678338 1.02515
0.696524 1.30382
0.355431 0.219518
0.356047 0.439728
0.35789 0.393453
0.360942 0.32605
0.36517 0.300389
0.370536 0.327776
0.376991 0.308744
0.38448 0.313067
0.392943 0.298302
0.40232 0.496639
0.412548 0.406284
0.423565 0.498252
0.435312 0.309721
0.447731 0.527557
0.460767 0.428642
0.47437 0.61626
0.488493 0.516628
0.503091 0.48294
0.518125 0.709269
0.533557 0.688363
0.549355 0.69911
0.565487 0.898575
0.581925 0.841033
0.598645 0.931423
0.615624 0.765763
0.63284 0.99971
0.650275 0.927956
0.667912 1.19427
0.685735 0.888012
0.703729 0.981945
0.370536 0.605579
0.371128 0.388016
0.372896 0.337662
0.375826 0.38758
0.379889 0.394786
0.38505 0.400356
0.391265 0.570703
0.398486 0.499024
0.406658 0.356924
0.415726 0.303377
0.425631 0.526367
0.436318 0.4499
0.447731 0.400053
0.459814 0.525008
0.472517 0.506493
0.485791 0.382775
0.499591 0.469341
0.513874 0.462553
0.528601 0.744129
0.543737 0.748393
0.559247 0.629945
0.575101 0.478127
0.591273 0.810889
0.607736 0.712352
0.624467 0.690602
0.641446 0.771148
0.658653 0.953415
0.676071 1.24304
0.693684 1.08033
0.711478 1.20331
0.386187 0.449785
0.386755 0.406119
0.388452 0.644518
0.391265 0.403051
0.39517 0.368188
0.400134 0.384968
0.406118 0.303858
0.413079 0.410731
0.420968 0.355674
0.429734 0.35005
0.439324 0.459738
0.449686 0.408311
0.460767 0.437215
0.472517 0.640097
0.484888 0.494785
0.497832 0.705219
0.511307 0.517459
0.525272 0.718108
0.539688 0.610563
0.554521 1.00626
0.569737 1.1185
0.585308 0.734733
0.601204 0.730539
0.617403 0.954728
0.633879 0.740257
0.650612 1.14421
0.667583 0.78491
0.684774 0.87837
0.702169 0.950102
0.719753 0.982459
0.40232 0.396368
0.402865 0.255133
0.404495 0.424431
0.407197 0.46034
0.41095 0.396811
0.415726 0.504474
0.421489 0.520266
0.4282 0.334523
0.435815 0.252259
0.444288 0.561043
0.453571 0.589913
0.463614 0.363021
0.47437 0.602013
0.485791 0.530894
0.497832 0.486665
0.510448 0.597731
0.523599 0.585043
0.537244 0.630126
0.551347 0.62287
0.565874 0.757847
0.580794 0.709344
0.596075 0.974978
0.611692 1.14523
0.62762 1.02004
0.643835 0.952087
0.660316 0.690622
0.677044 0.881388
0.694001 0.950881
0.71117 0.955002
0.728536 1.05324
0.418879 0.397171
0.419402 0.512892
0.420968 0.477143
0.423565 0.319593
0.427174 0.449361
0.431771 0.306568
0.437323 0.394652
0.443794 0.439808
0.451147 0.431678
0.459337 0.319307
0.468321 0.732613
0.478055 0.591234
0.488493 0.406341
0.499591 0.387882
0.511307 0.452763
0.523599 0.766302
0.536427 0.488827
0.549754 0.649642
0.563544 0.781724
0.577765 1.06208
0.592384 0.865802
0.607375 0.876956
0.622708 0.949391
0.638361 0.7491
0.65431 0.945353
0.670534 0.967697
0.687013 1.29961
0.703729 0.989716
0.720667 0.945722
0.73781 1.53459
0.435815 0.335585
0.436318 0.3341
0.437824 0.46951
0.440321 0.561848
0.443794 0.474213
0.44822 0.294617
0.453571 0.469608
0.459814 0.552731
0.466914 0.464334
0.474832 0.447646
0.483529 0.720368
0.492962 0.43383
0.503091 0.531745
0.513874 0.911524
0.525272 0.736963
0.537244 0.713487
0.549754 0.83664
0.562765 0.834929
0.576244 0.794419
0.590159 0.870215
0.604479 0.810769
0.619176 0.890594
0.634225 1.05968
0.6496 1.0503
0.66528 0.874923
0.681242 0.690527
0.697468 1.44119
0.71394 1.17094
0.730641 1.1342
0.747555 0.777515
0.453087 0.620881
0.453571 0.581268
0.455019 0.482241
0.457423 0.611348
0.460767 0.531388
0.465031 0.624981
0.470191 0.422955
0.476216 0.840817
0.483075 0.512367
0.490732 0.492954
0.499152 0.522526
0.508295 0.519566
0.518125 0.943372
0.528601 0.882837
0.539688 0.494532
0.551347 1.08267
0.563544 0.453461
0.576244 0.916595
0.589415 0.671999
0.603026 0.958508
0.617047 1.07069
0.631452 0.745556
0.646215 1.01849
0.661312 0.827402
0.67672 0.859902
0.692419 1.2019
0.708389 0.994701
0.724612 1.0634
0.741073 1.14114
0.757754 1.16168
0.470657 0.510721
0.471123 0.387792
0.472517 0.446433
0.474832 0.508783
0.478055 1.04106
0.482166 0.702813
0.487144 0.472015
0.492962 0.440184
0.499591 0.727858
0.506999 0.593679
0.515153 0.625216
0.524017 0.788343
0.533557 0.601837
0.543737 0.766978
0.554521 0.617616
0.565874 0.447243
0.577765 0.704807
0.590159 1.08803
0.603026 0.767292
0.616336 0.831978
0.630061 0.777557
0.644175 0.853202
0.658653 1.15009
0.673471 1.2993
0.688607 0.716374
0.704041 1.31577
0.719753 1.34504
0.735726 1.46745
0.751943 0.925265
0.768389 1.3923
0.488493 0.525046
0.488941 0.523799
0.490285 0.766323
0.492517 0.429762
0.495624 0.705672
0.499591 0.659626
0.504397 0.565629
0.510019 0.478742
0.516429 0.863531
0.523599 0.64443
0.531498 0.971008
0.540094 0.509562
0.549355 0.805616
0.559247 0.514063
0.569737 0.836895
0.580794 0.707943
0.592384 0.752954
0.604479 0.823676
0.617047 0.933964
0.630061 1.01011
0.643494 0.827598
0.65732 0.90358
0.671514 0.64029
0.686054 1.29525
0.700919 1.35865
0.716087 0.842638
0.731541 1.31464
0.747262 0.685626
0.763234 1.18751
0.779441 1.0081
0.506567 0.642165
0.506999 0.700142
0.508295 0.581623
0.510448 0.739058
0.513447 0.596502
0.517277 0.651488
0.521921 0.638986
0.527355 0.62851
0.533557 0.681936
0.5405 0.749465
0.548156 0.527149
0.556495 0.774521
0.565487 0.730457
0.575101 0.578208
0.585308 0.670132
0.596075 0.85773
0.607375 0.777598
0.619176 0.689252
0.631452 0.779384
0.644175 0.839942
0.65732 1.0535
0.670861 0.968649
0.684774 1.18128
0.699039 1.02957
0.713633 0.837536
0.728536 1.30791
0.743731 0.937635
0.7592 0.882393
0.774926 1.15322
0.790894 0.947131
0.524854 0.805762
0.525272 1.13522
0.526523 0.537779
0.528601 0.750596
0.531498 0.442554
0.535199 0.811528
0.539688 0.557214
0.544945 0.816409
0.550949 0.70375
0.557676 0.736901
0.565099 0.792986
0.573191 1.00743
0.581925 0.68463
0.591273 0.794915
0.601204 0.728796
0.611692 0.702373
0.622708 1.07431
0.634225 0.941012
0.646215 1.25104
0.658653 1.11446
0.671514 1.17068
0.684774 1.27964
0.698411 0.890625
0.712402 0.804522
0.726728 1.08036
0.741369 0.767412
0.756306 1.02911
0.771522 0.98431
0.787002 1.27003
0.80273 1.06538
0.543333 0.553226
0.543737 0.383697
0.544945 0.710195
0.546954 0.537319
0.549754 0.526831
0.553333 0.668001
0.557676 0.674602
0.562765 0.544155
0.568581 0.60845
0.575101 0.884581
0.582302 0.891665
0.590159 0.607817
0.598645 0.976251
0.607736 1.0892
0.617403 0.93044
0.62762 0.802948
0.638361 0.823206
0.6496 0.715285
0.661312 0.933532
0.673471 1.22575
0.686054 0.982443
0.699039 1.28405
0.712402 0.593613
0.726124 1.40282
0.740184 1.23865
0.754564 0.932691
0.769245 0.715868
0.78421 1.28404
0.799445 1.03275
0.814932 1.4384
0.561985 0.853717
0.562375 0.847445
0.563544 0.819301
0.565487 0.545607
0.568195 0.716085
0.571659 0.875578
0.575863 0.366795
0.580794 0.743255
0.586431 0.781522
0.592755 0.657584
0.599743 0.964432
0.607375 1.0021
0.615624 0.940163
0.624467 0.864152
0.633879 0.851378
0.643835 1.00697
0.65431 0.928849
0.66528 0.962867
0.67672 0.852983
0.688607 0.908277
0.700919 1.1442
0.713633 1.04553
0.726728 1.11635
0.740184 0.961011
0.753982 1.16947
0.768104 1.02695
0.782531 0.934848
0.797247 0.918401
0.812237 1.22963
0.827485 0.885573
0.580794 0.748243
0.581171 0.964251
0.582302 0.700711
0.584182 0.699505
0.586805 0.893837
0.590159 0.593409
0.594233 1.07798
0.599012 0.864889
0.604479 0.764288
0.610616 0.528228
0.617403 0.50688
0.624818 0.62706
0.63284 0.863646
0.641446 0.78346
0.650612 0.878991
0.660316 1.00076
0.670534 1.0153
0.681242 0.726856
0.692419 0.956634
0.704041 1.37844
0.716087 1.03774
0.728536 0.753819
0.741369 1.09808
0.754564 1.05543
0.768104 1.05959
0.78197 0.861941
0.796146 0.961759
0.810615 0.751126
0.825362 1.20846
0.840372 1.165
0.599743 0.889944
0.600109 0.959227
0.601204 0.972206
0.603026 0.640191
0.605566 0.579277
0.608817 0.992006
0.612767 1.08624
0.617403 0.960785
0.622708 0.785283
0.628667 0.717038
0.635261 0.904127
0.642471 0.949684
0.650275 0.968908
0.658653 1.05113
0.667583 1.02799
0.677044 1.1254
0.687013 0.881536
0.697468 1.07032
0.708389 1.24054
0.719753 0.940505
0.731541 1.04462
0.743731 1.1367
0.756306 1.14102
0.769245 0.844244
0.782531 1.07539
0.796146 0.906847
0.810073 1.07463
0.824298 1.14805
0.838805 1.1111
0.853578 1.27744
0.618822 0.919353
0.619176 0.778402
0.620238 0.817139
0.622004 0.96204
0.624467 0.865176
0.62762 0.628143
0.631452 0.904752
0.635952 0.824295
0.641104 1.17779
0.646894 0.943904
0.653304 0.801215
0.660316 0.898039
0.667912 1.07368
0.676071 1.06954
0.684774 0.968703
0.694001 0.782582
0.703729 1.10511
0.71394 0.844463
0.724612 1.15917
0.735726 1.28412
0.747262 0.903468
0.7592 0.879399
0.771522 0.851678
0.78421 0.991359
0.797247 0.781841
0.810615 1.18432
0.824298 0.82703
0.838281 0.823991
0.85255 1.13714
0.86709 1.35732
0.638018 0.931287
0.638361 0.846721
0.639391 1.08996
0.641104 1.08311
0.643494 0.78279
0.646554 1.14541
0.650275 0.521628
0.654645 0.714719
0.659651 1.33236
0.66528 0.929993
0.671514 0.986644
0.678338 0.568789
0.685735 0.709801
0.693684 1.0989
0.702169 1.2055
0.71117 1.40794
0.720667 0.861762
0.730641 1.17597
0.741073 1.12073
0.751943 1.00283
0.763234 0.966489
0.774926 1.12725
0.787002 1.01277
0.799445 0.819474
0.812237 1.00451
0.825362 0.99951
0.838805 1.17032
0.85255 1.02923
0.866584 1.15226
0.880892 0.862501
0.65732 1.03826
0.657653 0.837638
0.658653 1.0519
0.660316 0.924201
0.662637 1.04693
0.665609 0.909628
0.669224 1.10036
0.673471 0.822995
0.678338 0.846879
0.683813 1.11354
0.68988 1.06088
0.696524 1.01183
0.703729 0.687825
0.711478 0.995768
0.719753 1.4005
0.728536 0.92808
0.73781 1.36834
0.747555 1.13002
0.757754 0.869614
0.768389 1.0108
0.779441 1.02631
0.790894 0.774678
0.80273 0.967029
0.814932 0.860397
0.827485 1.51141
0.840372 0.902334
0.853578 1.20202
0.86709 0.765085
0.880892 0.947406
0.894971 1.28425
0.272271 0.467997
0.273076 0.457013
0.275475 0.253136
0.279427 0.910795
0.284869 0.491301
0.291715 0.25401
0.299872 0.604449
0.309234 0.204173
0.319696 0.37885
0.331153 0.353578
0.343506 0.260921
0.356663 0.308251
0.370536 0.309793
0.38505 0.25297
0.400134 0.426381
0.415726 0.674239
0.431771 0.320356
0.44822 0.539009
0.465031 0.644025
0.482166 0.480095
0.499591 0.706111
0.517277 0.625574
0.535199 0.61932
0.553333 0.764543
0.571659 0.597889
0.590159 0.675099
0.608817 0.624756
0.62762 1.01685
0.646554 0.705787
0.665609 0.852563
0.273076 0.672425
0.273878 0.23969
0.27627 0.318202
0.280211 0.349629
0.285637 0.364856
0.292466 0.229661
0.300602 0.463671
0.309942 0.288819
0.320381 0.319656
0.331815 0.478624
0.344144 0.309428
0.357277 0.239908
0.371128 0.257141
0.385619 0.411719
0.400681 0.318375
0.416253 0.308524
0.432278 0.328101
0.448709 0.497019
0.465503 0.345132
0.482621 0.520514
0.50003 0.578654
0.517701 0.555267
0.535609 0.771702
0.553729 0.504017
0.572042 0.917074
0.59053 0.945616
0.609177 1.08935
0.627969 0.795031
0.646894 0.88121
0.665939 0.988627
0.275475 0.343238
0.27627 0.378884
0.278641 0.408807
0.282549 0.557229
0.287932 0.202203
0.294708 0.48478
0.302783 0.271808
0.312058 0.51163
0.322428 0.374047
0.333792 0.219657
0.346051 0.254552
0.359114 0.335301
0.372896 0.242044
0.387322 0.325949
0.40232 0.400792
0.417831 0.427018
0.433798 0.515841
0.450173 0.541917
0.466914 0.61161
0.483982 0.513927
0.501344 0.669987
0.518971 0.552288
0.536836 0.773191
0.554916 0.626824
0.573191 0.73595
0.591643 0.727534
0.610257 0.749
0.629016 0.886807
0.64791 0.729395
0.666926 0.872836
0.279427 0.367311
0.280211 0.447483
0.282549 0.397473
0.286404 0.433594
0.291715 0.461327
0.298405 0.726595
0.306384 0.489019
0.315552 0.281899
0.325811 0.291751
0.337061 0.410813
0.349205 0.442617
0.362155 0.441613
0.375826 0.327753
0.390143 0.404161
0.405037 0.353232
0.420447 0.339292
0.436318 0.457943
0.452603 0.320078
0.469257 0.742259
0.486243 0.604532
0.503527 0.547484
0.521079 0.600527
0.538874 0.684521
0.556889 0.747286
0.575101 0.661727
0.593494 0.676143
0.612051 0.697699
0.630757 0.902415
0.6496 0.733131
0.668568 0.766149
0.284869 0.453246
0.285637 0.496087
0.287932 0.926913
0.291715 0.552215
0.296932 0.22021
0.303507 0.483054
0.311354 0.2222
0.320381 0.305337
0.33049 0.291366
0.341586 0.502405
0.353575 0.443839
0.36637 0.41308
0.379889 0.232618
0.394058 0.311941
0.40881 0.460405
0.424083 0.529258
0.439823 0.52511
0.455982 0.477554
0.472517 0.639547
0.48939 0.632111
0.506567 0.367312
0.524017 0.547865
0.541716 0.538555
0.559639 0.66064
0.577765 0.859305
0.596075 0.726877
0.614554 0.874003
0.633187 1.09788
0.651959 0.906651
0.670861 1.05098
0.291715 0.299007
0.292466 0.417411
0.294708 0.368151
0.298405 0.326091
0.303507 0.334797
0.309942 0.634692
0.317631 0.489987
0.326484 0.274227
0.33641 0.298949
0.347316 0.311336
0.359114 0.497832
0.371718 0.510784
0.38505 0.332906
0.399036 0.401615
0.41361 0.558849
0.428712 0.30879
0.444288 0.47994
0.460291 0.433472
0.476676 0.641897
0.493407 0.475105
0.510448 0.669811
0.527771 0.898669
0.545348 0.818361
0.563155 0.704551
0.581171 1.07256
0.599378 0.957135
0.617758 1.26862
0.636296 0.963294
0.65498 1.06234
0.673797 1.02573
0.299872 0.26402
0.300602 0.360767
0.302783 0.394091
0.306384 0.237197
0.311354 0.539402
0.317631 0.264925
0.325138 0.55147
0.333792 0.333411
0.343506 0.233111
0.354194 0.430803
0.36577 0.355292
0.378153 0.273918
0.391265 0.336226
0.405037 0.50896
0.419402 0.446443
0.434303 0.490394
0.449686 0.45869
0.465503 0.59574
0.481711 0.404562
0.498272 0.526987
0.515153 0.545874
0.532323 0.666648
0.549754 0.758005
0.567423 0.593555
0.585308 0.569039
0.603389 0.858021
0.621651 0.737625
0.640077 1.38677
0.658653 0.874111
0.677368 1.07096
0.309234 0.379537
0.309942 0.694816
0.312058 0.274846
0.315552 0.320659
0.320381 0.306627
0.326484 0.318765
0.333792 0.383832
0.342227 0.276216
0.351709 0.334224
0.362155 0.194902
0.373484 0.403485
0.385619 0.399244
0.398486 0.34631
0.412016 0.316273
0.426146 0.532852
0.440819 0.367118
0.455982 0.508437
0.471588 0.516072
0.487594 0.860241
0.503962 0.639988
0.520658 1.06601
0.537652 0.667408
0.554916 0.820936
0.572425 0.722575
0.590159 0.655273
0.608096 0.99768
0.626221 1.20502
0.644516 0.914577
0.662968 0.7371
0.681564 0.794852
0.319696 0.246862
0.320381 0.304837
0.322428 0.456888
0.325811 0.496455
0.33049 0.34983
0.33641 0.350097
0.343506 0.551069
0.351709 0.390821
0.360942 0.300494
0.371128 0.285626
0.382191 0.228972
0.394058 0.366051
0.406658 0.310281
0.419925 0.465613
0.433798 0.29892
0.44822 0.447225
0.463141 0.322554
0.478513 0.507444
0.494295 0.48474
0.510448 0.628794
0.526939 0.721077
0.543737 0.970771
0.560813 0.791673
0.578144 0.663379
0.595707 0.934871
0.613483 0.75183
0.631452 1.04383
0.6496 0.849457
0.667912 1.05659
0.686374 0.964571
0.331153 0.248852
0.331815 0.308552
0.333792 0.43872
0.337061 0.39713
0.341586 0.52141
0.347316 0.523343
0.354194 0.369199
0.362155 0.311455
0.371128 0.385106
0.381042 0.232314
0.391825 0.424531
0.403409 0.430727
0.415726 0.289063
0.428712 0.381839
0.442309 0.662614
0.456463 0.55511
0.471123 0.518387
0.486243 0.59478
0.501781 0.574093
0.517701 0.726882
0.533968 0.771572
0.550551 0.783514
0.567423 0.737825
0.584558 0.751338
0.601934 0.885327
0.61953 0.673806
0.63733 0.959333
0.655315 0.876675
0.673471 0.699342
0.691785 1.07917
0.343506 0.418391
0.344144 0.265804
0.346051 0.375731
0.349205 0.284816
0.353575 0.428158
0.359114 0.276856
0.36577 0.2961
0.373484 0.407567
0.382191 0.344568
0.391825 0.495165
0.40232 0.426961
0.41361 0.355714
0.425631 0.546679
0.438324 0.54705
0.451632 0.435404
0.465503 0.462188
0.479886 0.458905
0.494739 0.643171
0.510019 0.546441
0.525689 0.555984
0.541716 0.526724
0.558069 0.642951
0.57472 0.693511
0.591643 0.86295
0.608817 1.33247
0.626221 0.882234
0.643835 0.829089
0.661643 0.749395
0.67963 0.772411
0.697783 0.810854
0.356663 0.340561
0.357277 0.337333
0.359114 0.308943
0.362155 0.431614
0.36637 0.377895
0.371718 0.20119
0.378153 0.389059
0.385619 0.376431
0.394058 0.233558
0.403409 0.256114
0.41361 0.397809
0.4246 0.330932
0.436318 0.394723
0.448709 0.301379
0.461718 0.624812
0.475294 0.634624
0.48939 0.769375
0.503962 0.568658
0.518971 0.527998
0.534379 0.700082
0.550153 0.713638
0.566262 1.04998
0.582679 0.892096
0.599378 0.903856
0.616336 0.972177
0.633533 1.06145
0.650949 0.696347
0.668568 0.913073
0.686374 1.18944
0.704352 0.860233
0.370536 0.457547
0.371128 0.397427
0.372896 0.352501
0.375826 0.274489
0.379889 0.381834
0.38505 0.363138
0.391265 0.496744
0.398486 0.251423
0.406658 0.404611
0.415726 0.3154
0.425631 0.711067
0.436318 0.544954
0.447731 0.397434
0.459814 0.528274
0.472517 0.29612
0.485791 0.476432
0.499591 0.637127
0.513874 0.57041
0.528601 0.701983
0.543737 0.627986
0.559247 0.604646
0.575101 0.755274
0.591273 0.786318
0.607736 0.7444
0.624467 1.22084
0.641446 1.12419
0.658653 0.748938
0.676071 1.13186
0.693684 0.998252
0.711478 0.990118
0.38505 0.270622
0.385619 0.285221
0.387322 0.341984
0.390143 0.327541
0.394058 0.510744
0.399036 0.425146
0.405037 0.342646
0.412016 0.483683
0.419925 0.340133
0.428712 0.357403
0.438324 0.36747
0.448709 0.638186
0.459814 0.665259
0.471588 0.562271
0.483982 0.571733
0.49695 0.90537
0.510448 0.618189
0.524436 0.636419
0.538874 0.67791
0.553729 0.874952
0.568967 0.472912
0.584558 0.715332
0.600474 1.1491
0.616692 0.633084
0.633187 0.730995
0.649938 0.906964
0.666926 0.946953
0.684133 0.849251
0.701544 1.08902
0.719143 0.878015
0.400134 0.406599
0.400681 0.733749
0.40232 0.268524
0.405037 0.416438
0.40881 0.708678
0.41361 0.671114
0.419402 0.350377
0.426146 0.452189
0.433798 0.633212
0.442309 0.422792
0.451632 0.575832
0.461718 0.436486
0.472517 0.452025
0.483982 0.634753
0.496067 0.712734
0.508727 0.455976
0.521921 0.461013
0.535609 0.764621
0.549754 0.49217
0.564322 0.633489
0.579281 0.701839
0.594602 0.86344
0.610257 0.996068
0.626221 1.08889
0.642471 1.04923
0.658986 1.2583
0.675747 1.31445
0.692735 0.822125
0.709935 0.897556
0.727331 1.01216
0.415726 0.401117
0.416253 0.318418
0.417831 0.376044
0.420447 0.27599
0.424083 0.441742
0.428712 0.310868
0.434303 0.477897
0.440819 0.396226
0.44822 0.480098
0.456463 0.413693
0.465503 0.534568
0.475294 0.373647
0.485791 0.474176
0.49695 0.707566
0.508727 0.558882
0.521079 0.3584
0.533968 0.686887
0.547355 0.662851
0.561204 0.997815
0.575482 0.653628
0.590159 0.767073
0.605204 0.906881
0.620592 0.712805
0.636296 1.02018
0.652296 0.770028
0.668568 0.904431
0.685095 0.854728
0.701857 1.22391
0.718838 1.10215
0.736024 1.00304
0.431771 0.715966
0.432278 0.533429
0.433798 0.368157
0.436318 0.521638
0.439823 0.396739
0.444288 0.549484
0.449686 0.462375
0.455982 0.388127
0.463141 0.554495
0.471123 0.570699
0.479886 0.412661
0.48939 0.587814
0.499591 0.458125
0.510448 0.618747
0.521921 0.569075
0.533968 1.26969
0.546553 0.56027
0.559639 0.784118
0.573191 0.907829
0.587178 0.896277
0.601569 0.859704
0.616336 0.972406
0.631452 0.730902
0.646894 0.923694
0.662637 1.12833
0.678662 0.955734
0.694948 1.46971
0.711478 0.903748
0.728235 1.12065
0.745204 0.84278
0.44822 0.505283
0.448709 0.439175
0.450173 0.452895
0.452603 0.425913
0.455982 0.354383
0.460291 0.45863
0.465503 0.46939
0.471588 0.405944
0.478513 0.371506
0.486243 0.466091
0.494739 0.780829
0.503962 0.584344
0.513874 0.864212
0.524436 0.423312
0.535609 0.680461
0.547355 0.946055
0.559639 0.863965
0.572425 0.894073
0.585682 0.502636
0.599378 0.537765
0.613483 0.8218
0.627969 1.21804
0.642812 0.97899
0.657987 1.25062
0.673471 0.882048
0.689244 1.03566
0.705286 0.754897
0.721579 1.28334
0.738107 1.27909
0.754854 0.831712
0.465031 0.506901
0.465503 0.474928
0.466914 0.373868
0.469257 0.333052
0.472517 0.551212
0.476676 0.567789
0.481711 0.702364
0.487594 0.571079
0.494295 0.736848
0.501781 0.677983
0.510019 0.495719
0.518971 0.52529
0.528601 0.705223
0.538874 0.819906
0.549754 0.57782
0.561204 0.631705
0.573191 0.713801
0.585682 0.89752
0.598645 0.740174
0.612051 0.893857
0.62587 1.4479
0.640077 0.750432
0.654645 0.867317
0.669552 0.948011
0.684774 1.0863
0.700293 0.932398
0.716087 1.02896
0.73214 1.03065
0.748435 1.04035
0.764956 0.906979
0.482166 0.756571
0.482621 0.416481
0.483982 0.595062
0.486243 0.587895
0.48939 0.469461
0.493407 0.441985
0.498272 0.855091
0.503962 0.595971
0.510448 0.61172
0.517701 0.645694
0.525689 0.497172
0.534379 0.676218
0.543737 0.827883
0.553729 0.602921
0.564322 0.802606
0.575482 0.933577
0.587178 0.894499
0.599378 0.766693
0.612051 1.06667
0.625169 1.11379
0.638705 0.927294
0.652632 1.11796
0.666926 0.781638
0.681564 0.948034
0.696524 1.1301
0.711786 0.798053
0.727331 0.922793
0.743141 0.931399
0.7592 1.05169
0.775492 1.2008
0.499591 0.588444
0.50003 0.696757
0.501344 0.529506
0.503527 0.584258
0.506567 0.592607
0.510448 0.377039
0.515153 0.762117
0.520658 0.811729
0.526939 0.883544
0.533968 0.741042
0.541716 0.769753
0.550153 0.684999
0.559247 0.591937
0.568967 0.63103
0.579281 0.96495
0.590159 0.783443
0.601569 0.75567
0.613483 0.887507
0.62587 0.660795
0.638705 0.871256
0.651959 0.87341
0.665609 0.668052
0.67963 1.27003
0.694001 0.821173
0.708698 1.09533
0.723704 0.835159
0.738998 0.929124
0.754564 1.11518
0.770384 1.38469
0.786445 0.940607
0.517277 0.615826
0.517701 0.771003
0.518971 0.511315
0.521079 0.53406
0.524017 0.557024
0.527771 0.748103
0.532323 0.627194
0.537652 0.611741
0.543737 0.621746
0.550551 0.755611
0.558069 0.57576
0.566262 0.830592
0.575101 0.704436
0.584558 0.895039
0.594602 0.773453
0.605204 1.01632
0.616336 0.931403
0.627969 0.708816
0.640077 0.988424
0.652632 1.05257
0.665609 0.691608
0.678985 0.642851
0.692735 0.861454
0.706839 0.987026
0.721275 1.02413
0.736024 1.25343
0.751068 0.926855
0.766388 1.23075
0.78197 0.963898
0.797797 0.846736
0.535199 0.977931
0.535609 0.613558
0.536836 0.627173
0.538874 0.633586
0.541716 0.548175
0.545348 0.723617
0.549754 0.783015
0.554916 0.737632
0.560813 0.585579
0.567423 0.937843
0.57472 0.988302
0.582679 0.766345
0.591273 0.93108
0.600474 0.565526
0.610257 0.7614
0.620592 0.904354
0.631452 0.755304
0.642812 0.852499
0.654645 0.924477
0.666926 0.777958
0.67963 0.650577
0.692735 0.923569
0.706218 1.32094
0.720058 1.03774
0.734234 0.968276
0.748728 0.972982
0.763521 0.997608
0.778597 0.751226
0.793939 1.32278
0.809532 1.11318
0.553333 0.610132
0.553729 0.940465
0.554916 0.669627
0.556889 0.547296
0.559639 0.622396
0.563155 0.733385
0.567423 0.86885
0.572425 0.646169
0.578144 0.614135
0.584558 0.760022
0.591643 0.842026
0.599378 0.673195
0.607736 0.736236
0.616692 1.10304
0.626221 0.985376
0.636296 0.744147
0.646894 1.1159
0.657987 0.86907
0.669552 1.04301
0.681564 1.07662
0.694001 1.09433
0.706839 0.866508
0.720058 0.824104
0.733636 1.03826
0.747555 1.24262
0.761796 1.3844
0.77634 1.28391
0.791171 0.920184
0.806274 1.24461
0.821633 1.51549
0.571659 0.731972
0.572042 0.484022
0.573191 0.84853
0.575101 0.950258
0.577765 0.582485
0.581171 1.15014
0.585308 0.743908
0.590159 0.836748
0.595707 0.838148
0.601934 0.447458
0.608817 0.828333
0.616336 0.967227
0.624467 0.586039
0.633187 0.811021
0.642471 0.827456
0.652296 0.917119
0.662637 1.10867
0.673471 1.45862
0.684774 0.806697
0.696524 1.11471
0.708698 0.621099
0.721275 1.0191
0.734234 1.1374
0.747555 1.00349
0.76122 1.1303
0.775209 0.525894
0.789506 1.00739
0.804095 1.08994
0.818959 1.21952
0.834085 1.34726
0.590159 0.764418
0.59053 0.71366
0.591643 1.06557
0.593494 0.728844
0.596075 0.7313
0.599378 0.754876
0.603389 0.812166
0.608096 0.707393
0.613483 0.610879
0.61953 0.878968
0.626221 1.29375
0.633533 1.13385
0.641446 0.934092
0.649938 1.11893
0.658986 0.982263
0.668568 1.06648
0.678662 1.01708
0.689244 1.01776
0.700293 0.890004
0.711786 0.817168
0.723704 0.952838
0.736024 1.49698
0.748728 1.49149
0.761796 1.1595
0.775209 1.19463
0.788951 1.20821
0.803003 1.14153
0.817351 1.25428
0.831979 1.00006
0.846871 0.842583
0.608817 0.689326
0.609177 0.813829
0.610257 0.707072
0.612051 0.999445
0.614554 0.665095
0.617758 0.772328
0.621651 0.679294
0.626221 0.928204
0.631452 1.00555
0.63733 1.04153
0.643835 1.01672
0.650949 0.692067
0.658653 0.728828
0.666926 1.10873
0.675747 0.991094
0.685095 0.77381
0.694948 0.775798
0.705286 0.85484
0.716087 0.941473
0.727331 0.763099
0.738998 0.587261
0.751068 1.10294
0.763521 1.34171
0.77634 1.29641
0.789506 1.11196
0.803003 0.985487
0.816814 1.20455
0.830923 1.0626
0.845316 1.36979
0.859978 0.996938
0.62762 0.76049
0.627969 0.835236
0.629016 1.06577
0.630757 0.736233
0.633187 0.947033
0.636296 1.15395
0.640077 0.722026
0.644516 0.828469
0.6496 1.08109
0.655315 0.962721
0.661643 0.874224
0.668568 1.06442
0.676071 0.693191
0.684133 0.910289
0.692735 1.24531
0.701857 0.926582
0.711478 1.05041
0.721579 1.50404
0.73214 1.33538
0.743141 1.20097
0.754564 1.70464
0.766388 1.07148
0.778597 0.832689
0.791171 1.20116
0.804095 1.14768
0.817351 1.05369
0.830923 1.10668
0.844797 0.925587
0.858957 1.05231
0.87339 1.33882
0.646554 1.13768
0.646894 1.01412
0.64791 1.0964
0.6496 1.00984
0.651959 0.93847
0.65498 0.830613
0.658653 0.961847
0.662968 0.685266
0.667912 1.01452
0.673471 1.17736
0.67963 0.97047
0.686374 1.09735
0.693684 0.95207
0.701544 1.01931
0.709935 1.4955
0.718838 0.865447
0.728235 0.876926
0.738107 1.0676
0.748435 1.36362
0.7592 1.16958
0.770384 0.935339
0.78197 1.56294
0.793939 1.21876
0.806274 0.705875
0.818959 1.06032
0.831979 1.20982
0.845316 0.722877
0.858957 1.21716
0.872888 0.960229
0.887094 1.10218
0.665609 0.753918
0.665939 0.973999
0.666926 0.774049
0.668568 0.961369
0.670861 0.834597
0.673797 1.13806
0.677368 1.02448
0.681564 1.03808
0.686374 0.716557
0.691785 0.974713
0.697783 1.25845
0.704352 1.29195
0.711478 0.804756
0.719143 0.971054
0.727331 1.26202
0.736024 0.776861
0.745204 1.30926
0.754854 1.08384
0.764956 1.17717
0.775492 1.26341
0.786445 1.15288
0.797797 0.863334
0.809532 0.881911
0.821633 0.948259
0.834085 1.15968
0.846871 1.04753
0.859978 1.32362
0.87339 0.925975
0.887094 1.15848
0.901077 0.903247
0.293215 0.416818
0.293962 0.437995
0.296192 0.373307
0.299872 0.262759
0.304949 0.405606
0.311354 0.332134
0.319009 0.374702
0.327825 0.483233
0.337711 0.283351
0.348577 0.308528
0.360333 0.255617
0.372896 0.229505
0.386187 0.429967
0.400134 0.234765
0.414669 0.315367
0.429734 0.536671
0.445275 0.598436
0.461243 0.306647
0.477596 0.477682
0.494295 0.481703
0.511307 0.815934
0.528601 0.557885
0.546151 0.772466
0.563933 0.894419
0.581925 0.857969
0.600109 0.801042
0.618467 0.740149
0.636985 1.11093
0.655649 0.920064
0.674447 1.20829
0.293962 0.327857
0.294708 0.533543
0.296932 0.391902
0.300602 0.453431
0.305667 0.177476
0.312058 0.547867
0.319696 0.30413
0.328493 0.522206
0.33836 0.391258
0.349205 0.255898
0.360942 0.260615
0.373484 0.308369
0.386755 0.42215
0.400681 0.369136
0.415198 0.380079
0.430244 0.464522
0.445767 0.50481
0.461718 0.467719
0.478055 0.61598
0.494739 0.632845
0.511736 0.67975
0.529016 0.559653
0.546553 0.907889
0.564322 0.685634
0.582302 0.891841
0.600474 1.03692
0.618822 0.736214
0.63733 0.972497
0.655984 1.07068
0.674772 0.993644
0.296192 0.358055
0.296932 0.295542
0.299139 0.391351
0.302783 0.254921
0.307812 0.393524
0.314159 0.318874
0.321747 0.283762
0.33049 0.328616
0.340299 0.288464
0.351085 0.759504
0.36276 0.347925
0.375242 0.284297
0.388452 0.390869
0.40232 0.40637
0.416779 0.443674
0.431771 0.396531
0.44724 0.480936
0.463141 0.65354
0.479429 0.684748
0.496067 0.714043
0.51302 0.496472
0.530258 0.657067
0.547755 0.776995
0.565487 1.01534
0.583431 0.69236
0.601569 0.858706
0.619884 0.863197
0.638361 1.13068
0.656986 0.972185
0.675747 0.686315
0.299872 0.520838
0.300602 0.329704
0.302783 0.398239
0.306384 0.274568
0.311354 0.241685
0.317631 0.360673
0.325138 0.352246
0.333792 0.325428
0.343506 0.340066
0.354194 0.380382
0.36577 0.462775
0.378153 0.353452
0.391265 0.296045
0.405037 0.26272
0.419402 0.314593
0.434303 0.564231
0.449686 0.544864
0.465503 0.654628
0.481711 0.529553
0.498272 0.683401
0.515153 0.561608
0.532323 0.462904
0.549754 0.634242
0.567423 0.536069
0.585308 0.658206
0.603389 0.685742
0.621651 0.990577
0.640077 0.803605
0.658653 1.01616
0.677368 1.03552
0.304949 0.285262
0.305667 0.309603
0.307812 0.384364
0.311354 0.211952
0.316247 0.283835
0.322428 0.451642
0.329826 0.230991
0.33836 0.356186
0.347947 0.42595
0.358503 0.331927
0.369944 0.309348
0.382191 0.167607
0.39517 0.290342
0.40881 0.364064
0.423047 0.50114
0.437824 0.543548
0.453087 0.516724
0.468789 0.523598
0.484888 0.474986
0.501344 0.550822
0.518125 0.560382
0.535199 0.706912
0.552539 0.733467
0.570122 0.443152
0.587925 0.75531
0.605928 0.656549
0.624116 0.691262
0.642471 1.04475
0.66098 0.937859
0.67963 1.16557
0.311354 0.490864
0.312058 0.231537
0.314159 0.191115
0.317631 0.293464
0.322428 0.26862
0.328493 0.342033
0.335757 0.291184
0.344144 0.269459
0.353575 0.371936
0.363967 0.33968
0.375242 0.350988
0.387322 0.420026
0.400134 0.382682
0.41361 0.280991
0.427688 0.370393
0.442309 0.359341
0.457423 0.626796
0.472981 0.442919
0.488941 0.570505
0.505266 0.369627
0.521921 0.737729
0.538874 0.836619
0.5561 0.571659
0.573574 0.938241
0.591273 0.88684
0.609177 0.752676
0.62727 0.91757
0.645536 0.870281
0.66396 1.21795
0.682529 1.03785
0.319009 0.395712
0.319696 0.362755
0.321747 0.28781
0.325138 0.311844
0.329826 0.308876
0.335757 0.424959
0.342867 0.339857
0.351085 0.31417
0.360333 0.332378
0.370536 0.436401
0.381617 0.48623
0.393501 0.501208
0.406118 0.362304
0.419402 0.59484
0.433292 0.557021
0.447731 0.252521
0.462667 0.420797
0.478055 0.608452
0.493851 0.576966
0.510019 0.526912
0.526523 0.734533
0.543333 0.495073
0.560422 0.888211
0.577765 0.634379
0.595339 0.830152
0.613125 0.912169
0.631105 0.89825
0.649262 1.21574
0.667583 0.828173
0.686054 1.17432
0.327825 0.610008
0.328493 0.472515
0.33049 0.395461
0.333792 0.260371
0.33836 0.398353
0.344144 0.336557
0.351085 0.378838
0.359114 0.402658
0.368161 0.351696
0.378153 0.444722
0.389017 0.586297
0.400681 0.412248
0.413079 0.367131
0.426146 0.39278
0.439823 0.306853
0.454054 0.377711
0.468789 0.525692
0.483982 0.611166
0.499591 0.802913
0.515579 0.676208
0.53191 0.711997
0.548556 0.934215
0.565487 0.603906
0.582679 0.614458
0.600109 0.657287
0.617758 0.805907
0.635607 0.821337
0.653639 1.11548
0.671841 0.896795
0.690198 0.799138
0.337711 0.67989
0.33836 0.379277
0.340299 0.212102
0.343506 0.387712
0.347947 0.275859
0.353575 0.431289
0.360333 0.380489
0.368161 0.396133
0.376991 0.369317
0.386755 0.57239
0.397384 0.343282
0.40881 0.344227
0.420968 0.352808
0.433798 0.31459
0.44724 0.383636
0.461243 0.94014
0.475755 0.392936
0.490732 0.742505
0.506133 0.584902
0.521921 0.774362
0.53806 0.815096
0.554521 0.703594
0.571275 0.524162
0.588298 0.742308
0.605566 0.830916
0.623061 0.648537
0.640762 0.966718
0.658653 0.941304
0.67672 0.881675
0.694948 1.13669
0.348577 0.329204
0.349205 0.363299
0.351085 0.215085
0.354194 0.207497
0.358503 0.316796
0.363967 0.375549
0.370536 0.413298
0.378153 0.359723
0.386755 0.333415
0.396278 0.467629
0.406658 0.41908
0.417831 0.577183
0.429734 0.540522
0.442309 0.346279
0.455501 0.375572
0.469257 0.523545
0.483529 0.552926
0.498272 0.739722
0.513447 0.782569
0.529016 0.453249
0.544945 0.694906
0.561204 0.77866
0.577765 0.962878
0.594602 1.07235
0.611692 0.81168
0.629016 0.902467
0.646554 0.530493
0.66429 1.18578
0.682207 0.898487
0.700293 1.27138
0.360333 0.570493
0.360942 0.451219
0.36276 0.341313
0.36577 0.474411
0.369944 0.335133
0.375242 0.359241
0.381617 0.35185
0.389017 0.262607
0.397384 0.421266
0.406658 0.585495
0.416779 0.308885
0.427688 0.447025
0.439324 0.304687
0.451632 0.696156
0.464559 0.553216
0.478055 0.72477
0.492071 0.662974
0.506567 0.603808
0.5215 0.763075
0.536836 0.522577
0.552539 0.713636
0.568581 0.48023
0.584933 0.963625
0.601569 1.24945
0.618467 0.618798
0.635607 1.02619
0.652968 1.00757
0.670534 0.722266
0.688288 0.971126
0.706218 0.931562
0.372896 0.304196
0.373484 0.29723
0.375242 0.312095
0.378153 0.351737
0.382191 0.233777
0.387322 0.450476
0.393501 0.260296
0.400681 0.397167
0.40881 0.366314
0.417831 0.452417
0.427688 0.336249
0.438324 0.430814
0.449686 0.409918
0.461718 0.433231
0.47437 0.627539
0.487594 0.424396
0.501344 0.491935
0.515579 0.496195
0.530258 0.886663
0.545348 0.640972
0.560813 0.679585
0.576625 1.06077
0.592755 0.85161
0.609177 0.913009
0.62587 1.08701
0.642812 0.952739
0.659984 0.785138
0.677368 0.815207
0.694948 0.913344
0.71271 1.10611
0.386187 0.306771
0.386755 0.195482
0.388452 0.602189
0.391265 0.275107
0.39517 0.344753
0.400134 0.477879
0.406118 0.646025
0.413079 0.50334
0.420968 0.291579
0.429734 0.351742
0.439324 0.509733
0.449686 0.544238
0.460767 0.493815
0.472517 0.468822
0.484888 0.912985
0.497832 0.593106
0.511307 0.417198
0.525272 0.354992
0.539688 0.65221
0.554521 0.604598
0.569737 0.933178
0.585308 0.817045
0.601204 0.911461
0.617403 0.638496
0.633879 0.466314
0.650612 0.681241
0.667583 1.14397
0.684774 1.0904
0.702169 0.942875
0.719753 0.967045
0.400134 0.29365
0.400681 0.25715
0.40232 0.368725
0.405037 0.577335
0.40881 0.360049
0.41361 0.376822
0.419402 0.3312
0.426146 0.297324
0.433798 0.457061
0.442309 0.440966
0.451632 0.608444
0.461718 0.415627
0.472517 0.511793
0.483982 0.3112
0.496067 0.708693
0.508727 0.676727
0.521921 0.428108
0.535609 0.667061
0.549754 1.02406
0.564322 0.849984
0.579281 0.605637
0.594602 0.756875
0.610257 1.00494
0.626221 0.908873
0.642471 1.04958
0.658986 0.946716
0.675747 0.833452
0.692735 1.13055
0.709935 0.976209
0.727331 1.26192
0.414669 0.509432
0.415198 0.427853
0.416779 0.546607
0.419402 0.464043
0.423047 0.377662
0.427688 0.269847
0.433292 0.473676
0.439823 0.512819
0.44724 0.461593
0.455501 0.676151
0.464559 0.428036
0.47437 0.575439
0.484888 0.463837
0.496067 0.555755
0.507864 0.559066
0.520237 0.741385
0.533146 0.570652
0.546553 0.549921
0.560422 0.588455
0.57472 0.74024
0.589415 0.797354
0.604479 0.726077
0.619884 0.698462
0.635607 1.0259
0.651623 1.01073
0.667912 1.18714
0.684454 0.6842
0.701232 1.15787
0.718228 1.33295
0.735428 0.955297
0.429734 0.581489
0.430244 0.467051
0.431771 0.44047
0.434303 0.587983
0.437824 0.581539
0.442309 0.378823
0.447731 0.487519
0.454054 0.453893
0.461243 0.53044
0.469257 0.565224
0.478055 0.479292
0.487594 0.524619
0.497832 0.408061
0.508727 0.526758
0.520237 0.777391
0.532323 0.613547
0.544945 0.730436
0.558069 0.698499
0.571659 0.579466
0.585682 0.702118
0.600109 0.959205
0.614911 0.869138
0.630061 0.725921
0.645536 1.1765
0.661312 0.943302
0.677368 1.08189
0.693684 0.995315
0.710244 1.21668
0.72703 0.914667
0.744026 0.952876
0.445275 0.540543
0.445767 0.650884
0.44724 0.757999
0.449686 0.453471
0.453087 0.441766
0.457423 0.541995
0.462667 0.723543
0.468789 0.70443
0.475755 0.468126
0.483529 0.603091
0.492071 0.512292
0.501344 0.517531
0.511307 0.709102
0.521921 0.518719
0.533146 0.682814
0.544945 0.623927
0.557282 0.946969
0.570122 1.08396
0.583431 0.718044
0.597178 0.763542
0.611334 0.853569
0.62587 1.05874
0.640762 0.937897
0.655984 0.833296
0.671514 0.67008
0.687332 0.892349
0.703417 1.06704
0.719753 1.00219
0.736322 1.27344
0.753109 1.32349
0.461243 0.429403
0.461718 0.561191
0.463141 0.567422
0.465503 0.60206
0.468789 0.649514
0.472981 0.553352
0.478055 0.388525
0.483982 0.535935
0.490732 0.727363
0.498272 0.468569
0.506567 0.591098
0.515579 0.545755
0.525272 0.57931
0.535609 0.633967
0.546553 0.822562
0.558069 0.641641
0.570122 0.799571
0.582679 0.909634
0.595707 1.19455
0.609177 0.984562
0.623061 1.03163
0.63733 0.977262
0.651959 0.981332
0.666926 0.963021
0.682207 1.32971
0.697783 0.939887
0.713633 0.818818
0.72974 0.994885
0.746087 1.03599
0.762659 1.14746
0.477596 0.397056
0.478055 0.529774
0.479429 0.461623
0.481711 0.572086
0.484888 0.680715
0.488941 0.592756
0.493851 0.521664
0.499591 0.708962
0.506133 0.59309
0.513447 0.742699
0.5215 0.942272
0.530258 0.775443
0.539688 0.932897
0.549754 0.473848
0.560422 0.784086
0.571659 0.550229
0.583431 1.14378
0.595707 1.04023
0.608457 0.817519
0.621651 1.13183
0.635261 0.978184
0.649262 1.22943
0.663629 1.33617
0.678338 0.788862
0.693368 1.01404
0.708698 0.831574
0.72431 0.807931
0.740184 1.15596
0.756306 1.37613
0.772659 1.03487
0.494295 0.437997
0.494739 0.351223
0.496067 0.437112
0.498272 0.711432
0.501344 0.650715
0.505266 0.596646
0.510019 0.548504
0.515579 0.381297
0.521921 0.764092
0.529016 0.843204
0.536836 0.613348
0.545348 0.592558
0.554521 0.683525
0.564322 0.77534
0.57472 0.873019
0.585682 0.578063
0.597178 0.720764
0.609177 0.831199
0.621651 1.07578
0.634571 1.00615
0.64791 1.05182
0.661643 1.22593
0.675747 0.723173
0.690198 0.766462
0.704975 1.22108
0.720058 1.18235
0.735428 0.951488
0.751068 1.45919
0.766961 0.98171
0.783091 1.00932
0.511307 0.581586
0.511736 0.576523
0.51302 0.645233
0.515153 0.577487
0.518125 0.632138
0.521921 0.629073
0.526523 0.618772
0.53191 0.975385
0.53806 0.576869
0.544945 0.677587
0.552539 0.556332
0.560813 0.72293
0.569737 0.764898
0.579281 0.913279
0.589415 0.823924
0.600109 0.835859
0.611334 0.875163
0.623061 1.09973
0.635261 0.982315
0.64791 1.32476
0.66098 0.730295
0.674447 1.16359
0.688288 0.784263
0.702481 1.24164
0.717005 1.06796
0.731841 1.2942
0.746968 0.971854
0.762371 1.31249
0.778033 1.17814
0.793939 0.735473
0.528601 0.718736
0.529016 0.557584
0.530258 0.723252
0.532323 0.608893
0.535199 0.732362
0.538874 0.870838
0.543333 0.523657
0.548556 1.07739
0.554521 0.643578
0.561204 0.585491
0.568581 0.732631
0.576625 0.79375
0.585308 1.23926
0.594602 0.548658
0.604479 0.838361
0.614911 1.04894
0.62587 0.65574
0.63733 1.07347
0.649262 0.808753
0.661643 1.12417
0.674447 1.1581
0.687651 1.01434
0.701232 0.752027
0.715168 1.16389
0.729439 1.43018
0.744026 1.1185
0.758911 0.97405
0.774077 0.748556
0.789506 0.972858
0.805185 0.979546
0.546151 0.689363
0.546553 0.697296
0.547755 0.593252
0.549754 0.915995
0.552539 0.626349
0.5561 0.765504
0.560422 0.714666
0.565487 0.824799
0.571275 0.648379
0.577765 0.915351
0.584933 0.676545
0.592755 0.749552
0.601204 0.691039
0.610257 0.48694
0.619884 0.706029
0.630061 0.893367
0.640762 1.01079
0.651959 1.24215
0.663629 1.16816
0.675747 1.11242
0.688288 0.921795
0.701232 1.19607
0.714554 1.01402
0.728235 1.0582
0.742256 0.856325
0.756596 1.51446
0.771238 1.17517
0.786166 1.19019
0.801363 0.986929
0.816814 1.10697
0.563933 0.756638
0.564322 0.772687
0.565487 0.724518
0.567423 0.902119
0.570122 0.857795
0.573574 0.667639
0.577765 0.915198
0.582679 0.856133
0.588298 0.588774
0.594602 0.801395
0.601569 1.19203
0.609177 0.816307
0.617403 0.922752
0.626221 0.941354
0.635607 0.763985
0.645536 0.91054
0.655984 1.37844
0.666926 0.907089
0.678338 0.976213
0.690198 1.163
0.702481 0.81282
0.715168 1.12908
0.728235 1.05246
0.741664 1.08742
0.755435 0.975512
0.76953 1.02984
0.783931 0.834441
0.798621 0.812207
0.813586 1.25176
0.828809 1.10234
0.581925 0.975698
0.582302 0.661844
0.583431 0.629248
0.585308 1.2244
0.587925 0.753641
0.591273 0.618073
0.595339 0.690952
0.600109 0.86477
0.605566 1.3455
0.611692 1.12967
0.618467 1.04929
0.62587 0.916351
0.633879 0.624787
0.642471 0.95615
0.651623 0.74863
0.661312 0.868589
0.671514 1.10711
0.682207 0.892422
0.693368 1.47794
0.704975 0.706883
0.717005 0.758921
0.729439 0.946941
0.742256 0.930692
0.755435 1.19215
0.76896 0.925019
0.782811 1.00249
0.796972 0.949278
0.811426 1.00167
0.826159 0.859312
0.841155 0.831115
0.600109 0.584622
0.600474 0.731767
0.601569 0.968753
0.603389 1.25902
0.605928 1.05064
0.609177 0.981907
0.613125 0.874706
0.617758 0.83973
0.623061 0.751432
0.629016 0.916376
0.635607 0.726224
0.642812 0.788597
0.650612 0.796279
0.658986 1.28388
0.667912 0.648328
0.677368 0.811195
0.687332 0.884218
0.697783 0.863259
0.708698 0.848589
0.720058 0.817631
0.731841 0.914074
0.744026 0.833336
0.756596 0.981861
0.76953 0.781468
0.782811 0.958135
0.796421 1.02087
0.810344 0.846213
0.824564 1.06965
0.839066 1.21322
0.853835 1.06982
0.618467 1.05467
0.618822 0.769371
0.619884 0.858196
0.621651 1.03685
0.624116 0.815844
0.62727 0.705278
0.631105 0.799685
0.635607 1.14284
0.640762 1.08755
0.646554 0.600586
0.652968 1.16321
0.659984 1.01481
0.667583 1.12783
0.675747 0.974787
0.684454 0.939922
0.693684 0.942929
0.703417 0.804279
0.713633 0.978099
0.72431 1.01706
0.735428 0.92626
0.746968 0.944346
0.758911 0.824049
0.771238 0.745217
0.783931 1.36023
0.796972 0.832235
0.810344 0.88638
0.824032 1.17869
0.83802 1.11119
0.852293 1.21886
0.866837 1.32001
0.636985 0.831883
0.63733 0.896902
0.638361 0.753597
0.640077 0.78192
0.642471 0.800626
0.645536 0.754797
0.649262 0.825597
0.653639 0.779173
0.658653 0.663108
0.66429 0.97913
0.670534 0.972776
0.677368 1.17888
0.684774 0.796514
0.692735 0.903764
0.701232 1.12548
0.710244 0.741921
0.719753 1.21996
0.72974 0.960932
0.740184 0.969563
0.751068 0.949387
0.762371 1.23445
0.774077 1.0748
0.786166 0.896887
0.798621 1.08603
0.811426 0.953143
0.824564 1.05287
0.83802 0.867227
0.851778 0.825585
0.865824 1.00983
0.880144 1.19302
0.655649 1.58321
0.655984 0.91621
0.656986 1.0716
0.658653 0.736709
0.66098 1.01041
0.66396 0.936679
0.667583 0.870518
0.671841 0.996122
0.67672 0.912103
0.682207 1.15155
0.688288 1.00189
0.694948 1.0427
0.702169 0.895866
0.709935 0.931967
0.718228 0.724528
0.72703 0.87066
0.736322 1.31313
0.746087 1.12759
0.756306 0.778318
0.766961 1.21883
0.778033 1.05504
0.789506 1.10213
0.801363 0.694635
0.813586 1.09876
0.826159 0.884056
0.839066 1.14346
0.852293 1.12956
0.865824 1.35165
0.879646 1.19903
0.893745 1.00028
0.674447 0.702111
0.674772 1.1009
0.675747 1.08388
0.677368 0.783672
0.67963 1.01445
0.682529 1.19162
0.686054 0.915723
0.690198 0.632493
0.694948 0.901717
0.700293 0.952259
0.706218 1.07168
0.71271 1.08024
0.719753 1.10259
0.727331 0.720787
0.735428 0.973294
0.744026 1.10469
0.753109 1.09674
0.762659 1.13924
0.772659 1.18825
0.783091 0.884299
0.793939 1.27037
0.805185 1.10851
0.816814 0.977987
0.828809 1.19869
0.841155 1.02534
0.853835 1.41686
0.866837 1.0365
0.880144 1.00447
0.893745 1.28959
0.907625 1.16336
0.314159 0.553374
0.314857 0.393127
0.316939 0.312859
0.320381 0.561136
0.325138 0.378079
0.331153 0.305827
0.33836 0.256197
0.346684 0.33885
0.356047 0.194788
0.36637 0.327503
0.377572 0.288203
0.38958 0.35187
0.40232 0.423406
0.415726 0.39783
0.429734 0.473699
0.444288 0.379679
0.459337 0.430518
0.474832 0.467454
0.490732 0.650928
0.506999 0.776622
0.523599 0.635136
0.5405 0.692889
0.557676 0.692839
0.575101 0.666383
0.592755 0.885683
0.610616 1.01295
0.628667 0.716432
0.646894 0.915063
0.66528 1.02781
0.683813 0.952682
0.314857 0.450675
0.315552 0.543064
0.317631 0.216015
0.321065 0.183278
0.325811 0.361057
0.331815 0.404398
0.339007 0.318231
0.347316 0.337779
0.356663 0.389281
0.366968 0.306578
0.378153 0.254413
0.390143 0.309711
0.402865 0.273776
0.416253 0.232087
0.430244 0.458496
0.444782 0.429527
0.459814 0.406646
0.475294 0.605374
0.491179 1.02834
0.507432 0.826975
0.524017 0.679196
0.540906 0.489188
0.558069 0.938308
0.575482 0.774697
0.593124 0.811488
0.610975 1.11294
0.629016 0.919859
0.647232 0.459566
0.665609 0.910208
0.684133 0.744112
0.316939 0.508727
0.317631 0.872618
0.319696 0.303958
0.323108 0.25021
0.327825 0.449364
0.333792 0.291227
0.340943 0.428553
0.349205 0.307531
0.358503 0.53681
0.368756 0.384891
0.379889 0.625662
0.391825 0.725204
0.404495 0.564494
0.417831 0.286603
0.431771 0.877447
0.446259 0.577865
0.461243 0.7149
0.476676 0.592176
0.492517 0.723332
0.508727 0.456408
0.525272 0.771494
0.542121 0.704344
0.559247 0.546259
0.576625 0.792643
0.594233 0.535772
0.612051 0.958731
0.630061 1.05782
0.648248 0.88801
0.666597 1.00053
0.685095 1.0093
0.320381 0.613924
0.321065 0.237061
0.323108 0.254689
0.326484 0.677482
0.331153 0.232862
0.337061 0.342942
0.344144 0.365138
0.352332 0.403438
0.361549 0.315312
0.371718 0.34879
0.382765 0.238107
0.394614 0.344145
0.407197 0.25463
0.420447 0.380291
0.434303 0.327631
0.448709 0.447225
0.463614 0.582758
0.478971 0.490788
0.494739 0.763966
0.510878 0.561379
0.527355 0.640379
0.54414 0.658299
0.561204 0.957585
0.578523 0.797013
0.596075 0.694005
0.61384 0.784792
0.6318 0.87265
0.649938 1.04829
0.66824 0.854166
0.686693 1.14171
0.325138 0.755754
0.325811 0.440254
0.327825 0.447395
0.331153 0.365184
0.335757 0.496305
0.341586 0.287745
0.348577 0.45199
0.356663 0.355532
0.36577 0.304954
0.375826 0.400749
0.386755 0.581488
0.398486 0.439037
0.41095 0.273182
0.424083 0.417231
0.437824 0.592405
0.452118 0.634541
0.466914 0.596116
0.482166 0.514191
0.497832 0.685913
0.513874 0.647149
0.530258 0.564612
0.546954 0.554328
0.563933 0.601675
0.581171 0.751831
0.598645 0.853488
0.616336 0.854405
0.634225 0.988566
0.652296 0.682591
0.670534 1.1018
0.688925 0.766904
0.331153 0.398138
0.331815 0.256424
0.333792 0.393168
0.337061 0.338852
0.341586 0.470578
0.347316 0.303507
0.354194 0.266889
0.362155 0.484899
0.371128 0.292029
0.381042 0.304608
0.391825 0.392095
0.403409 0.460874
0.415726 0.382596
0.428712 0.499509
0.442309 0.40813
0.456463 0.432883
0.471123 0.732325
0.486243 0.404125
0.501781 0.515458
0.517701 0.596222
0.533968 0.808747
0.550551 0.699626
0.567423 0.812085
0.584558 0.915282
0.601934 0.857535
0.61953 1.00408
0.63733 0.928903
0.655315 0.902675
0.673471 0.907685
0.691785 0.993797
0.33836 0.342471
0.339007 0.359464
0.340943 0.200837
0.344144 0.482136
0.348577 0.542916
0.354194 0.325397
0.360942 0.223418
0.368756 0.269488
0.377572 0.358334
0.387322 0.46076
0.397935 0.403444
0.409346 0.249143
0.421489 0.314919
0.434303 0.309023
0.447731 0.454792
0.461718 0.55692
0.476216 0.456193
0.491179 0.633171
0.506567 0.684833
0.522341 0.533846
0.538467 0.488633
0.554916 1.03034
0.571659 0.846415
0.58867 0.788115
0.605928 0.89529
0.623412 1.28425
0.641104 0.751243
0.658986 0.717086
0.677044 1.09305
0.695263 0.978494
0.346684 0.297332
0.347316 0.453166
0.349205 0.320842
0.352332 0.25094
0.356663 0.480222
0.362155 0.278488
0.368756 0.28443
0.376409 0.304653
0.38505 0.303285
0.394614 0.351892
0.405037 0.358975
0.416253 0.337272
0.4282 0.377221
0.440819 0.438481
0.454054 0.47139
0.467852 0.535585
0.482166 0.517846
0.49695 0.593622
0.512164 0.689274
0.527771 0.565095
0.543737 0.582702
0.56003 0.728261
0.576625 0.662503
0.593494 0.918954
0.610616 0.888797
0.627969 0.971667
0.645536 1.22738
0.663299 1.1213
0.681242 0.841836
0.699352 1.22037
0.356047 0.318032
0.356663 0.343364
0.358503 0.430538
0.361549 0.328808
0.36577 0.279737
0.371128 0.350544
0.377572 0.345302
0.38505 0.569688
0.393501 0.310082
0.402865 0.293527
0.413079 0.610978
0.424083 0.65807
0.435815 0.678072
0.44822 0.67495
0.461243 0.313692
0.474832 0.41552
0.488941 0.950236
0.503527 0.72734
0.518548 0.468695
0.533968 0.704737
0.549754 0.706404
0.565874 0.847333
0.582302 0.725517
0.599012 1.00392
0.61598 0.91963
0.633187 1.15875
0.650612 1.18373
0.66824 1.11064
0.686054 0.851203
0.704041 1.27139
0.36637 0.39212
0.366968 0.425011
0.368756 0.446532
0.371718 0.346141
0.375826 0.372425
0.381042 0.785609
0.387322 0.26805
0.394614 0.488228
0.402865 0.453731
0.412016 0.307963
0.422009 0.310387
0.432785 0.468221
0.444288 0.56349
0.456463 0.382883
0.469257 0.855369
0.482621 0.549408
0.496509 0.468161
0.510878 0.691657
0.525689 0.545179
0.540906 0.723172
0.556495 0.612719
0.572425 1.10109
0.58867 0.806532
0.605204 1.12378
0.622004 1.39825
0.639048 0.994696
0.656318 0.66878
0.673797 0.651086
0.691468 1.13484
0.709317 1.08643
0.377572 0.328457
0.378153 0.323751
0.379889 0.266402
0.382765 0.395001
0.386755 0.337064
0.391825 0.289233
0.397935 0.317218
0.405037 0.633301
0.413079 0.317482
0.422009 0.288871
0.431771 0.314413
0.442309 0.386991
0.453571 0.451861
0.465503 0.446175
0.478055 0.475325
0.491179 0.756146
0.504832 0.727411
0.518971 0.661275
0.533557 0.733256
0.548556 0.618471
0.563933 0.699186
0.57966 1.16717
0.595707 0.677792
0.612051 0.869446
0.628667 1.08174
0.645536 1.15795
0.662637 0.900345
0.679953 0.873351
0.697468 1.03316
0.715168 0.860265
0.38958 0.399832
0.390143 0.377878
0.391825 0.434578
0.394614 0.306704
0.398486 0.394741
0.403409 0.400753
0.409346 0.379536
0.416253 0.472869
0.424083 0.617374
0.432785 0.434084
0.442309 0.636834
0.452603 0.755175
0.463614 0.394895
0.475294 0.503007
0.487594 0.455518
0.500468 0.604977
0.513874 0.413767
0.527771 1.04771
0.542121 0.691365
0.556889 1.01767
0.572042 0.803394
0.587552 0.756947
0.603389 0.695343
0.61953 0.766043
0.635952 0.928002
0.652632 0.822324
0.669552 1.12981
0.686693 1.08147
0.704041 1.01435
0.721579 1.24146
0.40232 0.588941
0.402865 0.331316
0.404495 0.403191
0.407197 0.254643
0.41095 0.470889
0.415726 0.280329
0.421489 0.291642
0.4282 0.315458
0.435815 0.507164
0.444288 0.38702
0.453571 0.550858
0.463614 0.657337
0.47437 0.568447
0.485791 0.551883
0.497832 0.570764
0.510448 0.652328
0.523599 0.508929
0.537244 0.655762
0.551347 0.605993
0.565874 0.748654
0.580794 0.65285
0.596075 0.932466
0.611692 0.666
0.62762 0.875173
0.643835 1.06849
0.660316 1.29976
0.677044 1.23617
0.694001 0.875707
0.71117 0.755627
0.728536 1.28559
0.415726 0.315712
0.416253 0.499838
0.417831 0.321565
0.420447 0.363279
0.424083 0.461606
0.428712 0.403142
0.434303 0.356505
0.440819 0.529923
0.44822 0.333267
0.456463 0.424757
0.465503 0.529833
0.475294 0.763126
0.485791 0.537282
0.49695 0.414412
0.508727 0.566923
0.521079 0.871582
0.533968 0.729865
0.547355 0.712781
0.561204 0.741404
0.575482 0.942823
0.590159 1.08361
0.605204 0.726456
0.620592 1.00791
0.636296 1.02386
0.652296 0.920682
0.668568 0.899289
0.685095 0.654884
0.701857 0.882389
0.718838 0.884832
0.736024 1.03305
0.429734 0.477624
0.430244 0.43396
0.431771 0.363022
0.434303 0.398071
0.437824 0.531926
0.442309 0.502691
0.447731 0.432864
0.454054 0.36019
0.461243 0.431472
0.469257 0.444084
0.478055 0.508884
0.487594 0.585759
0.497832 0.549247
0.508727 0.465326
0.520237 0.611155
0.532323 0.599136
0.544945 0.677779
0.558069 0.653065
0.571659 0.572706
0.585682 0.667376
0.600109 0.921223
0.614911 0.947551
0.630061 0.908621
0.645536 0.847133
0.661312 0.919225
0.677368 1.22119
0.693684 1.19563
0.710244 0.958999
0.72703 1.29733
0.744026 1.25824
0.444288 0.53015
0.444782 0.435093
0.446259 0.619546
0.448709 0.450554
0.452118 0.484923
0.456463 0.393611
0.461718 0.558056
0.467852 0.473747
0.474832 0.768173
0.482621 0.60243
0.491179 0.416434
0.500468 0.562133
0.510448 0.621311
0.521079 0.353605
0.532323 0.80126
0.54414 0.773176
0.556495 0.815666
0.569352 0.707827
0.582679 0.937337
0.596443 0.817827
0.610616 0.948204
0.625169 1.04097
0.640077 1.05289
0.655315 1.00526
0.670861 1.09041
0.686693 1.03199
0.702794 0.847733
0.719143 1.14905
0.735726 1.06756
0.752526 0.92709
0.459337 0.423379
0.459814 0.627428
0.461243 0.469965
0.463614 0.473657
0.466914 0.388046
0.471123 0.467093
0.476216 0.637923
0.482166 0.60443
0.488941 0.659423
0.496509 0.50695
0.504832 0.583768
0.513874 0.581286
0.523599 0.704773
0.533968 0.669288
0.544945 0.645678
0.556495 0.624916
0.568581 0.620979
0.581171 0.726932
0.594233 0.912947
0.607736 0.918406
0.621651 0.475043
0.635952 0.754451
0.650612 0.953493
0.665609 1.10231
0.68092 0.980573
0.696524 0.774763
0.712402 0.970002
0.728536 0.739105
0.74491 0.843417
0.761508 1.06311
0.474832 0.493632
0.475294 0.405591
0.476676 0.665574
0.478971 0.499817
0.482166 0.658692
0.486243 0.481313
0.491179 0.385994
0.49695 0.524175
0.503527 0.558526
0.510878 0.509198
0.518971 0.584047
0.527771 0.591294
0.537244 0.530412
0.547355 0.43723
0.558069 0.885778
0.569352 0.848304
0.581171 0.649243
0.593494 0.838924
0.60629 0.794435
0.61953 0.750696
0.633187 1.08534
0.647232 1.01
0.661643 0.99484
0.676396 0.824104
0.691468 1.10855
0.706839 1.01557
0.72249 1.17559
0.738404 0.959558
0.754564 1.15446
0.770954 0.797467
0.490732 0.49373
0.491179 0.46913
0.492517 0.539907
0.494739 0.683571
0.497832 0.512906
0.501781 0.643511
0.506567 0.476711
0.512164 0.688957
0.518548 0.75809
0.525689 0.585302
0.533557 0.824507
0.542121 0.723543
0.551347 0.760322
0.561204 0.914574
0.571659 0.800146
0.582679 0.697722
0.594233 0.753089
0.60629 0.933484
0.618822 0.779258
0.6318 0.881429
0.645196 0.77517
0.658986 0.734635
0.673145 0.768255
0.687651 0.906457
0.702481 1.26659
0.717617 1.04259
0.733038 1.13788
0.748728 0.702016
0.764669 1.25589
0.780847 0.92235
0.506999 0.747389
0.507432 0.428965
0.508727 0.507819
0.510878 0.758131
0.513874 0.608094
0.517701 0.599181
0.522341 0.620527
0.527771 0.567382
0.533968 0.700859
0.540906 0.495382
0.548556 0.690102
0.556889 0.872508
0.565874 1.09859
0.575482 0.572761
0.585682 0.831702
0.596443 0.693687
0.607736 0.985392
0.61953 0.815128
0.6318 1.03272
0.644516 0.844817
0.657653 0.908247
0.671187 0.808283
0.685095 1.0872
0.699352 1.06396
0.71394 1.22219
0.728837 1.20104
0.744026 1.17481
0.759489 0.928118
0.775209 1.18454
0.791171 0.994924
0.523599 0.504013
0.524017 0.440953
0.525272 0.503855
0.527355 0.875476
0.530258 0.73577
0.533968 0.520466
0.538467 0.926329
0.543737 0.685918
0.549754 0.775978
0.556495 0.666522
0.563933 0.49837
0.572042 0.552154
0.580794 0.638666
0.590159 0.59486
0.600109 0.913241
0.610616 0.708949
0.621651 0.886808
0.633187 0.785476
0.645196 0.893771
0.657653 1.04156
0.670534 1.0739
0.683813 1.04262
0.697468 0.786999
0.711478 1.22365
0.725822 0.908905
0.74048 1.13889
0.755435 1.47556
0.770669 0.992959
0.786166 1.45492
0.80191 0.797163
0.5405 0.597881
0.540906 0.707863
0.542121 0.684814
0.54414 0.706389
0.546954 0.773413
0.550551 0.816579
0.554916 0.545396
0.56003 0.83908
0.565874 0.62401
0.572425 0.905143
0.57966 0.820248
0.587552 0.47381
0.596075 0.735775
0.605204 0.791762
0.614911 0.830526
0.625169 1.12198
0.635952 0.850964
0.647232 0.833345
0.658986 1.10353
0.671187 0.860298
0.683813 0.974613
0.696839 0.999718
0.710244 1.16064
0.724007 0.661776
0.738107 1.01763
0.752526 1.17503
0.767246 0.957244
0.78225 1.18189
0.797522 1.24589
0.813046 1.09086
0.557676 0.850288
0.558069 0.410205
0.559247 0.553258
0.561204 0.621007
0.563933 0.574681
0.567423 0.783415
0.571659 0.584178
0.576625 0.710611
0.582302 0.883662
0.58867 0.763722
0.595707 0.931109
0.603389 0.836133
0.611692 0.696586
0.620592 1.06494
0.630061 0.6799
0.640077 1.07113
0.650612 0.832818
0.661643 0.737756
0.673145 1.46443
0.685095 0.910511
0.697468 1.06228
0.710244 0.810987
0.723401 0.849085
0.736918 1.00229
0.750776 1.02915
0.764956 1.3061
0.779441 1.05055
0.794215 1.05437
0.809261 1.12697
0.824564 0.952334
0.575101 0.769619
0.575482 0.739731
0.576625 0.650949
0.578523 0.805891
0.581171 0.824703
0.584558 0.966185
0.58867 0.734872
0.593494 0.721396
0.599012 0.955347
0.605204 0.980796
0.612051 1.17797
0.61953 1.15211
0.62762 0.897116
0.636296 0.851041
0.645536 0.98498
0.655315 0.871447
0.665609 1.09697
0.676396 0.773539
0.687651 0.896883
0.699352 1.08606
0.711478 1.12273
0.724007 1.16212
0.736918 0.943692
0.750191 1.15899
0.763808 0.981366
0.777751 0.66359
0.792003 1.18321
0.806546 1.04984
0.821366 1.1858
0.836448 1.26501
0.592755 0.928355
0.593124 1.28186
0.594233 0.704557
0.596075 0.882881
0.598645 0.693204
0.601934 0.647872
0.605928 0.79965
0.610616 0.673437
0.61598 0.763328
0.622004 0.734859
0.628667 0.964697
0.635952 0.874512
0.643835 1.17888
0.652296 0.949879
0.661312 1.09875
0.670861 0.815429
0.68092 1.11291
0.691468 0.897774
0.702481 0.833553
0.71394 0.958857
0.725822 0.913164
0.738107 0.763314
0.750776 0.976925
0.763808 1.07966
0.777187 1.12495
0.790894 1.14177
0.804913 0.959456
0.819227 1.18538
0.833822 0.875089
0.848682 1.19093
0.610616 0.75326
0.610975 0.553908
0.612051 1.00792
0.61384 0.844159
0.616336 0.789435
0.61953 0.945058
0.623412 1.19338
0.627969 1.24212
0.633187 0.982726
0.639048 0.716168
0.645536 0.721503
0.652632 1.04915
0.660316 0.99008
0.668568 1.1165
0.677368 0.856523
0.686693 1.02167
0.696524 0.949891
0.706839 0.831627
0.717617 0.696909
0.728837 1.16614
0.74048 1.16446
0.752526 0.854103
0.764956 1.07983
0.777751 1.22822
0.790894 1.09408
0.804368 1.03925
0.818156 0.604607
0.832242 1.22114
0.846612 0.846495
0.861252 1.24829
0.628667 0.789101
0.629016 0.852898
0.630061 0.953267
0.6318 1.13252
0.634225 0.780626
0.63733 0.890936
0.641104 1.09176
0.645536 1.1997
0.650612 1.16702
0.656318 0.813887
0.662637 1.05006
0.669552 0.894602
0.677044 0.725352
0.685095 0.789224
0.693684 0.893266
0.702794 1.07299
0.712402 0.867557
0.72249 0.840834
0.733038 0.959903
0.744026 0.769556
0.755435 0.840899
0.767246 0.82084
0.779441 0.972923
0.792003 1.23469
0.804913 0.87861
0.818156 1.14078
0.831715 0.94872
0.845576 0.958238
0.859723 0.798058
0.874143 1.20586
0.646894 0.912649
0.647232 0.589462
0.648248 0.764448
0.649938 0.951013
0.652296 0.920097
0.655315 1.08201
0.658986 1.03049
0.663299 0.891875
0.66824 0.992729
0.673797 0.576063
0.679953 0.831073
0.686693 0.912155
0.694001 0.643768
0.701857 1.09874
0.710244 0.999777
0.719143 1.04315
0.728536 0.863429
0.738404 1.35406
0.748728 0.783169
0.759489 0.566622
0.770669 1.45575
0.78225 0.970595
0.794215 0.94178
0.806546 0.883099
0.819227 1.36189
0.832242 0.735976
0.845576 1.01881
0.859213 1.25901
0.873139 1.10658
0.887342 0.969565
0.66528 0.69859
0.665609 1.05016
0.666597 0.713095
0.66824 1.13235
0.670534 0.847734
0.673471 0.833555
0.677044 1.20212
0.681242 0.904979
0.686054 0.715766
0.691468 1.19324
0.697468 0.96619
0.704041 0.70925
0.71117 1.10289
0.718838 1.19416
0.72703 0.957398
0.735726 1.14782
0.74491 1.21547
0.754564 1.0122
0.764669 1.11532
0.775209 1.22179
0.786166 1.06935
0.797522 1.28293
0.809261 0.951589
0.821366 0.969568
0.833822 1.05235
0.846612 1.26819
0.859723 1.21703
0.873139 0.941951
0.886847 1.15287
0.900833 0.931453
0.683813 1.36769
0.684133 0.929311
0.685095 0.976891
0.686693 0.751063
0.688925 0.751766
0.691785 0.905248
0.695263 1.02621
0.699352 0.756732
0.704041 0.903873
0.709317 0.900026
0.715168 0.938925
0.721579 1.00134
0.728536 1.2039
0.736024 0.824252
0.744026 0.959312
0.752526 1.17407
0.761508 0.772466
0.770954 1.08821
0.780847 1.02923
0.791171 1.22809
0.80191 1.0999
0.813046 1.06394
0.824564 1.12841
0.836448 1.44845
0.848682 0.722522
0.861252 1.14117
0.874143 1.06874
0.887342 1.24532
0.900833 0.730127
0.914606 0.997124
0.335103 0.376124
0.335757 0.43858
0.337711 0.381865
0.340943 0.327145
0.345416 0.198852
0.351085 0.251477
0.35789 0.394713
0.36577 0.535099
0.374657 0.39148
0.38448 0.255632
0.39517 0.465515
0.406658 0.297687
0.418879 0.375269
0.431771 0.389606
0.445275 0.428613
0.459337 0.422228
0.473908 0.528519
0.488941 0.548767
0.504397 0.505269
0.520237 0.561664
0.536427 0.57986
0.552936 0.67696
0.569737 0.612306
0.586805 0.925694
0.604116 0.63669
0.621651 0.919708
0.639391 1.19321
0.65732 1.10103
0.675422 0.983888
0.693684 1.05307
0.335757 0.568965
0.33641 0.262371
0.33836 0.441016
0.341586 0.42227
0.346051 0.371091
0.351709 0.223657
0.358503 0.329595
0.36637 0.48696
0.375242 0.482984
0.38505 0.463926
0.395724 0.784044
0.407197 0.385174
0.419402 0.35355
0.432278 0.482068
0.445767 0.394479
0.459814 0.344593
0.47437 0.557706
0.48939 0.740927
0.504832 0.439894
0.520658 0.673898
0.536836 0.645057
0.553333 0.787687
0.570122 0.523621
0.587178 0.838584
0.604479 0.788059
0.622004 1.07936
0.639734 0.567118
0.657653 1.21619
0.675747 0.907987
0.694001 0.851299
0.337711 0.412898
0.33836 0.375733
0.340299 0.473724
0.343506 0.262273
0.347947 0.243347
0.353575 0.274986
0.360333 0.230372
0.368161 0.387619
0.376991 0.379749
0.386755 0.411842
0.397384 0.396615
0.40881 0.48908
0.420968 0.381832
0.433798 0.402965
0.44724 0.384714
0.461243 0.639723
0.475755 0.447998
0.490732 0.643228
0.506133 0.750514
0.521921 0.632401
0.53806 0.652571
0.554521 0.632283
0.571275 0.867109
0.588298 0.692956
0.605566 0.851664
0.623061 0.798261
0.640762 0.992354
0.658653 0.863237
0.67672 0.883948
0.694948 0.811665
0.340943 0.350088
0.341586 0.365182
0.343506 0.554655
0.346684 0.305768
0.351085 0.408905
0.356663 0.321182
0.363364 0.416355
0.371128 0.422335
0.379889 0.575213
0.38958 0.282355
0.400134 0.608419
0.411483 0.545536
0.423565 0.429686
0.436318 0.800232
0.449686 0.602444
0.463614 0.538192
0.478055 0.671229
0.492962 0.615196
0.508295 0.665706
0.524017 0.512525
0.540094 0.672831
0.556495 0.601082
0.573191 0.666856
0.590159 0.670228
0.607375 0.821313
0.624818 0.8378
0.642471 0.813426
0.660316 1.39852
0.678338 0.862561
0.696524 0.921192
0.345416 0.273895
0.346051 0.398327
0.347947 0.43421
0.351085 0.277047
0.355431 0.365089
0.360942 0.572368
0.367565 0.299045
0.375242 0.434125
0.383909 0.263724
0.393501 0.279683
0.403952 0.399178
0.415198 0.390287
0.427174 0.392551
0.439823 0.485043
0.453087 0.299407
0.466914 0.477992
0.481255 0.603731
0.496067 0.538383
0.511307 0.402293
0.526939 0.53474
0.542929 0.476406
0.559247 0.656278
0.575863 0.897337
0.592755 0.848453
0.609897 0.826976
0.62727 0.719267
0.644856 1.04265
0.662637 1.14195
0.680598 0.707618
0.698725 1.09849
0.351085 0.406718
0.351709 0.413719
0.353575 0.320036
0.356663 0.603121
0.360942 0.306677
0.36637 0.325324
0.372896 0.395787
0.380466 0.365668
0.389017 0.324593
0.398486 0.328831
0.40881 0.380631
0.419925 0.364954
0.431771 0.500457
0.444288 0.30839
0.457423 0.516304
0.471123 0.429253
0.48534 0.650917
0.50003 0.734149
0.515153 0.436396
0.530672 0.888231
0.546553 0.58416
0.562765 0.866568
0.579281 0.990955
0.596075 0.585146
0.613125 0.919831
0.630409 0.921005
0.64791 0.815778
0.665609 0.796907
0.683492 0.750913
0.701544 1.234
0.35789 0.322673
0.358503 0.373016
0.360333 0.306287
0.363364 0.331083
0.367565 0.396135
0.372896 0.637747
0.379311 0.354756
0.386755 0.35726
0.39517 0.402403
0.404495 0.298422
0.414669 0.413755
0.425631 0.340769
0.437323 0.571341
0.449686 0.492164
0.462667 0.554539
0.476216 0.69784
0.490285 0.387138
0.504832 0.572136
0.519815 0.812929
0.535199 0.667762
0.550949 0.679186
0.567036 0.900529
0.583431 0.657264
0.600109 0.862884
0.617047 0.909716
0.634225 0.575568
0.651623 0.835073
0.669224 0.74026
0.687013 1.16451
0.704975 1.33529
0.36577 0.435523
0.36637 0.614345
0.368161 0.321976
0.371128 0.519861
0.375242 0.392387
0.380466 0.513882
0.386755 0.315232
0.394058 0.67284
0.40232 0.498413
0.411483 0.520886
0.421489 0.351644
0.432278 0.653076
0.443794 0.556828
0.455982 0.376299
0.468789 0.465499
0.482166 0.597753
0.496067 0.503668
0.510448 0.666299
0.525272 1.04722
0.5405 0.530353
0.5561 0.60693
0.572042 0.93837
0.588298 0.872352
0.604842 0.68873
0.621651 0.824186
0.638705 1.01659
0.655984 0.859857
0.673471 0.966305
0.69115 0.797483
0.709008 0.874096
0.374657 0.598796
0.375242 0.352984
0.376991 0.43262
0.379889 0.313446
0.383909 0.303962
0.389017 0.38867
0.39517 0.284854
0.40232 0.316497
0.410416 0.528438
0.419402 0.471243
0.429223 0.366
0.439823 0.464621
0.451147 0.41182
0.463141 0.498358
0.475755 0.380789
0.488941 0.623945
0.502655 0.732175
0.516853 0.406982
0.531498 0.718509
0.546553 0.694814
0.561985 0.861758
0.577765 0.603198
0.593864 0.942667
0.610257 0.71357
0.626921 0.912929
0.643835 0.83714
0.66098 0.885322
0.678338 0.969485
0.695894 0.868658
0.713633 0.898991
0.38448 0.350826
0.38505 0.348298
0.386755 0.285804
0.38958 0.361065
0.393501 0.422158
0.398486 0.25715
0.404495 0.596132
0.411483 0.383815
0.419402 0.353979
0.4282 0.355583
0.437824 0.546976
0.44822 0.49871
0.459337 0.60745
0.471123 0.543243
0.483529 0.492935
0.496509 0.697644
0.510019 0.552102
0.524017 0.761528
0.538467 0.574062
0.553333 0.563479
0.568581 0.919267
0.584182 0.6902
0.600109 0.825926
0.616336 0.907716
0.63284 1.10841
0.6496 0.931463
0.666597 1.00595
0.683813 1.19047
0.701232 1.04047
0.718838 0.959707
0.39517 0.328045
0.395724 0.444046
0.397384 0.43604
0.400134 0.338252
0.403952 0.665397
0.40881 0.309699
0.414669 0.443706
0.421489 0.527681
0.429223 0.384514
0.437824 0.433672
0.44724 0.433913
0.457423 0.560731
0.468321 0.429927
0.479886 0.522533
0.492071 0.692146
0.504832 0.279518
0.518125 0.667249
0.53191 0.641537
0.546151 0.667604
0.560813 0.501996
0.575863 0.927538
0.591273 0.744793
0.607013 1.00644
0.623061 0.912764
0.639391 1.02182
0.655984 0.613192
0.672819 1.50698
0.68988 1.1847
0.707149 1.29357
0.724612 0.889021
0.406658 0.377652
0.407197 0.341307
0.40881 0.400905
0.411483 0.40409
0.415198 0.293095
0.419925 0.563853
0.425631 0.708757
0.432278 0.506995
0.439823 0.503515
0.44822 0.560129
0.457423 0.529761
0.467383 0.825732
0.478055 0.726097
0.48939 0.472815
0.501344 0.460307
0.513874 0.592003
0.526939 0.647437
0.5405 0.690316
0.554521 1.01832
0.568967 0.569533
0.583807 0.934193
0.599012 0.707404
0.614554 1.01558
0.630409 1.0878
0.646554 0.863928
0.662968 0.838989
0.67963 1.02571
0.696524 1.08326
0.713633 0.858695
0.730941 1.00362
0.418879 0.25966
0.419402 0.556166
0.420968 0.497634
0.423565 0.502786
0.427174 0.517931
0.431771 0.373947
0.437323 0.370711
0.443794 0.322541
0.451147 0.451199
0.459337 0.699464
0.468321 0.546727
0.478055 0.384761
0.488493 0.38538
0.499591 0.595298
0.511307 0.718578
0.523599 0.584499
0.536427 0.68086
0.549754 0.818387
0.563544 0.908417
0.577765 0.884241
0.592384 0.639607
0.607375 0.761436
0.622708 0.686138
0.638361 1.00199
0.65431 0.786254
0.670534 0.887065
0.687013 1.10339
0.703729 0.913474
0.720667 0.695776
0.73781 0.96102
0.431771 0.348259
0.432278 0.644314
0.433798 0.577809
0.436318 0.627632
0.439823 0.557699
0.444288 0.415301
0.449686 0.541977
0.455982 0.398965
0.463141 0.619247
0.471123 0.510872
0.479886 0.495019
0.48939 0.398218
0.499591 0.610605
0.510448 0.74631
0.521921 0.508247
0.533968 0.699934
0.546553 0.874551
0.559639 0.865061
0.573191 1.2411
0.587178 0.540509
0.601569 0.83114
0.616336 0.811249
0.631452 0.681148
0.646894 0.94475
0.662637 1.18488
0.678662 0.635421
0.694948 0.88672
0.711478 0.817181
0.728235 1.16018
0.745204 1.11514
0.445275 0.491873
0.445767 0.412677
0.44724 0.314669
0.449686 0.445417
0.453087 0.363738
0.457423 0.516815
0.462667 0.43834
0.468789 0.516318
0.475755 0.549541
0.483529 0.515579
0.492071 0.404871
0.501344 0.752513
0.511307 0.733543
0.521921 0.595246
0.533146 0.636107
0.544945 0.713711
0.557282 0.792519
0.570122 0.863234
0.583431 0.473097
0.597178 0.661524
0.611334 0.930842
0.62587 0.688153
0.640762 1.2209
0.655984 1.18451
0.671514 1.06384
0.687332 1.28487
0.703417 1.05308
0.719753 0.910094
0.736322 1.41634
0.753109 1.18642
0.459337 0.620912
0.459814 0.403022
0.461243 0.474316
0.463614 0.544876
0.466914 0.609088
0.471123 0.758498
0.476216 0.58624
0.482166 0.624796
0.488941 0.697774
0.496509 0.693522
0.504832 0.67304
0.513874 0.720449
0.523599 0.794732
0.533968 0.702641
0.544945 0.632275
0.556495 0.546593
0.568581 0.679966
0.581171 0.4477
0.594233 0.504291
0.607736 0.764945
0.621651 0.836426
0.635952 0.852639
0.650612 0.772479
0.665609 0.954965
0.68092 1.0707
0.696524 1.08376
0.712402 1.52397
0.728536 1.16538
0.74491 0.884889
0.761508 0.965493
0.473908 0.544685
0.47437 0.611507
0.475755 0.450981
0.478055 0.486653
0.481255 0.400218
0.48534 0.451775
0.490285 0.469609
0.496067 0.58216
0.502655 0.670375
0.510019 0.652024
0.518125 0.589131
0.526939 0.515215
0.536427 0.756307
0.546553 0.497399
0.557282 0.844615
0.568581 0.358145
0.580416 0.422174
0.592755 1.00895
0.605566 0.817662
0.618822 0.610106
0.632493 1.11131
0.646554 1.13561
0.66098 0.946324
0.675747 0.967561
0.690833 1.14689
0.706218 1.22559
0.721883 0.98676
0.73781 1.29364
0.753982 1.07187
0.770384 1.16513
0.488941 0.506061
0.48939 0.442832
0.490732 0.675321
0.492962 0.459114
0.496067 0.5709
0.50003 0.431824
0.504832 0.340781
0.510448 0.520631
0.516853 0.761214
0.524017 0.712168
0.53191 0.764119
0.5405 0.505965
0.549754 0.738488
0.559639 0.795247
0.570122 0.87676
0.581171 0.830882
0.592755 0.726535
0.604842 0.694063
0.617403 0.866179
0.630409 1.17646
0.643835 1.04258
0.657653 0.884733
0.671841 0.999766
0.686374 1.2948
0.701232 0.834061
0.716393 0.884101
0.731841 1.39216
0.747555 1.03086
0.763521 1.31272
0.779723 1.34142
0.504397 0.494599
0.504832 0.618583
0.506133 0.680881
0.508295 0.669805
0.511307 0.703975
0.515153 0.671626
0.519815 0.625759
0.525272 0.627066
0.531498 0.790428
0.538467 0.70818
0.546151 1.03732
0.554521 0.6985
0.563544 0.758603
0.573191 0.822958
0.583431 0.745458
0.594233 0.815578
0.605566 1.09122
0.617403 0.899578
0.629713 1.00597
0.642471 0.903593
0.655649 0.743807
0.669224 0.916699
0.683171 0.753827
0.697468 0.847246
0.712094 0.858904
0.72703 1.03677
0.742256 0.973214
0.757754 0.952448
0.77351 1.12906
0.789506 1.04888
0.520237 0.789174
0.520658 0.854114
0.521921 0.519924
0.524017 0.453288
0.526939 0.664937
0.530672 0.820626
0.535199 0.636028
0.5405 0.582091
0.546553 0.64107
0.553333 0.639295
0.560813 0.538245
0.568967 0.678904
0.577765 0.868106
0.587178 0.808027
0.597178 1.10449
0.607736 0.873132
0.618822 0.773088
0.630409 1.33893
0.642471 0.8934
0.65498 0.811253
0.667912 1.03388
0.681242 1.4194
0.694948 0.751444
0.709008 1.10194
0.723401 0.793551
0.738107 0.789439
0.753109 1.04687
0.768389 0.760469
0.783931 1.10828
0.799719 0.849178
0.536427 0.651638
0.536836 0.53695
0.53806 0.788544
0.540094 0.760552
0.542929 0.886422
0.546553 0.945112
0.550949 0.808739
0.5561 0.931659
0.561985 0.710549
0.568581 0.924747
0.575863 0.854381
0.583807 0.96799
0.592384 1.07249
0.601569 1.19645
0.611334 0.916042
0.621651 0.843635
0.632493 0.946684
0.643835 1.06068
0.655649 0.991104
0.667912 0.769413
0.680598 1.01226
0.693684 1.1349
0.707149 1.00488
0.720971 1.25836
0.73513 0.775273
0.749606 0.957647
0.764382 0.90187
0.779441 1.13291
0.794767 0.907547
0.810344 0.988918
0.552936 0.715818
0.553333 0.940233
0.554521 1.02252
0.556495 0.609383
0.559247 0.532544
0.562765 1.028
0.567036 0.571911
0.572042 0.971511
0.577765 0.836243
0.584182 0.671222
0.591273 0.702477
0.599012 0.999143
0.607375 1.10814
0.616336 0.89778
0.62587 1.21659
0.635952 1.1586
0.646554 0.944351
0.657653 0.753793
0.669224 0.848902
0.681242 1.21287
0.693684 0.917941
0.706529 1.24862
0.719753 0.974559
0.733337 0.987468
0.747262 0.761392
0.761508 0.803921
0.776057 1.10661
0.790894 0.969291
0.806002 0.724194
0.821366 1.09598
0.569737 0.766529
0.570122 1.23515
0.571275 0.467502
0.573191 0.93022
0.575863 0.721073
0.579281 0.807638
0.583431 0.984181
0.588298 1.12052
0.593864 0.888174
0.600109 0.922538
0.607013 1.16495
0.614554 0.883111
0.622708 0.755042
0.631452 0.930111
0.640762 0.872827
0.650612 0.966552
0.66098 1.02529
0.671841 0.76363
0.683171 1.05841
0.694948 1.07652
0.707149 1.04219
0.719753 0.854535
0.732739 1.28455
0.746087 0.804235
0.759778 1.1889
0.773793 1.12075
0.788116 1.01795
0.80273 0.827194
0.817619 1.2152
0.832769 1.25775
0.586805 0.820733
0.587178 0.893295
0.588298 0.488444
0.590159 0.905351
0.592755 0.725422
0.596075 0.819117
0.600109 0.881094
0.604842 0.607222
0.610257 0.771548
0.616336 1.02131
0.623061 1.02449
0.630409 0.782811
0.638361 0.875026
0.646894 1.03036
0.655984 0.937908
0.665609 0.959358
0.675747 0.949338
0.686374 1.02421
0.697468 1.07051
0.709008 0.821653
0.720971 1.04232
0.733337 0.997603
0.746087 0.905971
0.7592 0.873167
0.772659 1.29782
0.786445 0.932758
0.800541 1.2135
0.814932 1.10023
0.829603 1.20924
0.844537 1.28974
0.604116 0.834491
0.604479 1.00024
0.605566 1.13196
0.607375 0.99937
0.609897 0.672956
0.613125 0.884891
0.617047 0.934978
0.621651 0.734806
0.626921 1.19393
0.63284 0.757668
0.639391 1.29216
0.646554 0.744429
0.65431 0.952531
0.662637 0.867769
0.671514 1.36837
0.68092 0.634361
0.690833 0.769958
0.701232 0.951382
0.712094 0.976824
0.723401 0.936078
0.73513 1.11589
0.747262 0.716989
0.759778 0.859623
0.772659 0.933918
0.785887 0.972608
0.799445 1.10258
0.813316 1.09712
0.827485 1.19331
0.841936 0.790983
0.856656 1.14403
0.621651 0.946541
0.622004 0.805548
0.623061 0.979504
0.624818 0.878041
0.62727 0.724064
0.630409 1.17993
0.634225 1.17994
0.638705 0.944172
0.643835 0.883431
0.6496 0.777103
0.655984 0.858304
0.662968 0.631821
0.670534 1.22003
0.678662 0.876236
0.687332 1.00683
0.696524 0.97865
0.706218 0.809107
0.716393 1.046
0.72703 0.873934
0.738107 1.16991
0.749606 1.36532
0.761508 1.11531
0.773793 1.11783
0.786445 1.0206
0.799445 1.23192
0.812776 0.962133
0.826424 0.957476
0.840372 1.13567
0.854606 0.997632
0.869111 1.16766
0.639391 0.932225
0.639734 0.946534
0.640762 1.2575
0.642471 0.646462
0.644856 0.893808
0.64791 0.803123
0.651623 0.924559
0.655984 0.931081
0.66098 0.837595
0.666597 0.596187
0.672819 1.15513
0.67963 0.916796
0.687013 1.08734
0.694948 0.929592
0.703417 0.768811
0.712402 0.936228
0.721883 1.51342
0.731841 0.697193
0.742256 0.96758
0.753109 1.05243
0.764382 1.34922
0.776057 1.37906
0.788116 0.839342
0.800541 1.16074
0.813316 0.965905
0.826424 1.10915
0.83985 1.31632
0.853578 0.9488
0.867595 1.00341
0.881887 1.05475
0.65732 0.728723
0.657653 1.17143
0.658653 0.927187
0.660316 1.03582
0.662637 0.952775
0.665609 1.2071
0.669224 1.14489
0.673471 1.00695
0.678338 1.22001
0.683813 1.0922
0.68988 1.03444
0.696524 1.33248
0.703729 0.990927
0.711478 1.23699
0.719753 1.13845
0.728536 1.06462
0.73781 0.903842
0.747555 0.878004
0.757754 1.1536
0.768389 0.940637
0.779441 0.798773
0.790894 1.17969
0.80273 1.22764
0.814932 0.925109
0.827485 1.40071
0.840372 0.923846
0.853578 1.14758
0.86709 0.784223
0.880892 1.24926
0.894971 1.03572
0.675422 0.819848
0.675747 1.20874
0.67672 0.862487
0.678338 1.0727
0.680598 0.931131
0.683492 0.870922
0.687013 1.29081
0.69115 0.968666
0.695894 1.22664
0.701232 1.19202
0.707149 0.896173
0.713633 0.870289
0.720667 1.04996
0.728235 0.804579
0.736322 1.05447
0.74491 0.83984
0.753982 1.21103
0.763521 1.15639
0.77351 0.788373
0.783931 1.01741
0.794767 0.874348
0.806002 0.935599
0.817619 0.967703
0.829603 0.967103
0.841936 0.884334
0.854606 1.28583
0.867595 1.06334
0.880892 1.04143
0.894481 0.7915
0.90835 0.98335
0.693684 1.14089
0.694001 1.48438
0.694948 1.19319
0.696524 1.00665
0.698725 0.862273
0.701544 1.16595
0.704975 0.887677
0.709008 1.0934
0.713633 0.661941
0.718838 0.922233
0.724612 1.16523
0.730941 0.690462
0.73781 0.898532
0.745204 0.949291
0.753109 1.17884
0.761508 1.346
0.770384 1.36806
0.779723 0.850803
0.789506 1.3839
0.799719 0.95275
0.810344 1.41104
0.821366 1.56208
0.832769 0.864354
0.844537 1.04205
0.856656 0.937591
0.869111 1.33873
0.881887 1.25605
0.894971 1.05839
0.90835 0.942345
0.92201 0.941438
0.356047 0.316189
0.356663 0.281862
0.358503 0.471339
0.361549 0.42197
0.36577 0.55007
0.371128 0.302815
0.377572 0.51222
0.38505 0.369207
0.393501 0.510118
0.402865 0.280173
0.413079 0.402846
0.424083 0.306459
0.435815 0.354841
0.44822 0.529756
0.461243 0.538394
0.474832 0.690081
0.488941 0.442958
0.503527 0.514387
0.518548 0.578449
0.533968 0.639876
0.549754 0.692489
0.565874 0.74674
0.582302 0.845235
0.599012 1.048
0.61598 1.17757
0.633187 0.803023
0.650612 1.02118
0.66824 1.66767
0.686054 0.666347
0.704041 0.935528
0.356663 0.289129
0.357277 0.2605
0.359114 0.328928
0.362155 0.403474
0.36637 0.334314
0.371718 0.20057
0.378153 0.368594
0.385619 0.317772
0.394058 0.297584
0.403409 0.249623
0.41361 0.48939
0.4246 0.577717
0.436318 0.395995
0.448709 0.411885
0.461718 0.443481
0.475294 0.491483
0.48939 0.607415
0.503962 0.793193
0.518971 0.642298
0.534379 0.767052
0.550153 0.525617
0.566262 0.649323
0.582679 0.600513
0.599378 1.17026
0.616336 0.807175
0.633533 1.20839
0.650949 0.794522
0.668568 0.860959
0.686374 0.892578
0.704352 1.05919
0.358503 0.318284
0.359114 0.656471
0.360942 0.330843
0.363967 0.479212
0.368161 0.350744
0.373484 0.371196
0.379889 0.410829
0.387322 0.315232
0.395724 0.405258
0.405037 0.410713
0.415198 0.410825
0.426146 0.430059
0.437824 0.417005
0.450173 0.626135
0.463141 0.497001
0.476676 0.557384
0.490732 0.560375
0.505266 0.618398
0.520237 0.667018
0.535609 0.707163
0.551347 0.543949
0.567423 0.646566
0.583807 0.668604
0.600474 0.809462
0.617403 1.17434
0.634571 0.874515
0.651959 0.808441
0.669552 0.685934
0.687332 0.809017
0.705286 0.783917
0.361549 0.327864
0.362155 0.323967
0.363967 0.278197
0.366968 0.198432
0.371128 0.615748
0.376409 0.28728
0.382765 0.32156
0.390143 0.532343
0.398486 0.421728
0.407735 0.418091
0.417831 0.519249
0.428712 0.464214
0.440321 0.462224
0.452603 0.641736
0.465503 0.497779
0.478971 0.622465
0.492962 0.618176
0.507432 0.713249
0.522341 0.796182
0.537652 0.661875
0.553333 0.628871
0.569352 0.999869
0.585682 0.796955
0.602298 0.708067
0.619176 0.913892
0.636296 0.750643
0.653639 1.17635
0.671187 0.90909
0.688925 1.37666
0.706839 1.31509
0.36577 0.52345
0.36637 0.368573
0.368161 0.427548
0.371128 0.414813
0.375242 0.394104
0.380466 0.346204
0.386755 0.379334
0.394058 0.412797
0.40232 0.322123
0.411483 0.336577
0.421489 0.40586
0.432278 0.586973
0.443794 0.673131
0.455982 0.336712
0.468789 0.490254
0.482166 0.453515
0.496067 0.632794
0.510448 0.486664
0.525272 0.493945
0.5405 0.732553
0.5561 0.674934
0.572042 0.656119
0.588298 0.991961
0.604842 0.908576
0.621651 1.06921
0.638705 1.14439
0.655984 0.983597
0.673471 0.890631
0.69115 0.667125
0.709008 0.84155
0.371128 0.270436
0.371718 0.481403
0.373484 0.422308
0.376409 0.337339
0.380466 0.325723
0.385619 0.225054
0.391825 0.613483
0.399036 0.32051
0.407197 0.439515
0.416253 0.381568
0.426146 0.709126
0.436821 0.348476
0.44822 0.616991
0.460291 0.732854
0.472981 0.315176
0.486243 0.493151
0.50003 0.881355
0.514301 0.553654
0.529016 0.528568
0.54414 0.658888
0.559639 0.583038
0.575482 0.823415
0.591643 0.673353
0.608096 0.821782
0.624818 0.943863
0.641788 1.07001
0.658986 0.937517
0.676396 0.89426
0.694001 1.00978
0.711786 0.748069
0.377572 0.439706
0.378153 0.408468
0.379889 0.403178
0.382765 0.239392
0.386755 0.41626
0.391825 0.409563
0.397935 0.394292
0.405037 0.374163
0.413079 0.462572
0.422009 0.330743
0.431771 0.320683
0.442309 0.589378
0.453571 0.523809
0.465503 0.559652
0.478055 0.5545
0.491179 0.396114
0.504832 0.731096
0.518971 0.642642
0.533557 0.585491
0.548556 1.00108
0.563933 0.677629
0.57966 1.09089
0.595707 0.757537
0.612051 0.984108
0.628667 0.995876
0.645536 0.918036
0.662637 1.06561
0.679953 1.08607
0.697468 0.952716
0.715168 0.857803
0.38505 0.448452
0.385619 0.248687
0.387322 0.378067
0.390143 0.376333
0.394058 0.445759
0.399036 0.309415
0.405037 0.467564
0.412016 0.597409
0.419925 0.316188
0.428712 0.568322
0.438324 0.685757
0.448709 0.505068
0.459814 0.454265
0.471588 0.407969
0.483982 0.40157
0.49695 0.594438
0.510448 0.51929
0.524436 0.460316
0.538874 0.637811
0.553729 0.672568
0.568967 0.866821
0.584558 0.607572
0.600474 0.732338
0.616692 0.910442
0.633187 0.926292
0.649938 0.737695
0.666926 0.805619
0.684133 1.01575
0.701544 1.14327
0.719143 0.695179
0.393501 0.366865
0.394058 0.550363
0.395724 0.419079
0.398486 0.383911
0.40232 0.328487
0.407197 0.452777
0.413079 0.34008
0.419925 0.42108
0.427688 0.391331
0.436318 0.412987
0.445767 0.414728
0.455982 0.386299
0.466914 0.418223
0.478513 0.491649
0.490732 0.704756
0.503527 0.681914
0.516853 0.768284
0.530672 0.615729
0.544945 0.73413
0.559639 0.865891
0.57472 0.670541
0.590159 0.614456
0.605928 0.781592
0.622004 0.842678
0.638361 1.02166
0.65498 1.05582
0.671841 0.719915
0.688925 0.840666
0.706218 0.960679
0.723704 1.27132
0.402865 0.367692
0.403409 0.45408
0.405037 0.318954
0.407735 0.335136
0.411483 0.29188
0.416253 0.4651
0.422009 0.388556
0.428712 0.495327
0.436318 0.354915
0.444782 0.45272
0.454054 0.610142
0.464087 0.474475
0.474832 0.462911
0.486243 0.529102
0.498272 0.58459
0.510878 0.635153
0.524017 0.704019
0.537652 0.661375
0.551745 0.804635
0.566262 0.913995
0.581171 0.64044
0.596443 0.77664
0.612051 0.751321
0.627969 1.03799
0.644175 0.997721
0.660648 1.07293
0.677368 1.05749
0.694316 0.760606
0.711478 1.10924
0.728837 0.815912
0.413079 0.51397
0.41361 0.296337
0.415198 0.364386
0.417831 0.440925
0.421489 0.487878
0.426146 0.373055
0.431771 0.403322
0.438324 0.456804
0.445767 0.317683
0.454054 0.442876
0.463141 0.72465
0.472981 0.492716
0.483529 0.461446
0.494739 0.508913
0.506567 0.714168
0.518971 0.678133
0.53191 0.608079
0.545348 0.625425
0.559247 0.887284
0.573574 0.617948
0.588298 0.88265
0.603389 0.938352
0.618822 1.004
0.634571 0.72405
0.650612 0.596491
0.666926 0.72506
0.683492 0.716877
0.700293 0.727677
0.717311 0.957
0.734533 1.05092
0.424083 0.619703
0.4246 0.595812
0.426146 0.39553
0.428712 0.521613
0.432278 0.436785
0.436821 0.584296
0.442309 0.60672
0.448709 0.600265
0.455982 0.540173
0.464087 0.375353
0.472981 0.482911
0.482621 0.596404
0.492962 0.626324
0.503962 0.498945
0.515579 0.684389
0.527771 0.751999
0.5405 0.795592
0.553729 0.643547
0.567423 0.681033
0.581548 0.615178
0.596075 0.978133
0.610975 0.927665
0.626221 0.816759
0.641788 0.610322
0.657653 1.03301
0.673797 1.06319
0.690198 0.805955
0.706839 0.962052
0.723704 1.26452
0.740777 0.756536
0.435815 0.402458
0.436318 0.419642
0.437824 0.445046
0.440321 0.75617
0.443794 0.276952
0.44822 0.679616
0.453571 0.274612
0.459814 0.754674
0.466914 0.491318
0.474832 0.506057
0.483529 0.749132
0.492962 0.403328
0.503091 0.546387
0.513874 0.595383
0.525272 0.702451
0.537244 0.656094
0.549754 0.630017
0.562765 0.735572
0.576244 0.706676
0.590159 0.979593
0.604479 0.639377
0.619176 1.05743
0.634225 1.24615
0.6496 1.0645
0.66528 0.951134
0.681242 0.916374
0.697468 0.869887
0.71394 1.16167
0.730641 1.16267
0.747555 1.1698
0.44822 0.458922
0.448709 0.747358
0.450173 0.481165
0.452603 0.517212
0.455982 0.653294
0.460291 0.417315
0.465503 0.540558
0.471588 0.457149
0.478513 0.696943
0.486243 0.632931
0.494739 0.543493
0.503962 0.926718
0.513874 0.687316
0.524436 0.568933
0.535609 0.643143
0.547355 0.560642
0.559639 0.771841
0.572425 0.62388
0.585682 1.00865
0.599378 0.964993
0.613483 0.920174
0.627969 0.806053
0.642812 0.81734
0.657987 0.930298
0.673471 1.21765
0.689244 1.00907
0.705286 0.830419
0.721579 0.927182
0.738107 0.953938
0.754854 1.1533
0.461243 0.46652
0.461718 0.34032
0.463141 0.294239
0.465503 0.560718
0.468789 0.509302
0.472981 0.349891
0.478055 0.680366
0.483982 0.75211
0.490732 0.562711
0.498272 0.806136
0.506567 0.452444
0.515579 0.61283
0.525272 0.47486
0.535609 0.697047
0.546553 0.557785
0.558069 0.85866
0.570122 1.00113
0.582679 0.770096
0.595707 1.09931
0.609177 0.692304
0.623061 0.792951
0.63733 0.779022
0.651959 1.17149
0.666926 1.04993
0.682207 0.740404
0.697783 0.898249
0.713633 0.934711
0.72974 0.737862
0.746087 0.852732
0.762659 0.535425
0.474832 0.691233
0.475294 0.538036
0.476676 0.629929
0.478971 0.72797
0.482166 0.416431
0.486243 0.787749
0.491179 0.746937
0.49695 0.683289
0.503527 0.707691
0.510878 0.496811
0.518971 0.561753
0.527771 0.381045
0.537244 0.83441
0.547355 0.537254
0.558069 0.797577
0.569352 0.807714
0.581171 0.884805
0.593494 0.904728
0.60629 0.821087
0.61953 0.815776
0.633187 1.28084
0.647232 1.39125
0.661643 0.941237
0.676396 1.3386
0.691468 0.766792
0.706839 1.29372
0.72249 1.16169
0.738404 1.15645
0.754564 0.749927
0.770954 0.795993
0.488941 0.847354
0.48939 0.543986
0.490732 0.419696
0.492962 0.55271
0.496067 0.550851
0.50003 0.618009
0.504832 0.433437
0.510448 0.527934
0.516853 0.430544
0.524017 0.57751
0.53191 0.651093
0.5405 0.821067
0.549754 0.757499
0.559639 0.519405
0.570122 0.708835
0.581171 0.903568
0.592755 0.888212
0.604842 0.711408
0.617403 0.815458
0.630409 0.999254
0.643835 0.907289
0.657653 0.865582
0.671841 0.752961
0.686374 0.794186
0.701232 1.22714
0.716393 0.589795
0.731841 0.903698
0.747555 0.974916
0.763521 1.33592
0.779723 1.07917
0.503527 0.57928
0.503962 0.705522
0.505266 0.667267
0.507432 0.395087
0.510448 0.453297
0.514301 0.61416
0.518971 0.896458
0.524436 0.614856
0.530672 0.735829
0.537652 0.449386
0.545348 0.594237
0.553729 0.799177
0.562765 0.766992
0.572425 0.661817
0.582679 0.721906
0.593494 0.523233
0.604842 0.717364
0.616692 0.733472
0.629016 0.839546
0.641788 0.820875
0.65498 0.764719
0.668568 0.698959
0.682529 0.800026
0.696839 1.16643
0.711478 1.02849
0.726426 0.881224
0.741664 0.969932
0.757175 0.90101
0.772942 0.906849
0.788951 0.871908
0.518548 1.00057
0.518971 0.474802
0.520237 0.682223
0.522341 0.765473
0.525272 0.587425
0.529016 0.747484
0.533557 0.539999
0.538874 1.0046
0.544945 0.52104
0.551745 0.936814
0.559247 0.783535
0.567423 0.468376
0.576244 0.835351
0.585682 1.02588
0.595707 0.891462
0.60629 0.746167
0.617403 0.716851
0.629016 1.15359
0.641104 0.70081
0.653639 0.990837
0.666597 1.23033
0.679953 1.11777
0.693684 0.883467
0.707769 1.21554
0.722187 0.866806
0.736918 1.31187
0.751943 0.876907
0.767246 0.730644
0.782811 1.20278
0.798621 0.836552
0.533968 0.838871
0.534379 0.843487
0.535609 0.503837
0.537652 0.835417
0.5405 0.620196
0.54414 0.569533
0.548556 0.939431
0.553729 0.743815
0.559639 0.784602
0.566262 0.902958
0.573574 0.637165
0.581548 0.667179
0.590159 0.990888
0.599378 1.09537
0.609177 0.700925
0.61953 1.05177
0.630409 0.821544
0.641788 0.945089
0.653639 1.03837
0.665939 1.07093
0.678662 0.838976
0.691785 1.04164
0.705286 0.78809
0.719143 0.929357
0.733337 0.946968
0.747849 0.83481
0.762659 0.922612
0.777751 1.01058
0.79311 0.883002
0.808719 1.03628
0.549754 0.635434
0.550153 0.913978
0.551347 0.666955
0.553333 0.828875
0.5561 0.936202
0.559639 0.707527
0.563933 0.623282
0.568967 0.727032
0.57472 0.764252
0.581171 0.97536
0.588298 0.820107
0.596075 0.632805
0.604479 0.688614
0.613483 0.76479
0.623061 0.964037
0.633187 1.09304
0.643835 0.886789
0.65498 0.718964
0.666597 1.36503
0.678662 1.10885
0.69115 0.947446
0.704041 1.39946
0.717311 0.644825
0.730941 1.07274
0.74491 0.864646
0.7592 1.21963
0.773793 0.822741
0.788673 0.800648
0.803822 0.934286
0.819227 1.16108
0.565874 0.687238
0.566262 0.954423
0.567423 0.703643
0.569352 1.08678
0.572042 0.428496
0.575482 0.76488
0.57966 1.02162
0.584558 0.709911
0.590159 0.587854
0.596443 0.972197
0.603389 0.721859
0.610975 0.749473
0.619176 0.710729
0.627969 0.872482
0.63733 1.09566
0.647232 0.997406
0.657653 1.21109
0.668568 0.886056
0.679953 1.07312
0.691785 1.29668
0.704041 0.852961
0.716699 0.766857
0.72974 0.894031
0.743141 0.821039
0.756886 0.781961
0.770954 1.08422
0.785328 0.837876
0.799993 1.25017
0.814932 1.06968
0.830131 1.17774
0.582302 0.76914
0.582679 0.890954
0.583807 0.685232
0.585682 0.968127
0.588298 0.975179
0.591643 1.00757
0.595707 0.921806
0.600474 0.852298
0.605928 0.865159
0.612051 1.10355
0.618822 0.739954
0.626221 0.810233
0.634225 0.587038
0.642812 1.1509
0.651959 1.17958
0.661643 0.839446
0.671841 0.951395
0.682529 0.813351
0.693684 0.986985
0.705286 0.821124
0.717311 1.19197
0.72974 0.99363
0.742551 0.973695
0.755726 1.23077
0.769245 1.00654
0.783091 1.03546
0.797247 0.892944
0.811696 0.842799
0.826424 1.06639
0.841415 1.20632
0.599012 0.768436
0.599378 0.704077
0.600474 0.76628
0.602298 0.679288
0.604842 1.35295
0.608096 0.604015
0.612051 0.960139
0.616692 0.679455
0.622004 1.1568
0.627969 0.988332
0.634571 0.854612
0.641788 1.0636
0.6496 1.10061
0.657987 1.73609
0.666926 1.20762
0.676396 0.94981
0.686374 0.907311
0.696839 1.05848
0.707769 0.705351
0.719143 1.41647
0.730941 1.21487
0.743141 0.800026
0.755726 0.661563
0.768674 0.975539
0.78197 0.820891
0.795595 1.13823
0.809532 1.06536
0.823766 1.23848
0.838281 0.981028
0.853064 1.3463
0.61598 1.02677
0.616336 1.00453
0.617403 0.888164
0.619176 0.523538
0.621651 0.755127
0.624818 1.04373
0.628667 1.23625
0.633187 1.00817
0.638361 1.20305
0.644175 0.955817
0.650612 1.15807
0.657653 0.962427
0.66528 0.81776
0.673471 0.770453
0.682207 0.737654
0.691468 0.94
0.701232 1.1345
0.711478 1.09015
0.722187 0.902879
0.733337 1.64376
0.74491 0.790595
0.756886 0.873495
0.769245 1.24057
0.78197 0.846256
0.795043 1.05141
0.808447 1.04465
0.822167 1.02
0.836186 0.977418
0.850489 1.34817
0.865064 1.04247
0.633187 1.24373
0.633533 0.975801
0.634571 0.893269
0.636296 0.929444
0.638705 1.012
0.641788 0.726977
0.645536 1.12547
0.649938 0.907086
0.65498 0.887002
0.660648 0.767366
0.666926 1.16045
0.673797 0.953595
0.681242 0.848068
0.689244 0.889193
0.697783 0.906263
0.706839 0.969765
0.716393 0.739806
0.726426 1.14049
0.736918 1.1117
0.747849 1.1054
0.7592 0.771406
0.770954 1.12515
0.783091 1.02388
0.795595 0.81344
0.808447 1.00559
0.821633 1.04164
0.835136 1.14921
0.848941 1.34368
0.863033 1.03086
0.877399 1.2605
0.650612 0.699996
0.650949 0.870049
0.651959 0.831512
0.653639 0.591327
0.655984 0.908209
0.658986 0.848572
0.662637 1.37723
0.666926 1.14313
0.671841 1.06173
0.677368 1.06924
0.683492 0.914919
0.690198 0.956618
0.697468 1.16484
0.705286 0.961104
0.713633 0.87606
0.72249 1.0784
0.731841 1.13791
0.741664 0.711666
0.751943 0.919397
0.762659 0.868066
0.773793 0.952614
0.785328 1.28154
0.797247 0.976335
0.809532 1.05817
0.822167 1.17486
0.835136 1.04788
0.848424 0.871729
0.862016 0.838108
0.875898 1.1405
0.890056 1.42269
0.66824 1.14448
0.668568 0.923364
0.669552 1.12999
0.671187 1.24927
0.673471 0.859718
0.676396 1.37137
0.679953 1.22408
0.684133 0.961186
0.688925 1.63231
0.694316 1.34087
0.700293 0.933187
0.706839 0.6958
0.71394 1.10573
0.721579 1.10432
0.72974 1.10422
0.738404 1.081
0.747555 0.910568
0.757175 1.06202
0.767246 1.15271
0.777751 0.982088
0.788673 1.07999
0.799993 1.08992
0.811696 1.07475
0.823766 1.62277
0.836186 1.24816
0.848941 0.963258
0.862016 0.820042
0.875397 0.511093
0.88907 1.27331
0.903022 1.15254
0.686054 0.629125
0.686374 0.97926
0.687332 1.11818
0.688925 0.74352
0.69115 1.03443
0.694001 0.758392
0.697468 0.646969
0.701544 0.74688
0.706218 0.884717
0.711478 1.03902
0.717311 0.928204
0.723704 0.993652
0.730641 0.989127
0.738107 0.951074
0.746087 1.07582
0.754564 0.771937
0.763521 0.950188
0.772942 1.20853
0.782811 1.04491
0.79311 0.92782
0.803822 0.935177
0.814932 1.32141
0.826424 1.01402
0.838281 1.22407
0.850489 1.23649
0.863033 0.926265
0.875898 1.38015
0.88907 0.907337
0.902536 1.03922
0.916283 1.08472
0.704041 1.02309
0.704352 1.06933
0.705286 1.22318
0.706839 1.08808
0.709008 0.919148
0.711786 1.12596
0.715168 1.06655
0.719143 1.19904
0.723704 0.946399
0.728837 1.17522
0.734533 1.09372
0.740777 1.13315
0.747555 0.917514
0.754854 1.01563
0.762659 1.23666
0.770954 0.884944
0.779723 0.922097
0.788951 0.887814
0.798621 1.26314
0.808719 1.20358
0.819227 1.09253
0.830131 1.00854
0.841415 1.22565
0.853064 1.37114
0.865064 1.39226
0.877399 1.0159
0.890056 1.31989
0.903022 1.65595
0.916283 1.2876
0.929827 1.14432
0.376991 0.301179
0.377572 0.352205
0.379311 0.361384
0.382191 0.389092
0.386187 1.00773
0.391265 0.504428
0.397384 0.472322
0.404495 0.413561
0.412548 0.472858
0.421489 0.503073
0.431262 0.409219
0.441813 0.441727
0.453087 0.708714
0.465031 0.631773
0.477596 0.546117
0.490732 0.460552
0.504397 0.599623
0.518548 0.487013
0.533146 0.976618
0.548156 0.588951
0.563544 0.833411
0.579281 0.497613
0.595339 0.85817
0.611692 0.80969
0.628319 0.943565
0.645196 0.60599
0.662306 0.789323
0.67963 1.22468
0.697154 1.25725
0.714861 1.0101
0.377572 0.430635
0.378153 0.344775
0.379889 0.587612
0.382765 0.395768
0.386755 0.30531
0.391825 0.456818
0.397935 0.584973
0.405037 0.466305
0.413079 0.35945
0.422009 0.508505
0.431771 0.420199
0.442309 0.245333
0.453571 0.65014
0.465503 0.584291
0.478055 0.47962
0.491179 0.562178
0.504832 0.595579
0.518971 0.519581
0.533557 0.740875
0.548556 0.858335
0.563933 0.60184
0.57966 0.703
0.595707 0.86303
0.612051 0.820633
0.628667 0.979049
0.645536 1.03727
0.662637 0.803604
0.679953 0.788731
0.697468 1.11662
0.715168 0.890747
0.379311 0.312558
0.379889 0.347649
0.381617 0.256149
0.38448 0.271389
0.388452 0.285688
0.393501 0.347924
0.399585 0.455508
0.406658 0.355812
0.414669 0.398279
0.423565 0.53955
0.433292 0.498627
0.443794 0.484941
0.455019 0.616274
0.466914 0.484728
0.479429 0.608758
0.492517 0.54822
0.506133 0.673674
0.520237 0.593579
0.534789 0.656142
0.549754 0.751699
0.565099 0.878721
0.580794 1.0384
0.596811 0.782938
0.613125 0.741627
0.629713 0.842885
0.646554 0.740158
0.663629 1.05704
0.68092 0.923414
0.698411 0.830131
0.716087 0.890213
0.382191 0.350639
0.382765 0.142121
0.38448 0.383686
0.387322 0.323544
0.391265 0.360184
0.396278 0.506902
0.40232 0.468734
0.409346 0.37934
0.417305 0.313674
0.426146 0.386255
0.435815 0.44987
0.446259 0.393038
0.457423 0.388948
0.469257 0.477734
0.481711 0.539608
0.494739 0.371936
0.508295 0.586233
0.522341 0.510314
0.536836 0.497778
0.551745 0.69302
0.567036 0.704975
0.582679 0.594595
0.598645 0.743933
0.614911 0.753051
0.631452 0.550588
0.648248 1.06067
0.66528 1.03257
0.682529 0.908139
0.699979 0.825224
0.717617 1.12276
0.386187 0.559876
0.386755 0.548551
0.388452 0.264046
0.391265 0.408699
0.39517 0.36761
0.400134 0.423211
0.406118 0.308075
0.413079 0.316654
0.420968 0.447157
0.429734 0.567862
0.439324 0.518313
0.449686 0.516756
0.460767 0.532916
0.472517 0.528442
0.484888 0.562299
0.497832 0.600432
0.511307 0.504312
0.525272 0.608847
0.539688 0.769547
0.554521 0.813736
0.569737 0.869575
0.585308 0.791793
0.601204 0.518479
0.617403 0.774888
0.633879 0.558609
0.650612 0.846229
0.667583 0.662363
0.684774 0.912544
0.702169 1.02767
0.719753 0.766809
0.391265 0.33082
0.391825 0.349892
0.393501 0.405613
0.396278 0.372947
0.400134 0.718293
0.405037 0.379285
0.41095 0.362999
0.417831 0.450234
0.425631 0.292517
0.434303 0.638066
0.443794 0.38067
0.454054 0.575676
0.465031 0.448216
0.476676 0.544645
0.488941 0.586222
0.501781 0.470896
0.515153 0.544501
0.529016 0.665009
0.543333 0.942962
0.558069 0.756235
0.573191 0.774396
0.58867 0.879607
0.604479 0.94639
0.620592 0.939624
0.636985 0.750145
0.653639 1.06422
0.670534 0.988503
0.687651 0.795245
0.704975 1.16076
0.72249 1.24316
0.397384 0.319771
0.397935 0.317743
0.399585 0.404276
0.40232 0.376719
0.406118 0.451121
0.41095 0.385673
0.416779 0.461518
0.423565 0.360085
0.431262 0.419553
0.439823 0.647115
0.449198 0.398364
0.459337 0.580684
0.470191 0.481776
0.481711 0.557815
0.493851 0.477976
0.506567 0.58041
0.519815 0.804238
0.533557 0.521372
0.547755 0.629845
0.562375 0.890531
0.577385 0.90736
0.592755 1.00844
0.608457 1.27683
0.624467 0.981138
0.640762 0.862239
0.65732 0.578607
0.674122 1.14559
0.69115 1.30434
0.708389 0.990304
0.725822 1.10538
0.404495 0.412823
0.405037 0.467344
0.406658 0.580518
0.409346 0.430622
0.413079 0.326256
0.417831 0.483332
0.423565 0.527743
0.430244 0.306316
0.437824 0.415858
0.446259 0.539999
0.455501 0.676215
0.465503 0.43236
0.476216 0.605005
0.487594 0.788374
0.499591 0.578782
0.512164 0.651716
0.525272 0.531094
0.538874 1.00142
0.552936 0.491867
0.567423 0.764877
0.582302 0.859519
0.597545 0.828131
0.613125 0.90662
0.629016 0.841466
0.645196 0.972756
0.661643 1.17796
0.678338 0.836059
0.695263 0.915347
0.712402 0.887017
0.72974 1.38951
0.412548 0.523872
0.413079 0.318555
0.414669 0.491865
0.417305 0.326221
0.420968 0.326098
0.425631 0.541159
0.431262 0.417946
0.437824 0.509647
0.445275 0.42478
0.453571 0.450969
0.462667 0.354708
0.472517 0.404442
0.483075 0.566645
0.494295 0.628736
0.506133 0.551229
0.518548 0.585145
0.531498 0.600695
0.544945 0.606001
0.558854 0.87609
0.573191 0.534753
0.587925 0.520908
0.603026 0.626966
0.618467 1.00522
0.634225 1.09951
0.650275 0.919854
0.666597 0.740332
0.683171 0.999287
0.699979 1.21975
0.717005 1.40218
0.734234 1.05177
0.421489 0.355379
0.422009 0.401644
0.423565 0.432851
0.426146 0.230436
0.429734 0.486551
0.434303 0.474035
0.439823 0.400739
0.446259 0.429707
0.453571 0.309073
0.461718 0.467271
0.470657 0.503158
0.480343 0.599772
0.490732 0.722342
0.501781 0.536024
0.513447 0.599983
0.525689 0.697672
0.538467 0.653643
0.551745 0.694494
0.565487 0.580781
0.57966 0.610278
0.594233 0.912359
0.609177 0.829479
0.624467 0.606082
0.640077 0.859495
0.655984 1.52643
0.672167 1.05273
0.688607 0.862739
0.705286 0.71517
0.722187 0.900537
0.739295 0.958419
0.431262 0.376782
0.431771 0.381112
0.433292 0.594046
0.435815 0.298247
0.439324 0.431348
0.443794 0.489535
0.449198 0.648738
0.455501 0.443819
0.462667 0.503213
0.470657 0.614941
0.479429 0.531192
0.488941 0.445942
0.499152 0.61565
0.510019 0.769938
0.5215 0.819192
0.533557 0.464674
0.546151 0.581008
0.559247 0.622831
0.572808 0.782025
0.586805 0.800536
0.601204 0.676573
0.61598 0.68647
0.631105 1.04312
0.646554 1.12353
0.662306 0.969291
0.678338 1.05435
0.694632 1.20451
0.71117 1.08765
0.727934 1.20703
0.74491 0.854843
0.441813 0.395305
0.442309 0.613873
0.443794 0.623635
0.446259 0.37905
0.449686 0.477947
0.454054 0.801868
0.459337 0.330064
0.465503 0.594904
0.472517 0.461315
0.480343 0.455135
0.488941 0.46113
0.498272 0.488586
0.508295 0.67085
0.518971 0.603995
0.530258 0.549298
0.542121 1.06972
0.554521 0.512811
0.567423 0.776147
0.580794 0.868255
0.594602 0.914275
0.608817 0.710579
0.623412 1.07308
0.638361 0.873712
0.653639 0.887116
0.669224 1.2514
0.685095 0.892309
0.701232 1.17185
0.717617 0.724445
0.734234 1.08681
0.751068 1.15294
0.453087 0.397729
0.453571 0.491779
0.455019 0.499474
0.457423 0.683189
0.460767 0.471249
0.465031 0.607953
0.470191 0.484768
0.476216 0.366076
0.483075 0.724992
0.490732 0.478567
0.499152 0.397157
0.508295 0.699631
0.518125 0.609462
0.528601 0.626837
0.539688 0.701055
0.551347 0.526035
0.563544 0.660616
0.576244 0.852917
0.589415 0.969801
0.603026 0.747506
0.617047 0.865478
0.631452 0.752794
0.646215 1.13326
0.661312 1.54343
0.67672 0.714052
0.692419 1.05566
0.708389 0.904422
0.724612 1.20125
0.741073 0.884908
0.757754 1.15637
0.465031 0.46458
0.465503 0.329784
0.466914 0.395486
0.469257 0.503347
0.472517 0.469516
0.476676 0.463141
0.481711 0.498449
0.487594 0.621042
0.494295 0.72574
0.501781 0.575447
0.510019 0.711981
0.518971 0.349674
0.528601 0.580009
0.538874 0.530003
0.549754 0.616007
0.561204 0.602336
0.573191 0.915707
0.585682 0.738004
0.598645 0.776297
0.612051 1.06729
0.62587 0.766337
0.640077 0.709255
0.654645 0.940926
0.669552 1.16556
0.684774 1.34227
0.700293 1.32235
0.716087 1.35932
0.73214 1.03416
0.748435 0.940931
0.764956 0.81978
0.477596 0.389739
0.478055 0.507356
0.479429 0.746424
0.481711 0.511497
0.484888 0.663456
0.488941 0.70849
0.493851 0.519214
0.499591 0.663272
0.506133 0.593839
0.513447 0.481077
0.5215 0.673391
0.530258 0.563256
0.539688 0.718957
0.549754 0.642713
0.560422 0.82895
0.571659 0.604979
0.583431 0.742167
0.595707 0.78159
0.608457 0.774499
0.621651 0.853077
0.635261 0.887779
0.649262 0.933534
0.663629 0.787623
0.678338 0.785818
0.693368 0.856923
0.708698 0.830194
0.72431 1.01
0.740184 1.08084
0.756306 0.927831
0.772659 0.850612
0.490732 0.691032
0.491179 0.418261
0.492517 0.471486
0.494739 0.546023
0.497832 0.546376
0.501781 0.666021
0.506567 0.512933
0.512164 0.512718
0.518548 0.744048
0.525689 0.845619
0.533557 0.493782
0.542121 0.548516
0.551347 0.734767
0.561204 0.469834
0.571659 0.63778
0.582679 0.858898
0.594233 0.589778
0.60629 0.648279
0.618822 0.734399
0.6318 1.11037
0.645196 1.08447
0.658986 0.772838
0.673145 1.03045
0.687651 1.22383
0.702481 0.683844
0.717617 0.968588
0.733038 0.790307
0.748728 1.14066
0.764669 1.23737
0.780847 1.33503
0.504397 0.625451
0.504832 0.604574
0.506133 0.647266
0.508295 0.465044
0.511307 0.543996
0.515153 0.588295
0.519815 0.529497
0.525272 0.637939
0.531498 0.511786
0.538467 0.752907
0.546151 0.682975
0.554521 0.762986
0.563544 0.908021
0.573191 0.816432
0.583431 0.960593
0.594233 0.879419
0.605566 0.914478
0.617403 0.946018
0.629713 1.15977
0.642471 0.948094
0.655649 0.947512
0.669224 0.901003
0.683171 1.13458
0.697468 1.00685
0.712094 0.990365
0.72703 0.604278
0.742256 0.885458
0.757754 0.980738
0.77351 0.923877
0.789506 1.01162
0.518548 0.66756
0.518971 0.522621
0.520237 0.660171
0.522341 0.468727
0.525272 0.735039
0.529016 0.560179
0.533557 0.763509
0.538874 0.836048
0.544945 0.616359
0.551745 0.613245
0.559247 0.723813
0.567423 0.714892
0.576244 0.670549
0.585682 0.494669
0.595707 0.863423
0.60629 0.858858
0.617403 0.77411
0.629016 1.06197
0.641104 0.888685
0.653639 0.767949
0.666597 0.974274
0.679953 0.735994
0.693684 0.700558
0.707769 0.949174
0.722187 1.34846
0.736918 0.963849
0.751943 1.32023
0.767246 0.761102
0.782811 1.05549
0.798621 0.958062
0.533146 0.558973
0.533557 0.761508
0.534789 0.738636
0.536836 0.513929
0.539688 0.567179
0.543333 0.68952
0.547755 0.695829
0.552936 0.763882
0.558854 0.601651
0.565487 0.81597
0.572808 0.674283
0.580794 0.680208
0.589415 0.493632
0.598645 0.924421
0.608457 0.861136
0.618822 1.00665
0.629713 0.686598
0.641104 0.67973
0.652968 0.873152
0.66528 1.33599
0.678015 1.09098
0.69115 0.883119
0.704664 0.86293
0.718533 0.980007
0.732739 1.20814
0.747262 0.812564
0.762084 1.1299
0.777187 1.10932
0.792556 1.28212
0.808176 0.885582
0.548156 0.565135
0.548556 0.700059
0.549754 0.977289
0.551745 0.879179
0.554521 0.634783
0.558069 0.550777
0.562375 0.719853
0.567423 0.705055
0.573191 0.801143
0.57966 0.825458
0.586805 0.619999
0.594602 0.97797
0.603026 0.742509
0.612051 1.16633
0.621651 0.760375
0.6318 0.906619
0.642471 0.834264
0.653639 0.844992
0.66528 1.01595
0.677368 1.32584
0.68988 1.11705
0.702794 0.634735
0.716087 0.8391
0.72974 1.07129
0.743731 0.739893
0.758044 1.04362
0.772659 1.01785
0.787559 1.32024
0.80273 1.20464
0.818156 0.862359
0.563544 0.863319
0.563933 0.977776
0.565099 0.648545
0.567036 1.0551
0.569737 0.516414
0.573191 0.627009
0.577385 0.64036
0.582302 0.40652
0.587925 0.620817
0.594233 0.640227
0.601204 0.745963
0.608817 0.986218
0.617047 0.914632
0.62587 0.709998
0.635261 1.0538
0.645196 1.13339
0.655649 1.06691
0.666597 0.899539
0.678015 0.768863
0.68988 1.40221
0.702169 1.12553
0.714861 0.801014
0.727934 0.891528
0.741369 0.861096
0.755145 1.24213
0.769245 0.904747
0.783651 0.650006
0.798346 1.05442
0.813316 0.914482
0.828544 1.0972
0.579281 0.67816
0.57966 0.655125
0.580794 0.996144
0.582679 0.747551
0.585308 1.18657
0.58867 0.762831
0.592755 0.946609
0.597545 0.892363
0.603026 0.876938
0.609177 0.877878
0.61598 0.803627
0.623412 0.681208
0.631452 0.783659
0.640077 0.837378
0.649262 0.916713
0.658986 0.736081
0.669224 0.83936
0.679953 1.02457
0.69115 1.14295
0.702794 1.33335
0.714861 1.03304
0.727331 1.0336
0.740184 1.159
0.7534 1.07067
0.766961 1.23125
0.780847 0.926895
0.795043 0.871447
0.809532 1.45483
0.824298 1.06486
0.839327 0.759829
0.595339 0.681508
0.595707 0.692772
0.596811 0.663545
0.598645 0.67712
0.601204 0.619145
0.604479 0.837672
0.608457 0.863062
0.613125 0.866527
0.618467 0.776213
0.624467 0.855234
0.631105 0.982252
0.638361 0.658991
0.646215 1.07009
0.654645 0.749643
0.663629 0.911922
0.673145 0.864922
0.683171 0.812783
0.693684 1.15031
0.704664 1.28617
0.716087 1.02352
0.727934 1.1787
0.740184 1.01899
0.752818 0.756506
0.765816 0.90995
0.77916 0.934445
0.792833 1.08055
0.806818 1.06859
0.821099 0.904895
0.835661 0.967675
0.850489 1.18271
0.611692 1.02177
0.612051 0.853477
0.613125 0.698005
0.614911 0.589489
0.617403 0.72659
0.620592 0.69945
0.624467 0.621443
0.629016 0.782662
0.634225 1.33785
0.640077 1.24722
0.646554 0.962612
0.653639 0.813166
0.661312 0.981745
0.669552 0.753758
0.678338 1.23799
0.687651 0.839734
0.697468 1.31666
0.707769 0.857162
0.718533 1.37624
0.72974 0.917822
0.741369 0.967314
0.7534 1.11206
0.765816 0.816706
0.778597 0.982246
0.791726 0.808997
0.805185 1.29646
0.818959 1.00069
0.833032 1.32199
0.847389 1.40163
0.862016 1.45142
0.628319 0.946951
0.628667 0.740721
0.629713 0.856703
0.631452 1.10895
0.633879 0.963316
0.636985 1.00658
0.640762 0.867611
0.645196 1.17764
0.650275 0.787362
0.655984 0.824249
0.662306 0.883939
0.669224 1.07437
0.67672 1.01284
0.684774 0.812062
0.693368 1.2185
0.702481 0.877295
0.712094 1.11247
0.722187 1.59243
0.732739 0.889246
0.743731 1.0639
0.755145 0.746769
0.766961 1.12977
0.77916 1.04827
0.791726 0.808392
0.80464 1.13515
0.817887 1.10408
0.831451 1.08313
0.845316 0.924936
0.859468 0.899567
0.873892 0.859798
0.645196 0.870908
0.645536 1.23883
0.646554 0.958953
0.648248 1.35793
0.650612 0.936202
0.653639 0.71802
0.65732 0.906187
0.661643 1.10009
0.666597 1.12864
0.672167 0.854006
0.678338 0.704604
0.685095 1.54212
0.692419 1.19597
0.700293 0.965255
0.708698 1.01928
0.717617 1.18185
0.72703 1.09949
0.736918 0.883507
0.747262 1.18957
0.758044 0.694021
0.769245 1.2864
0.780847 1.29271
0.792833 0.994942
0.805185 1.11073
0.817887 1.28201
0.830923 0.809597
0.844278 1.35564
0.857935 0.717732
0.871882 1.05409
0.886105 1.27626
0.662306 1.38319
0.662637 1.12005
0.663629 0.954715
0.66528 0.937691
0.667583 1.22001
0.670534 1.01475
0.674122 1.18093
0.678338 1.11837
0.683171 0.92528
0.688607 0.90982
0.694632 1.071
0.701232 0.88891
0.708389 0.799479
0.716087 0.9523
0.72431 1.40852
0.733038 1.179
0.742256 0.809511
0.751943 1.00664
0.762084 0.827234
0.772659 1.4637
0.783651 1.1764
0.795043 0.903422
0.806818 0.852098
0.818959 1.03633
0.831451 1.24915
0.844278 1.29664
0.857424 1.20363
0.870876 1.69568
0.884619 1.1075
0.89864 1.00632
0.67963 0.925247
0.679953 0.955587
0.68092 0.625739
0.682529 1.00707
0.684774 0.756059
0.687651 1.12315
0.69115 1.03609
0.695263 1.09039
0.699979 1.10515
0.705286 0.962625
0.71117 0.729372
0.717617 1.03934
0.724612 0.913868
0.73214 1.05543
0.740184 1.5218
0.748728 0.993832
0.757754 0.717983
0.767246 1.40102
0.777187 0.760338
0.787559 1.41768
0.798346 0.896914
0.809532 0.578946
0.821099 0.966981
0.833032 1.13193
0.845316 1.14784
0.857935 0.843633
0.870876 1.25824
0.884123 1.13423
0.897663 1.04234
0.911483 1.23265
0.697154 0.69146
0.697468 0.884538
0.698411 1.16125
0.699979 1.04761
0.702169 1.04726
0.704975 1.64261
0.708389 1.44
0.712402 1.01003
0.717005 0.958945
0.722187 1.1229
0.727934 0.911815
0.734234 0.867854
0.741073 1.25347
0.748435 1.0739
0.756306 0.837669
0.764669 1.06098
0.77351 1.03218
0.782811 1.0738
0.792556 0.84508
0.80273 0.944212
0.813316 0.975418
0.824298 0.880028
0.835661 1.22594
0.847389 1.01353
0.859468 1.32882
0.871882 1.10492
0.884619 0.985607
0.897663 1.0405
0.911002 1.20274
0.924623 1.01222
0.714861 0.904078
0.715168 0.940421
0.716087 0.97696
0.717617 0.796514
0.719753 0.834132
0.72249 1.24597
0.725822 0.703772
0.72974 0.820687
0.734234 1.32992
0.739295 0.88163
0.74491 0.97766
0.751068 1.16625
0.757754 0.789416
0.764956 0.629774
0.772659 0.998408
0.780847 1.16779
0.789506 1.12275
0.798621 1.07681
0.808176 1.26547
0.818156 0.737344
0.828544 1.25087
0.839327 1.02732
0.850489 1.0435
0.862016 1.10353
0.873892 0.976116
0.886105 1.00314
0.89864 1.07612
0.911483 1.1888
0.924623 1.21115
0.938046 0.98466
0.397935 0.526728
0.398486 0.508075
0.400134 0.447442
0.402865 0.348801
0.406658 0.388572
0.411483 0.516802
0.417305 0.405955
0.424083 0.346413
0.431771 0.46577
0.440321 0.316608
0.449686 0.461471
0.459814 0.392153
0.470657 0.421511
0.482166 0.514661
0.494295 0.569708
0.506999 0.610883
0.520237 0.676773
0.533968 0.571238
0.548156 0.64623
0.562765 0.933026
0.577765 1.15557
0.593124 0.738685
0.608817 0.956769
0.624818 1.05083
0.641104 0.83193
0.657653 1.1366
0.674447 1.07158
0.691468 1.0832
0.708698 1.23042
0.726124 1.34389
0.398486 0.271071
0.399036 0.387309
0.400681 0.475787
0.403409 0.480797
0.407197 0.353558
0.412016 0.411734
0.417831 0.38791
0.4246 0.488935
0.432278 0.643737
0.440819 0.432191
0.450173 0.550876
0.460291 0.40652
0.471123 0.518913
0.482621 0.537457
0.494739 0.570965
0.507432 0.71918
0.520658 0.538959
0.534379 0.585918
0.548556 0.67072
0.563155 0.753775
0.578144 0.517617
0.593494 0.839791
0.609177 0.608424
0.625169 0.769965
0.641446 0.802567
0.657987 1.15175
0.674772 1.06513
0.691785 0.963428
0.709008 1.28419
0.726426 1.34884
0.400134 0.447236
0.400681 0.353508
0.40232 0.471058
0.405037 0.551654
0.40881 0.342015
0.41361 0.460438
0.419402 0.395182
0.426146 0.234064
0.433798 0.401198
0.442309 0.444583
0.451632 0.290137
0.461718 0.53179
0.472517 0.594937
0.483982 0.609503
0.496067 0.546535
0.508727 0.642897
0.521921 0.662337
0.535609 0.614237
0.549754 0.822359
0.564322 0.860605
0.579281 0.789696
0.594602 0.615818
0.610257 1.10582
0.626221 0.69374
0.642471 1.28506
0.658986 1.14877
0.675747 0.873937
0.692735 0.917926
0.709935 1.36331
0.727331 1.2661
0.402865 0.324133
0.403409 0.351744
0.405037 0.408758
0.407735 0.372902
0.411483 0.438568
0.416253 0.42461
0.422009 0.484241
0.428712 0.23614
0.436318 0.33725
0.444782 0.359931
0.454054 0.40071
0.464087 0.423887
0.474832 0.560418
0.486243 0.572305
0.498272 0.692584
0.510878 0.681831
0.524017 0.755897
0.537652 0.459318
0.551745 0.989736
0.566262 0.811611
0.581171 0.935593
0.596443 0.857288
0.612051 0.810899
0.627969 0.885622
0.644175 1.32506
0.660648 0.972752
0.677368 1.1918
0.694316 1.24679
0.711478 1.50553
0.728837 0.767426
0.406658 0.269185
0.407197 0.354556
0.40881 0.272792
0.411483 0.542663
0.415198 0.349462
0.419925 0.427821
0.425631 0.375465
0.432278 0.567423
0.439823 0.308538
0.44822 0.496515
0.457423 0.480098
0.467383 0.453253
0.478055 0.572634
0.48939 0.702215
0.501344 0.489051
0.513874 0.751721
0.526939 0.627828
0.5405 0.851965
0.554521 0.649999
0.568967 0.559911
0.583807 0.969852
0.599012 0.996404
0.614554 1.22801
0.630409 0.792627
0.646554 0.69272
0.662968 0.68794
0.67963 0.773313
0.696524 0.849971
0.713633 0.835776
0.730941 0.968427
0.411483 0.355114
0.412016 0.263343
0.41361 0.567708
0.416253 0.429545
0.419925 0.31794
0.4246 0.335378
0.430244 0.431197
0.436821 0.393119
0.444288 0.510857
0.452603 0.511843
0.461718 0.425308
0.471588 0.532124
0.482166 0.404969
0.493407 0.797574
0.505266 0.701835
0.517701 0.568614
0.530672 0.694274
0.54414 0.48523
0.558069 0.654953
0.572425 0.740503
0.587178 0.613781
0.602298 0.745604
0.617758 1.02891
0.633533 0.817361
0.6496 0.815865
0.665939 1.14728
0.682529 0.82847
0.699352 0.924879
0.716393 0.869084
0.733636 0.963162
0.417305 0.38463
0.417831 0.506696
0.419402 0.271975
0.422009 0.366936
0.425631 0.546962
0.430244 0.415996
0.435815 0.415455
0.442309 0.531772
0.449686 0.448712
0.457902 0.491005
0.466914 0.67632
0.476676 0.486889
0.487144 0.509997
0.498272 0.565132
0.510019 0.437205
0.522341 0.752958
0.535199 0.707289
0.548556 0.711176
0.562375 0.780862
0.576625 0.653816
0.591273 1.05547
0.60629 0.873252
0.621651 0.933041
0.63733 0.852128
0.653304 0.993266
0.669552 0.830797
0.686054 0.942036
0.702794 1.04476
0.719753 1.1913
0.736918 0.926881
0.424083 0.472097
0.4246 0.50129
0.426146 0.403553
0.428712 0.476255
0.432278 0.417627
0.436821 0.391771
0.442309 0.629227
0.448709 0.404727
0.455982 0.373682
0.464087 0.527573
0.472981 0.401239
0.482621 0.429311
0.492962 0.530693
0.503962 0.516235
0.515579 0.89195
0.527771 0.526044
0.5405 0.493141
0.553729 0.76291
0.567423 0.627104
0.581548 0.77277
0.596075 0.705463
0.610975 1.07749
0.626221 0.821642
0.641788 1.0832
0.657653 1.14689
0.673797 1.11548
0.690198 0.866809
0.706839 1.15613
0.723704 0.850056
0.740777 1.14794
0.431771 0.397879
0.432278 0.434161
0.433798 0.529465
0.436318 0.61161
0.439823 0.371807
0.444288 0.37647
0.449686 0.545209
0.455982 0.484142
0.463141 0.5227
0.471123 0.685154
0.479886 0.465291
0.48939 0.700461
0.499591 0.782857
0.510448 0.643506
0.521921 0.542576
0.533968 0.691684
0.546553 0.55479
0.559639 0.958283
0.573191 1.02476
0.587178 0.994907
0.601569 1.02387
0.616336 1.08234
0.631452 0.849185
0.646894 1.03709
0.662637 0.785341
0.678662 0.956298
0.694948 0.629564
0.711478 1.32534
0.728235 0.896748
0.745204 1.02489
0.440321 0.522146
0.440819 0.422821
0.442309 0.273864
0.444782 0.516732
0.44822 0.46389
0.452603 0.576023
0.457902 0.428702
0.464087 0.46874
0.471123 0.61518
0.478971 0.585525
0.487594 0.452942
0.49695 0.586823
0.506999 0.51821
0.517701 0.729191
0.529016 0.667592
0.540906 0.735769
0.553333 0.916653
0.566262 0.571951
0.57966 0.621893
0.593494 1.31795
0.607736 0.773141
0.622356 0.926097
0.63733 0.65563
0.652632 0.91563
0.66824 0.695842
0.684133 1.28155
0.700293 0.942457
0.716699 0.968655
0.733337 1.05834
0.750191 1.38568
0.449686 0.658806
0.450173 0.323058
0.451632 0.402469
0.454054 0.375044
0.457423 0.797931
0.461718 0.428018
0.466914 0.45931
0.472981 0.392018
0.479886 0.503735
0.487594 0.373892
0.496067 0.713816
0.505266 0.51473
0.515153 0.594209
0.525689 0.548552
0.536836 0.443189
0.548556 0.560094
0.560813 1.00341
0.573574 0.799853
0.586805 0.856062
0.600474 1.06345
0.614554 0.713054
0.629016 1.10222
0.643835 1.33985
0.658986 0.795791
0.674447 0.987202
0.690198 0.7321
0.706218 1.27247
0.72249 0.962036
0.738998 0.790222
0.755726 0.987524
0.459814 0.661088
0.460291 0.477723
0.461718 0.462196
0.464087 0.475071
0.467383 0.467451
0.471588 0.530797
0.476676 0.618708
0.482621 0.437943
0.48939 0.600848
0.49695 0.408526
0.505266 0.579033
0.514301 0.359365
0.524017 0.451417
0.534379 0.798358
0.545348 0.778135
0.556889 0.726207
0.568967 0.529712
0.581548 0.720332
0.594602 0.953986
0.608096 0.806187
0.622004 1.05337
0.636296 1.0231
0.650949 0.714
0.665939 0.673747
0.681242 1.22937
0.696839 0.913129
0.71271 0.854709
0.728837 1.12532
0.745204 0.904077
0.761796 1.02208
0.470657 0.51955
0.471123 0.67312
0.472517 0.537276
0.474832 0.577043
0.478055 0.701429
0.482166 0.737948
0.487144 0.528407
0.492962 0.761266
0.499591 0.415644
0.506999 0.601496
0.515153 0.619717
0.524017 0.471382
0.533557 0.740158
0.543737 0.484084
0.554521 0.766552
0.565874 0.752533
0.577765 0.84469
0.590159 0.763579
0.603026 0.822394
0.616336 0.929421
0.630061 1.22371
0.644175 0.650763
0.658653 0.927757
0.673471 0.823556
0.688607 1.538
0.704041 0.925936
0.719753 0.811605
0.735726 1.5059
0.751943 0.813986
0.768389 0.882491
0.482166 0.5292
0.482621 0.675483
0.483982 0.642719
0.486243 0.447916
0.48939 0.44549
0.493407 0.644399
0.498272 0.469561
0.503962 0.588704
0.510448 0.576688
0.517701 0.559346
0.525689 0.677049
0.534379 0.531458
0.543737 0.669706
0.553729 0.722503
0.564322 0.754015
0.575482 0.819819
0.587178 0.435811
0.599378 0.806155
0.612051 1.1819
0.625169 0.965471
0.638705 1.09945
0.652632 1.00225
0.666926 0.970043
0.681564 0.761043
0.696524 1.05893
0.711786 1.14263
0.727331 1.17696
0.743141 1.12678
0.7592 1.14309
0.775492 1.00077
0.494295 0.668075
0.494739 0.435877
0.496067 0.529625
0.498272 0.427478
0.501344 0.632924
0.505266 0.524609
0.510019 0.633358
0.515579 0.633804
0.521921 0.592522
0.529016 0.498375
0.536836 0.779695
0.545348 0.499093
0.554521 0.758827
0.564322 0.845517
0.57472 0.641418
0.585682 0.608593
0.597178 1.0642
0.609177 1.03601
0.621651 0.690471
0.634571 1.08393
0.64791 1.24587
0.661643 1.04582
0.675747 1.09965
0.690198 0.931313
0.704975 0.760488
0.720058 1.0594
0.735428 1.24402
0.751068 1.1315
0.766961 0.903132
0.783091 0.765867
0.506999 0.482958
0.507432 0.438858
0.508727 0.771586
0.510878 0.519688
0.513874 0.59839
0.517701 0.624582
0.522341 0.774338
0.527771 0.712628
0.533968 0.555764
0.540906 0.612486
0.548556 0.948868
0.556889 0.62267
0.565874 0.744121
0.575482 0.587311
0.585682 0.861245
0.596443 0.568024
0.607736 1.02997
0.61953 0.660284
0.6318 0.969384
0.644516 1.05248
0.657653 0.812194
0.671187 0.85786
0.685095 0.769956
0.699352 0.936607
0.71394 0.803612
0.728837 0.935037
0.744026 0.814523
0.759489 1.33584
0.775209 0.971986
0.791171 0.938123
0.520237 0.46318
0.520658 0.708482
0.521921 1.18143
0.524017 0.814553
0.526939 0.585311
0.530672 0.549333
0.535199 0.531964
0.5405 0.750583
0.546553 0.680715
0.553333 0.616101
0.560813 0.799503
0.568967 0.69275
0.577765 0.575629
0.587178 0.698875
0.597178 0.939272
0.607736 0.917572
0.618822 1.04319
0.630409 1.14617
0.642471 0.906654
0.65498 0.955444
0.667912 0.814431
0.681242 0.823007
0.694948 0.785832
0.709008 1.31964
0.723401 0.782692
0.738107 1.11432
0.753109 0.897662
0.768389 1.36671
0.783931 1.03873
0.799719 0.817272
0.533968 0.77994
0.534379 0.476274
0.535609 0.649764
0.537652 0.725025
0.5405 0.87667
0.54414 0.811893
0.548556 0.881611
0.553729 0.663982
0.559639 0.558716
0.566262 1.01897
0.573574 0.788424
0.581548 0.850515
0.590159 0.641768
0.599378 0.902238
0.609177 0.728863
0.61953 1.0482
0.630409 1.08462
0.641788 0.858722
0.653639 0.850207
0.665939 0.795437
0.678662 0.850418
0.691785 1.07917
0.705286 1.17269
0.719143 1.18495
0.733337 0.875102
0.747849 0.918343
0.762659 0.956621
0.777751 1.02365
0.79311 1.1204
0.808719 1.17084
0.548156 0.769182
0.548556 0.702346
0.549754 0.91595
0.551745 0.347897
0.554521 0.640131
0.558069 0.820461
0.562375 1.14917
0.567423 0.879198
0.573191 0.742479
0.57966 0.515803
0.586805 0.711471
0.594602 0.700263
0.603026 0.681866
0.612051 0.926672
0.621651 0.97429
0.6318 0.684179
0.642471 0.745436
0.653639 0.714115
0.66528 1.18705
0.677368 1.0805
0.68988 1.33106
0.702794 1.19048
0.716087 1.15914
0.72974 1.09732
0.743731 0.669055
0.758044 1.13415
0.772659 1.25039
0.787559 1.00812
0.80273 1.12255
0.818156 0.894973
0.562765 0.736546
0.563155 0.82129
0.564322 0.657012
0.566262 0.931974
0.568967 0.900093
0.572425 0.786283
0.576625 0.633036
0.581548 0.818928
0.587178 0.886296
0.593494 0.940545
0.600474 0.77636
0.608096 1.05227
0.616336 0.814013
0.625169 0.599054
0.634571 1.11277
0.644516 0.93565
0.65498 0.982423
0.665939 1.04429
0.677368 1.06
0.689244 0.882739
0.701544 0.995364
0.714247 1.32798
0.727331 1.23695
0.740777 0.672606
0.754564 1.05353
0.768674 0.930186
0.783091 0.574582
0.797797 0.742873
0.812776 1.22911
0.828015 1.22623
0.577765 0.517874
0.578144 0.836422
0.579281 1.11309
0.581171 0.64631
0.583807 0.648352
0.587178 0.66767
0.591273 0.606408
0.596075 0.540532
0.601569 1.04987
0.607736 0.665731
0.614554 0.831445
0.622004 0.786033
0.630061 0.747799
0.638705 0.779038
0.64791 1.31337
0.657653 1.0346
0.667912 0.915458
0.678662 0.910872
0.68988 1.05708
0.701544 1.07471
0.713633 1.21436
0.726124 1.04462
0.738998 1.07087
0.752235 1.09521
0.765816 0.763252
0.779723 1.14215
0.793939 1.15071
0.808447 1.1528
0.823233 0.838993
0.838281 1.30978
0.593124 0.730002
0.593494 0.916156
0.594602 0.870126
0.596443 0.903049
0.599012 0.949314
0.602298 1.20425
0.60629 0.861021
0.610975 1.20679
0.616336 1.61631
0.622356 0.872366
0.629016 1.10587
0.636296 0.850612
0.644175 1.10717
0.652632 1.01913
0.661643 1.06992
0.671187 1.33129
0.681242 1.37561
0.691785 0.678368
0.702794 0.944455
0.714247 0.783414
0.726124 1.03972
0.738404 1.06496
0.751068 0.962752
0.764095 0.867983
0.777469 1.16362
0.791171 1.06702
0.805185 1.11768
0.819495 1.32788
0.834085 1.18379
0.848941 0.729367
0.608817 0.692137
0.609177 0.939952
0.610257 0.974002
0.612051 0.535477
0.614554 0.767312
0.617758 1.02442
0.621651 0.736034
0.626221 0.837516
0.631452 1.09238
0.63733 0.981577
0.643835 0.88395
0.650949 0.929316
0.658653 0.85997
0.666926 1.03516
0.675747 0.914797
0.685095 1.14497
0.694948 1.06126
0.705286 1.07475
0.716087 0.778981
0.727331 1.21585
0.738998 1.07148
0.751068 1.11211
0.763521 1.05808
0.77634 1.31724
0.789506 0.928907
0.803003 1.27595
0.816814 1.58727
0.830923 0.964785
0.845316 1.22281
0.859978 0.918921
0.624818 0.847829
0.625169 0.844248
0.626221 1.01782
0.627969 0.715941
0.630409 1.04767
0.633533 0.903773
0.63733 0.940362
0.641788 1.2648
0.646894 1.03683
0.652632 0.990502
0.658986 0.790645
0.665939 0.706253
0.673471 0.890331
0.681564 1.2517
0.690198 1.10153
0.699352 0.89255
0.709008 1.03553
0.719143 0.916702
0.72974 1.64165
0.740777 0.846694
0.752235 1.02357
0.764095 0.999659
0.77634 1.24625
0.788951 1.17832
0.80191 0.861537
0.815201 1.0028
0.828809 1.19569
0.842718 0.977874
0.856912 1.1088
0.871379 1.13223
0.641104 1.14241
0.641446 0.952069
0.642471 0.7384
0.644175 0.920856
0.646554 1.13157
0.6496 1.06839
0.653304 0.625038
0.657653 0.65179
0.662637 0.824198
0.66824 1.02007
0.674447 0.823662
0.681242 0.917865
0.688607 1.35784
0.696524 0.981825
0.704975 0.881936
0.71394 0.94937
0.723401 1.09695
0.733337 0.937759
0.743731 0.87885
0.754564 0.908727
0.765816 0.698189
0.777469 0.76485
0.789506 0.783331
0.80191 0.953199
0.814663 0.884148
0.82775 1.66514
0.841155 0.899616
0.854862 0.850142
0.868858 1.11061
0.88313 0.910057
0.657653 1.49943
0.657987 1.02916
0.658986 0.715813
0.660648 0.914018
0.662968 0.799475
0.665939 1.19015
0.669552 1.27983
0.673797 1.56572
0.678662 1.17227
0.684133 1.00502
0.690198 1.00066
0.696839 1.07612
0.704041 0.896434
0.711786 0.937686
0.720058 1.16161
0.728837 0.713958
0.738107 1.17677
0.747849 1.0647
0.758044 1.193
0.768674 1.05903
0.779723 1.06501
0.791171 1.17697
0.803003 1.42636
0.815201 0.754203
0.82775 0.76212
0.840633 0.913
0.853835 1.2496
0.867343 1.1971
0.881141 1.20727
0.895216 0.833403
0.674447 0.844109
0.674772 1.2634
0.675747 1.06445
0.677368 1.07301
0.67963 0.926107
0.682529 0.927541
0.686054 0.988841
0.690198 1.12771
0.694948 0.925164
0.700293 1.10074
0.706218 0.896455
0.71271 0.762993
0.719753 0.883907
0.727331 1.06181
0.735428 0.832933
0.744026 1.38727
0.753109 0.824949
0.762659 0.760933
0.772659 1.28824
0.783091 0.832045
0.793939 0.875308
0.805185 0.976897
0.816814 1.17408
0.828809 1.46391
0.841155 1.17163
0.853835 0.879195
0.866837 1.10943
0.880144 1.06004
0.893745 1.06471
0.907625 1.21137
0.691468 1.00025
0.691785 1.08975
0.692735 0.634735
0.694316 0.343755
0.696524 0.973871
0.699352 1.0183
0.702794 0.910424
0.706839 1.14744
0.711478 0.79513
0.716699 1.26347
0.72249 0.813819
0.728837 1.23348
0.735726 1.05335
0.743141 0.80704
0.751068 1.35279
0.759489 1.20671
0.768389 0.788245
0.777751 0.86277
0.787559 0.864927
0.797797 1.04143
0.808447 0.970347
0.819495 1.19901
0.830923 0.932027
0.842718 1.31122
0.854862 0.849274
0.867343 0.808817
0.880144 1.16923
0.893254 1.18896
0.906658 0.939276
0.920343 0.811366
0.708698 0.714697
0.709008 0.914945
0.709935 1.48696
0.711478 0.905726
0.713633 1.05411
0.716393 1.25216
0.719753 0.768011
0.723704 1.16991
0.728235 1.38893
0.733337 1.05852
0.738998 1.23372
0.745204 1.08255
0.751943 0.973051
0.7592 0.834525
0.766961 0.936668
0.775209 1.37184
0.783931 1.12503
0.79311 1.04276
0.80273 0.809917
0.812776 1.13885
0.823233 1.1631
0.834085 1.0162
0.845316 1.14796
0.856912 1.24326
0.868858 1.49833
0.881141 0.96055
0.893745 1.12774
0.906658 1.59265
0.919866 1.03214
0.933358 1.36252
0.726124 1.03476
0.726426 0.91031
0.727331 1.28402
0.728837 0.719413
0.730941 1.28038
0.733636 1.28869
0.736918 0.66443
0.740777 1.14448
0.745204 1.25077
0.750191 0.954428
0.755726 1.30009
0.761796 0.976787
0.768389 0.964915
0.775492 1.08457
0.783091 1.08258
0.791171 1.1713
0.799719 1.56688
0.808719 1.06185
0.818156 1.30415
0.828015 0.75934
0.838281 1.32033
0.848941 1.05752
0.859978 1.12858
0.871379 0.88944
0.88313 1.17842
0.895216 1.29242
0.907625 1.37242
0.920343 1.08066
0.933358 1.56044
0.946657 0.838734
0.418879 0.576606
0.419402 0.338242
0.420968 0.276337
0.423565 0.470151
0.427174 0.471958
0.431771 0.505349
0.437323 0.277456
0.443794 0.382168
0.451147 0.505793
0.459337 0.612879
0.468321 0.521395
0.478055 0.550316
0.488493 0.604145
0.499591 0.548706
0.511307 0.643767
0.523599 0.842103
0.536427 0.950807
0.549754 0.748463
0.563544 0.814674
0.577765 0.755778
0.592384 0.750738
0.607375 0.840668
0.622708 0.836448
0.638361 1.29947
0.65431 0.887565
0.670534 0.774071
0.687013 0.888771
0.703729 1.35869
0.720667 1.05014
0.73781 1.38782
0.419402 0.341259
0.419925 0.484325
0.421489 0.480358
0.424083 0.341452
0.427688 0.419529
0.432278 0.371045
0.437824 0.459531
0.444288 0.405508
0.451632 0.545413
0.459814 0.53137
0.468789 0.447776
0.478513 0.510717
0.488941 0.644945
0.50003 0.728359
0.511736 0.716421
0.524017 0.688379
0.536836 0.779234
0.550153 0.657065
0.563933 0.844573
0.578144 0.541018
0.592755 0.912113
0.607736 0.781764
0.623061 0.836098
0.638705 0.855521
0.654645 0.818518
0.670861 1.66081
0.687332 0.379512
0.704041 0.799662
0.720971 0.79831
0.738107 1.1627
0.420968 0.293117
0.421489 0.535617
0.423047 0.443788
0.425631 0.489377
0.429223 0.534017
0.433798 0.490095
0.439324 0.467495
0.445767 0.44255
0.453087 0.692162
0.461243 0.423187
0.470191 0.418459
0.479886 0.379048
0.490285 0.504966
0.501344 0.767847
0.51302 0.667535
0.525272 0.5055
0.53806 0.816483
0.551347 0.722596
0.565099 0.562421
0.579281 0.779598
0.593864 0.65354
0.608817 0.614667
0.624116 1.0756
0.639734 1.08844
0.655649 0.827428
0.671841 1.28926
0.688288 1.06335
0.704975 1.06736
0.721883 0.894638
0.738998 0.963926
0.423565 0.358123
0.424083 0.369506
0.425631 0.282846
0.4282 0.532578
0.431771 0.247646
0.436318 0.356966
0.441813 0.426133
0.44822 0.379612
0.455501 0.541813
0.463614 0.490147
0.472517 0.683995
0.482166 0.391823
0.492517 0.49233
0.503527 0.615869
0.515153 0.380499
0.527355 0.945066
0.540094 0.695044
0.553333 0.697145
0.567036 0.772059
0.581171 0.998602
0.595707 0.784889
0.610616 0.699518
0.62587 0.851796
0.641446 0.846804
0.65732 0.925512
0.673471 1.06519
0.68988 1.11484
0.706529 1.07487
0.723401 0.938844
0.74048 0.906757
0.427174 0.370025
0.427688 0.34857
0.429223 0.348493
0.431771 0.61853
0.435312 0.566253
0.439823 0.459699
0.445275 0.422952
0.451632 0.519382
0.458859 0.374155
0.466914 0.333286
0.475755 0.583439
0.48534 0.683871
0.495624 0.670463
0.506567 0.715318
0.518125 0.69641
0.530258 0.604937
0.542929 0.771745
0.5561 0.750557
0.569737 0.857465
0.583807 0.797655
0.598279 1.09688
0.613125 0.712039
0.628319 1.1962
0.643835 0.793714
0.659651 1.14043
0.675747 0.927609
0.692102 0.720691
0.708698 1.16977
0.72552 0.609986
0.742551 0.940082
0.431771 0.326611
0.432278 0.39856
0.433798 0.4379
0.436318 0.40804
0.439823 0.443379
0.444288 0.45046
0.449686 0.476158
0.455982 0.645409
0.463141 0.492197
0.471123 0.523762
0.479886 0.547655
0.48939 0.826856
0.499591 0.425169
0.510448 0.646922
0.521921 0.643354
0.533968 0.588202
0.546553 0.807008
0.559639 0.771858
0.573191 0.733395
0.587178 0.588456
0.601569 0.987061
0.616336 0.909767
0.631452 0.584132
0.646894 0.799496
0.662637 1.0166
0.678662 0.817006
0.694948 0.755342
0.711478 1.36312
0.728235 0.931368
0.745204 1.05618
0.437323 0.45163
0.437824 0.67348
0.439324 0.473578
0.441813 0.457065
0.445275 0.548863
0.449686 0.527719
0.455019 0.513366
0.461243 0.37555
0.468321 0.417113
0.476216 0.578559
0.484888 0.525692
0.494295 0.440343
0.504397 0.519737
0.515153 0.662927
0.526523 0.560493
0.538467 0.684413
0.550949 0.535222
0.563933 0.93517
0.577385 0.637872
0.591273 0.652005
0.605566 0.967704
0.620238 0.859756
0.635261 0.776701
0.650612 1.04414
0.666268 0.993624
0.682207 1.20284
0.698411 1.27153
0.714861 1.17016
0.731541 1.17321
0.748435 1.00161
0.443794 0.457975
0.444288 0.522339
0.445767 0.407765
0.44822 0.312052
0.451632 0.582411
0.455982 0.467157
0.461243 0.489207
0.467383 0.6995
0.47437 0.480969
0.482166 0.47477
0.490732 0.590855
0.50003 0.74738
0.510019 0.662811
0.520658 0.717326
0.53191 0.382724
0.543737 0.754099
0.5561 0.761585
0.568967 0.751455
0.582302 0.836793
0.596075 0.664986
0.610257 0.676669
0.624818 0.659736
0.639734 0.917446
0.65498 0.974143
0.670534 0.93801
0.686374 1.05045
0.702481 0.908335
0.718838 1.17659
0.735428 1.19349
0.752235 0.808742
0.451147 0.612565
0.451632 0.405287
0.453087 0.548631
0.455501 0.541305
0.458859 0.597424
0.463141 0.342566
0.468321 0.576088
0.47437 0.5475
0.481255 0.444397
0.488941 0.505449
0.497391 0.494586
0.506567 0.549648
0.516429 0.453424
0.526939 0.757834
0.53806 0.749802
0.549754 0.864835
0.561985 0.555975
0.57472 0.579886
0.587925 0.789214
0.601569 0.849619
0.615624 1.04545
0.630061 0.778823
0.644856 1.21738
0.659984 1.24094
0.675422 0.970549
0.69115 1.08904
0.707149 1.0796
0.723401 1.02371
0.739888 0.855783
0.756596 1.2486
0.459337 0.65161
0.459814 0.643549
0.461243 0.703838
0.463614 0.602777
0.466914 0.562983
0.471123 0.545406
0.476216 0.466334
0.482166 0.43656
0.488941 0.932406
0.496509 0.736062
0.504832 0.67998
0.513874 0.528189
0.523599 0.607799
0.533968 0.858356
0.544945 0.756647
0.556495 0.933017
0.568581 0.528604
0.581171 0.633846
0.594233 0.799104
0.607736 0.818874
0.621651 0.943605
0.635952 0.952829
0.650612 1.20125
0.665609 1.10879
0.68092 0.534283
0.696524 1.07045
0.712402 0.877274
0.728536 1.09579
0.74491 1.10942
0.761508 0.868584
0.468321 0.405998
0.468789 0.489414
0.470191 0.568759
0.472517 0.597913
0.475755 0.486296
0.479886 0.479871
0.484888 0.479691
0.490732 0.549883
0.497391 0.40887
0.504832 0.595723
0.51302 0.92325
0.521921 0.636277
0.531498 0.669394
0.541716 0.775771
0.552539 0.593005
0.563933 0.781558
0.575863 0.835991
0.588298 0.604986
0.601204 1.05363
0.614554 0.779067
0.628319 0.805942
0.642471 0.942329
0.656986 1.1417
0.671841 0.641374
0.687013 1.18502
0.702481 0.791582
0.718228 1.17361
0.734234 0.998462
0.750483 0.898745
0.766961 0.633187
0.478055 0.496251
0.478513 0.450431
0.479886 0.52192
0.482166 0.56508
0.48534 0.398175
0.48939 0.512827
0.494295 0.701864
0.50003 0.553048
0.506567 0.58174
0.513874 0.787736
0.521921 0.561815
0.530672 0.678445
0.540094 0.773146
0.550153 0.487074
0.560813 0.575371
0.572042 0.954058
0.583807 0.723189
0.596075 0.873043
0.608817 0.698829
0.622004 1.09423
0.635607 0.750858
0.6496 0.94666
0.66396 0.929442
0.678662 1.39895
0.693684 1.0545
0.709008 1.17743
0.724612 1.14837
0.74048 1.37528
0.756596 0.919691
0.772942 0.774141
0.488493 0.681326
0.488941 0.702
0.490285 0.508241
0.492517 0.460595
0.495624 0.55391
0.499591 0.582443
0.504397 0.655504
0.510019 0.535466
0.516429 0.555329
0.523599 0.698233
0.531498 0.77434
0.540094 0.833618
0.549355 0.950361
0.559247 0.480459
0.569737 0.805048
0.580794 0.846736
0.592384 0.89055
0.604479 0.890777
0.617047 0.95576
0.630061 0.904285
0.643494 1.13097
0.65732 1.22385
0.671514 1.17816
0.686054 0.854578
0.700919 1.20479
0.716087 1.15569
0.731541 0.916218
0.747262 0.76685
0.763234 1.01189
0.779441 1.06362
0.499591 0.886992
0.50003 0.517737
0.501344 0.495745
0.503527 0.551821
0.506567 0.527548
0.510448 0.421132
0.515153 0.500328
0.520658 0.53127
0.526939 0.613122
0.533968 0.884789
0.541716 0.910459
0.550153 0.522604
0.559247 0.770103
0.568967 0.591823
0.579281 1.02546
0.590159 0.656213
0.601569 0.79115
0.613483 0.818044
0.62587 1.12587
0.638705 0.933087
0.651959 0.596365
0.665609 1.24879
0.67963 0.824266
0.694001 0.830265
0.708698 0.925263
0.723704 1.12093
0.738998 0.904089
0.754564 0.950496
0.770384 0.66941
0.786445 0.987615
0.511307 0.696692
0.511736 0.565492
0.51302 0.480203
0.515153 0.777728
0.518125 0.531888
0.521921 0.498629
0.526523 0.747403
0.53191 0.823367
0.53806 0.688561
0.544945 0.7177
0.552539 0.569031
0.560813 0.72524
0.569737 0.513252
0.579281 0.697026
0.589415 0.876646
0.600109 0.918892
0.611334 0.621863
0.623061 1.13095
0.635261 0.878955
0.64791 0.940598
0.66098 0.974021
0.674447 0.760208
0.688288 0.885683
0.702481 0.967664
0.717005 0.88767
0.731841 0.722462
0.746968 0.701054
0.762371 1.03143
0.778033 0.939187
0.793939 0.756895
0.523599 0.480771
0.524017 0.689043
0.525272 0.904561
0.527355 0.496288
0.530258 0.572684
0.533968 0.606329
0.538467 0.524152
0.543737 0.837661
0.549754 0.672769
0.556495 0.617203
0.563933 1.01786
0.572042 1.09444
0.580794 0.77526
0.590159 0.77029
0.600109 0.688727
0.610616 0.994283
0.621651 0.718118
0.633187 0.807314
0.645196 1.25111
0.657653 0.824507
0.670534 1.11847
0.683813 0.780696
0.697468 0.845848
0.711478 1.06076
0.725822 0.970683
0.74048 1.35914
0.755435 0.895622
0.770669 1.50921
0.786166 1.11491
0.80191 0.945504
0.536427 0.615314
0.536836 0.661107
0.53806 0.583541
0.540094 0.540985
0.542929 0.681447
0.546553 0.533572
0.550949 0.771685
0.5561 0.770436
0.561985 1.0372
0.568581 0.608919
0.575863 0.766629
0.583807 0.741679
0.592384 1.10899
0.601569 0.827133
0.611334 0.982752
0.621651 0.764741
0.632493 0.705627
0.643835 0.849067
0.655649 0.740923
0.667912 0.982
0.680598 0.735573
0.693684 0.789199
0.707149 0.940668
0.720971 1.06294
0.73513 1.08825
0.749606 1.64355
0.764382 1.01645
0.779441 0.874733
0.794767 0.995539
0.810344 1.33669
0.549754 0.48554
0.550153 0.417785
0.551347 0.639562
0.553333 0.421886
0.5561 0.669783
0.559639 0.642688
0.563933 0.745379
0.568967 0.892054
0.57472 0.781888
0.581171 0.820281
0.588298 0.665597
0.596075 0.757345
0.604479 1.08643
0.613483 1.45462
0.623061 0.520525
0.633187 0.751214
0.643835 0.775004
0.65498 0.902688
0.666597 1.10157
0.678662 1.1156
0.69115 0.749248
0.704041 1.25015
0.717311 0.961249
0.730941 0.941199
0.74491 1.23634
0.7592 1.11921
0.773793 1.21436
0.788673 1.05701
0.803822 0.881095
0.819227 1.16933
0.563544 0.626983
0.563933 0.545977
0.565099 0.604163
0.567036 0.772451
0.569737 0.927284
0.573191 0.723655
0.577385 0.976604
0.582302 0.907333
0.587925 0.676789
0.594233 0.807719
0.601204 1.01755
0.608817 0.76071
0.617047 0.907623
0.62587 0.961809
0.635261 0.82335
0.645196 0.873895
0.655649 0.934403
0.666597 0.867093
0.678015 1.34559
0.68988 1.20599
0.702169 0.903935
0.714861 1.23104
0.727934 1.03854
0.741369 0.842274
0.755145 0.921879
0.769245 0.864078
0.783651 1.04892
0.798346 1.00021
0.813316 1.384
0.828544 1.29047
0.577765 0.738249
0.578144 0.851349
0.579281 1.27539
0.581171 0.684415
0.583807 0.763911
0.587178 0.799124
0.591273 0.858679
0.596075 0.75993
0.601569 0.957914
0.607736 0.943862
0.614554 0.890927
0.622004 0.744961
0.630061 0.859333
0.638705 0.885228
0.64791 0.99329
0.657653 1.01203
0.667912 0.957818
0.678662 0.723813
0.68988 0.669542
0.701544 0.796907
0.713633 1.10576
0.726124 1.16111
0.738998 0.80422
0.752235 0.846836
0.765816 0.984865
0.779723 1.04146
0.793939 1.03616
0.808447 1.25688
0.823233 0.970442
0.838281 1.16178
0.592384 0.8523
0.592755 0.88832
0.593864 0.925227
0.595707 1.10358
0.598279 0.616975
0.601569 0.711163
0.605566 0.990187
0.610257 0.595422
0.615624 0.642873
0.621651 1.08167
0.628319 0.82001
0.635607 1.01176
0.643494 1.0717
0.651959 1.35571
0.66098 0.883675
0.670534 1.41532
0.680598 0.938479
0.69115 1.14996
0.702169 0.942982
0.713633 0.683954
0.72552 0.842551
0.73781 1.21503
0.750483 0.934118
0.763521 1.27227
0.776905 0.725074
0.790617 1.43718
0.80464 0.90578
0.818959 1.35627
0.833559 1.01279
0.848424 1.4615
0.607375 0.678045
0.607736 0.921349
0.608817 0.827577
0.610616 0.848463
0.613125 0.75024
0.616336 0.955528
0.620238 1.18004
0.624818 0.883357
0.630061 0.963649
0.635952 0.817381
0.642471 0.87643
0.6496 0.931289
0.65732 0.953153
0.665609 0.914016
0.674447 1.37523
0.683813 1.15713
0.693684 0.965941
0.704041 1.17208
0.714861 1.15487
0.726124 1.11599
0.73781 0.984828
0.749899 1.1022
0.762371 1.39523
0.775209 0.705758
0.788394 1.01757
0.80191 1.0207
0.815739 0.950926
0.829867 1.19278
0.844278 1.13651
0.858957 1.41206
0.622708 0.825833
0.623061 0.85405
0.624116 0.753992
0.62587 1.01329
0.628319 0.812792
0.631452 0.741554
0.635261 0.744963
0.639734 0.920647
0.644856 0.879984
0.650612 1.17481
0.656986 1.12764
0.66396 0.901845
0.671514 1.36461
0.67963 1.19652
0.688288 0.858841
0.697468 0.972335
0.707149 0.936034
0.717311 1.03618
0.727934 1.59635
0.738998 0.813325
0.750483 1.24991
0.762371 0.904222
0.774643 1.19203
0.787281 1.15485
0.800267 1.00475
0.813586 0.783887
0.82722 0.877186
0.841155 1.14901
0.855375 1.40993
0.869868 1.10999
0.638361 0.833367
0.638705 1.00578
0.639734 1.51292
0.641446 1.25765
0.643835 0.966268
0.646894 1.03776
0.650612 0.803599
0.65498 0.850316
0.659984 1.0233
0.665609 0.911521
0.671841 0.962392
0.678662 0.635098
0.686054 0.790977
0.694001 0.942512
0.702481 1.19795
0.711478 0.675152
0.720971 1.22041
0.730941 0.812092
0.741369 0.64619
0.752235 1.12469
0.763521 1.43454
0.775209 1.07527
0.787281 1.11322
0.799719 1.37369
0.812507 1.03735
0.825627 1.18489
0.839066 0.985809
0.852807 1.31171
0.866837 0.942993
0.881141 0.827553
0.65431 0.873462
0.654645 1.15222
0.655649 1.00882
0.65732 0.832028
0.659651 0.966573
0.662637 1.0896
0.666268 1.06012
0.670534 1.18025
0.675422 1.07216
0.68092 0.986326
0.687013 0.818485
0.693684 1.0619
0.700919 1.075
0.708698 0.951458
0.717005 1.03889
0.725822 1.49294
0.73513 1.28298
0.74491 1.28036
0.755145 0.937561
0.765816 1.31132
0.776905 0.902227
0.788394 1.39657
0.800267 1.11346
0.812507 0.785537
0.825096 0.742811
0.83802 0.939735
0.851263 0.942768
0.86481 1.55482
0.878648 1.25811
0.892763 0.952092
0.670534 1.11129
0.670861 0.817699
0.671841 0.869248
0.673471 0.706084
0.675747 1.10497
0.678662 1.00526
0.682207 0.980472
0.686374 0.903
0.69115 0.843658
0.696524 0.995522
0.702481 1.13557
0.709008 0.94546
0.716087 0.831221
0.723704 0.837874
0.731841 1.02569
0.74048 0.660094
0.749606 0.957748
0.7592 1.33811
0.769245 0.769331
0.779723 1.19731
0.790617 1.09984
0.80191 1.25174
0.813586 0.988788
0.825627 1.0893
0.83802 0.750034
0.850747 0.898376
0.863795 1.15882
0.877149 1.29716
0.890795 1.14316
0.904721 0.90238
0.687013 1.244
0.687332 1.06928
0.688288 0.953494
0.68988 0.855304
0.692102 0.92303
0.694948 0.953045
0.698411 1.07798
0.702481 0.864067
0.707149 0.983723
0.712402 1.16529
0.718228 1.01534
0.724612 0.83185
0.731541 1.10818
0.738998 0.999985
0.746968 1.00126
0.755435 0.867438
0.764382 0.693802
0.773793 0.974618
0.783651 1.09237
0.793939 1.23498
0.80464 0.82372
0.815739 0.809951
0.82722 0.908442
0.839066 1.07605
0.851263 1.10384
0.863795 1.12955
0.876649 0.988816
0.88981 1.13409
0.903265 1.14819
0.917001 0.74562
0.703729 1.04116
0.704041 0.9733
0.704975 0.929012
0.706529 0.921624
0.708698 0.946441
0.711478 0.802798
0.714861 0.945915
0.718838 1.29141
0.723401 1.23812
0.728536 1.07569
0.734234 0.98211
0.74048 1.12069
0.747262 1.27416
0.754564 1.27472
0.762371 1.31428
0.770669 0.817411
0.779441 0.818557
0.788673 0.762068
0.798346 1.19899
0.808447 0.933452
0.818959 1.12244
0.829867 1.29511
0.841155 1.35626
0.852807 1.16656
0.86481 1.04877
0.877149 0.795777
0.88981 1.1778
0.902779 1.16633
0.916044 1.11453
0.929591 0.826492
0.720667 0.916047
0.720971 1.01265
0.721883 1.03737
0.723401 0.754007
0.72552 0.85708
0.728235 1.14482
0.731541 0.685469
0.735428 0.952164
0.739888 1.06418
0.74491 0.786844
0.750483 1.24899
0.756596 0.986662
0.763234 1.00031
0.770384 1.31116
0.778033 1.06336
0.786166 1.19596
0.794767 1.22076
0.803822 1.42728
0.813316 1.1319
0.823233 0.826942
0.833559 1.0517
0.844278 1.4214
0.855375 0.958672
0.866837 1.09663
0.878648 1.20631
0.890795 0.921515
0.903265 1.10493
0.916044 0.885953
0.929119 1.20526
0.942478 1.12919
0.73781 0.865971
0.738107 0.890759
0.738998 1.1756
0.74048 1.05929
0.742551 1.00158
0.745204 0.766411
0.748435 1.30876
0.752235 0.924537
0.756596 1.08712
0.761508 0.893053
0.766961 0.905595
0.772942 1.09473
0.779441 1.24726
0.786445 0.935434
0.793939 1.25683
0.80191 1.16092
0.810344 1.25216
0.819227 1.01018
0.828544 1.17698
0.838281 1.03207
0.848424 1.33648
0.858957 1.188
0.869868 1.16483
0.881141 0.813681
0.892763 0.942096
0.904721 0.733325
0.917001 1.39979
0.929591 0.917
0.942478 1.06461
0.95565 0.748274
0.439823 0.460252
0.440321 0.414279
0.441813 0.559112
0.444288 0.386994
0.447731 0.475777
0.452118 0.30754
0.457423 0.428909
0.463614 0.485774
0.470657 0.696733
0.478513 0.586498
0.487144 0.552668
0.496509 0.533324
0.506567 0.556086
0.517277 0.548177
0.528601 0.553583
0.5405 0.985815
0.552936 0.710309
0.565874 0.622208
0.579281 0.732054
0.593124 1.00062
0.607375 0.673265
0.622004 0.848864
0.636985 0.71369
0.652296 0.984799
0.667912 0.830493
0.683813 1.20023
0.699979 0.984112
0.716393 0.911553
0.733038 0.879338
0.749899 0.976599
0.440321 0.539718
0.440819 0.377558
0.442309 0.389043
0.444782 0.618113
0.44822 0.443921
0.452603 0.341382
0.457902 0.479194
0.464087 0.477653
0.471123 0.830698
0.478971 0.702539
0.487594 0.662359
0.49695 0.578453
0.506999 0.393416
0.517701 0.575814
0.529016 0.64078
0.540906 0.581378
0.553333 0.631635
0.566262 0.7467
0.57966 0.695105
0.593494 0.683629
0.607736 0.68547
0.622356 0.928824
0.63733 1.01172
0.652632 1.15906
0.66824 0.775467
0.684133 0.904396
0.700293 0.99439
0.716699 0.902378
0.733337 0.852817
0.750191 0.817207
0.441813 0.377186
0.442309 0.399652
0.443794 0.394243
0.446259 0.515627
0.449686 0.650687
0.454054 0.403272
0.459337 0.722016
0.465503 0.562822
0.472517 0.556076
0.480343 0.595776
0.488941 0.815231
0.498272 0.483722
0.508295 0.552984
0.518971 0.612217
0.530258 0.539783
0.542121 0.537774
0.554521 0.515802
0.567423 0.936906
0.580794 0.706968
0.594602 0.70439
0.608817 0.887144
0.623412 0.80448
0.638361 0.660449
0.653639 0.764104
0.669224 0.963534
0.685095 1.07877
0.701232 0.81497
0.717617 1.31677
0.734234 1.22126
0.751068 0.803706
0.444288 0.421446
0.444782 0.363664
0.446259 0.372602
0.448709 0.366317
0.452118 0.489094
0.456463 0.629506
0.461718 0.364493
0.467852 0.518242
0.474832 0.751868
0.482621 0.655819
0.491179 0.688042
0.500468 0.448946
0.510448 0.454727
0.521079 0.810046
0.532323 0.520081
0.54414 0.790053
0.556495 0.730558
0.569352 0.647283
0.582679 0.527436
0.596443 0.724359
0.610616 0.670513
0.625169 0.627335
0.640077 1.00914
0.655315 1.22364
0.670861 0.932397
0.686693 0.869649
0.702794 1.10541
0.719143 1.09502
0.735726 0.74726
0.752526 0.997412
0.447731 0.463826
0.44822 0.409565
0.449686 0.465543
0.452118 0.55804
0.455501 0.475179
0.459814 0.689837
0.465031 0.371349
0.471123 0.874619
0.478055 0.479714
0.485791 0.590311
0.494295 0.687685
0.503527 0.50295
0.513447 0.601418
0.524017 0.649608
0.535199 0.784176
0.546954 0.629987
0.559247 0.964748
0.572042 0.81387
0.585308 1.17614
0.599012 0.632689
0.613125 0.731428
0.62762 1.09569
0.642471 1.18374
0.657653 0.767061
0.673145 1.05232
0.688925 0.838231
0.704975 1.06958
0.721275 1.02845
0.73781 0.876737
0.754564 0.974552
0.452118 0.474739
0.452603 0.478415
0.454054 0.63001
0.456463 0.593395
0.459814 0.566412
0.464087 0.387407
0.469257 0.473813
0.475294 0.484255
0.482166 0.501593
0.489838 0.453077
0.498272 0.580711
0.507432 0.783989
0.517277 0.849057
0.527771 0.392964
0.538874 0.679665
0.550551 0.631503
0.562765 0.739492
0.575482 0.672196
0.58867 0.669474
0.602298 0.975788
0.616336 0.968707
0.630757 0.800101
0.645536 1.10369
0.660648 0.982583
0.676071 0.863892
0.691785 0.857932
0.707769 0.804603
0.724007 0.919382
0.74048 1.05776
0.757175 1.23131
0.457423 0.511026
0.457902 0.486709
0.459337 0.726258
0.461718 0.501353
0.465031 0.578714
0.469257 0.388734
0.47437 0.402136
0.480343 0.427015
0.487144 0.391721
0.494739 0.462295
0.503091 0.547312
0.512164 0.537857
0.521921 0.630632
0.532323 0.42095
0.543333 0.791699
0.554916 0.7202
0.567036 1.00259
0.57966 1.02788
0.592755 0.771834
0.60629 0.823161
0.620238 0.858028
0.634571 1.11317
0.649262 0.816033
0.66429 0.679941
0.67963 0.824064
0.695263 0.745911
0.71117 0.783719
0.727331 0.723455
0.743731 1.08601
0.760355 0.978202
0.463614 0.379218
0.464087 0.559416
0.465503 0.574187
0.467852 0.563695
0.471123 0.443799
0.475294 0.411532
0.480343 0.706154
0.486243 0.473425
0.492962 0.597335
0.500468 0.828303
0.508727 0.707594
0.517701 0.516554
0.527355 0.853108
0.537652 0.622542
0.548556 0.919006
0.56003 0.906088
0.572042 0.709749
0.584558 0.675229
0.597545 0.856921
0.610975 0.925525
0.624818 0.593715
0.639048 0.829731
0.653639 0.831925
0.668568 1.01255
0.683813 1.25278
0.699352 1.18882
0.715168 0.988567
0.731241 1.03163
0.747555 0.84653
0.764095 0.934974
0.470657 0.472791
0.471123 0.509828
0.472517 0.504517
0.474832 0.401933
0.478055 0.597572
0.482166 0.293964
0.487144 0.54415
0.492962 0.391346
0.499591 0.492337
0.506999 0.728808
0.515153 0.609836
0.524017 0.750425
0.533557 0.606512
0.543737 0.527228
0.554521 0.763832
0.565874 0.635931
0.577765 0.799411
0.590159 0.935086
0.603026 1.07358
0.616336 0.841331
0.630061 1.01316
0.644175 0.886168
0.658653 0.862762
0.673471 1.05721
0.688607 0.904139
0.704041 1.12351
0.719753 0.8614
0.735726 1.01394
0.751943 1.09216
0.768389 0.602591
0.478513 0.694685
0.478971 0.708217
0.480343 0.591843
0.482621 0.571126
0.485791 0.683952
0.489838 0.615338
0.494739 0.648308
0.500468 0.334284
0.506999 0.551454
0.514301 0.693502
0.522341 0.383483
0.531085 0.637882
0.5405 0.738444
0.550551 0.869491
0.561204 0.55085
0.572425 0.640562
0.584182 0.729544
0.596443 0.973324
0.609177 0.81655
0.622356 1.01698
0.635952 1.13752
0.649938 0.841347
0.66429 0.918422
0.678985 1.04994
0.694001 1.04734
0.709317 0.78746
0.724915 0.922148
0.740777 0.952086
0.756886 1.00145
0.773226 0.822793
0.487144 0.575017
0.487594 0.536459
0.488941 0.57581
0.491179 0.47121
0.494295 0.502083
0.498272 0.510903
0.503091 0.557804
0.508727 0.627969
0.515153 0.487538
0.522341 0.680615
0.530258 0.557562
0.538874 0.544041
0.548156 0.592861
0.558069 0.676089
0.568581 0.609962
0.57966 0.684929
0.591273 0.730101
0.603389 0.665586
0.61598 0.672953
0.629016 0.777446
0.642471 0.995312
0.656318 1.34707
0.670534 1.03529
0.685095 1.15111
0.699979 0.955664
0.715168 1.04114
0.730641 1.1339
0.746381 1.01573
0.762371 1.13653
0.778597 0.997374
0.496509 0.603328
0.49695 0.735182
0.498272 0.663493
0.500468 0.535064
0.503527 0.63507
0.507432 0.634157
0.512164 0.517123
0.517701 0.899011
0.524017 0.457071
0.531085 0.769089
0.538874 0.693756
0.547355 0.739165
0.556495 0.692892
0.566262 0.579338
0.576625 0.612986
0.587552 0.58942
0.599012 0.614099
0.610975 0.971135
0.623412 0.849563
0.636296 0.800122
0.6496 0.766456
0.663299 0.881267
0.677368 1.16571
0.691785 0.950847
0.706529 1.04151
0.721579 1.20517
0.736918 0.815223
0.752526 0.893515
0.768389 1.05557
0.78449 0.926565
0.506567 0.568464
0.506999 0.652124
0.508295 0.691447
0.510448 0.522205
0.513447 0.63788
0.517277 0.94503
0.521921 0.632446
0.527355 0.617736
0.533557 0.474781
0.5405 0.622917
0.548156 0.682667
0.556495 0.702631
0.565487 0.668088
0.575101 0.544161
0.585308 0.713321
0.596075 0.686782
0.607375 0.61466
0.619176 0.675451
0.631452 0.686994
0.644175 0.663001
0.65732 0.894892
0.670861 0.920367
0.684774 1.11089
0.699039 0.77707
0.713633 1.09381
0.728536 0.909781
0.743731 0.989459
0.7592 1.27275
0.774926 1.34731
0.790894 0.979809
0.517277 0.693433
0.517701 0.749051
0.518971 0.508433
0.521079 0.635477
0.524017 0.848385
0.527771 0.595248
0.532323 0.873123
0.537652 0.89795
0.543737 0.6578
0.550551 0.501409
0.558069 0.989707
0.566262 0.603644
0.575101 0.603336
0.584558 0.733338
0.594602 0.901373
0.605204 0.534613
0.616336 0.858453
0.627969 1.0518
0.640077 1.10372
0.652632 0.973703
0.665609 0.8141
0.678985 1.19299
0.692735 1.12256
0.706839 0.856473
0.721275 1.22794
0.736024 1.32939
0.751068 0.929968
0.766388 1.00465
0.78197 0.838327
0.797797 1.16351
0.528601 0.705287
0.529016 0.564296
0.530258 0.570335
0.532323 0.70716
0.535199 0.707181
0.538874 0.816715
0.543333 0.769415
0.548556 1.09083
0.554521 0.629559
0.561204 0.757483
0.568581 0.501596
0.576625 0.668224
0.585308 0.930967
0.594602 0.981524
0.604479 0.723191
0.614911 1.19688
0.62587 0.708124
0.63733 0.775395
0.649262 1.01554
0.661643 0.678684
0.674447 0.978688
0.687651 1.13133
0.701232 1.1467
0.715168 1.20879
0.729439 0.796056
0.744026 1.28726
0.758911 1.27899
0.774077 1.08969
0.789506 1.10156
0.805185 1.14775
0.5405 0.481306
0.540906 0.694153
0.542121 0.646521
0.54414 0.660115
0.546954 0.832017
0.550551 0.586056
0.554916 0.569758
0.56003 0.534697
0.565874 0.733616
0.572425 0.766968
0.57966 0.796059
0.587552 1.093
0.596075 0.711826
0.605204 0.803826
0.614911 1.09745
0.625169 0.890913
0.635952 0.833052
0.647232 0.946983
0.658986 0.822806
0.671187 1.16432
0.683813 1.07682
0.696839 0.847777
0.710244 0.886078
0.724007 1.26285
0.738107 0.97346
0.752526 1.28993
0.767246 1.28689
0.78225 0.992546
0.797522 1.04252
0.813046 0.970962
0.552936 0.844023
0.553333 0.734766
0.554521 0.687441
0.556495 0.732748
0.559247 0.745316
0.562765 0.706178
0.567036 0.932067
0.572042 0.508831
0.577765 0.637401
0.584182 0.90344
0.591273 0.680986
0.599012 0.700867
0.607375 0.719998
0.616336 0.652259
0.62587 0.890207
0.635952 0.900857
0.646554 0.539969
0.657653 1.06958
0.669224 1.07791
0.681242 1.03712
0.693684 0.998949
0.706529 1.15533
0.719753 1.03214
0.733337 0.761991
0.747262 1.38081
0.761508 1.0511
0.776057 1.37884
0.790894 0.858829
0.806002 1.53651
0.821366 0.927085
0.565874 0.509999
0.566262 1.00054
0.567423 1.07874
0.569352 0.766517
0.572042 0.743528
0.575482 0.763109
0.57966 0.765116
0.584558 0.526188
0.590159 1.05318
0.596443 0.697716
0.603389 0.828647
0.610975 1.22015
0.619176 0.403856
0.627969 0.904095
0.63733 0.796616
0.647232 0.940083
0.657653 0.931897
0.668568 0.774102
0.679953 0.906247
0.691785 0.617073
0.704041 1.13499
0.716699 0.967499
0.72974 1.12764
0.743141 1.31455
0.756886 0.963054
0.770954 1.00883
0.785328 1.16996
0.799993 0.844221
0.814932 1.07246
0.830131 0.784761
0.579281 0.574521
0.57966 0.672938
0.580794 0.859205
0.582679 0.766584
0.585308 0.711736
0.58867 0.712563
0.592755 0.76896
0.597545 0.629779
0.603026 0.987872
0.609177 0.870178
0.61598 0.912586
0.623412 0.882062
0.631452 1.21022
0.640077 1.11342
0.649262 1.02622
0.658986 0.846716
0.669224 1.45236
0.679953 0.731883
0.69115 1.13188
0.702794 0.917488
0.714861 1.09698
0.727331 1.03555
0.740184 0.663773
0.7534 1.05336
0.766961 0.94595
0.780847 1.07866
0.795043 1.13092
0.809532 0.955392
0.824298 0.830573
0.839327 1.0038
0.593124 0.756853
0.593494 0.773087
0.594602 0.825881
0.596443 0.885268
0.599012 0.791128
0.602298 1.01512
0.60629 0.589003
0.610975 0.953676
0.616336 0.585977
0.622356 0.928368
0.629016 0.752929
0.636296 0.829071
0.644175 1.02534
0.652632 0.818533
0.661643 1.141
0.671187 1.04028
0.681242 1.42466
0.691785 0.844145
0.702794 0.999396
0.714247 1.07801
0.726124 0.836419
0.738404 0.900233
0.751068 1.29074
0.764095 1.02204
0.777469 1.25547
0.791171 1.10546
0.805185 1.28985
0.819495 1.57008
0.834085 0.944256
0.848941 0.922595
0.607375 0.824463
0.607736 0.655723
0.608817 0.594489
0.610616 0.785393
0.613125 0.892408
0.616336 0.630873
0.620238 1.06965
0.624818 0.703561
0.630061 0.823193
0.635952 1.03782
0.642471 0.745367
0.6496 0.880315
0.65732 0.783479
0.665609 0.772294
0.674447 0.975392
0.683813 1.24209
0.693684 0.831757
0.704041 1.01427
0.714861 1.24675
0.726124 0.901388
0.73781 0.631459
0.749899 1.33387
0.762371 1.02243
0.775209 0.81544
0.788394 1.19281
0.80191 1.16756
0.815739 1.08911
0.829867 1.08414
0.844278 0.970953
0.858957 1.20947
0.622004 1.14215
0.622356 0.927604
0.623412 0.81608
0.625169 0.861114
0.62762 0.636759
0.630757 1.13489
0.634571 0.8854
0.639048 1.06025
0.644175 0.836886
0.649938 1.41543
0.656318 0.913496
0.663299 0.975328
0.670861 1.15833
0.678985 1.03157
0.687651 1.04004
0.696839 0.851608
0.706529 0.946407
0.716699 1.17446
0.727331 0.731609
0.738404 1.01204
0.749899 0.958592
0.761796 1.08547
0.774077 1.13123
0.786723 1.04009
0.799719 0.978874
0.813046 1.06367
0.826689 0.935012
0.840633 0.973425
0.854862 1.29294
0.869363 1.17831
0.636985 0.811268
0.63733 0.652675
0.638361 1.24701
0.640077 0.963728
0.642471 1.23888
0.645536 1.3645
0.649262 1.12003
0.653639 0.896639
0.658653 0.769688
0.66429 0.800249
0.670534 1.07494
0.677368 0.973739
0.684774 0.907353
0.692735 1.35243
0.701232 1.03344
0.710244 0.998959
0.719753 0.994258
0.72974 0.747751
0.740184 0.937071
0.751068 0.972482
0.762371 1.26243
0.774077 1.11699
0.786166 1.34585
0.798621 1.2415
0.811426 1.51062
0.824564 1.27705
0.83802 0.863566
0.851778 0.809116
0.865824 1.17165
0.880144 1.1465
0.652296 0.947452
0.652632 0.661668
0.653639 0.788144
0.655315 0.75816
0.657653 0.991016
0.660648 0.734982
0.66429 1.05129
0.668568 0.878251
0.673471 1.13202
0.678985 0.918066
0.685095 0.8027
0.691785 1.15867
0.699039 0.873485
0.706839 0.690064
0.715168 0.872207
0.724007 1.15687
0.733337 0.898259
0.743141 0.995236
0.7534 1.03401
0.764095 0.908229
0.775209 1.22472
0.786723 1.21739
0.798621 1.14047
0.810885 1.18289
0.8235 1.11615
0.836448 1.11084
0.849715 0.939555
0.863287 1.27638
0.877149 1.04218
0.891288 0.839534
0.667912 0.848028
0.66824 0.723251
0.669224 0.993432
0.670861 0.879536
0.673145 1.22659
0.676071 0.896456
0.67963 0.990378
0.683813 0.974258
0.688607 0.767434
0.694001 0.694512
0.699979 0.992353
0.706529 1.17746
0.713633 1.22582
0.721275 0.996794
0.729439 1.14963
0.738107 0.783405
0.747262 0.954063
0.756886 0.950974
0.766961 1.30877
0.777469 1.10877
0.788394 1.18693
0.799719 0.968217
0.811426 1.09209
0.8235 1.0395
0.835923 1.04811
0.848682 1.14524
0.861762 1.03934
0.875146 1.24093
0.888823 1.01628
0.902779 1.14346
0.683813 0.999174
0.684133 1.04875
0.685095 0.76707
0.686693 0.857741
0.688925 0.813714
0.691785 0.645516
0.695263 0.941508
0.699352 0.666423
0.704041 1.0541
0.709317 0.986018
0.715168 1.09097
0.721579 0.632174
0.728536 1.03335
0.736024 1.07753
0.744026 0.976039
0.752526 0.922795
0.761508 1.12251
0.770954 1.03699
0.780847 1.00818
0.791171 0.922664
0.80191 0.916295
0.813046 0.951037
0.824564 1.29295
0.836448 1.1791
0.848682 1.34482
0.861252 1.44818
0.874143 0.787569
0.887342 1.50996
0.900833 1.04848
0.914606 0.946239
0.699979 1.10384
0.700293 0.826755
0.701232 1.11211
0.702794 0.934208
0.704975 0.797409
0.707769 0.96625
0.71117 0.997622
0.715168 0.980423
0.719753 1.10381
0.724915 1.17355
0.730641 0.919626
0.736918 0.635537
0.743731 0.818508
0.751068 1.08718
0.758911 0.585519
0.767246 1.07175
0.776057 0.909586
0.785328 1.17467
0.795043 1.08667
0.805185 1.16253
0.815739 1.06412
0.826689 1.07409
0.83802 1.22045
0.849715 1.12839
0.861762 0.95375
0.874143 0.798129
0.886847 0.970184
0.899859 0.906123
0.913166 1.24618
0.926755 1.22572
0.716393 1.50804
0.716699 1.241
0.717617 0.970059
0.719143 0.942241
0.721275 0.913648
0.724007 1.19174
0.727331 0.928736
0.731241 0.974681
0.735726 1.00437
0.740777 1.13268
0.746381 1.20026
0.752526 0.962352
0.7592 0.948338
0.766388 0.630851
0.774077 1.01862
0.78225 1.15322
0.790894 1.0922
0.799993 0.758201
0.809532 1.00902
0.819495 1.02327
0.829867 1.05645
0.840633 1.0291
0.851778 1.27265
0.863287 0.95135
0.875146 1.11339
0.887342 1.00548
0.899859 0.978679
0.912685 0.582289
0.925808 1.1088
0.939214 1.22818
0.733038 1.03809
0.733337 0.969373
0.734234 0.631788
0.735726 0.500313
0.73781 1.21817
0.74048 1.38787
0.743731 1.00103
0.747555 0.833895
0.751943 0.719576
0.756886 0.972117
0.762371 0.977389
0.768389 1.25447
0.774926 1.14483
0.78197 0.93453
0.789506 1.3887
0.797522 0.860112
0.806002 1.04147
0.814932 1.39993
0.824298 1.18894
0.834085 0.959836
0.844278 0.947925
0.854862 1.14062
0.865824 0.993414
0.877149 1.0728
0.888823 1.24387
0.900833 1.46154
0.913166 1.30128
0.925808 1.01554
0.938747 1.24771
0.951971 1.2307
0.749899 1.25973
0.750191 1.27286
0.751068 0.838139
0.752526 1.09659
0.754564 1.23017
0.757175 0.738001
0.760355 1.19683
0.764095 1.54906
0.768389 1.03671
0.773226 1.33125
0.778597 1.07315
0.78449 1.00086
0.790894 1.11262
0.797797 1.20147
0.805185 1.02096
0.813046 1.00124
0.821366 1.23692
0.830131 0.842012
0.839327 0.534222
0.848941 1.00511
0.858957 1.00031
0.869363 0.926956
0.880144 1.26296
0.891288 1.01801
0.902779 0.991751
0.914606 1.00159
0.926755 1.09474
0.939214 0.962801
0.951971 0.859281
0.965014 0.975917
0.460767 0.525897
0.461243 0.372663
0.462667 0.870531
0.465031 0.371108
0.468321 0.523103
0.472517 0.754194
0.477596 0.483179
0.483529 0.486409
0.490285 0.559267
0.497832 0.578083
0.506133 0.579704
0.515153 0.625228
0.524854 0.599729
0.535199 0.706127
0.546151 0.796757
0.557676 0.537885
0.569737 0.669698
0.582302 0.733999
0.595339 0.789172
0.608817 0.820719
0.622708 0.717761
0.636985 0.790421
0.651623 0.924012
0.666597 0.879829
0.681886 1.03544
0.697468 0.708679
0.713325 0.916734
0.729439 0.971272
0.745793 1.03629
0.762371 0.970084
0.461243 0.739838
0.461718 0.442571
0.463141 0.411572
0.465503 0.435736
0.468789 0.540461
0.472981 0.597829
0.478055 0.617117
0.483982 0.549232
0.490732 0.616919
0.498272 0.754332
0.506567 0.679975
0.515579 0.589017
0.525272 0.569968
0.535609 0.658486
0.546553 0.851056
0.558069 0.941693
0.570122 0.580522
0.582679 0.687906
0.595707 0.808995
0.609177 0.681869
0.623061 0.993597
0.63733 0.955442
0.651959 1.3209
0.666926 0.80049
0.682207 0.859877
0.697783 0.786975
0.713633 1.11173
0.72974 0.734845
0.746087 1.04124
0.762659 0.915443
0.462667 0.775562
0.463141 0.657352
0.464559 0.531285
0.466914 0.567807
0.470191 0.749034
0.47437 0.608367
0.479429 0.318381
0.48534 0.440534
0.492071 0.488548
0.499591 0.539768
0.507864 0.524519
0.516853 0.685301
0.526523 0.581343
0.536836 0.716979
0.547755 0.715707
0.559247 0.609152
0.571275 0.676929
0.583807 0.767752
0.596811 0.664904
0.610257 0.659376
0.624116 0.943194
0.638361 1.2011
0.652968 1.05806
0.667912 0.763494
0.683171 1.04219
0.698725 1.01041
0.714554 1.06373
0.730641 1.00448
0.746968 0.838184
0.763521 1.01915
0.465031 0.378055
0.465503 0.43805
0.466914 0.54413
0.469257 0.341554
0.472517 0.636504
0.476676 0.650064
0.481711 0.571188
0.487594 0.381473
0.494295 0.562876
0.501781 0.633543
0.510019 0.643171
0.518971 0.799687
0.528601 0.870484
0.538874 0.72882
0.549754 0.651658
0.561204 0.755186
0.573191 0.861527
0.585682 0.932934
0.598645 0.936123
0.612051 1.07409
0.62587 0.813976
0.640077 0.869451
0.654645 0.953271
0.669552 0.911349
0.684774 0.588327
0.700293 1.11587
0.716087 1.14325
0.73214 0.925978
0.748435 0.81215
0.764956 1.11499
0.468321 0.7721
0.468789 0.870218
0.470191 0.527278
0.472517 0.49592
0.475755 0.584828
0.479886 0.755715
0.484888 0.540028
0.490732 0.637564
0.497391 0.459105
0.504832 0.838986
0.51302 0.688622
0.521921 0.778965
0.531498 0.558809
0.541716 0.559492
0.552539 0.765024
0.563933 0.851224
0.575863 0.817806
0.588298 0.93463
0.601204 0.484031
0.614554 0.88979
0.628319 1.08053
0.642471 0.873965
0.656986 0.875485
0.671841 1.2389
0.687013 1.00619
0.702481 0.823464
0.718228 0.928317
0.734234 1.00948
0.750483 0.813652
0.766961 0.74326
0.472517 0.63462
0.472981 0.663926
0.47437 0.642816
0.476676 0.50759
0.479886 0.416475
0.483982 0.616345
0.488941 0.388678
0.494739 0.472278
0.501344 0.466879
0.508727 0.493281
0.516853 0.595411
0.525689 0.749421
0.535199 0.562534
0.545348 0.793786
0.5561 0.585988
0.567423 0.489426
0.579281 0.667827
0.591643 0.645065
0.604479 0.765844
0.617758 0.704874
0.631452 1.19537
0.645536 0.88201
0.659984 0.981726
0.674772 1.03447
0.68988 1.04464
0.705286 0.872942
0.720971 0.953058
0.736918 0.793858
0.753109 0.736227
0.76953 0.755328
0.477596 0.353966
0.478055 0.420525
0.479429 0.467392
0.481711 0.469757
0.484888 0.456299
0.488941 0.639879
0.493851 0.486891
0.499591 0.429725
0.506133 0.448703
0.513447 0.570096
0.5215 0.526674
0.530258 0.620893
0.539688 0.689604
0.549754 0.837724
0.560422 0.699519
0.571659 0.826176
0.583431 0.990181
0.595707 0.919981
0.608457 0.761593
0.621651 0.784396
0.635261 0.687839
0.649262 0.893378
0.663629 0.915462
0.678338 0.889439
0.693368 1.12541
0.708698 1.0842
0.72431 1.01618
0.740184 0.997357
0.756306 1.03216
0.772659 0.987971
0.483529 0.478323
0.483982 0.615996
0.48534 0.654194
0.487594 0.567894
0.490732 0.746732
0.494739 0.884805
0.499591 0.604954
0.505266 0.547366
0.511736 0.804635
0.518971 0.762353
0.526939 0.53011
0.535609 0.666562
0.544945 0.812563
0.554916 0.760575
0.565487 0.700468
0.576625 0.701662
0.588298 0.590421
0.600474 0.746163
0.613125 0.972326
0.626221 0.954147
0.639734 0.766093
0.653639 0.962121
0.667912 1.14764
0.682529 0.745885
0.697468 1.22417
0.71271 1.098
0.728235 1.17161
0.744026 0.791675
0.760066 1.1423
0.77634 0.909057
0.490285 0.556987
0.490732 0.487465
0.492071 0.656561
0.494295 0.66009
0.497391 0.851024
0.501344 0.585556
0.506133 0.507755
0.511736 0.661752
0.518125 0.583199
0.525272 0.735465
0.533146 0.596049
0.541716 0.631806
0.550949 0.560425
0.560813 0.653596
0.571275 0.637417
0.582302 0.779416
0.593864 0.927462
0.605928 0.829029
0.618467 1.12346
0.631452 0.9282
0.644856 1.10134
0.658653 1.39742
0.672819 0.948917
0.687332 1.10571
0.702169 0.985404
0.717311 1.01245
0.732739 0.838122
0.748435 1.13532
0.764382 0.930849
0.780566 0.812918
0.497832 0.733163
0.498272 0.657255
0.499591 0.429699
0.501781 0.670865
0.504832 0.413953
0.508727 0.535722
0.513447 0.439003
0.518971 0.735881
0.525272 0.69758
0.532323 0.602581
0.540094 0.71852
0.548556 0.667289
0.557676 0.592405
0.567423 0.857153
0.577765 0.626985
0.58867 0.850564
0.600109 0.669697
0.612051 0.879914
0.624467 0.789111
0.63733 1.16896
0.650612 0.852496
0.66429 0.852161
0.678338 0.897793
0.692735 1.01135
0.707459 0.791444
0.72249 1.00158
0.73781 1.0457
0.7534 1.50823
0.769245 0.982557
0.785328 1.18531
0.506133 0.680216
0.506567 0.601532
0.507864 0.697419
0.510019 0.659342
0.51302 0.799123
0.516853 0.70585
0.5215 0.574836
0.526939 0.547985
0.533146 1.01823
0.540094 0.845923
0.547755 0.557728
0.5561 0.720858
0.565099 0.664018
0.57472 0.798904
0.584933 0.643846
0.595707 0.963335
0.607013 0.93002
0.618822 0.665363
0.631105 1.0356
0.643835 1.04085
0.656986 0.771657
0.670534 1.13162
0.684454 1.26498
0.698725 1.05965
0.713325 0.746592
0.728235 1.00688
0.743437 0.686447
0.758911 1.03664
0.774643 1.04159
0.790617 1.10788
0.515153 0.6615
0.515579 0.806629
0.516853 0.506178
0.518971 0.740471
0.521921 0.785676
0.525689 0.6352
0.530258 0.68826
0.535609 0.740251
0.541716 0.641834
0.548556 0.710303
0.5561 0.699801
0.564322 0.635319
0.573191 1.13748
0.582679 0.812589
0.592755 0.844277
0.603389 0.849317
0.614554 0.713934
0.626221 0.975279
0.638361 1.0577
0.650949 1.46381
0.66396 1.3693
0.677368 0.904103
0.69115 1.10336
0.705286 0.915951
0.719753 0.915255
0.734533 1.06906
0.749606 1.32012
0.764956 0.986856
0.780566 0.813045
0.796421 1.31463
0.524854 0.617893
0.525272 0.564627
0.526523 0.756499
0.528601 0.645025
0.531498 0.680696
0.535199 0.869458
0.539688 0.540356
0.544945 0.63601
0.550949 0.729352
0.557676 0.687469
0.565099 0.719109
0.573191 0.681902
0.581925 0.638452
0.591273 0.554716
0.601204 0.659612
0.611692 0.998101
0.622708 0.764154
0.634225 1.1104
0.646215 1.07901
0.658653 0.989158
0.671514 1.31852
0.684774 1.00612
0.698411 1.05733
0.712402 0.935248
0.726728 0.91097
0.741369 1.04334
0.756306 0.975508
0.771522 0.898142
0.787002 1.21853
0.80273 1.24664
0.535199 0.665759
0.535609 0.64606
0.536836 0.584137
0.538874 0.700735
0.541716 0.674935
0.545348 0.746665
0.549754 0.556664
0.554916 0.66698
0.560813 0.78772
0.567423 0.657352
0.57472 0.513268
0.582679 0.909801
0.591273 0.77258
0.600474 0.964325
0.610257 0.838926
0.620592 0.900169
0.631452 1.01012
0.642812 0.8277
0.654645 1.12838
0.666926 1.00136
0.67963 1.30627
0.692735 0.845079
0.706218 1.09022
0.720058 1.17827
0.734234 1.16932
0.748728 1.08326
0.763521 1.28035
0.778597 1.13495
0.793939 1.40285
0.809532 0.968921
0.546151 1.00105
0.546553 0.69968
0.547755 0.759444
0.549754 0.836525
0.552539 1.00814
0.5561 0.741742
0.560422 0.628065
0.565487 0.561307
0.571275 0.946781
0.577765 0.627863
0.584933 0.667726
0.592755 0.956775
0.601204 0.782561
0.610257 0.733629
0.619884 0.931286
0.630061 0.739482
0.640762 1.31029
0.651959 1.45185
0.663629 0.736042
0.675747 0.941266
0.688288 1.02622
0.701232 0.686577
0.714554 1.1134
0.728235 1.17142
0.742256 1.45917
0.756596 0.839456
0.771238 0.91375
0.786166 0.992409
0.801363 1.01556
0.816814 1.13044
0.557676 0.837717
0.558069 0.9173
0.559247 0.896884
0.561204 0.55209
0.563933 0.804905
0.567423 0.664204
0.571659 0.827526
0.576625 0.762253
0.582302 0.723174
0.58867 0.71797
0.595707 0.650428
0.603389 0.874405
0.611692 0.597158
0.620592 0.860197
0.630061 0.736973
0.640077 1.18006
0.650612 0.741421
0.661643 1.09366
0.673145 0.833364
0.685095 1.20653
0.697468 0.992353
0.710244 1.01151
0.723401 0.925647
0.736918 1.29075
0.750776 1.50638
0.764956 0.956121
0.779441 0.942371
0.794215 0.906102
0.809261 1.50669
0.824564 1.21788
0.569737 0.906792
0.570122 0.495325
0.571275 0.642809
0.573191 0.584862
0.575863 0.732931
0.579281 1.06292
0.583431 0.627911
0.588298 0.986687
0.593864 0.81123
0.600109 0.703862
0.607013 0.789739
0.614554 0.911706
0.622708 0.936244
0.631452 0.948577
0.640762 0.981838
0.650612 0.881035
0.66098 0.693296
0.671841 1.49598
0.683171 1.01999
0.694948 1.0591
0.707149 0.992096
0.719753 0.756766
0.732739 1.13063
0.746087 0.856599
0.759778 1.25057
0.773793 0.931134
0.788116 0.876453
0.80273 0.849251
0.817619 1.19132
0.832769 1.31078
0.582302 1.14897
0.582679 0.632417
0.583807 0.572284
0.585682 1.0065
0.588298 0.543885
0.591643 0.904134
0.595707 0.947735
0.600474 0.626104
0.605928 0.932826
0.612051 0.724957
0.618822 0.883459
0.626221 0.713481
0.634225 0.855844
0.642812 0.998267
0.651959 0.814091
0.661643 0.859746
0.671841 0.942628
0.682529 1.17868
0.693684 0.772299
0.705286 1.07796
0.717311 1.01039
0.72974 0.964463
0.742551 1.02043
0.755726 1.44869
0.769245 1.35304
0.783091 1.02118
0.797247 0.700818
0.811696 1.01917
0.826424 1.08474
0.841415 0.907185
0.595339 0.661547
0.595707 0.724668
0.596811 0.616498
0.598645 0.900613
0.601204 0.860477
0.604479 0.719177
0.608457 0.731378
0.613125 0.67466
0.618467 0.783895
0.624467 1.0752
0.631105 1.22862
0.638361 0.891059
0.646215 0.993313
0.654645 0.793529
0.663629 0.722661
0.673145 0.841183
0.683171 1.05166
0.693684 1.11399
0.704664 1.19654
0.716087 1.35676
0.727934 0.943915
0.740184 1.46201
0.752818 1.43153
0.765816 1.16911
0.77916 0.86536
0.792833 1.0719
0.806818 1.32628
0.821099 1.2647
0.835661 1.02488
0.850489 0.748226
0.608817 0.700355
0.609177 0.528682
0.610257 0.572034
0.612051 0.770757
0.614554 0.709822
0.617758 0.844664
0.621651 0.744995
0.626221 0.734404
0.631452 0.747778
0.63733 1.13726
0.643835 0.8622
0.650949 0.856798
0.658653 0.791778
0.666926 0.939438
0.675747 0.786365
0.685095 0.910948
0.694948 0.99721
0.705286 1.1619
0.716087 0.900449
0.727331 1.05235
0.738998 0.860391
0.751068 1.30316
0.763521 1.18783
0.77634 0.837027
0.789506 1.34018
0.803003 0.831543
0.816814 1.09879
0.830923 1.02751
0.845316 0.875023
0.859978 1.06276
0.622708 0.712717
0.623061 0.846
0.624116 1.0671
0.62587 0.729086
0.628319 0.712623
0.631452 1.05387
0.635261 0.810394
0.639734 0.995133
0.644856 0.788048
0.650612 0.723949
0.656986 1.16547
0.66396 0.707767
0.671514 1.01486
0.67963 1.13467
0.688288 1.23266
0.697468 1.09721
0.707149 1.21349
0.717311 1.27459
0.727934 0.936284
0.738998 0.950937
0.750483 0.98487
0.762371 0.700377
0.774643 1.00708
0.787281 1.14791
0.800267 1.22848
0.813586 1.23398
0.82722 1.11018
0.841155 0.974567
0.855375 1.13126
0.869868 1.03372
0.636985 0.788691
0.63733 1.0705
0.638361 1.00671
0.640077 0.827728
0.642471 0.982414
0.645536 1.01117
0.649262 1.05396
0.653639 0.865746
0.658653 0.877009
0.66429 1.26222
0.670534 1.10363
0.677368 1.32807
0.684774 1.01741
0.692735 1.17679
0.701232 0.726738
0.710244 0.944233
0.719753 1.11956
0.72974 1.21701
0.740184 1.16227
0.751068 0.939432
0.762371 0.877169
0.774077 1.18225
0.786166 0.9524
0.798621 0.994661
0.811426 0.874786
0.824564 0.977192
0.83802 0.91285
0.851778 1.11351
0.865824 0.946835
0.880144 0.938146
0.651623 1.0273
0.651959 0.99086
0.652968 1.07505
0.654645 0.759806
0.656986 0.973484
0.659984 1.03858
0.663629 1.28007
0.667912 0.689
0.672819 1.11147
0.678338 1.70435
0.684454 0.8859
0.69115 0.91189
0.698411 1.28115
0.706218 1.30205
0.714554 1.11405
0.723401 1.40154
0.732739 0.801674
0.742551 0.929982
0.752818 0.949971
0.763521 0.96561
0.774643 0.899576
0.786166 1.2936
0.798072 1.29597
0.810344 1.10283
0.822967 1.14622
0.835923 0.792556
0.849199 1.12966
0.862779 0.71849
0.876649 0.934146
0.890795 0.878356
0.666597 0.8533
0.666926 1.08012
0.667912 0.914642
0.669552 1.19609
0.671841 1.01327
0.674772 0.896828
0.678338 0.994663
0.682529 0.753981
0.687332 1.00793
0.692735 0.918731
0.698725 0.780593
0.705286 0.759159
0.712402 0.942649
0.720058 0.957499
0.728235 1.05064
0.736918 1.06719
0.746087 0.898691
0.755726 1.60224
0.765816 1.24042
0.77634 1.16684
0.787281 0.974705
0.798621 1.37476
0.810344 0.910273
0.822434 0.878274
0.834873 1.0263
0.847648 1.16966
0.860743 1.30986
0.874143 1.07975
0.887836 1.15126
0.901807 0.988109
0.681886 0.971539
0.682207 0.997186
0.683171 0.930732
0.684774 0.768741
0.687013 0.926844
0.68988 0.890022
0.693368 0.689886
0.697468 0.928018
0.702169 1.03351
0.707459 1.2232
0.713325 1.26078
0.719753 0.753094
0.726728 1.06667
0.734234 1.11519
0.742256 0.880326
0.750776 1.1571
0.759778 1.02715
0.769245 0.799831
0.77916 0.884449
0.789506 1.4769
0.800267 1.14928
0.811426 1.01553
0.822967 1.1081
0.834873 1.52207
0.84713 1.25105
0.859723 1.0963
0.872637 1.20482
0.885857 1.04205
0.899371 1.00893
0.913166 1.192
0.697468 0.725833
0.697783 0.863469
0.698725 0.855528
0.700293 1.11913
0.702481 1.03267
0.705286 1.12198
0.708698 0.862656
0.71271 1.02162
0.717311 1.23615
0.72249 1.09974
0.728235 1.29748
0.734533 1.07424
0.741369 0.875115
0.748728 0.814786
0.756596 1.15237
0.764956 0.844497
0.773793 1.07579
0.783091 0.85656
0.792833 0.897567
0.803003 0.9766
0.813586 1.03487
0.824564 0.676817
0.835923 1.10959
0.847648 1.22561
0.859723 1.12518
0.872134 1.2679
0.884866 0.984747
0.897907 1.12245
0.911242 0.967188
0.92486 0.903122
0.713325 0.786057
0.713633 1.26545
0.714554 1.00082
0.716087 1.143
0.718228 1.04111
0.720971 1.00058
0.72431 1.21102
0.728235 1.07973
0.732739 0.789443
0.73781 0.967098
0.743437 1.47659
0.749606 1.21199
0.756306 0.899569
0.763521 1.00126
0.771238 1.13762
0.779441 1.05482
0.788116 0.796664
0.797247 1.87425
0.806818 0.996143
0.816814 1.03873
0.82722 1.03869
0.83802 0.761137
0.849199 0.911849
0.860743 1.24458
0.872637 1.14249
0.884866 1.00853
0.897418 1.41607
0.910279 1.34358
0.923436 0.929538
0.936876 0.892291
0.729439 1.05567
0.72974 1.27658
0.730641 0.902664
0.73214 1.3532
0.734234 1.37298
0.736918 1.04434
0.740184 0.823696
0.744026 0.764871
0.748435 1.29129
0.7534 1.11052
0.758911 1.18643
0.764956 1.13511
0.771522 1.39607
0.778597 1.01064
0.786166 1.08439
0.794215 1.10759
0.80273 0.826612
0.811696 1.17983
0.821099 1.15051
0.830923 1.22233
0.841155 0.964631
0.851778 1.29653
0.862779 1.17843
0.874143 1.39725
0.885857 0.876394
0.897907 1.33666
0.910279 0.825132
0.922961 1.02709
0.935939 0.838236
0.949202 1.20009
0.745793 0.879661
0.746087 0.901007
0.746968 0.751123
0.748435 0.982178
0.750483 0.823403
0.753109 0.955952
0.756306 1.29017
0.760066 1.03135
0.764382 1.02247
0.769245 1.18311
0.774643 1.20444
0.780566 1.28793
0.787002 1.44279
0.793939 1.09731
0.801363 0.811229
0.809261 0.83354
0.817619 1.04239
0.826424 0.906608
0.835661 0.844465
0.845316 0.972814
0.855375 1.14421
0.865824 1.26746
0.876649 0.75018
0.887836 0.911937
0.899371 1.13976
0.911242 0.885694
0.923436 1.03386
0.935939 1.03774
0.94874 0.998313
0.961827 1.08615
0.762371 1.09804
0.762659 1.06457
0.763521 1.02334
0.764956 1.06397
0.766961 0.861436
0.76953 1.09157
0.772659 1.21949
0.77634 1.04412
0.780566 0.950399
0.785328 1.24004
0.790617 1.06092
0.796421 0.695341
0.80273 0.844282
0.809532 0.878411
0.816814 0.948918
0.824564 0.83883
0.832769 0.912778
0.841415 1.01882
0.850489 0.966124
0.859978 0.934049
0.869868 1.3992
0.880144 1.34062
0.890795 1.11277
0.901807 1.22181
0.913166 1.05028
0.92486 0.852049
0.936876 1.46989
0.949202 1.18205
0.961827 1.27192
0.974738 0.994113
0.481711 0.638132
0.482166 0.463851
0.483529 0.454099
0.485791 0.662385
0.488941 0.490401
0.492962 0.494189
0.497832 0.634859
0.503527 0.931597
0.510019 0.666356
0.517277 0.577026
0.525272 0.65744
0.533968 0.504617
0.543333 0.724987
0.553333 0.747064
0.563933 0.7122
0.575101 0.678927
0.586805 0.784537
0.599012 0.975025
0.611692 0.648141
0.624818 0.645371
0.638361 0.642311
0.652296 0.80766
0.666597 1.13649
0.681242 1.14748
0.696209 1.21355
0.711478 0.934431
0.72703 0.980143
0.742846 0.971503
0.758911 1.11076
0.775209 1.02265
0.482166 0.433081
0.482621 0.653597
0.483982 0.602856
0.486243 0.533193
0.48939 0.5043
0.493407 0.346509
0.498272 0.738337
0.503962 0.587927
0.510448 0.314566
0.517701 0.64607
0.525689 0.634285
0.534379 0.690095
0.543737 0.925967
0.553729 0.897154
0.564322 0.689966
0.575482 0.916583
0.587178 0.862874
0.599378 0.897668
0.612051 0.91641
0.625169 0.705403
0.638705 0.771248
0.652632 0.766756
0.666926 1.13118
0.681564 0.848469
0.696524 0.793284
0.711786 0.919764
0.727331 0.869398
0.743141 1.03413
0.7592 1.06112
0.775492 0.879356
0.483529 0.447137
0.483982 0.786875
0.48534 0.709957
0.487594 0.796814
0.490732 0.586139
0.494739 0.610478
0.499591 0.506457
0.505266 0.424479
0.511736 0.328032
0.518971 0.580169
0.526939 0.714887
0.535609 0.758043
0.544945 0.805476
0.554916 0.808507
0.565487 1.05149
0.576625 0.812028
0.588298 0.684475
0.600474 0.995327
0.613125 0.825994
0.626221 0.841823
0.639734 1.25149
0.653639 0.648969
0.667912 0.595711
0.682529 1.00845
0.697468 0.926345
0.71271 1.01783
0.728235 0.910064
0.744026 1.02337
0.760066 0.862227
0.77634 0.750914
0.485791 0.620126
0.486243 0.691676
0.487594 0.521474
0.489838 0.580266
0.492962 0.688223
0.49695 0.544438
0.501781 0.475589
0.507432 0.493869
0.513874 0.65779
0.521079 0.697581
0.529016 0.641577
0.537652 0.609456
0.546954 0.808607
0.556889 0.67961
0.567423 0.868398
0.578523 1.12183
0.590159 0.802252
0.602298 0.687665
0.614911 0.819364
0.627969 0.946854
0.641446 0.749968
0.655315 1.14946
0.669552 1.35127
0.684133 0.939774
0.699039 0.991126
0.714247 1.05959
0.72974 0.767291
0.745499 0.937309
0.761508 1.37832
0.777751 1.22015
0.488941 0.466305
0.48939 0.333585
0.490732 0.525404
0.492962 0.432947
0.496067 0.453138
0.50003 0.67468
0.504832 0.52261
0.510448 0.626378
0.516853 0.74382
0.524017 0.705028
0.53191 0.544024
0.5405 0.686465
0.549754 0.531829
0.559639 0.641491
0.570122 0.834514
0.581171 0.602779
0.592755 0.758399
0.604842 0.853451
0.617403 0.82788
0.630409 0.96724
0.643835 1.39779
0.657653 0.685589
0.671841 1.04927
0.686374 1.04146
0.701232 0.810156
0.716393 1.1025
0.731841 0.943974
0.747555 1.0496
0.763521 1.17782
0.779723 1.45601
0.492962 0.645483
0.493407 0.444342
0.494739 0.60298
0.49695 0.644497
0.50003 0.507838
0.503962 0.692976
0.508727 0.534565
0.514301 0.599951
0.520658 0.607436
0.527771 0.695596
0.535609 0.806726
0.54414 0.603395
0.553333 0.705318
0.563155 0.681634
0.573574 0.535522
0.584558 0.913628
0.596075 0.765339
0.608096 0.934508
0.620592 1.08906
0.633533 0.657781
0.646894 0.824998
0.660648 1.11457
0.674772 1.10728
0.689244 1.1631
0.704041 1.02918
0.719143 0.78631
0.734533 0.935454
0.750191 0.934343
0.766102 0.961071
0.78225 1.01375
0.497832 0.724098
0.498272 0.596321
0.499591 0.670924
0.501781 0.620559
0.504832 0.472345
0.508727 0.652916
0.513447 0.497889
0.518971 0.60246
0.525272 0.900879
0.532323 0.833951
0.540094 0.733105
0.548556 0.684964
0.557676 0.787439
0.567423 0.718156
0.577765 0.68787
0.58867 0.778322
0.600109 0.613053
0.612051 1.18634
0.624467 1.00322
0.63733 0.837606
0.650612 1.20164
0.66429 0.814241
0.678338 1.17331
0.692735 1.1061
0.707459 1.16392
0.72249 0.793387
0.73781 1.09534
0.7534 0.768558
0.769245 0.726044
0.785328 1.09668
0.503527 0.69373
0.503962 0.664404
0.505266 0.510538
0.507432 0.649002
0.510448 0.926333
0.514301 0.762755
0.518971 0.651651
0.524436 0.424205
0.530672 0.688552
0.537652 0.704309
0.545348 0.711794
0.553729 0.915633
0.562765 0.852535
0.572425 0.66198
0.582679 0.626377
0.593494 0.692999
0.604842 0.718977
0.616692 0.624673
0.629016 0.795953
0.641788 0.899286
0.65498 0.882862
0.668568 0.909007
0.682529 0.912911
0.696839 1.13135
0.711478 1.13148
0.726426 0.957962
0.741664 1.46908
0.757175 0.922117
0.772942 0.931173
0.788951 1.12153
0.510019 0.682638
0.510448 0.67108
0.511736 0.476103
0.513874 0.743266
0.516853 0.695395
0.520658 0.598185
0.525272 0.605242
0.530672 0.70232
0.536836 0.787953
0.543737 0.909975
0.551347 0.640985
0.559639 0.742835
0.568581 0.362773
0.578144 0.898768
0.588298 0.764568
0.599012 0.762984
0.610257 0.696829
0.622004 0.675742
0.634225 0.905628
0.646894 1.26273
0.659984 1.09605
0.673471 0.920548
0.687332 1.07149
0.701544 1.18399
0.716087 0.943649
0.730941 1.13574
0.746087 0.94827
0.761508 0.951457
0.777187 1.34405
0.79311 1.14426
0.517277 0.437258
0.517701 0.800718
0.518971 0.625255
0.521079 0.814726
0.524017 0.587522
0.527771 0.69704
0.532323 0.637178
0.537652 0.668693
0.543737 0.703842
0.550551 0.796895
0.558069 0.644431
0.566262 0.623771
0.575101 0.79686
0.584558 0.662114
0.594602 0.697963
0.605204 0.997244
0.616336 0.794594
0.627969 0.61373
0.640077 0.835573
0.652632 1.27122
0.665609 0.906078
0.678985 1.16113
0.692735 0.91522
0.706839 1.22141
0.721275 0.885897
0.736024 1.12209
0.751068 1.4369
0.766388 1.07567
0.78197 1.10701
0.797797 0.880571
0.525272 0.501824
0.525689 0.672334
0.526939 0.541009
0.529016 0.92272
0.53191 0.56465
0.535609 0.557358
0.540094 0.63211
0.545348 0.610861
0.551347 1.0388
0.558069 0.781486
0.565487 0.571144
0.573574 0.81074
0.582302 1.02448
0.591643 0.616118
0.601569 0.752881
0.612051 0.943798
0.623061 1.49874
0.634571 0.76018
0.646554 1.13035
0.658986 1.04418
0.671841 1.09037
0.685095 1.14103
0.698725 0.887968
0.71271 1.0773
0.72703 1.13938
0.741664 1.48742
0.756596 1.38198
0.771807 1.30548
0.787281 1.19434
0.803003 0.901021
0.533968 0.757271
0.534379 0.645107
0.535609 0.63074
0.537652 0.67141
0.5405 0.931285
0.54414 0.801285
0.548556 0.608611
0.553729 0.781998
0.559639 0.69185
0.566262 0.837382
0.573574 0.987187
0.581548 0.628009
0.590159 0.999877
0.599378 0.991123
0.609177 0.81691
0.61953 0.740252
0.630409 0.697055
0.641788 0.957067
0.653639 0.688064
0.665939 1.33891
0.678662 1.09408
0.691785 1.00897
0.705286 0.849607
0.719143 1.25675
0.733337 1.04144
0.747849 0.887463
0.762659 1.49109
0.777751 1.10794
0.79311 0.946693
0.808719 0.918218
0.543333 0.570089
0.543737 0.849568
0.544945 0.609164
0.546954 0.598281
0.549754 0.814226
0.553333 0.873937
0.557676 0.912639
0.562765 1.1614
0.568581 0.735811
0.575101 0.771961
0.582302 0.624261
0.590159 0.564577
0.598645 0.896379
0.607736 0.961481
0.617403 1.00818
0.62762 0.819161
0.638361 0.904298
0.6496 0.68132
0.661312 0.979093
0.673471 1.5101
0.686054 0.858276
0.699039 0.833506
0.712402 1.66396
0.726124 0.89033
0.740184 1.02077
0.754564 1.2394
0.769245 0.941666
0.78421 0.936814
0.799445 0.921717
0.814932 1.4481
0.553333 0.752272
0.553729 0.715369
0.554916 1.00628
0.556889 0.655918
0.559639 1.01399
0.563155 0.995038
0.567423 0.817078
0.572425 0.886653
0.578144 0.741107
0.584558 0.574177
0.591643 0.665576
0.599378 1.03753
0.607736 0.829941
0.616692 0.92998
0.626221 1.0804
0.636296 1.0439
0.646894 0.932836
0.657987 1.00107
0.669552 0.905871
0.681564 1.17825
0.694001 0.947591
0.706839 0.975208
0.720058 1.22487
0.733636 0.684288
0.747555 0.996928
0.761796 1.11395
0.77634 1.10784
0.791171 1.02119
0.806274 1.0607
0.821633 1.38474
0.563933 0.54865
0.564322 0.578664
0.565487 0.768139
0.567423 0.525025
0.570122 0.819128
0.573574 0.694167
0.577765 0.886656
0.582679 0.843554
0.588298 0.730837
0.594602 0.987332
0.601569 0.7889
0.609177 0.648015
0.617403 0.638782
0.626221 0.868968
0.635607 0.955415
0.645536 0.729184
0.655984 1.09788
0.666926 0.779791
0.678338 0.700096
0.690198 1.44848
0.702481 1.22304
0.715168 0.982773
0.728235 1.21443
0.741664 1.0533
0.755435 1.00387
0.76953 1.06894
0.783931 0.899259
0.798621 0.93303
0.813586 0.778394
0.828809 1.00227
0.575101 1.05012
0.575482 0.998574
0.576625 0.64492
0.578523 0.754883
0.581171 0.865391
0.584558 0.530378
0.58867 0.921837
0.593494 0.89361
0.599012 0.93682
0.605204 0.821561
0.612051 0.642569
0.61953 1.13721
0.62762 0.73569
0.636296 0.724765
0.645536 1.42415
0.655315 1.11336
0.665609 1.3034
0.676396 0.961683
0.687651 0.803441
0.699352 0.798388
0.711478 0.818139
0.724007 1.15735
0.736918 0.863789
0.750191 1.28315
0.763808 1.43584
0.777751 0.904758
0.792003 1.34403
0.806546 0.99477
0.821366 1.13721
0.836448 1.28253
0.586805 0.585707
0.587178 0.821317
0.588298 0.790962
0.590159 0.870695
0.592755 0.633059
0.596075 0.727623
0.600109 0.805366
0.604842 0.848781
0.610257 0.808193
0.616336 1.17496
0.623061 0.958298
0.630409 1.15968
0.638361 0.853166
0.646894 0.504654
0.655984 0.816131
0.665609 0.911585
0.675747 1.05306
0.686374 1.09354
0.697468 0.882703
0.709008 1.34618
0.720971 0.991129
0.733337 0.939918
0.746087 1.30678
0.7592 1.09618
0.772659 0.893135
0.786445 1.32117
0.800541 0.787001
0.814932 1.07218
0.829603 0.914176
0.844537 1.2009
0.599012 0.826368
0.599378 0.90597
0.600474 0.764922
0.602298 1.06345
0.604842 1.03276
0.608096 0.617677
0.612051 0.86817
0.616692 1.20735
0.622004 0.952512
0.627969 0.621326
0.634571 0.948534
0.641788 1.12014
0.6496 0.97861
0.657987 0.791182
0.666926 0.65293
0.676396 1.21443
0.686374 0.818887
0.696839 0.921959
0.707769 1.00759
0.719143 0.798433
0.730941 1.10355
0.743141 1.1039
0.755726 0.919201
0.768674 0.912306
0.78197 1.28318
0.795595 0.939738
0.809532 1.02124
0.823766 0.893831
0.838281 0.904914
0.853064 1.02292
0.611692 0.63791
0.612051 0.942317
0.613125 0.590438
0.614911 0.686839
0.617403 0.864888
0.620592 1.01604
0.624467 0.700071
0.629016 1.1202
0.634225 0.808438
0.640077 0.651375
0.646554 0.759608
0.653639 0.82914
0.661312 0.627353
0.669552 1.42937
0.678338 0.702801
0.687651 1.04171
0.697468 0.992842
0.707769 0.808181
0.718533 0.737352
0.72974 0.950291
0.741369 0.935849
0.7534 1.34464
0.765816 1.15875
0.778597 0.907393
0.791726 0.812594
0.805185 0.747185
0.818959 0.931322
0.833032 1.21804
0.847389 1.11491
0.862016 1.29394
0.624818 0.866098
0.625169 1.17156
0.626221 1.00166
0.627969 0.697075
0.630409 0.93026
0.633533 1.07832
0.63733 1.27227
0.641788 1.25494
0.646894 0.977282
0.652632 0.585185
0.658986 0.911212
0.665939 0.86949
0.673471 0.790079
0.681564 1.04796
0.690198 0.772198
0.699352 0.750332
0.709008 0.727891
0.719143 1.14553
0.72974 0.955154
0.740777 0.927905
0.752235 0.754483
0.764095 1.2121
0.77634 0.669121
0.788951 1.10011
0.80191 0.79856
0.815201 0.988875
0.828809 1.05027
0.842718 1.01918
0.856912 1.09887
0.871379 1.09489
0.638361 1.02356
0.638705 1.23131
0.639734 1.09136
0.641446 0.618493
0.643835 0.984296
0.646894 0.870516
0.650612 0.89262
0.65498 0.624375
0.659984 1.23435
0.665609 0.892111
0.671841 0.680101
0.678662 0.805028
0.686054 1.20963
0.694001 1.06143
0.702481 1.52814
0.711478 0.978028
0.720971 1.10116
0.730941 0.748604
0.741369 0.901095
0.752235 1.022
0.763521 0.814246
0.775209 1.10514
0.787281 1.3388
0.799719 0.940618
0.812507 0.863342
0.825627 1.11349
0.839066 0.958283
0.852807 1.26985
0.866837 1.55067
0.881141 0.819638
0.652296 0.642546
0.652632 0.989058
0.653639 0.755534
0.655315 0.865263
0.657653 1.78169
0.660648 0.915343
0.66429 0.779946
0.668568 1.26136
0.673471 0.891767
0.678985 0.991207
0.685095 1.04195
0.691785 0.902827
0.699039 1.01391
0.706839 1.30246
0.715168 1.27246
0.724007 0.658701
0.733337 0.895597
0.743141 0.931305
0.7534 1.32653
0.764095 0.891486
0.775209 0.93572
0.786723 1.1185
0.798621 0.806232
0.810885 1.51322
0.8235 0.751592
0.836448 0.836491
0.849715 1.05578
0.863287 0.775286
0.877149 0.974536
0.891288 1.08179
0.666597 0.976496
0.666926 0.748564
0.667912 1.06644
0.669552 1.00142
0.671841 0.948103
0.674772 0.9822
0.678338 1.28703
0.682529 1.02238
0.687332 1.21022
0.692735 0.823566
0.698725 1.15076
0.705286 0.846813
0.712402 0.875949
0.720058 1.12494
0.728235 1.01752
0.736918 1.4585
0.746087 0.874953
0.755726 1.03758
0.765816 0.981369
0.77634 0.949955
0.787281 1.06615
0.798621 1.26066
0.810344 1.08119
0.822434 0.85698
0.834873 1.19304
0.847648 0.922389
0.860743 1.18549
0.874143 0.778
0.887836 0.943538
0.901807 1.04334
0.681242 1.25771
0.681564 1.15065
0.682529 0.696025
0.684133 1.07732
0.686374 1.03613
0.689244 0.740538
0.692735 0.822978
0.696839 1.08126
0.701544 0.880149
0.706839 1.38824
0.71271 1.19056
0.719143 1.13102
0.726124 0.908038
0.733636 1.33759
0.741664 1.17064
0.750191 1.27574
0.7592 0.895475
0.768674 1.21126
0.778597 0.978068
0.788951 0.973028
0.799719 1.09024
0.810885 1.22666
0.822434 0.997379
0.834348 0.939526
0.846612 1.36129
0.859213 1.28691
0.872134 1.21095
0.885362 0.89701
0.898884 1.1383
0.912685 1.45036
0.696209 0.873596
0.696524 0.97669
0.697468 0.949145
0.699039 0.911063
0.701232 0.550902
0.704041 1.03932
0.707459 1.14018
0.711478 1.08119
0.716087 0.666969
0.721275 0.895143
0.72703 1.03567
0.733337 0.776131
0.740184 0.970311
0.747555 0.892003
0.755435 1.15026
0.763808 1.15167
0.772659 0.979134
0.78197 0.929677
0.791726 1.26374
0.80191 1.19374
0.812507 1.00729
0.8235 0.907792
0.834873 0.784715
0.846612 0.93131
0.858702 0.887521
0.871127 1.62912
0.883874 1.58315
0.896929 1.15096
0.910279 1.37397
0.923911 1.37892
0.711478 0.883242
0.711786 1.17471
0.71271 0.909424
0.714247 0.888021
0.716393 1.37136
0.719143 0.967223
0.72249 0.931053
0.726426 1.1987
0.730941 1.31458
0.736024 0.925764
0.741664 1.01656
0.747849 0.812938
0.754564 1.02073
0.761796 1.07148
0.76953 0.823327
0.777751 0.826415
0.786445 1.05768
0.795595 1.14798
0.805185 0.853062
0.815201 1.11747
0.825627 1.20343
0.836448 1.39723
0.847648 1.36657
0.859213 1.50792
0.871127 1.12017
0.883378 1.32582
0.895951 0.975699
0.908832 0.886246
0.92201 1.45015
0.93547 1.11195
0.72703 1.0603
0.727331 0.709319
0.728235 1.08591
0.72974 0.939935
0.731841 1.1668
0.734533 0.966592
0.73781 0.83671
0.741664 0.696518
0.746087 1.02566
0.751068 1.35111
0.756596 0.93772
0.762659 0.851125
0.769245 1.19236
0.77634 1.00821
0.783931 0.956057
0.792003 1.04762
0.800541 1.00899
0.809532 1.15156
0.818959 1.11119
0.828809 0.713674
0.839066 0.891373
0.849715 1.08291
0.860743 1.18504
0.872134 0.80398
0.883874 1.00516
0.895951 1.17263
0.90835 1.0693
0.921058 1.37954
0.934063 1.45054
0.947352 0.983665
0.742846 1.29236
0.743141 0.899852
0.744026 1.06759
0.745499 1.1135
0.747555 0.809634
0.750191 0.903435
0.7534 1.13061
0.757175 0.824291
0.761508 1.11927
0.766388 0.937007
0.771807 0.903818
0.777751 1.0454
0.78421 1.15145
0.791171 0.968174
0.798621 1.22977
0.806546 1.09171
0.814932 1.09553
0.823766 1.44881
0.833032 1.15309
0.842718 0.897526
0.852807 1.16155
0.863287 1.3875
0.874143 0.94368
0.885362 0.76927
0.896929 1.26644
0.908832 1.43466
0.921058 1.0282
0.933593 1.00638
0.946426 1.20843
0.959544 1.32338
0.758911 0.784073
0.7592 0.966587
0.760066 1.09378
0.761508 0.940943
0.763521 0.978797
0.766102 0.833773
0.769245 0.796854
0.772942 0.861775
0.777187 1.16972
0.78197 0.989122
0.787281 1.178
0.79311 0.99902
0.799445 0.901747
0.806274 0.979146
0.813586 1.10051
0.821366 1.03796
0.829603 0.727994
0.838281 0.916251
0.847389 0.986501
0.856912 1.35365
0.866837 1.35453
0.877149 1.03713
0.887836 1.05468
0.898884 1.37417
0.910279 1.24065
0.92201 0.524776
0.934063 1.03227
0.946426 0.87087
0.959087 0.683417
0.972034 1.02197
0.775209 1.085
0.775492 1.00502
0.77634 1.01045
0.777751 1.22109
0.779723 1.17787
0.78225 1.3607
0.785328 0.964229
0.788951 1.30789
0.79311 1.08895
0.797797 1.36181
0.803003 1.00554
0.808719 0.879883
0.814932 1.02602
0.821633 0.936347
0.828809 1.34894
0.836448 0.819171
0.844537 0.865441
0.853064 1.31701
0.862016 1.08937
0.871379 0.879251
0.881141 1.35745
0.891288 1.03744
0.901807 1.42642
0.912685 1.38663
0.923911 1.03463
0.93547 1.21526
0.947352 1.33981
0.959544 0.71909
0.972034 1.41181
0.984811 1.03392
0.502655 0.445577
0.503091 0.705626
0.504397 0.493181
0.506567 0.71984
0.509588 0.614221
0.513447 0.473612
0.518125 0.599865
0.523599 0.537848
0.529845 0.601778
0.536836 0.703261
0.544543 0.819383
0.552936 0.656557
0.561985 0.898271
0.571659 0.567843
0.581925 0.805268
0.592755 0.824421
0.604116 0.643442
0.61598 0.882742
0.628319 0.965928
0.641104 0.603683
0.65431 1.18693
0.667912 0.794999
0.681886 0.837305
0.696209 1.19806
0.710861 1.1128
0.725822 1.21442
0.741073 1.10863
0.756596 1.14209
0.772375 0.882184
0.788394 0.902474
0.503091 0.525162
0.503527 0.613613
0.504832 0.583483
0.506999 0.95266
0.510019 0.522735
0.513874 0.601282
0.518548 0.620697
0.524017 0.568856
0.530258 0.765438
0.537244 0.625928
0.544945 0.545716
0.553333 0.689291
0.562375 0.980231
0.572042 0.830653
0.582302 0.725611
0.593124 0.587046
0.604479 0.715954
0.616336 0.669429
0.628667 0.97319
0.641446 0.80722
0.654645 1.09127
0.66824 0.890265
0.682207 1.0972
0.696524 0.973495
0.71117 0.98859
0.726124 1.1647
0.741369 0.837946
0.756886 0.890319
0.772659 0.945615
0.788673 0.812989
0.504397 0.724222
0.504832 0.520365
0.506133 0.441454
0.508295 0.636287
0.511307 0.839152
0.515153 0.449006
0.519815 0.371014
0.525272 0.922053
0.531498 0.665498
0.538467 0.922371
0.546151 0.531916
0.554521 0.847724
0.563544 1.05896
0.573191 1.08808
0.583431 0.881683
0.594233 0.853489
0.605566 0.900614
0.617403 0.829444
0.629713 0.89375
0.642471 0.985241
0.655649 0.957868
0.669224 0.864556
0.683171 1.03899
0.697468 1.18256
0.712094 0.973358
0.72703 1.0302
0.742256 0.708554
0.757754 1.29715
0.77351 0.79422
0.789506 0.868335
0.506567 0.512299
0.506999 0.604431
0.508295 0.498508
0.510448 0.770488
0.513447 0.566966
0.517277 0.691686
0.521921 0.425603
0.527355 0.964311
0.533557 0.786013
0.5405 0.996323
0.548156 0.831511
0.556495 0.633246
0.565487 0.785924
0.575101 1.01354
0.585308 0.70136
0.596075 1.17833
0.607375 0.740117
0.619176 0.63871
0.631452 1.03269
0.644175 0.859793
0.65732 0.758737
0.670861 0.832011
0.684774 0.865488
0.699039 0.978087
0.713633 1.49267
0.728536 0.778074
0.743731 0.909855
0.7592 0.722895
0.774926 1.47954
0.790894 1.00458
0.509588 0.465959
0.510019 0.440938
0.511307 0.618221
0.513447 0.693569
0.516429 0.434705
0.520237 0.760137
0.524854 0.604804
0.530258 0.639353
0.536427 0.795557
0.543333 0.657726
0.550949 0.671835
0.559247 0.552811
0.568195 0.572202
0.577765 0.804899
0.587925 1.07682
0.598645 0.994375
0.609897 1.00867
0.621651 0.783548
0.633879 0.945428
0.646554 1.17307
0.659651 0.836383
0.673145 0.862477
0.687013 0.694817
0.701232 1.19072
0.715781 0.66144
0.730641 1.374
0.745793 0.972553
0.76122 1.00577
0.776905 1.02482
0.792833 1.07858
0.513447 1.02326
0.513874 0.59624
0.515153 0.457278
0.517277 0.736955
0.520237 0.590471
0.524017 0.636324
0.528601 0.485556
0.533968 0.62929
0.540094 0.722003
0.546954 0.561571
0.554521 0.733755
0.562765 0.734493
0.571659 0.621233
0.581171 0.894943
0.591273 0.899765
0.601934 0.626899
0.613125 1.15795
0.624818 0.940562
0.636985 1.24426
0.6496 0.9427
0.662637 1.0655
0.676071 0.747465
0.68988 1.02245
0.704041 0.929305
0.718533 1.135
0.733337 1.0808
0.748435 0.87821
0.763808 1.02591
0.779441 1.01751
0.795319 0.882798
0.518125 0.470748
0.518548 0.65635
0.519815 0.528875
0.521921 0.698094
0.524854 0.756901
0.528601 0.770261
0.533146 0.630267
0.538467 0.685742
0.544543 0.594788
0.551347 0.768264
0.558854 0.708833
0.567036 1.02383
0.575863 0.830363
0.585308 1.18317
0.595339 1.03324
0.605928 0.938866
0.617047 0.971313
0.628667 0.441346
0.640762 1.00789
0.653304 1.19186
0.666268 1.19574
0.67963 0.805682
0.693368 0.962309
0.707459 1.01874
0.721883 1.14107
0.73662 1.00829
0.751652 0.95463
0.766961 1.4374
0.782531 1.2791
0.798346 0.946279
0.523599 0.711326
0.524017 0.694154
0.525272 0.623698
0.527355 0.57777
0.530258 0.515839
0.533968 0.614111
0.538467 0.643754
0.543737 0.778603
0.549754 0.685168
0.556495 0.807991
0.563933 0.691955
0.572042 0.855591
0.580794 0.874569
0.590159 1.00957
0.600109 0.591729
0.610616 0.998095
0.621651 1.04017
0.633187 1.1449
0.645196 0.824976
0.657653 1.21357
0.670534 0.99509
0.683813 1.27895
0.697468 1.28579
0.711478 1.04251
0.725822 1.0312
0.74048 1.01691
0.755435 0.972491
0.770669 0.948991
0.786166 0.864128
0.80191 1.14538
0.529845 0.607587
0.530258 0.698286
0.531498 0.75354
0.533557 0.792439
0.536427 0.692858
0.540094 0.56658
0.544543 0.404902
0.549754 0.925719
0.555706 0.671481
0.562375 0.637409
0.569737 0.983242
0.577765 0.900149
0.586431 0.938587
0.595707 0.735222
0.605566 0.613591
0.61598 0.923707
0.626921 0.83407
0.638361 1.24747
0.650275 1.24351
0.662637 0.819316
0.675422 0.737195
0.688607 1.17236
0.702169 1.34816
0.716087 0.839376
0.730341 1.14192
0.74491 1.08983
0.759778 1.00346
0.774926 1.09106
0.790339 1.05603
0.806002 0.936955
0.536836 0.793456
0.537244 0.748274
0.538467 0.551541
0.5405 0.603169
0.543333 0.729426
0.546954 0.476714
0.551347 0.699947
0.556495 0.623181
0.562375 0.682496
0.568967 0.562861
0.576244 0.620568
0.584182 0.593149
0.592755 0.818393
0.601934 0.727536
0.611692 1.09624
0.622004 0.988341
0.63284 0.694433
0.644175 0.863229
0.655984 1.18676
0.66824 1.03529
0.68092 0.823876
0.694001 1.0711
0.707459 0.626638
0.721275 1.0115
0.735428 0.969791
0.749899 1.08614
0.764669 1.30819
0.779723 1.11808
0.795043 1.00305
0.810615 0.726183
0.544543 0.593215
0.544945 0.91033
0.546151 0.886041
0.548156 0.613351
0.550949 0.783622
0.554521 0.514899
0.558854 1.08894
0.563933 0.983217
0.569737 0.919944
0.576244 0.576024
0.583431 1.26703
0.591273 1.1082
0.599743 0.93912
0.608817 0.546996
0.618467 0.994831
0.628667 0.736917
0.639391 0.883168
0.650612 0.805599
0.662306 0.957485
0.674447 0.696058
0.687013 0.773796
0.699979 0.830086
0.713325 1.09835
0.72703 1.24459
0.741073 1.04586
0.755435 0.827559
0.7701 0.964359
0.785049 0.917351
0.800267 1.01285
0.815739 1.07484
0.552936 0.795195
0.553333 1.00184
0.554521 0.73268
0.556495 0.816523
0.559247 0.725111
0.562765 0.800156
0.567036 0.910977
0.572042 1.0008
0.577765 0.770601
0.584182 1.11588
0.591273 0.848478
0.599012 1.01878
0.607375 0.707822
0.616336 0.867607
0.62587 1.2459
0.635952 1.32184
0.646554 1.00511
0.657653 1.04147
0.669224 1.27415
0.681242 0.916655
0.693684 0.817001
0.706529 1.01541
0.719753 0.803592
0.733337 0.877682
0.747262 0.816983
0.761508 1.27401
0.776057 0.958465
0.790894 0.986998
0.806002 0.807221
0.821366 0.980902
0.561985 0.701405
0.562375 0.660141
0.563544 0.854341
0.565487 0.67595
0.568195 0.917007
0.571659 0.45698
0.575863 0.681838
0.580794 0.821676
0.586431 0.818572
0.592755 0.678692
0.599743 0.897658
0.607375 0.860156
0.615624 0.789636
0.624467 1.01924
0.633879 0.808395
0.643835 1.17244
0.65431 1.0623
0.66528 0.853657
0.67672 0.863056
0.688607 0.878264
0.700919 0.875549
0.713633 1.26697
0.726728 1.44804
0.740184 0.910077
0.753982 1.18437
0.768104 0.911343
0.782531 0.791623
0.797247 1.10016
0.812237 1.09815
0.827485 1.1037
0.571659 0.666689
0.572042 0.627743
0.573191 0.721583
0.575101 0.564094
0.577765 1.07298
0.581171 0.717079
0.585308 0.922837
0.590159 0.866228
0.595707 0.843935
0.601934 0.762384
0.608817 1.04298
0.616336 0.711681
0.624467 0.832161
0.633187 1.06241
0.642471 0.926108
0.652296 0.934134
0.662637 1.1752
0.673471 0.830363
0.684774 0.908442
0.696524 1.02382
0.708698 1.15408
0.721275 1.12542
0.734234 0.974688
0.747555 1.12949
0.76122 0.936854
0.775209 1.06909
0.789506 0.649659
0.804095 1.08949
0.818959 0.94084
0.834085 1.28628
0.581925 0.70736
0.582302 0.970164
0.583431 0.602703
0.585308 0.822332
0.587925 0.782048
0.591273 0.803135
0.595339 0.675693
0.600109 0.828608
0.605566 0.650556
0.611692 1.03194
0.618467 1.37941
0.62587 0.841327
0.633879 0.737959
0.642471 0.964608
0.651623 0.736275
0.661312 0.975119
0.671514 0.96191
0.682207 0.853063
0.693368 1.03896
0.704975 0.95852
0.717005 1.24304
0.729439 0.997611
0.742256 1.1342
0.755435 1.08934
0.76896 0.951965
0.782811 0.740223
0.796972 1.07623
0.811426 1.12271
0.826159 1.11617
0.841155 0.841794
0.592755 0.750044
0.593124 0.857552
0.594233 0.777994
0.596075 0.718874
0.598645 0.610148
0.601934 0.598516
0.605928 0.699182
0.610616 1.02749
0.61598 0.700834
0.622004 1.1434
0.628667 0.72034
0.635952 0.974642
0.643835 0.771867
0.652296 0.880306
0.661312 0.989794
0.670861 1.08209
0.68092 1.1163
0.691468 0.899275
0.702481 0.91733
0.71394 1.06432
0.725822 1.24966
0.738107 0.888203
0.750776 1.05663
0.763808 0.840325
0.777187 0.959156
0.790894 0.859428
0.804913 0.837254
0.819227 1.10785
0.833822 0.92001
0.848682 1.02385
0.604116 0.815226
0.604479 0.734321
0.605566 0.862508
0.607375 0.821503
0.609897 0.83728
0.613125 0.695405
0.617047 0.764659
0.621651 0.976842
0.626921 0.854345
0.63284 1.14627
0.639391 1.14002
0.646554 1.13314
0.65431 0.89357
0.662637 0.74963
0.671514 0.966952
0.68092 1.1878
0.690833 0.660086
0.701232 0.74066
0.712094 0.905381
0.723401 0.968805
0.73513 1.13518
0.747262 0.89186
0.759778 0.956103
0.772659 1.21304
0.785887 1.02064
0.799445 1.05286
0.813316 0.808119
0.827485 1.39302
0.841936 1.31939
0.856656 0.893072
0.61598 0.679223
0.616336 0.793837
0.617403 0.819579
0.619176 0.928852
0.621651 0.826456
0.624818 0.724593
0.628667 0.729365
0.633187 0.772286
0.638361 1.18545
0.644175 0.749686
0.650612 0.528049
0.657653 1.06031
0.66528 1.0965
0.673471 0.785007
0.682207 0.724988
0.691468 0.752652
0.701232 1.00138
0.711478 0.807253
0.722187 1.06592
0.733337 1.31479
0.74491 1.12227
0.756886 0.756354
0.769245 1.10874
0.78197 1.2075
0.795043 1.13676
0.808447 1.24921
0.822167 1.06868
0.836186 1.02689
0.850489 1.16563
0.865064 1.0997
0.628319 0.789939
0.628667 0.827686
0.629713 1.1596
0.631452 0.943818
0.633879 0.879218
0.636985 0.779622
0.640762 0.865179
0.645196 0.958527
0.650275 1.12135
0.655984 0.958696
0.662306 0.861255
0.669224 1.10649
0.67672 0.82229
0.684774 0.902832
0.693368 0.941737
0.702481 1.07968
0.712094 1.04536
0.722187 0.880634
0.732739 1.07029
0.743731 0.883108
0.755145 0.732496
0.766961 0.813575
0.77916 1.29026
0.791726 1.00226
0.80464 1.06024
0.817887 0.807758
0.831451 1.413
0.845316 1.05037
0.859468 1.3896
0.873892 1.26393
0.641104 0.484681
0.641446 0.927263
0.642471 0.879618
0.644175 0.917834
0.646554 0.59113
0.6496 0.698616
0.653304 1.10664
0.657653 1.14281
0.662637 0.751192
0.66824 0.694755
0.674447 0.628717
0.681242 1.20376
0.688607 1.00874
0.696524 1.28118
0.704975 0.675218
0.71394 0.891402
0.723401 0.981134
0.733337 1.09395
0.743731 0.849331
0.754564 1.2929
0.765816 1.34971
0.777469 1.12442
0.789506 0.91118
0.80191 1.08573
0.814663 1.00375
0.82775 0.80734
0.841155 1.21315
0.854862 0.839609
0.868858 1.2591
0.88313 1.22771
0.65431 0.981178
0.654645 0.741773
0.655649 0.886275
0.65732 1.43758
0.659651 0.920172
0.662637 0.630892
0.666268 0.643163
0.670534 0.676919
0.675422 0.706856
0.68092 1.10739
0.687013 1.11896
0.693684 0.988626
0.700919 0.861121
0.708698 1.1235
0.717005 1.15117
0.725822 0.94871
0.73513 0.975904
0.74491 0.909172
0.755145 1.20344
0.765816 1.13661
0.776905 0.953844
0.788394 0.894121
0.800267 0.822336
0.812507 1.45932
0.825096 0.859132
0.83802 0.974946
0.851263 0.992711
0.86481 1.12308
0.878648 1.51627
0.892763 0.850753
0.667912 1.08754
0.66824 0.987929
0.669224 0.812101
0.670861 0.895226
0.673145 1.17766
0.676071 0.86323
0.67963 0.912491
0.683813 1.07467
0.688607 1.17705
0.694001 0.920052
0.699979 0.917844
0.706529 1.02843
0.713633 1.31529
0.721275 1.19966
0.729439 0.665223
0.738107 1.13927
0.747262 1.03683
0.756886 1.16407
0.766961 0.941397
0.777469 1.14791
0.788394 1.3578
0.799719 0.998393
0.811426 1.08437
0.8235 0.918812
0.835923 1.05892
0.848682 1.03667
0.861762 0.801547
0.875146 0.923298
0.888823 1.21357
0.902779 1.23161
0.681886 0.818837
0.682207 0.796172
0.683171 0.997355
0.684774 0.967634
0.687013 1.47374
0.68988 1.00857
0.693368 1.14653
0.697468 1.01821
0.702169 1.12458
0.707459 0.860435
0.713325 0.965814
0.719753 0.826361
0.726728 0.780532
0.734234 0.853545
0.742256 0.960121
0.750776 0.814655
0.759778 0.859651
0.769245 1.26141
0.77916 1.07857
0.789506 0.986103
0.800267 1.09262
0.811426 1.5291
0.822967 1.30434
0.834873 1.08451
0.84713 0.782122
0.859723 1.52037
0.872637 0.768291
0.885857 0.872072
0.899371 1.16009
0.913166 1.4385
0.696209 1.21872
0.696524 0.851874
0.697468 1.18296
0.699039 1.08296
0.701232 1.01329
0.704041 0.940285
0.707459 1.03391
0.711478 0.506406
0.716087 1.11228
0.721275 1.72261
0.72703 1.03222
0.733337 1.02921
0.740184 0.969728
0.747555 1.06839
0.755435 0.824373
0.763808 0.930485
0.772659 1.15592
0.78197 1.10535
0.791726 1.38396
0.80191 0.761519
0.812507 1.21396
0.8235 1.36226
0.834873 1.37329
0.846612 1.13509
0.858702 1.00554
0.871127 1.20872
0.883874 1.29035
0.896929 1.17439
0.910279 1.38138
0.923911 1.33391
0.710861 1.11277
0.71117 0.93484
0.712094 1.38971
0.713633 0.883029
0.715781 0.864353
0.718533 1.1907
0.721883 1.2141
0.725822 1.07966
0.730341 0.808877
0.735428 1.13938
0.741073 0.943937
0.747262 0.881292
0.753982 1.38308
0.76122 0.953121
0.76896 0.854974
0.777187 0.914967
0.785887 1.11193
0.795043 1.04777
0.80464 1.00496
0.814663 1.05447
0.825096 1.07923
0.835923 0.93141
0.84713 1.10922
0.858702 1.05933
0.870624 1.05886
0.882881 1.04923
0.895461 1.0812
0.90835 1.1013
0.921534 1.32658
0.935001 1.06439
0.725822 0.915798
0.726124 1.05397
0.72703 0.949983
0.728536 0.934463
0.730641 1.02093
0.733337 0.887876
0.73662 0.922676
0.74048 0.656666
0.74491 0.988714
0.749899 1.11267
0.755435 1.11269
0.761508 0.988874
0.768104 1.43957
0.775209 0.915739
0.782811 1.36447
0.790894 1.10085
0.799445 1.09319
0.808447 1.456
0.817887 0.621091
0.82775 1.08844
0.83802 1.0884
0.848682 1.34487
0.859723 1.34569
0.871127 0.658062
0.882881 1.29464
0.894971 0.993448
0.907383 0.720366
0.920105 0.894701
0.933123 0.766999
0.946426 1.0087
0.741073 1.29734
0.741369 1.02156
0.742256 1.01846
0.743731 0.856502
0.745793 0.970212
0.748435 0.933589
0.751652 0.958738
0.755435 0.917505
0.759778 1.0976
0.764669 0.784951
0.7701 0.776846
0.776057 1.02504
0.782531 0.683582
0.789506 0.857954
0.796972 0.739395
0.804913 1.01505
0.813316 0.991962
0.822167 1.00601
0.831451 1.47159
0.841155 0.757516
0.851263 1.38395
0.861762 0.95552
0.872637 1.0708
0.883874 1.20462
0.895461 1.24675
0.907383 0.954388
0.919628 1.24102
0.932182 1.22089
0.945034 1.09892
0.958171 1.05106
0.756596 0.99482
0.756886 1.06025
0.757754 1.01369
0.7592 1.23432
0.76122 1.11597
0.763808 1.11019
0.766961 1.02045
0.770669 1.13971
0.774926 0.852663
0.779723 1.22601
0.785049 1.21905
0.790894 1.06808
0.797247 1.18536
0.804095 1.0087
0.811426 1.24609
0.819227 1.40667
0.827485 0.942998
0.836186 1.10477
0.845316 1.16615
0.854862 1.09467
0.86481 0.98135
0.875146 1.03223
0.885857 1.02399
0.896929 1.15178
0.90835 1.0126
0.920105 1.25867
0.932182 0.987454
0.94457 0.901909
0.957255 1.26098
0.970227 1.08317
0.772375 1.65953
0.772659 0.968757
0.77351 0.940411
0.774926 0.985894
0.776905 1.1499
0.779441 0.908576
0.782531 1.10887
0.786166 0.859727
0.790339 1.04654
0.795043 0.805505
0.800267 0.800543
0.806002 1.35241
0.812237 0.947841
0.818959 0.987691
0.826159 0.884214
0.833822 1.14645
0.841936 1.39026
0.850489 1.02031
0.859468 1.30816
0.868858 0.718939
0.878648 1.42449
0.888823 1.12074
0.899371 1.51249
0.910279 1.52754
0.921534 0.982625
0.933123 0.866416
0.945034 1.37254
0.957255 0.921069
0.969775 1.02231
0.982582 1.00853
0.788394 0.84748
0.788673 0.803314
0.789506 1.03509
0.790894 1.27882
0.792833 1.08967
0.795319 1.26591
0.798346 1.09667
0.80191 1.43664
0.806002 0.837799
0.810615 1.07424
0.815739 1.17214
0.821366 0.904137
0.827485 0.803699
0.834085 0.892674
0.841155 0.927
0.848682 1.12849
0.856656 1.11292
0.865064 1.00231
0.873892 1.44994
0.88313 0.985138
0.892763 1.51346
0.902779 0.865254
0.913166 1.30578
0.923911 1.47312
0.935001 0.806403
0.946426 1.28085
0.958171 0.740733
0.970227 0.948304
0.982582 1.24364
0.995223 1.08612
0.523599 0.5313
0.524017 0.640993
0.525272 0.6225
0.527355 0.636001
0.530258 0.470955
0.533968 0.552979
0.538467 0.65693
0.543737 0.267639
0.549754 0.745014
0.556495 1.04328
0.563933 0.983548
0.572042 0.699845
0.580794 0.869841
0.590159 0.691827
0.600109 0.835255
0.610616 0.880726
0.621651 0.76112
0.633187 0.796339
0.645196 0.686571
0.657653 0.947319
0.670534 1.02856
0.683813 0.962751
0.697468 0.867011
0.711478 1.31384
0.725822 1.37132
0.74048 0.879952
0.755435 1.03585
0.770669 1.29525
0.786166 1.18591
0.80191 1.07065
0.524017 0.504804
0.524436 0.550664
0.525689 0.609299
0.527771 0.654046
0.530672 0.575956
0.534379 0.658172
0.538874 0.350607
0.54414 0.546517
0.550153 0.693755
0.556889 0.97408
0.564322 0.872684
0.572425 0.864056
0.581171 0.702461
0.59053 0.656861
0.600474 1.12587
0.610975 0.721167
0.622004 1.11109
0.633533 0.947884
0.645536 1.01513
0.657987 1.05837
0.670861 0.8596
0.684133 1.08365
0.697783 0.918327
0.711786 0.876692
0.726124 1.12967
0.740777 0.788255
0.755726 1.07994
0.770954 0.988157
0.786445 0.928701
0.802183 1.02396
0.525272 0.494922
0.525689 0.389329
0.526939 0.519003
0.529016 0.71595
0.53191 0.469808
0.535609 0.932256
0.540094 0.711957
0.545348 1.23283
0.551347 0.937349
0.558069 0.596006
0.565487 0.918333
0.573574 0.791901
0.582302 0.811994
0.591643 0.572357
0.601569 0.943629
0.612051 1.05014
0.623061 0.652174
0.634571 0.888105
0.646554 0.897349
0.658986 0.588231
0.671841 0.537572
0.685095 1.32763
0.698725 1.09444
0.71271 1.21953
0.72703 1.2716
0.741664 0.955367
0.756596 1.02027
0.771807 0.917046
0.787281 0.872248
0.803003 0.894324
0.527355 0.482736
0.527771 0.687199
0.529016 0.608109
0.531085 0.565721
0.533968 0.488238
0.537652 0.569252
0.542121 1.00356
0.547355 0.631485
0.553333 0.830161
0.56003 0.79921
0.567423 0.79786
0.575482 0.700954
0.584182 0.882676
0.593494 0.702438
0.603389 0.995577
0.61384 0.916205
0.624818 1.01391
0.636296 0.937179
0.648248 1.01535
0.660648 1.30652
0.673471 1.10499
0.686693 0.953585
0.700293 0.829974
0.714247 1.05312
0.728536 0.810273
0.743141 1.11234
0.758044 1.08681
0.773226 1.22742
0.788673 1.218
0.804368 0.930062
0.530258 0.653303
0.530672 0.800225
0.53191 0.452046
0.533968 0.413444
0.536836 0.53243
0.5405 0.651248
0.544945 0.554978
0.550153 0.813085
0.5561 0.750469
0.562765 0.62951
0.570122 0.672108
0.578144 0.905323
0.586805 1.09854
0.596075 1.12218
0.605928 0.772596
0.616336 0.860343
0.62727 1.33653
0.638705 0.820226
0.650612 0.838126
0.662968 0.798789
0.675747 1.06932
0.688925 0.992633
0.702481 0.939129
0.716393 0.970495
0.730641 1.03124
0.745204 1.17238
0.760066 0.979139
0.775209 0.894258
0.790617 1.20034
0.806274 1.52903
0.533968 0.456386
0.534379 0.665449
0.535609 0.585594
0.537652 0.75111
0.5405 0.552103
0.54414 0.691932
0.548556 0.769432
0.553729 0.583712
0.559639 0.820238
0.566262 0.659141
0.573574 0.676986
0.581548 0.840601
0.590159 0.74525
0.599378 0.684196
0.609177 0.628784
0.61953 0.713293
0.630409 0.808377
0.641788 0.99658
0.653639 0.860659
0.665939 1.00274
0.678662 1.0841
0.691785 0.91627
0.705286 0.978464
0.719143 0.952419
0.733337 1.32514
0.747849 1.12656
0.762659 1.04146
0.777751 1.00751
0.79311 1.09785
0.808719 1.17907
0.538467 0.467702
0.538874 0.659287
0.540094 0.705135
0.542121 0.56085
0.544945 0.752869
0.548556 0.937454
0.552936 0.763077
0.558069 0.882407
0.563933 0.683937
0.570506 0.669291
0.577765 0.702742
0.585682 0.851173
0.594233 1.0402
0.603389 0.78931
0.613125 0.848884
0.623412 0.955529
0.634225 0.95336
0.645536 0.920918
0.65732 1.07485
0.669552 1.15
0.682207 0.895323
0.695263 0.831597
0.708698 0.841422
0.72249 1.1386
0.73662 1.25427
0.751068 0.912808
0.765816 1.02316
0.780847 1.19424
0.796146 0.974119
0.811696 0.806906
0.543737 0.622359
0.54414 0.492497
0.545348 0.610169
0.547355 0.719873
0.550153 0.514995
0.553729 0.553486
0.558069 0.723204
0.563155 0.629906
0.568967 0.772925
0.575482 0.743122
0.582679 0.711737
0.59053 0.687074
0.599012 1.06661
0.608096 0.675975
0.617758 0.844921
0.627969 0.851999
0.638705 1.25496
0.649938 0.804696
0.661643 0.918827
0.673797 1.21877
0.686374 0.962522
0.699352 0.761195
0.71271 0.982834
0.726426 1.07471
0.74048 1.06901
0.754854 0.643209
0.76953 0.929852
0.78449 1.08162
0.799719 0.906253
0.815201 1.1101
0.549754 0.655646
0.550153 0.820224
0.551347 1.01431
0.553333 0.625732
0.5561 0.670303
0.559639 0.604252
0.563933 0.658135
0.568967 0.636649
0.57472 0.632406
0.581171 0.819271
0.588298 0.842176
0.596075 0.775299
0.604479 0.494996
0.613483 1.15933
0.623061 0.919108
0.633187 0.765719
0.643835 1.02268
0.65498 0.861192
0.666597 0.743039
0.678662 1.05688
0.69115 0.856611
0.704041 1.0183
0.717311 1.05167
0.730941 1.31446
0.74491 1.32676
0.7592 1.65519
0.773793 0.849798
0.788673 0.849179
0.803822 1.01311
0.819227 0.789098
0.556495 0.821721
0.556889 0.542537
0.558069 0.783706
0.56003 0.558398
0.562765 0.704844
0.566262 0.775765
0.570506 0.683554
0.575482 1.13993
0.581171 0.65483
0.587552 0.863629
0.594602 1.25514
0.602298 0.928089
0.610616 0.660853
0.61953 0.797516
0.629016 0.83468
0.639048 0.984391
0.6496 0.837054
0.660648 0.871396
0.672167 1.25624
0.684133 0.963072
0.696524 0.972193
0.709317 0.910877
0.72249 0.930241
0.736024 1.05139
0.749899 1.05328
0.764095 1.05325
0.778597 1.21972
0.793386 0.96079
0.808447 1.19644
0.823766 0.987395
0.563933 0.734687
0.564322 0.41717
0.565487 0.645784
0.567423 0.505574
0.570122 0.680729
0.573574 0.943818
0.577765 0.646336
0.582679 0.600513
0.588298 0.652809
0.594602 0.641962
0.601569 0.713642
0.609177 0.916313
0.617403 0.969369
0.626221 1.23851
0.635607 0.743343
0.645536 0.92513
0.655984 1.02706
0.666926 0.930356
0.678338 0.738644
0.690198 0.992722
0.702481 1.33094
0.715168 0.796536
0.728235 1.24513
0.741664 0.748666
0.755435 0.938557
0.76953 0.942201
0.783931 0.68837
0.798621 1.08629
0.813586 0.852826
0.828809 0.986041
0.572042 0.599462
0.572425 0.685992
0.573574 0.878058
0.575482 0.533477
0.578144 0.764997
0.581548 0.568132
0.585682 0.818523
0.59053 0.647815
0.596075 1.03737
0.602298 0.872983
0.609177 1.15884
0.616692 0.691161
0.624818 0.709594
0.633533 0.848773
0.642812 0.747507
0.652632 0.817251
0.662968 1.09533
0.673797 1.28806
0.685095 1.09332
0.696839 0.881352
0.709008 1.12948
0.721579 0.942014
0.734533 0.637063
0.747849 1.01521
0.761508 1.51818
0.775492 1.10055
0.789784 1.0802
0.804368 1.14911
0.819227 0.806094
0.834348 1.41023
0.580794 0.535686
0.581171 0.78205
0.582302 0.725194
0.584182 0.581364
0.586805 0.692587
0.590159 0.896866
0.594233 0.905758
0.599012 0.925437
0.604479 0.812663
0.610616 0.617459
0.617403 0.805528
0.624818 0.948642
0.63284 0.790533
0.641446 0.824244
0.650612 0.985505
0.660316 0.997955
0.670534 1.07164
0.681242 1.43077
0.692419 0.874783
0.704041 0.878768
0.716087 1.00233
0.728536 1.28387
0.741369 0.854753
0.754564 1.38884
0.768104 1.12328
0.78197 1.17968
0.796146 1.09994
0.810615 0.7575
0.825362 1.07364
0.840372 0.844047
0.590159 0.819579
0.59053 0.596249
0.591643 0.597615
0.593494 0.807226
0.596075 0.744409
0.599378 0.576803
0.603389 0.941898
0.608096 0.660585
0.613483 0.799473
0.61953 0.737647
0.626221 0.91804
0.633533 0.837818
0.641446 1.11169
0.649938 0.790316
0.658986 1.0735
0.668568 1.07426
0.678662 0.965947
0.689244 0.986771
0.700293 0.949575
0.711786 1.10544
0.723704 0.935182
0.736024 1.05166
0.748728 1.12057
0.761796 1.58361
0.775209 0.804125
0.788951 0.986913
0.803003 0.87211
0.817351 1.62631
0.831979 1.16322
0.846871 0.995359
0.600109 0.68098
0.600474 0.832699
0.601569 0.619877
0.603389 0.651733
0.605928 0.855032
0.609177 0.899265
0.613125 0.717579
0.617758 0.599072
0.623061 0.965347
0.629016 0.829164
0.635607 0.863301
0.642812 0.693548
0.650612 0.787443
0.658986 1.24179
0.667912 1.19778
0.677368 0.850797
0.687332 1.17326
0.697783 1.06332
0.708698 1.47648
0.720058 1.04614
0.731841 0.705839
0.744026 1.01587
0.756596 1.28393
0.76953 1.10288
0.782811 1.17399
0.796421 0.992879
0.810344 1.32643
0.824564 1.0126
0.839066 1.38988
0.853835 1.06819
0.610616 0.887502
0.610975 0.761732
0.612051 0.909957
0.61384 0.995768
0.616336 0.848347
0.61953 0.758287
0.623412 0.704625
0.627969 0.846734
0.633187 0.836281
0.639048 0.710039
0.645536 0.828559
0.652632 0.743763
0.660316 0.897978
0.668568 1.06438
0.677368 1.01135
0.686693 0.834163
0.696524 1.05302
0.706839 1.16621
0.717617 0.957014
0.728837 1.2605
0.74048 0.950337
0.752526 1.15269
0.764956 1.08736
0.777751 1.04361
0.790894 1.13827
0.804368 1.00441
0.818156 1.0812
0.832242 1.24891
0.846612 1.0413
0.861252 1.04362
0.621651 0.874133
0.622004 0.77029
0.623061 0.771435
0.624818 0.804406
0.62727 1.05924
0.630409 0.76843
0.634225 1.01739
0.638705 0.721932
0.643835 0.754713
0.6496 0.719988
0.655984 1.29363
0.662968 1.1952
0.670534 1.15912
0.678662 0.920846
0.687332 0.994149
0.696524 1.38539
0.706218 0.784765
0.716393 0.982304
0.72703 1.21876
0.738107 1.03051
0.749606 1.31251
0.761508 0.907155
0.773793 1.25003
0.786445 1.43857
0.799445 0.958386
0.812776 0.881502
0.826424 1.0275
0.840372 0.823795
0.854606 1.45302
0.869111 1.42894
0.633187 0.982382
0.633533 0.795798
0.634571 0.725991
0.636296 1.25043
0.638705 0.822002
0.641788 0.734626
0.645536 1.24167
0.649938 0.773929
0.65498 1.0974
0.660648 0.745274
0.666926 0.882747
0.673797 0.958519
0.681242 0.975807
0.689244 1.15006
0.697783 0.948641
0.706839 1.12681
0.716393 1.24532
0.726426 1.43664
0.736918 0.81171
0.747849 1.0177
0.7592 1.03486
0.770954 1.36977
0.783091 0.878932
0.795595 0.853294
0.808447 0.822559
0.821633 1.34095
0.835136 0.930349
0.848941 1.28349
0.863033 0.80794
0.877399 1.31813
0.645196 1.05955
0.645536 0.831304
0.646554 1.17416
0.648248 0.781514
0.650612 1.05157
0.653639 1.17402
0.65732 0.85996
0.661643 0.866154
0.666597 1.221
0.672167 0.918259
0.678338 0.940352
0.685095 1.03262
0.692419 1.05772
0.700293 1.14763
0.708698 0.868454
0.717617 0.855053
0.72703 0.984861
0.736918 0.956698
0.747262 0.948421
0.758044 0.833597
0.769245 0.865846
0.780847 0.868643
0.792833 1.21645
0.805185 0.956854
0.817887 1.23421
0.830923 0.861604
0.844278 1.02637
0.857935 1.03442
0.871882 1.13064
0.886105 1.21387
0.657653 1.1681
0.657987 0.755135
0.658986 1.08025
0.660648 0.981445
0.662968 0.843228
0.665939 0.788013
0.669552 0.927179
0.673797 0.875536
0.678662 0.895147
0.684133 0.831179
0.690198 0.717136
0.696839 0.736998
0.704041 1.11261
0.711786 0.901435
0.720058 1.00576
0.728837 0.67176
0.738107 0.996907
0.747849 1.19627
0.758044 1.32863
0.768674 1.2341
0.779723 0.716495
0.791171 0.983443
0.803003 1.09067
0.815201 1.17931
0.82775 0.952878
0.840633 1.56156
0.853835 1.14694
0.867343 0.950933
0.881141 1.11886
0.895216 0.863991
0.670534 0.62155
0.670861 0.978186
0.671841 0.863516
0.673471 1.03163
0.675747 1.13941
0.678662 1.13007
0.682207 1.02123
0.686374 1.1059
0.69115 1.08526
0.696524 1.09324
0.702481 0.792429
0.709008 1.0166
0.716087 1.20358
0.723704 1.24075
0.731841 0.927044
0.74048 0.675974
0.749606 0.709238
0.7592 0.66018
0.769245 1.06934
0.779723 1.20938
0.790617 1.22291
0.80191 1.1208
0.813586 1.26126
0.825627 1.05201
0.83802 1.02015
0.850747 1.02922
0.863795 1.42347
0.877149 0.999899
0.890795 1.24921
0.904721 1.08491
0.683813 0.767681
0.684133 0.881747
0.685095 1.29451
0.686693 0.976001
0.688925 0.863267
0.691785 0.938442
0.695263 0.853599
0.699352 0.785957
0.704041 0.996995
0.709317 1.26007
0.715168 1.36885
0.721579 0.840833
0.728536 0.722691
0.736024 0.560091
0.744026 1.14008
0.752526 0.987898
0.761508 1.18487
0.770954 0.791189
0.780847 1.05936
0.791171 1.24054
0.80191 0.845472
0.813046 1.37034
0.824564 1.35741
0.836448 1.00198
0.848682 1.20103
0.861252 1.03974
0.874143 1.1025
0.887342 0.793076
0.900833 1.16266
0.914606 1.08617
0.697468 0.794297
0.697783 0.927764
0.698725 0.945165
0.700293 0.992865
0.702481 1.15548
0.705286 1.08189
0.708698 0.750415
0.71271 1.37491
0.717311 0.89303
0.72249 1.00556
0.728235 0.985835
0.734533 1.33028
0.741369 0.969507
0.748728 1.10858
0.756596 1.26198
0.764956 1.25563
0.773793 1.30428
0.783091 1.25299
0.792833 0.986509
0.803003 1.09626
0.813586 1.2351
0.824564 1.10788
0.835923 0.85195
0.847648 1.05831
0.859723 1.04704
0.872134 1.16746
0.884866 1.16862
0.897907 1.65208
0.911242 0.849546
0.92486 0.921753
0.711478 0.888866
0.711786 1.29421
0.71271 1.23124
0.714247 0.846943
0.716393 1.01864
0.719143 1.08112
0.72249 0.675531
0.726426 0.937726
0.730941 0.875993
0.736024 1.2411
0.741664 1.12218
0.747849 0.790367
0.754564 1.12945
0.761796 1.05222
0.76953 0.981681
0.777751 1.35227
0.786445 0.769171
0.795595 1.04168
0.805185 1.36921
0.815201 0.839459
0.825627 1.18462
0.836448 0.99771
0.847648 0.96232
0.859213 1.15032
0.871127 1.27987
0.883378 0.875029
0.895951 1.08955
0.908832 1.1166
0.92201 1.01991
0.93547 1.03584
0.725822 1.13785
0.726124 1.08135
0.72703 1.18139
0.728536 0.896226
0.730641 0.872548
0.733337 0.908464
0.73662 1.14945
0.74048 1.03036
0.74491 1.19016
0.749899 0.790164
0.755435 1.38498
0.761508 1.34607
0.768104 0.743165
0.775209 0.839096
0.782811 1.36164
0.790894 1.04229
0.799445 0.963279
0.808447 1.06684
0.817887 0.8373
0.82775 1.03973
0.83802 0.810018
0.848682 1.20067
0.859723 1.07349
0.871127 1.02061
0.882881 0.994236
0.894971 1.01228
0.907383 1.19136
0.920105 1.22581
0.933123 1.05088
0.946426 1.21345
0.74048 0.843648
0.740777 1.11035
0.741664 0.85633
0.743141 1.48017
0.745204 1.03536
0.747849 0.813511
0.751068 1.00832
0.754854 1.05268
0.7592 0.864302
0.764095 1.06704
0.76953 0.945165
0.775492 1.38288
0.78197 0.82564
0.788951 1.06624
0.796421 0.971351
0.804368 1.29971
0.812776 1.3188
0.821633 0.841271
0.830923 0.983492
0.840633 0.968629
0.850747 1.16857
0.861252 1.04214
0.872134 1.27446
0.883378 1.01676
0.894971 0.907016
0.9069 1.25186
0.919151 1.23676
0.931712 0.966007
0.94457 0.829311
0.957714 0.965108
0.755435 1.11569
0.755726 1.21784
0.756596 0.941704
0.758044 1.15463
0.760066 0.898429
0.762659 0.628784
0.765816 1.17086
0.76953 1.04623
0.773793 1.16293
0.778597 1.34008
0.783931 0.955756
0.789784 1.10642
0.796146 1.08966
0.803003 0.816286
0.810344 0.988099
0.818156 0.899479
0.826424 1.34168
0.835136 0.989652
0.844278 1.03761
0.853835 1.00063
0.863795 1.19072
0.874143 1.20141
0.884866 1.28145
0.895951 1.35569
0.907383 1.20972
0.919151 1.08059
0.931241 1.01256
0.943641 0.948947
0.956339 1.18909
0.969323 1.34762
0.770669 1.01354
0.770954 0.982154
0.771807 1.10023
0.773226 1.01983
0.775209 1.00692
0.777751 0.807311
0.780847 0.912577
0.78449 1.02295
0.788673 1.09993
0.793386 0.993637
0.798621 1.3165
0.804368 1.34489
0.810615 1.1385
0.817351 1.13888
0.824564 0.96697
0.832242 1.08001
0.840372 1.27493
0.848941 1.31452
0.857935 1.1385
0.867343 1.37736
0.877149 1.04104
0.887342 0.921396
0.897907 1.42319
0.908832 1.15013
0.920105 1.15626
0.931712 0.90031
0.943641 0.953615
0.95588 1.09736
0.968417 1.17556
0.981241 0.890607
0.786166 0.832831
0.786445 1.01285
0.787281 0.929347
0.788673 0.988586
0.790617 1.25629
0.79311 0.884707
0.796146 1.06782
0.799719 0.790156
0.803822 1.03613
0.808447 1.04785
0.813586 1.09654
0.819227 1.0881
0.825362 0.952776
0.831979 0.755404
0.839066 0.824048
0.846612 0.98195
0.854606 0.939677
0.863033 1.25663
0.871882 0.970199
0.881141 1.11707
0.890795 0.975517
0.900833 0.974333
0.911242 1.2745
0.92201 0.939642
0.933123 0.883465
0.94457 1.03409
0.956339 1.18713
0.968417 1.0829
0.980794 1.07017
0.993459 0.944386
0.80191 0.892287
0.802183 0.891197
0.803003 1.11034
0.804368 0.690395
0.806274 1.14834
0.808719 0.972492
0.811696 1.04781
0.815201 1.10595
0.819227 1.03286
0.823766 0.877079
0.828809 0.764012
0.834348 1.07395
0.840372 0.852711
0.846871 1.07927
0.853835 1.53531
0.861252 0.771564
0.869111 1.27681
0.877399 0.937849
0.886105 1.28371
0.895216 1.21929
0.904721 0.959767
0.914606 1.03601
0.92486 1.26024
0.93547 1.04998
0.946426 1.08079
0.957714 0.941045
0.969323 0.995612
0.981241 1.14236
0.993459 0.82594
1.00596 0.99622
0.544543 0.672924
0.544945 0.707134
0.546151 0.588649
0.548156 0.673095
0.550949 0.984165
0.554521 0.969669
0.558854 0.753298
0.563933 0.773759
0.569737 0.388022
0.576244 0.698661
0.583431 0.618271
0.591273 0.910371
0.599743 0.670315
0.608817 0.790763
0.618467 1.09194
0.628667 0.955401
0.639391 1.1662
0.650612 1.15368
0.662306 1.25516
0.674447 1.0369
0.687013 0.993691
0.699979 1.02458
0.713325 0.892221
0.72703 1.04077
0.741073 1.50416
0.755435 1.40357
0.7701 0.937685
0.785049 1.40153
0.800267 0.875885
0.815739 0.724191
0.544945 0.793761
0.545348 0.595143
0.546553 0.612056
0.548556 0.982673
0.551347 0.558907
0.554916 0.638294
0.559247 0.854893
0.564322 0.747544
0.570122 0.70749
0.576625 0.670256
0.583807 0.752751
0.591643 0.941618
0.600109 1.03129
0.609177 0.657843
0.618822 0.927462
0.629016 0.696737
0.639734 0.746386
0.650949 0.778204
0.662637 0.794086
0.674772 0.954741
0.687332 0.795943
0.700293 1.24479
0.713633 0.776602
0.727331 0.870062
0.741369 1.15387
0.755726 1.0428
0.770384 0.989784
0.785328 0.8937
0.800541 0.932394
0.816008 0.859822
0.546151 0.528701
0.546553 0.772947
0.547755 0.962154
0.549754 0.478633
0.552539 0.769188
0.5561 0.623959
0.560422 0.614262
0.565487 0.885557
0.571275 0.961339
0.577765 0.891314
0.584933 1.00444
0.592755 0.528231
0.601204 0.859929
0.610257 0.433425
0.619884 0.88042
0.630061 1.02243
0.640762 0.696512
0.651959 1.0727
0.663629 0.613444
0.675747 1.03262
0.688288 1.00152
0.701232 1.02394
0.714554 1.0423
0.728235 1.00644
0.742256 0.735968
0.756596 0.81196
0.771238 0.887264
0.786166 0.953688
0.801363 0.930933
0.816814 1.46763
0.548156 0.525156
0.548556 0.896843
0.549754 0.640468
0.551745 0.578687
0.554521 0.914675
0.558069 0.679687
0.562375 0.743496
0.567423 0.92212
0.573191 0.673835
0.57966 0.75131
0.586805 0.921035
0.594602 0.942857
0.603026 1.03109
0.612051 0.744928
0.621651 1.073
0.6318 1.22025
0.642471 0.92405
0.653639 0.832589
0.66528 1.47515
0.677368 0.955254
0.68988 0.690716
0.702794 0.965512
0.716087 1.02803
0.72974 0.893176
0.743731 1.07774
0.758044 0.948322
0.772659 0.893804
0.787559 0.927643
0.80273 0.983959
0.818156 1.02306
0.550949 0.664135
0.551347 0.77392
0.552539 0.686765
0.554521 0.618232
0.557282 0.660994
0.560813 0.41052
0.565099 0.666443
0.570122 0.671316
0.575863 0.592386
0.582302 0.757155
0.589415 1.14071
0.597178 0.743546
0.605566 0.829713
0.614554 0.948761
0.624116 0.729119
0.634225 0.972446
0.644856 0.675734
0.655984 0.982804
0.667583 0.939635
0.67963 1.08723
0.692102 1.26549
0.704975 1.1073
0.718228 1.33872
0.731841 0.946054
0.745793 1.00429
0.760066 1.03823
0.774643 1.18769
0.789506 1.15464
0.80464 1.01686
0.82003 0.696732
0.554521 0.731354
0.554916 0.806989
0.5561 0.77037
0.558069 0.814598
0.560813 0.556568
0.564322 0.887671
0.568581 0.697521
0.573574 0.884483
0.579281 0.900882
0.585682 0.751726
0.592755 0.747205
0.600474 1.09798
0.608817 0.959764
0.617758 1.12368
0.62727 1.0683
0.63733 1.33628
0.64791 0.775842
0.658986 0.875554
0.670534 1.0602
0.682529 0.759667
0.694948 1.13819
0.707769 1.12996
0.720971 1.00675
0.734533 0.9767
0.748435 0.734901
0.762659 0.984922
0.777187 1.2923
0.792003 0.824438
0.80709 0.670877
0.822434 0.990938
0.558854 0.705062
0.559247 0.82964
0.560422 0.561587
0.562375 0.870683
0.565099 0.734967
0.568581 0.610289
0.572808 0.585241
0.577765 0.976056
0.583431 0.571463
0.589787 0.735955
0.596811 0.926092
0.604479 1.0872
0.612767 0.994251
0.621651 1.37365
0.631105 1.08423
0.641104 0.977641
0.651623 1.29412
0.662637 0.836684
0.674122 1.01705
0.686054 0.936075
0.698411 0.975501
0.71117 1.21399
0.72431 0.89652
0.73781 1.44259
0.751652 0.923854
0.765816 1.09793
0.780285 1.23645
0.795043 0.792161
0.810073 1.28538
0.825362 0.866757
0.563933 0.693634
0.564322 0.877412
0.565487 0.724661
0.567423 0.80523
0.570122 0.805944
0.573574 0.833963
0.577765 0.796502
0.582679 0.550253
0.588298 0.897177
0.594602 1.06576
0.601569 0.946676
0.609177 0.776782
0.617403 0.839198
0.626221 0.980516
0.635607 0.857137
0.645536 0.568625
0.655984 0.708285
0.666926 0.837221
0.678338 0.798778
0.690198 0.83318
0.702481 0.980659
0.715168 0.911928
0.728235 0.913184
0.741664 0.976158
0.755435 0.867124
0.76953 1.21085
0.783931 1.2912
0.798621 1.40413
0.813586 0.982231
0.828809 0.981222
0.569737 0.849943
0.570122 1.01722
0.571275 0.650053
0.573191 0.696926
0.575863 0.774222
0.579281 0.654341
0.583431 0.75124
0.588298 0.861968
0.593864 1.04822
0.600109 0.919542
0.607013 0.857751
0.614554 0.807648
0.622708 0.779345
0.631452 0.844314
0.640762 1.29593
0.650612 1.33295
0.66098 1.18648
0.671841 1.10029
0.683171 1.02523
0.694948 0.822625
0.707149 0.948089
0.719753 0.936544
0.732739 1.10834
0.746087 0.917563
0.759778 1.0077
0.773793 0.98622
0.788116 1.3003
0.80273 1.04703
0.817619 1.06121
0.832769 0.965201
0.576244 0.633693
0.576625 0.739926
0.577765 0.790979
0.57966 0.632609
0.582302 1.05405
0.585682 0.586553
0.589787 0.627027
0.594602 1.2869
0.600109 0.884427
0.60629 1.12549
0.613125 0.903762
0.620592 0.748005
0.628667 0.851627
0.63733 0.923572
0.646554 1.14984
0.656318 0.871108
0.666597 1.03566
0.677368 0.844117
0.688607 0.96516
0.700293 0.8237
0.712402 0.645822
0.724915 1.09029
0.73781 0.854775
0.751068 0.988573
0.764669 0.826091
0.778597 0.752966
0.792833 1.04391
0.807361 0.991669
0.822167 1.04457
0.837234 1.10803
0.583431 0.748253
0.583807 0.725903
0.584933 0.805333
0.586805 0.790461
0.589415 0.883405
0.592755 0.83848
0.596811 0.931015
0.601569 0.92904
0.607013 0.825421
0.613125 0.754108
0.619884 0.740281
0.62727 0.835211
0.635261 1.08233
0.643835 1.23325
0.652968 0.893494
0.662637 0.927713
0.672819 0.896013
0.683492 1.23526
0.694632 1.05669
0.706218 1.06583
0.718228 0.888843
0.730641 1.08797
0.743437 1.0922
0.756596 1.16106
0.7701 1.28195
0.783931 0.876689
0.798072 0.772254
0.812507 1.12285
0.82722 1.10631
0.842197 0.823802
0.591273 0.630214
0.591643 0.528385
0.592755 0.522756
0.594602 0.999602
0.597178 0.783504
0.600474 0.878942
0.604479 0.702559
0.609177 0.712372
0.614554 0.825551
0.620592 0.659195
0.62727 0.949535
0.634571 1.02158
0.642471 0.473339
0.650949 1.1915
0.659984 0.911129
0.669552 0.858077
0.67963 0.820036
0.690198 0.944028
0.701232 1.11153
0.71271 1.22597
0.724612 1.22017
0.736918 1.09833
0.749606 0.861288
0.762659 1.67521
0.776057 0.917468
0.789784 0.878244
0.803822 1.30133
0.818156 1.07605
0.832769 0.979973
0.847648 0.870078
0.599743 0.641472
0.600109 0.753978
0.601204 0.708396
0.603026 1.11283
0.605566 0.535535
0.608817 0.750293
0.612767 0.719182
0.617403 0.672021
0.622708 0.905538
0.628667 0.876498
0.635261 0.924788
0.642471 1.30212
0.650275 0.742779
0.658653 1.10704
0.667583 0.964799
0.677044 0.799436
0.687013 1.20561
0.697468 1.19716
0.708389 0.787889
0.719753 1.34991
0.731541 0.82356
0.743731 0.795208
0.756306 1.22406
0.769245 0.96712
0.782531 1.27827
0.796146 0.958911
0.810073 1.50256
0.824298 1.06065
0.838805 0.951432
0.853578 0.910003
0.608817 0.582778
0.609177 0.830262
0.610257 0.798585
0.612051 0.962003
0.614554 0.804409
0.617758 1.27703
0.621651 0.75871
0.626221 0.800926
0.631452 1.00823
0.63733 0.944355
0.643835 0.68637
0.650949 0.768974
0.658653 0.669063
0.666926 0.959083
0.675747 0.783847
0.685095 0.7735
0.694948 0.775459
0.705286 1.15688
0.716087 1.01833
0.727331 1.0473
0.738998 1.04609
0.751068 1.20205
0.763521 1.30493
0.77634 0.946094
0.789506 1.24218
0.803003 0.88839
0.816814 1.29859
0.830923 1.46901
0.845316 1.00133
0.859978 1.08086
0.618467 0.998479
0.618822 1.12488
0.619884 0.777911
0.621651 0.495648
0.624116 0.79913
0.62727 1.02176
0.631105 0.910325
0.635607 0.997675
0.640762 0.814042
0.646554 1.12367
0.652968 1.02337
0.659984 0.941482
0.667583 1.14209
0.675747 0.747601
0.684454 0.89561
0.693684 0.961767
0.703417 1.02957
0.713633 1.00192
0.72431 0.649428
0.735428 1.37543
0.746968 0.721921
0.758911 0.943817
0.771238 1.5686
0.783931 1.12207
0.796972 0.936761
0.810344 1.11781
0.824032 1.03896
0.83802 0.769516
0.852293 1.2124
0.866837 1.16209
0.628667 0.974553
0.629016 0.69459
0.630061 0.786192
0.6318 1.13252
0.634225 0.779866
0.63733 1.01776
0.641104 0.765954
0.645536 0.967543
0.650612 0.848068
0.656318 0.849271
0.662637 0.803575
0.669552 1.0909
0.677044 0.848956
0.685095 0.99656
0.693684 1.06814
0.702794 0.806145
0.712402 1.23931
0.72249 1.20671
0.733038 1.2938
0.744026 1.01953
0.755435 0.816208
0.767246 1.01396
0.779441 0.866234
0.792003 1.43184
0.804913 1.06898
0.818156 0.813091
0.831715 1.69247
0.845576 0.928684
0.859723 0.904063
0.874143 1.0922
0.639391 0.878614
0.639734 1.06298
0.640762 0.670281
0.642471 1.12832
0.644856 0.863761
0.64791 0.740698
0.651623 0.69628
0.655984 0.814322
0.66098 1.01301
0.666597 0.866082
0.672819 1.03179
0.67963 0.706794
0.687013 1.52374
0.694948 0.71604
0.703417 1.00994
0.712402 0.906225
0.721883 0.740028
0.731841 1.05153
0.742256 1.33934
0.753109 1.34686
0.764382 1.04094
0.776057 0.93808
0.788116 0.940559
0.800541 1.25392
0.813316 1.31823
0.826424 0.822054
0.83985 1.22829
0.853578 0.928081
0.867595 1.07898
0.881887 1.24507
0.650612 0.969774
0.650949 1.1555
0.651959 1.18695
0.653639 0.66782
0.655984 0.782637
0.658986 0.910707
0.662637 1.1443
0.666926 1.22509
0.671841 0.912665
0.677368 0.738448
0.683492 0.687002
0.690198 0.796861
0.697468 0.892245
0.705286 0.977449
0.713633 1.25212
0.72249 0.928405
0.731841 1.207
0.741664 0.987916
0.751943 0.929101
0.762659 0.939588
0.773793 1.24848
0.785328 0.881094
0.797247 0.958108
0.809532 0.701486
0.822167 0.859993
0.835136 1.18749
0.848424 1.25892
0.862016 1.23409
0.875898 1.24392
0.890056 1.49759
0.662306 0.693072
0.662637 0.958897
0.663629 0.97929
0.66528 0.857341
0.667583 1.05839
0.670534 0.768196
0.674122 0.950635
0.678338 1.06601
0.683171 0.972391
0.688607 0.757293
0.694632 1.23961
0.701232 0.791683
0.708389 0.970322
0.716087 0.924459
0.72431 0.914648
0.733038 0.997613
0.742256 1.05573
0.751943 1.06969
0.762084 0.923293
0.772659 0.966262
0.783651 1.16768
0.795043 0.850035
0.806818 1.07711
0.818959 1.02597
0.831451 1.265
0.844278 0.758084
0.857424 1.00147
0.870876 0.891169
0.884619 1.3435
0.89864 1.2545
0.674447 0.66969
0.674772 0.888069
0.675747 0.854016
0.677368 1.0259
0.67963 0.792736
0.682529 1.13476
0.686054 0.829543
0.690198 1.04799
0.694948 0.830411
0.700293 1.18371
0.706218 0.929133
0.71271 1.20965
0.719753 1.02953
0.727331 1.18317
0.735428 0.919644
0.744026 0.713156
0.753109 0.926797
0.762659 1.07677
0.772659 1.14017
0.783091 1.04322
0.793939 1.15828
0.805185 0.997475
0.816814 1.29264
0.828809 0.987365
0.841155 0.847414
0.853835 0.913821
0.866837 1.04417
0.880144 1.10004
0.893745 1.41179
0.907625 1.01672
0.687013 0.883447
0.687332 0.865605
0.688288 0.72615
0.68988 0.669292
0.692102 0.916931
0.694948 0.954497
0.698411 0.902212
0.702481 1.1079
0.707149 0.742722
0.712402 0.886038
0.718228 1.26861
0.724612 0.695588
0.731541 1.00553
0.738998 1.13367
0.746968 1.18174
0.755435 1.09135
0.764382 0.827828
0.773793 0.963288
0.783651 0.947521
0.793939 1.0187
0.80464 0.935368
0.815739 0.700249
0.82722 1.01288
0.839066 0.876454
0.851263 1.14425
0.863795 1.18498
0.876649 1.16671
0.88981 1.28631
0.903265 0.913988
0.917001 0.898732
0.699979 0.998686
0.700293 0.805731
0.701232 1.22718
0.702794 1.07176
0.704975 1.06167
0.707769 1.31618
0.71117 1.15182
0.715168 1.49149
0.719753 1.25083
0.724915 1.00112
0.730641 1.45888
0.736918 0.839182
0.743731 1.15494
0.751068 1.32792
0.758911 1.24456
0.767246 1.26992
0.776057 1.19402
0.785328 1.1632
0.795043 1.26747
0.805185 0.835138
0.815739 1.09449
0.826689 0.786656
0.83802 0.870816
0.849715 1.0471
0.861762 0.855349
0.874143 1.25012
0.886847 1.32462
0.899859 0.909649
0.913166 1.09602
0.926755 1.2496
0.713325 1.15617
0.713633 1.09903
0.714554 1.13567
0.716087 1.01424
0.718228 1.28461
0.720971 0.854954
0.72431 0.741991
0.728235 0.816766
0.732739 0.757608
0.73781 0.900987
0.743437 1.06138
0.749606 1.30013
0.756306 1.13514
0.763521 0.796832
0.771238 0.931672
0.779441 0.633825
0.788116 1.1596
0.797247 1.26624
0.806818 0.979629
0.816814 1.13796
0.82722 0.946686
0.83802 1.26364
0.849199 0.985915
0.860743 1.02612
0.872637 0.984965
0.884866 1.02085
0.897418 0.831176
0.910279 1.04397
0.923436 1.16158
0.936876 0.997823
0.72703 0.81494
0.727331 0.79222
0.728235 0.981162
0.72974 0.719852
0.731841 0.958246
0.734533 0.853954
0.73781 0.948238
0.741664 0.96115
0.746087 1.32488
0.751068 1.00154
0.756596 1.14776
0.762659 1.18012
0.769245 1.1381
0.77634 0.610725
0.783931 0.975104
0.792003 1.06256
0.800541 1.17261
0.809532 1.09303
0.818959 1.31474
0.828809 0.925445
0.839066 0.857705
0.849715 1.22509
0.860743 1.01323
0.872134 0.961011
0.883874 1.22233
0.895951 1.13363
0.90835 0.952837
0.921058 1.11989
0.934063 1.06535
0.947352 1.27493
0.741073 1.22557
0.741369 1.06202
0.742256 0.987663
0.743731 0.867186
0.745793 1.02151
0.748435 0.708924
0.751652 0.933612
0.755435 1.02149
0.759778 1.29915
0.764669 0.999064
0.7701 0.959931
0.776057 0.656174
0.782531 1.2373
0.789506 1.09183
0.796972 0.959462
0.804913 0.84585
0.813316 1.16044
0.822167 1.23907
0.831451 1.01607
0.841155 0.892433
0.851263 1.21508
0.861762 1.22322
0.872637 0.928978
0.883874 1.43069
0.895461 1.09513
0.907383 1.1985
0.919628 1.4694
0.932182 1.01875
0.945034 1.07761
0.958171 1.20458
0.755435 0.742524
0.755726 0.950295
0.756596 1.05524
0.758044 1.27707
0.760066 1.07119
0.762659 1.13042
0.765816 1.03208
0.76953 1.06538
0.773793 0.878487
0.778597 1.04535
0.783931 0.757959
0.789784 0.984388
0.796146 1.16851
0.803003 1.03306
0.810344 0.910732
0.818156 0.925074
0.826424 1.31255
0.835136 1.044
0.844278 1.42568
0.853835 0.772868
0.863795 0.833843
0.874143 1.05408
0.884866 1.074
0.895951 1.40201
0.907383 1.36849
0.919151 1.08993
0.931241 1.69654
0.943641 1.02577
0.956339 1.18545
0.969323 0.803394
0.7701 1.26149
0.770384 0.751588
0.771238 0.871384
0.772659 1.06124
0.774643 0.981349
0.777187 0.909853
0.780285 1.00681
0.783931 1.19862
0.788116 0.829324
0.792833 1.47517
0.798072 1.4505
0.803822 0.803296
0.810073 1.0326
0.816814 0.848761
0.824032 1.07263
0.831715 1.47362
0.83985 0.953217
0.848424 1.17885
0.857424 0.947392
0.866837 1.33311
0.876649 1.31781
0.886847 1.10225
0.897418 1.10069
0.90835 0.782839
0.919628 1.13803
0.931241 1.16774
0.943176 1.02372
0.955421 1.01216
0.967964 0.987905
0.980794 1.07594
0.785049 1.18594
0.785328 1.11213
0.786166 0.853423
0.787559 0.894831
0.789506 1.43693
0.792003 1.04355
0.795043 0.973342
0.798621 0.663416
0.80273 0.858369
0.807361 1.18613
0.812507 1.18066
0.818156 1.12912
0.824298 1.09261
0.830923 1.18037
0.83802 0.950524
0.845576 1.10292
0.853578 1.27303
0.862016 1.1654
0.870876 1.15894
0.880144 0.923519
0.88981 1.12839
0.899859 0.967646
0.910279 0.846593
0.921058 1.03947
0.932182 1.09353
0.943641 1.04952
0.955421 0.967389
0.967511 0.794528
0.979899 0.908114
0.992575 1.04032
0.800267 0.844873
0.800541 1.14093
0.801363 1.44178
0.80273 0.764284
0.80464 0.810039
0.80709 1.18356
0.810073 1.12535
0.813586 1.18971
0.817619 0.869828
0.822167 0.959408
0.82722 1.27244
0.832769 0.868609
0.838805 0.926831
0.845316 1.18174
0.852293 0.900402
0.859723 1.09518
0.867595 0.970867
0.875898 1.11629
0.884619 1.3111
0.893745 1.18662
0.903265 0.999371
0.913166 0.84308
0.923436 0.886647
0.934063 1.48963
0.945034 0.948955
0.956339 1.33018
0.967964 1.30073
0.979899 0.890853
0.992133 1.0314
1.00465 1.28007
0.815739 0.847631
0.816008 0.831455
0.816814 1.00534
0.818156 0.981769
0.82003 0.823547
0.822434 1.0205
0.825362 1.08881
0.828809 1.51123
0.832769 0.865534
0.837234 1.1203
0.842197 1.16771
0.847648 1.33868
0.853578 1.52738
0.859978 0.997767
0.866837 1.1068
0.874143 0.998434
0.881887 1.32493
0.890056 1.15895
0.89864 1.23191
0.907625 0.999015
0.917001 1.15623
0.926755 1.35127
0.936876 0.985381
0.947352 0.874231
0.958171 1.03845
0.969323 1.3632
0.980794 0.838313
0.992575 1.09765
1.00465 1.0603
1.01702 0.959626
0.565487 0.785204
0.565874 0.583149
0.567036 0.489711
0.568967 0.872588
0.571659 0.80306
0.575101 1.12029
0.579281 0.589683
0.584182 0.582186
0.589787 0.923201
0.596075 1.23188
0.603026 0.626403
0.610616 0.802376
0.618822 0.732839
0.62762 0.974656
0.636985 0.914319
0.646894 1.16745
0.65732 0.762174
0.66824 0.719649
0.67963 1.23602
0.691468 0.949656
0.703729 0.791125
0.716393 1.04568
0.729439 0.864845
0.742846 1.22718
0.756596 0.896869
0.770669 1.08111
0.785049 1.02092
0.799719 0.946081
0.814663 1.32233
0.829867 1.27878
0.565874 0.791318
0.566262 0.554898
0.567423 0.748675
0.569352 0.652073
0.572042 0.778339
0.575482 0.733545
0.57966 0.835397
0.584558 0.736525
0.590159 0.913817
0.596443 1.15662
0.603389 0.835055
0.610975 0.752932
0.619176 0.879017
0.627969 1.00691
0.63733 0.929994
0.647232 0.777314
0.657653 0.719338
0.668568 1.1509
0.679953 0.870398
0.691785 1.11815
0.704041 1.14745
0.716699 1.12715
0.72974 0.958526
0.743141 1.15286
0.756886 1.07911
0.770954 1.25522
0.785328 1.1392
0.799993 1.46661
0.814932 0.853384
0.830131 1.26976
0.567036 0.747783
0.567423 0.739062
0.568581 1.09262
0.570506 1.25863
0.573191 0.685248
0.576625 0.863597
0.580794 0.492122
0.585682 0.952575
0.591273 1.20993
0.597545 0.973667
0.604479 0.912768
0.612051 0.872686
0.620238 0.658714
0.629016 1.1397
0.638361 0.979142
0.648248 0.903549
0.658653 1.03845
0.669552 0.697689
0.68092 0.72351
0.692735 0.828742
0.704975 0.933321
0.717617 1.11106
0.730641 0.775688
0.744026 1.16621
0.757754 0.869258
0.771807 0.780794
0.786166 0.988885
0.800815 1.09661
0.815739 0.954491
0.830923 1.0103
0.568967 0.74388
0.569352 0.894821
0.570506 1.05683
0.572425 0.821553
0.575101 0.710802
0.578523 0.750744
0.582679 0.974635
0.587552 0.838013
0.593124 0.846627
0.599378 0.54948
0.60629 0.502518
0.61384 0.77412
0.622004 0.706661
0.630757 0.937025
0.640077 1.02421
0.649938 0.676166
0.660316 0.855245
0.671187 0.998753
0.682529 1.03785
0.694316 0.998665
0.706529 0.887766
0.719143 0.779588
0.73214 1.40186
0.745499 0.850082
0.7592 1.00148
0.773226 1.05117
0.787559 0.995446
0.802183 1.17291
0.817083 1.22001
0.832242 1.09318
0.571659 0.665975
0.572042 0.641608
0.573191 0.447493
0.575101 0.602849
0.577765 0.903842
0.581171 0.715017
0.585308 0.432759
0.590159 1.00277
0.595707 0.858058
0.601934 0.906059
0.608817 0.726764
0.616336 1.084
0.624467 0.924314
0.633187 0.698588
0.642471 1.33952
0.652296 0.65375
0.662637 1.13908
0.673471 0.979055
0.684774 1.14246
0.696524 0.95904
0.708698 0.977865
0.721275 1.16795
0.734234 1.06875
0.747555 1.16297
0.76122 1.08835
0.775209 0.61696
0.789506 1.36073
0.804095 0.770965
0.818959 0.67348
0.834085 1.2905
0.575101 0.758145
0.575482 0.647282
0.576625 0.94872
0.578523 0.671702
0.581171 0.707603
0.584558 0.794166
0.58867 0.804565
0.593494 0.882742
0.599012 0.852244
0.605204 0.816333
0.612051 0.868198
0.61953 0.569815
0.62762 0.810204
0.636296 1.04426
0.645536 0.780869
0.655315 0.848702
0.665609 0.887135
0.676396 0.723527
0.687651 1.18131
0.699352 1.38593
0.711478 1.08641
0.724007 0.94648
0.736918 1.29346
0.750191 1.0573
0.763808 1.19404
0.777751 1.12406
0.792003 1.01339
0.806546 1.23887
0.821366 1.0443
0.836448 0.688316
0.579281 0.640755
0.57966 0.920006
0.580794 0.787222
0.582679 0.94393
0.585308 0.954073
0.58867 0.832044
0.592755 0.406377
0.597545 0.532055
0.603026 0.820068
0.609177 0.846647
0.61598 0.642129
0.623412 1.04615
0.631452 0.915129
0.640077 0.812053
0.649262 1.30249
0.658986 0.964755
0.669224 0.858726
0.679953 0.867416
0.69115 0.932105
0.702794 1.06798
0.714861 0.885276
0.727331 0.712498
0.740184 0.897147
0.7534 0.907029
0.766961 0.974273
0.780847 1.03013
0.795043 0.668506
0.809532 0.920621
0.824298 1.03757
0.839327 1.18256
0.584182 0.831949
0.584558 0.551978
0.585682 0.721164
0.587552 0.791655
0.590159 0.766528
0.593494 1.05763
0.597545 0.929814
0.602298 1.03133
0.607736 0.815567
0.61384 0.931897
0.620592 0.862962
0.627969 1.01365
0.635952 0.896342
0.644516 1.23638
0.653639 0.977759
0.663299 0.912391
0.673471 0.97873
0.684133 0.963126
0.695263 0.80434
0.706839 1.1491
0.718838 0.9025
0.731241 1.09023
0.744026 0.919537
0.757175 0.759437
0.770669 1.16081
0.78449 1.26376
0.798621 0.998239
0.813046 1.3159
0.82775 1.05625
0.842718 1.10389
0.589787 1.00778
0.590159 0.721946
0.591273 0.776645
0.593124 0.820571
0.595707 0.797138
0.599012 0.876371
0.603026 0.731694
0.607736 0.718523
0.613125 0.776469
0.619176 0.951745
0.62587 0.806964
0.633187 1.21357
0.641104 0.991889
0.6496 0.773872
0.658653 1.06288
0.66824 0.815803
0.678338 1.07324
0.688925 1.03358
0.699979 1.41343
0.711478 1.31186
0.723401 0.865757
0.735726 0.988838
0.748435 1.05378
0.761508 1.06053
0.774926 1.0533
0.788673 1.1043
0.80273 1.0642
0.817083 0.833025
0.831715 0.85625
0.846612 1.32648
0.596075 0.809597
0.596443 0.653461
0.597545 0.790967
0.599378 0.702621
0.601934 0.552211
0.605204 0.991225
0.609177 0.967506
0.61384 0.925363
0.619176 0.681848
0.625169 0.91184
0.6318 1.02066
0.639048 0.637209
0.646894 0.895895
0.655315 1.21726
0.66429 1.15338
0.673797 0.890615
0.683813 1.10716
0.694316 1.02049
0.705286 1.25987
0.716699 1.40824
0.728536 1.07624
0.740777 0.960642
0.7534 0.85211
0.766388 1.03544
0.779723 1.0336
0.793386 0.690157
0.807361 1.18512
0.821633 1.44022
0.836186 1.04487
0.851005 1.00001
0.603026 1.10231
0.603389 0.783284
0.604479 0.890415
0.60629 0.532412
0.608817 1.06467
0.612051 0.930234
0.61598 0.818766
0.620592 0.923242
0.62587 0.899853
0.6318 0.965777
0.638361 0.810372
0.645536 1.06766
0.653304 0.952416
0.661643 0.863893
0.670534 0.843882
0.679953 0.86058
0.68988 1.16553
0.700293 0.990646
0.71117 0.856752
0.72249 1.00796
0.734234 1.12916
0.746381 0.987028
0.758911 1.15607
0.771807 0.886561
0.785049 1.07721
0.798621 1.49867
0.812507 1.10235
0.826689 0.985595
0.841155 0.90388
0.855888 1.77467
0.610616 0.823933
0.610975 0.630467
0.612051 0.810058
0.61384 1.01834
0.616336 0.993133
0.61953 1.14817
0.623412 0.849217
0.627969 0.977266
0.633187 0.765293
0.639048 0.541961
0.645536 0.892867
0.652632 0.758778
0.660316 0.846431
0.668568 0.866644
0.677368 1.01781
0.686693 1.11879
0.696524 1.23452
0.706839 0.821378
0.717617 0.875557
0.728837 0.879972
0.74048 1.14256
0.752526 0.723681
0.764956 1.20977
0.777751 1.07481
0.790894 0.88311
0.804368 1.03173
0.818156 1.23175
0.832242 0.883367
0.846612 1.11234
0.861252 1.00185
0.618822 1.00397
0.619176 1.15635
0.620238 1.34521
0.622004 0.984391
0.624467 0.761008
0.62762 1.06207
0.631452 0.754736
0.635952 0.734664
0.641104 1.00119
0.646894 0.843447
0.653304 1.11991
0.660316 1.23173
0.667912 0.876836
0.676071 0.651955
0.684774 0.962993
0.694001 1.064
0.703729 1.25933
0.71394 1.00368
0.724612 1.12213
0.735726 0.908564
0.747262 0.711839
0.7592 1.01698
0.771522 1.1063
0.78421 1.0848
0.797247 0.832804
0.810615 1.18053
0.824298 1.20764
0.838281 1.30752
0.85255 1.10049
0.86709 0.964201
0.62762 0.798904
0.627969 0.789523
0.629016 1.07309
0.630757 0.760036
0.633187 1.03212
0.636296 0.561422
0.640077 0.794967
0.644516 0.897071
0.6496 1.05678
0.655315 0.657575
0.661643 0.879222
0.668568 1.33431
0.676071 0.979956
0.684133 1.09955
0.692735 0.944154
0.701857 1.26917
0.711478 1.13539
0.721579 0.983333
0.73214 1.05964
0.743141 0.850099
0.754564 1.28583
0.766388 0.978524
0.778597 1.13069
0.791171 1.12677
0.804095 1.29853
0.817351 1.06374
0.830923 1.05692
0.844797 1.06399
0.858957 0.909822
0.87339 1.12287
0.636985 0.840964
0.63733 0.738092
0.638361 1.02953
0.640077 1.02155
0.642471 0.959117
0.645536 0.892868
0.649262 0.759972
0.653639 0.886918
0.658653 1.00394
0.66429 1.23668
0.670534 0.979521
0.677368 0.978641
0.684774 1.21127
0.692735 0.894955
0.701232 0.711257
0.710244 1.22128
0.719753 1.0455
0.72974 1.17428
0.740184 1.15643
0.751068 0.713032
0.762371 1.18739
0.774077 0.951033
0.786166 0.981371
0.798621 1.15575
0.811426 1.22387
0.824564 0.876081
0.83802 0.903794
0.851778 0.953271
0.865824 0.906173
0.880144 0.954532
0.646894 0.570829
0.647232 1.05885
0.648248 1.02835
0.649938 0.786482
0.652296 0.809541
0.655315 1.3346
0.658986 0.73549
0.663299 0.827942
0.66824 1.20422
0.673797 1.03517
0.679953 1.0365
0.686693 1.15557
0.694001 1.02393
0.701857 0.854318
0.710244 1.08904
0.719143 0.996016
0.728536 0.828275
0.738404 1.38667
0.748728 0.929596
0.759489 1.07409
0.770669 1.26417
0.78225 1.14129
0.794215 1.12702
0.806546 1.03038
0.819227 1.06517
0.832242 1.07401
0.845576 1.52217
0.859213 1.15658
0.873139 1.08499
0.887342 1.31516
0.65732 0.845008
0.657653 0.831985
0.658653 1.06105
0.660316 0.942877
0.662637 0.903537
0.665609 1.0966
0.669224 1.07498
0.673471 0.729222
0.678338 1.00764
0.683813 1.04296
0.68988 1.2961
0.696524 1.28485
0.703729 1.20112
0.711478 1.36339
0.719753 0.957675
0.728536 0.985089
0.73781 0.940775
0.747555 1.03634
0.757754 1.09696
0.768389 0.890051
0.779441 0.748368
0.790894 0.814805
0.80273 1.07252
0.814932 1.36011
0.827485 1.07916
0.840372 1.04645
0.853578 1.06382
0.86709 1.14751
0.880892 0.990102
0.894971 0.910954
0.66824 1.22955
0.668568 1.53785
0.669552 0.894627
0.671187 0.963619
0.673471 0.771809
0.676396 1.02982
0.679953 0.979548
0.684133 1.24619
0.688925 0.643225
0.694316 1.01724
0.700293 1.06294
0.706839 0.927245
0.71394 1.04311
0.721579 0.779322
0.72974 1.13479
0.738404 1.07048
0.747555 0.934212
0.757175 1.08153
0.767246 1.25102
0.777751 1.05609
0.788673 1.01137
0.799993 1.14202
0.811696 0.853146
0.823766 0.880651
0.836186 1.1788
0.848941 0.638861
0.862016 0.880668
0.875397 0.799935
0.88907 0.872449
0.903022 0.923691
0.67963 0.559904
0.679953 0.722541
0.68092 1.06124
0.682529 0.878348
0.684774 1.26492
0.687651 1.0067
0.69115 0.897699
0.695263 1.1331
0.699979 0.68829
0.705286 0.925388
0.71117 0.977019
0.717617 1.01351
0.724612 0.934537
0.73214 1.11392
0.740184 1.01739
0.748728 1.06837
0.757754 0.690805
0.767246 1.47333
0.777187 0.960469
0.787559 1.07016
0.798346 0.990166
0.809532 1.21622
0.821099 1.1311
0.833032 0.854253
0.845316 1.02258
0.857935 1.37406
0.870876 1.75307
0.884123 0.998899
0.897663 0.706525
0.911483 1.01388
0.691468 1.18176
0.691785 0.844686
0.692735 1.18124
0.694316 1.53982
0.696524 0.802495
0.699352 0.864006
0.702794 1.07464
0.706839 0.909224
0.711478 0.90275
0.716699 1.09134
0.72249 1.36902
0.728837 0.889502
0.735726 1.02034
0.743141 0.967571
0.751068 0.996335
0.759489 1.24129
0.768389 1.09807
0.777751 1.16374
0.787559 0.95888
0.797797 1.35221
0.808447 0.942265
0.819495 0.662582
0.830923 1.10105
0.842718 0.89635
0.854862 0.80989
0.867343 0.981023
0.880144 0.961346
0.893254 1.47352
0.906658 1.06132
0.920343 0.929231
0.703729 1.09092
0.704041 0.992514
0.704975 0.993319
0.706529 0.828209
0.708698 0.749419
0.711478 0.888393
0.714861 1.06932
0.718838 0.785336
0.723401 0.966216
0.728536 0.849743
0.734234 1.03285
0.74048 1.03956
0.747262 1.10555
0.754564 0.895841
0.762371 1.23772
0.770669 0.9817
0.779441 0.889517
0.788673 0.878238
0.798346 0.939868
0.808447 1.16471
0.818959 1.39419
0.829867 1.25463
0.841155 0.946249
0.852807 0.93095
0.86481 1.12686
0.877149 0.961044
0.88981 1.24481
0.902779 1.07947
0.916044 0.97205
0.929591 1.09875
0.716393 0.959021
0.716699 0.89601
0.717617 0.951769
0.719143 0.859506
0.721275 1.02293
0.724007 1.06418
0.727331 0.591136
0.731241 1.16948
0.735726 0.929601
0.740777 1.28225
0.746381 0.934343
0.752526 0.803034
0.7592 1.0201
0.766388 0.806834
0.774077 0.819707
0.78225 0.891189
0.790894 1.0136
0.799993 1.16825
0.809532 0.993849
0.819495 1.04422
0.829867 0.823653
0.840633 0.955713
0.851778 1.05128
0.863287 1.12884
0.875146 0.795886
0.887342 1.15927
0.899859 0.846306
0.912685 0.994578
0.925808 0.832008
0.939214 1.24402
0.729439 0.872329
0.72974 0.979118
0.730641 1.15136
0.73214 1.17396
0.734234 1.05819
0.736918 1.01492
0.740184 0.971708
0.744026 1.48108
0.748435 1.01367
0.7534 1.40861
0.758911 1.21607
0.764956 0.84914
0.771522 0.969397
0.778597 0.723986
0.786166 0.720514
0.794215 1.25918
0.80273 1.15704
0.811696 0.827034
0.821099 0.887234
0.830923 1.18431
0.841155 1.19919
0.851778 1.12619
0.862779 1.23178
0.874143 0.956247
0.885857 0.836286
0.897907 1.12775
0.910279 1.03235
0.922961 0.982129
0.935939 1.01559
0.949202 0.886717
0.742846 0.902796
0.743141 0.850715
0.744026 0.860022
0.745499 0.997218
0.747555 1.00408
0.750191 1.08935
0.7534 1.15271
0.757175 0.834791
0.761508 1.06865
0.766388 0.6664
0.771807 1.1792
0.777751 1.29268
0.78421 1.2496
0.791171 0.779295
0.798621 1.22303
0.806546 1.33419
0.814932 1.27688
0.823766 1.05346
0.833032 1.05045
0.842718 0.933331
0.852807 1.22335
0.863287 0.964757
0.874143 1.03339
0.885362 0.943353
0.896929 1.09885
0.908832 0.90219
0.921058 0.967255
0.933593 1.46552
0.946426 1.65054
0.959544 1.04398
0.756596 0.864227
0.756886 0.787714
0.757754 1.06066
0.7592 1.26819
0.76122 0.863879
0.763808 1.05728
0.766961 1.07131
0.770669 0.851996
0.774926 1.17105
0.779723 1.05991
0.785049 0.93361
0.790894 1.04948
0.797247 1.57825
0.804095 0.863012
0.811426 1.33512
0.819227 1.14038
0.827485 0.736116
0.836186 0.968373
0.845316 1.22686
0.854862 1.2206
0.86481 0.950863
0.875146 1.11946
0.885857 1.23157
0.896929 1.10637
0.90835 1.0532
0.920105 0.959793
0.932182 1.20804
0.94457 1.37108
0.957255 1.20342
0.970227 0.957461
0.770669 0.970391
0.770954 1.17394
0.771807 1.28207
0.773226 1.15383
0.775209 1.26595
0.777751 1.11142
0.780847 0.816271
0.78449 1.26998
0.788673 0.802262
0.793386 0.806278
0.798621 1.08025
0.804368 1.1334
0.810615 1.30064
0.817351 1.20247
0.824564 1.03971
0.832242 0.884948
0.840372 1.42032
0.848941 1.04851
0.857935 1.31844
0.867343 0.794553
0.877149 0.911373
0.887342 1.02332
0.897907 0.9024
0.908832 1.31225
0.920105 0.76859
0.931712 1.04
0.943641 1.14884
0.95588 1.19215
0.968417 0.801424
0.981241 0.791579
0.785049 0.837572
0.785328 0.923185
0.786166 0.929834
0.787559 1.1591
0.789506 1.04398
0.792003 1.19102
0.795043 1.03837
0.798621 1.20171
0.80273 1.32134
0.807361 0.808889
0.812507 1.37573
0.818156 0.905066
0.824298 1.06322
0.830923 1.15796
0.83802 0.882657
0.845576 0.727827
0.853578 1.24444
0.862016 0.852657
0.870876 1.03386
0.880144 0.872332
0.88981 0.961801
0.899859 1.18167
0.910279 1.10982
0.921058 0.968107
0.932182 1.18002
0.943641 1.02866
0.955421 1.20179
0.967511 1.16526
0.979899 0.980492
0.992575 1.20269
0.799719 0.976939
0.799993 1.37534
0.800815 1.2447
0.802183 1.19243
0.804095 0.767974
0.806546 1.06078
0.809532 1.34141
0.813046 1.09984
0.817083 1.01392
0.821633 1.22877
0.826689 1.47553
0.832242 1.18894
0.838281 1.11435
0.844797 1.18706
0.851778 1.08162
0.859213 1.29642
0.86709 0.790603
0.875397 1.41196
0.884123 0.964854
0.893254 1.76238
0.902779 1.29467
0.912685 1.04593
0.922961 0.929937
0.933593 1.2529
0.94457 0.776491
0.95588 1.25884
0.967511 1.21866
0.979452 0.738631
0.991691 1.02836
1.00422 0.854773
0.814663 1.02858
0.814932 1.30052
0.815739 1.5124
0.817083 1.22695
0.818959 1.12012
0.821366 1.55512
0.824298 0.985409
0.82775 1.34804
0.831715 1.14815
0.836186 1.05367
0.841155 0.837534
0.846612 1.17196
0.85255 1.10568
0.858957 1.29209
0.865824 0.956434
0.873139 1.30745
0.880892 0.995564
0.88907 1.04673
0.897663 0.932648
0.906658 1.06783
0.916044 0.983876
0.925808 1.31843
0.935939 1.00834
0.946426 1.38056
0.957255 1.34048
0.968417 1.35471
0.979899 0.920457
0.991691 1.09049
1.00378 0.933342
1.01616 1.25611
0.829867 0.794892
0.830131 1.01182
0.830923 1.34911
0.832242 0.963453
0.834085 0.88659
0.836448 1.1821
0.839327 1.45571
0.842718 1.07549
0.846612 1.46592
0.851005 0.76461
0.855888 0.99291
0.861252 1.17015
0.86709 0.865654
0.87339 1.02117
0.880144 1.03214
0.887342 1.00195
0.894971 0.919217
0.903022 1.08435
0.911483 0.925027
0.920343 1.16285
0.929591 0.757517
0.939214 0.984937
0.949202 0.997727
0.959544 1.08289
0.970227 1.12766
0.981241 1.04332
0.992575 1.12441
1.00422 0.897128
1.01616 0.972746
1.02839 1.09811
0.586431 0.783837
0.586805 0.695612
0.587925 0.797595
0.589787 0.670493
0.592384 0.764876
0.595707 0.764835
0.599743 0.690369
0.604479 0.931886
0.609897 0.618708
0.61598 0.824432
0.622708 0.767545
0.630061 0.722436
0.638018 0.949281
0.646554 0.62855
0.655649 0.769218
0.66528 1.04561
0.675422 1.15716
0.686054 1.01994
0.697154 1.1771
0.708698 0.775943
0.720667 0.997043
0.733038 1.23749
0.745793 0.992591
0.758911 0.919003
0.772375 0.843892
0.786166 1.00411
0.800267 0.855138
0.814663 0.905311
0.829338 1.1684
0.844278 1.38022
0.586805 1.01204
0.587178 1.00424
0.588298 0.61941
0.590159 0.719615
0.592755 0.734814
0.596075 0.694642
0.600109 1.02085
0.604842 0.76251
0.610257 0.646177
0.616336 0.706704
0.623061 0.893823
0.630409 0.714108
0.638361 1.1449
0.646894 0.88012
0.655984 0.975659
0.665609 0.755016
0.675747 1.01766
0.686374 0.946968
0.697468 1.12682
0.709008 1.31048
0.720971 0.929574
0.733337 0.738113
0.746087 0.652959
0.7592 0.917226
0.772659 1.04546
0.786445 1.02516
0.800541 0.848591
0.814932 0.994635
0.829603 1.27157
0.844537 0.921068
0.587925 0.72914
0.588298 0.835897
0.589415 0.958731
0.591273 0.85113
0.593864 1.03168
0.597178 1.05812
0.601204 0.866567
0.605928 0.752748
0.611334 0.715645
0.617403 0.914472
0.624116 0.980601
0.631452 0.775246
0.639391 0.872012
0.64791 0.754115
0.656986 0.859282
0.666597 0.839973
0.67672 1.46005
0.687332 1.02961
0.698411 1.23538
0.709935 0.97148
0.721883 1.25993
0.734234 1.05481
0.746968 1.02793
0.760066 1.25734
0.77351 1.45017
0.787281 1.24965
0.801363 1.05569
0.815739 1.37176
0.830395 1.14341
0.845316 1.21253
0.589787 1.04995
0.590159 1.02959
0.591273 1.02684
0.593124 0.972385
0.595707 0.892533
0.599012 0.789851
0.603026 0.736251
0.607736 0.713941
0.613125 0.73733
0.619176 0.914577
0.62587 0.960939
0.633187 0.859564
0.641104 0.981661
0.6496 0.948291
0.658653 0.818601
0.66824 0.65942
0.678338 0.781902
0.688925 1.19482
0.699979 0.815096
0.711478 0.857551
0.723401 1.03286
0.735726 1.23891
0.748435 0.858189
0.761508 0.858497
0.774926 0.87615
0.788673 1.17829
0.80273 0.815408
0.817083 0.916951
0.831715 1.30613
0.846612 0.907884
0.592384 1.03862
0.592755 0.811394
0.593864 0.785973
0.595707 0.880183
0.598279 0.957498
0.601569 0.66824
0.605566 0.627875
0.610257 0.861657
0.615624 0.630701
0.621651 1.04235
0.628319 0.692146
0.635607 1.107
0.643494 0.712832
0.651959 0.810397
0.66098 1.3157
0.670534 0.818818
0.680598 0.694265
0.69115 1.06989
0.702169 1.01904
0.713633 0.866745
0.72552 0.893621
0.73781 0.986846
0.750483 1.31981
0.763521 1.05923
0.776905 0.812944
0.790617 0.98072
0.80464 1.07526
0.818959 0.8932
0.833559 1.25808
0.848424 1.20908
0.595707 0.68355
0.596075 0.807799
0.597178 0.931199
0.599012 0.905685
0.601569 0.800121
0.604842 0.786806
0.608817 0.985273
0.613483 0.905162
0.618822 0.97257
0.624818 0.660909
0.631452 0.815294
0.638705 0.956409
0.646554 0.991072
0.65498 1.24896
0.66396 1.45391
0.673471 0.99671
0.683492 0.890432
0.694001 1.10407
0.704975 1.2069
0.716393 0.960437
0.728235 0.99595
0.74048 1.22445
0.753109 0.805776
0.766102 0.924792
0.779441 0.933172
0.79311 0.759262
0.80709 1.13514
0.821366 1.24919
0.835923 1.0131
0.850747 1.18487
0.599743 0.896565
0.600109 0.95996
0.601204 0.826024
0.603026 0.753431
0.605566 0.595188
0.608817 0.887724
0.612767 1.13695
0.617403 0.849184
0.622708 0.994753
0.628667 0.794293
0.635261 0.94152
0.642471 0.82844
0.650275 0.777968
0.658653 0.724892
0.667583 0.991245
0.677044 0.801523
0.687013 0.874679
0.697468 0.959473
0.708389 1.05501
0.719753 1.27474
0.731541 1.02147
0.743731 1.13794
0.756306 1.30755
0.769245 1.07872
0.782531 1.22847
0.796146 0.900762
0.810073 1.1631
0.824298 1.09674
0.838805 0.627928
0.853578 1.1856
0.604479 0.61788
0.604842 0.939016
0.605928 0.64575
0.607736 1.00254
0.610257 0.655482
0.613483 0.868028
0.617403 0.880831
0.622004 0.701361
0.62727 0.683398
0.633187 0.753563
0.639734 0.712449
0.646894 1.081
0.654645 0.772234
0.662968 1.1317
0.671841 0.873248
0.681242 1.05085
0.69115 0.943414
0.701544 0.848037
0.712402 0.936018
0.723704 1.09348
0.735428 1.04952
0.747555 1.14006
0.760066 0.799945
0.772942 0.988964
0.786166 1.11091
0.799719 0.870993
0.813586 1.04508
0.82775 0.944612
0.842197 0.9235
0.856912 0.927133
0.609897 0.744047
0.610257 1.00377
0.611334 0.83589
0.613125 0.824526
0.615624 1.24325
0.618822 0.775267
0.622708 0.747277
0.62727 0.875828
0.632493 0.928953
0.638361 0.860783
0.644856 0.924987
0.651959 0.925624
0.659651 0.840765
0.667912 1.13457
0.67672 0.995024
0.686054 1.17392
0.695894 0.969003
0.706218 0.80559
0.717005 1.00484
0.728235 0.791905
0.739888 1.2194
0.751943 0.826263
0.764382 0.894501
0.777187 0.874743
0.790339 1.58093
0.803822 0.81847
0.817619 1.15982
0.831715 1.56329
0.846094 1.1148
0.860743 0.936744
0.61598 0.871385
0.616336 0.672237
0.617403 0.717568
0.619176 1.01455
0.621651 0.974192
0.624818 0.635622
0.628667 0.905347
0.633187 0.747075
0.638361 1.06248
0.644175 0.792452
0.650612 0.759757
0.657653 0.951177
0.66528 0.723736
0.673471 1.13395
0.682207 1.021
0.691468 1.13198
0.701232 1.35424
0.711478 1.59716
0.722187 0.957169
0.733337 0.941245
0.74491 0.631431
0.756886 1.07001
0.769245 1.03018
0.78197 1.11088
0.795043 1.43263
0.808447 1.11174
0.822167 1.12562
0.836186 0.938468
0.850489 1.00708
0.865064 1.12176
0.622708 1.07711
0.623061 1.13942
0.624116 1.11032
0.62587 0.560911
0.628319 0.753631
0.631452 0.913126
0.635261 1.02393
0.639734 0.703372
0.644856 0.706681
0.650612 0.784614
0.656986 0.839399
0.66396 1.05125
0.671514 1.22031
0.67963 1.07751
0.688288 1.02538
0.697468 0.95993
0.707149 1.06312
0.717311 1.00414
0.727934 0.910882
0.738998 0.983774
0.750483 1.04541
0.762371 1.32116
0.774643 0.823441
0.787281 0.836377
0.800267 0.882834
0.813586 1.09325
0.82722 1.05824
0.841155 1.00513
0.855375 1.13256
0.869868 0.999215
0.630061 0.986399
0.630409 1.02776
0.631452 0.990136
0.633187 0.734054
0.635607 0.986889
0.638705 0.808521
0.642471 0.790573
0.646894 1.07286
0.651959 1.25849
0.657653 1.04217
0.66396 1.2568
0.670861 1.13794
0.678338 0.905083
0.686374 0.978502
0.694948 1.22308
0.704041 0.994947
0.713633 1.14039
0.723704 0.990557
0.734234 0.82332
0.745204 1.06232
0.756596 1.15556
0.768389 1.1192
0.780566 1.35044
0.79311 1.15978
0.806002 1.33782
0.819227 0.831186
0.832769 0.933619
0.846612 1.6774
0.860743 1.26766
0.875146 1.02759
0.638018 1.09264
0.638361 1.0464
0.639391 1.03735
0.641104 0.81325
0.643494 1.0153
0.646554 0.742512
0.650275 0.88556
0.654645 0.926505
0.659651 0.936472
0.66528 0.877979
0.671514 0.993499
0.678338 1.40424
0.685735 0.995468
0.693684 0.988596
0.702169 1.21993
0.71117 1.04672
0.720667 1.17329
0.730641 1.35072
0.741073 1.58826
0.751943 1.00797
0.763234 1.07129
0.774926 0.925661
0.787002 0.881023
0.799445 1.24786
0.812237 1.17959
0.825362 0.803365
0.838805 1.13805
0.85255 1.0735
0.866584 1.06267
0.880892 0.94909
0.646554 0.757729
0.646894 0.950818
0.64791 0.691606
0.6496 1.00046
0.651959 0.744103
0.65498 1.15678
0.658653 1.01111
0.662968 0.785702
0.667912 1.06907
0.673471 0.994044
0.67963 0.889953
0.686374 1.33527
0.693684 0.804726
0.701544 1.14274
0.709935 0.976414
0.718838 1.00412
0.728235 0.934547
0.738107 1.27421
0.748435 0.996034
0.7592 1.15987
0.770384 1.2367
0.78197 1.13868
0.793939 1.22932
0.806274 1.19189
0.818959 0.860918
0.831979 0.931596
0.845316 1.46633
0.858957 1.28004
0.872888 0.858023
0.887094 0.980293
0.655649 0.785778
0.655984 0.706625
0.656986 1.0057
0.658653 0.821521
0.66098 0.753152
0.66396 0.908111
0.667583 1.23668
0.671841 0.873345
0.67672 1.02302
0.682207 1.06211
0.688288 0.798616
0.694948 1.14393
0.702169 1.22125
0.709935 0.839028
0.718228 1.07433
0.72703 0.975714
0.736322 1.3075
0.746087 0.997003
0.756306 0.884897
0.766961 0.708697
0.778033 1.13876
0.789506 1.59412
0.801363 1.6029
0.813586 0.907003
0.826159 1.25649
0.839066 1.00762
0.852293 1.36726
0.865824 1.13808
0.879646 1.11063
0.893745 1.29564
0.66528 1.05698
0.665609 0.735593
0.666597 1.43207
0.66824 0.797376
0.670534 0.912764
0.673471 1.12441
0.677044 1.09039
0.681242 1.22086
0.686054 1.15589
0.691468 1.0596
0.697468 0.837039
0.704041 0.892923
0.71117 0.559216
0.718838 0.845183
0.72703 1.01329
0.735726 1.15803
0.74491 1.04531
0.754564 1.19923
0.764669 0.781987
0.775209 1.29095
0.786166 1.52208
0.797522 0.844681
0.809261 0.92757
0.821366 1.28618
0.833822 0.987933
0.846612 1.15673
0.859723 0.937956
0.873139 1.35701
0.886847 0.962894
0.900833 0.796085
0.675422 0.967155
0.675747 1.29212
0.67672 0.912933
0.678338 0.664821
0.680598 0.872769
0.683492 0.995872
0.687013 0.800709
0.69115 0.891186
0.695894 0.8168
0.701232 0.850566
0.707149 0.959987
0.713633 0.78741
0.720667 0.88714
0.728235 1.14381
0.736322 0.940039
0.74491 0.990862
0.753982 1.15662
0.763521 1.06386
0.77351 1.13807
0.783931 0.984353
0.794767 0.965378
0.806002 0.955698
0.817619 0.793099
0.829603 1.13312
0.841936 0.850978
0.854606 0.849367
0.867595 1.34844
0.880892 1.20181
0.894481 1.04921
0.90835 1.45824
0.686054 0.825684
0.686374 1.2408
0.687332 0.975244
0.688925 0.828404
0.69115 0.925088
0.694001 1.09029
0.697468 0.79145
0.701544 1.04986
0.706218 1.02762
0.711478 1.20612
0.717311 0.64812
0.723704 1.03417
0.730641 1.17917
0.738107 0.984249
0.746087 1.10659
0.754564 0.936032
0.763521 0.932024
0.772942 0.833046
0.782811 0.997554
0.79311 0.927624
0.803822 1.02666
0.814932 1.03781
0.826424 0.973189
0.838281 0.965456
0.850489 1.10681
0.863033 0.865546
0.875898 1.03966
0.88907 0.796423
0.902536 0.723823
0.916283 0.710882
0.697154 1.1541
0.697468 1.06966
0.698411 0.768493
0.699979 0.657537
0.702169 0.965516
0.704975 1.16595
0.708389 0.936984
0.712402 1.39759
0.717005 1.07584
0.722187 1.00298
0.727934 1.18731
0.734234 1.11481
0.741073 1.35701
0.748435 1.29374
0.756306 0.912824
0.764669 0.983191
0.77351 1.0561
0.782811 1.14427
0.792556 1.18517
0.80273 0.866907
0.813316 1.00315
0.824298 0.862283
0.835661 1.18225
0.847389 0.825558
0.859468 1.13055
0.871882 1.09683
0.884619 0.901316
0.897663 1.12477
0.911002 1.00999
0.924623 1.06254
0.708698 1.15736
0.709008 0.955685
0.709935 0.831205
0.711478 1.154
0.713633 1.38439
0.716393 1.19911
0.719753 0.870776
0.723704 0.867389
0.728235 0.652902
0.733337 0.916557
0.738998 1.01231
0.745204 0.882011
0.751943 1.17414
0.7592 1.001
0.766961 0.954742
0.775209 0.787306
0.783931 1.457
0.79311 1.14215
0.80273 1.24107
0.812776 0.797754
0.823233 1.02203
0.834085 1.09092
0.845316 0.982312
0.856912 1.1722
0.868858 0.913415
0.881141 0.806677
0.893745 1.39776
0.906658 1.13218
0.919866 0.826404
0.933358 1.28529
0.720667 0.851832
0.720971 1.0003
0.721883 1.03063
0.723401 1.2329
0.72552 0.861605
0.728235 1.26124
0.731541 1.25078
0.735428 1.08773
0.739888 1.04348
0.74491 0.753534
0.750483 1.20826
0.756596 1.01501
0.763234 1.01773
0.770384 1.06224
0.778033 0.950058
0.786166 0.929198
0.794767 0.978432
0.803822 1.08728
0.813316 1.10202
0.823233 1.36576
0.833559 1.23821
0.844278 1.04774
0.855375 1.07392
0.866837 1.20587
0.878648 0.968714
0.890795 0.972487
0.903265 0.821163
0.916044 1.36141
0.929119 1.35488
0.942478 1.27945
0.733038 0.776603
0.733337 1.32307
0.734234 0.837213
0.735726 1.07314
0.73781 0.935681
0.74048 1.16924
0.743731 1.49514
0.747555 0.893875
0.751943 1.0335
0.756886 1.60531
0.762371 1.08505
0.768389 1.36849
0.774926 1.06427
0.78197 0.929569
0.789506 1.17621
0.797522 1.02121
0.806002 1.18434
0.814932 1.04867
0.824298 1.49534
0.834085 1.26676
0.844278 1.42997
0.854862 0.847241
0.865824 1.25828
0.877149 1.09115
0.888823 1.06117
0.900833 1.38996
0.913166 1.16399
0.925808 0.772683
0.938747 0.852974
0.951971 1.14661
0.745793 1.02164
0.746087 1.1934
0.746968 1.02893
0.748435 1.01398
0.750483 0.991544
0.753109 1.13269
0.756306 1.0942
0.760066 1.24192
0.764382 1.25316
0.769245 1.03376
0.774643 0.862999
0.780566 1.35662
0.787002 1.39319
0.793939 0.770172
0.801363 0.969959
0.809261 1.39686
0.817619 1.1038
0.826424 1.1958
0.835661 0.967339
0.845316 1.12804
0.855375 1.17641
0.865824 0.779826
0.876649 0.910302
0.887836 0.806471
0.899371 1.12824
0.911242 0.866213
0.923436 0.756647
0.935939 0.970668
0.94874 1.11242
0.961827 1.05985
0.758911 0.987363
0.7592 1.45752
0.760066 1.21995
0.761508 1.00059
0.763521 1.00337
0.766102 0.76536
0.769245 1.25175
0.772942 1.22132
0.777187 0.823187
0.78197 1.00339
0.787281 0.856375
0.79311 0.851704
0.799445 1.26945
0.806274 1.01868
0.813586 1.30825
0.821366 0.934905
0.829603 0.871162
0.838281 0.978003
0.847389 1.24402
0.856912 0.943635
0.866837 1.21295
0.877149 1.48798
0.887836 1.05443
0.898884 1.34551
0.910279 1.22421
0.92201 1.14983
0.934063 1.12048
0.946426 1.28201
0.959087 1.04857
0.972034 1.2643
0.772375 0.602667
0.772659 1.08109
0.77351 0.992664
0.774926 0.878267
0.776905 0.725922
0.779441 0.749415
0.782531 1.2342
0.786166 1.47801
0.790339 1.00799
0.795043 1.22808
0.800267 0.908655
0.806002 0.877696
0.812237 0.816472
0.818959 1.0667
0.826159 0.910831
0.833822 0.953308
0.841936 0.896658
0.850489 0.773459
0.859468 1.1471
0.868858 1.12045
0.878648 0.930763
0.888823 1.04535
0.899371 1.10322
0.910279 0.739371
0.921534 0.917745
0.933123 1.26622
0.945034 0.981756
0.957255 0.727156
0.969775 1.11155
0.982582 1.23807
0.786166 1.03316
0.786445 1.74348
0.787281 1.53439
0.788673 0.988337
0.790617 0.946326
0.79311 1.2639
0.796146 1.07206
0.799719 1.33262
0.803822 1.09894
0.808447 1.2679
0.813586 1.13948
0.819227 0.68701
0.825362 1.08566
0.831979 0.903581
0.839066 0.85091
0.846612 0.964277
0.854606 1.16629
0.863033 0.982059
0.871882 0.920574
0.881141 1.02641
0.890795 1.24187
0.900833 1.01302
0.911242 1.03687
0.92201 1.27305
0.933123 1.08197
0.94457 1.05809
0.956339 1.45595
0.968417 0.924359
0.980794 0.927528
0.993459 1.13602
0.800267 0.836994
0.800541 0.901759
0.801363 1.25729
0.80273 0.836904
0.80464 0.895538
0.80709 0.979402
0.810073 1.29817
0.813586 1.14834
0.817619 0.905622
0.822167 1.31877
0.82722 0.822817
0.832769 1.31923
0.838805 1.22653
0.845316 0.790969
0.852293 1.22018
0.859723 1.25725
0.867595 1.09971
0.875898 0.88522
0.884619 1.08896
0.893745 1.26322
0.903265 1.28492
0.913166 0.944163
0.923436 1.29333
0.934063 1.22413
0.945034 1.17849
0.956339 0.884714
0.967964 1.05437
0.979899 1.02934
0.992133 0.832393
1.00465 1.52458
0.814663 1.0322
0.814932 0.838745
0.815739 1.12158
0.817083 0.924069
0.818959 0.917705
0.821366 0.925527
0.824298 1.04402
0.82775 0.978448
0.831715 0.665859
0.836186 0.754467
0.841155 1.21548
0.846612 0.966666
0.85255 1.06256
0.858957 1.0885
0.865824 1.0913
0.873139 0.922906
0.880892 0.783449
0.88907 0.79123
0.897663 0.948462
0.906658 1.07418
0.916044 1.40169
0.925808 0.996348
0.935939 1.0094
0.946426 0.91856
0.957255 1.06389
0.968417 0.884672
0.979899 1.34237
0.991691 1.0379
1.00378 0.760179
1.01616 0.891191
0.829338 1.32153
0.829603 0.975521
0.830395 0.909063
0.831715 1.01722
0.833559 0.810441
0.835923 1.17208
0.838805 1.03235
0.842197 0.878967
0.846094 1.03046
0.850489 0.598866
0.855375 1.31814
0.860743 1.57601
0.866584 1.24964
0.872888 1.02555
0.879646 1.25766
0.886847 1.59262
0.894481 0.913613
0.902536 1.32062
0.911002 1.12825
0.919866 0.988964
0.929119 0.887426
0.938747 1.11338
0.94874 1.22044
0.959087 0.824947
0.969775 1.31538
0.980794 1.10597
0.992133 1.44365
1.00378 0.729516
1.01573 0.83855
1.02796 1.01678
0.844278 0.780806
0.844537 1.2428
0.845316 1.11607
0.846612 0.832604
0.848424 1.33154
0.850747 0.694512
0.853578 0.852477
0.856912 1.07703
0.860743 1.23463
0.865064 0.926488
0.869868 0.808169
0.875146 1.06056
0.880892 1.08654
0.887094 1.11178
0.893745 1.00573
0.900833 1.44697
0.90835 1.08402
0.916283 1.23025
0.924623 1.2621
0.933358 1.25531
0.942478 1.03211
0.951971 0.724534
0.961827 1.45116
0.972034 1.17958
0.982582 0.762154
0.993459 1.10812
1.00465 0.831608
1.01616 1.31477
1.02796 1.03072
1.04005 1.03792
0.607375 0.713871
0.607736 0.968559
0.608817 1.18805
0.610616 0.964652
0.613125 0.697528
0.616336 0.740916
0.620238 0.669481
0.624818 0.721017
0.630061 0.752465
0.635952 1.09693
0.642471 0.844864
0.6496 1.25423
0.65732 0.827693
0.665609 1.12079
0.674447 0.565721
0.683813 0.839654
0.693684 1.49281
0.704041 1.07715
0.714861 0.723852
0.726124 1.17849
0.73781 0.938737
0.749899 0.846003
0.762371 0.995116
0.775209 0.633374
0.788394 0.803215
0.80191 0.895757
0.815739 0.748885
0.829867 0.810888
0.844278 1.13562
0.858957 1.02731
0.607736 1.07547
0.608096 0.752074
0.609177 0.897792
0.610975 0.552141
0.613483 0.996295
0.616692 0.923401
0.620592 0.913491
0.625169 0.841764
0.630409 1.02414
0.636296 1.01816
0.642812 1.12155
0.649938 0.773274
0.657653 0.826377
0.665939 0.723729
0.674772 1.079
0.684133 1.40395
0.694001 0.984371
0.704352 1.11907
0.715168 0.942649
0.726426 1.27473
0.738107 0.921024
0.750191 0.872341
0.762659 1.52997
0.775492 1.03256
0.788673 1.55134
0.802183 0.710266
0.816008 1.03834
0.830131 0.978697
0.844537 1.26275
0.859213 0.870387
0.608817 0.955964
0.609177 0.839923
0.610257 0.718789
0.612051 0.993767
0.614554 0.742586
0.617758 0.800306
0.621651 0.737947
0.626221 0.955305
0.631452 1.07619
0.63733 0.766935
0.643835 1.1774
0.650949 0.77726
0.658653 0.997553
0.666926 1.05596
0.675747 0.870727
0.685095 1.25621
0.694948 0.932809
0.705286 1.10818
0.716087 1.06791
0.727331 1.26833
0.738998 1.35115
0.751068 1.14345
0.763521 1.68519
0.77634 1.23248
0.789506 1.01493
0.803003 0.990326
0.816814 0.998682
0.830923 1.2113
0.845316 0.893447
0.859978 1.18589
0.610616 0.642424
0.610975 0.749351
0.612051 1.0602
0.61384 1.04338
0.616336 1.01554
0.61953 0.929272
0.623412 0.76243
0.627969 0.878277
0.633187 0.811409
0.639048 0.782467
0.645536 1.1324
0.652632 1.0336
0.660316 0.809969
0.668568 0.871521
0.677368 1.40705
0.686693 1.22173
0.696524 0.928965
0.706839 1.34315
0.717617 0.903871
0.728837 1.07086
0.74048 1.19785
0.752526 0.929825
0.764956 0.839787
0.777751 0.949758
0.790894 1.44016
0.804368 0.779227
0.818156 0.911547
0.832242 1.21057
0.846612 1.33463
0.861252 0.960497
0.613125 0.68589
0.613483 0.80717
0.614554 0.908137
0.616336 0.868462
0.618822 1.35292
0.622004 0.882887
0.62587 0.740551
0.630409 0.936555
0.635607 0.868753
0.641446 0.849307
0.64791 0.878212
0.65498 1.06945
0.662637 0.9338
0.670861 0.85181
0.67963 1.18122
0.688925 1.23611
0.698725 1.11809
0.709008 1.00914
0.719753 0.826061
0.730941 0.696832
0.742551 1.26544
0.754564 1.13222
0.766961 1.1581
0.779723 0.924408
0.792833 1.21921
0.806274 1.44385
0.82003 0.869005
0.834085 0.785991
0.848424 0.967552
0.863033 1.33133
0.616336 0.474253
0.616692 1.03725
0.617758 0.998161
0.61953 0.67653
0.622004 0.941998
0.625169 1.11006
0.629016 0.727861
0.633533 0.984738
0.638705 0.832237
0.644516 0.930286
0.650949 1.21656
0.657987 0.999974
0.665609 0.885327
0.673797 1.02849
0.682529 1.00572
0.691785 1.09016
0.701544 1.1245
0.711786 1.34936
0.72249 0.818988
0.733636 1.04379
0.745204 1.32372
0.757175 1.00725
0.76953 0.834633
0.78225 1.02129
0.795319 0.950147
0.808719 1.21999
0.822434 0.757296
0.836448 1.0536
0.850747 1.13792
0.865317 1.07624
0.620238 0.991505
0.620592 0.880073
0.621651 1.05058
0.623412 0.651293
0.62587 0.959683
0.629016 0.84754
0.63284 0.792709
0.63733 0.810835
0.642471 0.64208
0.648248 0.710998
0.654645 0.936818
0.661643 1.18468
0.669224 1.21555
0.677368 1.18298
0.686054 1.23102
0.695263 1.06207
0.704975 1.06477
0.715168 1.1545
0.725822 0.736404
0.736918 1.14098
0.748435 0.888749
0.760355 0.714603
0.772659 0.871448
0.785328 1.07626
0.798346 0.869578
0.811696 1.18482
0.825362 1.07851
0.839327 1.01333
0.853578 1.13756
0.868101 1.57831
0.624818 0.899839
0.625169 0.85647
0.626221 0.773207
0.627969 0.634532
0.630409 0.777445
0.633533 0.687757
0.63733 0.922797
0.641788 0.755727
0.646894 0.82496
0.652632 0.886586
0.658986 1.3564
0.665939 1.25677
0.673471 1.03455
0.681564 0.864032
0.690198 1.05976
0.699352 0.942256
0.709008 1.00797
0.719143 1.06767
0.72974 1.22177
0.740777 0.975495
0.752235 1.10666
0.764095 0.73523
0.77634 0.863332
0.788951 0.934009
0.80191 0.786198
0.815201 0.989103
0.828809 0.924823
0.842718 0.978959
0.856912 0.900621
0.871379 1.01257
0.630061 0.679596
0.630409 0.886236
0.631452 0.654824
0.633187 0.86609
0.635607 0.863088
0.638705 0.862598
0.642471 1.20899
0.646894 0.539181
0.651959 0.91733
0.657653 1.05823
0.66396 0.956744
0.670861 1.02998
0.678338 0.851705
0.686374 0.980912
0.694948 0.951103
0.704041 0.951763
0.713633 1.12756
0.723704 1.23775
0.734234 1.43519
0.745204 0.94696
0.756596 0.812654
0.768389 1.24802
0.780566 1.12697
0.79311 0.824448
0.806002 0.972935
0.819227 1.15654
0.832769 1.15715
0.846612 1.76498
0.860743 1.59943
0.875146 1.23124
0.635952 0.903365
0.636296 0.840038
0.63733 1.03532
0.639048 1.12658
0.641446 0.939688
0.644516 1.12968
0.648248 0.966536
0.652632 0.781423
0.657653 1.1669
0.663299 0.705229
0.669552 0.649707
0.676396 0.916534
0.683813 1.26056
0.691785 0.525918
0.700293 1.11829
0.709317 1.03732
0.718838 0.880824
0.728837 0.661507
0.739295 0.954846
0.750191 1.001
0.761508 0.941747
0.773226 0.96931
0.785328 1.06915
0.797797 1.18014
0.810615 1.28758
0.823766 1.19931
0.837234 0.95605
0.851005 1.36992
0.865064 1.01133
0.879397 1.26591
0.642471 0.961839
0.642812 0.742025
0.643835 0.891616
0.645536 0.690428
0.64791 0.894548
0.650949 0.619817
0.654645 0.668522
0.658986 0.794744
0.66396 1.14917
0.669552 1.03515
0.675747 0.841795
0.682529 1.08039
0.68988 1.07733
0.697783 1.23831
0.706218 0.670989
0.715168 1.144
0.724612 1.08982
0.734533 0.755507
0.74491 1.12347
0.755726 1.15755
0.766961 0.940392
0.778597 1.05883
0.790617 1.06468
0.803003 1.04431
0.815739 1.13325
0.828809 1.09139
0.842197 0.935548
0.855888 0.84789
0.869868 1.19158
0.884123 1.36441
0.6496 0.785163
0.649938 1.04348
0.650949 0.79201
0.652632 0.793078
0.65498 1.0652
0.657987 0.903075
0.661643 0.798151
0.665939 1.16922
0.670861 0.954285
0.676396 0.911255
0.682529 0.834337
0.689244 1.0199
0.696524 0.802594
0.704352 1.02545
0.71271 1.0277
0.721579 0.83779
0.730941 0.941421
0.740777 1.09108
0.751068 1.07081
0.761796 1.03158
0.772942 1.0402
0.78449 1.06988
0.796421 1.31642
0.808719 1.38656
0.821366 1.17795
0.834348 1.16717
0.847648 1.44868
0.861252 1.01689
0.875146 0.971495
0.889317 1.39385
0.65732 0.867042
0.657653 0.95417
0.658653 1.21709
0.660316 1.03568
0.662637 0.837496
0.665609 0.900141
0.669224 0.90046
0.673471 1.21598
0.678338 1.19589
0.683813 1.21758
0.68988 1.27188
0.696524 0.826308
0.703729 0.93398
0.711478 1.44099
0.719753 0.812682
0.728536 1.08817
0.73781 0.688069
0.747555 1.18267
0.757754 0.921376
0.768389 1.05261
0.779441 0.753662
0.790894 1.17799
0.80273 1.35267
0.814932 1.31822
0.827485 1.10518
0.840372 0.861084
0.853578 0.856694
0.86709 0.880626
0.880892 1.17182
0.894971 1.12186
0.665609 1.09932
0.665939 0.88282
0.666926 0.993389
0.668568 0.744627
0.670861 1.15196
0.673797 0.892413
0.677368 0.693457
0.681564 1.14098
0.686374 1.07316
0.691785 1.38264
0.697783 0.967556
0.704352 0.961172
0.711478 1.09035
0.719143 1.28798
0.727331 0.729365
0.736024 0.82189
0.745204 0.750745
0.754854 1.22639
0.764956 0.797632
0.775492 1.02247
0.786445 1.60757
0.797797 1.01882
0.809532 1.19538
0.821633 0.971057
0.834085 0.893548
0.846871 1.11354
0.859978 1.21356
0.87339 1.29984
0.887094 1.39682
0.901077 1.36021
0.674447 0.601163
0.674772 0.929324
0.675747 0.9612
0.677368 1.11084
0.67963 0.78846
0.682529 1.04327
0.686054 0.641947
0.690198 0.999571
0.694948 0.914277
0.700293 0.989606
0.706218 0.869525
0.71271 1.00004
0.719753 1.36955
0.727331 0.98634
0.735428 1.19581
0.744026 1.2365
0.753109 1.13731
0.762659 1.09331
0.772659 0.745758
0.783091 1.40124
0.793939 0.842848
0.805185 0.83753
0.816814 1.10278
0.828809 1.22318
0.841155 1.41573
0.853835 0.909988
0.866837 1.36377
0.880144 0.94741
0.893745 1.16303
0.907625 1.10571
0.683813 0.808209
0.684133 0.896871
0.685095 1.04901
0.686693 0.842014
0.688925 1.0146
0.691785 1.1035
0.695263 1.03817
0.699352 0.777545
0.704041 0.885663
0.709317 0.816525
0.715168 0.819559
0.721579 0.829776
0.728536 1.24253
0.736024 1.19812
0.744026 0.875742
0.752526 1.17405
0.761508 1.30533
0.770954 0.965149
0.780847 1.65329
0.791171 1.04744
0.80191 0.791961
0.813046 0.805223
0.824564 1.46146
0.836448 1.06446
0.848682 0.826951
0.861252 0.957685
0.874143 1.2085
0.887342 1.35577
0.900833 1.26845
0.914606 0.77478
0.693684 0.827863
0.694001 0.934375
0.694948 1.07118
0.696524 0.98444
0.698725 1.08207
0.701544 0.852828
0.704975 0.994824
0.709008 0.823205
0.713633 0.90214
0.718838 0.838652
0.724612 0.952681
0.730941 0.853878
0.73781 1.1719
0.745204 1.12836
0.753109 1.20845
0.761508 0.954436
0.770384 1.38859
0.779723 1.58031
0.789506 1.07655
0.799719 0.967277
0.810344 1.25087
0.821366 1.1962
0.832769 0.995722
0.844537 0.909682
0.856656 1.86457
0.869111 1.19102
0.881887 1.52831
0.894971 0.841861
0.90835 1.33465
0.92201 0.83082
0.704041 1.42169
0.704352 0.950505
0.705286 1.22651
0.706839 1.21911
0.709008 1.22422
0.711786 0.938604
0.715168 1.15032
0.719143 1.10534
0.723704 1.39181
0.728837 1.10005
0.734533 0.879632
0.740777 1.02711
0.747555 1.30633
0.754854 1.17
0.762659 1.08832
0.770954 0.998151
0.779723 1.28029
0.788951 1.03763
0.798621 0.834618
0.808719 1.14744
0.819227 0.867412
0.830131 1.01587
0.841415 1.37373
0.853064 1.05082
0.865064 1.71289
0.877399 1.20478
0.890056 1.09137
0.903022 0.905153
0.916283 1.24428
0.929827 0.97699
0.714861 0.854323
0.715168 1.12121
0.716087 1.19117
0.717617 1.15411
0.719753 1.03741
0.72249 1.44163
0.725822 1.03368
0.72974 0.694451
0.734234 1.24861
0.739295 0.7291
0.74491 1.20461
0.751068 1.14414
0.757754 1.15846
0.764956 0.943318
0.772659 1.27537
0.780847 1.37204
0.789506 1.18854
0.798621 0.831293
0.808176 1.42554
0.818156 1.24987
0.828544 0.859888
0.839327 1.08377
0.850489 0.895047
0.862016 1.28673
0.873892 1.38762
0.886105 1.32378
0.89864 1.12651
0.911483 0.73005
0.924623 0.949749
0.938046 0.90481
0.726124 0.953051
0.726426 0.775057
0.727331 1.00782
0.728837 0.934634
0.730941 0.763329
0.733636 0.726595
0.736918 1.09036
0.740777 0.95182
0.745204 0.992908
0.750191 1.21753
0.755726 0.891298
0.761796 1.02899
0.768389 0.898056
0.775492 1.37292
0.783091 1.45739
0.791171 0.869608
0.799719 0.971815
0.808719 0.808271
0.818156 0.875451
0.828015 1.70303
0.838281 1.01808
0.848941 1.46366
0.859978 1.31999
0.871379 0.795141
0.88313 1.29902
0.895216 1.26662
0.907625 1.43596
0.920343 1.31641
0.933358 1.37561
0.946657 1.38352
0.73781 0.874425
0.738107 0.917543
0.738998 1.03989
0.74048 0.891946
0.742551 1.01799
0.745204 1.30596
0.748435 1.19983
0.752235 1.00872
0.756596 0.733586
0.761508 1.13625
0.766961 1.06948
0.772942 0.95291
0.779441 0.975345
0.786445 1.44939
0.793939 1.06547
0.80191 0.817922
0.810344 0.965696
0.819227 1.59229
0.828544 0.906625
0.838281 1.05011
0.848424 0.900965
0.858957 1.28411
0.869868 1.24882
0.881141 0.750126
0.892763 0.944979
0.904721 1.05922
0.917001 1.00758
0.929591 1.07946
0.942478 1.09786
0.95565 0.998293
0.749899 0.895668
0.750191 1.09105
0.751068 1.00069
0.752526 0.969137
0.754564 1.15471
0.757175 1.29954
0.760355 1.00011
0.764095 1.09256
0.768389 1.21819
0.773226 1.52912
0.778597 0.752148
0.78449 0.890022
0.790894 0.928686
0.797797 0.893783
0.805185 1.09194
0.813046 0.881336
0.821366 1.19135
0.830131 1.00574
0.839327 0.993017
0.848941 0.92276
0.858957 0.970863
0.869363 1.35507
0.880144 1.32076
0.891288 1.31697
0.902779 0.801701
0.914606 0.945027
0.926755 0.868671
0.939214 0.967025
0.951971 1.3829
0.965014 1.07578
0.762371 1.32264
0.762659 1.0315
0.763521 1.01016
0.764956 0.784757
0.766961 0.89733
0.76953 1.03813
0.772659 0.991361
0.77634 1.15061
0.780566 0.919062
0.785328 1.21438
0.790617 0.847239
0.796421 0.910635
0.80273 0.963979
0.809532 1.27642
0.816814 1.23857
0.824564 1.35824
0.832769 1.59867
0.841415 1.31608
0.850489 1.23453
0.859978 1.07551
0.869868 0.937069
0.880144 1.16068
0.890795 1.08718
0.901807 1.24419
0.913166 1.01163
0.92486 0.976159
0.936876 1.02842
0.949202 0.955241
0.961827 1.04518
0.974738 0.917298
0.775209 1.19316
0.775492 0.673473
0.77634 1.19332
0.777751 1.12406
0.779723 1.19527
0.78225 0.980873
0.785328 1.05261
0.788951 1.05391
0.79311 1.43734
0.797797 1.46008
0.803003 0.778845
0.808719 0.917503
0.814932 1.35346
0.821633 0.795802
0.828809 0.820482
0.836448 1.79087
0.844537 1.16846
0.853064 1.4279
0.862016 1.13844
0.871379 1.42443
0.881141 1.52446
0.891288 1.00741
0.901807 1.07052
0.912685 1.38008
0.923911 0.828078
0.93547 1.15881
0.947352 1.15707
0.959544 0.779598
0.972034 0.989289
0.984811 1.11115
0.788394 1.05346
0.788673 0.973262
0.789506 1.33766
0.790894 1.40433
0.792833 0.914155
0.795319 1.14093
0.798346 1.02651
0.80191 0.912376
0.806002 1.1294
0.810615 1.22609
0.815739 1.1582
0.821366 1.04918
0.827485 1.07252
0.834085 1.04625
0.841155 0.84359
0.848682 1.10834
0.856656 1.28814
0.865064 0.853323
0.873892 1.66736
0.88313 1.17615
0.892763 1.24921
0.902779 1.13762
0.913166 1.28539
0.923911 1.14033
0.935001 0.99407
0.946426 1.07899
0.958171 1.21938
0.970227 1.33899
0.982582 1.11331
0.995223 0.921853
0.80191 1.36285
0.802183 1.19926
0.803003 1.1507
0.804368 1.11885
0.806274 0.788512
0.808719 0.647648
0.811696 1.37705
0.815201 1.30333
0.819227 0.666705
0.823766 1.09186
0.828809 0.921178
0.834348 1.18764
0.840372 0.875096
0.846871 0.935135
0.853835 1.31439
0.861252 1.03937
0.869111 1.15867
0.877399 1.07357
0.886105 1.1419
0.895216 1.24144
0.904721 0.725309
0.914606 1.31615
0.92486 1.08758
0.93547 1.06288
0.946426 1.50524
0.957714 1.36875
0.969323 0.937956
0.981241 0.990103
0.993459 0.939
1.00596 1.30903
0.815739 1.48583
0.816008 1.0983
0.816814 1.254
0.818156 0.790619
0.82003 0.973564
0.822434 0.81552
0.825362 1.18337
0.828809 1.14093
0.832769 1.65492
0.837234 1.11584
0.842197 0.975794
0.847648 1.17065
0.853578 1.49894
0.859978 1.20847
0.866837 1.28434
0.874143 1.38732
0.881887 0.829437
0.890056 0.960877
0.89864 1.2413
0.907625 1.2274
0.917001 1.01929
0.926755 1.20229
0.936876 1.21343
0.947352 1.38707
0.958171 0.938402
0.969323 1.02612
0.980794 0.970023
0.992575 1.23362
1.00465 0.965276
1.01702 0.876048
0.829867 1.56833
0.830131 1.36842
0.830923 1.05153
0.832242 1.26386
0.834085 1.30394
0.836448 1.01575
0.839327 0.878932
0.842718 1.22268
0.846612 0.962322
0.851005 1.0887
0.855888 1.16267
0.861252 1.03466
0.86709 1.34186
0.87339 1.04111
0.880144 0.917052
0.887342 1.24468
0.894971 1.20857
0.903022 1.49989
0.911483 0.909854
0.920343 1.32085
0.929591 1.16855
0.939214 1.11239
0.949202 0.697111
0.959544 1.02931
0.970227 1.13668
0.981241 1.29881
0.992575 0.889721
1.00422 1.63283
1.01616 1.07856
1.02839 1.0864
0.844278 1.18432
0.844537 0.813047
0.845316 1.27875
0.846612 0.844001
0.848424 1.01934
0.850747 1.27482
0.853578 1.48079
0.856912 1.17341
0.860743 0.792809
0.865064 1.12706
0.869868 1.21446
0.875146 1.11622
0.880892 1.31384
0.887094 1.05307
0.893745 1.03642
0.900833 1.39435
0.90835 1.1424
0.916283 1.24509
0.924623 0.837009
0.933358 0.783685
0.942478 0.758459
0.951971 1.28152
0.961827 1.32345
0.972034 0.701491
0.982582 1.36646
0.993459 1.42859
1.00465 0.940771
1.01616 0.964665
1.02796 1.29727
1.04005 1.16225
0.858957 0.867049
0.859213 0.72801
0.859978 1.18651
0.861252 1.06794
0.863033 0.942651
0.865317 1.29337
0.868101 1.08851
0.871379 1.49265
0.875146 1.02557
0.879397 1.09455
0.884123 0.647706
0.889317 1.03556
0.894971 1.00368
0.901077 1.10798
0.907625 0.804344
0.914606 1.25311
0.92201 1.04103
0.929827 0.957635
0.938046 1.08887
0.946657 0.773515
0.95565 1.04379
0.965014 1.07087
0.974738 1.2211
0.984811 0.834391
0.995223 1.73669
1.00596 1.13504
1.01702 0.874447
1.02839 1.29157
1.04005 0.955845
1.052 0.702099
0 9720
