0.0418879 0.495573
0.0628319 3.14816
0.0837758 7.69073
0.10472 12.0902
0.125664 5.62445
0.146608 0.828392
0.167552 4.16023
0.188496 2.56539
0.20944 1.168
0.230383 0.333425
0.251327 0.802947
0.272271 0.319789
0.293215 0.277654
0.314159 0.33458
0.335103 0.283413
0.356047 0.348241
0.376991 0.761274
0.397935 0.312491
0.418879 0.597484
0.439823 0.378045
0.460767 0.373255
0.481711 0.334845
0.502655 0.474929
0.523599 0.321826
0.544543 0.674494
0.565487 0.718581
0.586431 0.804287
0.607375 0.595331
0.020944 0.09393
0.0296192 0.360761
0.0468321 1.70606
0.0662306 13.0036
0.0863541 20.584
0.106794 5.77301
0.127397 1.7658
0.148096 4.55551
0.168856 6.45188
0.189656 2.27525
0.210484 1.08327
0.231334 0.468351
0.252199 0.548612
0.273076 0.257041
0.293962 0.505244
0.314857 0.334083
0.335757 0.402122
0.356663 0.39994
0.377572 0.275998
0.398486 0.448282
0.419402 0.362911
0.440321 0.444218
0.461243 0.437647
0.482166 0.382954
0.503091 0.649026
0.524017 0.529318
0.544945 0.509588
0.565874 0.866231
0.586805 0.844644
0.607736 0.890256
0.0418879 0.831346
0.0468321 1.6497
0.0592384 1.36094
0.0755145 4.13647
0.0936642 1.12861
0.112787 1.83449
0.132461 6.32477
0.152474 0.615226
0.172708 4.00236
0.193094 2.86796
0.213587 0.729345
0.23416 0.494018
0.254794 0.512035
0.275475 0.395691
0.296192 0.318921
0.316939 0.444905
0.337711 0.484382
0.358503 0.486549
0.379311 0.467931
0.400134 0.476043
0.420968 0.355546
0.441813 0.222502
0.462667 0.578447
0.483529 0.447191
0.504397 0.322135
0.525272 0.68444
0.546151 0.538709
0.567036 0.618202
0.587925 0.989981
0.608817 0.786532
0.0628319 3.78863
0.0662306 5.19965
0.0755145 15.843
0.0888577 1.23275
0.10472 50.9839
0.122123 6.38148
0.140496 4.5391
0.159504 1.06775
0.178945 0.845294
0.198692 2.34611
0.218661 1.24615
0.238798 1.02677
0.259062 0.435665
0.279427 0.592926
0.299872 0.551899
0.320381 0.310253
0.340943 0.308764
0.361549 0.508103
0.382191 0.410369
0.402865 0.369811
0.423565 0.529726
0.444288 0.419725
0.465031 0.524746
0.485791 0.36865
0.506567 0.490769
0.527355 0.463306
0.548156 0.506342
0.568967 0.78965
0.589787 0.773329
0.610616 0.76555
0.0837758 2.8388
0.0863541 6.97151
0.0936642 5.32211
0.10472 15.6667
0.118477 30.7047
0.134107 3.3752
0.151029 3.13401
0.168856 0.617401
0.187328 2.58576
0.206274 1.0488
0.225573 0.790151
0.245143 0.639339
0.264922 0.481169
0.284869 0.569146
0.304949 0.553804
0.325138 0.392527
0.345416 0.360368
0.36577 0.31225
0.386187 0.332181
0.406658 0.316118
0.427174 0.512317
0.447731 0.389207
0.468321 0.525647
0.488941 0.428154
0.509588 0.544704
0.530258 0.416093
0.550949 0.71691
0.571659 0.689998
0.592384 0.911182
0.613125 0.630926
0.10472 13.0346
0.106794 36.8855
0.112787 11.5739
0.122123 14.0479
0.134107 9.24783
0.148096 6.92278
0.163577 3.27453
0.180167 1.08219
0.197585 1.81267
0.215631 1.28625
0.23416 0.763532
0.253067 0.953185
0.272271 0.302699
0.291715 0.720842
0.311354 0.667175
0.331153 0.497675
0.351085 0.341802
0.371128 0.288276
0.391265 0.516022
0.411483 0.372968
0.431771 0.341381
0.452118 0.405577
0.472517 0.382785
0.492962 0.454748
0.513447 0.429346
0.533968 0.575006
0.554521 0.522681
0.575101 0.535838
0.595707 0.684217
0.616336 0.626133
0.125664 13.503
0.127397 14.5749
0.132461 5.26575
0.140496 3.39357
0.151029 3.23156
0.163577 3.41972
0.177715 0.628656
0.193094 0.834155
0.20944 0.669161
0.226543 0.878203
0.244246 0.529966
0.262427 0.880721
0.280993 0.299723
0.299872 0.770902
0.319009 0.576751
0.33836 0.416946
0.35789 0.380228
0.377572 0.371244
0.397384 0.406549
0.417305 0.432119
0.437323 0.310852
0.457423 0.273059
0.477596 0.706101
0.497832 0.49325
0.518125 0.329342
0.538467 0.539149
0.558854 0.341845
0.579281 0.532262
0.599743 0.719671
0.620238 0.516347
0.146608 4.00918
0.148096 2.59586
0.152474 4.49896
0.159504 5.03922
0.168856 0.845496
0.180167 2.36278
0.193094 1.25069
0.207335 1.00498
0.222637 2.14488
0.238798 1.48488
0.255654 1.22063
0.273076 0.514053
0.290963 0.627206
0.309234 0.524801
0.327825 0.531721
0.346684 0.483452
0.36577 0.402282
0.38505 0.32464
0.404495 0.477339
0.424083 0.359631
0.443794 0.48148
0.463614 0.429735
0.483529 0.666508
0.503527 0.466575
0.523599 0.576932
0.543737 0.673407
0.563933 0.71694
0.584182 0.842002
0.604479 0.680998
0.624818 0.722884
0.167552 6.35068
0.168856 5.4499
0.172708 1.16993
0.178945 4.20492
0.187328 3.56255
0.197585 0.769208
0.20944 1.88123
0.222637 1.07293
0.236954 1.26583
0.252199 0.698127
0.268213 0.337077
0.284869 0.38209
0.302058 0.431666
0.319696 0.363326
0.337711 0.312305
0.356047 0.279809
0.374657 0.422891
0.393501 0.497045
0.412548 0.503036
0.431771 0.424668
0.451147 0.412442
0.470657 0.37851
0.490285 0.488634
0.510019 0.523683
0.529845 0.563852
0.549754 0.633989
0.569737 0.605593
0.589787 0.69479
0.609897 0.58623
0.630061 0.52649
0.188496 4.47978
0.189656 0.916755
0.193094 1.46135
0.198692 2.06865
0.206274 1.48118
0.215631 2.55335
0.226543 0.87108
0.238798 0.764467
0.252199 0.749699
0.266573 0.333863
0.281772 0.375374
0.297669 0.451305
0.314159 0.403465
0.331153 0.338941
0.348577 0.361634
0.36637 0.383068
0.38448 0.444017
0.402865 0.364946
0.421489 0.495805
0.440321 0.391701
0.459337 0.527168
0.478513 0.439129
0.497832 0.353076
0.517277 0.451118
0.536836 0.367272
0.556495 0.616866
0.576244 0.364279
0.596075 0.682786
0.61598 0.72298
0.635952 0.961911
0.20944 0.629423
0.210484 0.950598
0.213587 0.53452
0.218661 2.15198
0.225573 0.947375
0.23416 0.808499
0.244246 0.451684
0.255654 0.515534
0.268213 0.517322
0.281772 0.32662
0.296192 0.400087
0.311354 0.402717
0.327155 0.350944
0.343506 0.469683
0.360333 0.305466
0.377572 0.341827
0.39517 0.389467
0.413079 0.542481
0.431262 0.420948
0.449686 0.477633
0.468321 0.463734
0.487144 0.365157
0.506133 0.72037
0.525272 0.438615
0.544543 0.766989
0.563933 0.551137
0.583431 0.646502
0.603026 0.576371
0.622708 0.957478
0.642471 0.95434
0.230383 0.605098
0.231334 0.888703
0.23416 1.03287
0.238798 1.20019
0.245143 0.443869
0.253067 0.793592
0.262427 0.533331
0.273076 0.347609
0.284869 0.43291
0.297669 0.6738
0.311354 0.625982
0.325811 0.361502
0.340943 0.625361
0.356663 0.451329
0.372896 0.325324
0.38958 0.429475
0.406658 0.521845
0.424083 0.425503
0.441813 0.392394
0.459814 0.443591
0.478055 0.465549
0.496509 0.636877
0.515153 0.541458
0.533968 0.543901
0.552936 0.754395
0.572042 0.639339
0.591273 0.655668
0.610616 0.676406
0.630061 0.97563
0.6496 0.738185
0.251327 0.506816
0.252199 0.621963
0.254794 0.675617
0.259062 0.55315
0.264922 0.68242
0.272271 0.781806
0.280993 0.427104
0.290963 0.334428
0.302058 0.434507
0.314159 0.415438
0.327155 0.602274
0.340943 0.349663
0.355431 0.353605
0.370536 0.493552
0.386187 0.343555
0.40232 0.367742
0.418879 0.395293
0.435815 0.491608
0.453087 0.460951
0.470657 0.442068
0.488493 0.407503
0.506567 0.584318
0.524854 0.505679
0.543333 0.746625
0.561985 0.57509
0.580794 0.622674
0.599743 0.677031
0.618822 0.691269
0.638018 0.911045
0.65732 0.786302
0.272271 0.343112
0.273076 0.263438
0.275475 0.391837
0.279427 0.449902
0.284869 0.55028
0.291715 0.490291
0.299872 0.410076
0.309234 0.588177
0.319696 0.34342
0.331153 0.289208
0.343506 0.488043
0.356663 0.3799
0.370536 0.330007
0.38505 0.358111
0.400134 0.27233
0.415726 0.455791
0.431771 0.400987
0.44822 0.555527
0.465031 0.453048
0.482166 0.363258
0.499591 0.530281
0.517277 0.503283
0.535199 0.633687
0.553333 0.74927
0.571659 0.636152
0.590159 0.751053
0.608817 0.605419
0.62762 0.916116
0.646554 0.852345
0.665609 1.0551
0.293215 0.477417
0.293962 0.465537
0.296192 0.488807
0.299872 0.700965
0.304949 0.594728
0.311354 0.422898
0.319009 0.469094
0.327825 0.317726
0.337711 0.650986
0.348577 0.359158
0.360333 0.280733
0.372896 0.375863
0.386187 0.393192
0.400134 0.576055
0.414669 0.267007
0.429734 0.422663
0.445275 0.514819
0.461243 0.392671
0.477596 0.660281
0.494295 0.440518
0.511307 0.445552
0.528601 0.516392
0.546151 0.654383
0.563933 0.654924
0.581925 0.795474
0.600109 0.774811
0.618467 0.563052
0.636985 0.860297
0.655649 0.873267
0.674447 0.864366
0.314159 0.53776
0.314857 0.427767
0.316939 0.337767
0.320381 0.461598
0.325138 0.385125
0.331153 0.344765
0.33836 0.554885
0.346684 0.318588
0.356047 0.394755
0.36637 0.342441
0.377572 0.440751
0.38958 0.329785
0.40232 0.438464
0.415726 0.236217
0.429734 0.351077
0.444288 0.557902
0.459337 0.390014
0.474832 0.431243
0.490732 0.522351
0.506999 0.438913
0.523599 0.479335
0.5405 0.722263
0.557676 0.509543
0.575101 0.718552
0.592755 0.83032
0.610616 0.551035
0.628667 0.913629
0.646894 0.899066
0.66528 1.3239
0.683813 1.17379
0.335103 0.306994
0.335757 0.361927
0.337711 0.472034
0.340943 0.443334
0.345416 0.223124
0.351085 0.379774
0.35789 0.405123
0.36577 0.276838
0.374657 0.556314
0.38448 0.5059
0.39517 0.314133
0.406658 0.459531
0.418879 0.467639
0.431771 0.394554
0.445275 0.441506
0.459337 0.482098
0.473908 0.400896
0.488941 0.520145
0.504397 0.501977
0.520237 0.436549
0.536427 0.484155
0.552936 0.664413
0.569737 0.834435
0.586805 0.572864
0.604116 0.840832
0.621651 0.630128
0.639391 0.980324
0.65732 0.824678
0.675422 0.962628
0.693684 0.855674
0.356047 0.262656
0.356663 0.3286
0.358503 0.530507
0.361549 0.427858
0.36577 0.424479
0.371128 0.340688
0.377572 0.37657
0.38505 0.39974
0.393501 0.826967
0.402865 0.383695
0.413079 0.310874
0.424083 0.517728
0.435815 0.351541
0.44822 0.35055
0.461243 0.355069
0.474832 0.370517
0.488941 0.487858
0.503527 0.426532
0.518548 0.481531
0.533968 0.583395
0.549754 0.771788
0.565874 0.765846
0.582302 0.550603
0.599012 0.808302
0.61598 0.621663
0.633187 0.621643
0.650612 0.934887
0.66824 0.842965
0.686054 1.01441
0.704041 0.684789
0.376991 0.20629
0.377572 0.307988
0.379311 0.575108
0.382191 0.357138
0.386187 0.390975
0.391265 0.383886
0.397384 0.489955
0.404495 0.409075
0.412548 0.400284
0.421489 0.359544
0.431262 0.421672
0.441813 0.235554
0.453087 0.466559
0.465031 0.403162
0.477596 0.352081
0.490732 0.316014
0.504397 0.61096
0.518548 0.700483
0.533146 0.588919
0.548156 0.50384
0.563544 0.545685
0.579281 0.683603
0.595339 0.622168
0.611692 1.16815
0.628319 0.64597
0.645196 0.963181
0.662306 1.0661
0.67963 1.07392
0.697154 0.896118
0.714861 1.07311
0.397935 0.356308
0.398486 0.286511
0.400134 0.339969
0.402865 0.261739
0.406658 0.391954
0.411483 0.263515
0.417305 0.487726
0.424083 0.646812
0.431771 0.430688
0.440321 0.470877
0.449686 0.55233
0.459814 0.403271
0.470657 0.48333
0.482166 0.579584
0.494295 0.421737
0.506999 0.498062
0.520237 0.375115
0.533968 0.540224
0.548156 0.540581
0.562765 0.731347
0.577765 0.687198
0.593124 0.950323
0.608817 0.651635
0.624818 0.812302
0.641104 0.803611
0.657653 0.823226
0.674447 0.972
0.691468 0.967156
0.708698 0.805472
0.726124 1.01303
0.418879 0.678738
0.419402 0.391178
0.420968 0.342929
0.423565 0.36559
0.427174 0.385881
0.431771 0.522876
0.437323 0.536771
0.443794 0.303198
0.451147 0.317141
0.459337 0.499004
0.468321 0.382792
0.478055 0.522698
0.488493 0.452649
0.499591 0.515535
0.511307 0.414624
0.523599 0.536523
0.536427 0.545133
0.549754 0.580544
0.563544 0.404347
0.577765 0.710044
0.592384 0.653689
0.607375 0.5769
0.622708 0.985796
0.638361 1.05319
0.65431 0.953941
0.670534 1.06782
0.687013 0.941604
0.703729 0.767482
0.720667 0.837388
0.73781 0.906834
0.439823 0.345518
0.440321 0.413861
0.441813 0.435399
0.444288 0.399253
0.447731 0.290932
0.452118 0.399269
0.457423 0.568916
0.463614 0.519495
0.470657 0.558567
0.478513 0.467297
0.487144 0.561483
0.496509 0.454968
0.506567 0.505169
0.517277 0.611495
0.528601 0.417641
0.5405 0.771771
0.552936 0.553428
0.565874 0.690647
0.579281 0.82789
0.593124 0.589969
0.607375 1.01065
0.622004 0.609865
0.636985 0.881934
0.652296 0.918829
0.667912 0.737202
0.683813 1.03688
0.699979 0.753339
0.716393 1.29729
0.733038 1.0678
0.749899 1.47883
0.460767 0.413294
0.461243 0.429556
0.462667 0.659061
0.465031 0.567616
0.468321 0.578302
0.472517 0.264586
0.477596 0.45836
0.483529 0.521516
0.490285 0.546893
0.497832 0.559645
0.506133 0.414484
0.515153 0.590574
0.524854 0.558332
0.535199 0.400106
0.546151 0.61075
0.557676 0.562655
0.569737 0.576895
0.582302 0.722251
0.595339 1.13374
0.608817 0.67538
0.622708 0.776259
0.636985 0.7768
0.651623 1.06844
0.666597 0.754259
0.681886 1.0223
0.697468 0.845081
0.713325 1.12348
0.729439 1.06999
0.745793 0.940275
0.762371 1.10095
0.481711 0.254141
0.482166 0.387701
0.483529 0.49604
0.485791 0.420975
0.488941 0.489621
0.492962 0.423814
0.497832 0.660597
0.503527 0.455672
0.510019 0.545663
0.517277 0.712988
0.525272 0.598936
0.533968 0.549334
0.543333 0.569509
0.553333 0.80378
0.563933 0.643089
0.575101 0.58176
0.586805 0.707677
0.599012 1.11361
0.611692 0.691392
0.624818 0.806332
0.638361 0.83331
0.652296 0.762775
0.666597 0.874264
0.681242 0.95816
0.696209 0.887932
0.711478 1.42092
0.72703 1.29083
0.742846 1.39518
0.758911 1.46762
0.775209 0.904221
0.502655 0.522144
0.503091 0.492061
0.504397 0.425483
0.506567 0.488451
0.509588 0.563971
0.513447 0.47102
0.518125 0.668466
0.523599 0.482733
0.529845 0.507025
0.536836 0.447852
0.544543 0.71844
0.552936 0.529068
0.561985 0.573462
0.571659 0.515588
0.581925 0.819047
0.592755 0.822347
0.604116 0.461385
0.61598 0.772826
0.628319 0.92081
0.641104 0.983237
0.65431 0.941078
0.667912 1.0022
0.681886 0.802944
0.696209 0.63078
0.710861 1.09894
0.725822 0.906321
0.741073 0.93745
0.756596 1.33024
0.772375 1.17304
0.788394 0.880268
0.523599 0.633501
0.524017 0.372836
0.525272 0.465529
0.527355 0.545429
0.530258 0.435852
0.533968 0.394061
0.538467 0.637875
0.543737 0.677544
0.549754 0.648255
0.556495 0.479595
0.563933 0.340023
0.572042 0.639847
0.580794 0.72106
0.590159 0.550525
0.600109 0.591966
0.610616 0.607089
0.621651 0.989136
0.633187 1.09078
0.645196 0.982682
0.657653 0.810292
0.670534 0.992967
0.683813 1.11534
0.697468 1.44316
0.711478 1.30651
0.725822 0.930366
0.74048 1.17219
0.755435 1.36432
0.770669 1.06688
0.786166 0.753519
0.80191 1.26297
0.544543 0.772143
0.544945 0.569868
0.546151 0.443905
0.548156 0.587445
0.550949 0.506879
0.554521 0.527173
0.558854 0.522713
0.563933 0.745098
0.569737 0.723942
0.576244 0.62788
0.583431 0.651897
0.591273 0.820076
0.599743 0.650625
0.608817 0.748708
0.618467 0.670694
0.628667 0.670458
0.639391 0.957229
0.650612 0.784404
0.662306 1.1812
0.674447 0.909458
0.687013 0.997914
0.699979 1.00955
0.713325 1.3357
0.72703 1.21953
0.741073 1.17995
0.755435 1.23116
0.7701 0.999869
0.785049 1.07104
0.800267 1.09631
0.815739 1.27651
0.565487 0.683143
0.565874 0.418558
0.567036 0.439081
0.568967 0.647825
0.571659 0.571709
0.575101 0.800588
0.579281 0.719957
0.584182 0.805183
0.589787 0.737135
0.596075 0.762526
0.603026 0.790644
0.610616 0.648683
0.618822 0.737643
0.62762 0.989375
0.636985 0.862463
0.646894 0.852411
0.65732 0.875932
0.66824 1.22425
0.67963 0.804327
0.691468 0.649151
0.703729 1.02847
0.716393 0.96297
0.729439 1.35059
0.742846 1.14923
0.756596 0.994763
0.770669 0.78556
0.785049 1.29162
0.799719 1.13979
0.814663 1.44817
0.829867 0.705373
0.586431 0.883911
0.586805 0.741546
0.587925 0.490697
0.589787 0.988022
0.592384 0.887423
0.595707 0.674709
0.599743 0.506498
0.604479 0.846214
0.609897 0.705436
0.61598 0.881931
0.622708 0.585308
0.630061 0.7979
0.638018 0.849971
0.646554 0.901871
0.655649 1.1315
0.66528 1.71148
0.675422 1.10354
0.686054 0.897917
0.697154 1.05264
0.708698 0.862398
0.720667 0.772584
0.733038 1.15339
0.745793 1.14957
0.758911 1.10021
0.772375 1.17578
0.786166 1.17416
0.800267 0.947074
0.814663 1.64438
0.829338 1.12561
0.844278 1.23344
0.607375 0.633351
0.607736 0.67947
0.608817 1.02754
0.610616 0.601048
0.613125 0.669209
0.616336 0.69779
0.620238 0.65427
0.624818 0.722027
0.630061 0.75635
0.635952 0.774774
0.642471 0.822162
0.6496 0.992715
0.65732 1.20688
0.665609 0.841704
0.674447 0.730489
0.683813 0.929485
0.693684 1.00008
0.704041 1.08538
0.714861 1.03989
0.726124 1.42873
0.73781 1.3988
0.749899 1.50254
0.762371 1.28406
0.775209 0.988099
0.788394 1.28897
0.80191 1.28728
0.815739 1.03887
0.829867 0.844019
0.844278 0.936504
0.858957 1.20956
0.020944 0.176722
0.0296192 0.123243
0.0468321 3.46498
0.0662306 7.23001
0.0863541 41.9378
0.106794 1.79506
0.127397 4.51679
0.148096 0.699977
0.168856 1.41905
0.189656 1.17675
0.210484 0.817369
0.231334 1.6059
0.252199 0.780468
0.273076 0.406586
0.293962 0.368484
0.314857 0.328489
0.335757 0.446773
0.356663 0.309412
0.377572 0.322081
0.398486 0.29799
0.419402 0.464583
0.440321 0.332001
0.461243 0.376276
0.482166 0.468068
0.503091 0.562316
0.524017 0.643288
0.544945 0.546685
0.565874 0.552174
0.586805 0.620143
0.607736 0.574416
0.0296192 0.130006
0.036276 0.193119
0.051302 2.98286
0.0694632 13.4549
0.0888577 12.2781
0.108828 12.9107
0.129107 10.1634
0.14957 5.55283
0.170149 3.3678
0.190808 0.719112
0.211524 2.86901
0.23228 0.911925
0.253067 0.791445
0.273878 0.902412
0.294708 0.468476
0.315552 0.359145
0.33641 0.385789
0.357277 0.322526
0.378153 0.295382
0.399036 0.3315
0.419925 0.343098
0.440819 0.408719
0.461718 0.579709
0.482621 0.3784
0.503527 0.417573
0.524436 0.586577
0.545348 0.621786
0.566262 0.525795
0.587178 0.432541
0.608096 0.662887
0.0468321 2.22005
0.051302 0.124307
0.0628319 6.06255
0.0783651 9.26601
0.0959772 7.92147
0.114715 25.2464
0.134107 3.27238
0.153906 5.12973
0.173974 1.19859
0.194226 1.2084
0.214612 0.597837
0.235095 0.825008
0.255654 0.576535
0.27627 0.40165
0.296932 0.356795
0.317631 0.490681
0.33836 0.355309
0.359114 0.399248
0.379889 0.57873
0.400681 0.400376
0.421489 0.32042
0.442309 0.432272
0.463141 0.47573
0.483982 0.400934
0.504832 0.493624
0.525689 0.427033
0.546553 0.508261
0.567423 0.812057
0.588298 0.801393
0.609177 0.877098
0.0662306 6.10791
0.0694632 12.9316
0.0783651 10.8905
0.0912926 5.768
0.106794 9.68552
0.123906 22.6045
0.142049 1.23091
0.160874 1.16844
0.180167 2.75957
0.199793 0.70181
0.219662 1.74717
0.239714 0.97576
0.259908 0.409854
0.280211 0.695268
0.300602 0.322141
0.321065 0.332011
0.341586 0.503693
0.362155 0.391907
0.382765 0.357281
0.403409 0.351366
0.424083 0.492641
0.444782 0.495868
0.465503 0.311204
0.486243 0.532122
0.506999 0.423561
0.527771 0.639262
0.548556 0.431558
0.569352 1.04116
0.590159 1.02225
0.610975 0.854708
0.0863541 2.78559
0.0888577 2.13516
0.0959772 0.986912
0.106794 0.440828
0.120314 21.3246
0.135732 3.4221
0.152474 2.70696
0.170149 2.27419
0.188496 1.11635
0.207335 0.969841
0.226543 1.23296
0.246036 0.612819
0.265749 0.301806
0.285637 0.861459
0.305667 0.347419
0.325811 0.550752
0.346051 0.457058
0.36637 0.283096
0.386755 0.306657
0.407197 0.359706
0.427688 0.331967
0.44822 0.394254
0.468789 0.541141
0.48939 0.441387
0.510019 0.406093
0.530672 0.731142
0.551347 0.597994
0.572042 0.686472
0.592755 0.541838
0.613483 0.927457
0.106794 20.7952
0.108828 1.39268
0.114715 4.94146
0.123906 18.0963
0.135732 5.46748
0.14957 1.22106
0.164913 5.8576
0.18138 1.89291
0.198692 2.55395
0.216646 0.491783
0.235095 0.930248
0.253932 0.606839
0.273076 0.556584
0.292466 0.447156
0.312058 0.389837
0.331815 0.438181
0.351709 0.454846
0.371718 0.410637
0.391825 0.320452
0.412016 0.456863
0.432278 0.436777
0.452603 0.408007
0.472981 0.572418
0.493407 0.391316
0.513874 0.716018
0.534379 0.457477
0.554916 0.499541
0.575482 0.909669
0.596075 0.695263
0.616692 0.763611
0.127397 1.51849
0.129107 23.9532
0.134107 13.6067
0.142049 6.43992
0.152474 5.25547
0.164913 1.21114
0.178945 2.83079
0.194226 2.3075
0.210484 0.605023
0.22751 0.657478
0.245143 0.519214
0.263261 0.541555
0.281772 0.377839
0.300602 0.491029
0.319696 0.266301
0.339007 0.300998
0.358503 0.398988
0.378153 0.430767
0.397935 0.482912
0.417831 0.366414
0.437824 0.366099
0.457902 0.363949
0.478055 0.384548
0.498272 0.625529
0.518548 0.594157
0.538874 0.381695
0.559247 0.831164
0.57966 0.745283
0.600109 0.576775
0.620592 1.08811
0.148096 2.01291
0.14957 1.55672
0.153906 3.04588
0.160874 2.78528
0.170149 2.17164
0.18138 4.25513
0.194226 0.959917
0.20839 0.736995
0.22362 0.70711
0.239714 0.534952
0.25651 0.731999
0.273878 0.331782
0.291715 0.5412
0.309942 0.605023
0.328493 0.458631
0.347316 0.355748
0.36637 0.24753
0.385619 0.23422
0.405037 0.330746
0.4246 0.322064
0.444288 0.413952
0.464087 0.519352
0.483982 0.702144
0.503962 0.407888
0.524017 0.468626
0.54414 0.479024
0.564322 0.491652
0.584558 0.470038
0.604842 0.866405
0.625169 0.862582
0.168856 0.893506
0.170149 3.61781
0.173974 1.53696
0.180167 2.30794
0.188496 0.818329
0.198692 4.3714
0.210484 1.45475
0.22362 1.51765
0.237878 0.718064
0.253067 0.454389
0.26903 0.663766
0.285637 0.391618
0.302783 0.764122
0.320381 0.323657
0.33836 0.312946
0.356663 0.13972
0.375242 0.304204
0.394058 0.257682
0.413079 0.506743
0.432278 0.607832
0.451632 0.426498
0.471123 0.412151
0.490732 0.428377
0.510448 0.496727
0.530258 0.794433
0.550153 0.822984
0.570122 0.516353
0.590159 0.820331
0.610257 0.683998
0.630409 1.52436
0.189656 1.17312
0.190808 0.515446
0.194226 0.95051
0.199793 0.560578
0.207335 1.07233
0.216646 1.66958
0.22751 2.28533
0.239714 0.691597
0.253067 0.507999
0.267394 0.562504
0.282549 0.367783
0.298405 0.291492
0.314857 0.509275
0.331815 0.349298
0.349205 0.276466
0.366968 0.351486
0.38505 0.485096
0.403409 0.527626
0.422009 0.38867
0.440819 0.561171
0.459814 0.505887
0.478971 0.387737
0.498272 0.551609
0.517701 0.491009
0.537244 0.655067
0.556889 0.510751
0.576625 0.487976
0.596443 0.669265
0.616336 0.502666
0.636296 0.712117
0.210484 0.747103
0.211524 0.577221
0.214612 1.09659
0.219662 0.417831
0.226543 0.661712
0.235095 0.298216
0.245143 0.692304
0.25651 0.912675
0.26903 0.27674
0.282549 0.453451
0.296932 0.399559
0.312058 0.464845
0.327825 0.436806
0.344144 0.381452
0.360942 0.335472
0.378153 0.451134
0.395724 0.369898
0.41361 0.487084
0.431771 0.479811
0.450173 0.478017
0.468789 0.410341
0.487594 0.430633
0.506567 0.488755
0.525689 0.573955
0.544945 0.541418
0.564322 0.517469
0.583807 0.614159
0.603389 0.883817
0.623061 0.860293
0.642812 0.95628
0.231334 0.73369
0.23228 0.641742
0.235095 0.590571
0.239714 0.443891
0.246036 0.670016
0.253932 0.561734
0.263261 0.350748
0.273878 0.476891
0.285637 0.483055
0.298405 0.403143
0.312058 0.44766
0.326484 0.279839
0.341586 0.378544
0.357277 0.402381
0.373484 0.416783
0.390143 0.347575
0.407197 0.344597
0.4246 0.336939
0.442309 0.393854
0.460291 0.443912
0.478513 0.424676
0.49695 0.554779
0.515579 0.294543
0.534379 0.651733
0.553333 0.713642
0.572425 0.570583
0.591643 0.728789
0.610975 0.558772
0.630409 0.712653
0.649938 0.718794
0.252199 0.943998
0.253067 0.420577
0.255654 0.597705
0.259908 0.464244
0.265749 0.470438
0.273076 0.639145
0.281772 0.667922
0.291715 0.361739
0.302783 0.499844
0.314857 0.310617
0.327825 0.470771
0.341586 0.46836
0.356047 0.304079
0.371128 0.369156
0.386755 0.301512
0.402865 0.323171
0.419402 0.4241
0.436318 0.453522
0.453571 0.424756
0.471123 0.463573
0.488941 0.665325
0.506999 0.353397
0.525272 0.576363
0.543737 0.796506
0.562375 0.639134
0.581171 0.587233
0.600109 0.639018
0.619176 0.914136
0.638361 0.735299
0.657653 1.07594
0.273076 0.893011
0.273878 0.623845
0.27627 0.608323
0.280211 0.359924
0.285637 0.589258
0.292466 0.36975
0.300602 0.392313
0.309942 0.503484
0.320381 0.781666
0.331815 0.547549
0.344144 0.502621
0.357277 0.45235
0.371128 0.46404
0.385619 0.371471
0.400681 0.408031
0.416253 0.34962
0.432278 0.270604
0.448709 0.286009
0.465503 0.410472
0.482621 0.396604
0.50003 0.479316
0.517701 0.61827
0.535609 0.558395
0.553729 0.43908
0.572042 0.748961
0.59053 0.704953
0.609177 0.781108
0.627969 0.799017
0.646894 0.784415
0.665939 0.835903
0.293962 0.728535
0.294708 0.509234
0.296932 0.58078
0.300602 0.239847
0.305667 0.405192
0.312058 0.407651
0.319696 0.38826
0.328493 0.591944
0.33836 0.308425
0.349205 0.326809
0.360942 0.304993
0.373484 0.318372
0.386755 0.277847
0.400681 0.289449
0.415198 0.401818
0.430244 0.540677
0.445767 0.257702
0.461718 0.430797
0.478055 0.524673
0.494739 0.544206
0.511736 0.525753
0.529016 0.532349
0.546553 0.544887
0.564322 0.583009
0.582302 0.6828
0.600474 0.833706
0.618822 0.540483
0.63733 0.498065
0.655984 1.13954
0.674772 0.924344
0.314857 0.339111
0.315552 0.49445
0.317631 0.421697
0.321065 0.276206
0.325811 0.260816
0.331815 0.3791
0.339007 0.350401
0.347316 0.56112
0.356663 0.420897
0.366968 0.331054
0.378153 0.276416
0.390143 0.352956
0.402865 0.372287
0.416253 0.39902
0.430244 0.60765
0.444782 0.514174
0.459814 0.515054
0.475294 0.61295
0.491179 0.474136
0.507432 0.593306
0.524017 0.440692
0.540906 0.488007
0.558069 0.859614
0.575482 0.795098
0.593124 0.852133
0.610975 0.953219
0.629016 1.00416
0.647232 0.738383
0.665609 1.15679
0.684133 0.815254
0.335757 0.419833
0.33641 0.479029
0.33836 0.319032
0.341586 0.298609
0.346051 0.705677
0.351709 0.341549
0.358503 0.41768
0.36637 0.528769
0.375242 0.323403
0.38505 0.407552
0.395724 0.454759
0.407197 0.360481
0.419402 0.547115
0.432278 0.413346
0.445767 0.468986
0.459814 0.494305
0.47437 0.332341
0.48939 0.417109
0.504832 0.375979
0.520658 0.574437
0.536836 0.59013
0.553333 0.625543
0.570122 0.559088
0.587178 0.658476
0.604479 0.660883
0.622004 0.900726
0.639734 1.09251
0.657653 0.742945
0.675747 1.08387
0.694001 1.00256
0.356663 0.264611
0.357277 0.475596
0.359114 0.458901
0.362155 0.352204
0.36637 0.310045
0.371718 0.28652
0.378153 0.486248
0.385619 0.535156
0.394058 0.337655
0.403409 0.326921
0.41361 0.564751
0.4246 0.413282
0.436318 0.402515
0.448709 0.488185
0.461718 0.591737
0.475294 0.346794
0.48939 0.476706
0.503962 0.455474
0.518971 0.481324
0.534379 0.918024
0.550153 0.659993
0.566262 0.604043
0.582679 0.629327
0.599378 0.636184
0.616336 0.967218
0.633533 0.660361
0.650949 0.761272
0.668568 0.949282
0.686374 1.10793
0.704352 1.16711
0.377572 0.162161
0.378153 0.440474
0.379889 0.406585
0.382765 0.291109
0.386755 0.458263
0.391825 0.410828
0.397935 0.40507
0.405037 0.321207
0.413079 0.356788
0.422009 0.357306
0.431771 0.398868
0.442309 0.472789
0.453571 0.34841
0.465503 0.35385
0.478055 0.334647
0.491179 0.542067
0.504832 0.548592
0.518971 0.472157
0.533557 0.513021
0.548556 0.555566
0.563933 0.481249
0.57966 1.02242
0.595707 0.56553
0.612051 0.719068
0.628667 0.791458
0.645536 0.952857
0.662637 0.975498
0.679953 1.0063
0.697468 0.846735
0.715168 0.950568
0.398486 0.419666
0.399036 0.643844
0.400681 0.332427
0.403409 0.418017
0.407197 0.340606
0.412016 0.389455
0.417831 0.381582
0.4246 0.374487
0.432278 0.42333
0.440819 0.44915
0.450173 0.458064
0.460291 0.414242
0.471123 0.478307
0.482621 0.502173
0.494739 0.64255
0.507432 0.461227
0.520658 0.333501
0.534379 0.471523
0.548556 0.581373
0.563155 0.5376
0.578144 0.458
0.593494 0.616366
0.609177 0.743767
0.625169 0.609705
0.641446 1.09476
0.657987 0.791198
0.674772 1.40094
0.691785 0.873979
0.709008 1.02911
0.726426 1.0459
0.419402 0.236289
0.419925 0.326849
0.421489 0.452603
0.424083 0.35853
0.427688 0.365616
0.432278 0.445494
0.437824 0.356878
0.444288 0.453292
0.451632 0.26164
0.459814 0.435675
0.468789 0.47664
0.478513 0.472271
0.488941 0.45697
0.50003 0.575921
0.511736 0.487933
0.524017 0.520218
0.536836 0.615807
0.550153 0.726475
0.563933 0.58709
0.578144 0.957511
0.592755 0.657524
0.607736 0.666923
0.623061 0.720442
0.638705 1.07403
0.654645 0.982808
0.670861 1.17425
0.687332 0.985659
0.704041 0.860973
0.720971 1.37116
0.738107 1.12923
0.440321 0.3025
0.440819 0.407307
0.442309 0.375336
0.444782 0.467606
0.44822 0.570205
0.452603 0.535997
0.457902 0.342183
0.464087 0.512022
0.471123 0.42116
0.478971 0.418442
0.487594 0.484657
0.49695 0.609812
0.506999 0.482336
0.517701 0.449807
0.529016 0.561057
0.540906 0.457534
0.553333 0.622425
0.566262 0.52749
0.57966 0.567251
0.593494 1.00359
0.607736 0.555089
0.622356 0.663514
0.63733 0.747747
0.652632 0.889316
0.66824 0.619302
0.684133 1.21132
0.700293 0.903083
0.716699 0.758941
0.733337 1.16191
0.750191 1.17148
0.461243 0.371172
0.461718 0.390065
0.463141 0.426811
0.465503 0.47052
0.468789 0.582409
0.472981 0.699243
0.478055 0.445641
0.483982 0.541473
0.490732 0.85703
0.498272 0.558724
0.506567 0.796063
0.515579 0.452186
0.525272 0.595265
0.535609 0.552806
0.546553 0.675657
0.558069 0.614535
0.570122 0.881485
0.582679 0.81256
0.595707 0.929875
0.609177 0.73385
0.623061 0.758289
0.63733 0.843562
0.651959 0.718674
0.666926 0.972726
0.682207 0.803707
0.697783 1.10964
0.713633 1.2574
0.72974 0.973811
0.746087 1.07267
0.762659 1.00562
0.482166 0.379241
0.482621 0.463471
0.483982 0.51497
0.486243 0.418437
0.48939 0.585431
0.493407 0.520616
0.498272 0.527696
0.503962 0.478814
0.510448 0.452644
0.517701 0.387704
0.525689 0.495599
0.534379 0.606174
0.543737 0.874394
0.553729 0.439839
0.564322 0.764527
0.575482 0.478447
0.587178 0.828665
0.599378 0.907498
0.612051 0.81721
0.625169 0.593153
0.638705 0.792597
0.652632 0.865356
0.666926 0.977514
0.681564 0.871219
0.696524 1.06102
0.711786 1.16168
0.727331 1.05793
0.743141 1.68656
0.7592 1.38938
0.775492 0.966763
0.503091 0.377571
0.503527 0.576639
0.504832 0.380964
0.506999 0.389086
0.510019 0.420009
0.513874 0.551923
0.518548 0.364886
0.524017 0.653026
0.530258 0.355891
0.537244 0.711267
0.544945 0.50411
0.553333 0.598388
0.562375 0.43049
0.572042 0.519185
0.582302 0.787253
0.593124 0.683743
0.604479 0.603663
0.616336 0.624725
0.628667 0.756008
0.641446 0.925453
0.654645 0.91464
0.66824 0.895634
0.682207 0.958949
0.696524 1.29894
0.71117 0.874869
0.726124 0.948849
0.741369 1.08524
0.756886 0.971746
0.772659 0.842721
0.788673 1.10407
0.524017 0.675358
0.524436 0.540201
0.525689 0.541179
0.527771 0.579978
0.530672 0.599023
0.534379 0.543465
0.538874 0.547107
0.54414 0.616513
0.550153 0.769877
0.556889 0.813601
0.564322 0.773292
0.572425 0.90267
0.581171 0.596982
0.59053 0.673142
0.600474 0.863958
0.610975 0.855348
0.622004 0.763418
0.633533 1.0009
0.645536 0.961308
0.657987 0.791031
0.670861 0.990347
0.684133 0.925651
0.697783 1.01367
0.711786 1.00523
0.726124 0.778752
0.740777 1.272
0.755726 1.56758
0.770954 1.22874
0.786445 1.00886
0.802183 1.07035
0.544945 0.643218
0.545348 0.725886
0.546553 0.622841
0.548556 0.679611
0.551347 0.713998
0.554916 0.756445
0.559247 0.899519
0.564322 0.468007
0.570122 0.536681
0.576625 0.626092
0.583807 0.651011
0.591643 0.935527
0.600109 0.727592
0.609177 0.771361
0.618822 0.737289
0.629016 0.679994
0.639734 0.91606
0.650949 0.914213
0.662637 0.748648
0.674772 0.67477
0.687332 1.07093
0.700293 0.975496
0.713633 0.8605
0.727331 1.12117
0.741369 0.951692
0.755726 1.32728
0.770384 1.11408
0.785328 1.25528
0.800541 0.8654
0.816008 1.47341
0.565874 0.5576
0.566262 0.390709
0.567423 0.771889
0.569352 0.66288
0.572042 0.89182
0.575482 0.485488
0.57966 0.542363
0.584558 0.648837
0.590159 0.800415
0.596443 0.857913
0.603389 0.674681
0.610975 0.594763
0.619176 0.677681
0.627969 1.0513
0.63733 0.714289
0.647232 0.865526
0.657653 1.13528
0.668568 0.736448
0.679953 0.8852
0.691785 0.709566
0.704041 0.870532
0.716699 0.720028
0.72974 1.22648
0.743141 1.30016
0.756886 1.07737
0.770954 1.07898
0.785328 1.19005
0.799993 1.19036
0.814932 1.3784
0.830131 1.26872
0.586805 0.510025
0.587178 0.716926
0.588298 0.792906
0.590159 0.872135
0.592755 0.469448
0.596075 0.63328
0.600109 0.653123
0.604842 0.707067
0.610257 0.649367
0.616336 0.623428
0.623061 0.905954
0.630409 0.957451
0.638361 0.834292
0.646894 0.818855
0.655984 0.933928
0.665609 0.942152
0.675747 0.913568
0.686374 1.09668
0.697468 1.18471
0.709008 0.737419
0.720971 1.10302
0.733337 1.0507
0.746087 0.852502
0.7592 1.11045
0.772659 1.23865
0.786445 1.35938
0.800541 0.968319
0.814932 1.82292
0.829603 1.09413
0.844537 1.24847
0.607736 0.674845
0.608096 0.887488
0.609177 0.567043
0.610975 0.862055
0.613483 0.70531
0.616692 0.66182
0.620592 0.593469
0.625169 0.850555
0.630409 0.968076
0.636296 0.867357
0.642812 0.825646
0.649938 0.524783
0.657653 1.06711
0.665939 0.661431
0.674772 0.865296
0.684133 0.940267
0.694001 0.967309
0.704352 1.00391
0.715168 0.775606
0.726426 0.893183
0.738107 1.11397
0.750191 0.917064
0.762659 0.966186
0.775492 1.23038
0.788673 1.21659
0.802183 1.50185
0.816008 0.857107
0.830131 1.14015
0.844537 0.884051
0.859213 1.22319
0.0418879 1.05988
0.0468321 2.40626
0.0592384 1.95373
0.0755145 3.51866
0.0936642 29.9417
0.112787 15.6133
0.132461 13.1815
0.152474 3.46523
0.172708 1.07466
0.193094 0.887323
0.213587 1.55465
0.23416 0.827404
0.254794 0.849606
0.275475 0.236475
0.296192 0.537288
0.316939 0.294392
0.337711 0.230333
0.358503 0.396171
0.379311 0.609948
0.400134 0.359847
0.420968 0.320135
0.441813 0.367962
0.462667 0.477377
0.483529 0.342689
0.504397 0.673241
0.525272 0.644359
0.546151 0.753131
0.567036 0.64804
0.587925 0.89327
0.608817 0.451203
0.0468321 0.330021
0.051302 0.104159
0.0628319 13.3796
0.0783651 16.665
0.0959772 24.7268
0.114715 3.56167
0.134107 6.10838
0.153906 8.49121
0.173974 2.43265
0.194226 0.635044
0.214612 1.04476
0.235095 0.652569
0.255654 0.855115
0.27627 0.596177
0.296932 0.407155
0.317631 0.447972
0.33836 0.280551
0.359114 0.524447
0.379889 0.271661
0.400681 0.330797
0.421489 0.390493
0.442309 0.389074
0.463141 0.51679
0.483982 0.411651
0.504832 0.488857
0.525689 0.483134
0.546553 0.477629
0.567423 0.715842
0.588298 0.604814
0.609177 0.888739
0.0592384 0.568966
0.0628319 1.80039
0.072552 2.19264
0.0863541 62.3215
0.102604 19.4281
0.120314 4.20929
0.138926 5.45135
0.158123 1.45754
0.177715 1.80091
0.197585 1.41189
0.217656 0.985805
0.237878 0.789915
0.258214 0.397754
0.278641 0.641453
0.299139 0.394228
0.319696 0.426691
0.340299 0.444534
0.360942 0.404386
0.381617 0.432769
0.40232 0.502636
0.423047 0.399712
0.443794 0.390977
0.464559 0.478799
0.48534 0.390806
0.506133 0.378251
0.526939 0.590895
0.547755 0.451213
0.568581 0.640226
0.589415 0.668115
0.610257 0.761767
0.0755145 5.90845
0.0783651 9.67894
0.0863541 5.16838
0.0982358 54.0645
0.112787 25.1838
0.129107 6.02262
0.146608 8.13668
0.164913 3.12185
0.183782 0.701403
0.203059 0.562452
0.222637 0.786737
0.242444 0.522953
0.262427 0.861762
0.282549 0.512265
0.302783 0.886442
0.323108 0.513358
0.343506 0.233583
0.363967 0.34063
0.38448 0.291352
0.405037 0.378523
0.425631 0.482253
0.446259 0.484907
0.466914 0.49139
0.487594 0.489728
0.508295 0.53275
0.529016 0.60119
0.549754 0.532693
0.570506 0.572437
0.591273 0.717854
0.612051 0.700569
0.0936642 2.83881
0.0959772 27.9268
0.102604 10.1709
0.112787 15.4794
0.125664 3.8318
0.140496 4.48081
0.15673 3.15727
0.173974 2.4088
0.191954 1.92178
0.210484 0.631588
0.229429 0.501117
0.248696 1.15796
0.268213 0.343255
0.287932 0.735888
0.307812 0.355311
0.327825 0.284642
0.347947 0.32939
0.368161 0.338363
0.388452 0.298053
0.40881 0.355565
0.429223 0.492251
0.449686 0.291177
0.470191 0.37534
0.490732 0.46897
0.511307 0.473585
0.53191 0.589636
0.552539 0.460657
0.573191 1.01052
0.593864 0.836083
0.614554 0.718831
0.112787 48.5032
0.114715 4.76976
0.120314 10.0297
0.129107 15.5832
0.140496 1.03857
0.153906 4.44205
0.168856 1.50448
0.184972 0.982963
0.201976 0.697968
0.219662 0.766178
0.237878 0.883501
0.25651 0.607812
0.275475 0.4278
0.294708 0.813286
0.314159 0.50451
0.333792 0.491758
0.353575 0.382086
0.373484 0.280401
0.393501 0.398571
0.41361 0.458078
0.433798 0.472031
0.454054 0.413603
0.47437 0.426484
0.494739 0.517201
0.515153 0.594447
0.535609 0.483757
0.5561 0.733161
0.576625 0.792714
0.597178 0.683353
0.617758 0.528454
0.132461 3.70382
0.134107 3.82818
0.138926 15.3643
0.146608 7.97848
0.15673 5.20406
0.168856 1.40199
0.182585 3.52752
0.197585 0.986523
0.213587 0.930837
0.230383 1.4132
0.247812 0.936377
0.265749 0.317135
0.284098 0.638063
0.302783 0.343078
0.321747 0.387151
0.340943 0.445154
0.360333 0.332951
0.379889 0.400021
0.399585 0.40895
0.419402 0.369879
0.439324 0.621255
0.459337 0.566267
0.479429 0.325164
0.499591 0.563097
0.519815 0.563163
0.540094 0.561962
0.560422 0.81662
0.580794 0.490779
0.601204 0.767065
0.621651 0.504807
0.152474 0.524744
0.153906 2.34354
0.158123 4.56593
0.164913 0.705329
0.173974 3.47473
0.184972 6.74851
0.197585 0.949326
0.211524 1.9084
0.226543 0.847986
0.242444 1.10378
0.259062 0.366016
0.27627 0.49961
0.293962 0.535903
0.312058 0.505506
0.33049 0.36599
0.349205 0.378257
0.368161 0.36191
0.387322 0.345915
0.406658 0.441418
0.426146 0.387728
0.445767 0.496394
0.465503 0.430556
0.48534 0.464318
0.505266 0.682567
0.525272 0.429039
0.545348 0.569721
0.565487 0.679996
0.585682 0.584323
0.605928 0.622918
0.626221 0.69477
0.172708 5.95806
0.173974 3.45387
0.177715 0.734267
0.183782 13.0937
0.191954 2.4367
0.201976 0.660014
0.213587 0.673756
0.226543 0.777156
0.240628 0.914992
0.255654 0.538726
0.271465 0.476624
0.287932 0.265403
0.304949 0.481371
0.322428 0.325319
0.340299 0.359893
0.358503 0.323274
0.376991 0.354343
0.395724 0.315309
0.414669 0.378464
0.433798 0.406468
0.453087 0.566635
0.472517 0.428384
0.492071 0.540657
0.511736 0.428139
0.531498 0.475517
0.551347 0.484542
0.571275 0.612007
0.591273 0.781217
0.611334 0.877949
0.631452 0.792063
0.193094 3.23078
0.194226 1.30771
0.197585 0.929097
0.203059 1.13842
0.210484 1.00309
0.219662 0.872
0.230383 0.54678
0.242444 1.23536
0.255654 0.481432
0.269844 0.693497
0.284869 0.477713
0.300602 0.381105
0.316939 0.401984
0.333792 0.250967
0.351085 0.469769
0.368756 0.507296
0.386755 0.390302
0.405037 0.370669
0.423565 0.312826
0.442309 0.48532
0.461243 0.336003
0.480343 0.656287
0.499591 0.532264
0.518971 0.530815
0.538467 0.624139
0.558069 0.521813
0.577765 0.795856
0.597545 0.705969
0.617403 0.862484
0.63733 0.824336
0.213587 0.598785
0.214612 0.674532
0.217656 0.645044
0.222637 0.418372
0.229429 0.817023
0.237878 1.29478
0.247812 0.29447
0.259062 1.33672
0.271465 0.460885
0.284869 0.76725
0.299139 0.341451
0.314159 0.545481
0.329826 0.33694
0.346051 0.400941
0.36276 0.337702
0.379889 0.455097
0.397384 0.415131
0.415198 0.384179
0.433292 0.40003
0.451632 0.408109
0.470191 0.497762
0.488941 0.456836
0.507864 0.587515
0.526939 0.540149
0.546151 0.5281
0.565487 0.453858
0.584933 0.77304
0.604479 0.560978
0.624116 0.69677
0.643835 0.839639
0.23416 1.97144
0.235095 1.35873
0.237878 0.882441
0.242444 0.592583
0.248696 0.442422
0.25651 0.532909
0.265749 0.258329
0.27627 1.48158
0.287932 0.628004
0.300602 0.847847
0.314159 0.262363
0.328493 0.357482
0.343506 0.315403
0.359114 0.460598
0.375242 0.4196
0.391825 0.292504
0.40881 0.339972
0.426146 0.463305
0.443794 0.531801
0.461718 0.472543
0.479886 0.482394
0.498272 0.552932
0.516853 0.574947
0.535609 0.774189
0.554521 0.579775
0.573574 0.491365
0.592755 0.849709
0.612051 1.05851
0.631452 0.844993
0.650949 0.79465
0.254794 0.450293
0.255654 0.604093
0.258214 0.336492
0.262427 0.513652
0.268213 0.45678
0.275475 0.59023
0.284098 0.39301
0.293962 0.280423
0.304949 0.237902
0.316939 0.347333
0.329826 0.567268
0.343506 0.4194
0.35789 0.471736
0.372896 0.366334
0.388452 0.504353
0.404495 0.29803
0.420968 0.33762
0.437824 0.428217
0.455019 0.307131
0.472517 0.488808
0.490285 0.462299
0.508295 0.714611
0.526523 0.608615
0.544945 0.721799
0.563544 0.519774
0.582302 0.7629
0.601204 0.706365
0.620238 0.630517
0.639391 0.687467
0.658653 0.803761
0.275475 0.425111
0.27627 0.277952
0.278641 1.17949
0.282549 0.704028
0.287932 0.508094
0.294708 0.331727
0.302783 0.699474
0.312058 0.474576
0.322428 0.543476
0.333792 0.34059
0.346051 0.356541
0.359114 0.280843
0.372896 0.42848
0.387322 0.421802
0.40232 0.320553
0.417831 0.473241
0.433798 0.325846
0.450173 0.463175
0.466914 0.35007
0.483982 0.413365
0.501344 0.462951
0.518971 0.583883
0.536836 0.713
0.554916 0.81085
0.573191 0.693757
0.591643 0.705483
0.610257 0.879065
0.629016 0.863341
0.64791 0.961605
0.666926 1.09913
0.296192 0.337994
0.296932 0.415696
0.299139 0.459884
0.302783 0.477411
0.307812 0.454218
0.314159 0.38033
0.321747 0.289483
0.33049 0.342062
0.340299 0.558769
0.351085 0.432767
0.36276 0.35487
0.375242 0.561147
0.388452 0.574162
0.40232 0.367759
0.416779 0.371239
0.431771 0.451171
0.44724 0.46115
0.463141 0.344922
0.479429 0.477163
0.496067 0.448242
0.51302 0.549866
0.530258 0.733598
0.547755 0.768033
0.565487 0.584167
0.583431 0.675104
0.601569 0.712187
0.619884 0.906371
0.638361 1.20773
0.656986 0.687144
0.675747 0.640911
0.316939 0.585793
0.317631 0.502576
0.319696 0.541466
0.323108 0.450582
0.327825 0.302107
0.333792 0.409906
0.340943 0.510547
0.349205 0.307179
0.358503 0.412974
0.368756 0.371608
0.379889 0.382247
0.391825 0.446842
0.404495 0.396285
0.417831 0.281666
0.431771 0.309451
0.446259 0.391863
0.461243 0.551876
0.476676 0.480362
0.492517 0.514738
0.508727 0.461731
0.525272 0.488823
0.542121 0.590239
0.559247 0.524557
0.576625 0.589645
0.594233 0.632349
0.612051 0.617095
0.630061 0.896793
0.648248 0.885177
0.666597 0.881137
0.685095 0.871483
0.337711 0.426138
0.33836 0.362616
0.340299 0.369982
0.343506 0.342597
0.347947 0.712189
0.353575 0.2395
0.360333 0.380942
0.368161 0.412777
0.376991 0.400369
0.386755 0.248879
0.397384 0.39412
0.40881 0.299575
0.420968 0.415908
0.433798 0.441539
0.44724 0.356625
0.461243 0.401167
0.475755 0.614367
0.490732 0.530383
0.506133 0.658796
0.521921 0.508068
0.53806 0.553798
0.554521 0.835102
0.571275 0.800665
0.588298 0.618589
0.605566 0.547388
0.623061 0.550999
0.640762 0.888412
0.658653 0.731599
0.67672 0.873964
0.694948 0.68576
0.358503 0.416995
0.359114 0.453445
0.360942 0.293332
0.363967 0.408346
0.368161 0.279236
0.373484 0.345258
0.379889 0.567908
0.387322 0.290735
0.395724 0.566838
0.405037 0.321834
0.415198 0.470647
0.426146 0.310257
0.437824 0.420602
0.450173 0.352499
0.463141 0.610808
0.476676 0.654456
0.490732 0.436533
0.505266 0.485971
0.520237 0.528352
0.535609 0.68597
0.551347 0.568241
0.567423 0.549221
0.583807 0.578542
0.600474 0.921964
0.617403 0.872728
0.634571 0.883228
0.651959 0.736363
0.669552 1.13077
0.687332 1.03451
0.705286 1.09845
0.379311 0.449998
0.379889 0.401623
0.381617 0.542645
0.38448 0.264239
0.388452 0.466844
0.393501 0.33305
0.399585 0.3009
0.406658 0.439037
0.414669 0.47814
0.423565 0.584136
0.433292 0.376886
0.443794 0.426155
0.455019 0.437543
0.466914 0.432678
0.479429 0.585435
0.492517 0.531709
0.506133 0.57028
0.520237 0.553978
0.534789 0.837273
0.549754 0.537729
0.565099 0.664763
0.580794 0.548131
0.596811 0.851118
0.613125 0.669859
0.629713 0.663736
0.646554 1.00793
0.663629 0.80296
0.68092 0.779574
0.698411 0.81706
0.716087 1.3324
0.400134 0.526822
0.400681 0.381211
0.40232 0.341512
0.405037 0.491028
0.40881 0.399011
0.41361 0.403494
0.419402 0.441384
0.426146 0.517842
0.433798 0.345107
0.442309 0.333305
0.451632 0.356387
0.461718 0.36098
0.472517 0.459067
0.483982 0.388284
0.496067 0.486717
0.508727 0.693718
0.521921 0.580858
0.535609 0.479955
0.549754 0.55195
0.564322 0.480232
0.579281 0.754703
0.594602 0.52682
0.610257 0.891055
0.626221 0.889048
0.642471 0.810674
0.658986 0.830993
0.675747 0.829684
0.692735 0.864975
0.709935 1.33236
0.727331 1.24034
0.420968 0.469328
0.421489 0.243249
0.423047 0.298902
0.425631 0.55728
0.429223 0.436773
0.433798 0.368583
0.439324 0.739941
0.445767 0.541969
0.453087 0.397275
0.461243 0.427652
0.470191 0.409899
0.479886 0.400657
0.490285 0.423279
0.501344 0.595489
0.51302 0.521673
0.525272 0.663793
0.53806 0.629898
0.551347 0.648042
0.565099 0.841724
0.579281 0.593076
0.593864 0.758375
0.608817 0.602496
0.624116 0.684506
0.639734 0.79093
0.655649 0.98041
0.671841 0.953438
0.688288 1.35712
0.704975 1.54534
0.721883 1.38862
0.738998 1.04441
0.441813 0.285943
0.442309 0.552555
0.443794 0.355427
0.446259 0.390914
0.449686 0.389507
0.454054 0.421672
0.459337 0.431494
0.465503 0.406598
0.472517 0.547754
0.480343 0.526835
0.488941 0.354889
0.498272 0.460131
0.508295 0.521876
0.518971 0.487884
0.530258 0.597146
0.542121 0.586275
0.554521 0.471326
0.567423 0.629226
0.580794 0.859726
0.594602 0.523934
0.608817 0.835562
0.623412 0.965861
0.638361 1.19727
0.653639 0.949326
0.669224 0.93883
0.685095 0.896531
0.701232 0.993991
0.717617 0.813121
0.734234 1.13158
0.751068 1.00608
0.462667 0.577679
0.463141 0.317387
0.464559 0.441868
0.466914 0.465078
0.470191 0.519739
0.47437 0.469073
0.479429 0.428792
0.48534 0.487899
0.492071 0.497582
0.499591 0.600915
0.507864 0.5246
0.516853 0.570793
0.526523 0.640656
0.536836 0.446274
0.547755 0.654233
0.559247 0.544368
0.571275 0.619886
0.583807 0.76561
0.596811 0.947747
0.610257 0.480007
0.624116 0.714907
0.638361 0.911318
0.652968 0.854826
0.667912 0.810954
0.683171 0.86763
0.698725 0.78748
0.714554 1.11498
0.730641 1.12462
0.746968 1.16725
0.763521 1.01391
0.483529 0.539403
0.483982 0.516598
0.48534 0.428823
0.487594 0.686069
0.490732 0.38756
0.494739 0.58469
0.499591 0.544765
0.505266 0.517965
0.511736 0.631058
0.518971 0.705187
0.526939 0.521228
0.535609 0.56161
0.544945 0.553696
0.554916 0.652069
0.565487 0.487427
0.576625 0.495105
0.588298 0.514673
0.600474 0.754293
0.613125 1.15531
0.626221 0.980088
0.639734 0.834212
0.653639 0.885902
0.667912 0.672424
0.682529 0.889048
0.697468 0.999132
0.71271 0.899266
0.728235 1.20062
0.744026 1.30148
0.760066 0.779284
0.77634 1.18346
0.504397 0.507153
0.504832 0.524781
0.506133 0.429749
0.508295 0.505436
0.511307 0.496871
0.515153 0.538198
0.519815 0.351267
0.525272 0.329869
0.531498 0.564983
0.538467 0.465897
0.546151 0.409616
0.554521 0.63705
0.563544 0.719798
0.573191 0.510566
0.583431 0.836485
0.594233 0.980505
0.605566 0.919893
0.617403 0.674849
0.629713 0.94277
0.642471 0.742205
0.655649 0.927688
0.669224 1.01694
0.683171 1.66417
0.697468 0.837449
0.712094 0.939225
0.72703 1.15788
0.742256 1.23986
0.757754 1.11064
0.77351 1.39126
0.789506 1.16338
0.525272 0.74859
0.525689 0.512603
0.526939 0.498149
0.529016 0.523785
0.53191 0.397867
0.535609 0.692462
0.540094 0.683465
0.545348 0.575943
0.551347 0.548372
0.558069 0.57883
0.565487 0.698135
0.573574 0.785092
0.582302 0.738861
0.591643 0.650455
0.601569 0.451294
0.612051 0.45713
0.623061 0.904237
0.634571 0.965305
0.646554 0.529393
0.658986 0.899604
0.671841 1.08931
0.685095 1.22127
0.698725 1.36591
0.71271 0.769799
0.72703 0.913405
0.741664 0.942607
0.756596 1.32636
0.771807 1.08611
0.787281 1.0186
0.803003 1.13069
0.546151 0.563643
0.546553 0.650046
0.547755 0.868956
0.549754 0.664605
0.552539 0.598268
0.5561 0.524914
0.560422 0.767895
0.565487 0.658079
0.571275 0.810644
0.577765 0.772261
0.584933 0.843946
0.592755 0.710896
0.601204 0.870264
0.610257 0.510599
0.619884 0.979487
0.630061 0.931428
0.640762 0.858639
0.651959 0.852012
0.663629 0.831359
0.675747 0.753393
0.688288 1.14705
0.701232 1.35646
0.714554 0.816277
0.728235 0.906763
0.742256 1.0166
0.756596 1.03914
0.771238 0.945098
0.786166 1.23094
0.801363 0.982035
0.816814 1.07182
0.567036 0.462746
0.567423 0.601999
0.568581 0.886878
0.570506 0.635458
0.573191 0.625311
0.576625 0.600628
0.580794 0.711465
0.585682 0.706757
0.591273 0.766253
0.597545 0.676516
0.604479 0.670813
0.612051 0.620932
0.620238 0.8224
0.629016 1.0171
0.638361 0.765614
0.648248 1.29326
0.658653 0.798209
0.669552 0.926002
0.68092 0.913371
0.692735 1.07259
0.704975 1.11649
0.717617 0.94758
0.730641 1.48047
0.744026 1.13863
0.757754 1.25644
0.771807 1.39172
0.786166 1.12249
0.800815 1.40575
0.815739 0.992302
0.830923 0.90418
0.587925 0.628435
0.588298 0.940526
0.589415 0.528464
0.591273 0.587418
0.593864 0.715566
0.597178 0.583343
0.601204 0.558067
0.605928 0.796793
0.611334 0.884741
0.617403 0.844299
0.624116 0.943546
0.631452 0.915291
0.639391 0.88129
0.64791 0.966766
0.656986 0.773504
0.666597 0.840899
0.67672 0.983876
0.687332 0.978965
0.698411 1.23781
0.709935 1.32987
0.721883 1.19084
0.734234 1.26217
0.746968 1.04308
0.760066 1.48158
0.77351 0.928138
0.787281 1.19822
0.801363 1.15743
0.815739 1.03878
0.830395 1.29763
0.845316 1.10549
0.608817 0.640635
0.609177 0.805138
0.610257 0.894233
0.612051 0.523256
0.614554 0.601839
0.617758 0.760756
0.621651 1.06572
0.626221 0.990133
0.631452 0.722971
0.63733 0.739165
0.643835 0.881649
0.650949 0.637208
0.658653 0.898677
0.666926 0.835871
0.675747 0.877673
0.685095 0.761793
0.694948 0.880054
0.705286 1.04418
0.716087 0.944262
0.727331 1.32652
0.738998 0.976885
0.751068 1.2026
0.763521 1.53239
0.77634 0.955399
0.789506 1.04625
0.803003 1.28938
0.816814 1.23446
0.830923 1.04219
0.845316 1.00314
0.859978 1.12431
0.0628319 3.14235
0.0662306 0.377376
0.0755145 1.19884
0.0888577 11.8931
0.10472 13.8919
0.122123 0.580395
0.140496 6.42125
0.159504 0.541817
0.178945 1.54354
0.198692 2.39014
0.218661 2.12805
0.238798 0.347824
0.259062 0.388499
0.279427 0.697152
0.299872 0.643257
0.320381 0.375331
0.340943 0.292741
0.361549 0.422189
0.382191 0.325148
0.402865 0.543107
0.423565 0.372035
0.444288 0.436309
0.465031 0.469325
0.485791 0.396764
0.506567 0.662841
0.527355 0.349963
0.548156 0.540077
0.568967 0.481222
0.589787 0.786592
0.610616 0.682678
0.0662306 5.85293
0.0694632 6.60404
0.0783651 26.8117
0.0912926 2.37457
0.106794 2.48285
0.123906 2.75357
0.142049 6.29987
0.160874 0.921763
0.180167 1.0269
0.199793 0.607715
0.219662 0.677954
0.239714 1.26005
0.259908 0.540024
0.280211 0.324797
0.300602 0.6041
0.321065 0.363084
0.341586 0.448228
0.362155 0.437135
0.382765 0.459775
0.403409 0.41709
0.424083 0.434357
0.444782 0.435389
0.465503 0.409985
0.486243 0.550971
0.506999 0.532586
0.527771 0.628908
0.548556 0.726087
0.569352 0.933514
0.590159 0.784515
0.610975 1.09356
0.0755145 6.55178
0.0783651 5.83185
0.0863541 9.18855
0.0982358 36.1824
0.112787 3.3643
0.129107 12.6129
0.146608 8.61339
0.164913 5.65855
0.183782 0.901123
0.203059 0.909911
0.222637 2.18535
0.242444 0.571573
0.262427 0.286243
0.282549 0.434838
0.302783 0.511744
0.323108 0.476577
0.343506 0.483984
0.363967 0.400413
0.38448 0.42894
0.405037 0.402583
0.425631 0.505704
0.446259 0.377589
0.466914 0.386206
0.487594 0.414025
0.508295 0.63438
0.529016 0.472885
0.549754 0.69055
0.570506 0.579846
0.591273 0.850008
0.612051 0.601552
0.0888577 0.509548
0.0912926 29.8539
0.0982358 14.1393
0.108828 9.65288
0.122123 2.12686
0.137339 4.00124
0.153906 16.5348
0.171434 1.17211
0.189656 1.0201
0.20839 2.68083
0.22751 1.0527
0.246926 0.347222
0.266573 0.252459
0.286404 0.3742
0.306384 0.737165
0.326484 0.414508
0.346684 0.347564
0.366968 0.389859
0.387322 0.317719
0.407735 0.503614
0.4282 0.369002
0.448709 0.468155
0.469257 0.449741
0.489838 0.398576
0.510448 0.768509
0.531085 0.556778
0.551745 0.574127
0.572425 0.512981
0.593124 0.649037
0.61384 0.839299
0.10472 6.67651
0.106794 35.9183
0.112787 3.71805
0.122123 21.243
0.134107 9.58317
0.148096 4.13337
0.163577 4.26394
0.180167 1.62226
0.197585 1.82649
0.215631 2.16401
0.23416 0.663071
0.253067 0.641795
0.272271 0.402383
0.291715 0.367942
0.311354 0.362339
0.331153 0.457642
0.351085 0.351518
0.371128 0.195888
0.391265 0.495222
0.411483 0.315883
0.431771 0.362839
0.452118 0.538934
0.472517 0.486063
0.492962 0.448662
0.513447 0.613233
0.533968 0.557067
0.554521 0.553018
0.575101 0.65643
0.595707 0.76734
0.616336 0.854127
0.122123 19.338
0.123906 7.0961
0.129107 3.26417
0.137339 2.85332
0.148096 6.98359
0.160874 0.448015
0.17523 2.45578
0.190808 0.894329
0.207335 0.914897
0.224599 0.563192
0.242444 0.589722
0.26075 0.543864
0.279427 0.293953
0.298405 0.615693
0.317631 0.574851
0.337061 0.41699
0.356663 0.430453
0.376409 0.507559
0.396278 0.291603
0.416253 0.319805
0.436318 0.391941
0.456463 0.327602
0.476676 0.469738
0.49695 0.427397
0.517277 0.53568
0.537652 0.691511
0.558069 0.545871
0.578523 0.903241
0.599012 0.689409
0.61953 0.615315
0.140496 7.40838
0.142049 1.87187
0.146608 2.59174
0.153906 4.35739
0.163577 3.76529
0.17523 1.49454
0.188496 3.29427
0.203059 0.727225
0.218661 0.853772
0.235095 0.328445
0.252199 0.517241
0.269844 0.509054
0.287932 0.533033
0.306384 0.245979
0.325138 0.451477
0.344144 0.359383
0.363364 0.395542
0.382765 0.37028
0.40232 0.458994
0.422009 0.341053
0.441813 0.542679
0.461718 0.384637
0.481711 0.536772
0.501781 0.477907
0.521921 0.572442
0.542121 0.435136
0.562375 0.574307
0.582679 0.690739
0.603026 0.757753
0.623412 0.772443
0.159504 1.04396
0.160874 8.60458
0.164913 3.52565
0.171434 0.888735
0.180167 0.846645
0.190808 4.65951
0.203059 1.15841
0.216646 1.74375
0.231334 0.622935
0.246926 0.584932
0.263261 0.732899
0.280211 0.369589
0.297669 0.373281
0.315552 0.287769
0.333792 0.350297
0.352332 0.504524
0.371128 0.430365
0.390143 0.285007
0.409346 0.354187
0.428712 0.518285
0.44822 0.46649
0.467852 0.334617
0.487594 0.468445
0.507432 0.395637
0.527355 0.477843
0.547355 0.616675
0.567423 0.724727
0.587552 0.837989
0.607736 0.618795
0.627969 0.940865
0.178945 1.2497
0.180167 1.99454
0.183782 0.50155
0.189656 2.97139
0.197585 0.725712
0.207335 1.54354
0.218661 1.11794
0.231334 1.41633
0.245143 0.764417
0.259908 0.84155
0.275475 0.552374
0.291715 0.342563
0.308524 0.319886
0.325811 0.364277
0.343506 0.331322
0.361549 0.405093
0.379889 0.257913
0.398486 0.312726
0.417305 0.227307
0.436318 0.346775
0.455501 0.394004
0.474832 0.308026
0.494295 0.51976
0.513874 0.578365
0.533557 0.623471
0.553333 0.707109
0.573191 0.862809
0.593124 0.65833
0.613125 0.708899
0.633187 0.895776
0.198692 1.92328
0.199793 0.758486
0.203059 0.95951
0.20839 1.38064
0.215631 1.06363
0.224599 0.383861
0.235095 0.852467
0.246926 1.12973
0.259908 0.438052
0.273878 0.371287
0.288692 0.447519
0.304228 0.245123
0.320381 0.227776
0.337061 0.282305
0.354194 0.408479
0.371718 0.248465
0.38958 0.347543
0.407735 0.381462
0.426146 0.276397
0.444782 0.388318
0.463614 0.54258
0.482621 0.541046
0.501781 0.550267
0.521079 0.626461
0.5405 0.569567
0.56003 0.723974
0.57966 0.637027
0.599378 0.709853
0.619176 0.861972
0.639048 0.84681
0.218661 0.552535
0.219662 0.735741
0.222637 0.602206
0.22751 0.360237
0.23416 1.87496
0.242444 0.656655
0.252199 1.4096
0.263261 0.800772
0.275475 0.653328
0.288692 0.219003
0.302783 0.736186
0.317631 0.53773
0.333134 0.547116
0.349205 0.424451
0.36577 0.389939
0.382765 0.409134
0.400134 0.452849
0.417831 0.339481
0.435815 0.45508
0.454054 0.32256
0.472517 0.433209
0.491179 0.415573
0.510019 0.474025
0.529016 0.641896
0.548156 0.458034
0.567423 0.728674
0.586805 0.707411
0.60629 0.675368
0.62587 0.849261
0.645536 0.714721
0.238798 0.863309
0.239714 1.00699
0.242444 1.46738
0.246926 0.445287
0.253067 0.448408
0.26075 0.345653
0.269844 0.334262
0.280211 0.469342
0.291715 0.477179
0.304228 0.558844
0.317631 0.364412
0.331815 0.405035
0.346684 0.409039
0.362155 0.456055
0.378153 0.302811
0.394614 0.417312
0.411483 0.367441
0.428712 0.428539
0.446259 0.556692
0.464087 0.375575
0.482166 0.402082
0.500468 0.352349
0.518971 0.557809
0.537652 0.568825
0.556495 0.65153
0.575482 0.588614
0.594602 0.764106
0.61384 0.638829
0.633187 0.556338
0.652632 1.23816
0.259062 0.659395
0.259908 1.05597
0.262427 0.44421
0.266573 1.07122
0.272271 0.724953
0.279427 0.445663
0.287932 0.617312
0.297669 0.531885
0.308524 0.249335
0.320381 0.301122
0.333134 0.340333
0.346684 0.455083
0.360942 0.338613
0.375826 0.383472
0.391265 0.526997
0.407197 0.457093
0.423565 0.35223
0.440321 0.370888
0.457423 0.432057
0.474832 0.507374
0.492517 0.684817
0.510448 0.542172
0.528601 0.426223
0.546954 0.714213
0.565487 0.511069
0.584182 0.817913
0.603026 0.678888
0.622004 1.01837
0.641104 0.946528
0.660316 0.985429
0.279427 0.502662
0.280211 0.36917
0.282549 0.484974
0.286404 0.542993
0.291715 0.498988
0.298405 0.506233
0.306384 0.22851
0.315552 0.35588
0.325811 0.408424
0.337061 0.340494
0.349205 0.340339
0.362155 0.284468
0.375826 0.335459
0.390143 0.444842
0.405037 0.341227
0.420447 0.371486
0.436318 0.506571
0.452603 0.335475
0.469257 0.474563
0.486243 0.553209
0.503527 0.490007
0.521079 0.736088
0.538874 0.643559
0.556889 0.519843
0.575101 0.601293
0.593494 0.75876
0.612051 0.986356
0.630757 0.779364
0.6496 0.784736
0.668568 0.882322
0.299872 0.699075
0.300602 0.215739
0.302783 0.401473
0.306384 0.379083
0.311354 0.33709
0.317631 0.25428
0.325138 0.339377
0.333792 0.644341
0.343506 0.225749
0.354194 0.481252
0.36577 0.52801
0.378153 0.287722
0.391265 0.446333
0.405037 0.601966
0.419402 0.289281
0.434303 0.32403
0.449686 0.501741
0.465503 0.455105
0.481711 0.377178
0.498272 0.328758
0.515153 0.424047
0.532323 0.520357
0.549754 0.505722
0.567423 0.549053
0.585308 0.476791
0.603389 0.696967
0.621651 0.748403
0.640077 1.01712
0.658653 0.797589
0.677368 0.885887
0.320381 0.598627
0.321065 0.452265
0.323108 0.529054
0.326484 0.563175
0.331153 0.474659
0.337061 0.558663
0.344144 0.337811
0.352332 0.453413
0.361549 0.34371
0.371718 0.41836
0.382765 0.386606
0.394614 0.453547
0.407197 0.391698
0.420447 0.334541
0.434303 0.281386
0.448709 0.370037
0.463614 0.512098
0.478971 0.411844
0.494739 0.422367
0.510878 0.678169
0.527355 0.501401
0.54414 0.723186
0.561204 0.838465
0.578523 0.800455
0.596075 0.817234
0.61384 0.667092
0.6318 0.83995
0.649938 0.723528
0.66824 0.904781
0.686693 0.982881
0.340943 0.475172
0.341586 0.349153
0.343506 0.200496
0.346684 0.636021
0.351085 0.395375
0.356663 0.418188
0.363364 0.399303
0.371128 0.384267
0.379889 0.577283
0.38958 0.416943
0.400134 0.44056
0.411483 0.598108
0.423565 0.31595
0.436318 0.627224
0.449686 0.279963
0.463614 0.367672
0.478055 0.646265
0.492962 0.391797
0.508295 0.427757
0.524017 0.604925
0.540094 0.617225
0.556495 0.678988
0.573191 0.936041
0.590159 0.667546
0.607375 0.63889
0.624818 0.767706
0.642471 0.847705
0.660316 0.961495
0.678338 1.01194
0.696524 1.27349
0.361549 0.333642
0.362155 0.57733
0.363967 0.291049
0.366968 0.444826
0.371128 0.257018
0.376409 0.348076
0.382765 0.365685
0.390143 0.191627
0.398486 0.821537
0.407735 0.244936
0.417831 0.524694
0.428712 0.35003
0.440321 0.454171
0.452603 0.48447
0.465503 0.509144
0.478971 0.405652
0.492962 0.423808
0.507432 0.682054
0.522341 0.558447
0.537652 0.593137
0.553333 0.660657
0.569352 0.765218
0.585682 0.861609
0.602298 0.980636
0.619176 0.832825
0.636296 0.886623
0.653639 0.823684
0.671187 0.934083
0.688925 1.14163
0.706839 0.892366
0.382191 0.415242
0.382765 0.25968
0.38448 0.481151
0.387322 0.365467
0.391265 0.350541
0.396278 0.399564
0.40232 0.404445
0.409346 0.430483
0.417305 0.446432
0.426146 0.482604
0.435815 0.42619
0.446259 0.587314
0.457423 0.404502
0.469257 0.554782
0.481711 0.501772
0.494739 0.498253
0.508295 0.622271
0.522341 0.594147
0.536836 0.413465
0.551745 0.575263
0.567036 0.571979
0.582679 0.743816
0.598645 0.831136
0.614911 0.593518
0.631452 0.923615
0.648248 0.754834
0.66528 1.07958
0.682529 0.918694
0.699979 0.685978
0.717617 0.932336
0.402865 0.408646
0.403409 0.326685
0.405037 0.405563
0.407735 0.404859
0.411483 0.414225
0.416253 0.46889
0.422009 0.337116
0.428712 0.423536
0.436318 0.276031
0.444782 0.279619
0.454054 0.605547
0.464087 0.397049
0.474832 0.406739
0.486243 0.396761
0.498272 0.459886
0.510878 0.416377
0.524017 0.410852
0.537652 0.525565
0.551745 0.574075
0.566262 0.640469
0.581171 0.801409
0.596443 0.571145
0.612051 0.663586
0.627969 0.71717
0.644175 0.715714
0.660648 0.745465
0.677368 1.17508
0.694316 1.27472
0.711478 0.818797
0.728837 1.16683
0.423565 0.416828
0.424083 0.31396
0.425631 0.346287
0.4282 0.382975
0.431771 0.322651
0.436318 0.495731
0.441813 0.497021
0.44822 0.431342
0.455501 0.445974
0.463614 0.349535
0.472517 0.365212
0.482166 0.42264
0.492517 0.456857
0.503527 0.586895
0.515153 0.353826
0.527355 0.550832
0.540094 0.622624
0.553333 0.594539
0.567036 0.6357
0.581171 0.612895
0.595707 1.03365
0.610616 0.645225
0.62587 0.791763
0.641446 0.820265
0.65732 1.03963
0.673471 0.918901
0.68988 1.2848
0.706529 0.945824
0.723401 0.977465
0.74048 1.11224
0.444288 0.525548
0.444782 0.466289
0.446259 0.459799
0.448709 0.301169
0.452118 0.282445
0.456463 0.437911
0.461718 0.438942
0.467852 0.369698
0.474832 0.449787
0.482621 0.524567
0.491179 0.490012
0.500468 0.454254
0.510448 0.67304
0.521079 0.610589
0.532323 0.72306
0.54414 0.544832
0.556495 0.664639
0.569352 0.540554
0.582679 0.675699
0.596443 0.687264
0.610616 0.85028
0.625169 0.857113
0.640077 0.969002
0.655315 0.799022
0.670861 0.978738
0.686693 1.27201
0.702794 1.16741
0.719143 1.38336
0.735726 0.966812
0.752526 1.21581
0.465031 0.356546
0.465503 0.472597
0.466914 0.468141
0.469257 0.562671
0.472517 0.611133
0.476676 0.538415
0.481711 0.438937
0.487594 0.443982
0.494295 0.477726
0.501781 0.429937
0.510019 0.733774
0.518971 0.582083
0.528601 0.760099
0.538874 0.670997
0.549754 0.493771
0.561204 0.771134
0.573191 0.55278
0.585682 0.532383
0.598645 0.802239
0.612051 0.662811
0.62587 0.936508
0.640077 0.822577
0.654645 0.899072
0.669552 0.856006
0.684774 0.939729
0.700293 1.00125
0.716087 1.1964
0.73214 1.28452
0.748435 1.57909
0.764956 0.959633
0.485791 0.468397
0.486243 0.409672
0.487594 0.510943
0.489838 0.721301
0.492962 0.565133
0.49695 0.390663
0.501781 0.574774
0.507432 0.584954
0.513874 0.463168
0.521079 0.613078
0.529016 0.530432
0.537652 0.501047
0.546954 0.620897
0.556889 0.525656
0.567423 0.601506
0.578523 0.891819
0.590159 0.999345
0.602298 0.581206
0.614911 0.708698
0.627969 0.71637
0.641446 0.77057
0.655315 0.825678
0.669552 0.796444
0.684133 1.06677
0.699039 0.731185
0.714247 0.697112
0.72974 0.979052
0.745499 1.00938
0.761508 1.05914
0.777751 1.71831
0.506567 0.770862
0.506999 0.541085
0.508295 0.439967
0.510448 0.48185
0.513447 0.492209
0.517277 0.909569
0.521921 0.5165
0.527355 0.400248
0.533557 0.635867
0.5405 0.432534
0.548156 0.498925
0.556495 0.554689
0.565487 0.541264
0.575101 0.642224
0.585308 0.961301
0.596075 0.641383
0.607375 0.680099
0.619176 0.77663
0.631452 0.672234
0.644175 0.837827
0.65732 0.996471
0.670861 1.00066
0.684774 0.770931
0.699039 1.02605
0.713633 1.10954
0.728536 0.840408
0.743731 0.753431
0.7592 1.13921
0.774926 1.45227
0.790894 1.18052
0.527355 0.528698
0.527771 0.505962
0.529016 0.475895
0.531085 0.583235
0.533968 0.668516
0.537652 0.645524
0.542121 0.731834
0.547355 0.600204
0.553333 0.527016
0.56003 0.527705
0.567423 0.624092
0.575482 0.650393
0.584182 0.693428
0.593494 0.717265
0.603389 0.777589
0.61384 0.836853
0.624818 0.683991
0.636296 0.677051
0.648248 0.648655
0.660648 0.757921
0.673471 1.24127
0.686693 0.947869
0.700293 0.913663
0.714247 1.3546
0.728536 0.662256
0.743141 1.15846
0.758044 1.15446
0.773226 0.992708
0.788673 1.41895
0.804368 1.21329
0.548156 0.583919
0.548556 0.492347
0.549754 0.58696
0.551745 0.696458
0.554521 0.638934
0.558069 0.51657
0.562375 0.803805
0.567423 0.496653
0.573191 0.726726
0.57966 0.635391
0.586805 0.652413
0.594602 0.711628
0.603026 0.609139
0.612051 0.801581
0.621651 1.0358
0.6318 0.677346
0.642471 0.775511
0.653639 0.824542
0.66528 1.07
0.677368 1.1013
0.68988 0.796283
0.702794 1.15467
0.716087 0.970961
0.72974 0.915919
0.743731 1.40124
0.758044 0.748397
0.772659 0.81984
0.787559 1.08901
0.80273 0.678226
0.818156 1.80349
0.568967 0.56311
0.569352 0.816811
0.570506 0.688282
0.572425 0.565875
0.575101 0.51598
0.578523 0.483306
0.582679 0.638317
0.587552 0.625543
0.593124 0.68298
0.599378 0.753323
0.60629 0.770861
0.61384 0.981603
0.622004 1.0066
0.630757 0.926802
0.640077 0.645818
0.649938 0.834454
0.660316 0.730165
0.671187 0.846241
0.682529 1.21809
0.694316 0.779988
0.706529 1.17573
0.719143 0.85793
0.73214 1.0875
0.745499 1.3933
0.7592 1.205
0.773226 1.12115
0.787559 0.975857
0.802183 1.06582
0.817083 1.33034
0.832242 1.2404
0.589787 0.78981
0.590159 0.791015
0.591273 0.663412
0.593124 0.666923
0.595707 0.716209
0.599012 0.856763
0.603026 0.651976
0.607736 0.950253
0.613125 0.605608
0.619176 0.811651
0.62587 0.824355
0.633187 0.98113
0.641104 0.755821
0.6496 0.777404
0.658653 0.819482
0.66824 0.792416
0.678338 1.21883
0.688925 1.06829
0.699979 1.1333
0.711478 0.82553
0.723401 0.68415
0.735726 1.17372
0.748435 1.08395
0.761508 1.10991
0.774926 1.18164
0.788673 0.946258
0.80273 1.43195
0.817083 1.44525
0.831715 0.890724
0.846612 1.15799
0.610616 1.03749
0.610975 0.778567
0.612051 0.865765
0.61384 0.733832
0.616336 0.893834
0.61953 0.758801
0.623412 0.98115
0.627969 0.79028
0.633187 0.841658
0.639048 0.758893
0.645536 0.650496
0.652632 0.838774
0.660316 0.888733
0.668568 0.890206
0.677368 0.986871
0.686693 1.04263
0.696524 0.820254
0.706839 0.732799
0.717617 0.970337
0.728837 0.68858
0.74048 0.690447
0.752526 1.32752
0.764956 1.53169
0.777751 0.91746
0.790894 1.22293
0.804368 1.03342
0.818156 0.907711
0.832242 1.1652
0.846612 1.13397
0.861252 1.16462
0.0837758 8.21912
0.0863541 51.4774
0.0936642 43.7836
0.10472 4.44275
0.118477 2.22874
0.134107 7.95947
0.151029 0.904345
0.168856 4.5308
0.187328 1.45609
0.206274 1.6401
0.225573 2.10626
0.245143 1.62365
0.264922 0.331722
0.284869 0.545265
0.304949 0.53949
0.325138 0.438025
0.345416 0.337732
0.36577 0.468168
0.386187 0.461301
0.406658 0.469261
0.427174 0.418169
0.447731 0.45941
0.468321 0.368882
0.488941 0.518568
0.509588 0.428592
0.530258 0.55976
0.550949 0.669902
0.571659 0.601969
0.592384 0.790754
0.613125 0.535996
0.0863541 9.02051
0.0888577 4.12485
0.0959772 5.80656
0.106794 23.3478
0.120314 17.103
0.135732 1.23567
0.152474 10.9212
0.170149 2.30152
0.188496 0.815053
0.207335 0.669832
0.226543 0.766662
0.246036 1.00592
0.265749 0.388233
0.285637 0.511521
0.305667 0.543336
0.325811 0.445137
0.346051 0.344876
0.36637 0.411551
0.386755 0.483405
0.407197 0.380904
0.427688 0.507619
0.44822 0.404377
0.468789 0.342597
0.48939 0.503292
0.510019 0.468702
0.530672 0.618587
0.551347 0.666759
0.572042 0.414869
0.592755 0.544233
0.613483 0.851716
0.0936642 13.402
0.0959772 3.99533
0.102604 3.52288
0.112787 1.84174
0.125664 8.69977
0.140496 7.75498
0.15673 1.25193
0.173974 1.48233
0.191954 0.728191
0.210484 0.650735
0.229429 1.51244
0.248696 0.302953
0.268213 0.949372
0.287932 0.589121
0.307812 0.53522
0.327825 0.353773
0.347947 0.302749
0.368161 0.273053
0.388452 0.453895
0.40881 0.60827
0.429223 0.421936
0.449686 0.434478
0.470191 0.372621
0.490732 0.613182
0.511307 0.559616
0.53191 0.541758
0.552539 0.53633
0.573191 0.650948
0.593864 0.484358
0.614554 0.634261
0.10472 8.39388
0.106794 17.6207
0.112787 15.4003
0.122123 3.66796
0.134107 20.8093
0.148096 10.3396
0.163577 14.4473
0.180167 4.08087
0.197585 0.743882
0.215631 0.90355
0.23416 0.910579
0.253067 0.536354
0.272271 0.422116
0.291715 0.319925
0.311354 0.477423
0.331153 0.332237
0.351085 0.479983
0.371128 0.370795
0.391265 0.469987
0.411483 0.729854
0.431771 0.336908
0.452118 0.287688
0.472517 0.510557
0.492962 0.481951
0.513447 0.685504
0.533968 0.417871
0.554521 0.58444
0.575101 0.538514
0.595707 0.649258
0.616336 1.0655
0.118477 3.95838
0.120314 19.259
0.125664 6.50259
0.134107 5.86235
0.145104 5.75175
0.158123 1.15186
0.172708 1.5526
0.188496 0.379841
0.205208 0.920812
0.222637 0.970786
0.240628 0.354124
0.259062 0.325892
0.277853 0.806024
0.296932 0.34385
0.316247 0.381119
0.335757 0.321582
0.355431 0.300766
0.375242 0.310464
0.39517 0.300613
0.415198 0.278071
0.435312 0.354742
0.455501 0.345038
0.475755 0.32604
0.496067 0.452931
0.516429 0.659042
0.536836 0.617752
0.557282 0.462903
0.577765 0.770101
0.598279 0.610194
0.618822 0.54341
0.134107 8.3478
0.135732 5.80284
0.140496 1.21871
0.148096 11.1044
0.158123 7.56203
0.170149 0.904176
0.183782 1.2163
0.198692 0.558182
0.214612 0.737746
0.231334 2.23572
0.248696 0.311858
0.266573 0.693279
0.284869 0.676198
0.303507 0.351123
0.322428 0.312474
0.341586 0.518583
0.360942 0.343871
0.380466 0.310595
0.400134 0.326383
0.419925 0.363126
0.439823 0.430081
0.459814 0.381276
0.479886 0.566882
0.50003 0.413524
0.520237 0.447716
0.5405 0.590748
0.560813 0.59237
0.581171 1.03239
0.601569 0.897294
0.622004 0.668625
0.151029 2.60246
0.152474 5.43737
0.15673 1.37942
0.163577 7.33425
0.172708 4.2337
0.183782 2.34869
0.196472 1.36621
0.210484 0.529089
0.225573 0.466052
0.241537 0.688442
0.258214 0.303143
0.275475 0.186789
0.293215 0.458378
0.311354 0.306816
0.329826 0.308128
0.348577 0.259848
0.367565 0.34032
0.386755 0.38263
0.406118 0.48658
0.425631 0.463625
0.445275 0.571494
0.465031 0.435602
0.484888 0.620328
0.504832 0.676158
0.524854 0.661155
0.544945 0.609188
0.565099 0.672074
0.585308 0.67819
0.605566 0.668092
0.62587 0.763305
0.168856 1.93606
0.170149 1.77526
0.173974 1.25675
0.180167 3.39349
0.188496 4.55437
0.198692 4.15987
0.210484 1.86642
0.22362 0.828137
0.237878 0.759672
0.253067 0.377956
0.26903 0.742353
0.285637 0.647683
0.302783 0.429218
0.320381 0.381136
0.33836 0.404002
0.356663 0.420075
0.375242 0.515233
0.394058 0.374707
0.413079 0.38646
0.432278 0.490339
0.451632 0.385899
0.471123 0.406869
0.490732 0.51102
0.510448 0.515037
0.530258 0.613875
0.550153 0.555925
0.570122 0.582425
0.590159 0.598027
0.610257 0.833007
0.630409 0.851536
0.187328 1.99011
0.188496 3.71956
0.191954 2.10123
0.197585 2.49532
0.205208 2.87396
0.214612 0.499084
0.225573 0.348876
0.237878 0.420565
0.251327 0.335899
0.265749 0.589155
0.280993 0.348285
0.296932 0.41652
0.31346 0.45392
0.33049 0.454115
0.347947 0.3021
0.36577 0.328855
0.383909 0.215208
0.40232 0.47061
0.420968 0.382528
0.439823 0.378553
0.458859 0.368633
0.478055 0.439137
0.497391 0.463142
0.516853 0.492782
0.536427 0.552466
0.5561 0.710722
0.575863 0.662219
0.595707 0.710461
0.615624 0.521652
0.635607 0.693009
0.206274 2.54007
0.207335 2.46366
0.210484 1.3319
0.215631 0.631292
0.222637 0.536767
0.231334 1.08928
0.241537 0.55105
0.253067 1.16427
0.265749 0.507045
0.279427 0.79753
0.293962 0.273032
0.309234 0.282227
0.325138 0.54445
0.341586 0.499682
0.358503 0.375572
0.375826 0.408912
0.393501 0.384596
0.411483 0.322039
0.429734 0.418164
0.44822 0.359888
0.466914 0.441639
0.485791 0.460501
0.504832 0.680258
0.524017 0.487272
0.543333 0.325021
0.562765 0.489858
0.582302 0.695737
0.601934 0.87883
0.621651 0.824184
0.641446 1.03562
0.225573 1.06027
0.226543 0.5181
0.229429 1.14503
0.23416 0.94233
0.240628 0.520719
0.248696 0.261358
0.258214 0.539264
0.26903 0.463469
0.280993 0.462322
0.293962 0.274485
0.307812 0.326826
0.322428 0.391223
0.337711 0.435743
0.353575 0.39366
0.369944 0.385169
0.386755 0.363324
0.403952 0.364346
0.421489 0.311718
0.439324 0.497733
0.457423 0.509046
0.475755 0.377588
0.494295 0.641897
0.51302 0.585653
0.53191 0.523301
0.550949 0.463389
0.570122 0.674973
0.589415 0.55979
0.608817 0.858504
0.628319 0.803983
0.64791 0.871379
0.245143 0.307998
0.246036 0.338321
0.248696 0.371158
0.253067 0.463561
0.259062 0.476271
0.266573 0.625749
0.275475 0.512237
0.285637 0.411603
0.296932 0.364066
0.309234 0.380891
0.322428 0.34836
0.33641 0.379813
0.351085 0.318968
0.36637 0.460743
0.382191 0.378275
0.398486 0.418905
0.415198 0.33891
0.432278 0.563939
0.449686 0.503929
0.467383 0.53922
0.48534 0.58858
0.503527 0.617254
0.521921 0.595949
0.5405 0.70488
0.559247 0.590692
0.578144 0.615925
0.597178 0.840612
0.616336 0.810738
0.635607 0.646844
0.65498 0.801672
0.264922 0.773359
0.265749 0.374341
0.268213 0.537465
0.272271 0.675573
0.277853 0.718283
0.284869 0.405586
0.293215 0.257782
0.302783 0.577069
0.31346 0.365494
0.325138 0.307796
0.337711 0.27714
0.351085 0.59962
0.36517 0.341356
0.379889 0.386017
0.39517 0.413434
0.41095 0.320754
0.427174 0.342991
0.443794 0.333089
0.460767 0.33085
0.478055 0.553887
0.495624 0.612627
0.513447 0.465789
0.531498 0.511887
0.549754 0.627276
0.568195 0.658004
0.586805 0.913683
0.605566 0.861975
0.624467 0.668619
0.643494 0.681967
0.662637 0.948948
0.284869 0.456814
0.285637 0.528956
0.287932 0.475131
0.291715 0.398702
0.296932 0.434661
0.303507 0.337038
0.311354 0.307981
0.320381 0.481805
0.33049 0.309752
0.341586 0.276685
0.353575 0.405246
0.36637 0.412851
0.379889 0.380656
0.394058 0.395061
0.40881 0.380224
0.424083 0.452682
0.439823 0.436422
0.455982 0.51858
0.472517 0.361336
0.48939 0.356279
0.506567 0.702519
0.524017 0.646867
0.541716 0.582189
0.559639 0.435165
0.577765 0.583166
0.596075 0.725276
0.614554 0.786247
0.633187 0.688731
0.651959 1.06235
0.670861 1.05994
0.304949 0.507114
0.305667 0.269208
0.307812 0.418622
0.311354 0.356242
0.316247 0.350695
0.322428 0.431429
0.329826 0.429763
0.33836 0.466566
0.347947 0.317739
0.358503 0.373255
0.369944 0.342741
0.382191 0.542779
0.39517 0.403588
0.40881 0.301492
0.423047 0.42479
0.437824 0.348619
0.453087 0.412926
0.468789 0.32766
0.484888 0.336464
0.501344 0.466055
0.518125 0.347626
0.535199 0.557203
0.552539 0.904208
0.570122 0.642949
0.587925 0.712336
0.605928 0.965849
0.624116 0.66459
0.642471 0.819624
0.66098 0.959292
0.67963 0.744885
0.325138 0.412833
0.325811 0.29505
0.327825 0.297302
0.331153 0.348424
0.335757 0.440495
0.341586 0.305459
0.348577 0.399921
0.356663 0.439597
0.36577 0.41425
0.375826 0.446242
0.386755 0.440229
0.398486 0.422361
0.41095 0.314708
0.424083 0.363973
0.437824 0.514331
0.452118 0.386897
0.466914 0.430953
0.482166 0.587142
0.497832 0.428907
0.513874 0.641017
0.530258 0.454456
0.546954 0.592758
0.563933 0.53881
0.581171 0.522312
0.598645 0.73359
0.616336 0.843655
0.634225 0.856075
0.652296 0.924169
0.670534 0.88078
0.688925 0.928086
0.345416 0.24766
0.346051 0.369971
0.347947 0.669091
0.351085 0.367467
0.355431 0.465913
0.360942 0.313073
0.367565 0.398384
0.375242 0.416303
0.383909 0.358041
0.393501 0.404342
0.403952 0.429771
0.415198 0.476509
0.427174 0.337062
0.439823 0.344915
0.453087 0.37302
0.466914 0.463329
0.481255 0.389068
0.496067 0.599558
0.511307 0.433575
0.526939 0.393965
0.542929 0.632386
0.559247 0.629827
0.575863 0.527065
0.592755 0.70161
0.609897 1.1191
0.62727 0.967327
0.644856 0.762936
0.662637 1.01166
0.680598 1.14753
0.698725 1.18061
0.36577 0.320366
0.36637 0.29462
0.368161 0.284468
0.371128 0.337346
0.375242 0.39088
0.380466 0.454561
0.386755 0.321788
0.394058 0.308483
0.40232 0.370652
0.411483 0.391157
0.421489 0.431521
0.432278 0.368698
0.443794 0.452233
0.455982 0.358178
0.468789 0.365296
0.482166 0.429459
0.496067 0.513257
0.510448 0.413406
0.525272 0.418465
0.5405 0.38585
0.5561 0.617979
0.572042 0.611921
0.588298 0.611937
0.604842 0.667869
0.621651 0.802761
0.638705 0.804019
0.655984 0.849962
0.673471 0.859149
0.69115 0.853863
0.709008 1.17479
0.386187 0.307386
0.386755 0.513149
0.388452 0.371623
0.391265 0.26846
0.39517 0.374506
0.400134 0.310415
0.406118 0.516387
0.413079 0.590814
0.420968 0.372978
0.429734 0.354335
0.439324 0.445592
0.449686 0.495487
0.460767 0.38725
0.472517 0.274198
0.484888 0.36117
0.497832 0.741163
0.511307 0.499168
0.525272 0.47615
0.539688 0.629255
0.554521 0.566991
0.569737 0.694361
0.585308 0.661475
0.601204 0.647487
0.617403 0.704755
0.633879 0.791423
0.650612 0.767304
0.667583 1.07276
0.684774 0.684556
0.702169 0.926244
0.719753 0.822584
0.406658 0.307994
0.407197 0.464947
0.40881 0.336314
0.411483 0.394277
0.415198 0.491024
0.419925 0.387848
0.425631 0.386377
0.432278 0.405412
0.439823 0.374349
0.44822 0.511553
0.457423 0.325315
0.467383 0.456369
0.478055 0.458656
0.48939 0.493542
0.501344 0.541977
0.513874 0.349924
0.526939 0.378818
0.5405 0.534583
0.554521 0.669
0.568967 0.475028
0.583807 0.578409
0.599012 0.741063
0.614554 0.910147
0.630409 0.852146
0.646554 0.972964
0.662968 0.812244
0.67963 1.0316
0.696524 0.985292
0.713633 0.797333
0.730941 1.37572
0.427174 0.356059
0.427688 0.439878
0.429223 0.426547
0.431771 0.480769
0.435312 0.377245
0.439823 0.535694
0.445275 0.361505
0.451632 0.395518
0.458859 0.373636
0.466914 0.45989
0.475755 0.426601
0.48534 0.580659
0.495624 0.589248
0.506567 0.416712
0.518125 0.366067
0.530258 0.480458
0.542929 0.649998
0.5561 0.71521
0.569737 0.806833
0.583807 0.630629
0.598279 0.586043
0.613125 0.656672
0.628319 0.660706
0.643835 1.16836
0.659651 1.056
0.675747 0.969685
0.692102 0.875003
0.708698 0.880436
0.72552 1.00932
0.742551 0.901471
0.447731 0.483129
0.44822 0.315623
0.449686 0.270226
0.452118 0.392696
0.455501 0.418764
0.459814 0.466314
0.465031 0.401219
0.471123 0.501147
0.478055 0.465023
0.485791 0.477465
0.494295 0.467212
0.503527 0.414827
0.513447 0.496433
0.524017 0.421161
0.535199 0.540571
0.546954 0.633735
0.559247 0.779761
0.572042 0.825449
0.585308 0.662552
0.599012 0.783949
0.613125 0.729528
0.62762 0.658065
0.642471 1.00635
0.657653 0.873228
0.673145 1.19027
0.688925 1.23743
0.704975 1.00749
0.721275 1.18863
0.73781 0.917303
0.754564 1.24173
0.468321 0.409291
0.468789 0.535797
0.470191 0.4357
0.472517 0.475928
0.475755 0.414236
0.479886 0.523378
0.484888 0.605951
0.490732 0.395957
0.497391 0.524566
0.504832 0.53707
0.51302 0.579794
0.521921 0.454805
0.531498 0.525662
0.541716 0.605144
0.552539 0.431706
0.563933 0.660314
0.575863 0.775669
0.588298 0.760312
0.601204 0.552057
0.614554 0.740602
0.628319 0.834961
0.642471 0.748971
0.656986 1.22141
0.671841 0.979738
0.687013 1.08639
0.702481 1.29617
0.718228 1.30479
0.734234 1.27038
0.750483 1.10666
0.766961 1.31842
0.488941 0.452057
0.48939 0.43866
0.490732 0.513087
0.492962 0.473616
0.496067 0.520076
0.50003 0.499559
0.504832 0.403352
0.510448 0.529249
0.516853 0.59455
0.524017 0.524975
0.53191 0.565006
0.5405 0.676499
0.549754 0.475374
0.559639 0.687381
0.570122 0.686291
0.581171 0.60595
0.592755 0.5721
0.604842 0.745906
0.617403 0.680053
0.630409 1.02531
0.643835 0.723246
0.657653 0.88609
0.671841 0.927743
0.686374 1.10531
0.701232 1.01955
0.716393 1.2933
0.731841 1.4644
0.747555 1.26121
0.763521 0.953614
0.779723 1.10373
0.509588 0.332206
0.510019 0.517788
0.511307 0.363455
0.513447 0.50139
0.516429 0.391071
0.520237 0.561319
0.524854 0.39451
0.530258 0.646601
0.536427 0.641966
0.543333 0.694146
0.550949 0.553021
0.559247 0.537015
0.568195 0.758229
0.577765 0.634993
0.587925 0.51339
0.598645 1.12654
0.609897 0.558702
0.621651 0.687823
0.633879 0.726389
0.646554 0.852919
0.659651 1.10977
0.673145 1.24691
0.687013 0.76125
0.701232 0.768821
0.715781 0.76115
0.730641 1.45464
0.745793 1.13594
0.76122 0.998222
0.776905 1.29053
0.792833 1.22396
0.530258 0.523408
0.530672 0.474333
0.53191 0.439777
0.533968 0.540693
0.536836 0.744612
0.5405 0.502976
0.544945 0.616572
0.550153 0.599995
0.5561 0.660654
0.562765 0.702208
0.570122 0.666081
0.578144 0.804034
0.586805 0.77562
0.596075 0.719979
0.605928 0.554563
0.616336 0.647016
0.62727 0.722971
0.638705 0.974068
0.650612 0.758145
0.662968 0.732076
0.675747 0.831561
0.688925 1.08063
0.702481 1.00717
0.716393 1.12923
0.730641 1.63067
0.745204 1.24176
0.760066 0.691688
0.775209 1.04923
0.790617 0.863648
0.806274 1.2043
0.550949 0.474651
0.551347 0.855662
0.552539 0.610813
0.554521 0.725018
0.557282 0.76072
0.560813 0.751886
0.565099 0.592973
0.570122 0.467942
0.575863 0.496847
0.582302 0.72171
0.589415 0.801878
0.597178 0.749471
0.605566 0.529548
0.614554 0.500687
0.624116 0.799098
0.634225 0.892441
0.644856 0.766264
0.655984 0.88058
0.667583 0.803664
0.67963 1.28617
0.692102 0.768825
0.704975 1.04267
0.718228 0.755689
0.731841 1.31573
0.745793 0.904668
0.760066 1.25464
0.774643 1.10898
0.789506 1.12835
0.80464 1.42289
0.82003 1.08914
0.571659 0.558751
0.572042 0.491385
0.573191 0.648095
0.575101 0.650875
0.577765 0.687458
0.581171 0.808599
0.585308 0.681255
0.590159 0.847475
0.595707 0.696019
0.601934 0.83574
0.608817 0.941996
0.616336 0.890167
0.624467 0.774763
0.633187 0.891436
0.642471 0.739108
0.652296 0.653992
0.662637 0.713573
0.673471 0.931501
0.684774 1.01022
0.696524 0.941995
0.708698 0.863733
0.721275 1.63233
0.734234 0.855584
0.747555 0.735924
0.76122 1.25189
0.775209 1.23727
0.789506 1.00805
0.804095 1.00809
0.818959 1.47841
0.834085 1.16556
0.592384 0.733475
0.592755 0.654752
0.593864 0.686554
0.595707 0.521584
0.598279 0.72228
0.601569 0.596776
0.605566 0.765176
0.610257 0.879789
0.615624 0.757162
0.621651 0.713273
0.628319 0.736729
0.635607 0.98163
0.643494 0.800326
0.651959 0.772801
0.66098 1.0068
0.670534 0.766473
0.680598 1.18292
0.69115 1.29096
0.702169 1.09271
0.713633 1.34527
0.72552 1.1284
0.73781 1.19054
0.750483 1.00678
0.763521 0.90204
0.776905 1.43268
0.790617 1.88217
0.80464 1.49142
0.818959 1.30681
0.833559 1.28445
0.848424 1.29285
0.613125 0.707579
0.613483 0.813597
0.614554 0.717301
0.616336 0.869458
0.618822 0.74195
0.622004 0.830635
0.62587 0.833
0.630409 0.843684
0.635607 1.16994
0.641446 0.912115
0.64791 0.747535
0.65498 1.00337
0.662637 0.860755
0.670861 1.16271
0.67963 1.0157
0.688925 1.30989
0.698725 1.16252
0.709008 1.08802
0.719753 1.24122
0.730941 0.946033
0.742551 0.735478
0.754564 0.960416
0.766961 1.19691
0.779723 1.40522
0.792833 1.1453
0.806274 1.04854
0.82003 1.19692
0.834085 1.09506
0.848424 1.24778
0.863033 1.09107
0.10472 63.6386
0.106794 2.983
0.112787 8.50007
0.122123 2.76767
0.134107 2.13465
0.148096 4.70714
0.163577 4.85549
0.180167 3.08786
0.197585 3.99476
0.215631 1.02007
0.23416 0.723581
0.253067 0.661522
0.272271 0.340006
0.291715 0.278723
0.311354 0.277845
0.331153 0.343578
0.351085 0.351692
0.371128 0.310815
0.391265 0.507666
0.411483 0.39871
0.431771 0.409706
0.452118 0.245971
0.472517 0.376456
0.492962 0.487667
0.513447 0.528775
0.533968 0.523125
0.554521 0.63319
0.575101 0.621986
0.595707 0.8773
0.616336 0.619019
0.106794 2.57569
0.108828 26.3865
0.114715 1.73549
0.123906 14.6547
0.135732 5.67304
0.14957 3.30551
0.164913 0.390469
0.18138 1.92853
0.198692 0.556879
0.216646 0.60245
0.235095 1.20819
0.253932 0.536054
0.273076 0.852979
0.292466 0.559254
0.312058 0.438192
0.331815 0.286672
0.351709 0.322163
0.371718 0.390383
0.391825 0.364771
0.412016 0.539296
0.432278 0.502647
0.452603 0.486651
0.472981 0.377018
0.493407 0.487857
0.513874 0.45432
0.534379 0.560978
0.554916 0.640171
0.575482 0.64776
0.596075 0.652217
0.616692 0.935872
0.112787 11.0102
0.114715 5.84861
0.120314 5.82754
0.129107 33.9505
0.140496 0.995161
0.153906 10.8031
0.168856 1.58499
0.184972 0.936112
0.201976 3.18857
0.219662 1.77491
0.237878 0.46001
0.25651 0.652025
0.275475 0.361505
0.294708 0.435947
0.314159 0.609688
0.333792 0.417181
0.353575 0.511867
0.373484 0.432493
0.393501 0.507829
0.41361 0.511353
0.433798 0.295845
0.454054 0.353794
0.47437 0.480518
0.494739 0.368532
0.515153 0.464769
0.535609 0.530345
0.5561 0.793445
0.576625 0.595673
0.597178 0.67012
0.617758 0.671493
0.122123 8.68952
0.123906 18.9272
0.129107 6.5587
0.137339 11.4305
0.148096 3.24103
0.160874 2.65441
0.17523 1.80284
0.190808 0.392425
0.207335 0.520845
0.224599 0.595031
0.242444 0.404868
0.26075 0.571996
0.279427 0.439986
0.298405 0.25419
0.317631 0.550829
0.337061 0.485283
0.356663 0.325396
0.376409 0.418187
0.396278 0.356632
0.416253 0.357782
0.436318 0.508633
0.456463 0.347428
0.476676 0.544155
0.49695 0.597088
0.517277 0.357679
0.537652 0.429579
0.558069 0.617962
0.578523 0.673441
0.599012 0.594601
0.61953 0.637544
0.134107 6.70541
0.135732 7.8431
0.140496 8.43772
0.148096 6.34725
0.158123 1.21737
0.170149 2.0949
0.183782 5.49534
0.198692 2.55524
0.214612 1.00057
0.231334 0.56153
0.248696 0.440016
0.266573 0.413718
0.284869 0.333396
0.303507 0.349022
0.322428 0.790738
0.341586 0.365185
0.360942 0.412761
0.380466 0.413673
0.400134 0.423257
0.419925 0.372734
0.439823 0.404802
0.459814 0.528764
0.479886 0.559102
0.50003 0.481341
0.520237 0.613552
0.5405 0.620352
0.560813 0.645109
0.581171 0.539356
0.601569 0.660253
0.622004 0.874026
0.148096 1.68925
0.14957 5.5579
0.153906 3.55908
0.160874 6.06733
0.170149 1.37506
0.18138 2.46115
0.194226 1.44075
0.20839 0.812145
0.22362 0.480929
0.239714 0.522711
0.25651 1.02431
0.273878 0.363669
0.291715 0.332445
0.309942 0.302569
0.328493 0.505998
0.347316 0.307366
0.36637 0.337665
0.385619 0.5306
0.405037 0.540642
0.4246 0.377341
0.444288 0.36603
0.464087 0.413905
0.483982 0.46768
0.503962 0.607123
0.524017 0.619791
0.54414 0.624944
0.564322 0.640514
0.584558 0.686612
0.604842 0.806406
0.625169 0.793151
0.163577 1.91234
0.164913 9.26691
0.168856 5.97112
0.17523 4.16613
0.183782 0.836811
0.194226 0.95858
0.206274 1.79839
0.219662 0.519973
0.23416 0.761428
0.249576 0.539714
0.265749 0.8476
0.282549 0.518362
0.299872 0.618303
0.317631 0.548439
0.335757 0.722984
0.354194 0.2483
0.372896 0.426788
0.391825 0.446943
0.41095 0.536934
0.430244 0.424107
0.449686 0.46024
0.469257 0.383432
0.488941 0.452631
0.508727 0.406401
0.528601 0.425901
0.548556 0.774908
0.568581 0.623308
0.58867 0.638533
0.608817 0.555998
0.629016 0.65037
0.180167 8.86376
0.18138 1.49478
0.184972 0.888821
0.190808 1.60945
0.198692 0.881593
0.20839 1.16967
0.219662 0.896354
0.23228 0.732426
0.246036 0.700614
0.26075 0.503426
0.27627 0.607496
0.292466 0.280777
0.309234 0.256879
0.326484 0.338065
0.344144 0.299928
0.362155 0.331401
0.380466 0.325406
0.399036 0.356009
0.417831 0.317825
0.436821 0.336332
0.455982 0.420978
0.475294 0.497934
0.494739 0.395461
0.514301 0.496183
0.533968 0.583077
0.553729 0.600906
0.573574 0.793692
0.593494 0.795285
0.613483 0.792842
0.633533 0.803744
0.197585 3.78564
0.198692 0.94625
0.201976 2.00782
0.207335 1.03908
0.214612 0.629198
0.22362 0.905281
0.23416 0.897732
0.246036 0.476462
0.259062 1.22249
0.273076 0.929949
0.287932 0.543589
0.303507 0.412392
0.319696 0.353636
0.33641 0.432817
0.353575 0.446711
0.371128 0.274824
0.389017 0.319812
0.407197 0.286951
0.425631 0.388781
0.444288 0.471134
0.463141 0.486226
0.482166 0.532374
0.501344 0.521705
0.520658 0.873948
0.540094 0.425154
0.559639 0.6263
0.579281 0.712462
0.599012 0.707116
0.618822 0.492943
0.638705 0.860098
0.215631 0.731977
0.216646 1.26784
0.219662 0.379967
0.224599 2.22415
0.231334 0.633913
0.239714 0.816058
0.249576 0.662651
0.26075 1.21901
0.273076 0.641046
0.286404 0.499489
0.300602 0.683099
0.315552 0.31746
0.331153 0.558251
0.347316 0.420577
0.363967 0.475047
0.381042 0.268216
0.398486 0.379071
0.416253 0.270634
0.434303 0.446289
0.452603 0.462902
0.471123 0.572771
0.489838 0.52264
0.508727 0.574794
0.527771 0.670735
0.546954 0.609481
0.566262 0.72692
0.585682 0.79973
0.605204 0.809253
0.624818 0.887515
0.644516 0.713752
0.23416 1.61032
0.235095 1.94397
0.237878 0.545595
0.242444 1.03129
0.248696 0.584615
0.25651 0.62526
0.265749 0.698693
0.27627 1.34693
0.287932 0.322472
0.300602 0.423286
0.314159 0.505346
0.328493 0.28272
0.343506 0.341943
0.359114 0.382277
0.375242 0.43581
0.391825 0.371936
0.40881 0.381149
0.426146 0.36077
0.443794 0.563278
0.461718 0.382432
0.479886 0.361082
0.498272 0.545586
0.516853 0.434476
0.535609 0.564891
0.554521 0.670362
0.573574 0.424308
0.592755 0.933023
0.612051 0.705691
0.631452 0.836301
0.650949 0.968581
0.253067 1.2343
0.253932 0.596219
0.25651 0.493567
0.26075 0.636687
0.266573 0.479363
0.273878 0.343646
0.282549 0.352441
0.292466 0.557131
0.303507 0.647672
0.315552 0.393842
0.328493 0.459123
0.342227 0.40107
0.356663 0.862876
0.371718 0.282431
0.387322 0.629453
0.403409 0.378335
0.419925 0.427315
0.436821 0.316276
0.454054 0.382373
0.471588 0.416616
0.48939 0.507538
0.507432 0.479153
0.525689 0.532097
0.54414 0.475854
0.562765 0.633379
0.581548 0.885251
0.600474 0.713134
0.61953 0.96552
0.638705 0.982243
0.657987 0.729132
0.272271 0.641961
0.273076 0.288679
0.275475 0.383841
0.279427 0.481295
0.284869 0.540247
0.291715 0.62744
0.299872 0.600581
0.309234 0.466792
0.319696 0.475024
0.331153 0.387323
0.343506 0.265102
0.356663 0.378846
0.370536 0.253112
0.38505 0.346805
0.400134 0.288131
0.415726 0.546004
0.431771 0.355574
0.44822 0.328862
0.465031 0.370256
0.482166 0.630837
0.499591 0.662758
0.517277 0.487686
0.535199 0.629363
0.553333 0.606926
0.571659 0.584173
0.590159 0.751544
0.608817 0.574774
0.62762 0.834389
0.646554 1.20699
0.665609 0.726212
0.291715 0.34113
0.292466 0.43304
0.294708 0.36927
0.298405 0.327918
0.303507 0.348686
0.309942 0.54103
0.317631 0.502148
0.326484 0.553361
0.33641 0.496404
0.347316 0.332351
0.359114 0.516188
0.371718 0.271737
0.38505 0.40547
0.399036 0.36199
0.41361 0.335174
0.428712 0.408194
0.444288 0.349623
0.460291 0.535826
0.476676 0.319272
0.493407 0.802645
0.510448 0.650835
0.527771 0.414217
0.545348 0.549017
0.563155 0.619062
0.581171 0.730748
0.599378 0.603382
0.617758 0.782769
0.636296 0.809444
0.65498 1.08178
0.673797 0.979425
0.311354 0.476943
0.312058 0.652996
0.314159 0.417792
0.317631 0.35719
0.322428 0.571317
0.328493 0.299404
0.335757 0.324857
0.344144 0.37194
0.353575 0.337336
0.363967 0.292925
0.375242 0.448335
0.387322 0.428316
0.400134 0.434024
0.41361 0.387366
0.427688 0.293671
0.442309 0.37083
0.457423 0.469122
0.472981 0.427451
0.488941 0.300899
0.505266 0.496717
0.521921 0.518761
0.538874 0.545886
0.5561 0.617118
0.573574 0.820447
0.591273 0.664213
0.609177 0.865044
0.62727 0.877307
0.645536 0.750066
0.66396 0.895662
0.682529 0.593943
0.331153 0.440703
0.331815 0.518752
0.333792 0.492934
0.337061 0.327494
0.341586 0.26848
0.347316 0.283529
0.354194 0.41901
0.362155 0.288063
0.371128 0.251783
0.381042 0.331794
0.391825 0.538887
0.403409 0.421067
0.415726 0.554793
0.428712 0.349662
0.442309 0.415864
0.456463 0.646664
0.471123 0.35953
0.486243 0.456778
0.501781 0.549437
0.517701 0.429318
0.533968 0.59877
0.550551 0.879282
0.567423 0.758483
0.584558 0.704106
0.601934 0.624347
0.61953 0.801852
0.63733 0.89984
0.655315 1.03322
0.673471 0.865613
0.691785 0.924289
0.351085 0.465033
0.351709 0.294275
0.353575 0.386739
0.356663 0.417405
0.360942 0.425836
0.36637 0.383536
0.372896 0.329258
0.380466 0.418454
0.389017 0.406691
0.398486 0.385181
0.40881 0.336467
0.419925 0.43636
0.431771 0.475798
0.444288 0.508391
0.457423 0.450173
0.471123 0.516605
0.48534 0.567487
0.50003 0.446319
0.515153 0.554562
0.530672 0.642858
0.546553 0.635663
0.562765 0.561511
0.579281 0.627778
0.596075 0.600758
0.613125 0.731479
0.630409 0.697293
0.64791 0.793644
0.665609 0.635907
0.683492 0.861842
0.701544 0.881375
0.371128 0.321495
0.371718 0.54785
0.373484 0.393368
0.376409 0.365738
0.380466 0.454989
0.385619 0.499304
0.391825 0.372018
0.399036 0.385631
0.407197 0.250689
0.416253 0.367324
0.426146 0.383303
0.436821 0.426332
0.44822 0.417004
0.460291 0.456092
0.472981 0.614918
0.486243 0.351472
0.50003 0.470005
0.514301 0.643592
0.529016 0.555032
0.54414 0.606313
0.559639 0.514967
0.575482 0.554708
0.591643 0.698972
0.608096 1.0427
0.624818 0.879229
0.641788 1.26786
0.658986 0.80858
0.676396 1.10617
0.694001 1.03954
0.711786 0.860037
0.391265 0.495565
0.391825 0.315233
0.393501 0.277502
0.396278 0.504452
0.400134 0.24832
0.405037 0.347347
0.41095 0.440424
0.417831 0.40874
0.425631 0.389085
0.434303 0.577049
0.443794 0.42518
0.454054 0.336423
0.465031 0.360173
0.476676 0.410085
0.488941 0.381782
0.501781 0.512777
0.515153 0.585113
0.529016 0.57269
0.543333 0.844449
0.558069 0.45539
0.573191 0.827856
0.58867 0.699146
0.604479 0.665776
0.620592 1.29285
0.636985 0.65112
0.653639 0.951636
0.670534 0.713943
0.687651 0.776871
0.704975 0.973012
0.72249 0.832549
0.411483 0.500616
0.412016 0.310036
0.41361 0.297654
0.416253 0.306194
0.419925 0.377748
0.4246 0.410846
0.430244 0.358434
0.436821 0.405393
0.444288 0.297202
0.452603 0.36261
0.461718 0.441317
0.471588 0.395805
0.482166 0.355216
0.493407 0.627301
0.505266 0.544794
0.517701 0.472984
0.530672 0.61587
0.54414 0.495649
0.558069 0.483024
0.572425 0.539771
0.587178 0.816043
0.602298 0.797694
0.617758 0.789411
0.633533 0.830883
0.6496 0.840121
0.665939 0.865068
0.682529 0.927206
0.699352 1.19717
0.716393 1.02855
0.733636 1.41513
0.431771 0.297222
0.432278 0.378517
0.433798 0.418359
0.436318 0.38609
0.439823 0.545507
0.444288 0.371742
0.449686 0.36762
0.455982 0.340658
0.463141 0.380032
0.471123 0.516873
0.479886 0.418702
0.48939 0.50599
0.499591 0.374151
0.510448 0.569584
0.521921 0.670427
0.533968 0.559827
0.546553 0.654281
0.559639 0.583353
0.573191 0.820977
0.587178 0.851044
0.601569 0.78989
0.616336 0.74053
0.631452 1.02513
0.646894 0.791391
0.662637 0.592162
0.678662 0.866395
0.694948 0.843596
0.711478 1.25211
0.728235 1.25324
0.745204 0.949507
0.452118 0.394182
0.452603 0.409513
0.454054 0.51464
0.456463 0.516391
0.459814 0.385165
0.464087 0.292226
0.469257 0.609387
0.475294 0.668569
0.482166 0.321465
0.489838 0.642547
0.498272 0.479424
0.507432 0.685461
0.517277 0.4146
0.527771 0.539827
0.538874 0.353447
0.550551 0.460994
0.562765 0.51502
0.575482 0.391455
0.58867 0.732439
0.602298 0.767081
0.616336 0.720285
0.630757 0.622888
0.645536 0.979494
0.660648 0.76773
0.676071 0.7301
0.691785 0.962669
0.707769 0.791675
0.724007 1.01471
0.74048 1.26622
0.757175 0.877587
0.472517 0.375847
0.472981 0.613864
0.47437 0.48886
0.476676 0.562038
0.479886 0.563239
0.483982 0.696613
0.488941 0.599184
0.494739 0.568971
0.501344 0.36114
0.508727 0.613849
0.516853 0.575426
0.525689 0.572773
0.535199 0.627521
0.545348 0.634437
0.5561 0.7518
0.567423 0.554737
0.579281 0.719322
0.591643 0.897717
0.604479 0.699656
0.617758 0.650085
0.631452 0.607411
0.645536 0.94722
0.659984 1.01114
0.674772 0.829724
0.68988 1.2499
0.705286 1.0519
0.720971 1.01369
0.736918 1.02589
0.753109 1.23963
0.76953 0.841866
0.492962 0.563919
0.493407 0.427769
0.494739 0.336807
0.49695 0.520959
0.50003 0.513
0.503962 0.519593
0.508727 0.418466
0.514301 0.383156
0.520658 0.391163
0.527771 0.519108
0.535609 0.434877
0.54414 0.557436
0.553333 0.538951
0.563155 0.664724
0.573574 0.468146
0.584558 0.737067
0.596075 0.829736
0.608096 0.814609
0.620592 0.967721
0.633533 0.630947
0.646894 0.841308
0.660648 0.952292
0.674772 0.930675
0.689244 0.831726
0.704041 1.04001
0.719143 0.723686
0.734533 0.782669
0.750191 1.40471
0.766102 1.25223
0.78225 1.18091
0.513447 0.689692
0.513874 0.523343
0.515153 0.370769
0.517277 0.398582
0.520237 0.474388
0.524017 0.761056
0.528601 0.842815
0.533968 0.49244
0.540094 0.60596
0.546954 0.514831
0.554521 0.669958
0.562765 0.824583
0.571659 0.813404
0.581171 0.786253
0.591273 0.597748
0.601934 0.826221
0.613125 0.672918
0.624818 1.11979
0.636985 0.734341
0.6496 0.808852
0.662637 0.948804
0.676071 0.733472
0.68988 0.818766
0.704041 1.14479
0.718533 1.16033
0.733337 0.918221
0.748435 1.01881
0.763808 1.21305
0.779441 1.12758
0.795319 1.16913
0.533968 0.472874
0.534379 0.50414
0.535609 0.613236
0.537652 0.754231
0.5405 0.51843
0.54414 0.635818
0.548556 0.564856
0.553729 0.584248
0.559639 0.542105
0.566262 0.615469
0.573574 0.984326
0.581548 0.698576
0.590159 0.754674
0.599378 0.740788
0.609177 0.568246
0.61953 0.997866
0.630409 0.561096
0.641788 0.801648
0.653639 0.790849
0.665939 0.730935
0.678662 0.83977
0.691785 0.938741
0.705286 0.762404
0.719143 0.844173
0.733337 1.08122
0.747849 1.24641
0.762659 1.08963
0.777751 0.912625
0.79311 1.01061
0.808719 1.26524
0.554521 0.631154
0.554916 0.559939
0.5561 0.382289
0.558069 0.676146
0.560813 0.573979
0.564322 0.699632
0.568581 0.729112
0.573574 0.778871
0.579281 0.690585
0.585682 0.591905
0.592755 0.550102
0.600474 0.758259
0.608817 0.912628
0.617758 0.794289
0.62727 0.753181
0.63733 0.740018
0.64791 0.767892
0.658986 0.775846
0.670534 0.701639
0.682529 1.0794
0.694948 0.886394
0.707769 0.929349
0.720971 1.3842
0.734533 1.0863
0.748435 1.31018
0.762659 1.1285
0.777187 1.13681
0.792003 0.963374
0.80709 1.13606
0.822434 1.17335
0.575101 0.590783
0.575482 0.694153
0.576625 0.778566
0.578523 0.690947
0.581171 0.647649
0.584558 0.699795
0.58867 0.820497
0.593494 0.692156
0.599012 0.615255
0.605204 0.98669
0.612051 0.74391
0.61953 0.601202
0.62762 0.84419
0.636296 1.00879
0.645536 0.704335
0.655315 0.829882
0.665609 0.865289
0.676396 0.878953
0.687651 0.628322
0.699352 1.04712
0.711478 1.22611
0.724007 1.09595
0.736918 1.52261
0.750191 0.890423
0.763808 1.0935
0.777751 1.25133
0.792003 0.889311
0.806546 1.82161
0.821366 1.46247
0.836448 1.22645
0.595707 1.08931
0.596075 0.56367
0.597178 0.61112
0.599012 0.915725
0.601569 0.690316
0.604842 0.866668
0.608817 0.686007
0.613483 0.667481
0.618822 0.794554
0.624818 0.737185
0.631452 1.02417
0.638705 0.811797
0.646554 0.931158
0.65498 0.646966
0.66396 0.79166
0.673471 1.06038
0.683492 0.936537
0.694001 0.670299
0.704975 1.23226
0.716393 0.983929
0.728235 0.795791
0.74048 1.16537
0.753109 0.916611
0.766102 0.908764
0.779441 0.904838
0.79311 1.18501
0.80709 1.3013
0.821366 1.08776
0.835923 1.3093
0.850747 0.803042
0.616336 1.05906
0.616692 0.75807
0.617758 0.82601
0.61953 0.758585
0.622004 0.901194
0.625169 0.755533
0.629016 0.893017
0.633533 0.625277
0.638705 0.818981
0.644516 0.885844
0.650949 0.822615
0.657987 0.849784
0.665609 0.675984
0.673797 0.884512
0.682529 0.965355
0.691785 0.859119
0.701544 1.0193
0.711786 1.05618
0.72249 0.993423
0.733636 0.902068
0.745204 0.868621
0.757175 1.23914
0.76953 1.23
0.78225 1.20876
0.795319 0.881671
0.808719 1.08252
0.822434 1.05804
0.836448 1.44436
0.850747 1.08994
0.865317 0.959692
0.125664 5.47422
0.127397 0.628242
0.132461 0.569236
0.140496 10.7018
0.151029 3.73766
0.163577 9.21961
0.177715 2.01305
0.193094 0.448782
0.20944 0.877321
0.226543 0.718824
0.244246 0.614172
0.262427 0.408045
0.280993 0.439117
0.299872 0.282139
0.319009 0.36083
0.33836 0.485953
0.35789 0.340262
0.377572 0.531873
0.397384 0.421336
0.417305 0.509842
0.437323 0.437834
0.457423 0.399736
0.477596 0.458734
0.497832 0.511323
0.518125 0.605202
0.538467 0.852511
0.558854 0.708516
0.579281 0.5637
0.599743 0.57515
0.620238 0.961453
0.127397 2.03398
0.129107 1.03328
0.134107 6.3794
0.142049 1.32381
0.152474 2.64062
0.164913 2.86636
0.178945 1.05459
0.194226 1.49107
0.210484 0.646699
0.22751 0.958594
0.245143 0.488982
0.263261 0.422515
0.281772 0.450226
0.300602 0.301257
0.319696 0.313992
0.339007 0.344187
0.358503 0.421406
0.378153 0.335631
0.397935 0.450504
0.417831 0.369126
0.437824 0.498532
0.457902 0.482075
0.478055 0.523811
0.498272 0.494303
0.518548 0.544605
0.538874 0.392419
0.559247 0.756432
0.57966 0.772626
0.600109 0.642642
0.620592 0.797331
0.132461 3.92865
0.134107 4.51971
0.138926 1.83441
0.146608 4.50862
0.15673 5.9796
0.168856 4.2349
0.182585 1.36938
0.197585 1.62823
0.213587 0.681661
0.230383 0.79588
0.247812 0.434153
0.265749 0.558753
0.284098 0.514629
0.302783 0.315469
0.321747 0.340054
0.340943 0.498049
0.360333 0.395574
0.379889 0.499487
0.399585 0.292549
0.419402 0.371729
0.439324 0.461726
0.459337 0.390534
0.479429 0.488725
0.499591 0.590463
0.519815 0.456187
0.540094 0.643739
0.560422 0.627489
0.580794 0.616924
0.601204 0.733197
0.621651 1.07824
0.140496 19.79
0.142049 6.09615
0.146608 0.658369
0.153906 3.82367
0.163577 4.13482
0.17523 0.836718
0.188496 2.3185
0.203059 2.10773
0.218661 0.800357
0.235095 1.38386
0.252199 0.525721
0.269844 0.807036
0.287932 0.444405
0.306384 0.721949
0.325138 0.52453
0.344144 0.250081
0.363364 0.23033
0.382765 0.403625
0.40232 0.36858
0.422009 0.303202
0.441813 0.485197
0.461718 0.306048
0.481711 0.490129
0.501781 0.369619
0.521921 0.501875
0.542121 0.613791
0.562375 0.576663
0.582679 0.583485
0.603026 0.880145
0.623412 0.837313
0.151029 3.38023
0.152474 1.29175
0.15673 1.12522
0.163577 1.87255
0.172708 4.01072
0.183782 1.44603
0.196472 1.14499
0.210484 2.44167
0.225573 0.857321
0.241537 1.74687
0.258214 0.373799
0.275475 0.481268
0.293215 0.490637
0.311354 0.543036
0.329826 0.379394
0.348577 0.444725
0.367565 0.501401
0.386755 0.367397
0.406118 0.346111
0.425631 0.369333
0.445275 0.390759
0.465031 0.45882
0.484888 0.492869
0.504832 0.466071
0.524854 0.617435
0.544945 0.622657
0.565099 0.453765
0.585308 0.500278
0.605566 0.810521
0.62587 0.940943
0.163577 0.539805
0.164913 1.33363
0.168856 1.70333
0.17523 1.20324
0.183782 0.98431
0.194226 0.764151
0.206274 0.447802
0.219662 0.634491
0.23416 0.417276
0.249576 0.420459
0.265749 0.626648
0.282549 0.325481
0.299872 0.557475
0.317631 0.301764
0.335757 0.332875
0.354194 0.294521
0.372896 0.450891
0.391825 0.432006
0.41095 0.336367
0.430244 0.330081
0.449686 0.359354
0.469257 0.41345
0.488941 0.525374
0.508727 0.498205
0.528601 0.547323
0.548556 0.709241
0.568581 0.608215
0.58867 0.899651
0.608817 0.88011
0.629016 0.916607
0.177715 1.43292
0.178945 1.66008
0.182585 1.12219
0.188496 0.747429
0.196472 2.70423
0.206274 0.48509
0.217656 0.437375
0.230383 0.837663
0.244246 0.623594
0.259062 0.546731
0.274677 0.604035
0.290963 0.576795
0.307812 0.361561
0.325138 0.322813
0.342867 0.47999
0.360942 0.343776
0.379311 0.364053
0.397935 0.337942
0.416779 0.294942
0.435815 0.512616
0.455019 0.366716
0.47437 0.402625
0.493851 0.585624
0.513447 0.421172
0.533146 0.624438
0.552936 0.835465
0.572808 0.495882
0.592755 0.482452
0.612767 0.636529
0.63284 0.767524
0.193094 5.95389
0.194226 1.35172
0.197585 1.64122
0.203059 0.752098
0.210484 1.10469
0.219662 0.89915
0.230383 0.357981
0.242444 0.524358
0.255654 0.533167
0.269844 0.491723
0.284869 0.514999
0.300602 0.487092
0.316939 0.354607
0.333792 0.257226
0.351085 0.342311
0.368756 0.457202
0.386755 0.438802
0.405037 0.298634
0.423565 0.319426
0.442309 0.616082
0.461243 0.570602
0.480343 0.607802
0.499591 0.317069
0.518971 0.674788
0.538467 0.737161
0.558069 0.657552
0.577765 0.589177
0.597545 0.711803
0.617403 0.622713
0.63733 0.681059
0.20944 3.32007
0.210484 0.612982
0.213587 0.571545
0.218661 1.50606
0.225573 1.88582
0.23416 1.01761
0.244246 0.431548
0.255654 0.73023
0.268213 0.583918
0.281772 0.493394
0.296192 0.411217
0.311354 0.381042
0.327155 0.578891
0.343506 0.295616
0.360333 0.43304
0.377572 0.221832
0.39517 0.331939
0.413079 0.32981
0.431262 0.382031
0.449686 0.47377
0.468321 0.632608
0.487144 0.398524
0.506133 0.546163
0.525272 0.441417
0.544543 0.495583
0.563933 0.492069
0.583431 0.55989
0.603026 0.724965
0.622708 0.70477
0.642471 0.766141
0.226543 0.908244
0.22751 0.913346
0.230383 1.52187
0.235095 0.919087
0.241537 0.689295
0.249576 0.41002
0.259062 0.43404
0.269844 0.421426
0.281772 0.628126
0.294708 0.464424
0.308524 0.376068
0.323108 0.513443
0.33836 0.276972
0.354194 0.347495
0.370536 0.401597
0.387322 0.358117
0.404495 0.425648
0.422009 0.485761
0.439823 0.35856
0.457902 0.434374
0.476216 0.494983
0.494739 0.464951
0.513447 0.569061
0.532323 0.659399
0.551347 0.413688
0.570506 0.630733
0.589787 0.734163
0.609177 0.939057
0.628667 0.872379
0.648248 0.889691
0.244246 2.47526
0.245143 0.649253
0.247812 1.16429
0.252199 0.436337
0.258214 1.122
0.265749 0.682647
0.274677 0.61719
0.284869 0.492622
0.296192 0.455127
0.308524 0.302456
0.321747 0.271788
0.335757 0.429453
0.350459 0.355698
0.36577 0.265773
0.381617 0.296769
0.397935 0.274333
0.414669 0.314452
0.431771 0.311274
0.449198 0.410977
0.466914 0.307448
0.484888 0.418424
0.503091 0.766901
0.5215 0.589209
0.540094 1.01273
0.558854 0.612777
0.577765 0.524374
0.596811 0.975182
0.61598 0.747164
0.635261 0.617592
0.654645 1.0541
0.262427 0.535345
0.263261 0.825847
0.265749 0.6105
0.269844 0.484302
0.275475 0.28009
0.282549 0.422129
0.290963 0.732298
0.300602 0.513242
0.311354 0.341443
0.323108 0.281666
0.335757 0.467708
0.349205 0.289743
0.363364 0.392776
0.378153 0.393226
0.393501 0.403834
0.409346 0.324284
0.425631 0.417513
0.442309 0.293027
0.459337 0.501903
0.476676 0.426346
0.494295 0.777089
0.512164 0.534674
0.530258 0.672864
0.548556 0.736416
0.567036 0.613068
0.585682 0.696727
0.604479 0.630034
0.623412 0.560207
0.642471 0.823957
0.661643 0.896457
0.280993 0.555476
0.281772 0.617778
0.284098 0.343877
0.287932 0.978134
0.293215 0.370099
0.299872 0.561046
0.307812 0.466412
0.316939 0.317342
0.327155 0.365268
0.33836 0.318364
0.350459 0.360365
0.363364 0.358875
0.376991 0.370488
0.391265 0.40416
0.406118 0.285196
0.421489 0.464071
0.437323 0.484853
0.453571 0.334913
0.470191 0.554667
0.487144 0.489951
0.504397 0.591721
0.521921 0.571589
0.539688 0.453965
0.557676 0.466406
0.575863 0.606831
0.594233 0.525872
0.612767 0.531014
0.631452 0.629757
0.650275 0.731993
0.669224 1.2368
0.299872 0.299037
0.300602 0.297066
0.302783 0.682835
0.306384 0.275264
0.311354 0.431231
0.317631 0.344164
0.325138 0.417018
0.333792 0.349813
0.343506 0.30512
0.354194 0.368216
0.36577 0.380689
0.378153 0.396281
0.391265 0.363023
0.405037 0.361098
0.419402 0.315924
0.434303 0.68903
0.449686 0.448363
0.465503 0.517536
0.481711 0.496765
0.498272 0.315972
0.515153 0.405359
0.532323 0.472979
0.549754 0.422647
0.567423 0.661142
0.585308 0.69668
0.603389 0.776364
0.621651 0.876237
0.640077 1.00752
0.658653 0.960535
0.677368 0.777961
0.319009 0.470147
0.319696 0.476038
0.321747 0.35454
0.325138 0.550956
0.329826 0.376237
0.335757 0.439521
0.342867 0.242649
0.351085 0.433306
0.360333 0.498493
0.370536 0.425564
0.381617 0.46117
0.393501 0.263175
0.406118 0.377815
0.419402 0.363424
0.433292 0.315266
0.447731 0.517232
0.462667 0.547234
0.478055 0.608999
0.493851 0.525153
0.510019 0.803515
0.526523 0.499153
0.543333 0.657996
0.560422 0.818865
0.577765 0.571805
0.595339 0.659584
0.613125 0.8208
0.631105 0.814493
0.649262 0.910892
0.667583 0.834377
0.686054 0.917341
0.33836 0.305211
0.339007 0.310734
0.340943 0.380108
0.344144 0.509902
0.348577 0.627403
0.354194 0.438731
0.360942 0.242433
0.368756 0.393979
0.377572 0.485235
0.387322 0.266614
0.397935 0.318008
0.409346 0.409341
0.421489 0.501776
0.434303 0.413608
0.447731 0.672393
0.461718 0.411322
0.476216 0.66662
0.491179 0.365572
0.506567 0.52754
0.522341 0.45861
0.538467 0.605228
0.554916 0.471568
0.571659 0.648802
0.58867 0.826277
0.605928 0.548804
0.623412 1.1292
0.641104 0.758745
0.658986 0.80839
0.677044 0.938273
0.695263 0.718489
0.35789 0.324687
0.358503 0.360077
0.360333 0.279871
0.363364 0.356347
0.367565 0.340831
0.372896 0.18713
0.379311 0.465619
0.386755 0.334091
0.39517 0.480761
0.404495 0.636936
0.414669 0.342808
0.425631 0.638513
0.437323 0.458081
0.449686 0.354201
0.462667 0.55384
0.476216 0.516743
0.490285 0.436297
0.504832 0.465238
0.519815 0.445273
0.535199 0.689322
0.550949 0.601137
0.567036 0.814523
0.583431 0.850638
0.600109 0.65716
0.617047 0.827918
0.634225 0.839147
0.651623 1.13405
0.669224 0.646553
0.687013 1.04684
0.704975 0.874393
0.377572 0.411072
0.378153 0.436524
0.379889 0.46974
0.382765 0.243629
0.386755 0.309763
0.391825 0.466874
0.397935 0.499934
0.405037 0.583619
0.413079 0.513304
0.422009 0.350645
0.431771 0.452619
0.442309 0.348401
0.453571 0.375733
0.465503 0.389416
0.478055 0.474384
0.491179 0.397208
0.504832 0.571885
0.518971 0.600345
0.533557 0.883229
0.548556 0.861491
0.563933 0.65645
0.57966 0.599366
0.595707 0.944946
0.612051 0.667757
0.628667 0.740406
0.645536 1.01339
0.662637 0.827151
0.679953 0.997766
0.697468 0.936968
0.715168 1.09121
0.397384 0.452702
0.397935 0.381249
0.399585 0.527356
0.40232 0.289978
0.406118 0.36861
0.41095 0.594192
0.416779 0.39345
0.423565 0.403515
0.431262 0.39888
0.439823 0.369959
0.449198 0.453181
0.459337 0.590272
0.470191 0.435409
0.481711 0.489017
0.493851 0.547239
0.506567 0.458921
0.519815 0.476787
0.533557 0.487998
0.547755 0.598441
0.562375 0.585579
0.577385 0.62737
0.592755 0.547068
0.608457 0.770518
0.624467 1.0573
0.640762 1.04815
0.65732 0.87824
0.674122 1.00327
0.69115 0.90163
0.708389 0.933679
0.725822 1.18708
0.417305 0.362888
0.417831 0.266218
0.419402 0.445592
0.422009 0.442222
0.425631 0.476522
0.430244 0.544954
0.435815 0.342
0.442309 0.415985
0.449686 0.435966
0.457902 0.422398
0.466914 0.424877
0.476676 0.406809
0.487144 0.438296
0.498272 0.438549
0.510019 0.507763
0.522341 0.724253
0.535199 0.824377
0.548556 0.669861
0.562375 0.469251
0.576625 0.498169
0.591273 0.641132
0.60629 0.582262
0.621651 0.826682
0.63733 1.22758
0.653304 0.886116
0.669552 1.05541
0.686054 1.05113
0.702794 1.04065
0.719753 0.853588
0.736918 1.22996
0.437323 0.299172
0.437824 0.416405
0.439324 0.390456
0.441813 0.373892
0.445275 0.470702
0.449686 0.319178
0.455019 0.639848
0.461243 0.422894
0.468321 0.619164
0.476216 0.552257
0.484888 0.563532
0.494295 0.309652
0.504397 0.651296
0.515153 0.635903
0.526523 0.627599
0.538467 0.600299
0.550949 0.633665
0.563933 0.665998
0.577385 0.656144
0.591273 0.839575
0.605566 0.763978
0.620238 0.695643
0.635261 0.88837
0.650612 0.735475
0.666268 0.83075
0.682207 1.02558
0.698411 0.851016
0.714861 1.0209
0.731541 1.23193
0.748435 1.29084
0.457423 0.397601
0.457902 0.429598
0.459337 0.489751
0.461718 0.401275
0.465031 0.524098
0.469257 0.388616
0.47437 0.44324
0.480343 0.701645
0.487144 0.54853
0.494739 0.582477
0.503091 0.589896
0.512164 0.537743
0.521921 0.765849
0.532323 0.572533
0.543333 0.453772
0.554916 0.570248
0.567036 0.560299
0.57966 0.501936
0.592755 0.823291
0.60629 0.5914
0.620238 0.722261
0.634571 0.777799
0.649262 0.896456
0.66429 0.917859
0.67963 0.914887
0.695263 0.94811
0.71117 1.01765
0.727331 1.05521
0.743731 0.840793
0.760355 1.23247
0.477596 0.401893
0.478055 0.468185
0.479429 0.556701
0.481711 0.401918
0.484888 0.622997
0.488941 0.298476
0.493851 0.415617
0.499591 0.599096
0.506133 0.71127
0.513447 0.58391
0.5215 0.384796
0.530258 0.629549
0.539688 0.607367
0.549754 0.509928
0.560422 0.924026
0.571659 0.729065
0.583431 0.672964
0.595707 1.03586
0.608457 0.848638
0.621651 0.800092
0.635261 0.940758
0.649262 1.26675
0.663629 1.13817
0.678338 0.726644
0.693368 0.862882
0.708698 1.21155
0.72431 1.44271
0.740184 0.943144
0.756306 0.59746
0.772659 1.20712
0.497832 0.50076
0.498272 0.447172
0.499591 0.546946
0.501781 0.542872
0.504832 0.410645
0.508727 0.297597
0.513447 0.541431
0.518971 0.59877
0.525272 0.513898
0.532323 0.41165
0.540094 0.504561
0.548556 0.739197
0.557676 0.597394
0.567423 0.61086
0.577765 0.504567
0.58867 0.439786
0.600109 0.636404
0.612051 0.559865
0.624467 0.802752
0.63733 0.709568
0.650612 0.686471
0.66429 0.874728
0.678338 0.896761
0.692735 0.853605
0.707459 1.19995
0.72249 1.3819
0.73781 0.907677
0.7534 1.59694
0.769245 1.02931
0.785328 0.849418
0.518125 0.436554
0.518548 0.482191
0.519815 0.649902
0.521921 0.594012
0.524854 0.461472
0.528601 0.547999
0.533146 0.785596
0.538467 0.553508
0.544543 0.675114
0.551347 0.657176
0.558854 0.478578
0.567036 0.670556
0.575863 0.770242
0.585308 0.777587
0.595339 0.517871
0.605928 0.680678
0.617047 0.69583
0.628667 0.876012
0.640762 0.763954
0.653304 1.04601
0.666268 1.08535
0.67963 0.904694
0.693368 1.03317
0.707459 1.0408
0.721883 1.25738
0.73662 1.12502
0.751652 1.36371
0.766961 0.984629
0.782531 1.17869
0.798346 1.45386
0.538467 0.488139
0.538874 0.52271
0.540094 0.678014
0.542121 0.599495
0.544945 0.525739
0.548556 0.746953
0.552936 0.702899
0.558069 0.818993
0.563933 0.576092
0.570506 0.718003
0.577765 0.617189
0.585682 0.849752
0.594233 0.995563
0.603389 0.727825
0.613125 0.773613
0.623412 0.798265
0.634225 0.83459
0.645536 0.823911
0.65732 1.29191
0.669552 1.00989
0.682207 0.97625
0.695263 0.876068
0.708698 0.933992
0.72249 1.1694
0.73662 0.802207
0.751068 1.32991
0.765816 1.30957
0.780847 0.777475
0.796146 1.16717
0.811696 0.969362
0.558854 0.51244
0.559247 0.598498
0.560422 0.582541
0.562375 0.803034
0.565099 0.756499
0.568581 0.399229
0.572808 0.775309
0.577765 0.694961
0.583431 0.636008
0.589787 0.98091
0.596811 0.620025
0.604479 0.748781
0.612767 0.555321
0.621651 0.849843
0.631105 1.0099
0.641104 0.610525
0.651623 1.17735
0.662637 0.822818
0.674122 1.10565
0.686054 0.908003
0.698411 1.4326
0.71117 0.969413
0.72431 1.22534
0.73781 1.19352
0.751652 0.928706
0.765816 1.02754
0.780285 1.06557
0.795043 1.50269
0.810073 1.24807
0.825362 0.867008
0.579281 0.45897
0.57966 0.549293
0.580794 0.670492
0.582679 0.856217
0.585308 0.698641
0.58867 0.529521
0.592755 0.688977
0.597545 0.788713
0.603026 1.09498
0.609177 0.643783
0.61598 0.689748
0.623412 0.526962
0.631452 0.894805
0.640077 1.13331
0.649262 0.861798
0.658986 0.784457
0.669224 0.697278
0.679953 0.990068
0.69115 0.831114
0.702794 1.17829
0.714861 0.773995
0.727331 0.905731
0.740184 0.831815
0.7534 1.13159
0.766961 1.23026
0.780847 0.879109
0.795043 0.979159
0.809532 1.37328
0.824298 0.770459
0.839327 1.18114
0.599743 0.747527
0.600109 0.907275
0.601204 0.852985
0.603026 0.802092
0.605566 0.756117
0.608817 0.823849
0.612767 0.918323
0.617403 0.793177
0.622708 0.899493
0.628667 0.774707
0.635261 0.91889
0.642471 0.535951
0.650275 1.07504
0.658653 1.07702
0.667583 0.880518
0.677044 0.825065
0.687013 1.1231
0.697468 0.796082
0.708389 0.791752
0.719753 1.03045
0.731541 1.30125
0.743731 1.12252
0.756306 0.903156
0.769245 1.42812
0.782531 1.07829
0.796146 1.27481
0.810073 0.86806
0.824298 1.12566
0.838805 1.03715
0.853578 0.943854
0.620238 1.06245
0.620592 0.722581
0.621651 0.557782
0.623412 0.622629
0.62587 0.604251
0.629016 0.795537
0.63284 0.809308
0.63733 0.850706
0.642471 0.862268
0.648248 0.712134
0.654645 0.890701
0.661643 0.872478
0.669224 1.17892
0.677368 1.09016
0.686054 0.8125
0.695263 1.30128
0.704975 0.841172
0.715168 1.30894
0.725822 1.02072
0.736918 1.14156
0.748435 1.14116
0.760355 1.11122
0.772659 1.63543
0.785328 1.30984
0.798346 1.17905
0.811696 1.77632
0.825362 1.29015
0.839327 1.61158
0.853578 1.47958
0.868101 1.06449
0.146608 8.91165
0.148096 3.83429
0.152474 2.68485
0.159504 1.44878
0.168856 2.60295
0.180167 2.61824
0.193094 1.01459
0.207335 1.51711
0.222637 0.601551
0.238798 0.619967
0.255654 0.600154
0.273076 0.49919
0.290963 0.537957
0.309234 0.367671
0.327825 0.428624
0.346684 0.330091
0.36577 0.50678
0.38505 0.392583
0.404495 0.255021
0.424083 0.361524
0.443794 0.354367
0.463614 0.494358
0.483529 0.331181
0.503527 0.769614
0.523599 0.542076
0.543737 0.637714
0.563933 0.586932
0.584182 0.72825
0.604479 0.786645
0.624818 0.591448
0.148096 2.8922
0.14957 7.03648
0.153906 3.56185
0.160874 4.11214
0.170149 1.5584
0.18138 0.467219
0.194226 0.390386
0.20839 1.71999
0.22362 0.903545
0.239714 0.673079
0.25651 0.687396
0.273878 0.308466
0.291715 0.416835
0.309942 0.299294
0.328493 0.3103
0.347316 0.319713
0.36637 0.438566
0.385619 0.609345
0.405037 0.393311
0.4246 0.299051
0.444288 0.358729
0.464087 0.535118
0.483982 0.725629
0.503962 0.691771
0.524017 0.421213
0.54414 0.416771
0.564322 0.748787
0.584558 0.665457
0.604842 0.775299
0.625169 0.651309
0.152474 4.88143
0.153906 0.508824
0.158123 6.40784
0.164913 2.44071
0.173974 0.594831
0.184972 1.31991
0.197585 0.814466
0.211524 0.663233
0.226543 0.815049
0.242444 0.601765
0.259062 0.910607
0.27627 0.64492
0.293962 0.340937
0.312058 0.438629
0.33049 0.354605
0.349205 0.445109
0.368161 0.378249
0.387322 0.457179
0.406658 0.590133
0.426146 0.371022
0.445767 0.480714
0.465503 0.462211
0.48534 0.383819
0.505266 0.479429
0.525272 0.264659
0.545348 0.669633
0.565487 0.668976
0.585682 0.51818
0.605928 0.781798
0.626221 0.724864
0.159504 3.44932
0.160874 4.73468
0.164913 4.20665
0.171434 0.766613
0.180167 4.11208
0.190808 2.3711
0.203059 0.865811
0.216646 0.625423
0.231334 0.996981
0.246926 0.462221
0.263261 0.373582
0.280211 0.48986
0.297669 0.534871
0.315552 0.440712
0.333792 0.422236
0.352332 0.267281
0.371128 0.313751
0.390143 0.660732
0.409346 0.454759
0.428712 0.351411
0.44822 0.344259
0.467852 0.675137
0.487594 0.531052
0.507432 0.352243
0.527355 0.63733
0.547355 0.686587
0.567423 0.633045
0.587552 0.648551
0.607736 0.617452
0.627969 0.619031
0.168856 3.0726
0.170149 3.35355
0.173974 1.46491
0.180167 0.674879
0.188496 1.83114
0.198692 0.924193
0.210484 2.8384
0.22362 0.771672
0.237878 0.451499
0.253067 0.37655
0.26903 0.518283
0.285637 0.327273
0.302783 0.392438
0.320381 0.349196
0.33836 0.280317
0.356663 0.641446
0.375242 0.44465
0.394058 0.248714
0.413079 0.366136
0.432278 0.500068
0.451632 0.472346
0.471123 0.411424
0.490732 0.504477
0.510448 0.358213
0.530258 0.390747
0.550153 0.686292
0.570122 0.532727
0.590159 0.719661
0.610257 0.755772
0.630409 0.78987
0.180167 0.935315
0.18138 0.972445
0.184972 1.1846
0.190808 1.21309
0.198692 0.622368
0.20839 0.846746
0.219662 0.907689
0.23228 0.552534
0.246036 0.585488
0.26075 0.599117
0.27627 0.498613
0.292466 0.281041
0.309234 0.296419
0.326484 0.442358
0.344144 0.341368
0.362155 0.468838
0.380466 0.342968
0.399036 0.238421
0.417831 0.471818
0.436821 0.435743
0.455982 0.615023
0.475294 0.424559
0.494739 0.483387
0.514301 0.436525
0.533968 0.53743
0.553729 0.568053
0.573574 0.702777
0.593494 0.488492
0.613483 0.865774
0.633533 0.947388
0.193094 0.835621
0.194226 2.13322
0.197585 1.01016
0.203059 1.8727
0.210484 2.29
0.219662 1.47035
0.230383 0.628306
0.242444 0.513236
0.255654 0.299209
0.269844 0.293158
0.284869 0.379943
0.300602 0.256299
0.316939 0.59964
0.333792 0.455015
0.351085 0.436165
0.368756 0.475842
0.386755 0.351509
0.405037 0.348636
0.423565 0.481321
0.442309 0.540075
0.461243 0.437279
0.480343 0.423147
0.499591 0.53252
0.518971 0.463254
0.538467 0.566435
0.558069 0.519114
0.577765 0.602107
0.597545 0.585044
0.617403 0.745645
0.63733 0.824386
0.207335 1.85369
0.20839 2.01032
0.211524 1.40638
0.216646 1.42105
0.22362 0.786815
0.23228 1.00594
0.242444 0.533334
0.253932 0.624929
0.266573 1.10308
0.280211 0.578862
0.294708 0.363974
0.309942 0.504734
0.325811 0.353326
0.342227 0.375037
0.359114 0.425942
0.376409 0.315588
0.394058 0.371579
0.412016 0.227513
0.430244 0.462046
0.448709 0.525893
0.467383 0.421952
0.486243 0.449919
0.505266 0.515807
0.524436 0.508156
0.543737 0.637312
0.563155 0.782366
0.582679 0.481271
0.602298 0.755105
0.622004 0.801252
0.641788 0.668685
0.222637 1.56077
0.22362 0.737051
0.226543 1.70466
0.231334 0.649087
0.237878 1.20082
0.246036 0.831949
0.255654 0.490735
0.266573 0.477786
0.278641 0.420967
0.291715 0.457968
0.305667 0.49672
0.320381 0.460908
0.335757 0.467206
0.351709 0.481847
0.368161 0.516886
0.38505 0.492604
0.40232 0.480906
0.419925 0.294052
0.437824 0.641766
0.455982 0.45566
0.47437 0.3079
0.492962 0.376019
0.511736 0.572761
0.530672 0.728613
0.549754 0.519444
0.568967 0.752552
0.588298 0.58468
0.607736 0.738385
0.62727 0.71232
0.646894 1.14746
0.238798 0.442379
0.239714 0.823933
0.242444 0.593498
0.246926 1.18955
0.253067 0.350748
0.26075 0.315248
0.269844 0.522928
0.280211 0.389665
0.291715 0.246139
0.304228 0.373894
0.317631 0.396899
0.331815 0.418065
0.346684 0.329721
0.362155 0.473427
0.378153 0.431294
0.394614 0.55355
0.411483 0.316635
0.428712 0.497417
0.446259 0.449217
0.464087 0.589877
0.482166 0.504809
0.500468 0.457673
0.518971 0.542758
0.537652 0.741914
0.556495 0.712112
0.575482 0.570866
0.594602 0.903776
0.61384 0.558461
0.633187 0.960512
0.652632 0.829494
0.255654 0.612047
0.25651 0.403024
0.259062 0.60608
0.263261 0.271576
0.26903 0.90325
0.27627 0.395101
0.284869 0.647958
0.294708 0.433727
0.305667 0.299138
0.317631 0.736792
0.33049 0.449757
0.344144 0.260119
0.358503 0.364937
0.373484 0.471256
0.389017 0.472106
0.405037 0.346748
0.421489 0.304029
0.438324 0.361787
0.455501 0.398215
0.472981 0.436739
0.490732 0.645441
0.508727 0.757351
0.526939 0.47206
0.545348 0.533429
0.563933 0.509676
0.582679 0.528462
0.601569 0.739455
0.620592 0.729434
0.639734 0.998528
0.658986 0.970643
0.273076 0.498228
0.273878 0.490305
0.27627 0.509671
0.280211 0.478756
0.285637 0.533096
0.292466 0.327671
0.300602 0.538816
0.309942 0.648347
0.320381 0.463979
0.331815 0.538007
0.344144 0.451755
0.357277 0.57871
0.371128 0.317762
0.385619 0.44831
0.400681 0.411714
0.416253 0.400303
0.432278 0.373642
0.448709 0.236893
0.465503 0.639756
0.482621 0.539304
0.50003 0.349549
0.517701 0.516742
0.535609 0.471157
0.553729 0.666678
0.572042 0.472034
0.59053 0.820461
0.609177 0.836259
0.627969 0.903566
0.646894 0.979708
0.665939 0.929015
0.290963 0.373972
0.291715 0.822155
0.293962 0.335688
0.297669 0.438306
0.302783 0.431812
0.309234 0.427386
0.316939 0.400368
0.325811 0.485467
0.335757 0.444414
0.346684 0.555484
0.358503 0.361702
0.371128 0.429212
0.38448 0.429811
0.398486 0.441037
0.413079 0.488152
0.4282 0.393159
0.443794 0.427292
0.459814 0.56866
0.476216 0.491905
0.492962 0.417143
0.510019 0.658001
0.527355 0.485657
0.544945 0.569074
0.562765 0.553113
0.580794 0.446693
0.599012 0.690792
0.617403 0.712861
0.635952 0.793993
0.654645 0.981265
0.673471 0.869346
0.309234 0.408068
0.309942 0.462403
0.312058 0.287016
0.315552 0.478811
0.320381 0.461077
0.326484 0.381769
0.333792 0.437686
0.342227 0.308319
0.351709 0.254527
0.362155 0.272762
0.373484 0.307889
0.385619 0.303035
0.398486 0.505945
0.412016 0.353768
0.426146 0.490763
0.440819 0.327402
0.455982 0.302016
0.471588 0.299397
0.487594 0.646266
0.503962 0.732392
0.520658 0.429128
0.537652 0.550423
0.554916 0.966489
0.572425 0.625205
0.590159 0.663891
0.608096 0.573064
0.626221 0.999469
0.644516 0.772422
0.662968 0.808666
0.681564 0.878838
0.327825 0.262541
0.328493 0.525075
0.33049 0.432661
0.333792 0.339272
0.33836 0.416585
0.344144 0.614834
0.351085 0.324473
0.359114 0.37936
0.368161 0.379563
0.378153 0.474668
0.389017 0.393598
0.400681 0.376458
0.413079 0.361872
0.426146 0.468108
0.439823 0.470803
0.454054 0.643065
0.468789 0.453527
0.483982 0.492502
0.499591 0.415627
0.515579 0.488628
0.53191 0.623292
0.548556 0.56974
0.565487 0.663252
0.582679 0.803919
0.600109 0.734598
0.617758 0.999657
0.635607 1.14134
0.653639 1.10287
0.671841 0.702698
0.690198 1.17796
0.346684 0.421078
0.347316 0.318663
0.349205 0.261233
0.352332 0.337014
0.356663 0.446169
0.362155 0.345786
0.368756 0.329135
0.376409 0.247619
0.38505 0.397911
0.394614 0.338372
0.405037 0.358297
0.416253 0.229005
0.4282 0.321035
0.440819 0.324253
0.454054 0.534801
0.467852 0.510147
0.482166 0.327905
0.49695 0.525173
0.512164 0.538786
0.527771 0.840429
0.543737 0.70211
0.56003 0.668806
0.576625 0.776219
0.593494 0.701153
0.610616 0.905193
0.627969 0.771755
0.645536 0.927276
0.663299 0.773566
0.681242 1.06905
0.699352 0.891958
0.36577 0.48238
0.36637 0.301171
0.368161 0.420429
0.371128 0.316987
0.375242 0.621498
0.380466 0.380369
0.386755 0.432923
0.394058 0.515747
0.40232 0.427318
0.411483 0.509611
0.421489 0.425058
0.432278 0.320084
0.443794 0.350592
0.455982 0.400889
0.468789 0.351331
0.482166 0.687282
0.496067 0.629608
0.510448 0.44185
0.525272 0.589948
0.5405 0.466614
0.5561 0.929985
0.572042 0.644423
0.588298 0.906953
0.604842 0.598655
0.621651 0.67127
0.638705 0.8666
0.655984 0.818827
0.673471 0.861507
0.69115 0.786342
0.709008 1.05474
0.38505 0.48737
0.385619 0.404878
0.387322 0.284964
0.390143 0.407508
0.394058 0.410337
0.399036 0.415327
0.405037 0.363157
0.412016 0.516978
0.419925 0.266064
0.428712 0.416441
0.438324 0.372628
0.448709 0.625251
0.459814 0.401621
0.471588 0.582944
0.483982 0.532464
0.49695 0.533832
0.510448 0.487793
0.524436 0.395445
0.538874 0.523655
0.553729 0.735484
0.568967 0.792992
0.584558 0.577255
0.600474 0.692461
0.616692 0.805652
0.633187 0.768089
0.649938 0.932852
0.666926 1.06012
0.684133 1.19715
0.701544 1.20064
0.719143 0.871543
0.404495 0.400724
0.405037 0.37834
0.406658 0.35752
0.409346 0.335259
0.413079 0.282432
0.417831 0.387002
0.423565 0.307268
0.430244 0.442477
0.437824 0.278939
0.446259 0.369308
0.455501 0.387902
0.465503 0.368224
0.476216 0.41224
0.487594 0.458017
0.499591 0.505382
0.512164 0.6935
0.525272 0.486462
0.538874 0.44886
0.552936 0.636437
0.567423 0.58551
0.582302 0.986367
0.597545 0.63356
0.613125 0.703361
0.629016 0.618044
0.645196 0.877882
0.661643 1.22165
0.678338 1.22081
0.695263 1.05539
0.712402 0.876527
0.72974 1.30815
0.424083 0.44226
0.4246 0.30875
0.426146 0.509777
0.428712 0.501113
0.432278 0.371861
0.436821 0.343512
0.442309 0.472179
0.448709 0.42872
0.455982 0.3767
0.464087 0.341003
0.472981 0.73977
0.482621 0.465426
0.492962 0.452191
0.503962 0.518534
0.515579 0.369857
0.527771 0.461042
0.5405 0.41488
0.553729 0.665652
0.567423 0.752243
0.581548 0.679164
0.596075 0.687933
0.610975 0.794276
0.626221 0.976309
0.641788 0.69547
0.657653 0.858464
0.673797 0.925937
0.690198 0.835902
0.706839 1.22415
0.723704 0.90667
0.740777 1.16073
0.443794 0.46804
0.444288 0.387216
0.445767 0.466176
0.44822 0.410752
0.451632 0.34552
0.455982 0.351766
0.461243 0.332331
0.467383 0.477496
0.47437 0.418351
0.482166 0.383518
0.490732 0.435247
0.50003 0.691059
0.510019 0.510337
0.520658 0.747285
0.53191 0.544224
0.543737 0.852655
0.5561 0.594751
0.568967 0.568132
0.582302 0.605244
0.596075 0.694275
0.610257 0.998274
0.624818 0.507572
0.639734 0.736683
0.65498 1.05951
0.670534 0.992703
0.686374 0.913195
0.702481 1.2044
0.718838 1.01269
0.735428 1.22602
0.752235 1.24332
0.463614 0.459174
0.464087 0.419475
0.465503 0.450776
0.467852 0.391505
0.471123 0.423818
0.475294 0.371779
0.480343 0.505463
0.486243 0.472375
0.492962 0.307964
0.500468 0.618058
0.508727 0.741791
0.517701 0.626086
0.527355 0.466555
0.537652 0.625949
0.548556 0.586473
0.56003 0.675227
0.572042 0.834908
0.584558 0.860679
0.597545 0.611125
0.610975 0.728658
0.624818 0.944665
0.639048 0.923806
0.653639 0.773299
0.668568 0.900485
0.683813 0.751377
0.699352 0.90428
0.715168 1.07197
0.731241 0.973348
0.747555 0.915512
0.764095 0.902198
0.483529 0.451186
0.483982 0.409753
0.48534 0.462194
0.487594 0.681851
0.490732 0.652145
0.494739 0.558063
0.499591 0.450864
0.505266 0.632711
0.511736 0.746582
0.518971 0.425942
0.526939 0.475933
0.535609 0.481006
0.544945 0.601752
0.554916 0.625865
0.565487 0.617154
0.576625 0.682118
0.588298 0.4906
0.600474 0.817166
0.613125 0.711284
0.626221 0.802063
0.639734 1.25192
0.653639 1.02402
0.667912 0.80496
0.682529 0.837809
0.697468 0.978225
0.71271 0.890077
0.728235 0.914355
0.744026 1.62764
0.760066 0.917986
0.77634 1.0788
0.503527 0.397245
0.503962 0.52196
0.505266 0.50368
0.507432 0.499712
0.510448 0.620345
0.514301 0.499704
0.518971 0.403978
0.524436 0.378319
0.530672 0.521388
0.537652 0.457212
0.545348 0.534267
0.553729 0.437688
0.562765 0.626504
0.572425 0.564653
0.582679 0.795127
0.593494 0.629608
0.604842 0.655503
0.616692 0.905154
0.629016 0.876659
0.641788 0.829289
0.65498 0.816111
0.668568 0.793073
0.682529 1.17299
0.696839 1.25033
0.711478 1.64006
0.726426 0.956719
0.741664 1.13056
0.757175 1.06054
0.772942 1.24581
0.788951 1.09976
0.523599 0.627797
0.524017 0.520595
0.525272 0.534754
0.527355 0.608998
0.530258 0.601534
0.533968 0.415945
0.538467 0.404084
0.543737 0.589971
0.549754 0.63112
0.556495 0.551541
0.563933 0.653047
0.572042 0.949544
0.580794 0.648764
0.590159 0.624518
0.600109 0.958288
0.610616 0.479914
0.621651 0.936601
0.633187 0.718239
0.645196 0.906309
0.657653 1.02008
0.670534 0.849237
0.683813 0.914004
0.697468 0.865469
0.711478 1.10457
0.725822 1.07744
0.74048 1.20732
0.755435 1.462
0.770669 1.05146
0.786166 1.25772
0.80191 1.11034
0.543737 0.530669
0.54414 0.48706
0.545348 0.391184
0.547355 0.649143
0.550153 0.660916
0.553729 0.713465
0.558069 0.929622
0.563155 0.609381
0.568967 0.567214
0.575482 0.945816
0.582679 0.569401
0.59053 0.686148
0.599012 0.691145
0.608096 0.662088
0.617758 1.02878
0.627969 0.800719
0.638705 0.958152
0.649938 0.81458
0.661643 0.948725
0.673797 0.982753
0.686374 0.979213
0.699352 0.941061
0.71271 1.1198
0.726426 1.27872
0.74048 0.813599
0.754854 0.955072
0.76953 1.56807
0.78449 1.26853
0.799719 1.27435
0.815201 1.48317
0.563933 0.838615
0.564322 0.566351
0.565487 0.656133
0.567423 0.578962
0.570122 0.462456
0.573574 0.926845
0.577765 0.623883
0.582679 0.559094
0.588298 0.39443
0.594602 0.604608
0.601569 0.416133
0.609177 0.659185
0.617403 0.864227
0.626221 0.851922
0.635607 0.871023
0.645536 1.00473
0.655984 0.785148
0.666926 1.21559
0.678338 0.835482
0.690198 1.27731
0.702481 0.737142
0.715168 1.15637
0.728235 1.07502
0.741664 1.25004
0.755435 1.12896
0.76953 1.05807
0.783931 1.44132
0.798621 1.10815
0.813586 0.919906
0.828809 1.54804
0.584182 0.488582
0.584558 0.681403
0.585682 0.609281
0.587552 0.64925
0.590159 0.763691
0.593494 0.963837
0.597545 0.886978
0.602298 0.978844
0.607736 0.518609
0.61384 0.700292
0.620592 0.865585
0.627969 0.693817
0.635952 0.804753
0.644516 0.858473
0.653639 1.01176
0.663299 0.772751
0.673471 1.16371
0.684133 0.951134
0.695263 0.993235
0.706839 1.00735
0.718838 0.933042
0.731241 0.955022
0.744026 0.974286
0.757175 1.34059
0.770669 1.24546
0.78449 1.1642
0.798621 1.33164
0.813046 1.13779
0.82775 1.21399
0.842718 1.32133
0.604479 0.636639
0.604842 0.892688
0.605928 0.915698
0.607736 0.751933
0.610257 0.679509
0.613483 0.560961
0.617403 0.834444
0.622004 0.779974
0.62727 0.755729
0.633187 0.810567
0.639734 0.770833
0.646894 0.666121
0.654645 0.640421
0.662968 0.819549
0.671841 0.846031
0.681242 1.3594
0.69115 1.0499
0.701544 0.903045
0.712402 0.936183
0.723704 1.06508
0.735428 0.709734
0.747555 0.925257
0.760066 0.979937
0.772942 1.42364
0.786166 0.99156
0.799719 1.13063
0.813586 1.24854
0.82775 1.23186
0.842197 1.33878
0.856912 1.32402
0.624818 0.733874
0.625169 0.773045
0.626221 0.925123
0.627969 0.985189
0.630409 0.793754
0.633533 0.630545
0.63733 0.789626
0.641788 0.881186
0.646894 0.843538
0.652632 0.810586
0.658986 1.0219
0.665939 1.0396
0.673471 1.10188
0.681564 0.675853
0.690198 1.36495
0.699352 0.914617
0.709008 0.952145
0.719143 0.975634
0.72974 0.976564
0.740777 1.4502
0.752235 0.969745
0.764095 1.63551
0.77634 1.15583
0.788951 1.07437
0.80191 1.15861
0.815201 1.5918
0.828809 1.07624
0.842718 1.18305
0.856912 1.22921
0.871379 1.54111
0.167552 0.89601
0.168856 0.654116
0.172708 7.6985
0.178945 2.47221
0.187328 4.53109
0.197585 0.973381
0.20944 0.577614
0.222637 0.800501
0.236954 0.634673
0.252199 0.615747
0.268213 0.391963
0.284869 0.363268
0.302058 0.47274
0.319696 0.344299
0.337711 0.518775
0.356047 0.358652
0.374657 0.360163
0.393501 0.217629
0.412548 0.511847
0.431771 0.578958
0.451147 0.401154
0.470657 0.596837
0.490285 0.416815
0.510019 0.423193
0.529845 0.475521
0.549754 0.608674
0.569737 0.714591
0.589787 0.592803
0.609897 0.775253
0.630061 0.995608
0.168856 1.77575
0.170149 1.29292
0.173974 2.03384
0.180167 0.345755
0.188496 1.46569
0.198692 1.42478
0.210484 0.698677
0.22362 0.696917
0.237878 1.1646
0.253067 0.76068
0.26903 1.34234
0.285637 0.563433
0.302783 0.613763
0.320381 0.476518
0.33836 0.438678
0.356663 0.400611
0.375242 0.422302
0.394058 0.4977
0.413079 0.272057
0.432278 0.466126
0.451632 0.369446
0.471123 0.398745
0.490732 0.448017
0.510448 0.504156
0.530258 0.3017
0.550153 0.793737
0.570122 0.584649
0.590159 0.578781
0.610257 0.79666
0.630409 0.734324
0.172708 1.62885
0.173974 1.91721
0.177715 3.11809
0.183782 1.73412
0.191954 2.39131
0.201976 0.633697
0.213587 0.522698
0.226543 1.03371
0.240628 1.06549
0.255654 0.659456
0.271465 0.354476
0.287932 0.363182
0.304949 0.435671
0.322428 0.476738
0.340299 0.430649
0.358503 0.294172
0.376991 0.196404
0.395724 0.305476
0.414669 0.313328
0.433798 0.394958
0.453087 0.314019
0.472517 0.431723
0.492071 0.487873
0.511736 0.766076
0.531498 0.635186
0.551347 0.371259
0.571275 0.655877
0.591273 0.731942
0.611334 1.1917
0.631452 0.643214
0.178945 3.18417
0.180167 2.02259
0.183782 4.32008
0.189656 3.34359
0.197585 3.08432
0.207335 0.768891
0.218661 0.639146
0.231334 1.01761
0.245143 0.916893
0.259908 0.272725
0.275475 0.42269
0.291715 0.316657
0.308524 0.403953
0.325811 0.494682
0.343506 0.377061
0.361549 0.453291
0.379889 0.319332
0.398486 0.32981
0.417305 0.37844
0.436318 0.363457
0.455501 0.541986
0.474832 0.604776
0.494295 0.52005
0.513874 0.516294
0.533557 0.689406
0.553333 0.482455
0.573191 0.464513
0.593124 0.657592
0.613125 0.759349
0.633187 0.743827
0.187328 1.32982
0.188496 0.694809
0.191954 1.42251
0.197585 0.964841
0.205208 0.722776
0.214612 1.49647
0.225573 1.08499
0.237878 0.776369
0.251327 0.353743
0.265749 0.694631
0.280993 0.531151
0.296932 0.535993
0.31346 0.350707
0.33049 0.341615
0.347947 0.309844
0.36577 0.227827
0.383909 0.366188
0.40232 0.374449
0.420968 0.482603
0.439823 0.615355
0.458859 0.440131
0.478055 0.432242
0.497391 0.563555
0.516853 0.543821
0.536427 0.536799
0.5561 0.54335
0.575863 0.541617
0.595707 0.504033
0.615624 0.615796
0.635607 0.841524
0.197585 0.512862
0.198692 1.06572
0.201976 1.95532
0.207335 1.61549
0.214612 1.11249
0.22362 0.695143
0.23416 0.696903
0.246036 1.1005
0.259062 0.730495
0.273076 0.478955
0.287932 0.874143
0.303507 0.406016
0.319696 0.454671
0.33641 0.293055
0.353575 0.472997
0.371128 0.392331
0.389017 0.289978
0.407197 0.37167
0.425631 0.519302
0.444288 0.399998
0.463141 0.46127
0.482166 0.47749
0.501344 0.441756
0.520658 0.543368
0.540094 0.431037
0.559639 0.629633
0.579281 0.757361
0.599012 0.749487
0.618822 0.630988
0.638705 0.690273
0.20944 0.825305
0.210484 1.61004
0.213587 2.80596
0.218661 1.07689
0.225573 0.579812
0.23416 0.535033
0.244246 0.605336
0.255654 0.609811
0.268213 0.660747
0.281772 0.590439
0.296192 0.508084
0.311354 0.374714
0.327155 0.356747
0.343506 0.401645
0.360333 0.419717
0.377572 0.449231
0.39517 0.547401
0.413079 0.455539
0.431262 0.31016
0.449686 0.369781
0.468321 0.362738
0.487144 0.478073
0.506133 0.565064
0.525272 0.53478
0.544543 0.52547
0.563933 0.606859
0.583431 0.575749
0.603026 0.816289
0.622708 0.774517
0.642471 0.748025
0.222637 0.558045
0.22362 1.54452
0.226543 0.861632
0.231334 0.497611
0.237878 1.03331
0.246036 0.584148
0.255654 0.912589
0.266573 0.412103
0.278641 0.533761
0.291715 0.28225
0.305667 0.314946
0.320381 0.649527
0.335757 0.423281
0.351709 0.386904
0.368161 0.256974
0.38505 0.245969
0.40232 0.32399
0.419925 0.36781
0.437824 0.511275
0.455982 0.3602
0.47437 0.361236
0.492962 0.531353
0.511736 0.590324
0.530672 0.535407
0.549754 0.745604
0.568967 0.648707
0.588298 0.814902
0.607736 0.790423
0.62727 0.489019
0.646894 0.734374
0.236954 0.996299
0.237878 1.17817
0.240628 1.11411
0.245143 0.323074
0.251327 0.503864
0.259062 0.368784
0.268213 0.91962
0.278641 0.498079
0.290208 0.618466
0.302783 0.465384
0.316247 0.288582
0.33049 0.405808
0.345416 0.547661
0.360942 0.36388
0.376991 0.311225
0.393501 0.369142
0.410416 0.291362
0.427688 0.390306
0.445275 0.475633
0.463141 0.383065
0.481255 0.565664
0.499591 0.478221
0.518125 0.385123
0.536836 0.461894
0.555706 0.605755
0.57472 0.545116
0.593864 0.582839
0.613125 0.663392
0.632493 0.745036
0.651959 0.937373
0.252199 0.662532
0.253067 0.423765
0.255654 0.545623
0.259908 0.457771
0.265749 0.611133
0.273076 0.796898
0.281772 0.318784
0.291715 0.539914
0.302783 0.780708
0.314857 0.256316
0.327825 0.373807
0.341586 0.335273
0.356047 0.24834
0.371128 0.29698
0.386755 0.422704
0.402865 0.394561
0.419402 0.343818
0.436318 0.525799
0.453571 0.358137
0.471123 0.565735
0.488941 0.573892
0.506999 0.592199
0.525272 0.565567
0.543737 0.66957
0.562375 0.626393
0.581171 0.797931
0.600109 0.549193
0.619176 0.8377
0.638361 0.729627
0.657653 0.919929
0.268213 0.397734
0.26903 0.736065
0.271465 0.951953
0.275475 0.505248
0.280993 0.361182
0.287932 0.81329
0.296192 0.405966
0.305667 0.279122
0.316247 0.532602
0.327825 0.497501
0.340299 0.228037
0.353575 0.313729
0.367565 0.350925
0.382191 0.424372
0.397384 0.316318
0.413079 0.431746
0.429223 0.482167
0.445767 0.490499
0.462667 0.359504
0.479886 0.537107
0.497391 0.665146
0.515153 0.611498
0.533146 0.580552
0.551347 0.512843
0.569737 0.570716
0.588298 0.924326
0.607013 0.661172
0.62587 0.64785
0.644856 0.732088
0.66396 0.64885
0.284869 0.851964
0.285637 0.479163
0.287932 0.451363
0.291715 0.231152
0.296932 0.49887
0.303507 0.358222
0.311354 0.304313
0.320381 0.386439
0.33049 0.469644
0.341586 0.317383
0.353575 0.617848
0.36637 0.272841
0.379889 0.455531
0.394058 0.486056
0.40881 0.432462
0.424083 0.411107
0.439823 0.379229
0.455982 0.512276
0.472517 0.493634
0.48939 0.514746
0.506567 0.516548
0.524017 0.520212
0.541716 0.743054
0.559639 0.554326
0.577765 0.75089
0.596075 0.813905
0.614554 0.791997
0.633187 0.830694
0.651959 0.523255
0.670861 1.11277
0.302058 0.48737
0.302783 0.517891
0.304949 0.429559
0.308524 0.528445
0.31346 0.584085
0.319696 0.300562
0.327155 0.474888
0.335757 0.256614
0.345416 0.397633
0.356047 0.379365
0.367565 0.277977
0.379889 0.35228
0.392943 0.405081
0.406658 0.388368
0.420968 0.376009
0.435815 0.409779
0.451147 0.354448
0.466914 0.300826
0.483075 0.834766
0.499591 0.398838
0.516429 0.609857
0.533557 0.603123
0.550949 0.52651
0.568581 0.708133
0.586431 0.735498
0.604479 0.867574
0.622708 0.684016
0.641104 0.790273
0.659651 0.934958
0.678338 0.797299
0.319696 0.315867
0.320381 0.277827
0.322428 0.583402
0.325811 0.474427
0.33049 0.49266
0.33641 0.415617
0.343506 0.360297
0.351709 0.387586
0.360942 0.31108
0.371128 0.38294
0.382191 0.367633
0.394058 0.342666
0.406658 0.391494
0.419925 0.513811
0.433798 0.556301
0.44822 0.417591
0.463141 0.580388
0.478513 0.52735
0.494295 0.570864
0.510448 0.498674
0.526939 0.502442
0.543737 0.412389
0.560813 0.713656
0.578144 0.963855
0.595707 0.712869
0.613483 0.885001
0.631452 0.82349
0.6496 0.991651
0.667912 1.07038
0.686374 1.0133
0.337711 0.36061
0.33836 0.526297
0.340299 0.382474
0.343506 0.428828
0.347947 0.411941
0.353575 0.34972
0.360333 0.36162
0.368161 0.361358
0.376991 0.252809
0.386755 0.33814
0.397384 0.352662
0.40881 0.46448
0.420968 0.353427
0.433798 0.289312
0.44724 0.408686
0.461243 0.385251
0.475755 0.420723
0.490732 0.480406
0.506133 0.477715
0.521921 0.490852
0.53806 0.446354
0.554521 0.594163
0.571275 0.959426
0.588298 0.875756
0.605566 0.509764
0.623061 0.770925
0.640762 0.871077
0.658653 0.532601
0.67672 0.910265
0.694948 0.985409
0.356047 0.32444
0.356663 0.329897
0.358503 0.366011
0.361549 0.30485
0.36577 0.594207
0.371128 0.449761
0.377572 0.378261
0.38505 0.31058
0.393501 0.391312
0.402865 0.414964
0.413079 0.394163
0.424083 0.360239
0.435815 0.247038
0.44822 0.426167
0.461243 0.405912
0.474832 0.405351
0.488941 0.585816
0.503527 0.500431
0.518548 0.490135
0.533968 0.487778
0.549754 0.629842
0.565874 0.820101
0.582302 0.595894
0.599012 0.616096
0.61598 0.732988
0.633187 0.88883
0.650612 0.731423
0.66824 0.736139
0.686054 1.21332
0.704041 0.794014
0.374657 0.472068
0.375242 0.267454
0.376991 0.339863
0.379889 0.594596
0.383909 0.262147
0.389017 0.456272
0.39517 0.333788
0.40232 0.375404
0.410416 0.504276
0.419402 0.306477
0.429223 0.347286
0.439823 0.536222
0.451147 0.547476
0.463141 0.64329
0.475755 0.51706
0.488941 0.685894
0.502655 0.400187
0.516853 0.518888
0.531498 0.625375
0.546553 0.612447
0.561985 0.596261
0.577765 0.74506
0.593864 0.531295
0.610257 0.57688
0.626921 0.728935
0.643835 0.884259
0.66098 1.4006
0.678338 0.987799
0.695894 0.932522
0.713633 1.16265
0.393501 0.576969
0.394058 0.365874
0.395724 0.430562
0.398486 0.353701
0.40232 0.406463
0.407197 0.488724
0.413079 0.344846
0.419925 0.45507
0.427688 0.415375
0.436318 0.430315
0.445767 0.34694
0.455982 0.3428
0.466914 0.465727
0.478513 0.297193
0.490732 0.529188
0.503527 0.375489
0.516853 0.519886
0.530672 0.463459
0.544945 0.842508
0.559639 0.492874
0.57472 0.916604
0.590159 0.670538
0.605928 0.581635
0.622004 0.885909
0.638361 1.08138
0.65498 1.02256
0.671841 0.982409
0.688925 0.843023
0.706218 0.911795
0.723704 0.927665
0.412548 0.627035
0.413079 0.417
0.414669 0.408576
0.417305 0.348148
0.420968 0.386187
0.425631 0.367086
0.431262 0.372948
0.437824 0.482179
0.445275 0.510238
0.453571 0.465949
0.462667 0.385161
0.472517 0.380609
0.483075 0.692396
0.494295 0.416392
0.506133 0.501361
0.518548 0.487648
0.531498 0.801306
0.544945 0.677443
0.558854 0.668182
0.573191 0.358978
0.587925 0.734306
0.603026 0.855052
0.618467 0.754675
0.634225 0.892117
0.650275 0.80195
0.666597 1.07538
0.683171 0.896679
0.699979 1.14127
0.717005 0.801373
0.734234 0.932278
0.431771 0.381868
0.432278 0.487217
0.433798 0.415859
0.436318 0.345636
0.439823 0.348516
0.444288 0.509552
0.449686 0.364374
0.455982 0.538866
0.463141 0.430786
0.471123 0.523524
0.479886 0.443867
0.48939 0.355014
0.499591 0.612463
0.510448 0.522234
0.521921 0.5675
0.533968 0.781454
0.546553 0.61436
0.559639 0.735469
0.573191 0.66186
0.587178 0.652197
0.601569 0.594601
0.616336 0.641255
0.631452 0.922048
0.646894 0.969841
0.662637 0.763074
0.678662 0.985929
0.694948 0.810084
0.711478 1.40739
0.728235 0.796213
0.745204 1.04423
0.451147 0.388808
0.451632 0.447426
0.453087 0.813499
0.455501 0.632082
0.458859 0.581243
0.463141 0.395668
0.468321 0.379818
0.47437 0.505484
0.481255 0.523231
0.488941 0.491165
0.497391 0.659591
0.506567 0.667524
0.516429 0.449896
0.526939 0.591881
0.53806 0.321656
0.549754 0.694117
0.561985 0.513788
0.57472 0.71037
0.587925 0.738992
0.601569 0.794978
0.615624 1.00036
0.630061 0.727077
0.644856 1.056
0.659984 1.06569
0.675422 0.95248
0.69115 0.940802
0.707149 1.0627
0.723401 0.968826
0.739888 1.11862
0.756596 0.918293
0.470657 0.343045
0.471123 0.538076
0.472517 0.586772
0.474832 0.51876
0.478055 0.364409
0.482166 0.395034
0.487144 0.468728
0.492962 0.391094
0.499591 0.47286
0.506999 0.742871
0.515153 0.492438
0.524017 0.870481
0.533557 0.533717
0.543737 0.646884
0.554521 0.819068
0.565874 0.641084
0.577765 0.659757
0.590159 0.774427
0.603026 1.06656
0.616336 0.645394
0.630061 1.21077
0.644175 0.691908
0.658653 0.820201
0.673471 1.1432
0.688607 1.22076
0.704041 0.727575
0.719753 1.13232
0.735726 0.778729
0.751943 1.15004
0.768389 1.16635
0.490285 0.494859
0.490732 0.489331
0.492071 0.409692
0.494295 0.498597
0.497391 0.575936
0.501344 0.727395
0.506133 0.64118
0.511736 0.544767
0.518125 0.593045
0.525272 0.522039
0.533146 0.607334
0.541716 0.53797
0.550949 0.369801
0.560813 0.532603
0.571275 0.619747
0.582302 0.691875
0.593864 0.699825
0.605928 0.7504
0.618467 0.517009
0.631452 0.778856
0.644856 0.916237
0.658653 0.745668
0.672819 0.984424
0.687332 0.826861
0.702169 0.946259
0.717311 0.950343
0.732739 1.06971
0.748435 0.827147
0.764382 1.06393
0.780566 1.07269
0.510019 0.704812
0.510448 0.484282
0.511736 0.502033
0.513874 0.521197
0.516853 0.436334
0.520658 0.563132
0.525272 0.472533
0.530672 0.36409
0.536836 0.533077
0.543737 0.691696
0.551347 0.596248
0.559639 0.621294
0.568581 0.681168
0.578144 0.759476
0.588298 0.637566
0.599012 0.668753
0.610257 0.814682
0.622004 0.651536
0.634225 0.906938
0.646894 0.772963
0.659984 1.19246
0.673471 0.832488
0.687332 1.18059
0.701544 1.07536
0.716087 1.32796
0.730941 1.42464
0.746087 1.25249
0.761508 0.831838
0.777187 0.811819
0.79311 1.01465
0.529845 0.507553
0.530258 0.701324
0.531498 0.550616
0.533557 0.485937
0.536427 0.500893
0.540094 0.695926
0.544543 0.508382
0.549754 0.725151
0.555706 0.749672
0.562375 0.917687
0.569737 0.773959
0.577765 0.727809
0.586431 0.692128
0.595707 0.754202
0.605566 0.633348
0.61598 0.591891
0.626921 0.878783
0.638361 0.759608
0.650275 0.927494
0.662637 0.820156
0.675422 0.740166
0.688607 0.794196
0.702169 0.968595
0.716087 1.07975
0.730341 1.23517
0.74491 1.08795
0.759778 1.20853
0.774926 1.46087
0.790339 0.977429
0.806002 1.55751
0.549754 0.643456
0.550153 0.607706
0.551347 0.609575
0.553333 0.538973
0.5561 0.843608
0.559639 0.620552
0.563933 0.429728
0.568967 0.731966
0.57472 0.685518
0.581171 0.781606
0.588298 0.574193
0.596075 0.708748
0.604479 0.670121
0.613483 0.707374
0.623061 0.666856
0.633187 0.889766
0.643835 0.63125
0.65498 0.934872
0.666597 0.956671
0.678662 1.29663
0.69115 1.13231
0.704041 0.991259
0.717311 1.0874
0.730941 0.900904
0.74491 0.898134
0.7592 0.930648
0.773793 1.25722
0.788673 1.07839
0.803822 1.21832
0.819227 1.29042
0.569737 0.511702
0.570122 0.772386
0.571275 0.623879
0.573191 0.627886
0.575863 0.493186
0.579281 0.783697
0.583431 0.606735
0.588298 0.633558
0.593864 0.729483
0.600109 0.569135
0.607013 0.579438
0.614554 0.586842
0.622708 1.03998
0.631452 0.900246
0.640762 0.798759
0.650612 0.673274
0.66098 1.34816
0.671841 0.770252
0.683171 0.849445
0.694948 0.957563
0.707149 1.26263
0.719753 1.40494
0.732739 1.00003
0.746087 1.06023
0.759778 1.18235
0.773793 0.831948
0.788116 1.05446
0.80273 1.09718
0.817619 1.12988
0.832769 1.54019
0.589787 0.723473
0.590159 0.522198
0.591273 0.667567
0.593124 0.603496
0.595707 0.631363
0.599012 0.880033
0.603026 0.711918
0.607736 0.742847
0.613125 0.959905
0.619176 0.522166
0.62587 0.74581
0.633187 1.04238
0.641104 1.13654
0.6496 1.01296
0.658653 0.860552
0.66824 0.982323
0.678338 0.812585
0.688925 1.0963
0.699979 1.00808
0.711478 0.953644
0.723401 1.01172
0.735726 1.05425
0.748435 0.950801
0.761508 1.21586
0.774926 0.84608
0.788673 1.22217
0.80273 1.15047
0.817083 1.27707
0.831715 0.933196
0.846612 1.38296
0.609897 0.818175
0.610257 0.652086
0.611334 0.822651
0.613125 0.684566
0.615624 0.670718
0.618822 0.537669
0.622708 0.719849
0.62727 0.900846
0.632493 0.994055
0.638361 0.888215
0.644856 0.718852
0.651959 1.08934
0.659651 1.10106
0.667912 0.784287
0.67672 1.1787
0.686054 1.06169
0.695894 0.851939
0.706218 0.983746
0.717005 0.904165
0.728235 0.97516
0.739888 1.04005
0.751943 1.2661
0.764382 1.46883
0.777187 1.14671
0.790339 1.22509
0.803822 1.08497
0.817619 1.41071
0.831715 1.30392
0.846094 1.62017
0.860743 1.3394
0.630061 0.806511
0.630409 0.722312
0.631452 0.928864
0.633187 0.699135
0.635607 0.696909
0.638705 1.14507
0.642471 0.954043
0.646894 0.816924
0.651959 0.76787
0.657653 0.83544
0.66396 0.8329
0.670861 1.01792
0.678338 1.1284
0.686374 0.753208
0.694948 0.802955
0.704041 0.987967
0.713633 0.825739
0.723704 1.23747
0.734234 0.813079
0.745204 1.15543
0.756596 1.12353
0.768389 1.03823
0.780566 0.965737
0.79311 1.28826
0.806002 1.14502
0.819227 1.23111
0.832769 1.25035
0.846612 1.16564
0.860743 1.66616
0.875146 0.947689
0.188496 0.601479
0.189656 0.403294
0.193094 0.793109
0.198692 1.35591
0.206274 0.611997
0.215631 0.762571
0.226543 2.17922
0.238798 0.530159
0.252199 1.12366
0.266573 0.338294
0.281772 0.647691
0.297669 0.421013
0.314159 0.333331
0.331153 0.455602
0.348577 0.275271
0.36637 0.302893
0.38448 0.371903
0.402865 0.387761
0.421489 0.402695
0.440321 0.364376
0.459337 0.474952
0.478513 0.598242
0.497832 0.531168
0.517277 0.480449
0.536836 0.53487
0.556495 0.728962
0.576244 0.839385
0.596075 0.836255
0.61598 0.698453
0.635952 0.772472
0.189656 1.81949
0.190808 1.94328
0.194226 1.1098
0.199793 1.29617
0.207335 1.11731
0.216646 0.724926
0.22751 0.639551
0.239714 1.02156
0.253067 0.749139
0.267394 0.724881
0.282549 0.308592
0.298405 0.54348
0.314857 0.670832
0.331815 0.593607
0.349205 0.387387
0.366968 0.311395
0.38505 0.281829
0.403409 0.394383
0.422009 0.358561
0.440819 0.510895
0.459814 0.508333
0.478971 0.575333
0.498272 0.363667
0.517701 0.695797
0.537244 0.510918
0.556889 0.631425
0.576625 0.834186
0.596443 0.710663
0.616336 0.858505
0.636296 1.00754
0.193094 1.15473
0.194226 0.611304
0.197585 2.41632
0.203059 0.772237
0.210484 2.28776
0.219662 0.585407
0.230383 0.787851
0.242444 0.918434
0.255654 1.03292
0.269844 0.763939
0.284869 0.499083
0.300602 0.44686
0.316939 0.281418
0.333792 0.407394
0.351085 0.492507
0.368756 0.486174
0.386755 0.332658
0.405037 0.250218
0.423565 0.521992
0.442309 0.319285
0.461243 0.427016
0.480343 0.37951
0.499591 0.379974
0.518971 0.465194
0.538467 0.543023
0.558069 0.50014
0.577765 0.835361
0.597545 0.711994
0.617403 1.06884
0.63733 0.721475
0.198692 2.05344
0.199793 1.01012
0.203059 1.78197
0.20839 0.89365
0.215631 1.43013
0.224599 0.783528
0.235095 0.866056
0.246926 0.556568
0.259908 0.552015
0.273878 0.385587
0.288692 0.34947
0.304228 0.238826
0.320381 0.285098
0.337061 0.57957
0.354194 0.476512
0.371718 0.29922
0.38958 0.436991
0.407735 0.300276
0.426146 0.364391
0.444782 0.527938
0.463614 0.406646
0.482621 0.606119
0.501781 0.399033
0.521079 0.551634
0.5405 0.638264
0.56003 0.55785
0.57966 0.632538
0.599378 0.744009
0.619176 0.737651
0.639048 0.767972
0.206274 0.941964
0.207335 1.0773
0.210484 0.651345
0.215631 0.556102
0.222637 0.910208
0.231334 0.384674
0.241537 0.625759
0.253067 1.31995
0.265749 0.484204
0.279427 0.828132
0.293962 0.480911
0.309234 0.288595
0.325138 0.339253
0.341586 0.309982
0.358503 0.307469
0.375826 0.299567
0.393501 0.583735
0.411483 0.39023
0.429734 0.39491
0.44822 0.643981
0.466914 0.409547
0.485791 0.312028
0.504832 0.598319
0.524017 0.632673
0.543333 0.492286
0.562765 0.687477
0.582302 0.619307
0.601934 0.594906
0.621651 0.97941
0.641446 0.775748
0.215631 1.25676
0.216646 0.482747
0.219662 1.24601
0.224599 0.80736
0.231334 2.14833
0.239714 1.57485
0.249576 0.464259
0.26075 0.452395
0.273076 0.56514
0.286404 0.328567
0.300602 0.543685
0.315552 0.663917
0.331153 0.239368
0.347316 0.418245
0.363967 0.28495
0.381042 0.397841
0.398486 0.311397
0.416253 0.437716
0.434303 0.292567
0.452603 0.363574
0.471123 0.492076
0.489838 0.333853
0.508727 0.482339
0.527771 0.537912
0.546954 0.504974
0.566262 0.586807
0.585682 0.854317
0.605204 0.721975
0.624818 0.657463
0.644516 1.06736
0.226543 0.611463
0.22751 1.25726
0.230383 1.67516
0.235095 0.82477
0.241537 0.732865
0.249576 0.31303
0.259062 0.68025
0.269844 0.311944
0.281772 0.502168
0.294708 0.404764
0.308524 0.436976
0.323108 0.36275
0.33836 0.600888
0.354194 0.293733
0.370536 0.439292
0.387322 0.367492
0.404495 0.384146
0.422009 0.476804
0.439823 0.375861
0.457902 0.478468
0.476216 0.708144
0.494739 0.377204
0.513447 0.503748
0.532323 0.682147
0.551347 0.673118
0.570506 0.852945
0.589787 0.704471
0.609177 0.83729
0.628667 0.829408
0.648248 1.01503
0.238798 0.805852
0.239714 1.0517
0.242444 0.989068
0.246926 1.23803
0.253067 1.18566
0.26075 0.433237
0.269844 0.697816
0.280211 0.238017
0.291715 0.292265
0.304228 0.42352
0.317631 0.296816
0.331815 0.348104
0.346684 0.419923
0.362155 0.393032
0.378153 0.439156
0.394614 0.27316
0.411483 0.516503
0.428712 0.447444
0.446259 0.372902
0.464087 0.450761
0.482166 0.347747
0.500468 0.43048
0.518971 0.487495
0.537652 0.537466
0.556495 0.644017
0.575482 0.693845
0.594602 0.817419
0.61384 0.93859
0.633187 0.791731
0.652632 0.825977
0.252199 0.475075
0.253067 0.494187
0.255654 0.868711
0.259908 0.572782
0.265749 0.319905
0.273076 0.700926
0.281772 0.299443
0.291715 0.593763
0.302783 0.390585
0.314857 0.349502
0.327825 0.42062
0.341586 0.298382
0.356047 0.401775
0.371128 0.402247
0.386755 0.298994
0.402865 0.452274
0.419402 0.544124
0.436318 0.401312
0.453571 0.472013
0.471123 0.357312
0.488941 0.375192
0.506999 0.454993
0.525272 0.615682
0.543737 0.556067
0.562375 0.420607
0.581171 0.818033
0.600109 0.722141
0.619176 0.704672
0.638361 0.727508
0.657653 0.684789
0.266573 0.397773
0.267394 0.392375
0.269844 0.315864
0.273878 0.33646
0.279427 0.528742
0.286404 0.376972
0.294708 0.407251
0.304228 0.427939
0.314857 0.382674
0.326484 0.254143
0.339007 0.396508
0.352332 0.314041
0.36637 0.308936
0.381042 0.408836
0.396278 0.434465
0.412016 0.333997
0.4282 0.590839
0.444782 0.418328
0.461718 0.396926
0.478971 0.318652
0.496509 0.563824
0.514301 0.730846
0.532323 0.653221
0.550551 0.629625
0.568967 0.81934
0.587552 0.484734
0.60629 0.974415
0.625169 0.844519
0.644175 0.954651
0.663299 0.920957
0.281772 0.414179
0.282549 0.383469
0.284869 0.550246
0.288692 0.485308
0.293962 0.337185
0.300602 0.755886
0.308524 0.367756
0.317631 0.35054
0.327825 0.361132
0.339007 0.32377
0.351085 0.476219
0.363967 0.388767
0.377572 0.377302
0.391825 0.548413
0.406658 0.527767
0.422009 0.35811
0.437824 0.448556
0.454054 0.382597
0.470657 0.728091
0.487594 0.351103
0.504832 0.519207
0.522341 0.695132
0.540094 0.700485
0.558069 0.473391
0.576244 0.739281
0.594602 0.782198
0.613125 0.760933
0.6318 0.961103
0.650612 0.732007
0.669552 0.849136
0.297669 0.361607
0.298405 0.847544
0.300602 0.485778
0.304228 0.506477
0.309234 0.261358
0.315552 0.269685
0.323108 0.468402
0.331815 0.249872
0.341586 0.305776
0.352332 0.377991
0.363967 0.559014
0.376409 0.40466
0.38958 0.464646
0.403409 0.414609
0.417831 0.38471
0.432785 0.445518
0.44822 0.406758
0.464087 0.471234
0.480343 0.465804
0.49695 0.465083
0.513874 0.66177
0.531085 0.785613
0.548556 0.682427
0.566262 0.549665
0.584182 0.842594
0.602298 0.898501
0.620592 1.05674
0.639048 0.789785
0.657653 0.956566
0.676396 0.834608
0.314159 0.390865
0.314857 0.402847
0.316939 0.395283
0.320381 0.418163
0.325138 0.389721
0.331153 0.459374
0.33836 0.442038
0.346684 0.480166
0.356047 0.362565
0.36637 0.431667
0.377572 0.342887
0.38958 0.381878
0.40232 0.377365
0.415726 0.408808
0.429734 0.423644
0.444288 0.452893
0.459337 0.642635
0.474832 0.560863
0.490732 0.33775
0.506999 0.385044
0.523599 0.532546
0.5405 0.746064
0.557676 0.732051
0.575101 0.642962
0.592755 0.536948
0.610616 0.694916
0.628667 0.685975
0.646894 0.948314
0.66528 1.1963
0.683813 1.01824
0.331153 0.381296
0.331815 0.456981
0.333792 0.249108
0.337061 0.664016
0.341586 0.518213
0.347316 0.545108
0.354194 0.378333
0.362155 0.390606
0.371128 0.422504
0.381042 0.341964
0.391825 0.421064
0.403409 0.435584
0.415726 0.429831
0.428712 0.48942
0.442309 0.379688
0.456463 0.419837
0.471123 0.4016
0.486243 0.472442
0.501781 0.48766
0.517701 0.557001
0.533968 0.608914
0.550551 0.589766
0.567423 0.619083
0.584558 0.728751
0.601934 0.515138
0.61953 0.684044
0.63733 0.542267
0.655315 0.983172
0.673471 1.01236
0.691785 1.26266
0.348577 0.245338
0.349205 0.462794
0.351085 0.350771
0.354194 0.360641
0.358503 0.460061
0.363967 0.297599
0.370536 0.427598
0.378153 0.443537
0.386755 0.469915
0.396278 0.429121
0.406658 0.382064
0.417831 0.362781
0.429734 0.378996
0.442309 0.455437
0.455501 0.422888
0.469257 0.366104
0.483529 0.421443
0.498272 0.532893
0.513447 0.429079
0.529016 0.396313
0.544945 0.479444
0.561204 0.862125
0.577765 0.793108
0.594602 0.849297
0.611692 0.779156
0.629016 0.914068
0.646554 0.913977
0.66429 0.880057
0.682207 1.02057
0.700293 0.926206
0.36637 0.464022
0.366968 0.401881
0.368756 0.399493
0.371718 0.359482
0.375826 0.594869
0.381042 0.408342
0.387322 0.292464
0.394614 0.536093
0.402865 0.452035
0.412016 0.438081
0.422009 0.408136
0.432785 0.426354
0.444288 0.319173
0.456463 0.443998
0.469257 0.272675
0.482621 0.47996
0.496509 0.568972
0.510878 0.508566
0.525689 0.696726
0.540906 0.704494
0.556495 0.609598
0.572425 0.664402
0.58867 0.440401
0.605204 1.11114
0.622004 0.665516
0.639048 0.781156
0.656318 0.887656
0.673797 1.11334
0.691468 0.921091
0.709317 0.763504
0.38448 0.338154
0.38505 0.430263
0.386755 0.407521
0.38958 0.376626
0.393501 0.421359
0.398486 0.442125
0.404495 0.346848
0.411483 0.44726
0.419402 0.317054
0.4282 0.382306
0.437824 0.586886
0.44822 0.430587
0.459337 0.411283
0.471123 0.421678
0.483529 0.410313
0.496509 0.347263
0.510019 0.446334
0.524017 0.450937
0.538467 0.527693
0.553333 0.425155
0.568581 0.489186
0.584182 0.743058
0.600109 0.717908
0.616336 0.856706
0.63284 0.640998
0.6496 0.699329
0.666597 1.01642
0.683813 0.926892
0.701232 1.03899
0.718838 0.888444
0.402865 0.509416
0.403409 0.259317
0.405037 0.351922
0.407735 0.376827
0.411483 0.312449
0.416253 0.397498
0.422009 0.49318
0.428712 0.378407
0.436318 0.377379
0.444782 0.612289
0.454054 0.46693
0.464087 0.689785
0.474832 0.468246
0.486243 0.494238
0.498272 0.598574
0.510878 0.60087
0.524017 0.741683
0.537652 0.558906
0.551745 0.625755
0.566262 0.506062
0.581171 0.694243
0.596443 1.00415
0.612051 0.967113
0.627969 0.689119
0.644175 0.572589
0.660648 0.773081
0.677368 1.01145
0.694316 1.00749
0.711478 0.978245
0.728837 1.32272
0.421489 0.462077
0.422009 0.401865
0.423565 0.683993
0.426146 0.556164
0.429734 0.423219
0.434303 0.39972
0.439823 0.475463
0.446259 0.65741
0.453571 0.441575
0.461718 0.443693
0.470657 0.35919
0.480343 0.38063
0.490732 0.474729
0.501781 0.424138
0.513447 0.4515
0.525689 0.534101
0.538467 0.542778
0.551745 0.802682
0.565487 0.742801
0.57966 0.839937
0.594233 1.05781
0.609177 0.681927
0.624467 0.819167
0.640077 0.989662
0.655984 0.726899
0.672167 1.08328
0.688607 1.03067
0.705286 0.909221
0.722187 0.827229
0.739295 1.17947
0.440321 0.355911
0.440819 0.426022
0.442309 0.443811
0.444782 0.484649
0.44822 0.509866
0.452603 0.483701
0.457902 0.355799
0.464087 0.394621
0.471123 0.422066
0.478971 0.39044
0.487594 0.534012
0.49695 0.602701
0.506999 0.44511
0.517701 0.529904
0.529016 0.569621
0.540906 0.478842
0.553333 0.50866
0.566262 0.488147
0.57966 0.658594
0.593494 0.746539
0.607736 0.679469
0.622356 1.04566
0.63733 0.576697
0.652632 0.761636
0.66824 0.701457
0.684133 1.20775
0.700293 1.45965
0.716699 0.984899
0.733337 1.17567
0.750191 0.980823
0.459337 0.389251
0.459814 0.455082
0.461243 0.47291
0.463614 0.591465
0.466914 0.548468
0.471123 0.474583
0.476216 0.486981
0.482166 0.562323
0.488941 0.398543
0.496509 0.415757
0.504832 0.450686
0.513874 0.495613
0.523599 0.450846
0.533968 0.560669
0.544945 0.684879
0.556495 0.56571
0.568581 0.510149
0.581171 0.559477
0.594233 0.601795
0.607736 0.675806
0.621651 1.13911
0.635952 0.702394
0.650612 0.986564
0.665609 0.947287
0.68092 0.666854
0.696524 0.963
0.712402 0.913978
0.728536 1.56609
0.74491 1.07736
0.761508 1.41535
0.478513 0.485577
0.478971 0.371207
0.480343 0.508237
0.482621 0.595003
0.485791 0.582384
0.489838 0.386048
0.494739 0.41672
0.500468 0.584442
0.506999 0.433053
0.514301 0.548583
0.522341 0.582883
0.531085 0.577656
0.5405 0.542063
0.550551 0.580434
0.561204 0.761812
0.572425 0.720456
0.584182 0.664385
0.596443 0.694102
0.609177 0.93644
0.622356 0.998673
0.635952 0.748238
0.649938 0.929175
0.66429 0.750107
0.678985 1.28739
0.694001 0.714652
0.709317 0.894112
0.724915 1.19779
0.740777 0.839039
0.756886 1.01878
0.773226 1.01779
0.497832 0.59744
0.498272 0.417274
0.499591 0.561479
0.501781 0.78395
0.504832 0.500166
0.508727 0.515124
0.513447 0.704135
0.518971 0.473082
0.525272 0.461836
0.532323 0.535848
0.540094 0.600679
0.548556 0.483459
0.557676 0.487076
0.567423 0.562462
0.577765 0.620359
0.58867 0.669684
0.600109 0.87724
0.612051 0.617675
0.624467 0.795084
0.63733 0.655143
0.650612 0.918561
0.66429 0.825152
0.678338 1.15491
0.692735 0.984184
0.707459 1.14285
0.72249 1.12664
0.73781 0.99862
0.7534 1.19568
0.769245 1.21973
0.785328 0.903187
0.517277 0.428382
0.517701 0.575582
0.518971 0.425855
0.521079 0.6135
0.524017 0.432049
0.527771 0.396343
0.532323 0.419878
0.537652 0.485261
0.543737 0.533691
0.550551 0.496558
0.558069 0.559324
0.566262 0.634906
0.575101 0.950066
0.584558 0.427683
0.594602 0.743898
0.605204 0.597455
0.616336 0.819112
0.627969 0.76659
0.640077 0.842531
0.652632 0.984447
0.665609 0.795885
0.678985 0.949433
0.692735 0.762237
0.706839 0.961947
0.721275 0.915434
0.736024 1.03985
0.751068 1.09803
0.766388 1.09121
0.78197 1.35328
0.797797 1.16066
0.536836 0.554576
0.537244 0.649959
0.538467 0.501441
0.5405 0.523262
0.543333 0.533039
0.546954 0.702903
0.551347 0.50869
0.556495 0.467737
0.562375 0.922387
0.568967 0.752336
0.576244 0.71312
0.584182 0.908445
0.592755 0.673453
0.601934 0.822315
0.611692 1.06321
0.622004 0.81157
0.63284 0.717587
0.644175 1.03514
0.655984 1.001
0.66824 1.08173
0.68092 1.0111
0.694001 1.16416
0.707459 1.3373
0.721275 1.19728
0.735428 1.06955
0.749899 1.09368
0.764669 0.77588
0.779723 1.38727
0.795043 1.5883
0.810615 0.913434
0.556495 0.567865
0.556889 0.529164
0.558069 0.736963
0.56003 0.705605
0.562765 0.709493
0.566262 0.569384
0.570506 0.623582
0.575482 0.428613
0.581171 0.561095
0.587552 0.617298
0.594602 0.781321
0.602298 0.663758
0.610616 0.780928
0.61953 0.784841
0.629016 0.936081
0.639048 0.847283
0.6496 0.869134
0.660648 1.08566
0.672167 0.737039
0.684133 0.766298
0.696524 0.998288
0.709317 0.79899
0.72249 0.768451
0.736024 1.13866
0.749899 1.33258
0.764095 1.02612
0.778597 1.044
0.793386 0.974812
0.808447 1.27466
0.823766 1.20135
0.576244 0.827601
0.576625 0.700386
0.577765 0.778728
0.57966 0.740218
0.582302 0.609996
0.585682 0.795944
0.589787 0.923357
0.594602 0.807095
0.600109 0.702981
0.60629 0.721479
0.613125 0.82738
0.620592 0.943004
0.628667 0.903277
0.63733 1.09036
0.646554 0.903419
0.656318 1.04059
0.666597 1.11188
0.677368 0.822507
0.688607 1.10988
0.700293 0.939445
0.712402 1.10328
0.724915 0.935613
0.73781 1.07648
0.751068 0.759746
0.764669 1.15069
0.778597 1.06516
0.792833 1.36759
0.807361 1.07097
0.822167 1.15131
0.837234 1.0758
0.596075 0.869928
0.596443 0.60385
0.597545 0.617555
0.599378 0.662226
0.601934 0.653758
0.605204 0.906821
0.609177 0.74802
0.61384 0.891261
0.619176 0.771378
0.625169 0.720873
0.6318 0.815073
0.639048 0.920035
0.646894 0.908744
0.655315 1.08137
0.66429 0.727021
0.673797 0.870048
0.683813 0.787808
0.694316 1.23109
0.705286 0.989201
0.716699 1.0152
0.728536 0.862379
0.740777 1.29893
0.7534 1.04278
0.766388 1.39648
0.779723 1.5417
0.793386 1.3119
0.807361 1.11618
0.821633 1.13338
0.836186 1.31471
0.851005 1.13006
0.61598 0.749123
0.616336 0.833559
0.617403 0.745013
0.619176 1.07054
0.621651 0.618886
0.624818 0.819261
0.628667 0.726614
0.633187 0.683852
0.638361 0.922192
0.644175 0.886425
0.650612 1.02979
0.657653 0.945075
0.66528 0.808152
0.673471 0.810812
0.682207 1.1782
0.691468 1.08683
0.701232 1.10774
0.711478 1.04195
0.722187 0.90249
0.733337 1.31647
0.74491 1.60906
0.756886 1.33325
0.769245 1.04442
0.78197 1.34805
0.795043 1.15502
0.808447 1.11529
0.822167 1.15914
0.836186 0.772479
0.850489 1.13286
0.865064 1.06179
0.635952 0.821312
0.636296 0.722142
0.63733 0.883142
0.639048 1.03757
0.641446 0.651813
0.644516 0.83691
0.648248 0.769694
0.652632 0.750727
0.657653 1.07111
0.663299 1.02885
0.669552 0.982089
0.676396 1.07277
0.683813 1.22676
0.691785 0.88987
0.700293 0.849353
0.709317 1.07839
0.718838 0.863638
0.728837 1.05178
0.739295 0.85457
0.750191 1.43248
0.761508 1.1216
0.773226 1.17572
0.785328 1.13054
0.797797 0.912409
0.810615 1.72734
0.823766 1.19122
0.837234 1.03951
0.851005 1.19385
0.865064 1.62678
0.879397 1.25402
0.20944 1.25962
0.210484 3.09584
0.213587 1.56291
0.218661 1.37788
0.225573 1.20421
0.23416 0.642252
0.244246 0.872175
0.255654 0.47903
0.268213 0.351796
0.281772 0.285607
0.296192 0.378647
0.311354 0.363269
0.327155 0.311593
0.343506 0.260945
0.360333 0.25156
0.377572 0.44137
0.39517 0.355176
0.413079 0.299543
0.431262 0.547245
0.449686 0.450093
0.468321 0.424114
0.487144 0.35367
0.506133 0.609626
0.525272 0.670133
0.544543 0.54555
0.563933 0.775158
0.583431 0.652727
0.603026 0.897352
0.622708 0.971416
0.642471 0.766043
0.210484 0.827889
0.211524 1.71922
0.214612 1.33751
0.219662 1.04705
0.226543 0.375304
0.235095 0.893879
0.245143 0.606485
0.25651 0.377437
0.26903 0.515019
0.282549 0.561981
0.296932 0.627385
0.312058 0.356566
0.327825 0.337475
0.344144 0.304421
0.360942 0.349092
0.378153 0.319798
0.395724 0.400369
0.41361 0.327102
0.431771 0.456662
0.450173 0.506209
0.468789 0.439772
0.487594 0.348745
0.506567 0.432288
0.525689 0.500486
0.544945 0.681402
0.564322 0.759242
0.583807 0.749476
0.603389 0.743093
0.623061 0.753093
0.642812 0.746453
0.213587 0.940719
0.214612 1.15966
0.217656 1.22698
0.222637 0.633184
0.229429 1.43424
0.237878 0.577287
0.247812 0.46577
0.259062 0.646073
0.271465 0.407721
0.284869 0.349004
0.299139 0.545304
0.314159 0.279499
0.329826 0.554179
0.346051 0.505579
0.36276 0.271653
0.379889 0.403181
0.397384 0.385744
0.415198 0.423261
0.433292 0.390011
0.451632 0.433865
0.470191 0.412954
0.488941 0.421631
0.507864 0.446335
0.526939 0.374474
0.546151 0.600249
0.565487 0.519764
0.584933 0.617452
0.604479 1.12519
0.624116 0.626779
0.643835 0.814644
0.218661 1.12543
0.219662 1.06654
0.222637 1.14004
0.22751 1.52743
0.23416 0.594452
0.242444 0.611005
0.252199 0.640506
0.263261 0.3687
0.275475 0.371098
0.288692 0.670028
0.302783 0.389448
0.317631 0.414005
0.333134 0.532347
0.349205 0.486471
0.36577 0.292543
0.382765 0.256762
0.400134 0.469922
0.417831 0.395613
0.435815 0.433205
0.454054 0.363387
0.472517 0.401524
0.491179 0.361632
0.510019 0.60659
0.529016 0.445387
0.548156 0.592812
0.567423 0.640749
0.586805 0.552514
0.60629 0.594584
0.62587 0.746172
0.645536 1.1932
0.225573 0.376016
0.226543 0.768715
0.229429 0.928276
0.23416 0.35022
0.240628 0.390501
0.248696 1.13129
0.258214 0.407584
0.26903 0.679063
0.280993 0.707323
0.293962 0.757943
0.307812 0.593803
0.322428 0.562391
0.337711 0.520177
0.353575 0.373065
0.369944 0.323425
0.386755 0.365801
0.403952 0.46059
0.421489 0.490225
0.439324 0.381882
0.457423 0.420507
0.475755 0.389961
0.494295 0.366807
0.51302 0.386149
0.53191 0.632689
0.550949 0.717065
0.570122 0.715533
0.589415 0.87949
0.608817 0.681422
0.628319 0.910708
0.64791 0.961532
0.23416 2.48476
0.235095 1.37397
0.237878 0.31704
0.242444 0.473143
0.248696 0.615078
0.25651 0.616038
0.265749 0.463593
0.27627 0.417389
0.287932 0.822118
0.300602 0.339129
0.314159 0.454236
0.328493 0.429843
0.343506 0.414769
0.359114 0.407256
0.375242 0.326414
0.391825 0.285335
0.40881 0.512089
0.426146 0.443224
0.443794 0.499321
0.461718 0.313667
0.479886 0.345059
0.498272 0.424091
0.516853 0.497377
0.535609 0.522604
0.554521 0.77419
0.573574 0.781274
0.592755 0.616628
0.612051 1.10413
0.631452 0.907622
0.650949 0.821772
0.244246 0.553035
0.245143 0.406757
0.247812 0.519715
0.252199 1.26871
0.258214 0.255128
0.265749 0.292826
0.274677 0.53242
0.284869 0.377941
0.296192 0.483191
0.308524 0.325318
0.321747 0.452246
0.335757 0.430089
0.350459 0.295712
0.36577 0.394351
0.381617 0.329037
0.397935 0.336061
0.414669 0.323218
0.431771 0.295944
0.449198 0.584045
0.466914 0.618831
0.484888 0.39662
0.503091 0.410886
0.5215 0.582424
0.540094 0.472041
0.558854 0.536108
0.577765 0.825675
0.596811 0.790698
0.61598 1.24026
0.635261 0.889023
0.654645 0.800649
0.255654 0.963381
0.25651 0.389237
0.259062 0.600876
0.263261 0.733833
0.26903 0.281726
0.27627 0.736165
0.284869 0.380158
0.294708 0.260038
0.305667 0.576226
0.317631 0.41514
0.33049 0.326055
0.344144 0.517415
0.358503 0.447505
0.373484 0.34031
0.389017 0.333308
0.405037 0.424561
0.421489 0.506841
0.438324 0.376527
0.455501 0.475909
0.472981 0.374454
0.490732 0.530845
0.508727 0.582038
0.526939 0.512806
0.545348 0.760828
0.563933 0.684474
0.582679 0.61437
0.601569 0.700968
0.620592 0.958817
0.639734 0.65566
0.658986 1.14559
0.268213 0.522142
0.26903 0.932984
0.271465 0.586863
0.275475 0.518177
0.280993 0.387391
0.287932 0.372476
0.296192 0.6396
0.305667 0.341797
0.316247 0.269476
0.327825 0.337814
0.340299 0.290636
0.353575 0.366887
0.367565 0.382776
0.382191 0.343631
0.397384 0.422642
0.413079 0.504867
0.429223 0.506447
0.445767 0.286863
0.462667 0.437519
0.479886 0.647585
0.497391 0.576136
0.515153 0.514725
0.533146 0.472809
0.551347 0.599378
0.569737 0.961968
0.588298 0.747835
0.607013 0.659841
0.62587 0.69538
0.644856 0.852725
0.66396 1.07576
0.281772 0.400481
0.282549 0.376687
0.284869 0.72218
0.288692 0.296247
0.293962 0.320177
0.300602 0.602687
0.308524 0.315297
0.317631 0.543772
0.327825 0.340736
0.339007 0.290056
0.351085 0.351543
0.363967 0.613252
0.377572 0.35124
0.391825 0.414153
0.406658 0.355755
0.422009 0.359445
0.437824 0.33342
0.454054 0.506089
0.470657 0.503161
0.487594 0.411895
0.504832 0.489828
0.522341 0.45278
0.540094 0.518576
0.558069 0.691415
0.576244 0.428995
0.594602 0.816838
0.613125 0.844028
0.6318 0.754435
0.650612 0.619039
0.669552 0.690656
0.296192 0.316685
0.296932 0.575445
0.299139 0.415167
0.302783 0.944431
0.307812 0.342833
0.314159 0.206529
0.321747 0.334254
0.33049 0.261374
0.340299 0.559653
0.351085 0.658991
0.36276 0.263818
0.375242 0.367454
0.388452 0.297304
0.40232 0.362717
0.416779 0.443074
0.431771 0.349745
0.44724 0.343452
0.463141 0.438516
0.479429 0.506853
0.496067 0.410907
0.51302 0.545723
0.530258 0.645749
0.547755 0.61301
0.565487 0.632493
0.583431 0.803279
0.601569 0.923364
0.619884 0.671731
0.638361 0.761955
0.656986 0.800951
0.675747 0.994445
0.311354 0.39734
0.312058 0.412044
0.314159 0.565727
0.317631 0.402496
0.322428 0.453562
0.328493 0.484299
0.335757 0.308038
0.344144 0.326535
0.353575 0.424698
0.363967 0.383832
0.375242 0.283481
0.387322 0.280649
0.400134 0.389638
0.41361 0.350018
0.427688 0.259685
0.442309 0.571631
0.457423 0.389386
0.472981 0.33243
0.488941 0.458456
0.505266 0.46886
0.521921 0.375558
0.538874 0.594062
0.5561 0.547948
0.573574 0.773602
0.591273 0.661049
0.609177 0.821761
0.62727 0.863965
0.645536 0.671916
0.66396 0.828509
0.682529 0.809627
0.327155 0.398047
0.327825 0.331071
0.329826 0.294997
0.333134 0.619481
0.337711 0.528346
0.343506 0.408316
0.350459 0.525585
0.358503 0.270438
0.367565 0.352511
0.377572 0.41437
0.388452 0.333038
0.400134 0.532332
0.412548 0.285994
0.425631 0.385014
0.439324 0.42308
0.453571 0.331944
0.468321 0.528153
0.483529 0.626197
0.499152 0.472754
0.515153 0.460176
0.531498 0.428267
0.548156 0.623236
0.565099 0.636951
0.582302 0.593686
0.599743 0.838334
0.617403 0.782852
0.635261 0.949328
0.653304 1.12761
0.671514 0.866552
0.68988 0.989871
0.343506 0.366245
0.344144 0.438447
0.346051 0.350022
0.349205 0.330673
0.353575 0.530363
0.359114 0.370571
0.36577 0.297185
0.373484 0.380045
0.382191 0.317565
0.391825 0.457926
0.40232 0.428113
0.41361 0.591741
0.425631 0.363176
0.438324 0.425815
0.451632 0.545733
0.465503 0.440595
0.479886 0.489143
0.494739 0.575093
0.510019 0.599655
0.525689 0.486696
0.541716 0.620127
0.558069 0.732603
0.57472 0.640641
0.591643 0.516257
0.608817 0.880567
0.626221 0.990522
0.643835 1.19875
0.661643 0.755663
0.67963 0.980709
0.697783 1.10352
0.360333 0.384626
0.360942 0.437208
0.36276 0.460589
0.36577 0.56229
0.369944 0.600222
0.375242 0.447589
0.381617 0.280822
0.389017 0.291685
0.397384 0.450435
0.406658 0.354321
0.416779 0.293232
0.427688 0.36892
0.439324 0.481675
0.451632 0.352915
0.464559 0.459325
0.478055 0.4404
0.492071 0.369135
0.506567 0.418158
0.5215 0.63958
0.536836 0.600012
0.552539 0.620002
0.568581 0.815004
0.584933 0.666157
0.601569 0.629671
0.618467 0.668385
0.635607 0.589614
0.652968 0.848342
0.670534 1.02554
0.688288 1.31186
0.706218 1.05796
0.377572 0.471022
0.378153 0.28184
0.379889 0.243554
0.382765 0.316326
0.386755 0.446545
0.391825 0.181466
0.397935 0.329439
0.405037 0.406299
0.413079 0.294586
0.422009 0.326028
0.431771 0.473126
0.442309 0.35582
0.453571 0.408678
0.465503 0.431696
0.478055 0.573233
0.491179 0.421208
0.504832 0.499016
0.518971 0.414454
0.533557 0.487303
0.548556 0.698893
0.563933 0.520586
0.57966 0.558489
0.595707 0.63984
0.612051 0.693495
0.628667 0.851118
0.645536 1.06017
0.662637 1.10509
0.679953 0.797124
0.697468 0.783875
0.715168 0.762782
0.39517 0.375232
0.395724 0.407979
0.397384 0.432576
0.400134 0.384406
0.403952 0.502846
0.40881 0.349527
0.414669 0.419676
0.421489 0.341678
0.429223 0.423927
0.437824 0.530469
0.44724 0.366083
0.457423 0.359485
0.468321 0.381796
0.479886 0.357979
0.492071 0.449194
0.504832 0.352368
0.518125 0.499512
0.53191 0.690031
0.546151 0.583618
0.560813 0.518138
0.575863 0.812661
0.591273 0.599362
0.607013 0.462421
0.623061 0.781115
0.639391 0.922751
0.655984 0.691476
0.672819 1.15347
0.68988 0.988279
0.707149 1.02187
0.724612 1.01579
0.413079 0.32001
0.41361 0.390634
0.415198 0.544343
0.417831 0.487185
0.421489 0.553096
0.426146 0.541715
0.431771 0.487057
0.438324 0.363278
0.445767 0.340236
0.454054 0.394203
0.463141 0.577482
0.472981 0.41342
0.483529 0.367992
0.494739 0.429783
0.506567 0.496631
0.518971 0.389599
0.53191 0.72655
0.545348 0.469842
0.559247 0.825864
0.573574 0.77027
0.588298 0.588436
0.603389 0.86645
0.618822 0.879306
0.634571 0.814776
0.650612 1.06502
0.666926 0.885237
0.683492 0.907701
0.700293 1.27061
0.717311 0.819508
0.734533 1.23607
0.431262 0.484521
0.431771 0.335572
0.433292 0.358063
0.435815 0.409224
0.439324 0.34345
0.443794 0.253354
0.449198 0.338109
0.455501 0.702452
0.462667 0.352101
0.470657 0.439355
0.479429 0.414929
0.488941 0.453223
0.499152 0.486339
0.510019 0.438073
0.5215 0.504791
0.533557 0.628132
0.546151 0.671489
0.559247 0.605366
0.572808 0.750257
0.586805 0.788341
0.601204 0.423677
0.61598 0.588144
0.631105 0.63227
0.646554 0.793765
0.662306 0.989545
0.678338 0.808827
0.694632 0.86379
0.71117 1.10895
0.727934 1.01673
0.74491 1.10816
0.449686 0.591722
0.450173 0.245864
0.451632 0.567411
0.454054 0.384012
0.457423 0.504025
0.461718 0.392371
0.466914 0.341426
0.472981 0.353001
0.479886 0.595116
0.487594 0.652738
0.496067 0.618866
0.505266 0.340909
0.515153 0.462953
0.525689 0.48866
0.536836 0.445103
0.548556 0.5807
0.560813 0.813249
0.573574 0.657974
0.586805 0.733428
0.600474 0.869579
0.614554 0.634639
0.629016 1.00416
0.643835 0.759655
0.658986 0.747665
0.674447 0.939298
0.690198 0.942349
0.706218 0.967247
0.72249 0.881133
0.738998 1.10458
0.755726 1.40879
0.468321 0.368591
0.468789 0.444088
0.470191 0.357956
0.472517 0.396805
0.475755 0.528357
0.479886 0.510047
0.484888 0.566283
0.490732 0.572958
0.497391 0.423898
0.504832 0.337451
0.51302 0.641016
0.521921 0.507968
0.531498 0.679166
0.541716 0.450859
0.552539 0.735192
0.563933 0.561607
0.575863 0.598605
0.588298 0.590346
0.601204 0.758731
0.614554 1.13903
0.628319 0.819051
0.642471 1.24823
0.656986 0.820403
0.671841 0.698989
0.687013 1.03951
0.702481 0.943353
0.718228 1.40168
0.734234 1.05269
0.750483 1.08584
0.766961 1.02048
0.487144 0.545184
0.487594 0.443263
0.488941 0.524883
0.491179 0.400105
0.494295 0.46274
0.498272 0.556877
0.503091 0.542605
0.508727 0.615684
0.515153 0.52152
0.522341 0.530517
0.530258 0.55822
0.538874 0.40744
0.548156 0.487176
0.558069 0.502663
0.568581 0.726383
0.57966 0.732107
0.591273 0.48098
0.603389 0.598072
0.61598 0.724055
0.629016 0.794933
0.642471 0.598094
0.656318 0.714853
0.670534 0.488704
0.685095 0.91728
0.699979 0.888
0.715168 0.881759
0.730641 1.02015
0.746381 1.12105
0.762371 1.28562
0.778597 1.04024
0.506133 0.397575
0.506567 0.467483
0.507864 0.478165
0.510019 0.491343
0.51302 0.375698
0.516853 0.548256
0.5215 0.604835
0.526939 0.361452
0.533146 0.587145
0.540094 0.501417
0.547755 0.765385
0.5561 0.650767
0.565099 0.604542
0.57472 0.70029
0.584933 0.725585
0.595707 0.711505
0.607013 0.765624
0.618822 0.822658
0.631105 0.775131
0.643835 0.70084
0.656986 0.777753
0.670534 0.959821
0.684454 0.893487
0.698725 1.09294
0.713325 1.30179
0.728235 0.906337
0.743437 1.1173
0.758911 0.976958
0.774643 1.40295
0.790617 1.4023
0.525272 0.569721
0.525689 0.560209
0.526939 0.641812
0.529016 0.564273
0.53191 0.664965
0.535609 0.661551
0.540094 0.292718
0.545348 0.688958
0.551347 0.711397
0.558069 0.712896
0.565487 0.836825
0.573574 0.656433
0.582302 0.555998
0.591643 0.697035
0.601569 0.662434
0.612051 0.750842
0.623061 1.04597
0.634571 0.997239
0.646554 0.793243
0.658986 0.917979
0.671841 0.868108
0.685095 0.829832
0.698725 1.16677
0.71271 0.945694
0.72703 1.20136
0.741664 1.16065
0.756596 1.19877
0.771807 0.947683
0.787281 1.57587
0.803003 1.29073
0.544543 0.660438
0.544945 0.447054
0.546151 0.709331
0.548156 0.430139
0.550949 0.62545
0.554521 0.682921
0.558854 0.710148
0.563933 0.572086
0.569737 0.770423
0.576244 0.702347
0.583431 0.915796
0.591273 0.61151
0.599743 0.817937
0.608817 0.691583
0.618467 0.867129
0.628667 0.736945
0.639391 0.850684
0.650612 0.799718
0.662306 0.893008
0.674447 1.02591
0.687013 1.03635
0.699979 0.917419
0.713325 0.70171
0.72703 1.12656
0.741073 0.959516
0.755435 1.30142
0.7701 0.790626
0.785049 1.0679
0.800267 1.33657
0.815739 1.14132
0.563933 0.879674
0.564322 0.626707
0.565487 0.722252
0.567423 0.409285
0.570122 0.320682
0.573574 0.690999
0.577765 0.54409
0.582679 0.595342
0.588298 0.686544
0.594602 0.948401
0.601569 0.804377
0.609177 0.660606
0.617403 0.90337
0.626221 0.692194
0.635607 0.678993
0.645536 0.842606
0.655984 0.855817
0.666926 0.872284
0.678338 0.865046
0.690198 0.964891
0.702481 0.680532
0.715168 1.07208
0.728235 0.687486
0.741664 1.20857
0.755435 1.07009
0.76953 1.0332
0.783931 0.814474
0.798621 0.98985
0.813586 1.19818
0.828809 1.43838
0.583431 0.714912
0.583807 0.638848
0.584933 0.523216
0.586805 0.50069
0.589415 0.639239
0.592755 0.836812
0.596811 0.785209
0.601569 0.7863
0.607013 0.847752
0.613125 0.754254
0.619884 0.781442
0.62727 0.933749
0.635261 0.855036
0.643835 0.62232
0.652968 0.80309
0.662637 1.04193
0.672819 0.922373
0.683492 0.968338
0.694632 1.32649
0.706218 1.08618
0.718228 1.0285
0.730641 0.910032
0.743437 0.905324
0.756596 0.853922
0.7701 1.11674
0.783931 1.10733
0.798072 0.871876
0.812507 1.12521
0.82722 0.890954
0.842197 1.54311
0.603026 0.929537
0.603389 0.776768
0.604479 0.977022
0.60629 0.423016
0.608817 0.735095
0.612051 0.624497
0.61598 0.758456
0.620592 0.788057
0.62587 0.923852
0.6318 1.02216
0.638361 0.795843
0.645536 0.722649
0.653304 0.868065
0.661643 0.653856
0.670534 1.05232
0.679953 0.79401
0.68988 0.853609
0.700293 1.04436
0.71117 0.810803
0.72249 0.968818
0.734234 0.85307
0.746381 0.63144
0.758911 1.30146
0.771807 1.14563
0.785049 0.77021
0.798621 1.57328
0.812507 0.905873
0.826689 0.749119
0.841155 1.0585
0.855888 1.27371
0.622708 0.70408
0.623061 0.99234
0.624116 0.832275
0.62587 0.862
0.628319 0.89299
0.631452 0.629181
0.635261 0.934115
0.639734 0.682207
0.644856 0.797897
0.650612 0.993934
0.656986 1.07265
0.66396 0.88258
0.671514 0.784426
0.67963 0.778161
0.688288 0.932366
0.697468 0.846759
0.707149 1.25688
0.717311 1.55135
0.727934 1.07119
0.738998 1.312
0.750483 1.39672
0.762371 1.1198
0.774643 1.2695
0.787281 1.32604
0.800267 1.15525
0.813586 1.10549
0.82722 1.50166
0.841155 1.47104
0.855375 1.06273
0.869868 1.33354
0.642471 0.761775
0.642812 0.644092
0.643835 0.58343
0.645536 0.968494
0.64791 0.941113
0.650949 0.904397
0.654645 0.935951
0.658986 0.811538
0.66396 0.958996
0.669552 0.792137
0.675747 0.788341
0.682529 0.798188
0.68988 0.993493
0.697783 1.25813
0.706218 0.872382
0.715168 1.32692
0.724612 1.32412
0.734533 1.05394
0.74491 0.973816
0.755726 1.2585
0.766961 1.16516
0.778597 1.56302
0.790617 1.04364
0.803003 1.08234
0.815739 1.39674
0.828809 1.13213
0.842197 1.22209
0.855888 0.920824
0.869868 1.48388
0.884123 1.04376
0.230383 0.657257
0.231334 0.360507
0.23416 0.548484
0.238798 1.34373
0.245143 0.792904
0.253067 0.686303
0.262427 0.404753
0.273076 0.375997
0.284869 0.284747
0.297669 0.651907
0.311354 0.346277
0.325811 0.424913
0.340943 0.230063
0.356663 0.312158
0.372896 0.41622
0.38958 0.473055
0.406658 0.45428
0.424083 0.459522
0.441813 0.299701
0.459814 0.474333
0.478055 0.400139
0.496509 0.376387
0.515153 0.359513
0.533968 0.811913
0.552936 0.741319
0.572042 0.780994
0.591273 0.675677
0.610616 0.883004
0.630061 1.00244
0.6496 0.710309
0.231334 0.961448
0.23228 0.715618
0.235095 1.66982
0.239714 1.43583
0.246036 2.27975
0.253932 1.82913
0.263261 0.822337
0.273878 0.994133
0.285637 0.340227
0.298405 0.256773
0.312058 0.463313
0.326484 0.361436
0.341586 0.49016
0.357277 0.299062
0.373484 0.451076
0.390143 0.481671
0.407197 0.344981
0.4246 0.328904
0.442309 0.347116
0.460291 0.418463
0.478513 0.521073
0.49695 0.486807
0.515579 0.479715
0.534379 0.609706
0.553333 0.710204
0.572425 0.611279
0.591643 0.63131
0.610975 0.883867
0.630409 0.761617
0.649938 1.09146
0.23416 0.655721
0.235095 0.79219
0.237878 1.20198
0.242444 0.414889
0.248696 0.32356
0.25651 0.986092
0.265749 0.617312
0.27627 0.386581
0.287932 0.330749
0.300602 0.249751
0.314159 0.321541
0.328493 0.421203
0.343506 0.411829
0.359114 0.523218
0.375242 0.329911
0.391825 0.3713
0.40881 0.371413
0.426146 0.455976
0.443794 0.425684
0.461718 0.499136
0.479886 0.488935
0.498272 0.424518
0.516853 0.527752
0.535609 0.490347
0.554521 0.546802
0.573574 0.617877
0.592755 0.630527
0.612051 0.678368
0.631452 0.752936
0.650949 0.701226
0.238798 0.715074
0.239714 0.29157
0.242444 0.780892
0.246926 0.36176
0.253067 0.423125
0.26075 0.509845
0.269844 0.351961
0.280211 0.267878
0.291715 0.32771
0.304228 0.291323
0.317631 0.310042
0.331815 0.484151
0.346684 0.478334
0.362155 0.346572
0.378153 0.454515
0.394614 0.486379
0.411483 0.399056
0.428712 0.342281
0.446259 0.439033
0.464087 0.594783
0.482166 0.581622
0.500468 0.379182
0.518971 0.441879
0.537652 0.553383
0.556495 0.591459
0.575482 0.639659
0.594602 1.02013
0.61384 0.674868
0.633187 0.993083
0.652632 1.16814
0.245143 1.29858
0.246036 0.468874
0.248696 0.999343
0.253067 0.705701
0.259062 0.600737
0.266573 0.535759
0.275475 0.426009
0.285637 1.05716
0.296932 0.249583
0.309234 0.355427
0.322428 0.59989
0.33641 0.327124
0.351085 0.213747
0.36637 0.394074
0.382191 0.371902
0.398486 0.381457
0.415198 0.588518
0.432278 0.424286
0.449686 0.463698
0.467383 0.417016
0.48534 0.669979
0.503527 0.409582
0.521921 0.502018
0.5405 0.548115
0.559247 0.685176
0.578144 0.568167
0.597178 0.593569
0.616336 0.82203
0.635607 0.84116
0.65498 0.818566
0.253067 0.747778
0.253932 0.94789
0.25651 1.06622
0.26075 1.30814
0.266573 0.524807
0.273878 0.791114
0.282549 0.516048
0.292466 0.520017
0.303507 0.317698
0.315552 0.440644
0.328493 0.229002
0.342227 0.427696
0.356663 0.33397
0.371718 0.634576
0.387322 0.347243
0.403409 0.293005
0.419925 0.462267
0.436821 0.412643
0.454054 0.493016
0.471588 0.731427
0.48939 0.481103
0.507432 0.409122
0.525689 0.584172
0.54414 0.679316
0.562765 0.854848
0.581548 0.760382
0.600474 0.786204
0.61953 0.946878
0.638705 0.883226
0.657987 0.806153
0.262427 0.6309
0.263261 0.617881
0.265749 0.225486
0.269844 1.12396
0.275475 0.407834
0.282549 0.789124
0.290963 0.54297
0.300602 0.687963
0.311354 0.322027
0.323108 0.488279
0.335757 0.553186
0.349205 0.302416
0.363364 0.314125
0.378153 0.352134
0.393501 0.334534
0.409346 0.341779
0.425631 0.497812
0.442309 0.330062
0.459337 0.433304
0.476676 0.45017
0.494295 0.407688
0.512164 0.373401
0.530258 0.607804
0.548556 0.717477
0.567036 0.816364
0.585682 0.628759
0.604479 0.59826
0.623412 0.772903
0.642471 0.679775
0.661643 0.788791
0.273076 0.399569
0.273878 0.747065
0.27627 0.512419
0.280211 0.436882
0.285637 0.607212
0.292466 0.357112
0.300602 0.359044
0.309942 0.339597
0.320381 0.363125
0.331815 0.379613
0.344144 0.444372
0.357277 0.311706
0.371128 0.309382
0.385619 0.28553
0.400681 0.545427
0.416253 0.303083
0.432278 0.307911
0.448709 0.390731
0.465503 0.437419
0.482621 0.565532
0.50003 0.478461
0.517701 0.529614
0.535609 0.474083
0.553729 0.483562
0.572042 0.804704
0.59053 0.614808
0.609177 0.884486
0.627969 0.684718
0.646894 0.67867
0.665939 0.638661
0.284869 0.46621
0.285637 0.659336
0.287932 0.485211
0.291715 0.437834
0.296932 0.387311
0.303507 0.523799
0.311354 0.418102
0.320381 0.438676
0.33049 0.393664
0.341586 0.477388
0.353575 0.299488
0.36637 0.387553
0.379889 0.317114
0.394058 0.559789
0.40881 0.404914
0.424083 0.339303
0.439823 0.333514
0.455982 0.449673
0.472517 0.437303
0.48939 0.388383
0.506567 0.600194
0.524017 0.541144
0.541716 0.591841
0.559639 0.516239
0.577765 0.551659
0.596075 0.504214
0.614554 0.768283
0.633187 0.807563
0.651959 0.669695
0.670861 1.03383
0.297669 0.511673
0.298405 0.368336
0.300602 0.551111
0.304228 0.372023
0.309234 0.435956
0.315552 0.631613
0.323108 0.379544
0.331815 0.401047
0.341586 0.400762
0.352332 0.302891
0.363967 0.325346
0.376409 0.497372
0.38958 0.360747
0.403409 0.404057
0.417831 0.358433
0.432785 0.353869
0.44822 0.392031
0.464087 0.434375
0.480343 0.339637
0.49695 0.504609
0.513874 0.437275
0.531085 0.77757
0.548556 0.759442
0.566262 0.60448
0.584182 0.781386
0.602298 0.664303
0.620592 1.01813
0.639048 0.808518
0.657653 0.749012
0.676396 1.12893
0.311354 0.334224
0.312058 0.452412
0.314159 0.41828
0.317631 0.366447
0.322428 0.378542
0.328493 0.344416
0.335757 0.300384
0.344144 0.3217
0.353575 0.331275
0.363967 0.298772
0.375242 0.549791
0.387322 0.440747
0.400134 0.366859
0.41361 0.393397
0.427688 0.380111
0.442309 0.42212
0.457423 0.473461
0.472981 0.476733
0.488941 0.487579
0.505266 0.595278
0.521921 0.476112
0.538874 0.573252
0.5561 0.523982
0.573574 0.516116
0.591273 0.587303
0.609177 0.665938
0.62727 0.841274
0.645536 0.857834
0.66396 0.964931
0.682529 1.04032
0.325811 0.376871
0.326484 0.342438
0.328493 0.268375
0.331815 0.325796
0.33641 0.309953
0.342227 0.432687
0.349205 0.366978
0.357277 0.44904
0.36637 0.589824
0.376409 0.33939
0.387322 0.421884
0.399036 0.375751
0.411483 0.499831
0.4246 0.474726
0.438324 0.392613
0.452603 0.336571
0.467383 0.631153
0.482621 0.431833
0.498272 0.581006
0.514301 0.568597
0.530672 0.340818
0.547355 0.791837
0.564322 0.64428
0.581548 0.795967
0.599012 0.700434
0.616692 0.714869
0.634571 0.753952
0.652632 0.660428
0.670861 0.652523
0.689244 1.09241
0.340943 0.335387
0.341586 0.29656
0.343506 0.299163
0.346684 0.403324
0.351085 0.357132
0.356663 0.374177
0.363364 0.403814
0.371128 0.518382
0.379889 0.403998
0.38958 0.348093
0.400134 0.4008
0.411483 0.322196
0.423565 0.41202
0.436318 0.429889
0.449686 0.377761
0.463614 0.464925
0.478055 0.484742
0.492962 0.405219
0.508295 0.595975
0.524017 0.622538
0.540094 0.622423
0.556495 0.661231
0.573191 0.710872
0.590159 1.00496
0.607375 0.804917
0.624818 0.816235
0.642471 0.68968
0.660316 1.19118
0.678338 0.871897
0.696524 0.886134
0.356663 0.418458
0.357277 0.299883
0.359114 0.409064
0.362155 0.490429
0.36637 0.358322
0.371718 0.284817
0.378153 0.361303
0.385619 0.327394
0.394058 0.258644
0.403409 0.498638
0.41361 0.635266
0.4246 0.375226
0.436318 0.401409
0.448709 0.465661
0.461718 0.475219
0.475294 0.458247
0.48939 0.682024
0.503962 0.523288
0.518971 0.589324
0.534379 0.6662
0.550153 0.483404
0.566262 0.611652
0.582679 0.895257
0.599378 0.693523
0.616336 0.914327
0.633533 0.7077
0.650949 0.588408
0.668568 0.68382
0.686374 0.72988
0.704352 0.998799
0.372896 0.289246
0.373484 0.558658
0.375242 0.395341
0.378153 0.364575
0.382191 0.254606
0.387322 0.330416
0.393501 0.384364
0.400681 0.309323
0.40881 0.376863
0.417831 0.224453
0.427688 0.32959
0.438324 0.465491
0.449686 0.411317
0.461718 0.554761
0.47437 0.533807
0.487594 0.553012
0.501344 0.517261
0.515579 0.364081
0.530258 0.581908
0.545348 0.533738
0.560813 0.59085
0.576625 0.75744
0.592755 0.550731
0.609177 0.825616
0.62587 0.865885
0.642812 0.904111
0.659984 0.958531
0.677368 0.78827
0.694948 0.942765
0.71271 0.959224
0.38958 0.446818
0.390143 0.452631
0.391825 0.386008
0.394614 0.344022
0.398486 0.489933
0.403409 0.324711
0.409346 0.297754
0.416253 0.387125
0.424083 0.451969
0.432785 0.314862
0.442309 0.395379
0.452603 0.302125
0.463614 0.500688
0.475294 0.417223
0.487594 0.495196
0.500468 0.589179
0.513874 0.427216
0.527771 0.49451
0.542121 0.615482
0.556889 0.674897
0.572042 0.677571
0.587552 0.638184
0.603389 0.633847
0.61953 1.13599
0.635952 0.548391
0.652632 0.819571
0.669552 0.988204
0.686693 0.585111
0.704041 1.17677
0.721579 1.23958
0.406658 0.322637
0.407197 0.349871
0.40881 0.330732
0.411483 0.387618
0.415198 0.494796
0.419925 0.3634
0.425631 0.343931
0.432278 0.371602
0.439823 0.401478
0.44822 0.422837
0.457423 0.436475
0.467383 0.4876
0.478055 0.647064
0.48939 0.59009
0.501344 0.439862
0.513874 0.429213
0.526939 0.561922
0.5405 0.630638
0.554521 0.593924
0.568967 0.756659
0.583807 0.675666
0.599012 0.881209
0.614554 0.722837
0.630409 0.643078
0.646554 0.58137
0.662968 0.913014
0.67963 1.20599
0.696524 1.13163
0.713633 1.6809
0.730941 1.04627
0.424083 0.380694
0.4246 0.457489
0.426146 0.292398
0.428712 0.465891
0.432278 0.560106
0.436821 0.416665
0.442309 0.399471
0.448709 0.414847
0.455982 0.569277
0.464087 0.335459
0.472981 0.50106
0.482621 0.547386
0.492962 0.474059
0.503962 0.647241
0.515579 0.46001
0.527771 0.321895
0.5405 0.678592
0.553729 0.581746
0.567423 0.676646
0.581548 0.635988
0.596075 0.692861
0.610975 0.995488
0.626221 0.786717
0.641788 1.17401
0.657653 0.699421
0.673797 1.08204
0.690198 0.997357
0.706839 0.803955
0.723704 1.06872
0.740777 0.932438
0.441813 0.411316
0.442309 0.531999
0.443794 0.491245
0.446259 0.353297
0.449686 0.560697
0.454054 0.368377
0.459337 0.339108
0.465503 0.483469
0.472517 0.52076
0.480343 0.622892
0.488941 0.418616
0.498272 0.497105
0.508295 0.75221
0.518971 0.609822
0.530258 0.694315
0.542121 0.616348
0.554521 0.684366
0.567423 0.57447
0.580794 0.641056
0.594602 0.391637
0.608817 0.842301
0.623412 0.791528
0.638361 0.833197
0.653639 0.556574
0.669224 1.46646
0.685095 0.71708
0.701232 0.803976
0.717617 1.11252
0.734234 1.32236
0.751068 1.31184
0.459814 0.377229
0.460291 0.611448
0.461718 0.456735
0.464087 0.768581
0.467383 0.481588
0.471588 0.589818
0.476676 0.475415
0.482621 0.353823
0.48939 0.484317
0.49695 0.589631
0.505266 0.443173
0.514301 0.465258
0.524017 0.44521
0.534379 0.643025
0.545348 0.558921
0.556889 0.663384
0.568967 0.52201
0.581548 0.654091
0.594602 0.725681
0.608096 1.06484
0.622004 0.60849
0.636296 0.717786
0.650949 0.912864
0.665939 0.876069
0.681242 0.818976
0.696839 1.17768
0.71271 1.13937
0.728837 0.802806
0.745204 1.23879
0.761796 0.79035
0.478055 0.314358
0.478513 0.416922
0.479886 0.688065
0.482166 0.539747
0.48534 0.569445
0.48939 0.318305
0.494295 0.495175
0.50003 0.586492
0.506567 0.568101
0.513874 0.562764
0.521921 0.474527
0.530672 0.5946
0.540094 0.600322
0.550153 0.651739
0.560813 0.8429
0.572042 0.792198
0.583807 0.78966
0.596075 0.657999
0.608817 0.654329
0.622004 0.506205
0.635607 0.967318
0.6496 1.04969
0.66396 0.746885
0.678662 0.789003
0.693684 0.766008
0.709008 1.12897
0.724612 1.13917
0.74048 1.02082
0.756596 0.794264
0.772942 0.832159
0.496509 0.583122
0.49695 0.483464
0.498272 0.537707
0.500468 0.359169
0.503527 0.669406
0.507432 0.380138
0.512164 0.524265
0.517701 0.576178
0.524017 0.590533
0.531085 0.699564
0.538874 0.593666
0.547355 0.722556
0.556495 0.903133
0.566262 0.494485
0.576625 0.352592
0.587552 0.57906
0.599012 0.830036
0.610975 0.737481
0.623412 0.589491
0.636296 0.859733
0.6496 1.0783
0.663299 1.02299
0.677368 1.19422
0.691785 0.815922
0.706529 1.15698
0.721579 0.956137
0.736918 1.1512
0.752526 0.822988
0.768389 1.39175
0.78449 1.41585
0.515153 0.658391
0.515579 0.500007
0.516853 0.457758
0.518971 0.532287
0.521921 0.356648
0.525689 0.553014
0.530258 0.796405
0.535609 0.502639
0.541716 0.694464
0.548556 0.71465
0.5561 0.387871
0.564322 0.630088
0.573191 0.533633
0.582679 0.743089
0.592755 0.531925
0.603389 0.730249
0.614554 0.870356
0.626221 0.741625
0.638361 0.94488
0.650949 0.694269
0.66396 0.755559
0.677368 0.736499
0.69115 1.11516
0.705286 1.10143
0.719753 1.30977
0.734533 1.17564
0.749606 1.14572
0.764956 1.00734
0.780566 1.08161
0.796421 1.4673
0.533968 0.691022
0.534379 0.556063
0.535609 0.729937
0.537652 0.585014
0.5405 0.503836
0.54414 0.564732
0.548556 0.764502
0.553729 0.893374
0.559639 0.577582
0.566262 0.704408
0.573574 0.706379
0.581548 0.675146
0.590159 0.747649
0.599378 0.615522
0.609177 0.943463
0.61953 0.902792
0.630409 0.55146
0.641788 0.693205
0.653639 0.681611
0.665939 0.997596
0.678662 0.911656
0.691785 0.818833
0.705286 1.05512
0.719143 1.15451
0.733337 0.783983
0.747849 0.989875
0.762659 1.12555
0.777751 1.22504
0.79311 0.886021
0.808719 1.0972
0.552936 0.613654
0.553333 0.619722
0.554521 0.617162
0.556495 0.538617
0.559247 0.681689
0.562765 0.549851
0.567036 0.541395
0.572042 0.590703
0.577765 0.443996
0.584182 0.899334
0.591273 0.690366
0.599012 0.792325
0.607375 0.724888
0.616336 0.799671
0.62587 0.836262
0.635952 0.644927
0.646554 1.03576
0.657653 0.8286
0.669224 0.645322
0.681242 0.90634
0.693684 0.916277
0.706529 0.881504
0.719753 1.12704
0.733337 1.73542
0.747262 1.25134
0.761508 0.905695
0.776057 1.16832
0.790894 1.71976
0.806002 1.20824
0.821366 1.41736
0.572042 0.691856
0.572425 0.660511
0.573574 0.58417
0.575482 0.67757
0.578144 0.482341
0.581548 0.694185
0.585682 0.838908
0.59053 0.819115
0.596075 0.525821
0.602298 0.513085
0.609177 0.773733
0.616692 0.859862
0.624818 0.717174
0.633533 0.883772
0.642812 0.638332
0.652632 1.02896
0.662968 0.750173
0.673797 0.830301
0.685095 0.756799
0.696839 0.678632
0.709008 1.17836
0.721579 1.28014
0.734533 0.887881
0.747849 1.21317
0.761508 1.21195
0.775492 1.20141
0.789784 1.13837
0.804368 1.6372
0.819227 1.09812
0.834348 1.31118
0.591273 0.594742
0.591643 0.705955
0.592755 0.649351
0.594602 0.741239
0.597178 0.703766
0.600474 0.695353
0.604479 0.665442
0.609177 0.66512
0.614554 0.964246
0.620592 0.754216
0.62727 0.892261
0.634571 0.841985
0.642471 1.03679
0.650949 0.959812
0.659984 1.07348
0.669552 0.95155
0.67963 0.8049
0.690198 0.751975
0.701232 1.5091
0.71271 1.21073
0.724612 0.785263
0.736918 0.878064
0.749606 1.16973
0.762659 1.28531
0.776057 1.34584
0.789784 1.26965
0.803822 1.42729
0.818156 1.6778
0.832769 1.26897
0.847648 1.4585
0.610616 0.56994
0.610975 0.639501
0.612051 0.694567
0.61384 0.637257
0.616336 0.721299
0.61953 0.594936
0.623412 0.899893
0.627969 0.946705
0.633187 1.06907
0.639048 0.960906
0.645536 1.12209
0.652632 0.877336
0.660316 1.22596
0.668568 0.988591
0.677368 0.93297
0.686693 1.0056
0.696524 1.05758
0.706839 0.675424
0.717617 0.906619
0.728837 1.1696
0.74048 1.15007
0.752526 1.64105
0.764956 1.11657
0.777751 0.997706
0.790894 1.16566
0.804368 1.20933
0.818156 0.95762
0.832242 0.963663
0.846612 1.35354
0.861252 1.26298
0.630061 0.95383
0.630409 0.894407
0.631452 0.711324
0.633187 0.809786
0.635607 0.770036
0.638705 1.04671
0.642471 0.75659
0.646894 1.05296
0.651959 0.893149
0.657653 0.96014
0.66396 0.72791
0.670861 1.07668
0.678338 0.844456
0.686374 0.947135
0.694948 0.812108
0.704041 1.18884
0.713633 1.2032
0.723704 1.36309
0.734234 1.14032
0.745204 0.975025
0.756596 1.09245
0.768389 1.04607
0.780566 1.18042
0.79311 0.961174
0.806002 1.09187
0.819227 1.3533
0.832769 1.14624
0.846612 0.997578
0.860743 0.997442
0.875146 1.26212
0.6496 0.842595
0.649938 0.77526
0.650949 1.17231
0.652632 0.988409
0.65498 0.744344
0.657987 1.26322
0.661643 1.10368
0.665939 0.774868
0.670861 0.742953
0.676396 0.972314
0.682529 1.23281
0.689244 1.19146
0.696524 0.888857
0.704352 0.825382
0.71271 1.22703
0.721579 0.980531
0.730941 1.24634
0.740777 0.958245
0.751068 1.05494
0.761796 1.36327
0.772942 1.17254
0.78449 0.682902
0.796421 0.986381
0.808719 1.13071
0.821366 1.55404
0.834348 1.14726
0.847648 1.1548
0.861252 1.19626
0.875146 1.15694
0.889317 1.16268
0.251327 0.967067
0.252199 1.1793
0.254794 0.295914
0.259062 0.929957
0.264922 0.978049
0.272271 0.339083
0.280993 0.313266
0.290963 0.470676
0.302058 0.457921
0.314159 0.290774
0.327155 0.322163
0.340943 0.443865
0.355431 0.467063
0.370536 0.386974
0.386187 0.31764
0.40232 0.39199
0.418879 0.436981
0.435815 0.398459
0.453087 0.406075
0.470657 0.537361
0.488493 0.494629
0.506567 0.513996
0.524854 0.500434
0.543333 0.541398
0.561985 0.614565
0.580794 0.520777
0.599743 0.600494
0.618822 0.7812
0.638018 0.679294
0.65732 1.42014
0.252199 0.353498
0.253067 0.695658
0.255654 0.4017
0.259908 0.848749
0.265749 0.425856
0.273076 0.372001
0.281772 0.379227
0.291715 0.494202
0.302783 1.12209
0.314857 0.34377
0.327825 0.284978
0.341586 0.449432
0.356047 0.395532
0.371128 0.300375
0.386755 0.413416
0.402865 0.45438
0.419402 0.394998
0.436318 0.422323
0.453571 0.489233
0.471123 0.481326
0.488941 0.566374
0.506999 0.411677
0.525272 0.521633
0.543737 0.70864
0.562375 0.521391
0.581171 0.831937
0.600109 0.643149
0.619176 0.827438
0.638361 0.979843
0.657653 0.80957
0.254794 0.683765
0.255654 0.888397
0.258214 0.722643
0.262427 0.442789
0.268213 0.541088
0.275475 0.465456
0.284098 0.627129
0.293962 0.675848
0.304949 0.380885
0.316939 0.374137
0.329826 0.320314
0.343506 0.283041
0.35789 0.450242
0.372896 0.411327
0.388452 0.471813
0.404495 0.662789
0.420968 0.432432
0.437824 0.292373
0.455019 0.575953
0.472517 0.351136
0.490285 0.438605
0.508295 0.602066
0.526523 0.610294
0.544945 0.685022
0.563544 0.53704
0.582302 0.532059
0.601204 0.932628
0.620238 0.629645
0.639391 1.03719
0.658653 1.01025
0.259062 0.852502
0.259908 0.481413
0.262427 0.587101
0.266573 0.391461
0.272271 0.379337
0.279427 0.450795
0.287932 0.284593
0.297669 0.455813
0.308524 0.594926
0.320381 0.523147
0.333134 0.45885
0.346684 0.519229
0.360942 0.383635
0.375826 0.481296
0.391265 0.413475
0.407197 0.375807
0.423565 0.388691
0.440321 0.512782
0.457423 0.477524
0.474832 0.680348
0.492517 0.620805
0.510448 0.682642
0.528601 0.650334
0.546954 0.616325
0.565487 0.586056
0.584182 0.71304
0.603026 0.625385
0.622004 0.565325
0.641104 0.843842
0.660316 0.964074
0.264922 0.441199
0.265749 0.475472
0.268213 0.71107
0.272271 0.368252
0.277853 0.494074
0.284869 0.405061
0.293215 0.487727
0.302783 0.528171
0.31346 0.480359
0.325138 0.515303
0.337711 0.404424
0.351085 0.332946
0.36517 0.264259
0.379889 0.356597
0.39517 0.537766
0.41095 0.302253
0.427174 0.453618
0.443794 0.412628
0.460767 0.480433
0.478055 0.448888
0.495624 0.421765
0.513447 0.483078
0.531498 0.539955
0.549754 0.796772
0.568195 0.646297
0.586805 0.633376
0.605566 0.586814
0.624467 0.893788
0.643494 1.09565
0.662637 1.05274
0.272271 0.755693
0.273076 0.602536
0.275475 0.489635
0.279427 0.384536
0.284869 0.457202
0.291715 0.485533
0.299872 0.431565
0.309234 0.308773
0.319696 0.406715
0.331153 0.347905
0.343506 0.424916
0.356663 0.367771
0.370536 0.354435
0.38505 0.295975
0.400134 0.346107
0.415726 0.469352
0.431771 0.342469
0.44822 0.375631
0.465031 0.480199
0.482166 0.369469
0.499591 0.49082
0.517277 0.507778
0.535199 0.469865
0.553333 0.736202
0.571659 0.552066
0.590159 0.908904
0.608817 0.825666
0.62762 0.895296
0.646554 0.733209
0.665609 0.723916
0.280993 0.430049
0.281772 0.381453
0.284098 0.543359
0.287932 0.464159
0.293215 0.512001
0.299872 0.317586
0.307812 0.399607
0.316939 0.654564
0.327155 0.481751
0.33836 0.531217
0.350459 0.341553
0.363364 0.370006
0.376991 0.385201
0.391265 0.479431
0.406118 0.370676
0.421489 0.333323
0.437323 0.514414
0.453571 0.481856
0.470191 0.474668
0.487144 0.518577
0.504397 0.450526
0.521921 0.516003
0.539688 0.602597
0.557676 0.606766
0.575863 0.70524
0.594233 0.786901
0.612767 0.753076
0.631452 0.900317
0.650275 1.07087
0.669224 1.36134
0.290963 0.473098
0.291715 0.467291
0.293962 0.504125
0.297669 0.48447
0.302783 0.530277
0.309234 0.470206
0.316939 0.424701
0.325811 0.361367
0.335757 0.412847
0.346684 0.374887
0.358503 0.290126
0.371128 0.473453
0.38448 0.295079
0.398486 0.365475
0.413079 0.327641
0.4282 0.434355
0.443794 0.362391
0.459814 0.43575
0.476216 0.447638
0.492962 0.510276
0.510019 0.505449
0.527355 0.54427
0.544945 0.723096
0.562765 0.526186
0.580794 0.653929
0.599012 0.832214
0.617403 0.633691
0.635952 0.962006
0.654645 0.644585
0.673471 0.872723
0.302058 0.957165
0.302783 0.350664
0.304949 0.587989
0.308524 0.342187
0.31346 0.467489
0.319696 0.245498
0.327155 0.545899
0.335757 0.492283
0.345416 0.610379
0.356047 0.387057
0.367565 0.510447
0.379889 0.331731
0.392943 0.263716
0.406658 0.468665
0.420968 0.367128
0.435815 0.387173
0.451147 0.572443
0.466914 0.670683
0.483075 0.53459
0.499591 0.504385
0.516429 0.5308
0.533557 0.556643
0.550949 0.60608
0.568581 0.645537
0.586431 0.657982
0.604479 0.849731
0.622708 0.825783
0.641104 0.727195
0.659651 0.85525
0.678338 0.888187
0.314159 0.488287
0.314857 0.61866
0.316939 0.583174
0.320381 0.359241
0.325138 0.417918
0.331153 0.249687
0.33836 0.537086
0.346684 0.439792
0.356047 0.266948
0.36637 0.502738
0.377572 0.427676
0.38958 0.405051
0.40232 0.3094
0.415726 0.562846
0.429734 0.418168
0.444288 0.390121
0.459337 0.452937
0.474832 0.415869
0.490732 0.407496
0.506999 0.56622
0.523599 0.63105
0.5405 0.830335
0.557676 0.678129
0.575101 0.760819
0.592755 0.573386
0.610616 0.620948
0.628667 0.993922
0.646894 0.916607
0.66528 1.01255
0.683813 1.11749
0.327155 0.303119
0.327825 0.415574
0.329826 0.479331
0.333134 0.336706
0.337711 0.429351
0.343506 0.385063
0.350459 0.245886
0.358503 0.34939
0.367565 0.190137
0.377572 0.323204
0.388452 0.398582
0.400134 0.334345
0.412548 0.421721
0.425631 0.372862
0.439324 0.347635
0.453571 0.480677
0.468321 0.470259
0.483529 0.410586
0.499152 0.299603
0.515153 0.414611
0.531498 0.58828
0.548156 0.358644
0.565099 0.63888
0.582302 0.90283
0.599743 0.567583
0.617403 0.832246
0.635261 1.04376
0.653304 0.89103
0.671514 0.929649
0.68988 1.00418
0.340943 0.317374
0.341586 0.192238
0.343506 0.55013
0.346684 0.387404
0.351085 0.360849
0.356663 0.64205
0.363364 0.45398
0.371128 0.53769
0.379889 0.386313
0.38958 0.309143
0.400134 0.452974
0.411483 0.478491
0.423565 0.458079
0.436318 0.367518
0.449686 0.498504
0.463614 0.40537
0.478055 0.474461
0.492962 0.41686
0.508295 0.541215
0.524017 0.670154
0.540094 0.408611
0.556495 0.624437
0.573191 0.592495
0.590159 1.08958
0.607375 0.661857
0.624818 0.635958
0.642471 0.803418
0.660316 0.838295
0.678338 1.1262
0.696524 0.972905
0.355431 0.495402
0.356047 0.650362
0.35789 0.388804
0.360942 0.418076
0.36517 0.306069
0.370536 0.271542
0.376991 0.304302
0.38448 0.359623
0.392943 0.504518
0.40232 0.41734
0.412548 0.50571
0.423565 0.426823
0.435312 0.370903
0.447731 0.342486
0.460767 0.380953
0.47437 0.486012
0.488493 0.366423
0.503091 0.41605
0.518125 0.495032
0.533557 0.488345
0.549355 0.546464
0.565487 0.604895
0.581925 0.7291
0.598645 0.520064
0.615624 0.857048
0.63284 1.0079
0.650275 0.936149
0.667912 1.02211
0.685735 0.9962
0.703729 1.01263
0.370536 0.420301
0.371128 0.291865
0.372896 0.38808
0.375826 0.41736
0.379889 0.456165
0.38505 0.4219
0.391265 0.537384
0.398486 0.455845
0.406658 0.353619
0.415726 0.396911
0.425631 0.554744
0.436318 0.366271
0.447731 0.33838
0.459814 0.40259
0.472517 0.31787
0.485791 0.40695
0.499591 0.564248
0.513874 0.644897
0.528601 0.537821
0.543737 0.502625
0.559247 0.423651
0.575101 0.654615
0.591273 0.854697
0.607736 0.925426
0.624467 0.998597
0.641446 0.864129
0.658653 0.698466
0.676071 0.940219
0.693684 0.868722
0.711478 1.21332
0.386187 0.303954
0.386755 0.271246
0.388452 0.448116
0.391265 0.512507
0.39517 0.486776
0.400134 0.313515
0.406118 0.538102
0.413079 0.314796
0.420968 0.302803
0.429734 0.377195
0.439324 0.45234
0.449686 0.3277
0.460767 0.473451
0.472517 0.330919
0.484888 0.583895
0.497832 0.647083
0.511307 0.490963
0.525272 0.601375
0.539688 0.71169
0.554521 0.72626
0.569737 0.587235
0.585308 0.772262
0.601204 0.750167
0.617403 0.801432
0.633879 0.7195
0.650612 0.856721
0.667583 0.991598
0.684774 1.39456
0.702169 1.12253
0.719753 1.19017
0.40232 0.495294
0.402865 0.413274
0.404495 0.308143
0.407197 0.38409
0.41095 0.492884
0.415726 0.334975
0.421489 0.382001
0.4282 0.545392
0.435815 0.38828
0.444288 0.421677
0.453571 0.434313
0.463614 0.47289
0.47437 0.467572
0.485791 0.440189
0.497832 0.373885
0.510448 0.518822
0.523599 0.509594
0.537244 0.46195
0.551347 0.694465
0.565874 0.658879
0.580794 0.670501
0.596075 0.828693
0.611692 0.815983
0.62762 0.616486
0.643835 0.99506
0.660316 1.14849
0.677044 1.06225
0.694001 0.825372
0.71117 0.992754
0.728536 1.13926
0.418879 0.555025
0.419402 0.828128
0.420968 0.420776
0.423565 0.36443
0.427174 0.455365
0.431771 0.389184
0.437323 0.50557
0.443794 0.585519
0.451147 0.47313
0.459337 0.382247
0.468321 0.499386
0.478055 0.297921
0.488493 0.467661
0.499591 0.494878
0.511307 0.516294
0.523599 0.682607
0.536427 0.516988
0.549754 0.671227
0.563544 0.515555
0.577765 0.564288
0.592384 0.657275
0.607375 0.808524
0.622708 0.794967
0.638361 0.711657
0.65431 0.884181
0.670534 0.909647
0.687013 0.774628
0.703729 1.16013
0.720667 0.993043
0.73781 1.06443
0.435815 0.49745
0.436318 0.389891
0.437824 0.427317
0.440321 0.461552
0.443794 0.4168
0.44822 0.430363
0.453571 0.488372
0.459814 0.68312
0.466914 0.480283
0.474832 0.457976
0.483529 0.583165
0.492962 0.561889
0.503091 0.48553
0.513874 0.599164
0.525272 0.545808
0.537244 0.603035
0.549754 0.706308
0.562765 0.463864
0.576244 0.558192
0.590159 0.841938
0.604479 0.817101
0.619176 0.816637
0.634225 0.932502
0.6496 1.02813
0.66528 0.544659
0.681242 0.775904
0.697468 1.18201
0.71394 1.04594
0.730641 0.830148
0.747555 1.12075
0.453087 0.388737
0.453571 0.29822
0.455019 0.503953
0.457423 0.39537
0.460767 0.536921
0.465031 0.491719
0.470191 0.320807
0.476216 0.365301
0.483075 0.350659
0.490732 0.470813
0.499152 0.670067
0.508295 0.659229
0.518125 0.483629
0.528601 0.506277
0.539688 0.571447
0.551347 0.492133
0.563544 0.408104
0.576244 0.646865
0.589415 0.824021
0.603026 0.665668
0.617047 0.496652
0.631452 0.910523
0.646215 0.83535
0.661312 1.10544
0.67672 0.929508
0.692419 1.06636
0.708389 0.67925
0.724612 1.21144
0.741073 0.873068
0.757754 1.06147
0.470657 0.440062
0.471123 0.330972
0.472517 0.546523
0.474832 0.494912
0.478055 0.456588
0.482166 0.550821
0.487144 0.451584
0.492962 0.469939
0.499591 0.515674
0.506999 0.444611
0.515153 0.554871
0.524017 0.489714
0.533557 0.543012
0.543737 0.525343
0.554521 0.536024
0.565874 0.699534
0.577765 0.902582
0.590159 0.69367
0.603026 1.00214
0.616336 0.882414
0.630061 0.693251
0.644175 0.830019
0.658653 0.954561
0.673471 0.875157
0.688607 0.984061
0.704041 0.977973
0.719753 1.03755
0.735726 1.25625
0.751943 1.22806
0.768389 1.5264
0.488493 0.547808
0.488941 0.399694
0.490285 0.357
0.492517 0.510112
0.495624 0.58637
0.499591 0.407084
0.504397 0.728217
0.510019 0.436688
0.516429 0.494645
0.523599 0.561641
0.531498 0.835344
0.540094 0.441804
0.549355 0.483923
0.559247 0.639209
0.569737 0.781664
0.580794 0.77757
0.592384 0.601409
0.604479 0.478268
0.617047 0.742526
0.630061 1.03148
0.643494 0.803889
0.65732 0.854356
0.671514 0.989309
0.686054 0.949384
0.700919 0.976071
0.716087 1.32248
0.731541 1.36984
0.747262 0.832028
0.763234 0.923463
0.779441 1.18357
0.506567 0.486407
0.506999 0.460873
0.508295 0.467365
0.510448 0.437936
0.513447 0.564009
0.517277 0.324377
0.521921 0.646304
0.527355 0.606431
0.533557 0.513225
0.5405 0.507995
0.548156 0.50379
0.556495 0.738705
0.565487 0.440933
0.575101 0.63393
0.585308 0.678923
0.596075 0.60711
0.607375 0.71479
0.619176 0.824028
0.631452 0.861164
0.644175 0.747745
0.65732 0.810746
0.670861 0.845691
0.684774 1.22511
0.699039 1.22897
0.713633 1.22401
0.728536 1.54839
0.743731 1.11293
0.7592 0.8897
0.774926 1.23232
0.790894 1.0884
0.524854 0.609803
0.525272 0.599138
0.526523 0.559449
0.528601 0.465596
0.531498 0.490953
0.535199 0.526099
0.539688 0.453826
0.544945 0.611768
0.550949 0.492297
0.557676 0.485991
0.565099 0.707483
0.573191 0.57748
0.581925 0.567752
0.591273 0.805297
0.601204 0.727305
0.611692 0.798441
0.622708 0.8614
0.634225 0.79323
0.646215 0.714633
0.658653 1.1133
0.671514 0.948104
0.684774 0.745205
0.698411 0.830977
0.712402 1.65908
0.726728 0.8072
0.741369 1.25922
0.756306 1.31152
0.771522 1.08763
0.787002 1.26161
0.80273 1.0331
0.543333 0.491841
0.543737 0.266751
0.544945 0.649286
0.546954 0.534209
0.549754 0.408273
0.553333 0.582572
0.557676 0.488197
0.562765 0.600839
0.568581 0.657137
0.575101 0.568723
0.582302 0.694595
0.590159 0.694663
0.598645 0.780995
0.607736 0.907553
0.617403 0.713067
0.62762 0.922187
0.638361 0.632229
0.6496 1.0381
0.661312 0.98651
0.673471 0.920647
0.686054 0.980427
0.699039 1.12692
0.712402 1.14185
0.726124 1.10956
0.740184 1.53136
0.754564 0.938021
0.769245 1.28737
0.78421 1.38108
0.799445 1.01834
0.814932 1.3351
0.561985 0.806685
0.562375 0.503234
0.563544 0.829356
0.565487 0.501039
0.568195 0.445639
0.571659 0.863339
0.575863 1.05471
0.580794 0.57813
0.586431 0.876641
0.592755 0.812825
0.599743 0.95335
0.607375 1.0051
0.615624 0.829027
0.624467 0.714386
0.633879 0.704391
0.643835 0.61908
0.65431 0.849332
0.66528 0.809528
0.67672 0.965414
0.688607 1.11422
0.700919 1.14409
0.713633 1.1004
0.726728 1.0302
0.740184 0.911869
0.753982 1.13312
0.768104 1.14254
0.782531 1.40148
0.797247 1.1171
0.812237 1.20426
0.827485 1.13438
0.580794 0.740569
0.581171 0.917846
0.582302 0.705029
0.584182 0.881477
0.586805 0.691083
0.590159 0.787218
0.594233 0.869185
0.599012 0.639555
0.604479 0.532711
0.610616 0.509292
0.617403 0.946143
0.624818 0.736901
0.63284 0.912202
0.641446 0.894309
0.650612 0.790716
0.660316 0.741514
0.670534 0.75777
0.681242 1.14312
0.692419 0.745562
0.704041 1.13338
0.716087 0.821866
0.728536 1.18953
0.741369 1.12399
0.754564 1.13772
0.768104 0.813027
0.78197 1.0004
0.796146 1.2625
0.810615 1.01428
0.825362 1.35251
0.840372 1.11508
0.599743 0.70798
0.600109 0.828298
0.601204 0.98333
0.603026 0.792057
0.605566 0.545424
0.608817 0.631755
0.612767 0.642586
0.617403 0.764078
0.622708 0.612382
0.628667 0.722703
0.635261 0.797871
0.642471 0.939727
0.650275 0.77475
0.658653 1.06896
0.667583 0.809525
0.677044 1.12821
0.687013 0.888428
0.697468 1.12509
0.708389 1.14608
0.719753 0.849398
0.731541 1.18158
0.743731 0.705795
0.756306 1.32952
0.769245 1.16969
0.782531 1.3339
0.796146 0.919302
0.810073 1.23283
0.824298 0.888537
0.838805 1.37365
0.853578 1.15565
0.618822 0.759604
0.619176 0.669795
0.620238 0.80051
0.622004 0.610064
0.624467 0.606253
0.62762 0.621932
0.631452 0.589106
0.635952 0.860389
0.641104 0.739956
0.646894 0.997327
0.653304 0.792607
0.660316 0.526574
0.667912 0.768163
0.676071 1.11925
0.684774 1.2251
0.694001 1.27184
0.703729 0.893206
0.71394 1.15254
0.724612 1.1423
0.735726 1.07983
0.747262 0.779967
0.7592 0.930313
0.771522 0.934433
0.78421 0.896898
0.797247 1.2412
0.810615 1.27612
0.824298 1.41402
0.838281 1.19175
0.85255 1.42016
0.86709 1.48554
0.638018 0.701432
0.638361 0.745552
0.639391 0.763163
0.641104 0.866222
0.643494 1.11562
0.646554 0.782338
0.650275 1.17477
0.654645 0.806269
0.659651 1.11034
0.66528 0.987189
0.671514 0.988779
0.678338 0.968223
0.685735 0.814275
0.693684 1.14437
0.702169 1.16933
0.71117 1.00319
0.720667 1.2455
0.730641 0.8225
0.741073 0.727353
0.751943 1.07684
0.763234 1.30212
0.774926 1.27532
0.787002 0.828651
0.799445 1.31682
0.812237 1.28115
0.825362 1.22569
0.838805 1.67182
0.85255 1.24243
0.866584 1.09108
0.880892 1.26466
0.65732 0.860477
0.657653 0.635552
0.658653 0.639431
0.660316 0.918781
0.662637 1.02668
0.665609 0.865028
0.669224 0.595416
0.673471 1.27251
0.678338 0.961019
0.683813 1.18344
0.68988 1.04567
0.696524 1.03788
0.703729 0.831559
0.711478 1.14828
0.719753 0.904639
0.728536 0.959068
0.73781 0.997719
0.747555 1.14723
0.757754 1.12343
0.768389 1.15713
0.779441 1.02905
0.790894 0.810241
0.80273 1.50747
0.814932 1.41982
0.827485 0.986328
0.840372 1.49109
0.853578 1.45943
0.86709 1.21858
0.880892 1.42856
0.894971 1.0958
0.272271 0.452907
0.273076 0.48356
0.275475 0.799503
0.279427 0.28857
0.284869 0.405795
0.291715 0.440232
0.299872 0.464553
0.309234 0.603259
0.319696 0.542463
0.331153 0.265574
0.343506 0.655577
0.356663 0.417709
0.370536 0.537842
0.38505 0.298539
0.400134 0.51422
0.415726 0.46178
0.431771 0.545038
0.44822 0.360484
0.465031 0.437593
0.482166 0.461771
0.499591 0.541041
0.517277 0.599928
0.535199 0.587724
0.553333 0.730603
0.571659 0.647427
0.590159 0.64315
0.608817 0.781515
0.62762 0.823603
0.646554 0.682648
0.665609 0.661928
0.273076 0.795957
0.273878 0.340517
0.27627 0.42805
0.280211 0.466824
0.285637 0.392815
0.292466 0.518957
0.300602 0.388588
0.309942 0.326446
0.320381 0.438778
0.331815 0.310084
0.344144 0.248359
0.357277 0.289307
0.371128 0.248087
0.385619 0.586874
0.400681 0.387157
0.416253 0.297813
0.432278 0.484233
0.448709 0.414167
0.465503 0.429287
0.482621 0.462478
0.50003 0.528649
0.517701 0.424112
0.535609 0.611168
0.553729 0.539878
0.572042 0.518755
0.59053 0.789328
0.609177 0.951436
0.627969 0.874411
0.646894 0.904277
0.665939 1.34752
0.275475 0.669026
0.27627 0.854986
0.278641 0.585221
0.282549 0.367493
0.287932 0.344999
0.294708 0.440505
0.302783 0.452108
0.312058 0.21829
0.322428 0.30843
0.333792 0.330578
0.346051 0.507601
0.359114 0.398696
0.372896 0.369705
0.387322 0.37251
0.40232 0.407789
0.417831 0.398171
0.433798 0.40655
0.450173 0.529817
0.466914 0.476755
0.483982 0.54081
0.501344 0.62569
0.518971 0.591535
0.536836 0.574229
0.554916 0.626896
0.573191 0.560715
0.591643 0.82341
0.610257 0.788976
0.629016 0.879406
0.64791 0.73012
0.666926 1.00329
0.279427 0.715626
0.280211 0.380321
0.282549 0.247836
0.286404 0.357307
0.291715 0.291778
0.298405 0.793328
0.306384 0.321625
0.315552 0.462651
0.325811 0.577729
0.337061 0.212283
0.349205 0.433542
0.362155 0.31139
0.375826 0.264322
0.390143 0.35215
0.405037 0.294927
0.420447 0.403326
0.436318 0.342601
0.452603 0.494316
0.469257 0.409139
0.486243 0.505268
0.503527 0.670578
0.521079 0.50554
0.538874 0.697907
0.556889 0.641491
0.575101 0.624813
0.593494 0.601559
0.612051 0.822786
0.630757 1.04238
0.6496 1.2702
0.668568 1.18776
0.284869 0.377937
0.285637 0.75912
0.287932 0.422566
0.291715 0.508738
0.296932 0.278697
0.303507 0.446381
0.311354 0.345664
0.320381 0.495771
0.33049 0.405407
0.341586 0.287251
0.353575 0.397043
0.36637 0.361535
0.379889 0.478374
0.394058 0.314193
0.40881 0.320432
0.424083 0.439756
0.439823 0.598505
0.455982 0.324165
0.472517 0.530016
0.48939 0.385702
0.506567 0.689213
0.524017 0.775098
0.541716 0.703609
0.559639 0.89074
0.577765 0.3709
0.596075 0.765018
0.614554 0.887084
0.633187 0.81714
0.651959 0.860495
0.670861 0.822123
0.291715 0.386196
0.292466 0.592279
0.294708 0.270741
0.298405 0.555423
0.303507 0.26559
0.309942 0.321828
0.317631 0.368968
0.326484 0.440551
0.33641 0.318674
0.347316 0.603245
0.359114 0.421755
0.371718 0.413553
0.38505 0.404968
0.399036 0.331019
0.41361 0.50516
0.428712 0.311172
0.444288 0.434904
0.460291 0.534042
0.476676 0.63279
0.493407 0.582545
0.510448 0.425827
0.527771 0.746153
0.545348 0.622252
0.563155 0.868905
0.581171 0.873707
0.599378 0.55543
0.617758 0.583882
0.636296 0.762025
0.65498 1.05759
0.673797 0.889566
0.299872 0.42379
0.300602 0.3948
0.302783 0.306925
0.306384 0.467857
0.311354 0.303118
0.317631 0.455472
0.325138 0.346589
0.333792 0.341279
0.343506 0.335361
0.354194 0.260653
0.36577 0.433186
0.378153 0.310852
0.391265 0.346721
0.405037 0.565553
0.419402 0.399666
0.434303 0.469023
0.449686 0.377059
0.465503 0.449455
0.481711 0.450702
0.498272 0.477768
0.515153 0.750349
0.532323 0.409748
0.549754 0.576567
0.567423 0.845211
0.585308 0.805776
0.603389 0.596959
0.621651 0.609082
0.640077 0.919563
0.658653 0.655122
0.677368 0.918433
0.309234 0.383986
0.309942 0.419618
0.312058 0.280287
0.315552 0.243452
0.320381 0.598302
0.326484 0.357251
0.333792 0.476891
0.342227 0.276267
0.351709 0.397559
0.362155 0.257887
0.373484 0.430185
0.385619 0.434146
0.398486 0.363085
0.412016 0.611462
0.426146 0.241646
0.440819 0.351633
0.455982 0.392154
0.471588 0.597583
0.487594 0.456618
0.503962 0.373072
0.520658 0.579669
0.537652 0.75249
0.554916 0.588446
0.572425 0.521518
0.590159 0.658963
0.608096 0.566397
0.626221 0.829605
0.644516 0.635672
0.662968 1.48712
0.681564 1.10393
0.319696 0.663131
0.320381 0.314824
0.322428 0.703791
0.325811 0.622099
0.33049 0.992184
0.33641 0.320379
0.343506 0.464036
0.351709 0.371345
0.360942 0.271774
0.371128 0.465343
0.382191 0.430683
0.394058 0.451662
0.406658 0.302705
0.419925 0.43949
0.433798 0.356093
0.44822 0.4598
0.463141 0.43841
0.478513 0.533338
0.494295 0.342448
0.510448 0.575546
0.526939 0.68861
0.543737 0.603878
0.560813 0.710188
0.578144 0.644526
0.595707 0.688901
0.613483 0.837214
0.631452 0.926919
0.6496 1.01997
0.667912 0.726651
0.686374 0.965772
0.331153 0.575047
0.331815 0.333158
0.333792 0.430975
0.337061 0.337375
0.341586 0.291818
0.347316 0.294638
0.354194 0.556083
0.362155 0.326054
0.371128 0.256781
0.381042 0.366304
0.391825 0.304417
0.403409 0.319672
0.415726 0.378286
0.428712 0.437313
0.442309 0.435135
0.456463 0.398449
0.471123 0.353968
0.486243 0.541076
0.501781 0.511244
0.517701 0.495795
0.533968 0.540359
0.550551 0.670474
0.567423 0.620105
0.584558 0.972641
0.601934 0.629404
0.61953 0.782655
0.63733 0.909343
0.655315 0.941356
0.673471 0.888726
0.691785 0.794974
0.343506 0.346106
0.344144 0.312794
0.346051 0.416393
0.349205 0.359956
0.353575 0.337907
0.359114 0.525211
0.36577 0.262329
0.373484 0.432118
0.382191 0.568099
0.391825 0.483344
0.40232 0.333109
0.41361 0.497869
0.425631 0.459931
0.438324 0.437257
0.451632 0.324753
0.465503 0.506073
0.479886 0.575638
0.494739 0.351848
0.510019 0.430883
0.525689 0.698062
0.541716 0.607452
0.558069 0.67055
0.57472 0.573903
0.591643 0.62475
0.608817 0.805927
0.626221 0.771191
0.643835 0.917813
0.661643 0.771223
0.67963 1.08983
0.697783 1.02714
0.356663 0.453379
0.357277 0.314809
0.359114 0.316511
0.362155 0.383944
0.36637 0.264036
0.371718 0.232979
0.378153 0.396138
0.385619 0.381555
0.394058 0.41603
0.403409 0.435052
0.41361 0.378865
0.4246 0.38225
0.436318 0.454266
0.448709 0.489827
0.461718 0.447219
0.475294 0.519387
0.48939 0.383571
0.503962 0.476482
0.518971 0.518608
0.534379 0.476757
0.550153 0.659409
0.566262 0.632513
0.582679 0.68257
0.599378 0.701979
0.616336 0.814949
0.633533 0.813496
0.650949 0.696842
0.668568 0.859168
0.686374 1.03301
0.704352 1.16648
0.370536 0.390792
0.371128 0.312777
0.372896 0.468463
0.375826 0.262085
0.379889 0.30675
0.38505 0.47174
0.391265 0.391149
0.398486 0.378177
0.406658 0.335869
0.415726 0.404894
0.425631 0.405877
0.436318 0.308556
0.447731 0.304702
0.459814 0.410359
0.472517 0.488321
0.485791 0.540845
0.499591 0.518866
0.513874 0.499369
0.528601 0.540675
0.543737 0.708306
0.559247 0.718185
0.575101 0.660416
0.591273 0.694557
0.607736 0.689955
0.624467 0.579824
0.641446 1.20247
0.658653 1.16542
0.676071 1.10971
0.693684 0.872816
0.711478 0.963183
0.38505 0.252127
0.385619 0.534577
0.387322 0.719457
0.390143 0.34068
0.394058 0.376415
0.399036 0.610809
0.405037 0.420655
0.412016 0.346456
0.419925 0.413244
0.428712 0.35263
0.438324 0.31987
0.448709 0.478138
0.459814 0.629734
0.471588 0.263149
0.483982 0.447385
0.49695 0.423208
0.510448 0.421962
0.524436 0.848629
0.538874 0.515668
0.553729 0.601742
0.568967 0.699122
0.584558 0.685896
0.600474 0.720599
0.616692 0.823258
0.633187 0.61447
0.649938 0.675672
0.666926 0.921972
0.684133 0.896871
0.701544 0.712465
0.719143 0.963411
0.400134 0.283589
0.400681 0.430236
0.40232 0.365657
0.405037 0.310397
0.40881 0.411998
0.41361 0.471873
0.419402 0.372989
0.426146 0.355375
0.433798 0.460112
0.442309 0.415127
0.451632 0.518848
0.461718 0.3895
0.472517 0.469304
0.483982 0.524423
0.496067 0.394687
0.508727 0.678963
0.521921 0.518949
0.535609 0.426743
0.549754 0.494411
0.564322 0.549645
0.579281 0.468866
0.594602 0.685235
0.610257 0.652274
0.626221 0.648176
0.642471 0.923625
0.658986 0.806742
0.675747 0.883416
0.692735 1.39701
0.709935 1.09684
0.727331 1.28736
0.415726 0.343723
0.416253 0.385201
0.417831 0.354376
0.420447 0.457923
0.424083 0.513907
0.428712 0.414199
0.434303 0.476541
0.440819 0.464969
0.44822 0.532955
0.456463 0.497565
0.465503 0.438743
0.475294 0.819589
0.485791 0.361089
0.49695 0.667163
0.508727 0.449431
0.521079 0.554998
0.533968 0.561478
0.547355 0.539112
0.561204 0.55737
0.575482 0.554734
0.590159 0.714715
0.605204 0.478676
0.620592 1.0031
0.636296 0.591357
0.652296 0.705341
0.668568 0.76846
0.685095 0.924023
0.701857 1.16573
0.718838 0.90631
0.736024 1.24903
0.431771 0.413132
0.432278 0.563853
0.433798 0.398202
0.436318 0.426861
0.439823 0.50082
0.444288 0.325511
0.449686 0.321475
0.455982 0.487104
0.463141 0.480886
0.471123 0.413043
0.479886 0.542356
0.48939 0.582001
0.499591 0.515054
0.510448 0.56865
0.521921 0.536558
0.533968 0.433867
0.546553 0.564874
0.559639 0.617
0.573191 0.479646
0.587178 0.836431
0.601569 0.802339
0.616336 0.859355
0.631452 0.958144
0.646894 1.17139
0.662637 0.906824
0.678662 0.983093
0.694948 0.960755
0.711478 1.15452
0.728235 0.676335
0.745204 1.02423
0.44822 0.553851
0.448709 0.426316
0.450173 0.325836
0.452603 0.420913
0.455982 0.52163
0.460291 0.421841
0.465503 0.330689
0.471588 0.495868
0.478513 0.389473
0.486243 0.580866
0.494739 0.383889
0.503962 0.481705
0.513874 0.588241
0.524436 0.590482
0.535609 0.730982
0.547355 0.494348
0.559639 0.633999
0.572425 0.538741
0.585682 0.703833
0.599378 0.713002
0.613483 0.689593
0.627969 0.641836
0.642812 0.865824
0.657987 1.08823
0.673471 1.06153
0.689244 0.701258
0.705286 1.37783
0.721579 1.08416
0.738107 0.831789
0.754854 1.10225
0.465031 0.376535
0.465503 0.445768
0.466914 0.357197
0.469257 0.391748
0.472517 0.370209
0.476676 0.505041
0.481711 0.439962
0.487594 0.662771
0.494295 0.441037
0.501781 0.462554
0.510019 0.574662
0.518971 0.502227
0.528601 0.62354
0.538874 0.475096
0.549754 0.534804
0.561204 0.510186
0.573191 0.58937
0.585682 0.536841
0.598645 0.599518
0.612051 0.60731
0.62587 0.704838
0.640077 1.05557
0.654645 1.08557
0.669552 1.15021
0.684774 1.06347
0.700293 1.06367
0.716087 1.26847
0.73214 0.938066
0.748435 1.17001
0.764956 0.781655
0.482166 0.461828
0.482621 0.669736
0.483982 0.530561
0.486243 0.491587
0.48939 0.603421
0.493407 0.335808
0.498272 0.623214
0.503962 0.608695
0.510448 0.514031
0.517701 0.655638
0.525689 0.550504
0.534379 0.491994
0.543737 0.865615
0.553729 0.628769
0.564322 0.677024
0.575482 0.599977
0.587178 0.644755
0.599378 0.470069
0.612051 0.736855
0.625169 0.893596
0.638705 0.851819
0.652632 0.754011
0.666926 0.839282
0.681564 1.17899
0.696524 0.951592
0.711786 0.918899
0.727331 1.54473
0.743141 1.12898
0.7592 1.01156
0.775492 0.98069
0.499591 0.56927
0.50003 0.553675
0.501344 0.530717
0.503527 0.320217
0.506567 0.579825
0.510448 0.507842
0.515153 0.53827
0.520658 0.443196
0.526939 0.565707
0.533968 0.602875
0.541716 0.654264
0.550153 0.664309
0.559247 0.514116
0.568967 0.515909
0.579281 0.725754
0.590159 0.721707
0.601569 0.703495
0.613483 0.60904
0.62587 1.02181
0.638705 0.694601
0.651959 0.844687
0.665609 0.764945
0.67963 1.01417
0.694001 0.851329
0.708698 1.06192
0.723704 0.735007
0.738998 1.42927
0.754564 1.13359
0.770384 1.24756
0.786445 1.46882
0.517277 0.420784
0.517701 0.386754
0.518971 0.715044
0.521079 0.725806
0.524017 0.421175
0.527771 0.503675
0.532323 0.811444
0.537652 0.700028
0.543737 0.501719
0.550551 0.672589
0.558069 0.53236
0.566262 0.622583
0.575101 0.796615
0.584558 0.595489
0.594602 0.552615
0.605204 0.54873
0.616336 0.95549
0.627969 0.892006
0.640077 0.934551
0.652632 0.676116
0.665609 0.838095
0.678985 1.00752
0.692735 0.98422
0.706839 0.890681
0.721275 1.02523
0.736024 0.890435
0.751068 1.09679
0.766388 0.986466
0.78197 1.03374
0.797797 1.14888
0.535199 0.538497
0.535609 0.643265
0.536836 0.630802
0.538874 0.64862
0.541716 0.801623
0.545348 0.557748
0.549754 0.53112
0.554916 0.522243
0.560813 0.631962
0.567423 0.58409
0.57472 0.611878
0.582679 0.576063
0.591273 0.753251
0.600474 0.675316
0.610257 0.706021
0.620592 0.851157
0.631452 0.677991
0.642812 1.20289
0.654645 0.741121
0.666926 1.24647
0.67963 1.12663
0.692735 0.815063
0.706218 1.30052
0.720058 1.33323
0.734234 0.880105
0.748728 1.26964
0.763521 1.04443
0.778597 1.45872
0.793939 1.03088
0.809532 0.768577
0.553333 0.802761
0.553729 0.601639
0.554916 0.657502
0.556889 0.484621
0.559639 0.739564
0.563155 0.669507
0.567423 0.785517
0.572425 0.446696
0.578144 0.699252
0.584558 0.564652
0.591643 0.563354
0.599378 0.687353
0.607736 0.734453
0.616692 0.94225
0.626221 0.6372
0.636296 0.629047
0.646894 1.16307
0.657987 1.13189
0.669552 0.708478
0.681564 0.959509
0.694001 0.841357
0.706839 0.753783
0.720058 0.972682
0.733636 0.997213
0.747555 1.05513
0.761796 1.11201
0.77634 1.0669
0.791171 1.36371
0.806274 1.22574
0.821633 1.50711
0.571659 0.642206
0.572042 0.514033
0.573191 0.662438
0.575101 0.837518
0.577765 0.738066
0.581171 0.397158
0.585308 0.931196
0.590159 0.647776
0.595707 0.73582
0.601934 0.687098
0.608817 0.564463
0.616336 0.858331
0.624467 0.637533
0.633187 0.848099
0.642471 0.720752
0.652296 0.855371
0.662637 0.954463
0.673471 0.793828
0.684774 1.0375
0.696524 1.0199
0.708698 1.13655
0.721275 1.07651
0.734234 0.857361
0.747555 1.11951
0.76122 1.13925
0.775209 1.15332
0.789506 1.15083
0.804095 1.09266
0.818959 1.21429
0.834085 0.960369
0.590159 0.741288
0.59053 0.704485
0.591643 1.02182
0.593494 0.532238
0.596075 0.779817
0.599378 0.535985
0.603389 0.534287
0.608096 0.62137
0.613483 1.05737
0.61953 0.70256
0.626221 1.10275
0.633533 1.17608
0.641446 0.996477
0.649938 0.809333
0.658986 0.912212
0.668568 0.991357
0.678662 1.08869
0.689244 0.780959
0.700293 0.770508
0.711786 0.93948
0.723704 0.915023
0.736024 1.07032
0.748728 0.965082
0.761796 1.02469
0.775209 1.06991
0.788951 1.15426
0.803003 1.15836
0.817351 1.64072
0.831979 1.53065
0.846871 1.34783
0.608817 0.566618
0.609177 0.814426
0.610257 0.707708
0.612051 0.729122
0.614554 0.601148
0.617758 0.871246
0.621651 1.08154
0.626221 0.861507
0.631452 0.666876
0.63733 0.61478
0.643835 0.757713
0.650949 0.973007
0.658653 1.07253
0.666926 1.0433
0.675747 0.964716
0.685095 1.05832
0.694948 0.945855
0.705286 1.03326
0.716087 0.869212
0.727331 1.01024
0.738998 1.16715
0.751068 1.28891
0.763521 0.789578
0.77634 1.56107
0.789506 1.06916
0.803003 1.08537
0.816814 1.19643
0.830923 1.33577
0.845316 1.08327
0.859978 1.12127
0.62762 0.715095
0.627969 0.61344
0.629016 0.874409
0.630757 0.729364
0.633187 0.761577
0.636296 0.941481
0.640077 0.752916
0.644516 1.17858
0.6496 1.03738
0.655315 0.784034
0.661643 0.734318
0.668568 1.01446
0.676071 0.769373
0.684133 1.08119
0.692735 0.889054
0.701857 0.765391
0.711478 0.987513
0.721579 0.963294
0.73214 1.17771
0.743141 1.34953
0.754564 1.2217
0.766388 1.09448
0.778597 1.21342
0.791171 1.05669
0.804095 0.971841
0.817351 1.0775
0.830923 0.951597
0.844797 1.16088
0.858957 0.86269
0.87339 0.974729
0.646554 0.711001
0.646894 1.09959
0.64791 0.994373
0.6496 0.849627
0.651959 1.00021
0.65498 0.976357
0.658653 1.01387
0.662968 0.838073
0.667912 0.794729
0.673471 0.762693
0.67963 0.947461
0.686374 0.991315
0.693684 1.00296
0.701544 0.974175
0.709935 0.941029
0.718838 1.06675
0.728235 1.27225
0.738107 0.985014
0.748435 0.924063
0.7592 1.02705
0.770384 1.04555
0.78197 1.3921
0.793939 1.32889
0.806274 1.29258
0.818959 1.24764
0.831979 1.25994
0.845316 1.30676
0.858957 1.47913
0.872888 1.20587
0.887094 1.00973
0.665609 0.829896
0.665939 1.13221
0.666926 0.706389
0.668568 0.870451
0.670861 0.678631
0.673797 0.7256
0.677368 0.707855
0.681564 1.07773
0.686374 0.829319
0.691785 0.992725
0.697783 0.691285
0.704352 0.949522
0.711478 1.16846
0.719143 0.858307
0.727331 0.954688
0.736024 0.833469
0.745204 0.906238
0.754854 1.1422
0.764956 0.950579
0.775492 0.772498
0.786445 1.0948
0.797797 1.1863
0.809532 1.34185
0.821633 1.90381
0.834085 1.15326
0.846871 1.12708
0.859978 1.10981
0.87339 0.973495
0.887094 1.14209
0.901077 0.997606
0.293215 0.475311
0.293962 0.328135
0.296192 0.443298
0.299872 0.519357
0.304949 0.418606
0.311354 0.502124
0.319009 0.473644
0.327825 0.452153
0.337711 0.449609
0.348577 0.407924
0.360333 0.38771
0.372896 0.350648
0.386187 0.320413
0.400134 0.308071
0.414669 0.30974
0.429734 0.472194
0.445275 0.422225
0.461243 0.690434
0.477596 0.521651
0.494295 0.566386
0.511307 0.392466
0.528601 0.463459
0.546151 0.581231
0.563933 0.758226
0.581925 0.656859
0.600109 0.805144
0.618467 0.837586
0.636985 0.962891
0.655649 0.982261
0.674447 0.973349
0.293962 0.594285
0.294708 0.401899
0.296932 0.526182
0.300602 0.312097
0.305667 0.492556
0.312058 0.560864
0.319696 0.274068
0.328493 0.273829
0.33836 0.340606
0.349205 0.4992
0.360942 0.305603
0.373484 0.415399
0.386755 0.419102
0.400681 0.483884
0.415198 0.473292
0.430244 0.448171
0.445767 0.459993
0.461718 0.528699
0.478055 0.520587
0.494739 0.639774
0.511736 0.4527
0.529016 0.591148
0.546553 0.53322
0.564322 0.65055
0.582302 0.624504
0.600474 0.994838
0.618822 0.635245
0.63733 0.558836
0.655984 0.734919
0.674772 0.857271
0.296192 0.538483
0.296932 0.348376
0.299139 0.46647
0.302783 0.603322
0.307812 0.322557
0.314159 0.220717
0.321747 0.438312
0.33049 0.5535
0.340299 0.362963
0.351085 0.570875
0.36276 0.423866
0.375242 0.315242
0.388452 0.518285
0.40232 0.36806
0.416779 0.40025
0.431771 0.405041
0.44724 0.463568
0.463141 0.40745
0.479429 0.411406
0.496067 0.360061
0.51302 0.69008
0.530258 0.552502
0.547755 0.605989
0.565487 0.623049
0.583431 0.605023
0.601569 0.908198
0.619884 0.586237
0.638361 0.863697
0.656986 0.969407
0.675747 0.976987
0.299872 0.323421
0.300602 0.322333
0.302783 0.429043
0.306384 0.424685
0.311354 0.300753
0.317631 0.356745
0.325138 0.433985
0.333792 0.387065
0.343506 0.367475
0.354194 0.381296
0.36577 0.461551
0.378153 0.36547
0.391265 0.600061
0.405037 0.380227
0.419402 0.35699
0.434303 0.423445
0.449686 0.558405
0.465503 0.423952
0.481711 0.397355
0.498272 0.427694
0.515153 0.44543
0.532323 0.855783
0.549754 0.543613
0.567423 0.755024
0.585308 0.530823
0.603389 0.655662
0.621651 1.01506
0.640077 0.609284
0.658653 0.81247
0.677368 0.6205
0.304949 0.450143
0.305667 0.353848
0.307812 0.330279
0.311354 0.284342
0.316247 0.305974
0.322428 0.459774
0.329826 0.395957
0.33836 0.304227
0.347947 0.408698
0.358503 0.261116
0.369944 0.305989
0.382191 0.367821
0.39517 0.302081
0.40881 0.306355
0.423047 0.434785
0.437824 0.274411
0.453087 0.472909
0.468789 0.535509
0.484888 0.542622
0.501344 0.525714
0.518125 0.588917
0.535199 0.50955
0.552539 0.604972
0.570122 0.761316
0.587925 0.774989
0.605928 0.817916
0.624116 0.781597
0.642471 0.651854
0.66098 1.05877
0.67963 0.895518
0.311354 0.318126
0.312058 0.336945
0.314159 0.490124
0.317631 0.446965
0.322428 0.338105
0.328493 0.422643
0.335757 0.453385
0.344144 0.403208
0.353575 0.295589
0.363967 0.444113
0.375242 0.743804
0.387322 0.301603
0.400134 0.254539
0.41361 0.445557
0.427688 0.591051
0.442309 0.42392
0.457423 0.441699
0.472981 0.604152
0.488941 0.55045
0.505266 0.464273
0.521921 0.577802
0.538874 0.620807
0.5561 0.704823
0.573574 1.11488
0.591273 0.790184
0.609177 0.718678
0.62727 0.723129
0.645536 0.556571
0.66396 1.10161
0.682529 1.26603
0.319009 0.448093
0.319696 0.484783
0.321747 0.365485
0.325138 0.308102
0.329826 0.335117
0.335757 0.254179
0.342867 0.454216
0.351085 0.235115
0.360333 0.302188
0.370536 0.279157
0.381617 0.488838
0.393501 0.3477
0.406118 0.461183
0.419402 0.348863
0.433292 0.380888
0.447731 0.523988
0.462667 0.466023
0.478055 0.471963
0.493851 0.39089
0.510019 0.466463
0.526523 0.582736
0.543333 0.648161
0.560422 0.567492
0.577765 0.553717
0.595339 0.612902
0.613125 0.842455
0.631105 0.998335
0.649262 1.02881
0.667583 0.668411
0.686054 0.766471
0.327825 0.567066
0.328493 0.321308
0.33049 0.457968
0.333792 0.390891
0.33836 0.257284
0.344144 0.236577
0.351085 0.456099
0.359114 0.373609
0.368161 0.295231
0.378153 0.421333
0.389017 0.357562
0.400681 0.347396
0.413079 0.34764
0.426146 0.477997
0.439823 0.619346
0.454054 0.439393
0.468789 0.408356
0.483982 0.528759
0.499591 0.403656
0.515579 0.404694
0.53191 0.845786
0.548556 0.540016
0.565487 0.585357
0.582679 0.671115
0.600109 0.585712
0.617758 0.73986
0.635607 0.804825
0.653639 1.3449
0.671841 0.934336
0.690198 0.789048
0.337711 0.287764
0.33836 0.387939
0.340299 0.360605
0.343506 0.322859
0.347947 0.248195
0.353575 0.362276
0.360333 0.378409
0.368161 0.507637
0.376991 0.29228
0.386755 0.379149
0.397384 0.346579
0.40881 0.503341
0.420968 0.465491
0.433798 0.373
0.44724 0.34412
0.461243 0.349619
0.475755 0.607048
0.490732 0.403787
0.506133 0.483184
0.521921 0.529539
0.53806 0.834652
0.554521 0.759721
0.571275 0.697216
0.588298 0.739172
0.605566 0.719851
0.623061 0.906251
0.640762 1.00923
0.658653 1.1644
0.67672 1.07836
0.694948 0.890855
0.348577 0.41325
0.349205 0.286996
0.351085 0.492713
0.354194 0.353342
0.358503 0.323135
0.363967 0.377584
0.370536 0.479287
0.378153 0.229134
0.386755 0.313014
0.396278 0.358898
0.406658 0.343007
0.417831 0.478734
0.429734 0.242466
0.442309 0.408123
0.455501 0.349799
0.469257 0.538062
0.483529 0.485203
0.498272 0.486198
0.513447 0.845771
0.529016 0.522823
0.544945 0.337397
0.561204 0.72881
0.577765 0.600302
0.594602 0.840406
0.611692 0.588042
0.629016 0.644742
0.646554 0.797957
0.66429 0.811216
0.682207 1.1721
0.700293 1.25529
0.360333 0.351394
0.360942 0.3709
0.36276 0.326678
0.36577 0.354351
0.369944 0.456668
0.375242 0.411832
0.381617 0.34205
0.389017 0.557623
0.397384 0.419409
0.406658 0.561112
0.416779 0.359232
0.427688 0.364006
0.439324 0.453034
0.451632 0.551579
0.464559 0.523948
0.478055 0.375111
0.492071 0.664598
0.506567 0.431939
0.5215 0.454472
0.536836 0.40084
0.552539 0.479173
0.568581 0.590897
0.584933 0.577259
0.601569 0.762903
0.618467 0.725248
0.635607 0.748106
0.652968 1.2062
0.670534 0.940087
0.688288 1.04916
0.706218 0.865021
0.372896 0.295322
0.373484 0.553229
0.375242 0.324306
0.378153 0.384953
0.382191 0.36193
0.387322 0.57173
0.393501 0.529911
0.400681 0.325666
0.40881 0.343213
0.417831 0.482964
0.427688 0.346738
0.438324 0.435767
0.449686 0.385494
0.461718 0.381323
0.47437 0.381728
0.487594 0.416053
0.501344 0.486263
0.515579 0.474321
0.530258 0.436761
0.545348 0.697213
0.560813 0.600648
0.576625 0.752631
0.592755 0.851192
0.609177 0.724599
0.62587 0.904242
0.642812 0.864638
0.659984 1.04879
0.677368 0.87582
0.694948 0.849237
0.71271 0.981277
0.386187 0.334925
0.386755 0.305163
0.388452 0.234179
0.391265 0.312725
0.39517 0.53578
0.400134 0.343439
0.406118 0.394335
0.413079 0.360689
0.420968 0.371537
0.429734 0.305601
0.439324 0.331485
0.449686 0.432913
0.460767 0.371032
0.472517 0.394799
0.484888 0.676312
0.497832 0.484414
0.511307 0.586209
0.525272 0.499221
0.539688 0.43488
0.554521 0.514029
0.569737 0.663699
0.585308 0.719946
0.601204 0.844651
0.617403 0.880598
0.633879 0.773566
0.650612 0.758909
0.667583 0.746263
0.684774 1.12009
0.702169 0.988762
0.719753 0.580806
0.400134 0.437996
0.400681 0.385394
0.40232 0.313097
0.405037 0.327149
0.40881 0.354631
0.41361 0.460046
0.419402 0.342018
0.426146 0.356182
0.433798 0.482436
0.442309 0.450194
0.451632 0.435394
0.461718 0.352654
0.472517 0.402004
0.483982 0.435665
0.496067 0.530207
0.508727 0.382002
0.521921 0.418544
0.535609 0.373266
0.549754 0.597185
0.564322 0.631773
0.579281 0.789384
0.594602 0.737101
0.610257 0.72693
0.626221 0.657619
0.642471 0.744828
0.658986 0.85169
0.675747 0.768617
0.692735 0.838927
0.709935 1.02261
0.727331 1.03801
0.414669 0.526819
0.415198 0.466108
0.416779 0.300838
0.419402 0.231148
0.423047 0.530938
0.427688 0.526632
0.433292 0.386733
0.439823 0.483549
0.44724 0.499527
0.455501 0.440087
0.464559 0.48466
0.47437 0.50795
0.484888 0.472212
0.496067 0.302305
0.507864 0.559739
0.520237 0.647254
0.533146 0.52269
0.546553 0.667436
0.560422 0.52908
0.57472 0.554219
0.589415 0.738311
0.604479 0.612474
0.619884 0.747666
0.635607 0.656567
0.651623 1.09574
0.667912 1.11262
0.684454 0.957464
0.701232 1.06267
0.718228 0.978513
0.735428 1.46725
0.429734 0.442326
0.430244 0.340643
0.431771 0.419273
0.434303 0.491997
0.437824 0.536586
0.442309 0.401523
0.447731 0.418746
0.454054 0.459245
0.461243 0.61298
0.469257 0.472975
0.478055 0.474509
0.487594 0.369723
0.497832 0.668031
0.508727 0.52329
0.520237 0.31762
0.532323 0.606402
0.544945 0.594758
0.558069 0.520779
0.571659 0.679288
0.585682 0.662629
0.600109 0.624464
0.614911 0.539591
0.630061 0.812131
0.645536 0.928258
0.661312 0.819718
0.677368 1.17539
0.693684 0.965793
0.710244 0.836726
0.72703 1.05873
0.744026 1.06067
0.445275 0.495825
0.445767 0.419288
0.44724 0.435137
0.449686 0.56541
0.453087 0.426313
0.457423 0.426801
0.462667 0.397087
0.468789 0.515444
0.475755 0.44366
0.483529 0.262342
0.492071 0.726605
0.501344 0.396396
0.511307 0.567075
0.521921 0.408384
0.533146 0.627665
0.544945 0.427333
0.557282 0.779599
0.570122 0.69017
0.583431 0.789276
0.597178 0.843139
0.611334 0.523965
0.62587 0.553881
0.640762 0.591064
0.655984 0.836809
0.671514 1.03755
0.687332 1.1102
0.703417 1.08632
0.719753 1.14319
0.736322 1.26237
0.753109 0.879022
0.461243 0.414275
0.461718 0.453271
0.463141 0.376884
0.465503 0.604746
0.468789 0.406303
0.472981 0.645127
0.478055 0.371427
0.483982 0.517453
0.490732 0.432107
0.498272 0.43533
0.506567 0.537672
0.515579 0.473735
0.525272 0.454425
0.535609 0.564432
0.546553 0.516314
0.558069 0.630482
0.570122 0.696453
0.582679 0.819709
0.595707 0.697589
0.609177 0.640414
0.623061 0.728088
0.63733 0.67948
0.651959 0.988578
0.666926 0.913148
0.682207 0.786722
0.697783 0.846818
0.713633 0.89461
0.72974 1.09289
0.746087 1.27195
0.762659 1.07085
0.477596 0.323985
0.478055 0.48984
0.479429 0.376338
0.481711 0.441592
0.484888 0.460538
0.488941 0.534634
0.493851 0.467087
0.499591 0.529522
0.506133 0.485323
0.513447 0.558219
0.5215 0.578632
0.530258 0.760711
0.539688 0.523665
0.549754 0.474667
0.560422 0.668024
0.571659 0.600579
0.583431 0.538551
0.595707 0.783778
0.608457 0.882188
0.621651 0.585788
0.635261 0.731667
0.649262 0.700574
0.663629 0.943756
0.678338 0.62183
0.693368 0.819383
0.708698 0.773016
0.72431 1.10363
0.740184 0.952876
0.756306 0.749469
0.772659 1.39241
0.494295 0.48536
0.494739 0.477913
0.496067 0.489798
0.498272 0.441591
0.501344 0.615573
0.505266 0.552147
0.510019 0.545355
0.515579 0.560934
0.521921 0.941294
0.529016 0.571436
0.536836 0.502585
0.545348 0.684541
0.554521 0.671546
0.564322 0.508971
0.57472 0.461354
0.585682 0.519224
0.597178 0.710377
0.609177 0.852792
0.621651 0.500486
0.634571 0.932325
0.64791 0.93395
0.661643 1.03165
0.675747 0.895557
0.690198 0.711005
0.704975 1.11906
0.720058 0.783042
0.735428 0.905859
0.751068 1.1485
0.766961 1.21808
0.783091 1.20884
0.511307 0.698493
0.511736 0.467273
0.51302 0.44002
0.515153 0.5505
0.518125 0.40739
0.521921 0.395304
0.526523 0.489399
0.53191 0.508277
0.53806 0.717254
0.544945 0.67901
0.552539 0.417141
0.560813 0.762522
0.569737 0.488789
0.579281 0.710062
0.589415 0.606218
0.600109 0.71212
0.611334 0.705225
0.623061 0.746069
0.635261 0.670031
0.64791 0.930603
0.66098 0.713222
0.674447 1.14394
0.688288 0.945126
0.702481 0.99823
0.717005 0.738732
0.731841 1.26036
0.746968 0.866918
0.762371 1.00569
0.778033 0.97574
0.793939 1.06597
0.528601 0.50748
0.529016 0.429738
0.530258 0.511211
0.532323 0.525277
0.535199 0.476237
0.538874 0.858359
0.543333 0.465722
0.548556 0.661397
0.554521 0.611712
0.561204 0.794803
0.568581 0.678275
0.576625 0.542758
0.585308 0.714184
0.594602 0.655125
0.604479 0.578204
0.614911 1.06076
0.62587 0.910424
0.63733 0.720897
0.649262 0.803445
0.661643 0.850383
0.674447 0.801874
0.687651 1.02198
0.701232 0.750916
0.715168 1.29528
0.729439 0.878874
0.744026 1.35124
0.758911 0.952917
0.774077 1.30056
0.789506 0.95477
0.805185 1.06602
0.546151 0.779406
0.546553 0.608364
0.547755 0.44921
0.549754 0.473029
0.552539 0.661381
0.5561 0.583448
0.560422 0.400296
0.565487 0.408573
0.571275 0.643252
0.577765 0.775331
0.584933 0.797387
0.592755 0.750988
0.601204 0.912226
0.610257 0.602847
0.619884 0.724861
0.630061 0.946916
0.640762 0.67363
0.651959 1.1288
0.663629 0.698656
0.675747 1.18425
0.688288 0.888227
0.701232 0.861294
0.714554 1.14683
0.728235 0.847557
0.742256 1.3623
0.756596 1.44313
0.771238 1.10584
0.786166 1.62042
0.801363 1.05637
0.816814 1.34207
0.563933 0.567527
0.564322 0.400005
0.565487 0.637283
0.567423 0.730193
0.570122 0.729316
0.573574 0.787991
0.577765 0.536447
0.582679 0.890438
0.588298 0.681571
0.594602 0.403493
0.601569 0.673724
0.609177 0.848606
0.617403 0.906179
0.626221 0.764344
0.635607 0.754705
0.645536 0.642989
0.655984 0.646387
0.666926 0.7522
0.678338 0.753055
0.690198 0.785492
0.702481 0.947779
0.715168 1.15919
0.728235 1.03466
0.741664 0.927819
0.755435 1.15152
0.76953 1.08185
0.783931 1.0522
0.798621 1.14246
0.813586 1.17357
0.828809 1.20856
0.581925 0.719835
0.582302 0.469724
0.583431 0.491496
0.585308 0.741594
0.587925 0.723874
0.591273 0.631891
0.595339 0.628407
0.600109 0.863028
0.605566 0.807117
0.611692 0.892145
0.618467 0.902031
0.62587 0.653856
0.633879 0.810743
0.642471 1.02882
0.651623 0.77378
0.661312 0.861161
0.671514 0.757688
0.682207 0.688213
0.693368 0.897024
0.704975 1.09078
0.717005 0.774562
0.729439 1.19649
0.742256 1.09156
0.755435 1.2935
0.76896 1.5094
0.782811 0.978304
0.796972 1.22054
0.811426 0.971419
0.826159 1.3863
0.841155 1.11112
0.600109 0.637956
0.600474 0.684982
0.601569 0.654216
0.603389 0.538966
0.605928 0.641056
0.609177 0.912116
0.613125 1.15939
0.617758 0.742857
0.623061 0.686871
0.629016 0.920158
0.635607 0.71362
0.642812 0.850931
0.650612 1.13423
0.658986 0.585509
0.667912 1.11961
0.677368 1.10462
0.687332 0.735086
0.697783 1.12459
0.708698 0.882924
0.720058 1.08469
0.731841 1.22193
0.744026 1.02596
0.756596 1.08823
0.76953 1.14131
0.782811 1.45402
0.796421 1.10182
0.810344 1.05539
0.824564 1.05451
0.839066 1.13688
0.853835 0.976294
0.618467 0.699711
0.618822 1.01609
0.619884 0.89486
0.621651 0.874004
0.624116 0.778346
0.62727 0.613932
0.631105 0.993401
0.635607 0.584243
0.640762 0.770298
0.646554 0.551532
0.652968 0.575415
0.659984 0.850974
0.667583 0.839168
0.675747 1.04632
0.684454 1.11933
0.693684 0.771746
0.703417 0.947544
0.713633 0.989608
0.72431 1.03931
0.735428 1.03221
0.746968 1.143
0.758911 1.03336
0.771238 0.810752
0.783931 1.30677
0.796972 1.42024
0.810344 1.10431
0.824032 1.19311
0.83802 1.35159
0.852293 1.41903
0.866837 1.51645
0.636985 0.838531
0.63733 0.763909
0.638361 0.937208
0.640077 0.871909
0.642471 0.600361
0.645536 1.04392
0.649262 0.954849
0.653639 0.976783
0.658653 0.638986
0.66429 0.592914
0.670534 1.11769
0.677368 0.918948
0.684774 1.08874
0.692735 1.09233
0.701232 0.854514
0.710244 0.911598
0.719753 1.0902
0.72974 1.13002
0.740184 0.79876
0.751068 0.916156
0.762371 1.16867
0.774077 0.975867
0.786166 1.46091
0.798621 0.963878
0.811426 1.24414
0.824564 1.2684
0.83802 1.29979
0.851778 0.990112
0.865824 1.01819
0.880144 0.935863
0.655649 1.02177
0.655984 0.880155
0.656986 1.10524
0.658653 1.08792
0.66098 1.08094
0.66396 0.78029
0.667583 0.921295
0.671841 0.815701
0.67672 1.07539
0.682207 1.34008
0.688288 1.28447
0.694948 1.02935
0.702169 0.968542
0.709935 1.01936
0.718228 0.996361
0.72703 0.720853
0.736322 1.1103
0.746087 1.21134
0.756306 0.835468
0.766961 0.952842
0.778033 1.54533
0.789506 1.2316
0.801363 0.997673
0.813586 1.07771
0.826159 1.04694
0.839066 1.391
0.852293 1.32201
0.865824 1.09756
0.879646 1.26269
0.893745 1.37251
0.674447 0.605951
0.674772 0.919101
0.675747 1.07257
0.677368 0.714836
0.67963 1.02936
0.682529 0.58278
0.686054 0.769725
0.690198 0.886284
0.694948 1.12106
0.700293 1.18544
0.706218 1.29206
0.71271 0.91811
0.719753 1.21022
0.727331 1.3313
0.735428 1.1282
0.744026 1.07502
0.753109 0.968645
0.762659 1.01219
0.772659 1.23909
0.783091 0.960809
0.793939 1.3663
0.805185 1.18582
0.816814 1.41689
0.828809 1.19735
0.841155 1.39244
0.853835 1.2084
0.866837 1.48775
0.880144 1.17101
0.893745 1.26572
0.907625 1.08226
0.314159 0.309447
0.314857 0.561714
0.316939 0.408896
0.320381 0.417814
0.325138 0.508954
0.331153 0.359365
0.33836 0.371269
0.346684 0.316178
0.356047 0.242874
0.36637 0.467137
0.377572 0.317841
0.38958 0.289187
0.40232 0.356402
0.415726 0.417631
0.429734 0.433577
0.444288 0.335049
0.459337 0.485167
0.474832 0.399696
0.490732 0.561014
0.506999 0.595748
0.523599 0.502701
0.5405 0.540745
0.557676 0.766747
0.575101 0.684462
0.592755 0.5938
0.610616 0.911698
0.628667 0.772832
0.646894 0.938443
0.66528 1.08383
0.683813 1.08104
0.314857 0.360823
0.315552 0.211948
0.317631 0.357628
0.321065 0.300054
0.325811 0.770575
0.331815 0.450797
0.339007 0.373119
0.347316 0.466837
0.356663 0.647325
0.366968 0.384657
0.378153 0.385144
0.390143 0.447663
0.402865 0.499599
0.416253 0.451522
0.430244 0.32156
0.444782 0.630827
0.459814 0.564301
0.475294 0.511427
0.491179 0.441335
0.507432 0.619912
0.524017 0.522268
0.540906 0.492872
0.558069 0.476783
0.575482 0.648406
0.593124 0.827285
0.610975 0.924176
0.629016 0.747352
0.647232 0.832852
0.665609 1.36398
0.684133 0.818123
0.316939 0.437211
0.317631 0.452988
0.319696 0.392032
0.323108 0.366319
0.327825 0.357489
0.333792 0.292148
0.340943 0.402882
0.349205 0.217143
0.358503 0.404021
0.368756 0.388594
0.379889 0.347328
0.391825 0.46125
0.404495 0.343416
0.417831 0.326542
0.431771 0.32583
0.446259 0.434653
0.461243 0.526662
0.476676 0.535692
0.492517 0.420748
0.508727 0.447382
0.525272 0.447504
0.542121 0.765457
0.559247 0.607497
0.576625 0.764641
0.594233 0.852105
0.612051 0.768716
0.630061 0.698111
0.648248 1.00089
0.666597 0.629318
0.685095 0.742593
0.320381 0.68434
0.321065 0.367552
0.323108 0.391958
0.326484 0.261485
0.331153 0.438633
0.337061 0.326957
0.344144 0.501066
0.352332 0.233029
0.361549 0.423285
0.371718 0.563568
0.382765 0.457739
0.394614 0.363299
0.407197 0.360707
0.420447 0.370377
0.434303 0.542229
0.448709 0.344443
0.463614 0.419104
0.478971 0.443492
0.494739 0.492169
0.510878 0.490117
0.527355 0.519431
0.54414 0.448536
0.561204 0.736647
0.578523 0.681906
0.596075 1.16374
0.61384 0.822369
0.6318 0.902359
0.649938 0.959547
0.66824 0.846901
0.686693 0.782408
0.325138 0.423114
0.325811 0.372013
0.327825 0.383384
0.331153 0.461031
0.335757 0.36426
0.341586 0.271215
0.348577 0.266011
0.356663 0.458149
0.36577 0.440698
0.375826 0.341939
0.386755 0.37202
0.398486 0.252074
0.41095 0.444065
0.424083 0.362516
0.437824 0.497347
0.452118 0.528587
0.466914 0.473033
0.482166 0.544508
0.497832 0.309218
0.513874 0.469915
0.530258 0.691337
0.546954 0.870405
0.563933 0.488141
0.581171 0.894045
0.598645 1.15896
0.616336 1.05876
0.634225 0.741171
0.652296 0.77441
0.670534 0.95429
0.688925 1.16163
0.331153 0.324878
0.331815 0.27651
0.333792 0.342667
0.337061 0.283923
0.341586 0.718161
0.347316 0.313601
0.354194 0.35906
0.362155 0.45582
0.371128 0.222916
0.381042 0.389772
0.391825 0.297781
0.403409 0.353037
0.415726 0.30106
0.428712 0.422046
0.442309 0.433141
0.456463 0.392163
0.471123 0.38815
0.486243 0.370906
0.501781 0.457511
0.517701 0.695862
0.533968 0.481787
0.550551 0.574019
0.567423 0.59832
0.584558 0.454894
0.601934 0.555662
0.61953 0.691013
0.63733 0.99305
0.655315 0.966605
0.673471 0.842749
0.691785 1.1764
0.33836 0.497055
0.339007 0.428125
0.340943 0.40656
0.344144 0.360995
0.348577 0.348598
0.354194 0.31915
0.360942 0.335861
0.368756 0.284389
0.377572 0.513598
0.387322 0.39305
0.397935 0.345357
0.409346 0.287352
0.421489 0.575567
0.434303 0.438447
0.447731 0.613944
0.461718 0.462762
0.476216 0.419555
0.491179 0.452106
0.506567 0.471
0.522341 0.455602
0.538467 0.581059
0.554916 0.586651
0.571659 0.736464
0.58867 0.964006
0.605928 0.991741
0.623412 0.57336
0.641104 0.874361
0.658986 0.833437
0.677044 1.26695
0.695263 0.982881
0.346684 0.333362
0.347316 0.34999
0.349205 0.553291
0.352332 0.336626
0.356663 0.404318
0.362155 0.317288
0.368756 0.31754
0.376409 0.381982
0.38505 0.32869
0.394614 0.421511
0.405037 0.337633
0.416253 0.336737
0.4282 0.452528
0.440819 0.353763
0.454054 0.382086
0.467852 0.526447
0.482166 0.738593
0.49695 0.522517
0.512164 0.495626
0.527771 0.853572
0.543737 0.553651
0.56003 0.630099
0.576625 0.647212
0.593494 0.884135
0.610616 0.549064
0.627969 0.823601
0.645536 0.741994
0.663299 1.08733
0.681242 1.53196
0.699352 0.92295
0.356047 0.493709
0.356663 0.56879
0.358503 0.314794
0.361549 0.373973
0.36577 0.423137
0.371128 0.439827
0.377572 0.398279
0.38505 0.293171
0.393501 0.456764
0.402865 0.412168
0.413079 0.362172
0.424083 0.47083
0.435815 0.452808
0.44822 0.370684
0.461243 0.425941
0.474832 0.373377
0.488941 0.378041
0.503527 0.425434
0.518548 0.421966
0.533968 0.519721
0.549754 0.61052
0.565874 0.666488
0.582302 0.82895
0.599012 0.714072
0.61598 0.861057
0.633187 0.676763
0.650612 0.562522
0.66824 0.972471
0.686054 0.988045
0.704041 1.09916
0.36637 0.237746
0.366968 0.548843
0.368756 0.304608
0.371718 0.45218
0.375826 0.309961
0.381042 0.35344
0.387322 0.317857
0.394614 0.406066
0.402865 0.318482
0.412016 0.271623
0.422009 0.339255
0.432785 0.31528
0.444288 0.312468
0.456463 0.52511
0.469257 0.367805
0.482621 0.490113
0.496509 0.542748
0.510878 0.354851
0.525689 0.538664
0.540906 0.358574
0.556495 0.597646
0.572425 0.611567
0.58867 0.833018
0.605204 0.763001
0.622004 0.793096
0.639048 0.921344
0.656318 0.897865
0.673797 1.01034
0.691468 1.26692
0.709317 0.996709
0.377572 0.427025
0.378153 0.544301
0.379889 0.343101
0.382765 0.3513
0.386755 0.519672
0.391825 0.379303
0.397935 0.298569
0.405037 0.350396
0.413079 0.339846
0.422009 0.516347
0.431771 0.358445
0.442309 0.226761
0.453571 0.416967
0.465503 0.602338
0.478055 0.441227
0.491179 0.422532
0.504832 0.293222
0.518971 0.475733
0.533557 0.495676
0.548556 0.565812
0.563933 0.754477
0.57966 0.638023
0.595707 0.704969
0.612051 0.774176
0.628667 0.813707
0.645536 0.936489
0.662637 0.861936
0.679953 0.748013
0.697468 0.915699
0.715168 1.30683
0.38958 0.406672
0.390143 0.612879
0.391825 0.246522
0.394614 0.271428
0.398486 0.376862
0.403409 0.516784
0.409346 0.287796
0.416253 0.329151
0.424083 0.24278
0.432785 0.284838
0.442309 0.448406
0.452603 0.39015
0.463614 0.577142
0.475294 0.336074
0.487594 0.541898
0.500468 0.609411
0.513874 0.615578
0.527771 0.436836
0.542121 0.590254
0.556889 0.346825
0.572042 0.658767
0.587552 0.559996
0.603389 0.628545
0.61953 0.808725
0.635952 0.821059
0.652632 0.652541
0.669552 0.958576
0.686693 0.958037
0.704041 1.34986
0.721579 1.38199
0.40232 0.328425
0.402865 0.306484
0.404495 0.452141
0.407197 0.412498
0.41095 0.42853
0.415726 0.305927
0.421489 0.492808
0.4282 0.389009
0.435815 0.443329
0.444288 0.310974
0.453571 0.354149
0.463614 0.40574
0.47437 0.514699
0.485791 0.401696
0.497832 0.405061
0.510448 0.569436
0.523599 0.490128
0.537244 0.539109
0.551347 0.658416
0.565874 0.701119
0.580794 0.901492
0.596075 0.595914
0.611692 1.09222
0.62762 0.68118
0.643835 0.80066
0.660316 0.99737
0.677044 0.896141
0.694001 0.952051
0.71117 1.0381
0.728536 1.2137
0.415726 0.514039
0.416253 0.556911
0.417831 0.451508
0.420447 0.357493
0.424083 0.34894
0.428712 0.302498
0.434303 0.428593
0.440819 0.511413
0.44822 0.387661
0.456463 0.440233
0.465503 0.433867
0.475294 0.580286
0.485791 0.613384
0.49695 0.393204
0.508727 0.701651
0.521079 0.50495
0.533968 0.696935
0.547355 0.404083
0.561204 0.555186
0.575482 0.642772
0.590159 0.537721
0.605204 0.625667
0.620592 0.805252
0.636296 0.734956
0.652296 0.880994
0.668568 0.783251
0.685095 0.792316
0.701857 1.04989
0.718838 1.25501
0.736024 1.09608
0.429734 0.355344
0.430244 0.309255
0.431771 0.433965
0.434303 0.354345
0.437824 0.62732
0.442309 0.465878
0.447731 0.365324
0.454054 0.461026
0.461243 0.368209
0.469257 0.505767
0.478055 0.455999
0.487594 0.413164
0.497832 0.584664
0.508727 0.603042
0.520237 0.577889
0.532323 0.53277
0.544945 0.670826
0.558069 0.695683
0.571659 0.467708
0.585682 0.440926
0.600109 0.477283
0.614911 0.71937
0.630061 0.619773
0.645536 1.07095
0.661312 0.879247
0.677368 0.957395
0.693684 0.899681
0.710244 0.630318
0.72703 1.3446
0.744026 0.94436
0.444288 0.339076
0.444782 0.4009
0.446259 0.443229
0.448709 0.416874
0.452118 0.419178
0.456463 0.393715
0.461718 0.533271
0.467852 0.473333
0.474832 0.410305
0.482621 0.389837
0.491179 0.511366
0.500468 0.525313
0.510448 0.465773
0.521079 0.506138
0.532323 0.391942
0.54414 0.450925
0.556495 0.591757
0.569352 0.637777
0.582679 0.588428
0.596443 0.942388
0.610616 0.613991
0.625169 0.66683
0.640077 1.05481
0.655315 1.00479
0.670861 1.03887
0.686693 1.03788
0.702794 1.53607
0.719143 1.14995
0.735726 1.00485
0.752526 1.15983
0.459337 0.357478
0.459814 0.440379
0.461243 0.325172
0.463614 0.556033
0.466914 0.391143
0.471123 0.46779
0.476216 0.413344
0.482166 0.651389
0.488941 0.366087
0.496509 0.532411
0.504832 0.540201
0.513874 0.361009
0.523599 0.540753
0.533968 0.820489
0.544945 0.513845
0.556495 0.477218
0.568581 0.576783
0.581171 1.0447
0.594233 0.642928
0.607736 0.789793
0.621651 1.01162
0.635952 0.895065
0.650612 0.956666
0.665609 1.03573
0.68092 0.760935
0.696524 1.04312
0.712402 1.04287
0.728536 0.806151
0.74491 0.968066
0.761508 1.21866
0.474832 0.455266
0.475294 0.385871
0.476676 0.553951
0.478971 0.435969
0.482166 0.475411
0.486243 0.46687
0.491179 0.471357
0.49695 0.389883
0.503527 0.492687
0.510878 0.591959
0.518971 0.48567
0.527771 0.476336
0.537244 0.420698
0.547355 0.525144
0.558069 0.414686
0.569352 0.569108
0.581171 0.776091
0.593494 0.599202
0.60629 0.856144
0.61953 0.719892
0.633187 0.85295
0.647232 0.954742
0.661643 0.752939
0.676396 0.77162
0.691468 1.1737
0.706839 1.08093
0.72249 1.02008
0.738404 0.97188
0.754564 1.07772
0.770954 1.18542
0.490732 0.359443
0.491179 0.530373
0.492517 0.736219
0.494739 0.568978
0.497832 0.449522
0.501781 0.619656
0.506567 0.495719
0.512164 0.668292
0.518548 0.48872
0.525689 0.509739
0.533557 0.627176
0.542121 0.692436
0.551347 0.730393
0.561204 0.736915
0.571659 0.727304
0.582679 0.719113
0.594233 0.697689
0.60629 0.723553
0.618822 0.592146
0.6318 0.855542
0.645196 0.786686
0.658986 1.25127
0.673145 0.823181
0.687651 1.067
0.702481 0.730301
0.717617 0.998516
0.733038 1.15278
0.748728 0.887204
0.764669 0.929394
0.780847 1.16393
0.506999 0.551134
0.507432 0.486731
0.508727 0.511028
0.510878 0.630157
0.513874 0.422542
0.517701 0.463659
0.522341 0.418512
0.527771 0.427233
0.533968 0.596515
0.540906 0.795844
0.548556 0.532844
0.556889 0.674579
0.565874 0.593364
0.575482 0.539072
0.585682 0.68565
0.596443 0.555198
0.607736 0.813749
0.61953 0.673278
0.6318 0.945224
0.644516 0.725953
0.657653 1.15705
0.671187 1.15187
0.685095 0.916092
0.699352 1.00965
0.71394 1.08469
0.728837 1.39611
0.744026 1.42034
0.759489 1.43274
0.775209 1.02372
0.791171 1.03988
0.523599 0.471604
0.524017 0.450652
0.525272 0.475989
0.527355 0.4711
0.530258 0.430775
0.533968 0.522284
0.538467 0.887441
0.543737 0.546943
0.549754 0.578226
0.556495 0.597051
0.563933 0.528418
0.572042 0.752655
0.580794 0.673682
0.590159 1.11974
0.600109 1.09518
0.610616 0.627771
0.621651 0.669155
0.633187 0.794731
0.645196 0.860056
0.657653 1.14456
0.670534 1.17851
0.683813 1.16491
0.697468 0.879642
0.711478 1.09173
0.725822 1.12121
0.74048 0.98384
0.755435 1.07948
0.770669 1.02008
0.786166 1.28534
0.80191 0.873091
0.5405 0.61409
0.540906 0.661737
0.542121 0.581946
0.54414 0.619444
0.546954 0.475113
0.550551 0.530871
0.554916 0.617969
0.56003 0.660915
0.565874 0.523036
0.572425 0.670207
0.57966 0.839893
0.587552 0.655932
0.596075 0.682004
0.605204 0.718943
0.614911 0.820989
0.625169 0.653376
0.635952 0.914542
0.647232 1.0106
0.658986 0.941662
0.671187 0.837592
0.683813 1.14186
0.696839 1.36454
0.710244 1.0088
0.724007 1.2636
0.738107 1.16553
0.752526 1.07221
0.767246 0.734265
0.78225 1.48738
0.797522 1.5901
0.813046 1.28176
0.557676 0.623953
0.558069 0.806736
0.559247 0.626708
0.561204 0.664756
0.563933 0.740046
0.567423 0.473316
0.571659 0.517407
0.576625 0.591562
0.582302 0.797155
0.58867 0.54535
0.595707 0.571813
0.603389 0.661899
0.611692 0.655591
0.620592 0.888657
0.630061 0.681556
0.640077 0.86252
0.650612 0.892417
0.661643 0.970703
0.673145 1.1435
0.685095 0.982014
0.697468 1.21684
0.710244 1.06845
0.723401 0.960777
0.736918 0.859046
0.750776 1.22537
0.764956 1.11235
0.779441 1.25188
0.794215 1.23983
0.809261 0.991649
0.824564 1.43872
0.575101 0.71205
0.575482 0.434011
0.576625 0.676099
0.578523 0.513803
0.581171 0.668972
0.584558 0.714658
0.58867 0.667373
0.593494 0.784466
0.599012 0.519092
0.605204 0.584813
0.612051 0.665433
0.61953 0.636659
0.62762 0.830646
0.636296 0.90105
0.645536 0.575053
0.655315 0.760053
0.665609 0.913211
0.676396 0.751419
0.687651 0.936765
0.699352 1.22564
0.711478 0.897196
0.724007 1.1328
0.736918 1.28378
0.750191 1.15959
0.763808 1.02872
0.777751 0.898984
0.792003 1.19519
0.806546 1.09731
0.821366 1.17955
0.836448 1.09359
0.592755 0.591342
0.593124 0.812305
0.594233 0.896487
0.596075 0.761063
0.598645 1.17386
0.601934 0.796038
0.605928 0.758382
0.610616 0.617012
0.61598 0.741903
0.622004 0.473064
0.628667 0.712375
0.635952 1.01165
0.643835 0.701552
0.652296 0.725411
0.661312 0.946699
0.670861 0.920349
0.68092 0.842079
0.691468 0.974437
0.702481 0.911094
0.71394 1.07743
0.725822 0.928845
0.738107 0.948877
0.750776 0.853729
0.763808 1.09329
0.777187 1.57842
0.790894 1.23124
0.804913 1.17056
0.819227 1.07534
0.833822 1.13653
0.848682 1.49173
0.610616 0.973609
0.610975 0.537113
0.612051 0.758083
0.61384 0.720142
0.616336 0.585659
0.61953 0.708631
0.623412 0.607355
0.627969 0.822808
0.633187 0.900328
0.639048 1.06352
0.645536 0.934697
0.652632 0.979057
0.660316 0.989866
0.668568 0.822924
0.677368 0.941599
0.686693 0.735191
0.696524 0.953789
0.706839 1.13111
0.717617 1.12647
0.728837 1.18864
0.74048 1.19796
0.752526 1.34544
0.764956 1.45691
0.777751 1.18876
0.790894 0.740547
0.804368 1.42709
0.818156 1.01697
0.832242 1.2555
0.846612 1.15966
0.861252 1.14048
0.628667 1.0068
0.629016 0.817099
0.630061 0.989609
0.6318 1.07738
0.634225 0.795155
0.63733 0.798093
0.641104 0.735723
0.645536 0.900266
0.650612 0.848619
0.656318 0.69311
0.662637 1.01464
0.669552 0.90843
0.677044 0.9148
0.685095 0.852944
0.693684 1.19363
0.702794 1.28299
0.712402 1.02399
0.72249 0.806697
0.733038 0.937042
0.744026 1.15367
0.755435 1.05209
0.767246 1.19024
0.779441 1.16107
0.792003 0.679394
0.804913 1.16338
0.818156 1.33797
0.831715 0.950224
0.845576 1.35261
0.859723 0.846545
0.874143 0.860931
0.646894 0.682873
0.647232 0.837631
0.648248 0.76238
0.649938 0.944913
0.652296 0.6538
0.655315 0.692797
0.658986 1.22216
0.663299 0.87926
0.66824 0.935648
0.673797 0.879036
0.679953 1.00477
0.686693 1.01829
0.694001 0.902691
0.701857 1.03677
0.710244 1.28819
0.719143 1.17005
0.728536 0.940596
0.738404 1.04589
0.748728 0.770023
0.759489 0.955461
0.770669 0.839041
0.78225 1.1391
0.794215 0.888377
0.806546 1.17798
0.819227 1.23942
0.832242 1.08793
0.845576 1.36906
0.859213 1.49048
0.873139 1.03357
0.887342 1.20467
0.66528 0.742473
0.665609 0.896436
0.666597 0.810843
0.66824 0.95387
0.670534 0.979901
0.673471 0.96054
0.677044 0.983659
0.681242 1.12486
0.686054 1.02473
0.691468 1.30426
0.697468 0.854954
0.704041 1.19832
0.71117 0.805233
0.718838 1.09368
0.72703 0.751072
0.735726 1.4358
0.74491 0.786083
0.754564 1.25161
0.764669 1.13333
0.775209 1.38594
0.786166 0.992651
0.797522 1.22642
0.809261 1.31564
0.821366 1.35901
0.833822 0.957531
0.846612 1.51163
0.859723 1.22344
0.873139 1.15021
0.886847 1.55966
0.900833 1.28426
0.683813 1.00885
0.684133 0.856262
0.685095 0.949978
0.686693 0.853383
0.688925 0.97744
0.691785 0.834027
0.695263 0.77786
0.699352 0.808161
0.704041 1.18963
0.709317 0.907012
0.715168 1.15694
0.721579 1.0368
0.728536 1.38481
0.736024 1.07983
0.744026 1.22524
0.752526 1.03101
0.761508 1.28687
0.770954 1.69707
0.780847 1.30196
0.791171 1.06685
0.80191 1.38034
0.813046 1.31951
0.824564 1.17573
0.836448 0.885199
0.848682 1.38539
0.861252 1.37506
0.874143 1.03106
0.887342 1.17092
0.900833 1.26887
0.914606 1.2045
0.335103 0.28789
0.335757 0.264735
0.337711 0.377542
0.340943 0.340485
0.345416 0.229962
0.351085 0.365981
0.35789 0.508246
0.36577 0.468228
0.374657 0.399082
0.38448 0.348896
0.39517 0.499578
0.406658 0.392811
0.418879 0.298008
0.431771 0.359049
0.445275 0.446272
0.459337 0.298764
0.473908 0.762769
0.488941 0.47552
0.504397 0.462561
0.520237 0.621942
0.536427 0.743078
0.552936 0.567175
0.569737 0.634833
0.586805 0.641039
0.604116 1.00293
0.621651 0.870856
0.639391 1.02745
0.65732 1.47664
0.675422 0.989307
0.693684 1.04722
0.335757 0.332899
0.33641 0.533462
0.33836 0.422311
0.341586 0.304435
0.346051 0.576995
0.351709 0.44246
0.358503 0.392063
0.36637 0.315907
0.375242 0.33344
0.38505 0.270153
0.395724 0.490449
0.407197 0.332562
0.419402 0.406906
0.432278 0.49779
0.445767 0.476214
0.459814 0.490751
0.47437 0.546125
0.48939 0.460523
0.504832 0.647203
0.520658 0.49999
0.536836 0.728034
0.553333 0.858072
0.570122 0.518884
0.587178 0.518946
0.604479 0.755505
0.622004 0.784964
0.639734 0.956543
0.657653 0.939218
0.675747 0.935987
0.694001 0.877484
0.337711 0.301523
0.33836 0.28924
0.340299 0.273916
0.343506 0.312746
0.347947 0.467735
0.353575 0.378514
0.360333 0.39457
0.368161 0.382837
0.376991 0.247414
0.386755 0.375134
0.397384 0.45166
0.40881 0.300423
0.420968 0.348558
0.433798 0.327375
0.44724 0.472435
0.461243 0.467333
0.475755 0.509004
0.490732 0.357869
0.506133 0.55233
0.521921 0.748055
0.53806 0.597649
0.554521 0.789379
0.571275 0.682755
0.588298 0.557601
0.605566 0.728248
0.623061 1.02015
0.640762 0.999684
0.658653 0.702414
0.67672 0.773442
0.694948 0.951575
0.340943 0.302822
0.341586 0.440697
0.343506 0.270525
0.346684 0.37565
0.351085 0.555409
0.356663 0.356668
0.363364 0.334625
0.371128 0.461579
0.379889 0.53014
0.38958 0.403769
0.400134 0.328573
0.411483 0.444535
0.423565 0.599947
0.436318 0.376026
0.449686 0.3745
0.463614 0.441344
0.478055 0.464963
0.492962 0.447576
0.508295 0.659765
0.524017 0.482405
0.540094 0.388999
0.556495 0.64235
0.573191 0.664624
0.590159 0.735588
0.607375 0.604307
0.624818 0.662826
0.642471 1.01753
0.660316 1.29913
0.678338 0.817585
0.696524 0.769427
0.345416 0.366087
0.346051 0.343315
0.347947 0.420725
0.351085 0.419027
0.355431 0.384752
0.360942 0.364027
0.367565 0.488176
0.375242 0.373719
0.383909 0.374945
0.393501 0.454836
0.403952 0.36403
0.415198 0.376314
0.427174 0.270856
0.439823 0.371957
0.453087 0.515701
0.466914 0.538192
0.481255 0.556227
0.496067 0.354313
0.511307 0.470036
0.526939 0.481153
0.542929 0.515699
0.559247 0.57358
0.575863 0.746785
0.592755 0.775368
0.609897 0.618687
0.62727 1.04509
0.644856 0.767248
0.662637 0.868378
0.680598 0.734727
0.698725 0.796217
0.351085 0.337777
0.351709 0.346817
0.353575 0.294729
0.356663 0.481684
0.360942 0.565415
0.36637 0.300812
0.372896 0.399604
0.380466 0.322987
0.389017 0.368857
0.398486 0.32319
0.40881 0.467911
0.419925 0.457293
0.431771 0.279884
0.444288 0.350624
0.457423 0.412713
0.471123 0.366948
0.48534 0.591974
0.50003 0.517965
0.515153 0.524193
0.530672 0.583373
0.546553 0.638996
0.562765 0.582659
0.579281 0.821907
0.596075 0.816667
0.613125 0.747264
0.630409 0.943303
0.64791 0.703409
0.665609 1.34518
0.683492 1.0215
0.701544 1.43037
0.35789 0.495407
0.358503 0.530502
0.360333 0.422796
0.363364 0.273057
0.367565 0.321484
0.372896 0.479315
0.379311 0.268688
0.386755 0.336481
0.39517 0.348089
0.404495 0.396549
0.414669 0.424593
0.425631 0.392742
0.437323 0.333158
0.449686 0.583512
0.462667 0.409179
0.476216 0.362249
0.490285 0.437668
0.504832 0.562874
0.519815 0.563327
0.535199 0.560904
0.550949 0.746337
0.567036 0.863873
0.583431 0.736671
0.600109 0.588575
0.617047 0.749965
0.634225 0.665658
0.651623 0.855713
0.669224 0.924656
0.687013 1.02307
0.704975 0.732555
0.36577 0.297626
0.36637 0.44202
0.368161 0.337171
0.371128 0.401482
0.375242 0.528546
0.380466 0.351319
0.386755 0.466248
0.394058 0.255012
0.40232 0.31571
0.411483 0.355001
0.421489 0.383311
0.432278 0.327988
0.443794 0.406161
0.455982 0.360408
0.468789 0.294232
0.482166 0.31514
0.496067 0.384734
0.510448 0.341407
0.525272 0.524567
0.5405 0.476136
0.5561 0.703926
0.572042 0.651683
0.588298 0.541338
0.604842 0.912599
0.621651 0.936477
0.638705 0.898732
0.655984 0.928662
0.673471 1.08751
0.69115 1.01361
0.709008 0.772118
0.374657 0.375277
0.375242 0.357945
0.376991 0.543557
0.379889 0.400387
0.383909 0.499308
0.389017 0.310194
0.39517 0.38729
0.40232 0.403277
0.410416 0.447326
0.419402 0.427206
0.429223 0.43823
0.439823 0.406858
0.451147 0.387837
0.463141 0.312846
0.475755 0.460016
0.488941 0.625596
0.502655 0.459253
0.516853 0.552854
0.531498 0.639165
0.546553 0.406223
0.561985 0.71535
0.577765 0.880234
0.593864 0.830464
0.610257 0.86472
0.626921 0.760805
0.643835 0.734154
0.66098 1.09932
0.678338 0.945668
0.695894 0.792044
0.713633 0.803386
0.38448 0.34579
0.38505 0.243927
0.386755 0.335261
0.38958 0.398032
0.393501 0.400377
0.398486 0.41515
0.404495 0.545423
0.411483 0.283424
0.419402 0.444174
0.4282 0.335525
0.437824 0.533257
0.44822 0.368747
0.459337 0.36353
0.471123 0.604172
0.483529 0.458725
0.496509 0.582908
0.510019 0.493251
0.524017 0.462845
0.538467 0.537267
0.553333 0.973671
0.568581 0.603487
0.584182 0.738155
0.600109 0.961006
0.616336 0.754255
0.63284 0.678006
0.6496 1.00558
0.666597 0.726299
0.683813 0.818124
0.701232 1.06429
0.718838 1.35587
0.39517 0.247685
0.395724 0.329242
0.397384 0.32494
0.400134 0.285063
0.403952 0.22682
0.40881 0.336767
0.414669 0.441885
0.421489 0.411994
0.429223 0.477347
0.437824 0.442932
0.44724 0.466228
0.457423 0.39668
0.468321 0.518885
0.479886 0.61632
0.492071 0.331286
0.504832 0.592919
0.518125 0.480434
0.53191 0.66436
0.546151 0.502308
0.560813 0.506993
0.575863 0.74644
0.591273 0.469856
0.607013 0.996748
0.623061 0.724474
0.639391 0.789912
0.655984 1.06793
0.672819 0.712022
0.68988 1.02946
0.707149 0.94588
0.724612 1.48573
0.406658 0.502724
0.407197 0.323573
0.40881 0.395549
0.411483 0.311515
0.415198 0.314169
0.419925 0.412246
0.425631 0.376176
0.432278 0.344357
0.439823 0.46561
0.44822 0.428867
0.457423 0.406745
0.467383 0.388821
0.478055 0.460134
0.48939 0.509012
0.501344 0.485443
0.513874 0.567965
0.526939 0.541795
0.5405 0.660865
0.554521 0.577174
0.568967 0.404302
0.583807 0.545933
0.599012 0.806169
0.614554 0.659074
0.630409 0.662944
0.646554 0.734289
0.662968 0.781606
0.67963 0.583311
0.696524 1.14454
0.713633 1.21033
0.730941 1.00978
0.418879 0.305887
0.419402 0.393402
0.420968 0.428894
0.423565 0.456531
0.427174 0.391945
0.431771 0.411602
0.437323 0.250681
0.443794 0.47461
0.451147 0.369647
0.459337 0.326767
0.468321 0.482225
0.478055 0.572616
0.488493 0.356225
0.499591 0.4139
0.511307 0.432792
0.523599 0.491401
0.536427 0.624551
0.549754 0.515133
0.563544 0.480575
0.577765 0.773268
0.592384 0.694192
0.607375 0.84206
0.622708 0.715766
0.638361 0.705926
0.65431 0.780532
0.670534 0.777985
0.687013 1.10305
0.703729 0.716367
0.720667 0.760887
0.73781 1.01837
0.431771 0.44558
0.432278 0.663971
0.433798 0.324673
0.436318 0.340792
0.439823 0.582385
0.444288 0.780559
0.449686 0.280049
0.455982 0.483599
0.463141 0.380464
0.471123 0.354393
0.479886 0.427734
0.48939 0.443201
0.499591 0.478751
0.510448 0.647247
0.521921 0.401802
0.533968 0.692104
0.546553 0.439214
0.559639 0.797626
0.573191 0.682582
0.587178 0.782816
0.601569 0.651951
0.616336 0.746442
0.631452 0.834768
0.646894 0.903474
0.662637 0.779438
0.678662 0.743951
0.694948 0.711773
0.711478 1.09832
0.728235 1.07773
0.745204 1.11851
0.445275 0.260739
0.445767 0.313992
0.44724 0.412137
0.449686 0.414989
0.453087 0.275903
0.457423 0.385518
0.462667 0.404746
0.468789 0.410374
0.475755 0.471613
0.483529 0.483278
0.492071 0.462943
0.501344 0.483515
0.511307 0.500711
0.521921 0.610451
0.533146 0.527101
0.544945 0.750443
0.557282 0.59836
0.570122 0.609698
0.583431 0.779335
0.597178 0.730323
0.611334 1.05551
0.62587 0.716568
0.640762 0.923118
0.655984 0.966576
0.671514 0.691027
0.687332 0.713392
0.703417 1.04743
0.719753 1.57582
0.736322 1.50705
0.753109 1.17084
0.459337 0.389616
0.459814 0.609602
0.461243 0.476053
0.463614 0.251488
0.466914 0.443906
0.471123 0.33917
0.476216 0.333742
0.482166 0.559746
0.488941 0.416921
0.496509 0.620152
0.504832 0.454002
0.513874 0.806463
0.523599 0.621322
0.533968 0.557287
0.544945 0.436288
0.556495 0.719655
0.568581 0.727482
0.581171 0.771565
0.594233 0.731098
0.607736 0.800565
0.621651 1.01749
0.635952 1.14822
0.650612 0.884333
0.665609 0.8241
0.68092 1.12394
0.696524 0.928967
0.712402 1.24025
0.728536 0.996423
0.74491 1.0706
0.761508 1.07686
0.473908 0.400908
0.47437 0.605161
0.475755 0.387736
0.478055 0.511366
0.481255 0.414096
0.48534 0.556273
0.490285 0.525777
0.496067 0.366182
0.502655 0.680394
0.510019 0.407249
0.518125 0.708745
0.526939 0.358295
0.536427 0.638755
0.546553 0.397271
0.557282 0.63039
0.568581 0.809071
0.580416 0.755616
0.592755 0.881528
0.605566 1.11162
0.618822 0.938254
0.632493 1.07858
0.646554 0.853227
0.66098 1.05124
0.675747 0.869799
0.690833 0.939278
0.706218 1.04676
0.721883 1.17052
0.73781 0.912385
0.753982 0.82933
0.770384 1.3673
0.488941 0.498435
0.48939 0.393858
0.490732 0.512869
0.492962 0.466791
0.496067 0.448958
0.50003 0.478312
0.504832 0.560621
0.510448 0.595333
0.516853 0.612737
0.524017 0.502567
0.53191 0.672561
0.5405 0.630944
0.549754 0.561385
0.559639 0.819262
0.570122 0.634751
0.581171 0.578742
0.592755 0.714287
0.604842 0.77334
0.617403 0.629056
0.630409 0.804402
0.643835 0.88856
0.657653 1.30058
0.671841 1.01499
0.686374 0.829495
0.701232 1.13637
0.716393 1.04341
0.731841 1.30575
0.747555 0.716149
0.763521 0.943877
0.779723 1.29081
0.504397 0.486849
0.504832 0.407057
0.506133 0.647632
0.508295 0.423146
0.511307 0.610574
0.515153 0.56544
0.519815 0.521106
0.525272 0.621713
0.531498 0.721381
0.538467 0.474743
0.546151 0.421009
0.554521 0.693408
0.563544 0.516901
0.573191 0.633944
0.583431 0.612628
0.594233 0.645944
0.605566 0.727863
0.617403 0.761813
0.629713 0.665225
0.642471 0.964539
0.655649 1.07287
0.669224 0.905528
0.683171 0.951112
0.697468 0.841169
0.712094 1.18716
0.72703 0.781161
0.742256 1.05857
0.757754 1.12183
0.77351 0.894802
0.789506 1.35376
0.520237 0.580629
0.520658 0.472324
0.521921 0.515301
0.524017 0.511366
0.526939 0.661752
0.530672 0.742486
0.535199 0.506294
0.5405 0.637444
0.546553 0.796347
0.553333 0.576614
0.560813 0.462512
0.568967 0.457214
0.577765 0.705164
0.587178 0.566804
0.597178 0.786988
0.607736 0.818337
0.618822 0.765413
0.630409 0.695403
0.642471 0.773734
0.65498 0.825915
0.667912 1.14803
0.681242 0.8699
0.694948 1.17948
0.709008 0.778402
0.723401 1.29098
0.738107 1.20593
0.753109 1.2511
0.768389 0.689855
0.783931 1.36618
0.799719 0.95009
0.536427 0.496052
0.536836 0.496413
0.53806 0.676373
0.540094 0.507685
0.542929 0.547864
0.546553 0.859692
0.550949 0.548701
0.5561 0.695371
0.561985 0.861658
0.568581 0.409084
0.575863 0.691813
0.583807 0.686917
0.592384 0.615814
0.601569 0.717127
0.611334 0.888645
0.621651 0.882127
0.632493 0.703054
0.643835 0.864833
0.655649 1.15073
0.667912 0.957029
0.680598 0.69386
0.693684 0.86563
0.707149 0.803048
0.720971 1.34007
0.73513 1.63909
0.749606 1.58711
0.764382 1.26515
0.779441 1.24086
0.794767 1.27457
0.810344 1.60483
0.552936 0.462029
0.553333 0.616539
0.554521 0.682492
0.556495 0.587225
0.559247 0.75478
0.562765 0.644638
0.567036 0.775161
0.572042 0.64461
0.577765 0.506137
0.584182 0.64838
0.591273 0.689179
0.599012 0.790737
0.607375 0.700409
0.616336 0.968983
0.62587 0.670677
0.635952 0.695894
0.646554 0.702822
0.657653 1.0643
0.669224 1.18698
0.681242 1.07853
0.693684 0.743872
0.706529 1.27064
0.719753 0.975141
0.733337 0.955402
0.747262 1.27002
0.761508 1.03913
0.776057 1.57771
0.790894 1.14788
0.806002 1.26309
0.821366 1.48592
0.569737 0.453397
0.570122 0.666255
0.571275 0.57521
0.573191 0.621407
0.575863 0.630172
0.579281 0.441121
0.583431 0.894685
0.588298 0.664714
0.593864 0.792292
0.600109 0.667612
0.607013 0.614437
0.614554 0.603427
0.622708 1.00533
0.631452 0.854196
0.640762 0.755925
0.650612 0.997278
0.66098 0.92442
0.671841 1.07519
0.683171 0.680303
0.694948 1.21484
0.707149 1.05416
0.719753 1.15074
0.732739 1.09008
0.746087 1.04411
0.759778 1.18548
0.773793 1.22237
0.788116 1.15417
0.80273 1.19674
0.817619 0.884412
0.832769 1.5571
0.586805 0.879366
0.587178 0.732231
0.588298 0.58875
0.590159 0.898033
0.592755 0.888149
0.596075 0.737359
0.600109 0.73027
0.604842 0.630803
0.610257 0.83707
0.616336 0.676677
0.623061 0.953561
0.630409 0.925442
0.638361 1.26251
0.646894 1.14612
0.655984 0.834243
0.665609 0.767411
0.675747 1.06211
0.686374 0.891777
0.697468 0.77111
0.709008 0.968895
0.720971 1.40331
0.733337 1.08632
0.746087 0.930281
0.7592 1.0446
0.772659 0.988986
0.786445 1.63113
0.800541 1.57915
0.814932 1.0701
0.829603 1.32508
0.844537 1.00484
0.604116 0.947101
0.604479 0.749318
0.605566 0.808825
0.607375 0.766911
0.609897 0.625799
0.613125 0.590321
0.617047 0.777625
0.621651 0.490977
0.626921 0.842444
0.63284 0.981171
0.639391 0.875163
0.646554 1.04443
0.65431 0.742695
0.662637 0.798768
0.671514 1.23547
0.68092 0.869117
0.690833 0.682028
0.701232 0.846849
0.712094 0.909264
0.723401 1.18413
0.73513 1.31802
0.747262 0.611296
0.759778 0.899883
0.772659 1.07862
0.785887 1.13228
0.799445 0.867319
0.813316 1.16225
0.827485 1.30003
0.841936 1.49443
0.856656 1.07712
0.621651 0.688978
0.622004 0.910404
0.623061 0.618059
0.624818 0.835932
0.62727 0.71588
0.630409 0.61705
0.634225 0.981305
0.638705 0.856319
0.643835 1.14928
0.6496 1.20481
0.655984 0.898127
0.662968 0.686665
0.670534 0.839039
0.678662 0.687728
0.687332 1.19997
0.696524 1.09682
0.706218 1.02957
0.716393 1.10442
0.72703 0.793665
0.738107 0.944869
0.749606 1.20228
0.761508 1.17494
0.773793 1.0834
0.786445 1.52948
0.799445 1.24508
0.812776 1.21803
0.826424 1.17459
0.840372 1.06304
0.854606 1.16072
0.869111 1.11491
0.639391 0.821131
0.639734 0.801632
0.640762 0.802553
0.642471 1.03718
0.644856 0.808639
0.64791 0.823053
0.651623 0.825735
0.655984 1.06395
0.66098 1.06173
0.666597 0.848799
0.672819 0.882051
0.67963 0.979112
0.687013 1.04603
0.694948 0.705192
0.703417 0.938947
0.712402 0.967783
0.721883 1.21088
0.731841 1.39334
0.742256 0.975751
0.753109 1.14605
0.764382 1.10768
0.776057 0.965811
0.788116 1.01022
0.800541 0.981065
0.813316 1.17815
0.826424 1.35916
0.83985 1.16866
0.853578 1.34101
0.867595 1.1389
0.881887 1.45115
0.65732 0.896556
0.657653 0.93868
0.658653 0.562958
0.660316 0.88562
0.662637 1.01326
0.665609 0.956572
0.669224 1.06045
0.673471 0.97132
0.678338 0.856499
0.683813 0.853834
0.68988 1.33955
0.696524 0.816493
0.703729 0.964944
0.711478 1.3334
0.719753 0.858937
0.728536 0.690235
0.73781 0.833818
0.747555 1.45303
0.757754 1.26633
0.768389 1.32802
0.779441 1.04518
0.790894 0.933612
0.80273 1.1598
0.814932 1.09571
0.827485 1.16316
0.840372 1.60218
0.853578 1.25808
0.86709 1.59444
0.880892 1.26359
0.894971 1.43403
0.675422 0.882832
0.675747 0.87477
0.67672 0.799926
0.678338 0.852764
0.680598 0.914583
0.683492 1.12808
0.687013 0.840881
0.69115 0.773469
0.695894 1.03178
0.701232 1.06447
0.707149 1.10398
0.713633 0.929862
0.720667 0.940735
0.728235 0.974767
0.736322 1.17523
0.74491 1.27682
0.753982 0.957681
0.763521 1.09455
0.77351 1.15645
0.783931 1.03409
0.794767 1.21716
0.806002 0.783081
0.817619 0.982959
0.829603 1.32516
0.841936 0.780727
0.854606 1.00804
0.867595 1.07583
0.880892 0.834285
0.894481 1.16385
0.90835 1.08373
0.693684 1.10385
0.694001 0.634994
0.694948 0.798403
0.696524 1.06734
0.698725 0.798451
0.701544 1.04822
0.704975 0.917979
0.709008 0.782205
0.713633 1.23789
0.718838 0.911019
0.724612 0.906567
0.730941 0.853289
0.73781 1.15232
0.745204 1.05835
0.753109 0.967158
0.761508 1.32049
0.770384 1.32727
0.779723 1.28356
0.789506 1.2062
0.799719 1.45888
0.810344 1.18084
0.821366 1.04788
0.832769 1.13784
0.844537 1.5616
0.856656 1.14237
0.869111 0.937491
0.881887 1.40965
0.894971 1.41184
0.90835 1.27521
0.92201 0.658387
0.356047 0.331493
0.356663 0.453444
0.358503 0.301058
0.361549 0.257453
0.36577 0.501263
0.371128 0.38322
0.377572 0.267323
0.38505 0.374952
0.393501 0.374663
0.402865 0.403539
0.413079 0.412107
0.424083 0.34719
0.435815 0.374617
0.44822 0.54576
0.461243 0.498297
0.474832 0.377568
0.488941 0.517762
0.503527 0.622528
0.518548 0.527492
0.533968 0.422657
0.549754 0.676464
0.565874 0.86198
0.582302 0.675903
0.599012 0.725371
0.61598 0.680707
0.633187 0.87227
0.650612 0.921502
0.66824 0.816498
0.686054 0.903914
0.704041 1.03376
0.356663 0.436656
0.357277 0.327348
0.359114 0.3763
0.362155 0.387966
0.36637 0.233663
0.371718 0.429201
0.378153 0.176954
0.385619 0.364811
0.394058 0.33539
0.403409 0.399629
0.41361 0.334796
0.4246 0.419658
0.436318 0.385391
0.448709 0.534007
0.461718 0.64088
0.475294 0.478868
0.48939 0.646126
0.503962 0.403932
0.518971 0.850181
0.534379 0.593356
0.550153 0.587607
0.566262 0.60974
0.582679 0.596227
0.599378 0.516287
0.616336 0.805179
0.633533 0.761516
0.650949 0.984006
0.668568 0.807429
0.686374 0.799154
0.704352 1.26375
0.358503 0.414045
0.359114 0.364167
0.360942 0.403808
0.363967 0.445732
0.368161 0.402111
0.373484 0.382816
0.379889 0.267326
0.387322 0.335396
0.395724 0.315551
0.405037 0.464477
0.415198 0.245126
0.426146 0.418988
0.437824 0.451202
0.450173 0.295001
0.463141 0.700557
0.476676 0.660943
0.490732 0.505108
0.505266 0.508991
0.520237 0.470558
0.535609 0.454159
0.551347 0.662675
0.567423 0.650408
0.583807 0.446912
0.600474 0.519862
0.617403 0.79448
0.634571 0.736569
0.651959 0.816046
0.669552 1.0285
0.687332 0.673837
0.705286 0.731352
0.361549 0.562238
0.362155 0.465721
0.363967 0.312505
0.366968 0.457613
0.371128 0.402475
0.376409 0.312557
0.382765 0.381339
0.390143 0.240145
0.398486 0.325499
0.407735 0.438627
0.417831 0.432021
0.428712 0.525006
0.440321 0.36256
0.452603 0.503138
0.465503 0.329224
0.478971 0.361402
0.492962 0.371928
0.507432 0.440265
0.522341 0.693521
0.537652 0.661723
0.553333 0.703567
0.569352 0.834475
0.585682 0.834936
0.602298 0.551116
0.619176 0.659032
0.636296 0.814869
0.653639 0.777124
0.671187 1.05405
0.688925 0.706102
0.706839 1.05488
0.36577 0.402298
0.36637 0.375053
0.368161 0.302857
0.371128 0.466262
0.375242 0.261568
0.380466 0.429871
0.386755 0.593691
0.394058 0.464899
0.40232 0.403969
0.411483 0.406053
0.421489 0.337172
0.432278 0.408243
0.443794 0.357551
0.455982 0.48681
0.468789 0.505125
0.482166 0.460738
0.496067 0.499146
0.510448 0.503233
0.525272 0.548977
0.5405 0.730854
0.5561 0.633491
0.572042 0.783651
0.588298 0.673013
0.604842 1.05501
0.621651 1.05886
0.638705 0.553332
0.655984 0.689574
0.673471 0.792112
0.69115 1.12164
0.709008 0.797947
0.371128 0.444325
0.371718 0.31377
0.373484 0.36235
0.376409 0.529802
0.380466 0.287029
0.385619 0.41467
0.391825 0.393275
0.399036 0.314835
0.407197 0.432296
0.416253 0.409913
0.426146 0.407528
0.436821 0.351513
0.44822 0.448647
0.460291 0.642768
0.472981 0.437231
0.486243 0.479148
0.50003 0.707973
0.514301 0.441936
0.529016 0.562486
0.54414 0.620875
0.559639 0.620599
0.575482 0.555292
0.591643 0.520204
0.608096 0.834576
0.624818 0.878196
0.641788 0.532434
0.658986 0.68571
0.676396 1.10503
0.694001 1.17719
0.711786 0.711149
0.377572 0.2601
0.378153 0.337584
0.379889 0.390148
0.382765 0.287523
0.386755 0.354028
0.391825 0.39471
0.397935 0.317007
0.405037 0.392844
0.413079 0.340875
0.422009 0.504484
0.431771 0.377303
0.442309 0.341108
0.453571 0.509437
0.465503 0.448331
0.478055 0.399658
0.491179 0.497366
0.504832 0.626063
0.518971 0.506374
0.533557 0.422832
0.548556 0.418038
0.563933 0.571321
0.57966 0.815594
0.595707 0.768253
0.612051 0.705577
0.628667 0.630471
0.645536 0.682772
0.662637 0.932363
0.679953 1.12687
0.697468 1.1099
0.715168 0.930324
0.38505 0.615433
0.385619 0.512107
0.387322 0.342353
0.390143 0.403315
0.394058 0.307417
0.399036 0.307934
0.405037 0.459199
0.412016 0.391412
0.419925 0.287619
0.428712 0.380461
0.438324 0.532908
0.448709 0.406693
0.459814 0.388785
0.471588 0.419398
0.483982 0.433762
0.49695 0.562239
0.510448 0.448686
0.524436 0.545316
0.538874 0.617941
0.553729 0.516334
0.568967 0.658725
0.584558 0.586987
0.600474 0.571831
0.616692 0.863715
0.633187 0.811145
0.649938 0.925641
0.666926 1.0359
0.684133 0.82443
0.701544 1.42495
0.719143 1.24762
0.393501 0.494354
0.394058 0.415915
0.395724 0.217539
0.398486 0.331988
0.40232 0.310781
0.407197 0.301849
0.413079 0.415863
0.419925 0.40101
0.427688 0.273852
0.436318 0.532587
0.445767 0.420546
0.455982 0.405941
0.466914 0.351342
0.478513 0.381797
0.490732 0.386017
0.503527 0.658468
0.516853 0.599887
0.530672 0.704888
0.544945 0.719081
0.559639 0.534237
0.57472 0.617167
0.590159 0.445656
0.605928 0.631516
0.622004 0.741478
0.638361 1.14944
0.65498 0.700844
0.671841 0.975637
0.688925 1.06043
0.706218 0.948209
0.723704 1.33833
0.402865 0.459403
0.403409 0.396318
0.405037 0.42762
0.407735 0.278152
0.411483 0.382533
0.416253 0.355561
0.422009 0.441076
0.428712 0.273182
0.436318 0.40913
0.444782 0.278426
0.454054 0.568592
0.464087 0.400074
0.474832 0.550552
0.486243 0.485382
0.498272 0.491745
0.510878 0.736077
0.524017 0.508783
0.537652 0.774562
0.551745 0.669664
0.566262 0.57952
0.581171 0.577277
0.596443 0.70228
0.612051 0.748901
0.627969 0.634996
0.644175 0.727573
0.660648 1.03838
0.677368 0.950004
0.694316 0.880658
0.711478 0.896822
0.728837 1.12139
0.413079 0.452418
0.41361 0.422725
0.415198 0.305607
0.417831 0.528944
0.421489 0.392615
0.426146 0.314651
0.431771 0.377018
0.438324 0.45694
0.445767 0.456912
0.454054 0.301888
0.463141 0.51706
0.472981 0.398063
0.483529 0.42841
0.494739 0.600658
0.506567 0.574177
0.518971 0.494197
0.53191 0.389164
0.545348 0.752468
0.559247 0.704863
0.573574 0.49331
0.588298 0.481095
0.603389 0.720591
0.618822 0.883408
0.634571 0.716046
0.650612 0.850529
0.666926 0.978737
0.683492 0.759517
0.700293 0.91153
0.717311 0.899549
0.734533 0.959062
0.424083 0.471348
0.4246 0.40528
0.426146 0.453013
0.428712 0.388928
0.432278 0.490934
0.436821 0.308845
0.442309 0.35836
0.448709 0.460947
0.455982 0.366568
0.464087 0.347444
0.472981 0.375804
0.482621 0.552646
0.492962 0.589857
0.503962 0.438411
0.515579 0.695775
0.527771 0.624721
0.5405 0.452292
0.553729 0.592583
0.567423 0.721437
0.581548 0.608474
0.596075 0.769212
0.610975 0.753278
0.626221 0.567154
0.641788 0.888779
0.657653 1.27784
0.673797 1.17847
0.690198 1.18767
0.706839 1.01526
0.723704 0.687993
0.740777 1.2151
0.435815 0.344245
0.436318 0.330508
0.437824 0.287948
0.440321 0.574508
0.443794 0.457823
0.44822 0.621785
0.453571 0.492392
0.459814 0.340142
0.466914 0.376679
0.474832 0.510637
0.483529 0.630272
0.492962 0.357952
0.503091 0.406096
0.513874 0.655763
0.525272 0.693581
0.537244 0.542479
0.549754 0.467509
0.562765 0.679086
0.576244 0.535289
0.590159 0.567405
0.604479 0.750564
0.619176 0.72623
0.634225 0.793397
0.6496 0.749898
0.66528 0.932491
0.681242 1.16315
0.697468 0.943984
0.71394 0.752974
0.730641 1.08414
0.747555 1.34694
0.44822 0.501725
0.448709 0.33701
0.450173 0.368068
0.452603 0.295424
0.455982 0.309516
0.460291 0.459127
0.465503 0.308993
0.471588 0.407168
0.478513 0.38493
0.486243 0.370607
0.494739 0.487732
0.503962 0.405305
0.513874 0.529489
0.524436 0.503371
0.535609 0.537768
0.547355 0.524088
0.559639 0.719969
0.572425 0.587868
0.585682 0.78566
0.599378 0.913344
0.613483 0.596115
0.627969 0.76171
0.642812 1.06841
0.657987 0.93303
0.673471 0.65121
0.689244 1.00384
0.705286 0.828516
0.721579 1.15652
0.738107 1.2695
0.754854 1.26336
0.461243 0.46729
0.461718 0.331259
0.463141 0.449202
0.465503 0.385777
0.468789 0.499642
0.472981 0.691652
0.478055 0.344744
0.483982 0.375227
0.490732 0.501882
0.498272 0.470005
0.506567 0.455897
0.515579 0.509697
0.525272 0.481028
0.535609 0.682043
0.546553 0.612898
0.558069 0.501443
0.570122 0.75541
0.582679 0.82402
0.595707 0.768545
0.609177 0.79963
0.623061 0.920663
0.63733 0.613366
0.651959 0.820764
0.666926 0.738527
0.682207 1.33613
0.697783 0.879649
0.713633 0.873813
0.72974 0.864827
0.746087 1.37026
0.762659 1.00371
0.474832 0.487675
0.475294 0.467018
0.476676 0.61651
0.478971 0.409156
0.482166 0.455413
0.486243 0.402962
0.491179 0.43782
0.49695 0.47768
0.503527 0.55125
0.510878 0.465468
0.518971 0.552933
0.527771 0.680444
0.537244 0.54107
0.547355 0.586604
0.558069 0.685868
0.569352 0.522674
0.581171 0.651785
0.593494 0.725324
0.60629 0.655478
0.61953 0.476409
0.633187 0.712892
0.647232 0.765707
0.661643 0.814374
0.676396 0.860779
0.691468 1.59536
0.706839 1.02997
0.72249 1.07384
0.738404 1.17877
0.754564 1.30405
0.770954 1.09711
0.488941 0.424382
0.48939 0.5564
0.490732 0.422449
0.492962 0.303215
0.496067 0.529103
0.50003 0.587245
0.504832 0.272122
0.510448 0.432862
0.516853 0.548579
0.524017 0.396277
0.53191 0.602919
0.5405 0.619459
0.549754 0.49586
0.559639 0.57141
0.570122 0.544307
0.581171 0.60951
0.592755 0.792844
0.604842 0.860761
0.617403 1.173
0.630409 0.774595
0.643835 1.12853
0.657653 0.972386
0.671841 0.8601
0.686374 1.12707
0.701232 0.947142
0.716393 0.88311
0.731841 1.37304
0.747555 1.25256
0.763521 1.0948
0.779723 0.937459
0.503527 0.65525
0.503962 0.500413
0.505266 0.758042
0.507432 0.404698
0.510448 0.461936
0.514301 0.685832
0.518971 0.290632
0.524436 0.66963
0.530672 0.472519
0.537652 0.490518
0.545348 0.576575
0.553729 0.660223
0.562765 0.626207
0.572425 0.728782
0.582679 0.571811
0.593494 0.759792
0.604842 0.698225
0.616692 0.628561
0.629016 0.800534
0.641788 1.08162
0.65498 0.817517
0.668568 1.00649
0.682529 0.920858
0.696839 0.836603
0.711478 0.832843
0.726426 1.06036
0.741664 1.34662
0.757175 1.18795
0.772942 0.974679
0.788951 1.71627
0.518548 0.735747
0.518971 0.378089
0.520237 0.539429
0.522341 0.376918
0.525272 0.628893
0.529016 0.618582
0.533557 0.486511
0.538874 0.697501
0.544945 0.584424
0.551745 0.646159
0.559247 0.734404
0.567423 0.820803
0.576244 0.638356
0.585682 0.678738
0.595707 0.705661
0.60629 0.88479
0.617403 0.98462
0.629016 0.600658
0.641104 0.856403
0.653639 0.94322
0.666597 0.964898
0.679953 0.967133
0.693684 0.875212
0.707769 0.817523
0.722187 0.978094
0.736918 1.1277
0.751943 1.56248
0.767246 1.32964
0.782811 1.36793
0.798621 1.02164
0.533968 0.522946
0.534379 0.506036
0.535609 0.538868
0.537652 0.655875
0.5405 0.533425
0.54414 0.485218
0.548556 0.64691
0.553729 0.773229
0.559639 0.68749
0.566262 0.71097
0.573574 0.803693
0.581548 0.63721
0.590159 0.79484
0.599378 0.840115
0.609177 0.917299
0.61953 0.71265
0.630409 0.824979
0.641788 0.764223
0.653639 1.04376
0.665939 0.840749
0.678662 1.12857
0.691785 0.827007
0.705286 0.736368
0.719143 0.902004
0.733337 0.987222
0.747849 1.24753
0.762659 1.3359
0.777751 1.29043
0.79311 1.24235
0.808719 1.19571
0.549754 0.553235
0.550153 0.662418
0.551347 0.688747
0.553333 0.457346
0.5561 0.554594
0.559639 0.58152
0.563933 0.502865
0.568967 0.646066
0.57472 0.543559
0.581171 0.556039
0.588298 0.584056
0.596075 0.778629
0.604479 0.802692
0.613483 0.51136
0.623061 0.778749
0.633187 0.820064
0.643835 0.682476
0.65498 0.958587
0.666597 0.657246
0.678662 0.823205
0.69115 1.21952
0.704041 0.738462
0.717311 0.721242
0.730941 0.923322
0.74491 1.02879
0.7592 1.24538
0.773793 0.747033
0.788673 1.50187
0.803822 0.8676
0.819227 1.27519
0.565874 0.536842
0.566262 0.527439
0.567423 0.41283
0.569352 0.810554
0.572042 0.852194
0.575482 0.509774
0.57966 0.890215
0.584558 0.507512
0.590159 0.719065
0.596443 0.65039
0.603389 0.761102
0.610975 0.791143
0.619176 0.994751
0.627969 0.765978
0.63733 0.858163
0.647232 0.975111
0.657653 0.970013
0.668568 0.705315
0.679953 0.9036
0.691785 0.756239
0.704041 0.711954
0.716699 1.12656
0.72974 0.754252
0.743141 0.784837
0.756886 1.13346
0.770954 1.00905
0.785328 0.959307
0.799993 0.937976
0.814932 1.46175
0.830131 0.882681
0.582302 0.596657
0.582679 0.715532
0.583807 0.616399
0.585682 0.895636
0.588298 0.546178
0.591643 0.762
0.595707 0.922597
0.600474 0.669743
0.605928 0.957076
0.612051 0.826456
0.618822 0.793528
0.626221 0.852304
0.634225 0.833912
0.642812 1.06315
0.651959 0.930489
0.661643 0.701896
0.671841 0.984999
0.682529 0.945856
0.693684 0.956002
0.705286 1.03109
0.717311 1.17121
0.72974 0.788715
0.742551 0.834789
0.755726 1.02887
0.769245 1.46486
0.783091 1.22018
0.797247 1.05307
0.811696 1.60648
0.826424 1.12203
0.841415 0.999183
0.599012 0.841459
0.599378 0.757495
0.600474 0.711872
0.602298 0.774975
0.604842 0.848835
0.608096 0.915217
0.612051 0.639689
0.616692 0.828031
0.622004 0.66582
0.627969 0.961135
0.634571 1.03891
0.641788 0.97503
0.6496 0.848267
0.657987 0.801691
0.666926 0.889634
0.676396 1.17732
0.686374 1.0904
0.696839 1.33055
0.707769 0.817107
0.719143 1.05654
0.730941 1.50215
0.743141 1.14767
0.755726 1.1802
0.768674 1.34898
0.78197 1.28106
0.795595 1.1926
0.809532 1.18334
0.823766 1.26943
0.838281 0.907884
0.853064 1.31514
0.61598 0.483383
0.616336 0.79208
0.617403 0.803263
0.619176 0.982952
0.621651 0.735624
0.624818 0.734142
0.628667 0.801993
0.633187 1.03778
0.638361 0.567353
0.644175 0.843419
0.650612 1.43666
0.657653 0.79519
0.66528 0.805884
0.673471 0.892405
0.682207 0.844158
0.691468 1.01243
0.701232 0.698953
0.711478 0.770778
0.722187 1.22224
0.733337 1.31092
0.74491 1.24879
0.756886 1.05455
0.769245 1.12183
0.78197 0.812554
0.795043 1.36721
0.808447 1.06374
0.822167 1.28414
0.836186 1.07723
0.850489 1.99409
0.865064 1.72588
0.633187 0.652543
0.633533 0.8558
0.634571 0.749669
0.636296 0.956531
0.638705 0.776117
0.641788 0.727514
0.645536 0.987322
0.649938 0.639465
0.65498 0.705916
0.660648 0.939773
0.666926 0.927417
0.673797 0.745834
0.681242 1.22442
0.689244 0.827059
0.697783 0.647207
0.706839 1.11531
0.716393 0.973412
0.726426 1.00207
0.736918 0.907584
0.747849 1.23398
0.7592 0.920132
0.770954 1.16374
0.783091 1.01896
0.795595 1.42398
0.808447 1.23184
0.821633 1.06727
0.835136 1.05572
0.848941 1.26784
0.863033 1.08713
0.877399 1.13269
0.650612 0.918367
0.650949 0.99041
0.651959 0.898944
0.653639 0.617882
0.655984 1.11027
0.658986 0.738412
0.662637 1.01843
0.666926 0.962727
0.671841 0.892074
0.677368 0.905374
0.683492 0.86964
0.690198 1.10185
0.697468 0.730254
0.705286 0.951903
0.713633 0.89579
0.72249 1.18826
0.731841 1.015
0.741664 0.841412
0.751943 1.31101
0.762659 0.892444
0.773793 1.07791
0.785328 1.31731
0.797247 1.32995
0.809532 0.935383
0.822167 1.40988
0.835136 1.2266
0.848424 1.06503
0.862016 1.01515
0.875898 1.43923
0.890056 1.15748
0.66824 0.934621
0.668568 0.991924
0.669552 1.09464
0.671187 0.708317
0.673471 0.62921
0.676396 1.03541
0.679953 0.842588
0.684133 0.831075
0.688925 0.599353
0.694316 0.682861
0.700293 0.893087
0.706839 0.851683
0.71394 0.873153
0.721579 0.974864
0.72974 0.890237
0.738404 1.19802
0.747555 1.43719
0.757175 1.27668
0.767246 0.993639
0.777751 1.09644
0.788673 1.17448
0.799993 1.02202
0.811696 1.07755
0.823766 0.878009
0.836186 1.08576
0.848941 1.20769
0.862016 0.951764
0.875397 1.18974
0.88907 1.26219
0.903022 1.00707
0.686054 0.634852
0.686374 0.986895
0.687332 0.916835
0.688925 0.832638
0.69115 0.90273
0.694001 0.761929
0.697468 0.811013
0.701544 0.940969
0.706218 0.884207
0.711478 0.997027
0.717311 0.928783
0.723704 0.989322
0.730641 0.95819
0.738107 1.0051
0.746087 1.42064
0.754564 0.905191
0.763521 1.0305
0.772942 1.29977
0.782811 1.76058
0.79311 1.05283
0.803822 1.1916
0.814932 0.919277
0.826424 0.897657
0.838281 1.27328
0.850489 0.963113
0.863033 1.24697
0.875898 1.13924
0.88907 1.31546
0.902536 1.02317
0.916283 1.31488
0.704041 1.04397
0.704352 0.966121
0.705286 1.1993
0.706839 1.04662
0.709008 1.06475
0.711786 0.821102
0.715168 1.09077
0.719143 0.972314
0.723704 1.33815
0.728837 0.983399
0.734533 0.878624
0.740777 0.798441
0.747555 1.11234
0.754854 1.29169
0.762659 0.881363
0.770954 1.16989
0.779723 0.841191
0.788951 0.890905
0.798621 1.15654
0.808719 1.03844
0.819227 1.10839
0.830131 0.933832
0.841415 1.07893
0.853064 0.881974
0.865064 0.871684
0.877399 0.739996
0.890056 1.216
0.903022 1.05763
0.916283 1.35766
0.929827 0.981157
0.376991 0.37851
0.377572 0.338447
0.379311 0.294759
0.382191 0.35874
0.386187 0.297344
0.391265 0.381951
0.397384 0.376568
0.404495 0.253653
0.412548 0.409267
0.421489 0.520513
0.431262 0.501446
0.441813 0.427638
0.453087 0.323185
0.465031 0.349987
0.477596 0.441739
0.490732 0.340534
0.504397 0.683885
0.518548 0.531802
0.533146 0.589595
0.548156 0.64312
0.563544 0.578907
0.579281 0.662619
0.595339 0.647789
0.611692 0.879497
0.628319 0.922283
0.645196 0.995542
0.662306 1.1043
0.67963 0.959416
0.697154 0.867201
0.714861 1.01136
0.377572 0.323338
0.378153 0.36815
0.379889 0.34862
0.382765 0.474658
0.386755 0.391697
0.391825 0.506513
0.397935 0.343703
0.405037 0.416123
0.413079 0.362135
0.422009 0.433469
0.431771 0.447184
0.442309 0.479949
0.453571 0.462811
0.465503 0.456926
0.478055 0.374008
0.491179 0.548234
0.504832 0.592451
0.518971 0.615773
0.533557 0.547431
0.548556 0.779394
0.563933 0.415906
0.57966 0.53122
0.595707 0.757721
0.612051 0.958074
0.628667 0.830644
0.645536 0.852483
0.662637 0.792712
0.679953 0.782953
0.697468 0.991109
0.715168 1.79669
0.379311 0.437895
0.379889 0.37057
0.381617 0.331199
0.38448 0.231547
0.388452 0.330233
0.393501 0.353319
0.399585 0.273432
0.406658 0.440666
0.414669 0.402879
0.423565 0.526757
0.433292 0.471894
0.443794 0.335319
0.455019 0.523047
0.466914 0.425769
0.479429 0.379681
0.492517 0.38332
0.506133 0.529072
0.520237 0.517256
0.534789 0.691604
0.549754 0.863624
0.565099 0.519457
0.580794 0.78337
0.596811 0.650335
0.613125 0.807854
0.629713 0.840848
0.646554 0.785759
0.663629 0.804427
0.68092 0.76914
0.698411 1.10256
0.716087 0.975293
0.382191 0.437732
0.382765 0.336363
0.38448 0.334527
0.387322 0.318976
0.391265 0.352999
0.396278 0.513066
0.40232 0.265098
0.409346 0.352941
0.417305 0.419728
0.426146 0.395158
0.435815 0.355746
0.446259 0.52457
0.457423 0.50764
0.469257 0.503359
0.481711 0.597271
0.494739 0.6716
0.508295 0.399228
0.522341 0.558576
0.536836 0.504416
0.551745 0.554962
0.567036 0.500618
0.582679 0.58502
0.598645 0.795649
0.614911 0.799539
0.631452 0.844702
0.648248 0.937558
0.66528 0.863323
0.682529 1.10223
0.699979 1.00025
0.717617 0.932694
0.386187 0.34384
0.386755 0.314787
0.388452 0.527078
0.391265 0.373635
0.39517 0.417452
0.400134 0.328883
0.406118 0.456713
0.413079 0.204355
0.420968 0.44514
0.429734 0.403678
0.439324 0.379644
0.449686 0.404398
0.460767 0.297494
0.472517 0.563483
0.484888 0.413492
0.497832 0.649072
0.511307 0.498263
0.525272 0.574025
0.539688 0.460641
0.554521 0.456493
0.569737 0.537136
0.585308 0.550591
0.601204 0.761008
0.617403 0.73628
0.633879 0.760295
0.650612 0.732018
0.667583 1.1573
0.684774 0.94963
0.702169 1.42034
0.719753 0.918972
0.391265 0.599878
0.391825 0.438555
0.393501 0.319678
0.396278 0.22243
0.400134 0.269982
0.405037 0.329168
0.41095 0.406828
0.417831 0.488204
0.425631 0.481395
0.434303 0.483731
0.443794 0.447715
0.454054 0.304308
0.465031 0.538029
0.476676 0.45725
0.488941 0.410619
0.501781 0.612584
0.515153 0.557393
0.529016 0.549771
0.543333 0.610037
0.558069 0.529714
0.573191 0.453659
0.58867 0.579601
0.604479 0.878885
0.620592 0.91282
0.636985 1.14462
0.653639 1.04649
0.670534 0.823536
0.687651 1.32537
0.704975 1.17792
0.72249 0.97195
0.397384 0.491819
0.397935 0.393042
0.399585 0.521202
0.40232 0.38605
0.406118 0.417316
0.41095 0.358157
0.416779 0.367901
0.423565 0.428134
0.431262 0.516608
0.439823 0.385519
0.449198 0.416188
0.459337 0.34402
0.470191 0.274554
0.481711 0.610035
0.493851 0.400641
0.506567 0.463338
0.519815 0.649677
0.533557 0.462515
0.547755 0.794891
0.562375 0.602763
0.577385 0.772334
0.592755 0.732946
0.608457 0.824463
0.624467 0.795301
0.640762 0.771651
0.65732 1.0098
0.674122 1.11565
0.69115 1.14516
0.708389 0.987849
0.725822 1.31744
0.404495 0.434813
0.405037 0.371887
0.406658 0.439951
0.409346 0.39054
0.413079 0.429224
0.417831 0.399398
0.423565 0.406983
0.430244 0.458356
0.437824 0.329995
0.446259 0.507459
0.455501 0.370484
0.465503 0.42184
0.476216 0.515641
0.487594 0.502319
0.499591 0.457008
0.512164 0.49293
0.525272 0.493426
0.538874 0.379153
0.552936 0.609231
0.567423 0.511143
0.582302 0.646818
0.597545 0.737034
0.613125 1.00236
0.629016 0.833849
0.645196 0.909757
0.661643 1.04001
0.678338 0.949633
0.695263 0.739221
0.712402 0.909246
0.72974 1.23797
0.412548 0.467627
0.413079 0.522604
0.414669 0.554669
0.417305 0.373897
0.420968 0.42468
0.425631 0.382023
0.431262 0.418104
0.437824 0.501509
0.445275 0.389105
0.453571 0.495783
0.462667 0.546203
0.472517 0.48108
0.483075 0.485407
0.494295 0.525192
0.506133 0.544264
0.518548 0.525797
0.531498 0.622736
0.544945 0.539936
0.558854 0.886225
0.573191 0.640392
0.587925 0.533276
0.603026 0.679017
0.618467 0.779283
0.634225 0.735482
0.650275 1.13954
0.666597 1.06474
0.683171 0.874462
0.699979 1.06714
0.717005 1.02121
0.734234 1.08197
0.421489 0.362362
0.422009 0.576258
0.423565 0.477564
0.426146 0.410421
0.429734 0.318841
0.434303 0.446081
0.439823 0.4609
0.446259 0.465166
0.453571 0.245518
0.461718 0.287671
0.470657 0.485474
0.480343 0.437641
0.490732 0.389082
0.501781 0.566302
0.513447 0.533502
0.525689 0.764786
0.538467 0.576111
0.551745 0.741767
0.565487 0.621678
0.57966 0.540551
0.594233 0.837619
0.609177 0.924363
0.624467 0.65319
0.640077 0.907394
0.655984 0.939881
0.672167 1.00124
0.688607 0.692071
0.705286 1.04829
0.722187 0.874014
0.739295 1.06227
0.431262 0.511218
0.431771 0.39274
0.433292 0.48691
0.435815 0.294913
0.439324 0.353074
0.443794 0.51429
0.449198 0.542108
0.455501 0.476684
0.462667 0.445663
0.470657 0.374648
0.479429 0.610049
0.488941 0.436178
0.499152 0.509037
0.510019 0.573576
0.5215 0.376893
0.533557 0.692239
0.546151 0.717397
0.559247 0.626206
0.572808 0.752128
0.586805 0.511616
0.601204 0.693306
0.61598 0.54815
0.631105 0.612832
0.646554 0.893331
0.662306 0.869403
0.678338 0.853952
0.694632 1.13719
0.71117 1.03519
0.727934 1.02048
0.74491 1.16938
0.441813 0.325315
0.442309 0.324392
0.443794 0.33442
0.446259 0.416478
0.449686 0.486584
0.454054 0.481835
0.459337 0.358797
0.465503 0.326569
0.472517 0.366077
0.480343 0.575787
0.488941 0.614327
0.498272 0.622586
0.508295 0.50308
0.518971 0.432967
0.530258 0.587444
0.542121 0.646656
0.554521 0.629053
0.567423 0.446315
0.580794 0.737151
0.594602 0.66358
0.608817 0.612703
0.623412 0.795323
0.638361 0.709879
0.653639 0.869708
0.669224 0.689095
0.685095 1.17512
0.701232 0.950909
0.717617 1.04175
0.734234 1.30884
0.751068 1.1925
0.453087 0.420857
0.453571 0.362118
0.455019 0.310663
0.457423 0.432454
0.460767 0.579309
0.465031 0.472459
0.470191 0.457112
0.476216 0.495416
0.483075 0.524489
0.490732 0.495384
0.499152 0.488292
0.508295 0.61467
0.518125 0.615877
0.528601 0.410995
0.539688 0.521758
0.551347 0.768847
0.563544 0.617752
0.576244 0.629331
0.589415 0.275344
0.603026 1.19746
0.617047 0.949229
0.631452 1.02783
0.646215 0.882411
0.661312 1.07024
0.67672 1.07141
0.692419 0.893059
0.708389 0.996958
0.724612 0.844051
0.741073 0.77152
0.757754 0.899656
0.465031 0.327279
0.465503 0.45138
0.466914 0.470004
0.469257 0.379174
0.472517 0.271958
0.476676 0.482176
0.481711 0.342387
0.487594 0.454379
0.494295 0.341315
0.501781 0.406086
0.510019 0.581259
0.518971 0.436299
0.528601 0.968752
0.538874 0.476484
0.549754 0.493135
0.561204 0.593919
0.573191 0.731945
0.585682 0.64865
0.598645 0.505334
0.612051 0.963115
0.62587 0.619729
0.640077 0.660176
0.654645 0.900936
0.669552 0.590827
0.684774 0.90148
0.700293 0.963144
0.716087 1.10917
0.73214 1.4727
0.748435 1.35989
0.764956 1.22342
0.477596 0.368465
0.478055 0.520859
0.479429 0.528685
0.481711 0.555618
0.484888 0.364188
0.488941 0.541723
0.493851 0.503759
0.499591 0.527368
0.506133 0.556183
0.513447 0.661022
0.5215 0.582118
0.530258 0.680973
0.539688 0.54432
0.549754 0.715151
0.560422 0.715054
0.571659 0.97543
0.583431 0.540893
0.595707 0.912486
0.608457 0.859459
0.621651 0.864703
0.635261 1.02393
0.649262 0.970583
0.663629 0.863478
0.678338 0.979977
0.693368 0.950045
0.708698 1.09527
0.72431 1.06867
0.740184 1.33948
0.756306 1.06623
0.772659 0.798402
0.490732 0.576202
0.491179 0.392781
0.492517 0.391531
0.494739 0.472512
0.497832 0.589578
0.501781 0.551571
0.506567 0.488408
0.512164 0.590306
0.518548 0.395261
0.525689 0.640348
0.533557 0.478138
0.542121 0.603063
0.551347 0.792761
0.561204 0.547162
0.571659 0.709692
0.582679 0.507791
0.594233 0.782903
0.60629 0.590558
0.618822 1.06523
0.6318 0.767668
0.645196 0.881804
0.658986 0.681242
0.673145 1.14503
0.687651 0.846307
0.702481 0.920323
0.717617 1.00003
0.733038 1.04351
0.748728 1.1676
0.764669 1.36677
0.780847 1.31467
0.504397 0.493266
0.504832 0.354115
0.506133 0.60114
0.508295 0.541171
0.511307 0.615981
0.515153 0.514938
0.519815 0.589639
0.525272 0.579622
0.531498 0.407274
0.538467 0.724488
0.546151 0.765322
0.554521 0.689557
0.563544 0.713845
0.573191 0.485545
0.583431 0.644875
0.594233 0.762702
0.605566 0.580906
0.617403 0.844349
0.629713 0.726453
0.642471 0.938334
0.655649 0.809713
0.669224 0.942545
0.683171 1.02094
0.697468 0.898335
0.712094 1.31319
0.72703 0.994226
0.742256 1.26483
0.757754 1.39384
0.77351 0.958697
0.789506 1.39521
0.518548 0.5354
0.518971 0.503036
0.520237 0.41682
0.522341 0.516147
0.525272 0.506041
0.529016 0.660963
0.533557 0.665795
0.538874 0.595394
0.544945 0.540515
0.551745 0.539522
0.559247 0.671355
0.567423 0.747676
0.576244 0.514691
0.585682 0.813526
0.595707 0.577614
0.60629 0.555258
0.617403 1.01776
0.629016 0.69019
0.641104 0.621468
0.653639 0.911498
0.666597 0.881758
0.679953 0.95399
0.693684 1.07826
0.707769 1.44851
0.722187 1.41463
0.736918 1.11478
0.751943 1.19528
0.767246 1.03313
0.782811 1.14803
0.798621 1.2136
0.533146 0.688488
0.533557 0.487109
0.534789 0.477801
0.536836 0.452564
0.539688 0.523896
0.543333 0.563715
0.547755 0.496002
0.552936 0.762376
0.558854 0.488355
0.565487 0.632827
0.572808 0.815599
0.580794 0.789175
0.589415 0.766643
0.598645 0.544589
0.608457 0.663286
0.618822 0.764314
0.629713 0.666208
0.641104 1.00004
0.652968 0.971382
0.66528 0.892166
0.678015 1.06774
0.69115 1.0735
0.704664 1.32962
0.718533 0.927067
0.732739 1.10868
0.747262 1.06572
0.762084 0.762288
0.777187 1.28808
0.792556 0.911765
0.808176 1.1723
0.548156 0.480472
0.548556 0.549063
0.549754 0.609755
0.551745 0.637979
0.554521 0.477504
0.558069 0.374826
0.562375 0.604251
0.567423 0.698912
0.573191 0.654181
0.57966 0.908126
0.586805 0.640377
0.594602 0.769741
0.603026 0.673569
0.612051 0.775337
0.621651 0.739505
0.6318 1.09929
0.642471 1.38562
0.653639 0.676956
0.66528 0.777421
0.677368 0.870409
0.68988 0.90494
0.702794 0.826533
0.716087 1.1572
0.72974 1.0976
0.743731 0.883794
0.758044 1.2496
0.772659 0.948674
0.787559 1.25057
0.80273 1.21731
0.818156 1.55669
0.563544 0.434712
0.563933 0.60371
0.565099 0.590247
0.567036 0.59328
0.569737 0.562541
0.573191 0.768491
0.577385 0.562845
0.582302 0.831939
0.587925 0.844371
0.594233 0.489742
0.601204 0.910286
0.608817 0.894556
0.617047 0.580135
0.62587 0.881758
0.635261 0.837511
0.645196 0.862293
0.655649 0.969711
0.666597 0.836202
0.678015 0.863439
0.68988 1.03526
0.702169 0.844936
0.714861 0.811784
0.727934 0.838989
0.741369 1.38929
0.755145 1.25342
0.769245 1.24323
0.783651 1.12176
0.798346 0.95673
0.813316 1.0592
0.828544 0.976306
0.579281 0.556208
0.57966 0.740742
0.580794 0.450013
0.582679 0.565197
0.585308 0.477204
0.58867 0.630794
0.592755 0.590886
0.597545 0.710586
0.603026 0.73544
0.609177 0.660858
0.61598 0.919818
0.623412 0.653925
0.631452 0.827774
0.640077 0.896881
0.649262 1.09252
0.658986 0.767625
0.669224 0.843132
0.679953 1.10762
0.69115 0.900461
0.702794 0.916647
0.714861 0.876458
0.727331 0.919568
0.740184 1.06234
0.7534 1.00853
0.766961 1.55487
0.780847 1.1171
0.795043 1.37224
0.809532 1.1088
0.824298 0.998042
0.839327 1.10429
0.595339 0.595935
0.595707 0.608753
0.596811 0.600893
0.598645 0.663327
0.601204 0.765233
0.604479 1.12703
0.608457 0.881286
0.613125 0.874286
0.618467 0.583704
0.624467 0.579703
0.631105 0.964078
0.638361 0.795448
0.646215 0.629239
0.654645 0.93549
0.663629 0.68627
0.673145 0.871084
0.683171 0.940473
0.693684 0.73066
0.704664 0.880347
0.716087 0.761482
0.727934 1.27406
0.740184 1.08352
0.752818 1.134
0.765816 1.063
0.77916 1.08863
0.792833 0.866598
0.806818 0.961288
0.821099 1.05836
0.835661 1.05284
0.850489 1.21018
0.611692 0.591579
0.612051 0.556926
0.613125 0.622088
0.614911 0.646254
0.617403 0.884327
0.620592 1.02855
0.624467 0.834608
0.629016 0.678529
0.634225 0.736181
0.640077 1.03127
0.646554 0.69048
0.653639 0.733724
0.661312 1.24141
0.669552 0.849934
0.678338 1.29508
0.687651 0.688056
0.697468 0.917212
0.707769 0.807868
0.718533 1.04072
0.72974 1.10116
0.741369 1.22299
0.7534 1.06509
0.765816 1.0621
0.778597 1.02716
0.791726 1.14178
0.805185 1.30206
0.818959 1.30975
0.833032 1.03673
0.847389 1.0802
0.862016 1.08312
0.628319 0.94413
0.628667 0.940784
0.629713 0.672943
0.631452 0.503584
0.633879 0.642418
0.636985 0.760005
0.640762 0.772695
0.645196 1.01073
0.650275 0.873574
0.655984 0.850898
0.662306 0.803913
0.669224 1.1152
0.67672 1.21443
0.684774 1.0397
0.693368 0.753813
0.702481 1.03401
0.712094 1.04195
0.722187 1.43302
0.732739 1.28294
0.743731 0.944523
0.755145 1.17467
0.766961 0.776787
0.77916 1.06759
0.791726 1.22181
0.80464 0.75975
0.817887 1.19201
0.831451 1.77433
0.845316 0.985772
0.859468 1.3969
0.873892 1.58608
0.645196 0.921508
0.645536 0.900979
0.646554 0.913738
0.648248 0.862184
0.650612 0.930861
0.653639 0.850259
0.65732 0.724247
0.661643 0.719663
0.666597 0.995097
0.672167 1.10984
0.678338 0.888181
0.685095 1.01256
0.692419 1.03191
0.700293 0.928159
0.708698 0.860707
0.717617 1.18628
0.72703 1.12134
0.736918 1.1646
0.747262 1.13252
0.758044 1.19498
0.769245 1.31045
0.780847 1.15984
0.792833 1.18075
0.805185 1.00766
0.817887 1.18286
0.830923 1.44197
0.844278 0.742173
0.857935 1.60303
0.871882 1.50113
0.886105 0.94286
0.662306 1.07689
0.662637 0.835059
0.663629 0.994332
0.66528 0.670733
0.667583 0.884333
0.670534 0.930761
0.674122 0.880455
0.678338 1.09344
0.683171 1.1507
0.688607 0.771087
0.694632 0.951542
0.701232 0.94967
0.708389 1.23357
0.716087 0.929652
0.72431 1.11114
0.733038 1.07671
0.742256 0.942204
0.751943 0.961144
0.762084 1.23136
0.772659 0.829172
0.783651 1.20778
0.795043 0.969385
0.806818 1.09176
0.818959 1.15188
0.831451 1.15519
0.844278 1.00968
0.857424 1.56231
0.870876 0.97495
0.884619 1.04115
0.89864 1.18803
0.67963 1.11284
0.679953 0.610661
0.68092 1.19662
0.682529 0.976925
0.684774 0.874318
0.687651 1.21753
0.69115 1.00698
0.695263 1.09618
0.699979 0.760696
0.705286 1.14141
0.71117 0.924759
0.717617 0.986561
0.724612 1.03566
0.73214 1.07113
0.740184 1.04861
0.748728 1.04804
0.757754 0.804317
0.767246 1.40013
0.777187 1.3884
0.787559 0.946746
0.798346 1.14674
0.809532 1.21259
0.821099 0.953645
0.833032 1.08331
0.845316 1.21767
0.857935 1.18732
0.870876 1.49475
0.884123 1.65427
0.897663 1.43769
0.911483 1.13744
0.697154 0.714364
0.697468 0.846082
0.698411 1.17606
0.699979 0.807092
0.702169 1.38726
0.704975 1.1625
0.708389 1.04398
0.712402 0.881417
0.717005 0.880817
0.722187 0.753992
0.727934 1.01189
0.734234 1.22655
0.741073 1.05761
0.748435 0.9685
0.756306 1.65947
0.764669 1.51662
0.77351 0.999082
0.782811 1.16736
0.792556 1.2015
0.80273 1.14859
0.813316 1.40207
0.824298 1.24276
0.835661 1.41706
0.847389 1.48738
0.859468 1.5125
0.871882 0.883403
0.884619 1.06763
0.897663 1.21376
0.911002 1.37007
0.924623 1.2612
0.714861 0.959373
0.715168 1.0358
0.716087 1.14098
0.717617 1.10964
0.719753 1.20978
0.72249 1.00353
0.725822 0.949586
0.72974 1.10779
0.734234 1.2438
0.739295 1.00452
0.74491 0.890608
0.751068 1.29655
0.757754 1.01195
0.764956 1.01773
0.772659 1.63418
0.780847 1.1249
0.789506 0.911545
0.798621 1.14734
0.808176 1.04803
0.818156 1.22421
0.828544 1.10275
0.839327 1.19105
0.850489 1.49368
0.862016 1.23889
0.873892 1.14162
0.886105 1.21868
0.89864 1.1497
0.911483 1.0961
0.924623 0.967146
0.938046 1.56801
0.397935 0.466024
0.398486 0.294823
0.400134 0.330572
0.402865 0.366345
0.406658 0.390424
0.411483 0.32093
0.417305 0.342481
0.424083 0.432157
0.431771 0.392597
0.440321 0.408392
0.449686 0.345428
0.459814 0.60777
0.470657 0.361287
0.482166 0.74528
0.494295 0.498478
0.506999 0.524293
0.520237 0.492491
0.533968 0.625761
0.548156 0.700214
0.562765 0.639362
0.577765 0.757338
0.593124 0.502457
0.608817 0.581212
0.624818 1.0527
0.641104 0.665113
0.657653 1.01354
0.674447 0.881113
0.691468 0.998655
0.708698 1.21987
0.726124 0.927337
0.398486 0.312943
0.399036 0.412647
0.400681 0.333105
0.403409 0.31166
0.407197 0.48811
0.412016 0.407634
0.417831 0.405469
0.4246 0.502726
0.432278 0.476127
0.440819 0.384058
0.450173 0.427059
0.460291 0.410472
0.471123 0.543376
0.482621 0.497006
0.494739 0.428689
0.507432 0.385268
0.520658 0.665707
0.534379 0.592058
0.548556 0.61581
0.563155 0.528418
0.578144 0.751111
0.593494 0.785083
0.609177 0.923293
0.625169 0.768325
0.641446 0.948335
0.657987 0.7988
0.674772 1.00733
0.691785 0.806386
0.709008 1.15815
0.726426 0.918322
0.400134 0.360503
0.400681 0.372233
0.40232 0.468599
0.405037 0.289513
0.40881 0.456181
0.41361 0.677116
0.419402 0.257273
0.426146 0.411344
0.433798 0.583196
0.442309 0.619786
0.451632 0.440074
0.461718 0.480725
0.472517 0.406073
0.483982 0.530599
0.496067 0.448353
0.508727 0.49099
0.521921 0.652384
0.535609 0.543057
0.549754 0.934424
0.564322 0.875774
0.579281 0.709484
0.594602 0.872062
0.610257 0.629132
0.626221 0.787579
0.642471 1.03141
0.658986 0.975156
0.675747 0.827532
0.692735 0.898011
0.709935 0.903252
0.727331 1.24182
0.402865 0.356484
0.403409 0.425138
0.405037 0.470014
0.407735 0.341466
0.411483 0.484012
0.416253 0.309565
0.422009 0.376163
0.428712 0.364406
0.436318 0.391093
0.444782 0.356244
0.454054 0.363254
0.464087 0.310122
0.474832 0.436674
0.486243 0.412599
0.498272 0.455719
0.510878 0.533147
0.524017 0.4033
0.537652 0.64696
0.551745 0.575833
0.566262 0.808662
0.581171 0.621516
0.596443 0.933629
0.612051 0.86438
0.627969 0.562512
0.644175 1.03579
0.660648 1.20283
0.677368 0.678482
0.694316 1.10156
0.711478 0.847611
0.728837 1.09424
0.406658 0.443429
0.407197 0.357098
0.40881 0.319333
0.411483 0.376058
0.415198 0.373738
0.419925 0.351355
0.425631 0.550288
0.432278 0.343567
0.439823 0.498639
0.44822 0.4221
0.457423 0.4965
0.467383 0.471393
0.478055 0.441983
0.48939 0.506364
0.501344 0.5537
0.513874 0.462226
0.526939 0.476995
0.5405 0.549868
0.554521 0.704794
0.568967 0.652144
0.583807 1.11429
0.599012 0.576276
0.614554 0.730935
0.630409 0.717847
0.646554 1.08412
0.662968 0.954935
0.67963 0.853607
0.696524 0.810509
0.713633 1.21961
0.730941 1.0552
0.411483 0.625092
0.412016 0.516354
0.41361 0.437227
0.416253 0.349844
0.419925 0.55104
0.4246 0.490185
0.430244 0.644308
0.436821 0.510616
0.444288 0.417687
0.452603 0.351216
0.461718 0.352823
0.471588 0.481327
0.482166 0.50579
0.493407 0.618794
0.505266 0.417894
0.517701 0.629999
0.530672 0.625506
0.54414 0.528285
0.558069 0.617143
0.572425 0.809761
0.587178 0.642196
0.602298 0.75893
0.617758 0.728532
0.633533 0.714908
0.6496 1.00785
0.665939 1.07178
0.682529 0.849264
0.699352 1.13759
0.716393 0.671643
0.733636 1.10467
0.417305 0.332678
0.417831 0.446763
0.419402 0.395019
0.422009 0.481715
0.425631 0.381864
0.430244 0.458212
0.435815 0.301197
0.442309 0.397206
0.449686 0.500272
0.457902 0.453425
0.466914 0.421997
0.476676 0.42258
0.487144 0.381913
0.498272 0.474388
0.510019 0.57332
0.522341 0.483565
0.535199 0.54512
0.548556 0.75472
0.562375 0.791
0.576625 0.680374
0.591273 0.620271
0.60629 0.771315
0.621651 0.618972
0.63733 0.736887
0.653304 0.714076
0.669552 0.668072
0.686054 1.45492
0.702794 0.914105
0.719753 0.918951
0.736918 1.57868
0.424083 0.287213
0.4246 0.482812
0.426146 0.379977
0.428712 0.393593
0.432278 0.418969
0.436821 0.417819
0.442309 0.392274
0.448709 0.410672
0.455982 0.35075
0.464087 0.542621
0.472981 0.333463
0.482621 0.629318
0.492962 0.503838
0.503962 0.385073
0.515579 0.681685
0.527771 0.608601
0.5405 0.468919
0.553729 0.518387
0.567423 0.444413
0.581548 0.656945
0.596075 0.749245
0.610975 0.702481
0.626221 0.556651
0.641788 0.833791
0.657653 0.940235
0.673797 0.741545
0.690198 0.972679
0.706839 1.1363
0.723704 0.887881
0.740777 0.947899
0.431771 0.299757
0.432278 0.314513
0.433798 0.388832
0.436318 0.526164
0.439823 0.338027
0.444288 0.528451
0.449686 0.348406
0.455982 0.346104
0.463141 0.519044
0.471123 0.577616
0.479886 0.413782
0.48939 0.506348
0.499591 0.489307
0.510448 0.478231
0.521921 0.472374
0.533968 0.490699
0.546553 0.535793
0.559639 0.88233
0.573191 0.451726
0.587178 0.822904
0.601569 0.808932
0.616336 0.755671
0.631452 0.912415
0.646894 0.951794
0.662637 0.839423
0.678662 0.87044
0.694948 1.20105
0.711478 1.1711
0.728235 1.01482
0.745204 0.864567
0.440321 0.37479
0.440819 0.437153
0.442309 0.320654
0.444782 0.324569
0.44822 0.479345
0.452603 0.439252
0.457902 0.540097
0.464087 0.39433
0.471123 0.594853
0.478971 0.500374
0.487594 0.605315
0.49695 0.575421
0.506999 0.463792
0.517701 0.29265
0.529016 0.457106
0.540906 0.608557
0.553333 0.561097
0.566262 0.877857
0.57966 0.514459
0.593494 1.02351
0.607736 0.644919
0.622356 0.9504
0.63733 0.947684
0.652632 0.863064
0.66824 0.993492
0.684133 0.818623
0.700293 1.31139
0.716699 0.794932
0.733337 1.1617
0.750191 1.17104
0.449686 0.281113
0.450173 0.336726
0.451632 0.470205
0.454054 0.477287
0.457423 0.370765
0.461718 0.466177
0.466914 0.460744
0.472981 0.655456
0.479886 0.365777
0.487594 0.435331
0.496067 0.389253
0.505266 0.583233
0.515153 0.578738
0.525689 0.548479
0.536836 0.541819
0.548556 0.677114
0.560813 0.564562
0.573574 0.612145
0.586805 0.811124
0.600474 0.709884
0.614554 0.863937
0.629016 0.834365
0.643835 0.747871
0.658986 0.754091
0.674447 1.24346
0.690198 0.977265
0.706218 1.2797
0.72249 1.50991
0.738998 1.56671
0.755726 1.14636
0.459814 0.423845
0.460291 0.460459
0.461718 0.377518
0.464087 0.509108
0.467383 0.374253
0.471588 0.290764
0.476676 0.408584
0.482621 0.429921
0.48939 0.553068
0.49695 0.413571
0.505266 0.433686
0.514301 0.509415
0.524017 0.409713
0.534379 0.78645
0.545348 0.771755
0.556889 0.481742
0.568967 0.668373
0.581548 0.760912
0.594602 0.928622
0.608096 0.852987
0.622004 0.794583
0.636296 0.810129
0.650949 0.784388
0.665939 0.992173
0.681242 0.938421
0.696839 0.718179
0.71271 0.8315
0.728837 1.16242
0.745204 1.2833
0.761796 1.05886
0.470657 0.498225
0.471123 0.460266
0.472517 0.385208
0.474832 0.539017
0.478055 0.474825
0.482166 0.481594
0.487144 0.54092
0.492962 0.458857
0.499591 0.552101
0.506999 0.586488
0.515153 0.351334
0.524017 0.726302
0.533557 0.536363
0.543737 0.509554
0.554521 0.654596
0.565874 0.570743
0.577765 0.602487
0.590159 0.569552
0.603026 0.826384
0.616336 0.898544
0.630061 0.665232
0.644175 0.918428
0.658653 0.823485
0.673471 0.979634
0.688607 0.811206
0.704041 1.00439
0.719753 1.04415
0.735726 0.902436
0.751943 1.22709
0.768389 1.20554
0.482166 0.57355
0.482621 0.401744
0.483982 0.398906
0.486243 0.667759
0.48939 0.488157
0.493407 0.483277
0.498272 0.465015
0.503962 0.53679
0.510448 0.427706
0.517701 0.487571
0.525689 0.466094
0.534379 0.606536
0.543737 0.560438
0.553729 0.597163
0.564322 0.433233
0.575482 0.744342
0.587178 0.612768
0.599378 0.766571
0.612051 0.676561
0.625169 0.886185
0.638705 0.868323
0.652632 1.09267
0.666926 1.24101
0.681564 0.828511
0.696524 0.724816
0.711786 1.01866
0.727331 0.994212
0.743141 1.00316
0.7592 0.918282
0.775492 1.10896
0.494295 0.595239
0.494739 0.490477
0.496067 0.414056
0.498272 0.457068
0.501344 0.367482
0.505266 0.445306
0.510019 0.598646
0.515579 0.430799
0.521921 0.694821
0.529016 0.623918
0.536836 0.791176
0.545348 0.485628
0.554521 0.606256
0.564322 0.792592
0.57472 0.611133
0.585682 0.786878
0.597178 0.545649
0.609177 0.642315
0.621651 0.604405
0.634571 1.02068
0.64791 0.898509
0.661643 0.579748
0.675747 0.997437
0.690198 1.17148
0.704975 0.862201
0.720058 0.909298
0.735428 0.920063
0.751068 1.27091
0.766961 0.965907
0.783091 1.28305
0.506999 0.477998
0.507432 0.271047
0.508727 0.43726
0.510878 0.433093
0.513874 0.42991
0.517701 0.469646
0.522341 0.627546
0.527771 0.4562
0.533968 0.902381
0.540906 0.680205
0.548556 0.773505
0.556889 0.567694
0.565874 0.604107
0.575482 0.697548
0.585682 0.654485
0.596443 0.760788
0.607736 0.835648
0.61953 1.04178
0.6318 0.927306
0.644516 0.937551
0.657653 1.0266
0.671187 0.798821
0.685095 1.07105
0.699352 1.17531
0.71394 0.717058
0.728837 0.975206
0.744026 1.45013
0.759489 1.42007
0.775209 1.04696
0.791171 1.35401
0.520237 0.34074
0.520658 0.417886
0.521921 0.600107
0.524017 0.496607
0.526939 0.57738
0.530672 0.630143
0.535199 0.664789
0.5405 0.592638
0.546553 0.45171
0.553333 0.55256
0.560813 0.522349
0.568967 0.860267
0.577765 0.686192
0.587178 0.672744
0.597178 0.694547
0.607736 0.800124
0.618822 0.832634
0.630409 0.67471
0.642471 1.00955
0.65498 0.902679
0.667912 1.01569
0.681242 0.99151
0.694948 0.619545
0.709008 0.800804
0.723401 0.890391
0.738107 0.868462
0.753109 1.4904
0.768389 0.998692
0.783931 1.00427
0.799719 1.25793
0.533968 0.417016
0.534379 0.421055
0.535609 0.708462
0.537652 0.49582
0.5405 0.536243
0.54414 0.575955
0.548556 0.537507
0.553729 0.583379
0.559639 0.698805
0.566262 0.6346
0.573574 0.634075
0.581548 0.552232
0.590159 0.549386
0.599378 1.05225
0.609177 0.651128
0.61953 0.666502
0.630409 0.981041
0.641788 0.838612
0.653639 0.742457
0.665939 0.831082
0.678662 1.06157
0.691785 1.10716
0.705286 1.44816
0.719143 1.07861
0.733337 1.05201
0.747849 1.15838
0.762659 0.865589
0.777751 0.970363
0.79311 1.45744
0.808719 1.50005
0.548156 0.559967
0.548556 0.533078
0.549754 0.535138
0.551745 0.536294
0.554521 0.556946
0.558069 0.502919
0.562375 0.612
0.567423 0.673266
0.573191 0.59011
0.57966 0.843922
0.586805 0.387892
0.594602 0.706033
0.603026 0.373353
0.612051 0.828366
0.621651 0.768239
0.6318 0.875182
0.642471 0.65863
0.653639 0.739562
0.66528 0.933838
0.677368 0.859693
0.68988 0.861718
0.702794 0.993238
0.716087 0.955374
0.72974 1.16624
0.743731 0.841116
0.758044 1.13832
0.772659 1.10127
0.787559 1.64089
0.80273 1.33367
0.818156 1.5099
0.562765 0.615558
0.563155 0.532005
0.564322 0.56826
0.566262 0.520967
0.568967 0.684811
0.572425 0.783858
0.576625 0.605142
0.581548 0.873776
0.587178 0.902771
0.593494 0.728649
0.600474 0.667284
0.608096 0.603862
0.616336 0.74308
0.625169 0.848145
0.634571 0.805414
0.644516 0.882571
0.65498 1.08327
0.665939 0.902013
0.677368 0.836499
0.689244 0.75967
0.701544 1.0084
0.714247 1.00204
0.727331 0.69229
0.740777 1.20381
0.754564 1.0656
0.768674 1.42671
0.783091 0.609514
0.797797 1.20076
0.812776 1.25573
0.828015 1.23614
0.577765 0.603403
0.578144 0.503771
0.579281 0.990585
0.581171 0.656737
0.583807 0.658722
0.587178 0.770894
0.591273 0.613332
0.596075 0.930173
0.601569 0.46212
0.607736 0.895332
0.614554 0.60441
0.622004 0.548596
0.630061 0.985826
0.638705 0.663136
0.64791 0.874536
0.657653 0.690132
0.667912 0.85974
0.678662 1.16842
0.68988 0.882455
0.701544 0.979505
0.713633 0.665481
0.726124 1.25869
0.738998 1.00909
0.752235 1.37516
0.765816 1.12264
0.779723 0.96136
0.793939 1.41246
0.808447 0.806043
0.823233 1.58198
0.838281 0.988046
0.593124 0.917107
0.593494 0.794568
0.594602 0.937605
0.596443 1.00317
0.599012 0.634975
0.602298 0.813961
0.60629 0.553181
0.610975 0.709021
0.616336 0.59554
0.622356 0.902669
0.629016 0.836417
0.636296 0.755808
0.644175 0.782394
0.652632 0.847371
0.661643 0.790584
0.671187 0.820005
0.681242 0.804012
0.691785 0.861659
0.702794 1.07377
0.714247 0.938537
0.726124 1.06375
0.738404 0.888763
0.751068 1.25833
0.764095 0.88109
0.777469 1.255
0.791171 1.39182
0.805185 0.866354
0.819495 0.985268
0.834085 1.22621
0.848941 1.22326
0.608817 0.706005
0.609177 0.785056
0.610257 0.901672
0.612051 0.80105
0.614554 0.841683
0.617758 0.758829
0.621651 0.721075
0.626221 0.67356
0.631452 0.808464
0.63733 0.607881
0.643835 1.28462
0.650949 1.1202
0.658653 0.654154
0.666926 0.870681
0.675747 0.707609
0.685095 0.855429
0.694948 0.914817
0.705286 0.885601
0.716087 0.800534
0.727331 0.973527
0.738998 1.07508
0.751068 1.5303
0.763521 1.18632
0.77634 1.17646
0.789506 1.33274
0.803003 1.42443
0.816814 1.18648
0.830923 0.869085
0.845316 1.20885
0.859978 1.32631
0.624818 0.840407
0.625169 0.745911
0.626221 0.765425
0.627969 1.07176
0.630409 0.717901
0.633533 0.751905
0.63733 0.56438
0.641788 1.07614
0.646894 0.951988
0.652632 0.660288
0.658986 0.676121
0.665939 0.856591
0.673471 0.786152
0.681564 0.860843
0.690198 0.88036
0.699352 0.874187
0.709008 1.08881
0.719143 0.803552
0.72974 0.929604
0.740777 0.849702
0.752235 1.20097
0.764095 1.1593
0.77634 1.09743
0.788951 1.49552
0.80191 0.636197
0.815201 0.996494
0.828809 0.948719
0.842718 1.11716
0.856912 1.26214
0.871379 0.962966
0.641104 0.87535
0.641446 0.691321
0.642471 0.655827
0.644175 1.02001
0.646554 0.919583
0.6496 0.852228
0.653304 0.927316
0.657653 0.823539
0.662637 0.931393
0.66824 0.928736
0.674447 1.07756
0.681242 0.488987
0.688607 0.774727
0.696524 0.67786
0.704975 1.16612
0.71394 0.880892
0.723401 0.852093
0.733337 1.14129
0.743731 0.932629
0.754564 1.23327
0.765816 0.745994
0.777469 1.00497
0.789506 0.74526
0.80191 1.2821
0.814663 1.48203
0.82775 1.35345
0.841155 0.90998
0.854862 1.27453
0.868858 1.0586
0.88313 1.22972
0.657653 0.651196
0.657987 0.72163
0.658986 0.89595
0.660648 0.763699
0.662968 0.509855
0.665939 0.8326
0.669552 1.01855
0.673797 1.07368
0.678662 0.989191
0.684133 0.653567
0.690198 1.11186
0.696839 0.986451
0.704041 0.963965
0.711786 0.940647
0.720058 1.34596
0.728837 1.28292
0.738107 1.12676
0.747849 1.32294
0.758044 1.30697
0.768674 0.956135
0.779723 1.02359
0.791171 0.942319
0.803003 1.35404
0.815201 0.954719
0.82775 1.36505
0.840633 1.15429
0.853835 0.94314
0.867343 1.35006
0.881141 0.967509
0.895216 0.926466
0.674447 1.09502
0.674772 0.687853
0.675747 0.91275
0.677368 0.875575
0.67963 1.03004
0.682529 0.688892
0.686054 1.03248
0.690198 1.30519
0.694948 0.870034
0.700293 1.01542
0.706218 0.992513
0.71271 0.706811
0.719753 0.853476
0.727331 0.997563
0.735428 1.0241
0.744026 0.899883
0.753109 1.09959
0.762659 1.03429
0.772659 1.50758
0.783091 1.09404
0.793939 1.24089
0.805185 1.33145
0.816814 1.23839
0.828809 1.40615
0.841155 0.992669
0.853835 1.30494
0.866837 1.35941
0.880144 1.10553
0.893745 0.833033
0.907625 1.22399
0.691468 1.06862
0.691785 0.644859
0.692735 0.78226
0.694316 1.29996
0.696524 1.1254
0.699352 0.908249
0.702794 1.12341
0.706839 0.96276
0.711478 0.745042
0.716699 0.910007
0.72249 1.08018
0.728837 1.02534
0.735726 0.87699
0.743141 0.984955
0.751068 0.734367
0.759489 0.775468
0.768389 1.01718
0.777751 1.18201
0.787559 1.05532
0.797797 1.26336
0.808447 1.22751
0.819495 1.17002
0.830923 1.08218
0.842718 0.83236
0.854862 1.44054
0.867343 1.49311
0.880144 1.57296
0.893254 0.589267
0.906658 1.22851
0.920343 1.29
0.708698 1.19572
0.709008 0.879675
0.709935 0.878137
0.711478 0.916879
0.713633 0.828849
0.716393 0.911306
0.719753 1.1954
0.723704 1.46325
0.728235 1.13276
0.733337 0.914242
0.738998 1.04377
0.745204 1.26144
0.751943 0.922915
0.7592 1.30145
0.766961 1.24515
0.775209 1.31261
0.783931 1.47772
0.79311 0.892427
0.80273 1.27516
0.812776 1.20309
0.823233 1.32687
0.834085 0.887454
0.845316 1.27365
0.856912 1.04481
0.868858 1.20502
0.881141 1.0394
0.893745 1.13599
0.906658 1.13933
0.919866 0.791198
0.933358 1.18227
0.726124 1.33664
0.726426 1.08135
0.727331 1.19116
0.728837 1.20263
0.730941 1.17474
0.733636 0.963376
0.736918 1.28092
0.740777 1.19186
0.745204 1.00156
0.750191 1.00022
0.755726 1.02335
0.761796 0.937947
0.768389 0.901507
0.775492 1.06974
0.783091 1.04063
0.791171 1.27447
0.799719 1.08523
0.808719 1.17665
0.818156 1.0413
0.828015 1.33832
0.838281 1.20281
0.848941 1.46221
0.859978 0.983804
0.871379 1.05939
0.88313 1.05963
0.895216 1.20047
0.907625 1.10446
0.920343 1.37797
0.933358 0.946544
0.946657 0.893509
0.418879 0.480952
0.419402 0.372691
0.420968 0.385041
0.423565 0.297913
0.427174 0.379405
0.431771 0.30616
0.437323 0.400718
0.443794 0.321983
0.451147 0.365601
0.459337 0.465994
0.468321 0.455051
0.478055 0.465829
0.488493 0.435164
0.499591 0.337149
0.511307 0.389135
0.523599 0.600073
0.536427 0.652007
0.549754 0.557443
0.563544 0.780079
0.577765 0.566474
0.592384 0.649007
0.607375 1.00202
0.622708 0.768565
0.638361 0.760635
0.65431 0.832174
0.670534 0.978509
0.687013 1.13775
0.703729 0.895596
0.720667 0.918782
0.73781 0.906256
0.419402 0.533121
0.419925 0.386098
0.421489 0.341803
0.424083 0.346473
0.427688 0.411272
0.432278 0.464775
0.437824 0.431447
0.444288 0.360459
0.451632 0.448452
0.459814 0.343807
0.468789 0.525892
0.478513 0.536435
0.488941 0.524419
0.50003 0.56521
0.511736 0.393351
0.524017 0.573908
0.536836 0.713459
0.550153 0.697794
0.563933 0.732078
0.578144 0.611427
0.592755 0.830301
0.607736 0.613018
0.623061 0.704098
0.638705 0.73671
0.654645 0.999834
0.670861 1.16144
0.687332 1.22095
0.704041 0.778432
0.720971 0.787514
0.738107 0.992037
0.420968 0.297857
0.421489 0.465492
0.423047 0.478061
0.425631 0.396403
0.429223 0.52775
0.433798 0.584135
0.439324 0.446527
0.445767 0.446312
0.453087 0.325723
0.461243 0.633003
0.470191 0.32173
0.479886 0.467045
0.490285 0.470286
0.501344 0.545655
0.51302 0.553881
0.525272 0.494729
0.53806 0.612632
0.551347 0.457117
0.565099 0.683363
0.579281 0.717851
0.593864 0.779556
0.608817 0.784021
0.624116 0.706427
0.639734 0.719035
0.655649 1.09905
0.671841 0.89782
0.688288 0.752573
0.704975 1.1192
0.721883 1.0574
0.738998 1.28172
0.423565 0.37394
0.424083 0.377918
0.425631 0.31786
0.4282 0.407005
0.431771 0.337634
0.436318 0.46509
0.441813 0.47226
0.44822 0.489812
0.455501 0.402882
0.463614 0.449149
0.472517 0.618777
0.482166 0.455327
0.492517 0.369474
0.503527 0.337881
0.515153 0.434171
0.527355 0.548796
0.540094 0.53938
0.553333 0.734691
0.567036 0.490856
0.581171 0.743456
0.595707 0.70469
0.610616 0.687501
0.62587 0.674504
0.641446 0.907626
0.65732 0.786928
0.673471 0.641588
0.68988 0.803272
0.706529 0.952276
0.723401 1.04388
0.74048 1.18865
0.427174 0.651521
0.427688 0.330474
0.429223 0.360684
0.431771 0.466069
0.435312 0.437013
0.439823 0.507048
0.445275 0.478272
0.451632 0.404684
0.458859 0.442862
0.466914 0.516957
0.475755 0.444218
0.48534 0.567333
0.495624 0.388075
0.506567 0.54958
0.518125 0.526412
0.530258 0.623607
0.542929 0.83771
0.5561 0.710292
0.569737 0.770478
0.583807 0.825109
0.598279 1.12514
0.613125 0.722232
0.628319 0.815436
0.643835 1.03778
0.659651 0.904173
0.675747 0.967532
0.692102 0.983235
0.708698 0.942048
0.72552 1.06511
0.742551 1.07404
0.431771 0.485757
0.432278 0.478703
0.433798 0.570836
0.436318 0.477937
0.439823 0.354175
0.444288 0.460474
0.449686 0.468347
0.455982 0.47181
0.463141 0.440763
0.471123 0.300539
0.479886 0.524018
0.48939 0.425686
0.499591 0.468953
0.510448 0.336993
0.521921 0.610688
0.533968 0.511287
0.546553 0.563046
0.559639 0.530426
0.573191 0.518751
0.587178 0.568877
0.601569 0.82326
0.616336 0.784352
0.631452 0.762576
0.646894 1.03659
0.662637 1.17283
0.678662 0.843628
0.694948 1.21635
0.711478 1.33343
0.728235 1.16017
0.745204 1.06539
0.437323 0.257589
0.437824 0.423471
0.439324 0.493136
0.441813 0.277618
0.445275 0.368938
0.449686 0.289429
0.455019 0.488333
0.461243 0.64652
0.468321 0.350537
0.476216 0.501942
0.484888 0.404877
0.494295 0.369075
0.504397 0.453859
0.515153 0.523854
0.526523 0.407498
0.538467 0.732724
0.550949 0.516628
0.563933 0.624255
0.577385 0.699408
0.591273 0.64944
0.605566 0.839908
0.620238 1.11276
0.635261 0.757304
0.650612 0.983317
0.666268 1.13103
0.682207 0.806387
0.698411 1.20289
0.714861 1.04746
0.731541 0.938479
0.748435 1.23693
0.443794 0.384394
0.444288 0.579435
0.445767 0.522528
0.44822 0.33036
0.451632 0.26452
0.455982 0.224972
0.461243 0.295473
0.467383 0.537249
0.47437 0.390888
0.482166 0.397415
0.490732 0.384879
0.50003 0.500862
0.510019 0.516792
0.520658 0.361124
0.53191 0.66711
0.543737 0.648489
0.5561 0.724462
0.568967 0.59763
0.582302 0.625811
0.596075 0.669734
0.610257 0.657417
0.624818 0.592266
0.639734 0.750134
0.65498 0.931522
0.670534 0.801309
0.686374 0.974212
0.702481 1.37515
0.718838 0.981546
0.735428 1.07398
0.752235 0.816959
0.451147 0.494242
0.451632 0.364745
0.453087 0.476483
0.455501 0.341635
0.458859 0.407845
0.463141 0.502472
0.468321 0.293882
0.47437 0.472257
0.481255 0.587171
0.488941 0.503336
0.497391 0.392462
0.506567 0.739458
0.516429 0.547271
0.526939 0.485558
0.53806 0.486833
0.549754 0.689121
0.561985 0.57214
0.57472 0.827446
0.587925 0.755004
0.601569 1.04688
0.615624 0.629211
0.630061 0.802335
0.644856 0.544841
0.659984 0.926726
0.675422 0.76574
0.69115 0.656967
0.707149 0.957937
0.723401 1.18052
0.739888 1.21174
0.756596 0.972475
0.459337 0.492211
0.459814 0.482636
0.461243 0.422422
0.463614 0.334067
0.466914 0.368739
0.471123 0.555982
0.476216 0.606976
0.482166 0.481094
0.488941 0.315377
0.496509 0.545622
0.504832 0.534304
0.513874 0.493631
0.523599 0.385806
0.533968 0.545413
0.544945 0.491646
0.556495 0.563066
0.568581 0.640096
0.581171 0.621737
0.594233 0.680409
0.607736 0.769568
0.621651 0.889796
0.635952 0.881854
0.650612 0.775506
0.665609 0.724139
0.68092 0.903617
0.696524 1.16626
0.712402 1.0964
0.728536 0.940562
0.74491 0.802382
0.761508 1.26205
0.468321 0.554182
0.468789 0.473171
0.470191 0.539352
0.472517 0.506338
0.475755 0.55861
0.479886 0.422425
0.484888 0.479347
0.490732 0.597561
0.497391 0.429548
0.504832 0.345011
0.51302 0.642142
0.521921 0.702934
0.531498 0.613818
0.541716 0.616361
0.552539 0.753403
0.563933 0.511667
0.575863 0.725915
0.588298 0.567811
0.601204 0.614434
0.614554 0.675457
0.628319 0.592367
0.642471 0.937496
0.656986 0.793332
0.671841 1.16535
0.687013 0.980927
0.702481 1.00812
0.718228 0.690082
0.734234 1.23684
0.750483 1.029
0.766961 1.47191
0.478055 0.619284
0.478513 0.487912
0.479886 0.688705
0.482166 0.457459
0.48534 0.421081
0.48939 0.369517
0.494295 0.509642
0.50003 0.383443
0.506567 0.485475
0.513874 0.473674
0.521921 0.550976
0.530672 0.612247
0.540094 0.733605
0.550153 0.809437
0.560813 0.753847
0.572042 0.541678
0.583807 0.683069
0.596075 0.828189
0.608817 1.09499
0.622004 1.00249
0.635607 0.818934
0.6496 0.835888
0.66396 0.989209
0.678662 0.814674
0.693684 0.754067
0.709008 0.897839
0.724612 1.00873
0.74048 0.917468
0.756596 1.24109
0.772942 1.09436
0.488493 0.46718
0.488941 0.398802
0.490285 0.328563
0.492517 0.488716
0.495624 0.400914
0.499591 0.535182
0.504397 0.376195
0.510019 0.523857
0.516429 0.6189
0.523599 0.600112
0.531498 0.660173
0.540094 0.578753
0.549355 0.475346
0.559247 0.520345
0.569737 0.775989
0.580794 0.590308
0.592384 0.788507
0.604479 0.680338
0.617047 0.901616
0.630061 0.959189
0.643494 0.650112
0.65732 0.853674
0.671514 1.00501
0.686054 0.959535
0.700919 1.20933
0.716087 0.940858
0.731541 0.931158
0.747262 0.68116
0.763234 0.964885
0.779441 1.49963
0.499591 0.596545
0.50003 0.449467
0.501344 0.346355
0.503527 0.455875
0.506567 0.565765
0.510448 0.496841
0.515153 0.540011
0.520658 0.544966
0.526939 0.567715
0.533968 0.647475
0.541716 0.571096
0.550153 0.611585
0.559247 0.54248
0.568967 0.523554
0.579281 0.624904
0.590159 0.662414
0.601569 0.589092
0.613483 0.75301
0.62587 0.64325
0.638705 1.05658
0.651959 1.2087
0.665609 1.03148
0.67963 0.929977
0.694001 0.764758
0.708698 1.15429
0.723704 1.15197
0.738998 1.19734
0.754564 1.43717
0.770384 0.983608
0.786445 1.49244
0.511307 0.394782
0.511736 0.619024
0.51302 0.633971
0.515153 0.568359
0.518125 0.595206
0.521921 0.439087
0.526523 0.708324
0.53191 0.56728
0.53806 0.537109
0.544945 0.524934
0.552539 0.643169
0.560813 0.545776
0.569737 0.641719
0.579281 1.01534
0.589415 0.530727
0.600109 0.677863
0.611334 0.96226
0.623061 1.01563
0.635261 0.658004
0.64791 0.943093
0.66098 0.755703
0.674447 1.10267
0.688288 0.604015
0.702481 1.04881
0.717005 0.872671
0.731841 1.01019
0.746968 1.16718
0.762371 1.053
0.778033 0.904314
0.793939 0.954036
0.523599 0.415894
0.524017 0.561177
0.525272 0.463148
0.527355 0.477061
0.530258 0.567353
0.533968 0.714653
0.538467 0.56202
0.543737 0.626154
0.549754 0.637489
0.556495 0.638957
0.563933 0.464649
0.572042 0.651766
0.580794 0.482425
0.590159 0.61925
0.600109 0.587144
0.610616 0.559016
0.621651 1.19127
0.633187 0.78191
0.645196 0.68818
0.657653 0.95815
0.670534 1.22229
0.683813 0.599962
0.697468 1.04959
0.711478 0.972116
0.725822 1.25402
0.74048 1.14019
0.755435 1.19093
0.770669 1.09752
0.786166 1.27162
0.80191 1.21329
0.536427 0.56915
0.536836 0.578908
0.53806 0.539038
0.540094 0.69367
0.542929 0.566227
0.546553 0.647814
0.550949 0.528063
0.5561 0.656458
0.561985 0.658358
0.568581 0.627342
0.575863 0.812434
0.583807 0.53792
0.592384 0.764044
0.601569 0.813662
0.611334 0.899247
0.621651 0.690252
0.632493 0.94276
0.643835 0.791257
0.655649 1.24376
0.667912 0.641846
0.680598 0.960927
0.693684 0.872796
0.707149 0.902711
0.720971 1.20865
0.73513 1.05337
0.749606 1.14714
0.764382 1.25381
0.779441 1.30208
0.794767 0.93535
0.810344 0.990738
0.549754 0.620856
0.550153 0.493539
0.551347 0.460498
0.553333 0.729997
0.5561 0.484657
0.559639 0.494134
0.563933 0.782525
0.568967 0.709542
0.57472 0.541139
0.581171 0.675764
0.588298 0.571239
0.596075 0.668749
0.604479 1.16937
0.613483 0.76415
0.623061 0.825459
0.633187 0.680086
0.643835 0.698299
0.65498 0.834564
0.666597 0.845587
0.678662 0.51786
0.69115 0.881665
0.704041 1.15479
0.717311 0.700782
0.730941 1.13946
0.74491 1.57404
0.7592 1.01435
0.773793 1.3006
0.788673 1.24052
0.803822 1.34347
0.819227 1.20422
0.563544 0.63081
0.563933 0.663325
0.565099 0.506797
0.567036 0.637151
0.569737 0.642477
0.573191 0.494918
0.577385 0.75923
0.582302 0.72357
0.587925 0.781658
0.594233 0.694887
0.601204 0.866229
0.608817 0.80109
0.617047 0.584361
0.62587 0.824668
0.635261 0.743874
0.645196 0.737714
0.655649 0.806042
0.666597 0.81052
0.678015 0.809908
0.68988 0.817258
0.702169 0.846673
0.714861 1.00978
0.727934 1.04528
0.741369 1.18405
0.755145 0.793416
0.769245 1.36761
0.783651 0.920585
0.798346 1.43757
0.813316 0.939359
0.828544 1.47694
0.577765 0.796117
0.578144 0.910703
0.579281 0.712608
0.581171 0.764231
0.583807 0.630014
0.587178 0.790786
0.591273 0.734206
0.596075 0.879193
0.601569 0.579156
0.607736 0.486809
0.614554 0.87526
0.622004 0.693136
0.630061 0.951973
0.638705 0.603143
0.64791 0.816321
0.657653 1.4691
0.667912 0.645668
0.678662 1.09805
0.68988 0.781618
0.701544 0.791002
0.713633 0.929271
0.726124 0.871366
0.738998 1.04426
0.752235 1.30027
0.765816 1.4179
0.779723 1.33695
0.793939 0.91546
0.808447 1.3272
0.823233 1.21226
0.838281 1.46746
0.592384 0.732149
0.592755 0.691847
0.593864 0.830751
0.595707 0.878772
0.598279 0.72319
0.601569 0.731174
0.605566 0.859044
0.610257 0.641133
0.615624 0.792876
0.621651 0.77066
0.628319 0.792474
0.635607 0.732481
0.643494 0.870773
0.651959 0.656866
0.66098 1.03168
0.670534 0.7549
0.680598 0.819936
0.69115 1.15049
0.702169 0.846608
0.713633 0.774143
0.72552 0.835342
0.73781 0.851451
0.750483 1.20181
0.763521 1.23326
0.776905 1.05019
0.790617 1.21529
0.80464 1.13723
0.818959 1.58261
0.833559 1.14876
0.848424 1.28773
0.607375 0.495704
0.607736 0.508613
0.608817 0.647164
0.610616 0.846391
0.613125 0.876219
0.616336 0.68309
0.620238 0.712646
0.624818 0.775121
0.630061 0.83243
0.635952 0.702896
0.642471 0.676501
0.6496 0.657496
0.65732 0.760702
0.665609 0.753235
0.674447 1.09711
0.683813 1.28479
0.693684 1.00043
0.704041 1.43499
0.714861 1.20075
0.726124 0.785019
0.73781 1.07568
0.749899 1.21714
0.762371 1.03894
0.775209 1.1486
0.788394 1.02022
0.80191 1.11277
0.815739 1.03272
0.829867 0.926567
0.844278 1.39848
0.858957 1.69579
0.622708 0.830112
0.623061 0.644425
0.624116 0.794235
0.62587 0.934454
0.628319 0.851274
0.631452 0.834571
0.635261 0.981124
0.639734 0.759094
0.644856 0.704253
0.650612 0.771337
0.656986 0.888233
0.66396 0.773567
0.671514 0.883259
0.67963 1.22091
0.688288 0.953253
0.697468 1.03285
0.707149 0.806395
0.717311 1.12758
0.727934 0.929342
0.738998 1.31158
0.750483 0.996509
0.762371 1.31772
0.774643 1.29782
0.787281 1.15828
0.800267 1.12879
0.813586 0.994502
0.82722 1.27239
0.841155 1.02956
0.855375 0.844695
0.869868 0.974026
0.638361 0.805081
0.638705 0.809771
0.639734 0.696741
0.641446 0.758896
0.643835 0.759542
0.646894 0.681188
0.650612 0.668182
0.65498 1.06885
0.659984 1.15058
0.665609 1.03461
0.671841 0.891455
0.678662 1.25273
0.686054 0.884896
0.694001 1.37936
0.702481 1.01933
0.711478 0.8006
0.720971 0.915814
0.730941 1.08257
0.741369 1.38849
0.752235 0.855279
0.763521 1.13782
0.775209 1.35201
0.787281 1.31551
0.799719 1.04398
0.812507 1.16658
0.825627 1.35644
0.839066 1.29652
0.852807 1.14959
0.866837 1.38019
0.881141 1.18481
0.65431 0.968627
0.654645 0.860998
0.655649 0.617731
0.65732 0.989081
0.659651 1.13354
0.662637 0.785965
0.666268 0.567817
0.670534 0.800869
0.675422 0.936127
0.68092 0.945351
0.687013 1.3323
0.693684 0.8799
0.700919 1.03714
0.708698 0.652013
0.717005 0.724526
0.725822 0.938878
0.73513 0.904099
0.74491 1.26665
0.755145 1.01024
0.765816 1.03581
0.776905 1.04269
0.788394 1.1635
0.800267 1.3243
0.812507 1.21522
0.825096 1.17444
0.83802 1.39652
0.851263 1.61268
0.86481 2.08807
0.878648 1.81717
0.892763 1.74238
0.670534 0.773012
0.670861 1.02096
0.671841 1.17922
0.673471 0.727728
0.675747 0.815168
0.678662 1.08059
0.682207 0.985321
0.686374 0.616241
0.69115 0.964529
0.696524 1.00196
0.702481 1.00768
0.709008 1.43449
0.716087 1.20345
0.723704 0.915579
0.731841 1.23524
0.74048 1.24263
0.749606 1.62933
0.7592 1.34757
0.769245 0.938694
0.779723 0.885812
0.790617 1.2411
0.80191 0.889954
0.813586 1.13649
0.825627 1.3287
0.83802 0.917103
0.850747 1.48953
0.863795 0.883357
0.877149 0.928405
0.890795 1.3259
0.904721 1.05538
0.687013 1.31036
0.687332 1.00435
0.688288 0.894478
0.68988 1.40303
0.692102 1.09913
0.694948 0.804064
0.698411 1.06352
0.702481 0.986586
0.707149 1.00178
0.712402 1.30914
0.718228 0.880069
0.724612 0.800738
0.731541 1.14703
0.738998 1.14664
0.746968 1.07748
0.755435 1.52562
0.764382 1.13374
0.773793 0.890549
0.783651 1.45391
0.793939 1.16862
0.80464 0.771705
0.815739 1.3591
0.82722 1.26652
0.839066 0.934876
0.851263 1.22492
0.863795 1.14835
0.876649 1.24272
0.88981 1.09874
0.903265 1.26617
0.917001 1.40879
0.703729 1.02443
0.704041 0.677487
0.704975 0.808243
0.706529 0.738898
0.708698 1.03407
0.711478 0.835416
0.714861 1.34291
0.718838 0.929127
0.723401 0.803359
0.728536 1.07053
0.734234 0.921976
0.74048 1.12156
0.747262 0.784584
0.754564 1.29551
0.762371 1.28191
0.770669 1.2616
0.779441 0.829881
0.788673 1.25142
0.798346 1.23555
0.808447 0.897826
0.818959 1.19603
0.829867 1.01247
0.841155 1.29086
0.852807 1.30637
0.86481 1.05868
0.877149 1.11818
0.88981 0.855503
0.902779 0.679576
0.916044 1.32477
0.929591 1.18817
0.720667 0.790445
0.720971 1.324
0.721883 1.03143
0.723401 1.10584
0.72552 1.06843
0.728235 1.62265
0.731541 0.701284
0.735428 1.26965
0.739888 1.04309
0.74491 1.3394
0.750483 1.04124
0.756596 1.11937
0.763234 1.15183
0.770384 1.21277
0.778033 1.25877
0.786166 0.995887
0.794767 1.06111
0.803822 1.21928
0.813316 1.04128
0.823233 0.879181
0.833559 1.14767
0.844278 1.4757
0.855375 1.27349
0.866837 0.926327
0.878648 1.13748
0.890795 0.959065
0.903265 1.27702
0.916044 0.92568
0.929119 0.953166
0.942478 1.10819
0.73781 1.08024
0.738107 1.07428
0.738998 1.27583
0.74048 0.857207
0.742551 1.38471
0.745204 0.655755
0.748435 1.07985
0.752235 1.37186
0.756596 1.0025
0.761508 1.079
0.766961 1.01443
0.772942 1.09483
0.779441 1.19883
0.786445 1.34152
0.793939 1.2035
0.80191 0.989925
0.810344 0.566738
0.819227 1.28854
0.828544 1.16186
0.838281 1.03295
0.848424 0.971239
0.858957 1.38272
0.869868 0.954095
0.881141 0.999377
0.892763 1.59021
0.904721 1.04078
0.917001 1.62145
0.929591 0.859646
0.942478 1.22932
0.95565 1.23067
0.439823 0.451931
0.440321 0.402201
0.441813 0.383045
0.444288 0.463142
0.447731 0.41883
0.452118 0.395318
0.457423 0.49697
0.463614 0.433651
0.470657 0.429589
0.478513 0.47605
0.487144 0.522025
0.496509 0.393723
0.506567 0.458261
0.517277 0.394508
0.528601 0.562555
0.5405 0.686622
0.552936 0.544607
0.565874 0.654644
0.579281 0.595645
0.593124 0.921816
0.607375 0.556688
0.622004 1.0565
0.636985 0.597933
0.652296 0.842061
0.667912 0.985955
0.683813 0.989284
0.699979 1.16952
0.716393 0.857542
0.733038 1.07147
0.749899 1.09156
0.440321 0.478246
0.440819 0.408123
0.442309 0.493495
0.444782 0.314005
0.44822 0.44924
0.452603 0.383216
0.457902 0.445977
0.464087 0.492854
0.471123 0.608501
0.478971 0.551722
0.487594 0.430176
0.49695 0.578039
0.506999 0.439777
0.517701 0.484915
0.529016 0.666006
0.540906 0.680279
0.553333 0.454201
0.566262 0.72502
0.57966 0.68309
0.593494 0.833683
0.607736 0.609553
0.622356 1.03908
0.63733 1.07466
0.652632 0.705438
0.66824 0.90533
0.684133 1.002
0.700293 0.986408
0.716699 1.10926
0.733337 0.770211
0.750191 0.994036
0.441813 0.418751
0.442309 0.456812
0.443794 0.4811
0.446259 0.369953
0.449686 0.399657
0.454054 0.564866
0.459337 0.435257
0.465503 0.75993
0.472517 0.380983
0.480343 0.511775
0.488941 0.503988
0.498272 0.555936
0.508295 0.579074
0.518971 0.437601
0.530258 0.649052
0.542121 0.554854
0.554521 0.445485
0.567423 0.662326
0.580794 0.71435
0.594602 0.890345
0.608817 0.750425
0.623412 0.828553
0.638361 0.762091
0.653639 0.663174
0.669224 0.679091
0.685095 0.955326
0.701232 1.19266
0.717617 1.10683
0.734234 1.03099
0.751068 0.874122
0.444288 0.453919
0.444782 0.507752
0.446259 0.393642
0.448709 0.477247
0.452118 0.331594
0.456463 0.520557
0.461718 0.399612
0.467852 0.443751
0.474832 0.56531
0.482621 0.369655
0.491179 0.419697
0.500468 0.331112
0.510448 0.455259
0.521079 0.547447
0.532323 0.717636
0.54414 0.669896
0.556495 0.477151
0.569352 0.691559
0.582679 0.706321
0.596443 0.684333
0.610616 0.542802
0.625169 0.747417
0.640077 0.800178
0.655315 0.843744
0.670861 0.791243
0.686693 0.797468
0.702794 0.96435
0.719143 1.35629
0.735726 0.908546
0.752526 1.22017
0.447731 0.37654
0.44822 0.55444
0.449686 0.879461
0.452118 0.435418
0.455501 0.349221
0.459814 0.299199
0.465031 0.315076
0.471123 0.347949
0.478055 0.404726
0.485791 0.593456
0.494295 0.592025
0.503527 0.428839
0.513447 0.474952
0.524017 0.463206
0.535199 0.423327
0.546954 0.687447
0.559247 0.630811
0.572042 0.522478
0.585308 0.605413
0.599012 0.611999
0.613125 0.768303
0.62762 0.886107
0.642471 0.839249
0.657653 0.900766
0.673145 1.0853
0.688925 0.766181
0.704975 1.1213
0.721275 0.941284
0.73781 1.17571
0.754564 1.1658
0.452118 0.488496
0.452603 0.333155
0.454054 0.238109
0.456463 0.426488
0.459814 0.541158
0.464087 0.376041
0.469257 0.536524
0.475294 0.367278
0.482166 0.444879
0.489838 0.479133
0.498272 0.592807
0.507432 0.607448
0.517277 0.448752
0.527771 0.8382
0.538874 0.59109
0.550551 0.703625
0.562765 0.730014
0.575482 0.627685
0.58867 0.580762
0.602298 0.567547
0.616336 0.895248
0.630757 0.790669
0.645536 0.923415
0.660648 0.811839
0.676071 0.787356
0.691785 1.13147
0.707769 1.11878
0.724007 1.06235
0.74048 1.11715
0.757175 0.899906
0.457423 0.392863
0.457902 0.49823
0.459337 0.391918
0.461718 0.291633
0.465031 0.56356
0.469257 0.370447
0.47437 0.355375
0.480343 0.550542
0.487144 0.546318
0.494739 0.858435
0.503091 0.673176
0.512164 0.663276
0.521921 0.582555
0.532323 0.617097
0.543333 0.731482
0.554916 0.613042
0.567036 0.685933
0.57966 0.659003
0.592755 0.730729
0.60629 0.807944
0.620238 0.95496
0.634571 0.960527
0.649262 0.748077
0.66429 1.01599
0.67963 0.930749
0.695263 1.24642
0.71117 1.29229
0.727331 0.971484
0.743731 0.882601
0.760355 0.980318
0.463614 0.408547
0.464087 0.410774
0.465503 0.647623
0.467852 0.533492
0.471123 0.502091
0.475294 0.377555
0.480343 0.541684
0.486243 0.542522
0.492962 0.614144
0.500468 0.551889
0.508727 0.379169
0.517701 0.52656
0.527355 0.638622
0.537652 0.630673
0.548556 0.60951
0.56003 0.617214
0.572042 0.629986
0.584558 0.69282
0.597545 0.804027
0.610975 0.609114
0.624818 0.822773
0.639048 0.598799
0.653639 1.10173
0.668568 0.78986
0.683813 0.975713
0.699352 0.855909
0.715168 0.686197
0.731241 1.03267
0.747555 0.834785
0.764095 0.858891
0.470657 0.413963
0.471123 0.448858
0.472517 0.410405
0.474832 0.4264
0.478055 0.49472
0.482166 0.538396
0.487144 0.493801
0.492962 0.626523
0.499591 0.418905
0.506999 0.461621
0.515153 0.489003
0.524017 0.368023
0.533557 0.549069
0.543737 0.437436
0.554521 0.587678
0.565874 0.684057
0.577765 0.718755
0.590159 0.739797
0.603026 0.625003
0.616336 0.620669
0.630061 0.617107
0.644175 0.982944
0.658653 0.880032
0.673471 1.18838
0.688607 1.02662
0.704041 0.98678
0.719753 0.934366
0.735726 0.941946
0.751943 1.3719
0.768389 0.822306
0.478513 0.527893
0.478971 0.519299
0.480343 0.444291
0.482621 0.551809
0.485791 0.456207
0.489838 0.586298
0.494739 0.626005
0.500468 0.580005
0.506999 0.503514
0.514301 0.687079
0.522341 0.616784
0.531085 0.670337
0.5405 0.659466
0.550551 0.584404
0.561204 0.602726
0.572425 0.640144
0.584182 0.438699
0.596443 0.623644
0.609177 0.82656
0.622356 0.603725
0.635952 0.939248
0.649938 0.859049
0.66429 1.08721
0.678985 0.838212
0.694001 0.81189
0.709317 1.44302
0.724915 1.03759
0.740777 0.806108
0.756886 1.10205
0.773226 1.30136
0.487144 0.327503
0.487594 0.501302
0.488941 0.395874
0.491179 0.639185
0.494295 0.42105
0.498272 0.45616
0.503091 0.641276
0.508727 0.602243
0.515153 0.465485
0.522341 0.412288
0.530258 0.653299
0.538874 0.444617
0.548156 0.591953
0.558069 0.560015
0.568581 0.520346
0.57966 1.06289
0.591273 0.853804
0.603389 0.902543
0.61598 0.860596
0.629016 0.966655
0.642471 0.777963
0.656318 0.918189
0.670534 0.964124
0.685095 1.03406
0.699979 0.842223
0.715168 1.33001
0.730641 1.31221
0.746381 1.16845
0.762371 1.36916
0.778597 1.13072
0.496509 0.316449
0.49695 0.383482
0.498272 0.617678
0.500468 0.394121
0.503527 0.494776
0.507432 0.382332
0.512164 0.59424
0.517701 0.399216
0.524017 0.647802
0.531085 0.500061
0.538874 0.627793
0.547355 0.503669
0.556495 0.541065
0.566262 0.695228
0.576625 1.00342
0.587552 0.498633
0.599012 0.689872
0.610975 0.732059
0.623412 0.641886
0.636296 0.789994
0.6496 0.838233
0.663299 0.848302
0.677368 0.956123
0.691785 1.32179
0.706529 0.74846
0.721579 0.929938
0.736918 0.947721
0.752526 0.904381
0.768389 1.4303
0.78449 0.661684
0.506567 0.432419
0.506999 0.460725
0.508295 0.601982
0.510448 0.492537
0.513447 0.379567
0.517277 0.472265
0.521921 0.601855
0.527355 0.747807
0.533557 0.620106
0.5405 0.652405
0.548156 0.548168
0.556495 0.670845
0.565487 0.869434
0.575101 0.734482
0.585308 0.624681
0.596075 0.757088
0.607375 1.10236
0.619176 0.819665
0.631452 0.861885
0.644175 0.673423
0.65732 0.823267
0.670861 0.968341
0.684774 1.12669
0.699039 1.25945
0.713633 1.47933
0.728536 1.19024
0.743731 1.36223
0.7592 0.960142
0.774926 1.29859
0.790894 1.63509
0.517277 0.624451
0.517701 0.399165
0.518971 0.538365
0.521079 0.65507
0.524017 0.464881
0.527771 0.465761
0.532323 0.607901
0.537652 0.629447
0.543737 0.65302
0.550551 0.481081
0.558069 0.642109
0.566262 0.635473
0.575101 0.798462
0.584558 0.73985
0.594602 0.820759
0.605204 0.827511
0.616336 0.622903
0.627969 0.817313
0.640077 1.13026
0.652632 0.829714
0.665609 0.771346
0.678985 0.693125
0.692735 0.799356
0.706839 0.972459
0.721275 1.17949
0.736024 0.650283
0.751068 1.31693
0.766388 1.56223
0.78197 0.983188
0.797797 0.943764
0.528601 0.610194
0.529016 0.618971
0.530258 0.475138
0.532323 0.731305
0.535199 0.541485
0.538874 0.695844
0.543333 0.555969
0.548556 0.636827
0.554521 0.607557
0.561204 0.618003
0.568581 0.754606
0.576625 0.425855
0.585308 0.622443
0.594602 0.588979
0.604479 0.701504
0.614911 0.940198
0.62587 0.64239
0.63733 0.800454
0.649262 0.780339
0.661643 1.09882
0.674447 0.689918
0.687651 1.07025
0.701232 1.00948
0.715168 1.03222
0.729439 0.636796
0.744026 1.23013
0.758911 0.835505
0.774077 1.38564
0.789506 1.1326
0.805185 1.40969
0.5405 0.653807
0.540906 0.665203
0.542121 0.464106
0.54414 0.587524
0.546954 0.732846
0.550551 0.51476
0.554916 0.525127
0.56003 0.545161
0.565874 0.70154
0.572425 0.678701
0.57966 0.812897
0.587552 0.662401
0.596075 0.889815
0.605204 0.654988
0.614911 0.603621
0.625169 0.655131
0.635952 1.03683
0.647232 0.857268
0.658986 1.1632
0.671187 0.735775
0.683813 1.11889
0.696839 0.983514
0.710244 0.826968
0.724007 0.732366
0.738107 1.02885
0.752526 0.925932
0.767246 1.10596
0.78225 1.10627
0.797522 1.00857
0.813046 1.29965
0.552936 0.746285
0.553333 0.489431
0.554521 0.495286
0.556495 0.704117
0.559247 0.507462
0.562765 0.416525
0.567036 0.64509
0.572042 0.758744
0.577765 0.602593
0.584182 0.991701
0.591273 0.491519
0.599012 0.57457
0.607375 0.637328
0.616336 0.641129
0.62587 0.740229
0.635952 1.21669
0.646554 0.935418
0.657653 0.947602
0.669224 1.00926
0.681242 1.01011
0.693684 1.02222
0.706529 1.09828
0.719753 1.03239
0.733337 1.13995
0.747262 1.00381
0.761508 1.17928
0.776057 1.51573
0.790894 0.932825
0.806002 1.25112
0.821366 1.46655
0.565874 0.661273
0.566262 0.582303
0.567423 0.623641
0.569352 0.747006
0.572042 0.673963
0.575482 0.497489
0.57966 0.738197
0.584558 0.822354
0.590159 0.723429
0.596443 0.692916
0.603389 0.728665
0.610975 0.617525
0.619176 0.728989
0.627969 0.68979
0.63733 0.489825
0.647232 0.951787
0.657653 0.680628
0.668568 0.710317
0.679953 0.792189
0.691785 0.962057
0.704041 1.23573
0.716699 1.14103
0.72974 1.00418
0.743141 1.00248
0.756886 1.20504
0.770954 1.16975
0.785328 1.19218
0.799993 0.937251
0.814932 1.11017
0.830131 1.32579
0.579281 0.606898
0.57966 0.987243
0.580794 0.859618
0.582679 0.677735
0.585308 0.449598
0.58867 0.497625
0.592755 0.932241
0.597545 0.525787
0.603026 0.514035
0.609177 0.74125
0.61598 0.559415
0.623412 0.672453
0.631452 0.541916
0.640077 0.837131
0.649262 1.10177
0.658986 0.890481
0.669224 0.801341
0.679953 0.713388
0.69115 0.762854
0.702794 0.936009
0.714861 0.826181
0.727331 1.44308
0.740184 0.923762
0.7534 1.03417
0.766961 1.09592
0.780847 1.48505
0.795043 1.31703
0.809532 0.987837
0.824298 1.27596
0.839327 1.08975
0.593124 0.761393
0.593494 0.818263
0.594602 0.588086
0.596443 0.676311
0.599012 0.536303
0.602298 0.696554
0.60629 0.701147
0.610975 0.407575
0.616336 0.792165
0.622356 0.858577
0.629016 0.879118
0.636296 0.736166
0.644175 1.08045
0.652632 0.625573
0.661643 0.760553
0.671187 0.845602
0.681242 0.782017
0.691785 0.879823
0.702794 0.874049
0.714247 1.14981
0.726124 1.34982
0.738404 1.15029
0.751068 1.1044
0.764095 0.799425
0.777469 1.18883
0.791171 0.878112
0.805185 0.895014
0.819495 1.19483
0.834085 1.1317
0.848941 1.44473
0.607375 0.778177
0.607736 0.838607
0.608817 0.639956
0.610616 0.67218
0.613125 0.664863
0.616336 0.66207
0.620238 0.689554
0.624818 0.733579
0.630061 1.1285
0.635952 0.888283
0.642471 0.876644
0.6496 0.784072
0.65732 0.732821
0.665609 1.01644
0.674447 1.295
0.683813 0.722833
0.693684 0.94725
0.704041 0.785584
0.714861 0.93048
0.726124 1.2509
0.73781 0.807543
0.749899 1.18034
0.762371 1.31418
0.775209 1.02725
0.788394 1.43905
0.80191 1.05531
0.815739 0.942367
0.829867 1.33171
0.844278 1.58904
0.858957 1.50182
0.622004 0.63476
0.622356 0.879836
0.623412 0.812033
0.625169 0.677735
0.62762 0.608442
0.630757 0.707947
0.634571 0.482108
0.639048 0.53408
0.644175 1.08969
0.649938 1.06314
0.656318 0.76929
0.663299 1.07099
0.670861 0.954999
0.678985 1.18805
0.687651 0.940871
0.696839 1.04332
0.706529 1.30336
0.716699 1.03585
0.727331 0.79843
0.738404 1.37245
0.749899 0.842869
0.761796 1.11643
0.774077 0.729032
0.786723 1.11567
0.799719 0.913073
0.813046 0.888909
0.826689 0.903775
0.840633 1.11127
0.854862 1.03018
0.869363 0.81056
0.636985 0.802022
0.63733 0.737143
0.638361 0.8767
0.640077 0.610868
0.642471 1.03921
0.645536 0.844938
0.649262 0.723158
0.653639 0.907408
0.658653 0.806428
0.66429 0.980966
0.670534 1.12852
0.677368 0.954023
0.684774 0.855901
0.692735 1.22205
0.701232 1.2063
0.710244 0.854021
0.719753 1.22054
0.72974 1.29624
0.740184 0.936001
0.751068 0.856024
0.762371 1.17541
0.774077 1.26696
0.786166 1.45461
0.798621 1.21442
0.811426 1.22109
0.824564 1.12768
0.83802 1.33439
0.851778 1.66473
0.865824 0.942862
0.880144 1.18551
0.652296 0.753776
0.652632 1.19305
0.653639 0.775828
0.655315 0.835089
0.657653 0.870693
0.660648 0.849828
0.66429 1.16839
0.668568 0.836875
0.673471 0.801459
0.678985 0.783881
0.685095 0.96221
0.691785 0.863992
0.699039 0.971441
0.706839 0.804752
0.715168 0.998771
0.724007 1.09545
0.733337 0.755413
0.743141 1.1439
0.7534 1.08731
0.764095 1.04211
0.775209 1.45395
0.786723 1.011
0.798621 1.23463
0.810885 1.06156
0.8235 1.34745
0.836448 1.09068
0.849715 0.969143
0.863287 1.85668
0.877149 1.21531
0.891288 1.29334
0.667912 0.886202
0.66824 1.21033
0.669224 0.668177
0.670861 0.948044
0.673145 0.882481
0.676071 1.05071
0.67963 0.884995
0.683813 0.973996
0.688607 0.994669
0.694001 0.8429
0.699979 1.05847
0.706529 0.959134
0.713633 1.36691
0.721275 1.27388
0.729439 1.0738
0.738107 1.11037
0.747262 0.967335
0.756886 1.24629
0.766961 0.846183
0.777469 1.19679
0.788394 0.614945
0.799719 1.07151
0.811426 1.15521
0.8235 1.35034
0.835923 0.918488
0.848682 1.39366
0.861762 1.29961
0.875146 1.00858
0.888823 1.02049
0.902779 1.14233
0.683813 1.12761
0.684133 1.17356
0.685095 1.13312
0.686693 0.997183
0.688925 0.888066
0.691785 0.885762
0.695263 0.813769
0.699352 0.829925
0.704041 1.04615
0.709317 1.10721
0.715168 1.14624
0.721579 1.13885
0.728536 1.22609
0.736024 1.04501
0.744026 1.02159
0.752526 1.40483
0.761508 1.18403
0.770954 1.32866
0.780847 0.942738
0.791171 1.19585
0.80191 0.893047
0.813046 0.797684
0.824564 1.74287
0.836448 1.08153
0.848682 1.32
0.861252 1.26359
0.874143 1.42052
0.887342 1.27556
0.900833 1.16522
0.914606 0.68066
0.699979 0.990965
0.700293 0.866391
0.701232 0.972823
0.702794 1.13472
0.704975 1.22899
0.707769 1.05325
0.71117 1.29385
0.715168 1.02934
0.719753 1.17427
0.724915 0.922106
0.730641 0.907623
0.736918 0.952803
0.743731 0.774875
0.751068 0.897385
0.758911 0.715942
0.767246 0.948327
0.776057 0.863241
0.785328 0.798584
0.795043 0.963894
0.805185 1.03413
0.815739 1.14527
0.826689 1.46258
0.83802 1.30913
0.849715 1.39729
0.861762 1.42031
0.874143 1.16596
0.886847 1.34962
0.899859 0.918944
0.913166 1.16928
0.926755 1.21478
0.716393 1.09419
0.716699 1.10138
0.717617 0.916034
0.719143 0.799131
0.721275 1.04041
0.724007 0.766074
0.727331 0.94829
0.731241 0.859433
0.735726 0.908776
0.740777 0.622993
0.746381 1.20331
0.752526 1.38797
0.7592 0.965345
0.766388 1.07319
0.774077 1.17289
0.78225 0.898251
0.790894 0.929258
0.799993 1.564
0.809532 1.00855
0.819495 1.10108
0.829867 1.12933
0.840633 1.42656
0.851778 0.957403
0.863287 1.08757
0.875146 1.18247
0.887342 1.30288
0.899859 1.24708
0.912685 1.10116
0.925808 1.0352
0.939214 1.38622
0.733038 1.02696
0.733337 1.13196
0.734234 0.898451
0.735726 1.27924
0.73781 1.01119
0.74048 0.974714
0.743731 0.911949
0.747555 1.03594
0.751943 0.970689
0.756886 1.36383
0.762371 1.37782
0.768389 1.01888
0.774926 1.12275
0.78197 1.48021
0.789506 1.01186
0.797522 1.01739
0.806002 0.868168
0.814932 0.89783
0.824298 0.957065
0.834085 1.01863
0.844278 1.05958
0.854862 0.913021
0.865824 0.926364
0.877149 1.49859
0.888823 1.37592
0.900833 1.14164
0.913166 0.790089
0.925808 1.21057
0.938747 1.16344
0.951971 1.66919
0.749899 0.909178
0.750191 1.20636
0.751068 1.21724
0.752526 1.03351
0.754564 1.55616
0.757175 1.27791
0.760355 0.971289
0.764095 0.89856
0.768389 1.03055
0.773226 1.35322
0.778597 1.08459
0.78449 1.28174
0.790894 1.41131
0.797797 1.0832
0.805185 1.12758
0.813046 1.16898
0.821366 1.59939
0.830131 1.70517
0.839327 1.17839
0.848941 1.26035
0.858957 1.13885
0.869363 1.50718
0.880144 1.42593
0.891288 1.20038
0.902779 1.51788
0.914606 0.929169
0.926755 1.23604
0.939214 1.05505
0.951971 0.941916
0.965014 1.3467
0.460767 0.436494
0.461243 0.47393
0.462667 0.519742
0.465031 0.371221
0.468321 0.467993
0.472517 0.462637
0.477596 0.472197
0.483529 0.407343
0.490285 0.433027
0.497832 0.41783
0.506133 0.507445
0.515153 0.429024
0.524854 0.375032
0.535199 0.645624
0.546151 0.384375
0.557676 0.540105
0.569737 0.59839
0.582302 0.806416
0.595339 0.73594
0.608817 0.72664
0.622708 1.14175
0.636985 0.973333
0.651623 0.755309
0.666597 1.08286
0.681886 0.857902
0.697468 0.921316
0.713325 1.09811
0.729439 1.16996
0.745793 0.983623
0.762371 1.34093
0.461243 0.43922
0.461718 0.442154
0.463141 0.380306
0.465503 0.443647
0.468789 0.420295
0.472981 0.478979
0.478055 0.457662
0.483982 0.611065
0.490732 0.430145
0.498272 0.523193
0.506567 0.54856
0.515579 0.603798
0.525272 0.39226
0.535609 0.517289
0.546553 0.726292
0.558069 1.01912
0.570122 0.660135
0.582679 0.693784
0.595707 0.622981
0.609177 1.03141
0.623061 0.845923
0.63733 0.916385
0.651959 0.838185
0.666926 1.17059
0.682207 0.861562
0.697783 0.979461
0.713633 1.04519
0.72974 0.939814
0.746087 1.0055
0.762659 1.62913
0.462667 0.437953
0.463141 0.366784
0.464559 0.470373
0.466914 0.371664
0.470191 0.509826
0.47437 0.481652
0.479429 0.357873
0.48534 0.313633
0.492071 0.484405
0.499591 0.52309
0.507864 0.415359
0.516853 0.527872
0.526523 0.581227
0.536836 0.595206
0.547755 0.631759
0.559247 0.543816
0.571275 0.651605
0.583807 0.558959
0.596811 0.486273
0.610257 0.92566
0.624116 0.78177
0.638361 0.821615
0.652968 0.859773
0.667912 0.786611
0.683171 0.985983
0.698725 1.15912
0.714554 0.729909
0.730641 0.982267
0.746968 1.00629
0.763521 1.26621
0.465031 0.361941
0.465503 0.478856
0.466914 0.505137
0.469257 0.555327
0.472517 0.458603
0.476676 0.539607
0.481711 0.474583
0.487594 0.58432
0.494295 0.56178
0.501781 0.461459
0.510019 0.620589
0.518971 0.667988
0.528601 0.556881
0.538874 0.526077
0.549754 0.853582
0.561204 0.702118
0.573191 0.763197
0.585682 0.773551
0.598645 0.8461
0.612051 0.94502
0.62587 0.912452
0.640077 1.22513
0.654645 0.828867
0.669552 1.04896
0.684774 0.896304
0.700293 1.03353
0.716087 1.09597
0.73214 1.01272
0.748435 1.53002
0.764956 1.72483
0.468321 0.30077
0.468789 0.581008
0.470191 0.378007
0.472517 0.464955
0.475755 0.48236
0.479886 0.37211
0.484888 0.498029
0.490732 0.52668
0.497391 0.500765
0.504832 0.527626
0.51302 0.386117
0.521921 0.481188
0.531498 0.585218
0.541716 0.660401
0.552539 0.793951
0.563933 0.582766
0.575863 0.799379
0.588298 0.574709
0.601204 0.654033
0.614554 0.714526
0.628319 0.788147
0.642471 0.736954
0.656986 1.03199
0.671841 0.683497
0.687013 1.01582
0.702481 0.998401
0.718228 0.991048
0.734234 0.906295
0.750483 1.11415
0.766961 1.16036
0.472517 0.465263
0.472981 0.501718
0.47437 0.442464
0.476676 0.446116
0.479886 0.279069
0.483982 0.517591
0.488941 0.531209
0.494739 0.549571
0.501344 0.374638
0.508727 0.524702
0.516853 0.557276
0.525689 0.540957
0.535199 0.722094
0.545348 0.7762
0.5561 0.691659
0.567423 0.709962
0.579281 0.671742
0.591643 0.735794
0.604479 0.881481
0.617758 0.806783
0.631452 0.911261
0.645536 0.438299
0.659984 0.841446
0.674772 0.888271
0.68988 1.24163
0.705286 0.999758
0.720971 0.746215
0.736918 0.967825
0.753109 0.864302
0.76953 0.913775
0.477596 0.41699
0.478055 0.477793
0.479429 0.396385
0.481711 0.369916
0.484888 0.494493
0.488941 0.489234
0.493851 0.703471
0.499591 0.537817
0.506133 0.442883
0.513447 0.751176
0.5215 0.523308
0.530258 0.630216
0.539688 0.561196
0.549754 0.528299
0.560422 0.814442
0.571659 0.605996
0.583431 0.544793
0.595707 0.54841
0.608457 0.662922
0.621651 0.848573
0.635261 0.788327
0.649262 0.847415
0.663629 0.970937
0.678338 0.916192
0.693368 1.09023
0.708698 0.979897
0.72431 0.970803
0.740184 1.13006
0.756306 1.33412
0.772659 1.80141
0.483529 0.396923
0.483982 0.682856
0.48534 0.537865
0.487594 0.454955
0.490732 0.387173
0.494739 0.548873
0.499591 0.51605
0.505266 0.597361
0.511736 0.403386
0.518971 0.450143
0.526939 0.373158
0.535609 0.618923
0.544945 0.834731
0.554916 0.744723
0.565487 0.731138
0.576625 0.46989
0.588298 0.617101
0.600474 0.565951
0.613125 0.999687
0.626221 1.29703
0.639734 0.782497
0.653639 0.725524
0.667912 0.869484
0.682529 1.15489
0.697468 0.976122
0.71271 0.831452
0.728235 0.841816
0.744026 1.16263
0.760066 1.00987
0.77634 1.34794
0.490285 0.560974
0.490732 0.475535
0.492071 0.32653
0.494295 0.372706
0.497391 0.536153
0.501344 0.401012
0.506133 0.302254
0.511736 0.57321
0.518125 0.513895
0.525272 0.494995
0.533146 0.656537
0.541716 0.551478
0.550949 0.526995
0.560813 0.664203
0.571275 0.550101
0.582302 0.643669
0.593864 0.667351
0.605928 0.648678
0.618467 0.995659
0.631452 1.07944
0.644856 0.840218
0.658653 0.897425
0.672819 0.707406
0.687332 0.8018
0.702169 0.864334
0.717311 1.03929
0.732739 0.927097
0.748435 1.07485
0.764382 1.24397
0.780566 1.09571
0.497832 0.368528
0.498272 0.658894
0.499591 0.462208
0.501781 0.424139
0.504832 0.722148
0.508727 0.669611
0.513447 0.506275
0.518971 0.61283
0.525272 0.499426
0.532323 0.556178
0.540094 0.538635
0.548556 0.724937
0.557676 0.853046
0.567423 0.831152
0.577765 0.503806
0.58867 0.684097
0.600109 0.787346
0.612051 0.90743
0.624467 0.869648
0.63733 0.758636
0.650612 0.885522
0.66429 1.05317
0.678338 1.00809
0.692735 1.20258
0.707459 1.1758
0.72249 1.22627
0.73781 1.27254
0.7534 0.846278
0.769245 0.913607
0.785328 1.05813
0.506133 0.568494
0.506567 0.481514
0.507864 0.372493
0.510019 0.431538
0.51302 0.533039
0.516853 0.489681
0.5215 0.655828
0.526939 0.494458
0.533146 0.531884
0.540094 0.646049
0.547755 0.47361
0.5561 0.644426
0.565099 0.468132
0.57472 0.668503
0.584933 0.832501
0.595707 0.512056
0.607013 0.535509
0.618822 0.756722
0.631105 0.583621
0.643835 0.856218
0.656986 1.05233
0.670534 0.763023
0.684454 1.1378
0.698725 0.744285
0.713325 0.855092
0.728235 0.858166
0.743437 1.45646
0.758911 1.4894
0.774643 1.09859
0.790617 1.11525
0.515153 0.605914
0.515579 0.647306
0.516853 0.45918
0.518971 0.670835
0.521921 0.587384
0.525689 0.453695
0.530258 0.651511
0.535609 0.63792
0.541716 0.691559
0.548556 0.732901
0.5561 0.606329
0.564322 0.69777
0.573191 0.66556
0.582679 0.62891
0.592755 0.577666
0.603389 0.580313
0.614554 0.761839
0.626221 1.03921
0.638361 0.786778
0.650949 0.648447
0.66396 0.913648
0.677368 1.01605
0.69115 0.937552
0.705286 0.940819
0.719753 0.94905
0.734533 1.09328
0.749606 1.19434
0.764956 0.950516
0.780566 0.800212
0.796421 1.27849
0.524854 0.617733
0.525272 0.546141
0.526523 0.495192
0.528601 0.56737
0.531498 0.421117
0.535199 0.530465
0.539688 0.390307
0.544945 0.515038
0.550949 0.527543
0.557676 0.693408
0.565099 0.693405
0.573191 0.644588
0.581925 0.669076
0.591273 0.429409
0.601204 0.531272
0.611692 0.820785
0.622708 0.63438
0.634225 0.725771
0.646215 0.701706
0.658653 0.649541
0.671514 0.969309
0.684774 1.16224
0.698411 0.828843
0.712402 0.84166
0.726728 1.12844
0.741369 0.837764
0.756306 1.18754
0.771522 0.847773
0.787002 1.14965
0.80273 1.29787
0.535199 0.45979
0.535609 0.442377
0.536836 0.534954
0.538874 0.534039
0.541716 0.642171
0.545348 0.46867
0.549754 0.674674
0.554916 0.566926
0.560813 0.385103
0.567423 0.862832
0.57472 0.582038
0.582679 0.606511
0.591273 0.514981
0.600474 0.73442
0.610257 0.771241
0.620592 0.480079
0.631452 0.819606
0.642812 0.996945
0.654645 0.92382
0.666926 0.977003
0.67963 0.712122
0.692735 1.0079
0.706218 1.16269
0.720058 1.25925
0.734234 1.20574
0.748728 0.791243
0.763521 0.921506
0.778597 1.41676
0.793939 1.07829
0.809532 1.11802
0.546151 0.60053
0.546553 0.614107
0.547755 0.522312
0.549754 0.750678
0.552539 0.439441
0.5561 0.804388
0.560422 0.510876
0.565487 0.721272
0.571275 0.600198
0.577765 0.71358
0.584933 0.747809
0.592755 0.638841
0.601204 0.838601
0.610257 0.736306
0.619884 0.74824
0.630061 0.982205
0.640762 0.515654
0.651959 0.844756
0.663629 0.854147
0.675747 0.715315
0.688288 0.715035
0.701232 1.06932
0.714554 0.759025
0.728235 0.658243
0.742256 1.00582
0.756596 1.01588
0.771238 1.00254
0.786166 0.996074
0.801363 1.17979
0.816814 1.57648
0.557676 0.579216
0.558069 0.602966
0.559247 0.440538
0.561204 0.568354
0.563933 0.600715
0.567423 0.586329
0.571659 0.708237
0.576625 0.54051
0.582302 0.555827
0.58867 0.578486
0.595707 0.663907
0.603389 0.476431
0.611692 0.621719
0.620592 0.781989
0.630061 0.693793
0.640077 0.693516
0.650612 0.798772
0.661643 1.03621
0.673145 0.878688
0.685095 0.946623
0.697468 1.24074
0.710244 1.27491
0.723401 1.24392
0.736918 1.04069
0.750776 1.11265
0.764956 0.977856
0.779441 1.05076
0.794215 1.34367
0.809261 1.04134
0.824564 1.48373
0.569737 0.589997
0.570122 0.814575
0.571275 0.728593
0.573191 0.962124
0.575863 0.787242
0.579281 0.526312
0.583431 0.757716
0.588298 0.442488
0.593864 0.565214
0.600109 0.661168
0.607013 0.761026
0.614554 0.611471
0.622708 0.845915
0.631452 0.833754
0.640762 1.05032
0.650612 1.04764
0.66098 0.702094
0.671841 0.728677
0.683171 0.797078
0.694948 0.941096
0.707149 1.03147
0.719753 0.974171
0.732739 1.12937
0.746087 1.07721
0.759778 0.950175
0.773793 1.01883
0.788116 1.13345
0.80273 1.19744
0.817619 1.19901
0.832769 1.36807
0.582302 0.694053
0.582679 0.695055
0.583807 0.667427
0.585682 0.874133
0.588298 0.608685
0.591643 0.615851
0.595707 0.698987
0.600474 0.628897
0.605928 0.757731
0.612051 0.74406
0.618822 0.80611
0.626221 0.786291
0.634225 0.918273
0.642812 0.652888
0.651959 0.87396
0.661643 1.12618
0.671841 0.875941
0.682529 0.928333
0.693684 1.07218
0.705286 1.05065
0.717311 1.07462
0.72974 1.19393
0.742551 1.22348
0.755726 1.37454
0.769245 1.09124
0.783091 1.31381
0.797247 0.868446
0.811696 1.15134
0.826424 1.29842
0.841415 1.05904
0.595339 0.853317
0.595707 0.627231
0.596811 0.752022
0.598645 0.623802
0.601204 0.738334
0.604479 0.532498
0.608457 0.775733
0.613125 1.18179
0.618467 0.96232
0.624467 0.596416
0.631105 0.853891
0.638361 0.890013
0.646215 0.690922
0.654645 0.740433
0.663629 0.90639
0.673145 0.808888
0.683171 0.832753
0.693684 0.821647
0.704664 1.24637
0.716087 1.01635
0.727934 0.928
0.740184 1.31717
0.752818 0.972266
0.765816 1.02689
0.77916 0.989061
0.792833 0.915718
0.806818 1.59733
0.821099 1.1467
0.835661 0.950249
0.850489 1.20519
0.608817 0.955588
0.609177 0.749039
0.610257 0.692945
0.612051 1.05296
0.614554 0.836367
0.617758 0.839427
0.621651 0.823761
0.626221 0.81273
0.631452 0.85981
0.63733 0.738893
0.643835 0.920387
0.650949 0.920835
0.658653 1.0461
0.666926 1.02167
0.675747 0.868232
0.685095 0.771444
0.694948 1.38447
0.705286 0.905052
0.716087 0.996763
0.727331 0.965885
0.738998 1.23872
0.751068 1.03305
0.763521 1.06591
0.77634 0.955796
0.789506 1.31968
0.803003 1.36981
0.816814 1.04001
0.830923 1.01123
0.845316 0.891527
0.859978 1.01457
0.622708 0.674133
0.623061 0.770473
0.624116 0.874574
0.62587 0.67204
0.628319 0.609796
0.631452 1.09837
0.635261 0.657622
0.639734 0.962619
0.644856 0.795243
0.650612 1.05866
0.656986 0.892904
0.66396 0.806728
0.671514 0.943571
0.67963 0.988853
0.688288 0.97762
0.697468 1.01249
0.707149 0.86021
0.717311 0.855918
0.727934 0.9855
0.738998 1.03082
0.750483 1.15585
0.762371 1.28848
0.774643 1.40243
0.787281 1.24286
0.800267 1.10525
0.813586 0.895979
0.82722 1.15156
0.841155 1.14383
0.855375 1.32969
0.869868 1.09277
0.636985 0.931473
0.63733 0.553935
0.638361 0.550863
0.640077 0.755191
0.642471 0.770102
0.645536 0.596656
0.649262 1.13756
0.653639 0.829321
0.658653 0.499224
0.66429 0.871674
0.670534 0.906126
0.677368 0.752022
0.684774 1.05782
0.692735 1.02672
0.701232 0.794919
0.710244 0.803615
0.719753 0.722152
0.72974 1.02799
0.740184 0.95951
0.751068 1.12305
0.762371 1.10523
0.774077 1.29879
0.786166 0.813474
0.798621 1.2314
0.811426 1.1082
0.824564 1.25679
0.83802 1.30688
0.851778 0.950167
0.865824 1.64234
0.880144 0.784238
0.651623 0.950246
0.651959 1.06285
0.652968 0.748274
0.654645 0.717199
0.656986 0.707309
0.659984 1.0218
0.663629 0.896799
0.667912 0.881366
0.672819 0.989761
0.678338 0.818867
0.684454 0.814583
0.69115 1.068
0.698411 0.872321
0.706218 0.873855
0.714554 0.619353
0.723401 1.23349
0.732739 1.31692
0.742551 1.14915
0.752818 0.751315
0.763521 1.07898
0.774643 1.2653
0.786166 0.931907
0.798072 1.09587
0.810344 1.11844
0.822967 1.65874
0.835923 1.28403
0.849199 0.981483
0.862779 1.27346
0.876649 1.21805
0.890795 0.84213
0.666597 0.999275
0.666926 0.980879
0.667912 0.885281
0.669552 0.696377
0.671841 0.695538
0.674772 0.840579
0.678338 1.11987
0.682529 0.697922
0.687332 0.959334
0.692735 0.962469
0.698725 1.28567
0.705286 0.840083
0.712402 1.06773
0.720058 0.868641
0.728235 0.968393
0.736918 1.3645
0.746087 1.40576
0.755726 0.822154
0.765816 1.22062
0.77634 0.818668
0.787281 0.874867
0.798621 0.892827
0.810344 1.10974
0.822434 1.13091
0.834873 0.901135
0.847648 1.30436
0.860743 1.19254
0.874143 0.989785
0.887836 0.951622
0.901807 0.857262
0.681886 0.783306
0.682207 0.975267
0.683171 0.860623
0.684774 0.738675
0.687013 0.94245
0.68988 0.648847
0.693368 1.11176
0.697468 0.916762
0.702169 0.997688
0.707459 1.16097
0.713325 1.21229
0.719753 0.938546
0.726728 1.47969
0.734234 0.923538
0.742256 1.24897
0.750776 1.2566
0.759778 1.55408
0.769245 1.03906
0.77916 1.50443
0.789506 0.846369
0.800267 1.12638
0.811426 1.07457
0.822967 1.01185
0.834873 1.02078
0.84713 0.801975
0.859723 1.08045
0.872637 0.728352
0.885857 1.22657
0.899371 1.23215
0.913166 1.03851
0.697468 0.936834
0.697783 0.858233
0.698725 0.917705
0.700293 1.08328
0.702481 0.818324
0.705286 0.77456
0.708698 0.860507
0.71271 0.888674
0.717311 1.03006
0.72249 0.929207
0.728235 1.16426
0.734533 1.0407
0.741369 0.847381
0.748728 1.0202
0.756596 1.19233
0.764956 0.880742
0.773793 0.785979
0.783091 0.958016
0.792833 1.08097
0.803003 1.23727
0.813586 1.15131
0.824564 1.45678
0.835923 1.3503
0.847648 0.928591
0.859723 0.997417
0.872134 0.744555
0.884866 1.34025
0.897907 0.992888
0.911242 1.32672
0.92486 1.39002
0.713325 0.81402
0.713633 1.39278
0.714554 1.18707
0.716087 0.945555
0.718228 1.29002
0.720971 0.84234
0.72431 1.00213
0.728235 1.09739
0.732739 1.473
0.73781 1.29346
0.743437 0.955984
0.749606 1.07608
0.756306 0.863796
0.763521 0.764139
0.771238 1.11551
0.779441 1.06812
0.788116 1.04689
0.797247 0.813392
0.806818 1.01601
0.816814 0.96346
0.82722 1.11336
0.83802 1.24375
0.849199 1.30825
0.860743 1.41654
0.872637 1.07282
0.884866 0.991695
0.897418 1.71053
0.910279 1.42271
0.923436 1.01535
0.936876 1.07765
0.729439 1.21214
0.72974 1.0931
0.730641 0.951644
0.73214 1.28185
0.734234 1.0115
0.736918 1.20467
0.740184 1.38451
0.744026 1.09045
0.748435 0.790485
0.7534 0.927468
0.758911 0.983061
0.764956 1.033
0.771522 1.08816
0.778597 0.79756
0.786166 1.04894
0.794215 0.976628
0.80273 1.38558
0.811696 1.4772
0.821099 1.32545
0.830923 2.17386
0.841155 1.32867
0.851778 1.11959
0.862779 1.19055
0.874143 0.922
0.885857 0.853915
0.897907 0.64452
0.910279 0.997808
0.922961 1.35673
0.935939 0.773785
0.949202 1.10567
0.745793 1.05445
0.746087 1.15487
0.746968 1.34316
0.748435 1.18239
0.750483 1.31201
0.753109 0.899004
0.756306 1.18906
0.760066 0.659618
0.764382 1.14857
0.769245 1.01693
0.774643 1.44157
0.780566 1.22385
0.787002 1.30072
0.793939 1.19241
0.801363 1.57917
0.809261 0.721739
0.817619 1.24798
0.826424 1.03662
0.835661 1.39181
0.845316 0.919758
0.855375 1.41881
0.865824 0.920651
0.876649 1.21706
0.887836 1.55088
0.899371 1.05491
0.911242 1.79904
0.923436 0.810045
0.935939 0.736601
0.94874 0.839201
0.961827 0.894872
0.762371 1.33531
0.762659 0.99337
0.763521 1.18394
0.764956 1.04939
0.766961 0.99882
0.76953 1.05745
0.772659 1.4599
0.77634 0.987869
0.780566 0.719169
0.785328 1.21233
0.790617 1.00715
0.796421 1.30146
0.80273 1.50667
0.809532 1.30608
0.816814 1.48231
0.824564 1.44657
0.832769 1.18891
0.841415 0.815485
0.850489 1.1033
0.859978 1.28525
0.869868 1.17586
0.880144 1.19437
0.890795 1.13791
0.901807 1.46849
0.913166 1.19238
0.92486 1.04429
0.936876 1.30124
0.949202 0.944408
0.961827 0.955864
0.974738 0.835178
0.481711 0.344382
0.482166 0.453792
0.483529 0.61719
0.485791 0.513654
0.488941 0.606585
0.492962 0.566912
0.497832 0.613373
0.503527 0.598033
0.510019 0.46369
0.517277 0.379538
0.525272 0.589594
0.533968 0.647501
0.543333 0.48944
0.553333 0.538045
0.563933 0.676916
0.575101 0.774051
0.586805 0.697839
0.599012 0.695717
0.611692 0.650778
0.624818 0.97646
0.638361 0.706059
0.652296 0.872789
0.666597 1.21298
0.681242 1.03531
0.696209 0.950769
0.711478 1.22961
0.72703 1.22431
0.742846 1.12177
0.758911 1.35238
0.775209 1.15882
0.482166 0.492565
0.482621 0.52512
0.483982 0.594613
0.486243 0.32338
0.48939 0.4343
0.493407 0.440029
0.498272 0.566698
0.503962 0.581584
0.510448 0.415099
0.517701 0.619308
0.525689 0.489174
0.534379 0.406149
0.543737 0.488764
0.553729 0.534081
0.564322 0.817084
0.575482 0.615393
0.587178 0.708255
0.599378 0.584588
0.612051 0.723219
0.625169 0.867346
0.638705 0.972699
0.652632 0.968925
0.666926 0.638333
0.681564 1.01826
0.696524 1.00799
0.711786 1.17539
0.727331 1.0763
0.743141 0.870357
0.7592 0.888681
0.775492 1.48191
0.483529 0.406673
0.483982 0.526328
0.48534 0.445965
0.487594 0.716606
0.490732 0.548933
0.494739 0.443672
0.499591 0.468419
0.505266 0.507807
0.511736 0.473104
0.518971 0.53881
0.526939 0.701293
0.535609 0.663419
0.544945 0.609153
0.554916 0.692579
0.565487 0.670371
0.576625 0.578551
0.588298 0.378356
0.600474 0.802123
0.613125 0.638019
0.626221 0.918207
0.639734 0.676815
0.653639 0.797822
0.667912 0.985817
0.682529 1.09913
0.697468 1.02046
0.71271 1.15284
0.728235 0.735882
0.744026 1.03347
0.760066 0.972604
0.77634 1.13972
0.485791 0.634465
0.486243 0.515685
0.487594 0.390216
0.489838 0.423921
0.492962 0.543969
0.49695 0.415459
0.501781 0.773661
0.507432 0.466249
0.513874 0.550889
0.521079 0.511349
0.529016 0.470508
0.537652 0.753239
0.546954 0.651163
0.556889 0.705758
0.567423 0.586355
0.578523 0.698383
0.590159 0.371439
0.602298 0.397267
0.614911 0.596284
0.627969 0.913013
0.641446 0.77364
0.655315 0.834289
0.669552 1.17611
0.684133 0.739354
0.699039 0.902412
0.714247 0.808177
0.72974 1.03167
0.745499 1.10718
0.761508 1.30713
0.777751 0.959169
0.488941 0.428513
0.48939 0.434235
0.490732 0.515632
0.492962 0.505072
0.496067 0.586566
0.50003 0.431777
0.504832 0.456546
0.510448 0.534549
0.516853 0.489616
0.524017 0.662333
0.53191 0.482697
0.5405 0.594008
0.549754 0.772685
0.559639 0.625181
0.570122 0.488948
0.581171 0.613978
0.592755 0.703807
0.604842 0.994719
0.617403 0.982343
0.630409 0.726433
0.643835 1.00645
0.657653 0.879918
0.671841 1.3065
0.686374 1.27021
0.701232 0.966033
0.716393 1.13066
0.731841 0.832736
0.747555 1.78055
0.763521 0.909742
0.779723 1.03239
0.492962 0.558264
0.493407 0.467678
0.494739 0.490612
0.49695 0.551321
0.50003 0.43733
0.503962 0.459246
0.508727 0.831277
0.514301 0.448179
0.520658 0.626004
0.527771 0.516886
0.535609 0.762722
0.54414 0.674574
0.553333 0.923903
0.563155 0.646514
0.573574 0.647062
0.584558 0.811518
0.596075 0.700776
0.608096 0.893015
0.620592 0.973157
0.633533 0.968386
0.646894 0.850899
0.660648 1.03228
0.674772 0.888526
0.689244 0.7745
0.704041 0.913586
0.719143 1.03347
0.734533 1.21733
0.750191 1.18194
0.766102 1.03743
0.78225 1.00914
0.497832 0.588753
0.498272 0.52472
0.499591 0.578801
0.501781 0.442915
0.504832 0.644172
0.508727 0.373445
0.513447 0.484915
0.518971 0.599455
0.525272 0.559326
0.532323 0.705745
0.540094 0.540301
0.548556 0.887357
0.557676 0.683859
0.567423 0.819724
0.577765 0.691847
0.58867 0.659082
0.600109 0.600809
0.612051 0.98917
0.624467 0.956067
0.63733 1.00568
0.650612 1.03819
0.66429 1.25225
0.678338 1.00888
0.692735 0.905616
0.707459 1.16439
0.72249 1.45388
0.73781 1.58734
0.7534 0.870072
0.769245 1.30961
0.785328 1.57576
0.503527 0.624017
0.503962 0.497324
0.505266 0.491088
0.507432 0.319827
0.510448 0.667761
0.514301 0.451977
0.518971 0.72083
0.524436 0.44203
0.530672 0.591059
0.537652 0.53411
0.545348 0.522874
0.553729 0.687926
0.562765 0.376491
0.572425 0.517761
0.582679 0.534491
0.593494 0.628456
0.604842 0.866357
0.616692 0.807188
0.629016 0.577982
0.641788 0.822474
0.65498 0.537801
0.668568 0.712732
0.682529 0.963539
0.696839 0.520977
0.711478 0.969297
0.726426 0.894387
0.741664 0.640099
0.757175 1.017
0.772942 1.24329
0.788951 0.878468
0.510019 0.502347
0.510448 0.617964
0.511736 0.604336
0.513874 0.526747
0.516853 0.56754
0.520658 0.471145
0.525272 0.365102
0.530672 0.438494
0.536836 0.539744
0.543737 0.385647
0.551347 0.713845
0.559639 0.58608
0.568581 0.698439
0.578144 0.596823
0.588298 0.771867
0.599012 0.773781
0.610257 1.08133
0.622004 0.932308
0.634225 0.868822
0.646894 0.676896
0.659984 0.764377
0.673471 0.850835
0.687332 0.880338
0.701544 1.17276
0.716087 1.00171
0.730941 1.01816
0.746087 0.763183
0.761508 1.30506
0.777187 1.08411
0.79311 1.38103
0.517277 0.525146
0.517701 0.771955
0.518971 0.504259
0.521079 0.529276
0.524017 0.402088
0.527771 0.400547
0.532323 0.611452
0.537652 0.419321
0.543737 0.697495
0.550551 0.691589
0.558069 0.612126
0.566262 0.721302
0.575101 0.909525
0.584558 0.6128
0.594602 0.718854
0.605204 0.72603
0.616336 0.54567
0.627969 1.14169
0.640077 0.843951
0.652632 0.793667
0.665609 0.994596
0.678985 0.881973
0.692735 0.915648
0.706839 1.07009
0.721275 1.29763
0.736024 1.27495
0.751068 1.60315
0.766388 1.24843
0.78197 0.974666
0.797797 1.30486
0.525272 0.610627
0.525689 0.472984
0.526939 0.593904
0.529016 0.590082
0.53191 0.570554
0.535609 0.374696
0.540094 0.464816
0.545348 0.531334
0.551347 0.720736
0.558069 0.662092
0.565487 0.768919
0.573574 0.513136
0.582302 0.817291
0.591643 0.688996
0.601569 0.630338
0.612051 0.814691
0.623061 0.746755
0.634571 0.858556
0.646554 0.969588
0.658986 1.11498
0.671841 1.06255
0.685095 1.27453
0.698725 0.993007
0.71271 1.17742
0.72703 0.979882
0.741664 1.20392
0.756596 1.3155
0.771807 1.29958
0.787281 1.18936
0.803003 1.09049
0.533968 0.569634
0.534379 0.49408
0.535609 0.678781
0.537652 0.61445
0.5405 0.572168
0.54414 0.664646
0.548556 0.551
0.553729 0.640573
0.559639 0.622915
0.566262 0.775849
0.573574 0.744041
0.581548 0.692052
0.590159 0.645654
0.599378 0.942131
0.609177 1.17544
0.61953 0.877723
0.630409 0.727235
0.641788 0.726152
0.653639 1.21745
0.665939 1.01261
0.678662 1.07096
0.691785 0.753231
0.705286 0.747089
0.719143 1.01305
0.733337 1.13831
0.747849 1.23947
0.762659 1.02709
0.777751 1.27859
0.79311 1.30311
0.808719 0.989484
0.543333 0.408954
0.543737 0.603374
0.544945 0.468097
0.546954 0.65901
0.549754 0.340527
0.553333 0.659816
0.557676 0.837963
0.562765 0.613389
0.568581 0.740389
0.575101 0.703112
0.582302 0.589422
0.590159 0.496939
0.598645 0.723428
0.607736 0.804705
0.617403 0.893287
0.62762 0.91436
0.638361 0.937202
0.6496 0.742815
0.661312 0.814573
0.673471 0.892145
0.686054 1.23289
0.699039 0.884468
0.712402 1.16783
0.726124 1.29126
0.740184 1.26271
0.754564 1.20023
0.769245 1.24331
0.78421 0.860321
0.799445 1.16851
0.814932 1.32184
0.553333 0.659865
0.553729 0.80583
0.554916 0.516241
0.556889 0.802057
0.559639 0.521143
0.563155 0.632485
0.567423 0.63035
0.572425 0.896892
0.578144 0.362958
0.584558 0.630667
0.591643 0.499392
0.599378 0.68846
0.607736 0.908767
0.616692 0.619954
0.626221 0.922107
0.636296 0.884771
0.646894 0.97347
0.657987 0.859288
0.669552 0.567992
0.681564 0.81045
0.694001 0.76754
0.706839 0.780862
0.720058 0.87873
0.733636 0.977556
0.747555 1.32221
0.761796 1.3698
0.77634 1.03257
0.791171 1.81271
0.806274 1.32441
0.821633 1.20929
0.563933 0.458052
0.564322 0.774443
0.565487 0.600576
0.567423 0.543551
0.570122 0.702207
0.573574 0.663025
0.577765 0.800357
0.582679 0.662721
0.588298 0.731562
0.594602 1.02453
0.601569 0.839609
0.609177 0.724138
0.617403 1.00528
0.626221 0.542214
0.635607 0.740465
0.645536 0.995093
0.655984 0.982947
0.666926 1.01629
0.678338 0.706607
0.690198 0.997322
0.702481 0.773526
0.715168 1.2485
0.728235 0.86802
0.741664 0.981376
0.755435 1.21549
0.76953 1.2381
0.783931 1.0316
0.798621 1.21156
0.813586 1.36104
0.828809 1.14144
0.575101 0.643123
0.575482 0.793301
0.576625 0.733922
0.578523 0.54275
0.581171 0.758512
0.584558 0.796853
0.58867 0.663548
0.593494 0.666201
0.599012 0.945983
0.605204 1.09803
0.612051 0.867004
0.61953 0.687061
0.62762 0.647714
0.636296 0.975973
0.645536 0.893871
0.655315 0.707814
0.665609 1.08151
0.676396 1.58059
0.687651 0.660975
0.699352 1.23161
0.711478 0.980029
0.724007 0.797221
0.736918 0.867439
0.750191 1.21008
0.763808 1.14037
0.777751 0.968541
0.792003 0.919503
0.806546 0.946054
0.821366 1.18485
0.836448 1.0355
0.586805 0.653438
0.587178 0.69063
0.588298 0.850016
0.590159 0.585661
0.592755 0.653485
0.596075 0.502836
0.600109 0.716759
0.604842 0.780997
0.610257 1.03812
0.616336 0.862611
0.623061 0.944024
0.630409 0.770569
0.638361 0.622133
0.646894 0.949895
0.655984 0.940058
0.665609 0.740503
0.675747 1.00889
0.686374 0.861082
0.697468 0.933766
0.709008 1.0506
0.720971 0.937581
0.733337 0.887576
0.746087 1.22625
0.7592 1.12767
0.772659 1.17634
0.786445 1.29904
0.800541 1.01497
0.814932 1.07118
0.829603 1.46612
0.844537 1.72004
0.599012 0.80893
0.599378 0.721278
0.600474 0.714032
0.602298 0.733828
0.604842 0.583035
0.608096 0.743485
0.612051 0.63134
0.616692 0.966987
0.622004 0.832279
0.627969 0.810953
0.634571 0.868074
0.641788 1.08679
0.6496 1.19824
0.657987 1.1198
0.666926 0.918427
0.676396 0.874565
0.686374 1.24729
0.696839 0.803075
0.707769 1.29479
0.719143 0.930932
0.730941 1.1603
0.743141 1.31573
0.755726 1.47866
0.768674 1.35663
0.78197 1.37792
0.795595 1.14496
0.809532 1.47154
0.823766 0.831381
0.838281 0.855813
0.853064 1.07167
0.611692 0.798573
0.612051 0.764828
0.613125 0.658133
0.614911 0.591173
0.617403 0.739215
0.620592 0.667865
0.624467 0.647525
0.629016 0.859537
0.634225 1.18663
0.640077 0.634727
0.646554 0.846337
0.653639 0.847952
0.661312 1.10602
0.669552 0.893533
0.678338 1.04754
0.687651 0.969141
0.697468 1.16249
0.707769 0.924432
0.718533 0.935094
0.72974 1.33995
0.741369 1.19241
0.7534 0.953043
0.765816 1.26843
0.778597 0.908985
0.791726 0.868288
0.805185 1.19987
0.818959 1.28518
0.833032 0.947192
0.847389 1.35099
0.862016 1.40004
0.624818 0.65291
0.625169 0.537203
0.626221 0.843134
0.627969 0.789404
0.630409 1.00868
0.633533 0.89327
0.63733 0.815761
0.641788 0.882435
0.646894 0.998856
0.652632 0.82932
0.658986 1.05402
0.665939 0.900895
0.673471 0.794586
0.681564 0.976452
0.690198 0.733947
0.699352 1.27259
0.709008 1.1098
0.719143 1.01633
0.72974 1.10257
0.740777 0.872203
0.752235 1.49504
0.764095 1.17356
0.77634 0.788894
0.788951 1.17303
0.80191 1.15284
0.815201 0.712657
0.828809 1.15165
0.842718 1.32489
0.856912 0.905916
0.871379 1.38887
0.638361 0.87562
0.638705 0.977036
0.639734 0.854383
0.641446 0.785445
0.643835 0.797308
0.646894 1.00663
0.650612 0.734521
0.65498 1.06571
0.659984 0.929665
0.665609 1.35476
0.671841 0.946653
0.678662 0.873097
0.686054 1.26486
0.694001 1.20348
0.702481 0.917803
0.711478 0.806361
0.720971 0.984937
0.730941 1.11465
0.741369 0.97337
0.752235 1.17634
0.763521 1.12688
0.775209 1.19504
0.787281 1.26151
0.799719 1.05888
0.812507 1.45698
0.825627 1.2833
0.839066 1.43237
0.852807 0.789475
0.866837 1.18086
0.881141 1.42984
0.652296 1.13668
0.652632 0.887277
0.653639 0.890958
0.655315 0.706997
0.657653 0.787112
0.660648 1.13327
0.66429 0.792067
0.668568 0.945341
0.673471 0.925221
0.678985 1.14617
0.685095 1.08007
0.691785 0.991286
0.699039 0.877773
0.706839 1.11397
0.715168 1.06211
0.724007 1.16756
0.733337 1.1343
0.743141 1.40919
0.7534 1.00738
0.764095 1.14493
0.775209 0.884363
0.786723 1.32487
0.798621 1.04012
0.810885 1.21489
0.8235 0.900078
0.836448 1.33388
0.849715 0.906615
0.863287 1.40958
0.877149 0.852551
0.891288 1.1028
0.666597 0.985463
0.666926 0.996211
0.667912 0.771401
0.669552 0.845674
0.671841 0.916189
0.674772 1.13715
0.678338 1.06853
0.682529 0.715563
0.687332 0.918356
0.692735 1.10324
0.698725 1.04915
0.705286 1.14195
0.712402 1.02997
0.720058 1.04127
0.728235 1.27392
0.736918 0.753024
0.746087 0.969215
0.755726 1.62653
0.765816 1.14849
0.77634 1.14161
0.787281 1.14495
0.798621 1.21087
0.810344 1.39677
0.822434 1.14965
0.834873 1.13437
0.847648 0.908044
0.860743 1.39156
0.874143 1.20595
0.887836 1.04299
0.901807 1.41005
0.681242 0.879856
0.681564 0.939415
0.682529 0.915706
0.684133 0.984808
0.686374 1.13514
0.689244 0.753516
0.692735 1.03824
0.696839 0.699627
0.701544 1.21503
0.706839 1.07579
0.71271 1.06677
0.719143 1.1312
0.726124 0.83718
0.733636 1.13524
0.741664 1.02476
0.750191 1.15126
0.7592 1.14195
0.768674 0.610789
0.778597 1.07173
0.788951 1.24047
0.799719 1.37211
0.810885 1.21958
0.822434 1.02636
0.834348 0.94853
0.846612 1.39271
0.859213 1.703
0.872134 1.13158
0.885362 1.35284
0.898884 0.752172
0.912685 1.56738
0.696209 0.753257
0.696524 1.1892
0.697468 1.36271
0.699039 1.09552
0.701232 1.14652
0.704041 0.851674
0.707459 0.79544
0.711478 1.07193
0.716087 0.793668
0.721275 0.992611
0.72703 0.845944
0.733337 1.13944
0.740184 1.30245
0.747555 0.837399
0.755435 1.06737
0.763808 1.25017
0.772659 0.972812
0.78197 1.04476
0.791726 1.13974
0.80191 1.08942
0.812507 1.24081
0.8235 1.10947
0.834873 1.06985
0.846612 1.1739
0.858702 1.1517
0.871127 1.31381
0.883874 1.35129
0.896929 1.03782
0.910279 1.20206
0.923911 1.12159
0.711478 1.23
0.711786 1.07178
0.71271 1.12243
0.714247 1.05559
0.716393 1.00332
0.719143 0.977199
0.72249 1.50172
0.726426 0.70968
0.730941 1.28151
0.736024 0.964521
0.741664 1.28899
0.747849 1.305
0.754564 1.85737
0.761796 1.01009
0.76953 1.02528
0.777751 0.872005
0.786445 1.14413
0.795595 0.948666
0.805185 1.0448
0.815201 1.27242
0.825627 1.02975
0.836448 0.967894
0.847648 1.37791
0.859213 1.07683
0.871127 1.35454
0.883378 1.42474
0.895951 1.00275
0.908832 1.14753
0.92201 1.01928
0.93547 1.44838
0.72703 1.05605
0.727331 1.11212
0.728235 0.746685
0.72974 1.17786
0.731841 1.27036
0.734533 1.30496
0.73781 0.824897
0.741664 1.19579
0.746087 1.04567
0.751068 0.963981
0.756596 1.44041
0.762659 1.1819
0.769245 0.881618
0.77634 1.51436
0.783931 1.21789
0.792003 1.08116
0.800541 1.35174
0.809532 1.19099
0.818959 1.13919
0.828809 1.17032
0.839066 1.37177
0.849715 1.04024
0.860743 1.4403
0.872134 1.35221
0.883874 1.24922
0.895951 1.15679
0.90835 1.30138
0.921058 1.26587
0.934063 1.22236
0.947352 0.811514
0.742846 0.752853
0.743141 1.08797
0.744026 0.967876
0.745499 1.35139
0.747555 1.58262
0.750191 1.13226
0.7534 1.11496
0.757175 1.36941
0.761508 1.48578
0.766388 0.8597
0.771807 1.02077
0.777751 1.02639
0.78421 1.2415
0.791171 1.22761
0.798621 0.964626
0.806546 1.33053
0.814932 1.62098
0.823766 1.42452
0.833032 1.15163
0.842718 0.862211
0.852807 1.2981
0.863287 1.44924
0.874143 0.848645
0.885362 1.04525
0.896929 1.40818
0.908832 1.16586
0.921058 0.871874
0.933593 1.33575
0.946426 1.3261
0.959544 0.873166
0.758911 1.40251
0.7592 1.11361
0.760066 1.07734
0.761508 1.22931
0.763521 1.10575
0.766102 1.61512
0.769245 1.26285
0.772942 1.03139
0.777187 1.20578
0.78197 0.675699
0.787281 1.27915
0.79311 1.2432
0.799445 1.18998
0.806274 1.21553
0.813586 0.889545
0.821366 0.963897
0.829603 1.02435
0.838281 1.1559
0.847389 1.08318
0.856912 1.01061
0.866837 1.14547
0.877149 1.53749
0.887836 1.33686
0.898884 1.19519
0.910279 1.25046
0.92201 1.3677
0.934063 0.935854
0.946426 0.889395
0.959087 1.12858
0.972034 1.11565
0.775209 1.13601
0.775492 1.17679
0.77634 1.14016
0.777751 1.12885
0.779723 1.08088
0.78225 1.04992
0.785328 0.99185
0.788951 1.3306
0.79311 1.29375
0.797797 0.853658
0.803003 1.16206
0.808719 1.47904
0.814932 1.28978
0.821633 1.2049
0.828809 1.63494
0.836448 0.776045
0.844537 1.65793
0.853064 1.38771
0.862016 0.678224
0.871379 1.45531
0.881141 0.971645
0.891288 1.45836
0.901807 1.15473
0.912685 1.26565
0.923911 0.999266
0.93547 1.63284
0.947352 1.16976
0.959544 1.34805
0.972034 1.03968
0.984811 1.04502
0.502655 0.531379
0.503091 0.529687
0.504397 0.478998
0.506567 0.522255
0.509588 0.746988
0.513447 0.518221
0.518125 0.373324
0.523599 0.376779
0.529845 0.577869
0.536836 0.451977
0.544543 0.623257
0.552936 0.605766
0.561985 0.606909
0.571659 0.604718
0.581925 0.851825
0.592755 0.672155
0.604116 0.936604
0.61598 0.743745
0.628319 0.966319
0.641104 0.807488
0.65431 0.691055
0.667912 0.783628
0.681886 0.860637
0.696209 1.03837
0.710861 1.46549
0.725822 1.1989
0.741073 0.827714
0.756596 0.90104
0.772375 1.29519
0.788394 1.04556
0.503091 0.487204
0.503527 0.485946
0.504832 0.458857
0.506999 0.520198
0.510019 0.39718
0.513874 0.524475
0.518548 0.593324
0.524017 0.667336
0.530258 0.656558
0.537244 0.622609
0.544945 0.627481
0.553333 0.527915
0.562375 0.727978
0.572042 0.686687
0.582302 0.526871
0.593124 0.593005
0.604479 0.717522
0.616336 0.969643
0.628667 0.629207
0.641446 0.95145
0.654645 0.809944
0.66824 0.995963
0.682207 0.587981
0.696524 1.29684
0.71117 1.21539
0.726124 1.05783
0.741369 0.830117
0.756886 1.15332
0.772659 1.10882
0.788673 1.25896
0.504397 0.456568
0.504832 0.477861
0.506133 0.509361
0.508295 0.274829
0.511307 0.403184
0.515153 0.451952
0.519815 0.539186
0.525272 0.613805
0.531498 0.722837
0.538467 0.645639
0.546151 0.616968
0.554521 0.716721
0.563544 0.775173
0.573191 0.608514
0.583431 0.734481
0.594233 0.647124
0.605566 0.83081
0.617403 0.948104
0.629713 1.0152
0.642471 0.780418
0.655649 0.864775
0.669224 0.867819
0.683171 0.937113
0.697468 0.948868
0.712094 1.08523
0.72703 1.23663
0.742256 0.899071
0.757754 1.02781
0.77351 1.30245
0.789506 1.00861
0.506567 0.546065
0.506999 0.410287
0.508295 0.546065
0.510448 0.476781
0.513447 0.554007
0.517277 0.562423
0.521921 0.470307
0.527355 0.680706
0.533557 0.574721
0.5405 0.50544
0.548156 0.544567
0.556495 0.498279
0.565487 0.484585
0.575101 0.778166
0.585308 0.83479
0.596075 0.634611
0.607375 0.600205
0.619176 0.650068
0.631452 0.790919
0.644175 1.03211
0.65732 0.863335
0.670861 0.957798
0.684774 0.926115
0.699039 1.03674
0.713633 0.919745
0.728536 0.946621
0.743731 1.53656
0.7592 1.1209
0.774926 1.24755
0.790894 1.19261
0.509588 0.558673
0.510019 0.553417
0.511307 0.479269
0.513447 0.451958
0.516429 0.658874
0.520237 0.491872
0.524854 0.472833
0.530258 0.498823
0.536427 0.713438
0.543333 0.596493
0.550949 0.567251
0.559247 0.830546
0.568195 0.451299
0.577765 0.669229
0.587925 0.74031
0.598645 0.620288
0.609897 0.754697
0.621651 0.795893
0.633879 1.0909
0.646554 1.1221
0.659651 0.903987
0.673145 1.12983
0.687013 0.947491
0.701232 1.04726
0.715781 1.42394
0.730641 1.54942
0.745793 1.10809
0.76122 1.01306
0.776905 1.09241
0.792833 0.748497
0.513447 0.531495
0.513874 0.526497
0.515153 0.451196
0.517277 0.424616
0.520237 0.494844
0.524017 0.48781
0.528601 0.489742
0.533968 0.6685
0.540094 0.734637
0.546954 0.372903
0.554521 0.352041
0.562765 0.74001
0.571659 0.638806
0.581171 0.5199
0.591273 0.866339
0.601934 0.835472
0.613125 0.721519
0.624818 0.943794
0.636985 0.998912
0.6496 0.907487
0.662637 0.855445
0.676071 0.902493
0.68988 0.747532
0.704041 0.891069
0.718533 1.08098
0.733337 1.00264
0.748435 1.09892
0.763808 1.65756
0.779441 1.05517
0.795319 0.88988
0.518125 0.458947
0.518548 0.610613
0.519815 0.497502
0.521921 0.568021
0.524854 0.585254
0.528601 0.423803
0.533146 0.570449
0.538467 0.657482
0.544543 0.704663
0.551347 0.875351
0.558854 0.534785
0.567036 0.521327
0.575863 0.787897
0.585308 0.632035
0.595339 0.363386
0.605928 0.681124
0.617047 0.925059
0.628667 0.634393
0.640762 0.664733
0.653304 1.01245
0.666268 0.789092
0.67963 0.917535
0.693368 0.955642
0.707459 0.84287
0.721883 0.920657
0.73662 1.14068
0.751652 1.14361
0.766961 1.00789
0.782531 1.02378
0.798346 1.58619
0.523599 0.618423
0.524017 0.592648
0.525272 0.448758
0.527355 0.513761
0.530258 0.55102
0.533968 0.556904
0.538467 0.530301
0.543737 0.391701
0.549754 0.527054
0.556495 0.631118
0.563933 0.716884
0.572042 0.589328
0.580794 0.769569
0.590159 0.487313
0.600109 0.65438
0.610616 0.554838
0.621651 0.619675
0.633187 0.721948
0.645196 0.808806
0.657653 0.698507
0.670534 0.903225
0.683813 0.903851
0.697468 1.02257
0.711478 1.02083
0.725822 0.805587
0.74048 0.946972
0.755435 1.0255
0.770669 1.31483
0.786166 0.943452
0.80191 1.31993
0.529845 0.555817
0.530258 0.680329
0.531498 0.485135
0.533557 0.677073
0.536427 0.550485
0.540094 0.703882
0.544543 0.749333
0.549754 0.678903
0.555706 0.767097
0.562375 0.691302
0.569737 0.475762
0.577765 0.589277
0.586431 0.56871
0.595707 0.755526
0.605566 0.604265
0.61598 1.02678
0.626921 0.713265
0.638361 0.872028
0.650275 0.801215
0.662637 0.950545
0.675422 0.884687
0.688607 0.810621
0.702169 0.773933
0.716087 0.707048
0.730341 1.18374
0.74491 1.25006
0.759778 1.37718
0.774926 1.03888
0.790339 0.880417
0.806002 1.18249
0.536836 0.593808
0.537244 0.737101
0.538467 0.726866
0.5405 0.597574
0.543333 0.882336
0.546954 0.431318
0.551347 0.569709
0.556495 0.626066
0.562375 0.523735
0.568967 0.70763
0.576244 0.541832
0.584182 0.441434
0.592755 0.788761
0.601934 0.67186
0.611692 1.13279
0.622004 0.732914
0.63284 0.91798
0.644175 0.793779
0.655984 0.797286
0.66824 0.87196
0.68092 1.0087
0.694001 0.953579
0.707459 0.869365
0.721275 0.735847
0.735428 0.995283
0.749899 0.84368
0.764669 1.30642
0.779723 0.785675
0.795043 1.30254
0.810615 1.31725
0.544543 0.522342
0.544945 0.494655
0.546151 0.576873
0.548156 0.466825
0.550949 0.592185
0.554521 0.750461
0.558854 0.739934
0.563933 0.50468
0.569737 0.740811
0.576244 0.906911
0.583431 0.674546
0.591273 0.63849
0.599743 0.495947
0.608817 0.691597
0.618467 0.846628
0.628667 0.551998
0.639391 0.978133
0.650612 1.11014
0.662306 0.864567
0.674447 0.872055
0.687013 0.859475
0.699979 1.12204
0.713325 1.15985
0.72703 1.08398
0.741073 1.01213
0.755435 1.36332
0.7701 1.33166
0.785049 0.924679
0.800267 1.24395
0.815739 1.24464
0.552936 0.582654
0.553333 0.677492
0.554521 0.607547
0.556495 0.549977
0.559247 0.603163
0.562765 0.652404
0.567036 0.631688
0.572042 0.711996
0.577765 0.632063
0.584182 0.688029
0.591273 0.644298
0.599012 0.635061
0.607375 0.521322
0.616336 0.679757
0.62587 0.885673
0.635952 0.971719
0.646554 0.56013
0.657653 0.945161
0.669224 0.775313
0.681242 0.890614
0.693684 0.930937
0.706529 0.671736
0.719753 0.850021
0.733337 1.39137
0.747262 0.832316
0.761508 1.0835
0.776057 1.08332
0.790894 1.02967
0.806002 0.91977
0.821366 1.48371
0.561985 0.498353
0.562375 0.553574
0.563544 0.695617
0.565487 0.534045
0.568195 0.541718
0.571659 0.702901
0.575863 0.627806
0.580794 0.715827
0.586431 0.692499
0.592755 0.72025
0.599743 0.842928
0.607375 0.902086
0.615624 1.09134
0.624467 0.835582
0.633879 0.879471
0.643835 0.818721
0.65431 1.02796
0.66528 0.713583
0.67672 1.05737
0.688607 0.821905
0.700919 0.923268
0.713633 0.885949
0.726728 0.85985
0.740184 1.15959
0.753982 0.789428
0.768104 1.08446
0.782531 0.903059
0.797247 1.24901
0.812237 0.980887
0.827485 1.24857
0.571659 0.655751
0.572042 0.593186
0.573191 0.565851
0.575101 0.641463
0.577765 0.502568
0.581171 0.557208
0.585308 1.06282
0.590159 0.479988
0.595707 0.731465
0.601934 0.499696
0.608817 0.772015
0.616336 0.67805
0.624467 0.671171
0.633187 0.777813
0.642471 1.16817
0.652296 1.05795
0.662637 0.93713
0.673471 0.862387
0.684774 0.933631
0.696524 1.18768
0.708698 1.10817
0.721275 1.14437
0.734234 1.23621
0.747555 1.10147
0.76122 1.02962
0.775209 1.04493
0.789506 1.08998
0.804095 1.03983
0.818959 0.981654
0.834085 1.05901
0.581925 0.783361
0.582302 0.742909
0.583431 0.601721
0.585308 0.921095
0.587925 0.662775
0.591273 0.666655
0.595339 0.695172
0.600109 0.892542
0.605566 0.876451
0.611692 0.608532
0.618467 0.816652
0.62587 0.782024
0.633879 0.668587
0.642471 0.887987
0.651623 0.846811
0.661312 0.691641
0.671514 1.06982
0.682207 0.794352
0.693368 0.954409
0.704975 1.06386
0.717005 0.864554
0.729439 1.08168
0.742256 1.10746
0.755435 1.27756
0.76896 0.949765
0.782811 1.45646
0.796972 1.14145
0.811426 0.834499
0.826159 1.18404
0.841155 1.09893
0.592755 0.802305
0.593124 0.671489
0.594233 0.562159
0.596075 0.52814
0.598645 0.868831
0.601934 0.679881
0.605928 0.869964
0.610616 0.897795
0.61598 0.64667
0.622004 0.974546
0.628667 0.922509
0.635952 0.73889
0.643835 0.916058
0.652296 0.844456
0.661312 0.716301
0.670861 0.862933
0.68092 0.854565
0.691468 1.05622
0.702481 1.0219
0.71394 0.811583
0.725822 1.22906
0.738107 0.998284
0.750776 1.5944
0.763808 1.21618
0.777187 1.4657
0.790894 1.04526
0.804913 1.11238
0.819227 1.45792
0.833822 1.34941
0.848682 1.52187
0.604116 0.697687
0.604479 0.412469
0.605566 0.60559
0.607375 0.716727
0.609897 0.751961
0.613125 0.681444
0.617047 0.651634
0.621651 0.809876
0.626921 0.908524
0.63284 0.96426
0.639391 0.819502
0.646554 0.917097
0.65431 0.980341
0.662637 0.715632
0.671514 0.848571
0.68092 0.738644
0.690833 1.08094
0.701232 1.15636
0.712094 0.984675
0.723401 1.22209
0.73513 0.782593
0.747262 0.928075
0.759778 1.10069
0.772659 1.00823
0.785887 0.939959
0.799445 1.29025
0.813316 1.10171
0.827485 1.23872
0.841936 1.26862
0.856656 0.99463
0.61598 0.738584
0.616336 0.648519
0.617403 0.732379
0.619176 1.07477
0.621651 0.78701
0.624818 0.684742
0.628667 0.836205
0.633187 0.725376
0.638361 1.13143
0.644175 0.788112
0.650612 0.947451
0.657653 0.664327
0.66528 0.892823
0.673471 0.787051
0.682207 0.883793
0.691468 1.19484
0.701232 0.829468
0.711478 0.766383
0.722187 1.18515
0.733337 1.17573
0.74491 1.27763
0.756886 1.33308
0.769245 1.14574
0.78197 0.862675
0.795043 0.988945
0.808447 1.28528
0.822167 0.965093
0.836186 1.23153
0.850489 0.994776
0.865064 1.20218
0.628319 0.674646
0.628667 0.736101
0.629713 0.733955
0.631452 0.731433
0.633879 0.741818
0.636985 1.15381
0.640762 0.731106
0.645196 0.780132
0.650275 0.807615
0.655984 1.0658
0.662306 0.731744
0.669224 0.765606
0.67672 1.09629
0.684774 0.600836
0.693368 0.918593
0.702481 1.02779
0.712094 1.09702
0.722187 1.22954
0.732739 0.891291
0.743731 1.29989
0.755145 1.20814
0.766961 0.797054
0.77916 1.00984
0.791726 0.903493
0.80464 0.928512
0.817887 1.08313
0.831451 0.796516
0.845316 1.38601
0.859468 1.2203
0.873892 1.53831
0.641104 1.10881
0.641446 0.879599
0.642471 0.934418
0.644175 0.982428
0.646554 0.743423
0.6496 1.06913
0.653304 0.966632
0.657653 0.79146
0.662637 0.985095
0.66824 1.28363
0.674447 1.2224
0.681242 1.26886
0.688607 1.24121
0.696524 1.1532
0.704975 0.94039
0.71394 0.793382
0.723401 1.04774
0.733337 0.837553
0.743731 1.03386
0.754564 1.39491
0.765816 0.908584
0.777469 1.13682
0.789506 0.901909
0.80191 0.977004
0.814663 0.973319
0.82775 1.26908
0.841155 1.20307
0.854862 1.17969
0.868858 1.56297
0.88313 1.09448
0.65431 0.808124
0.654645 0.797861
0.655649 1.29058
0.65732 0.744945
0.659651 0.914411
0.662637 1.05656
0.666268 0.778286
0.670534 0.765577
0.675422 0.93623
0.68092 0.892025
0.687013 1.03731
0.693684 1.24439
0.700919 0.752083
0.708698 0.92298
0.717005 1.15882
0.725822 0.829601
0.73513 1.11553
0.74491 1.12903
0.755145 1.21026
0.765816 0.952117
0.776905 1.19752
0.788394 1.53888
0.800267 0.999462
0.812507 1.01761
0.825096 1.57752
0.83802 1.25787
0.851263 0.902725
0.86481 0.926372
0.878648 1.16786
0.892763 1.20348
0.667912 1.0976
0.66824 1.07236
0.669224 0.924521
0.670861 1.04954
0.673145 0.864526
0.676071 0.86097
0.67963 1.05382
0.683813 1.04738
0.688607 0.732682
0.694001 1.12379
0.699979 0.941441
0.706529 1.32895
0.713633 0.817646
0.721275 1.42456
0.729439 0.764377
0.738107 1.0928
0.747262 0.944151
0.756886 1.16174
0.766961 1.11802
0.777469 0.81263
0.788394 1.01744
0.799719 1.1766
0.811426 1.45635
0.8235 0.9781
0.835923 0.920371
0.848682 1.04427
0.861762 1.44125
0.875146 1.55791
0.888823 1.14481
0.902779 0.999807
0.681886 0.737997
0.682207 0.833057
0.683171 0.748883
0.684774 0.949226
0.687013 1.37129
0.68988 1.16791
0.693368 0.995667
0.697468 0.822631
0.702169 1.12823
0.707459 0.829703
0.713325 1.03528
0.719753 0.865299
0.726728 1.10019
0.734234 1.34399
0.742256 1.07478
0.750776 1.09834
0.759778 0.935199
0.769245 0.960997
0.77916 1.0933
0.789506 0.999004
0.800267 0.968758
0.811426 1.05955
0.822967 1.7043
0.834873 0.960038
0.84713 1.17107
0.859723 1.3563
0.872637 1.3853
0.885857 1.4834
0.899371 1.1583
0.913166 1.30451
0.696209 1.20349
0.696524 1.31114
0.697468 1.2063
0.699039 1.17689
0.701232 0.825978
0.704041 1.31422
0.707459 1.16227
0.711478 0.743538
0.716087 1.06056
0.721275 1.17679
0.72703 1.10146
0.733337 1.14831
0.740184 1.41801
0.747555 1.46513
0.755435 1.10691
0.763808 1.42228
0.772659 1.08492
0.78197 1.18294
0.791726 1.45571
0.80191 1.24292
0.812507 1.20653
0.8235 1.43463
0.834873 1.27579
0.846612 1.27706
0.858702 1.34097
0.871127 1.40733
0.883874 1.2586
0.896929 0.926477
0.910279 1.2228
0.923911 1.10487
0.710861 1.16366
0.71117 1.09171
0.712094 1.01079
0.713633 1.12448
0.715781 0.908155
0.718533 0.766346
0.721883 0.864892
0.725822 0.905728
0.730341 1.09712
0.735428 0.783136
0.741073 0.918972
0.747262 1.15121
0.753982 1.20911
0.76122 1.32173
0.76896 0.819962
0.777187 0.8737
0.785887 1.01845
0.795043 1.54301
0.80464 1.14639
0.814663 1.10527
0.825096 1.24214
0.835923 1.03747
0.84713 0.952512
0.858702 1.40415
0.870624 1.03437
0.882881 0.920781
0.895461 1.36686
0.90835 1.07137
0.921534 1.17655
0.935001 1.04442
0.725822 0.881604
0.726124 1.08034
0.72703 0.755559
0.728536 0.810551
0.730641 1.25578
0.733337 1.1391
0.73662 0.949566
0.74048 1.06953
0.74491 0.916565
0.749899 0.923138
0.755435 0.922851
0.761508 1.03579
0.768104 1.48402
0.775209 1.28064
0.782811 1.02581
0.790894 1.1079
0.799445 1.24498
0.808447 0.864717
0.817887 1.1483
0.82775 1.29968
0.83802 1.67233
0.848682 1.19483
0.859723 1.45445
0.871127 0.904071
0.882881 1.26418
0.894971 1.29905
0.907383 1.17525
0.920105 1.05779
0.933123 1.24728
0.946426 1.17106
0.741073 1.08571
0.741369 1.2744
0.742256 0.774283
0.743731 1.23499
0.745793 0.967811
0.748435 1.24072
0.751652 1.20152
0.755435 1.08893
0.759778 0.996179
0.764669 1.36565
0.7701 1.00936
0.776057 1.59749
0.782531 1.23454
0.789506 1.08628
0.796972 1.5861
0.804913 1.39742
0.813316 1.13603
0.822167 1.08673
0.831451 1.13771
0.841155 0.931892
0.851263 1.14141
0.861762 1.07055
0.872637 1.34626
0.883874 1.23018
0.895461 1.44439
0.907383 0.902654
0.919628 1.25185
0.932182 0.996821
0.945034 1.0183
0.958171 0.932111
0.756596 0.766899
0.756886 1.08105
0.757754 1.06803
0.7592 0.729077
0.76122 1.00269
0.763808 1.02825
0.766961 1.23134
0.770669 1.16178
0.774926 0.911347
0.779723 1.06099
0.785049 1.50758
0.790894 0.912536
0.797247 1.21837
0.804095 1.08226
0.811426 1.44687
0.819227 1.19404
0.827485 1.26764
0.836186 1.15986
0.845316 1.01189
0.854862 1.04338
0.86481 0.786551
0.875146 1.30701
0.885857 0.773832
0.896929 1.26109
0.90835 1.01384
0.920105 1.20584
0.932182 0.919445
0.94457 0.954087
0.957255 1.13661
0.970227 1.03491
0.772375 1.08955
0.772659 1.19358
0.77351 0.993412
0.774926 1.66946
0.776905 1.12125
0.779441 0.986739
0.782531 0.9341
0.786166 1.01586
0.790339 0.975465
0.795043 0.908325
0.800267 1.28158
0.806002 0.84562
0.812237 1.13013
0.818959 1.09956
0.826159 0.991662
0.833822 0.955288
0.841936 1.30929
0.850489 0.958324
0.859468 1.25186
0.868858 1.22809
0.878648 0.926977
0.888823 1.00459
0.899371 1.40179
0.910279 1.40178
0.921534 1.0317
0.933123 1.10137
0.945034 1.20767
0.957255 1.55547
0.969775 1.26178
0.982582 1.62418
0.788394 1.25834
0.788673 1.18917
0.789506 0.897668
0.790894 1.04608
0.792833 1.21245
0.795319 1.3838
0.798346 1.09455
0.80191 1.21845
0.806002 0.968089
0.810615 1.36026
0.815739 1.38761
0.821366 1.33563
0.827485 1.06653
0.834085 1.28352
0.841155 0.807965
0.848682 1.14639
0.856656 1.19913
0.865064 0.921133
0.873892 0.843393
0.88313 1.12237
0.892763 1.20051
0.902779 0.924154
0.913166 1.60208
0.923911 1.34404
0.935001 1.08005
0.946426 0.995154
0.958171 1.0502
0.970227 1.24133
0.982582 1.23946
0.995223 1.40622
0.523599 0.576693
0.524017 0.628598
0.525272 0.532266
0.527355 0.47012
0.530258 0.609887
0.533968 0.425248
0.538467 0.639231
0.543737 0.862591
0.549754 0.558737
0.556495 0.787537
0.563933 0.747396
0.572042 0.653517
0.580794 0.687731
0.590159 0.546466
0.600109 0.763159
0.610616 0.784085
0.621651 0.884465
0.633187 1.07472
0.645196 0.977079
0.657653 1.02688
0.670534 0.716043
0.683813 1.20001
0.697468 0.889562
0.711478 1.27096
0.725822 1.00203
0.74048 1.35201
0.755435 1.00255
0.770669 1.0529
0.786166 1.38136
0.80191 1.2125
0.524017 0.553951
0.524436 0.391078
0.525689 0.717106
0.527771 0.537882
0.530672 0.630847
0.534379 0.708336
0.538874 0.477879
0.54414 0.549736
0.550153 0.480453
0.556889 0.590413
0.564322 0.637968
0.572425 0.553287
0.581171 0.580338
0.59053 0.65334
0.600474 0.755935
0.610975 0.688752
0.622004 0.824622
0.633533 0.747598
0.645536 0.731781
0.657987 0.750452
0.670861 1.16716
0.684133 1.07125
0.697783 0.820505
0.711786 0.839527
0.726124 1.36674
0.740777 1.25363
0.755726 1.20359
0.770954 1.26807
0.786445 1.64172
0.802183 1.27813
0.525272 0.784638
0.525689 0.656726
0.526939 0.453295
0.529016 0.52388
0.53191 0.581657
0.535609 0.751842
0.540094 0.547239
0.545348 0.670258
0.551347 0.523599
0.558069 0.535166
0.565487 0.653048
0.573574 0.63277
0.582302 0.897875
0.591643 0.715336
0.601569 0.78887
0.612051 0.865405
0.623061 0.959098
0.634571 0.85143
0.646554 0.745924
0.658986 0.698218
0.671841 0.962991
0.685095 1.25969
0.698725 1.10345
0.71271 0.9999
0.72703 1.24014
0.741664 1.53364
0.756596 0.982449
0.771807 0.850475
0.787281 0.980437
0.803003 1.28388
0.527355 0.573303
0.527771 0.680192
0.529016 0.542239
0.531085 0.66256
0.533968 0.463559
0.537652 0.580629
0.542121 0.608024
0.547355 0.519468
0.553333 0.696491
0.56003 0.433925
0.567423 0.887745
0.575482 0.446087
0.584182 0.743674
0.593494 0.820634
0.603389 0.879075
0.61384 0.680054
0.624818 0.906577
0.636296 0.900926
0.648248 0.607893
0.660648 0.734223
0.673471 0.81839
0.686693 1.21954
0.700293 1.07597
0.714247 1.13817
0.728536 1.31563
0.743141 1.28658
0.758044 0.746012
0.773226 1.27971
0.788673 0.950269
0.804368 0.859903
0.530258 0.515739
0.530672 0.363137
0.53191 0.622449
0.533968 0.658572
0.536836 0.560315
0.5405 0.809198
0.544945 0.483502
0.550153 0.604843
0.5561 0.650436
0.562765 0.635269
0.570122 0.66225
0.578144 0.657976
0.586805 0.788957
0.596075 0.654892
0.605928 0.734506
0.616336 0.972378
0.62727 0.680229
0.638705 1.21334
0.650612 0.778801
0.662968 1.20395
0.675747 1.07267
0.688925 0.997639
0.702481 1.01349
0.716393 0.9114
0.730641 1.87173
0.745204 0.980595
0.760066 0.829966
0.775209 1.13662
0.790617 1.4985
0.806274 1.09763
0.533968 0.473513
0.534379 0.560678
0.535609 0.658674
0.537652 0.640132
0.5405 0.56811
0.54414 0.501777
0.548556 0.669271
0.553729 0.646306
0.559639 0.815991
0.566262 0.522671
0.573574 0.725686
0.581548 0.626956
0.590159 0.63767
0.599378 0.994782
0.609177 0.879384
0.61953 0.787276
0.630409 1.01229
0.641788 0.607969
0.653639 0.622218
0.665939 0.633
0.678662 0.967069
0.691785 0.913105
0.705286 1.50925
0.719143 1.33298
0.733337 1.23005
0.747849 0.841242
0.762659 1.1692
0.777751 1.15568
0.79311 0.769687
0.808719 1.08372
0.538467 0.668655
0.538874 0.767264
0.540094 0.671189
0.542121 0.538856
0.544945 0.683436
0.548556 0.591618
0.552936 0.610371
0.558069 0.7265
0.563933 0.67053
0.570506 0.616138
0.577765 0.635308
0.585682 0.921922
0.594233 0.548569
0.603389 0.623695
0.613125 0.74769
0.623412 0.759491
0.634225 0.726268
0.645536 0.991453
0.65732 0.886517
0.669552 0.959588
0.682207 0.808308
0.695263 0.990219
0.708698 1.0951
0.72249 0.986905
0.73662 1.07137
0.751068 1.01434
0.765816 1.16885
0.780847 1.53888
0.796146 0.963431
0.811696 1.31602
0.543737 0.509107
0.54414 0.549994
0.545348 0.589311
0.547355 0.662957
0.550153 0.635542
0.553729 0.76674
0.558069 0.352778
0.563155 0.649619
0.568967 0.749425
0.575482 0.725007
0.582679 0.778839
0.59053 0.799405
0.599012 0.766296
0.608096 0.690096
0.617758 0.95344
0.627969 0.791756
0.638705 0.659667
0.649938 0.546424
0.661643 0.896653
0.673797 0.971528
0.686374 1.01787
0.699352 1.30792
0.71271 0.955446
0.726426 1.00543
0.74048 1.09111
0.754854 1.15485
0.76953 1.24128
0.78449 1.1053
0.799719 1.03873
0.815201 1.25724
0.549754 0.567355
0.550153 0.503569
0.551347 0.392418
0.553333 0.538977
0.5561 0.701775
0.559639 0.365322
0.563933 0.671337
0.568967 0.533889
0.57472 0.459762
0.581171 0.488909
0.588298 0.722765
0.596075 0.599194
0.604479 0.679945
0.613483 0.793615
0.623061 0.756934
0.633187 0.835012
0.643835 0.828325
0.65498 0.771189
0.666597 0.867295
0.678662 1.11362
0.69115 1.31927
0.704041 1.46938
0.717311 1.33043
0.730941 1.18704
0.74491 1.09535
0.7592 1.17642
0.773793 1.32633
0.788673 1.47634
0.803822 0.868102
0.819227 1.61461
0.556495 0.743907
0.556889 0.710017
0.558069 0.410572
0.56003 0.59819
0.562765 0.623713
0.566262 0.667635
0.570506 0.591559
0.575482 0.44668
0.581171 0.823401
0.587552 0.465186
0.594602 0.639536
0.602298 0.74812
0.610616 0.590552
0.61953 0.6808
0.629016 0.799417
0.639048 0.716862
0.6496 0.668473
0.660648 1.21912
0.672167 1.11467
0.684133 1.07777
0.696524 0.740882
0.709317 0.933137
0.72249 1.13877
0.736024 1.47512
0.749899 1.26793
0.764095 1.18288
0.778597 0.700632
0.793386 0.910442
0.808447 1.60292
0.823766 1.37774
0.563933 0.657704
0.564322 0.749893
0.565487 0.552545
0.567423 0.725715
0.570122 0.549582
0.573574 0.560114
0.577765 0.657234
0.582679 0.525256
0.588298 0.767056
0.594602 0.791745
0.601569 0.568967
0.609177 0.592478
0.617403 0.601391
0.626221 0.62248
0.635607 0.680649
0.645536 0.87557
0.655984 0.655794
0.666926 0.634547
0.678338 0.820016
0.690198 0.809711
0.702481 1.39851
0.715168 0.994028
0.728235 1.2775
0.741664 1.41948
0.755435 1.39741
0.76953 1.39972
0.783931 0.991112
0.798621 1.5517
0.813586 1.05107
0.828809 0.949906
0.572042 0.545836
0.572425 0.774344
0.573574 0.425919
0.575482 0.729667
0.578144 0.633116
0.581548 0.652563
0.585682 0.686513
0.59053 0.632543
0.596075 0.797903
0.602298 0.897657
0.609177 0.705389
0.616692 0.581808
0.624818 0.609877
0.633533 0.632279
0.642812 0.826779
0.652632 1.02317
0.662968 0.977165
0.673797 1.31168
0.685095 0.899914
0.696839 0.871937
0.709008 0.917074
0.721579 0.917213
0.734533 0.933586
0.747849 1.35084
0.761508 1.33707
0.775492 1.08023
0.789784 1.25631
0.804368 1.05545
0.819227 1.93181
0.834348 0.949306
0.580794 0.601334
0.581171 0.921859
0.582302 0.502397
0.584182 0.519293
0.586805 0.755394
0.590159 0.719602
0.594233 0.618483
0.599012 0.790175
0.604479 0.94688
0.610616 0.557775
0.617403 0.810445
0.624818 0.743731
0.63284 0.719561
0.641446 0.631607
0.650612 0.948991
0.660316 0.807129
0.670534 0.895286
0.681242 0.990091
0.692419 0.877524
0.704041 0.957151
0.716087 1.4331
0.728536 0.98969
0.741369 0.752493
0.754564 1.14141
0.768104 1.55999
0.78197 1.07077
0.796146 1.14194
0.810615 1.14756
0.825362 1.20874
0.840372 0.908734
0.590159 0.674734
0.59053 0.703988
0.591643 0.8895
0.593494 0.640245
0.596075 0.777739
0.599378 0.539673
0.603389 0.610348
0.608096 0.706544
0.613483 0.872592
0.61953 0.884054
0.626221 0.798915
0.633533 0.986657
0.641446 0.572455
0.649938 1.16769
0.658986 0.803418
0.668568 0.706117
0.678662 0.768787
0.689244 1.17965
0.700293 0.90073
0.711786 0.90525
0.723704 0.981243
0.736024 1.23451
0.748728 1.14354
0.761796 0.990132
0.775209 1.12748
0.788951 1.33657
0.803003 1.31709
0.817351 1.1581
0.831979 1.43385
0.846871 0.998636
0.600109 0.564701
0.600474 0.718001
0.601569 0.809953
0.603389 0.739601
0.605928 0.785905
0.609177 0.788161
0.613125 0.648716
0.617758 0.662636
0.623061 0.990973
0.629016 0.915296
0.635607 0.734211
0.642812 0.772044
0.650612 0.779277
0.658986 0.672674
0.667912 1.16341
0.677368 0.963329
0.687332 0.972619
0.697783 1.08874
0.708698 1.16276
0.720058 1.12539
0.731841 0.956107
0.744026 1.25681
0.756596 1.08207
0.76953 1.03678
0.782811 1.67889
0.796421 0.830052
0.810344 1.22782
0.824564 1.24572
0.839066 1.56493
0.853835 1.37222
0.610616 0.761325
0.610975 1.01471
0.612051 0.721445
0.61384 0.923686
0.616336 0.734817
0.61953 0.988172
0.623412 0.767256
0.627969 0.774255
0.633187 0.953013
0.639048 0.641571
0.645536 0.830395
0.652632 1.11383
0.660316 0.708714
0.668568 1.05061
0.677368 1.08767
0.686693 1.30191
0.696524 1.0979
0.706839 0.873189
0.717617 1.00479
0.728837 1.00844
0.74048 1.04649
0.752526 0.84478
0.764956 1.24438
0.777751 1.06357
0.790894 1.05828
0.804368 1.00555
0.818156 1.44874
0.832242 1.07838
0.846612 1.10512
0.861252 1.70388
0.621651 1.11136
0.622004 1.00126
0.623061 0.603516
0.624818 0.895701
0.62727 0.733413
0.630409 0.836967
0.634225 0.803236
0.638705 1.03544
0.643835 0.727931
0.6496 0.825639
0.655984 0.873243
0.662968 0.890673
0.670534 0.956783
0.678662 0.979455
0.687332 1.06689
0.696524 0.908668
0.706218 0.808668
0.716393 1.51367
0.72703 0.90874
0.738107 0.914743
0.749606 0.73225
0.761508 1.02626
0.773793 1.12203
0.786445 1.39774
0.799445 1.24029
0.812776 0.996609
0.826424 1.20197
0.840372 0.757468
0.854606 1.08586
0.869111 0.965511
0.633187 0.794539
0.633533 0.900434
0.634571 1.2588
0.636296 0.768367
0.638705 1.17061
0.641788 0.834316
0.645536 0.769297
0.649938 0.734408
0.65498 0.733456
0.660648 0.702881
0.666926 0.74083
0.673797 0.899637
0.681242 1.18983
0.689244 0.569041
0.697783 0.840302
0.706839 1.02666
0.716393 1.00373
0.726426 0.812938
0.736918 1.07286
0.747849 1.06367
0.7592 1.41686
0.770954 1.3855
0.783091 1.25173
0.795595 0.950039
0.808447 1.07134
0.821633 1.23352
0.835136 1.03202
0.848941 1.45053
0.863033 1.28272
0.877399 0.82816
0.645196 0.563273
0.645536 0.977562
0.646554 0.640234
0.648248 0.948897
0.650612 0.901244
0.653639 1.14049
0.65732 0.959977
0.661643 0.96262
0.666597 1.15441
0.672167 1.01031
0.678338 1.05309
0.685095 1.30513
0.692419 0.660115
0.700293 0.815184
0.708698 0.95033
0.717617 1.27439
0.72703 1.071
0.736918 1.1017
0.747262 1.13392
0.758044 1.42265
0.769245 1.18307
0.780847 1.17582
0.792833 1.30095
0.805185 1.06649
0.817887 1.0977
0.830923 1.18656
0.844278 1.36366
0.857935 1.27615
0.871882 1.2015
0.886105 1.13067
0.657653 0.937304
0.657987 1.14388
0.658986 0.831446
0.660648 0.869428
0.662968 0.885567
0.665939 0.880496
0.669552 1.43296
0.673797 1.24993
0.678662 0.93619
0.684133 0.776953
0.690198 0.673055
0.696839 0.870194
0.704041 0.670516
0.711786 1.28638
0.720058 0.727651
0.728837 1.21599
0.738107 0.893909
0.747849 1.1197
0.758044 1.07751
0.768674 0.980915
0.779723 1.04249
0.791171 1.03141
0.803003 0.979496
0.815201 1.29419
0.82775 1.47855
0.840633 1.39919
0.853835 0.998916
0.867343 0.983317
0.881141 0.942444
0.895216 1.28519
0.670534 1.1222
0.670861 1.24357
0.671841 1.13085
0.673471 0.94459
0.675747 0.869922
0.678662 0.930165
0.682207 0.759195
0.686374 0.932792
0.69115 0.994597
0.696524 0.590753
0.702481 0.86699
0.709008 0.971011
0.716087 0.889715
0.723704 1.33416
0.731841 1.31384
0.74048 0.916377
0.749606 1.32161
0.7592 1.08739
0.769245 1.41396
0.779723 1.3895
0.790617 0.852134
0.80191 0.9001
0.813586 1.43316
0.825627 1.1848
0.83802 1.29191
0.850747 0.925998
0.863795 1.13
0.877149 1.11543
0.890795 1.43949
0.904721 1.52316
0.683813 0.792946
0.684133 1.37511
0.685095 1.09126
0.686693 0.933633
0.688925 0.894832
0.691785 0.81748
0.695263 1.06586
0.699352 0.993913
0.704041 0.772748
0.709317 0.893947
0.715168 0.807906
0.721579 0.677187
0.728536 0.860093
0.736024 1.38013
0.744026 1.27336
0.752526 0.853144
0.761508 0.570158
0.770954 0.974362
0.780847 0.924988
0.791171 1.2478
0.80191 0.912495
0.813046 1.44368
0.824564 1.51295
0.836448 1.38081
0.848682 1.18359
0.861252 0.950885
0.874143 1.44563
0.887342 1.49159
0.900833 0.87727
0.914606 1.30461
0.697468 0.807462
0.697783 0.849219
0.698725 0.969633
0.700293 0.767129
0.702481 0.940072
0.705286 0.925067
0.708698 0.771325
0.71271 0.84477
0.717311 1.37277
0.72249 1.0063
0.728235 1.21585
0.734533 0.92769
0.741369 0.825159
0.748728 1.35837
0.756596 1.35559
0.764956 1.09582
0.773793 1.36545
0.783091 1.32152
0.792833 1.06773
0.803003 1.02703
0.813586 0.897187
0.824564 1.00689
0.835923 1.03492
0.847648 1.01453
0.859723 0.855713
0.872134 1.12169
0.884866 1.05456
0.897907 1.05364
0.911242 0.996776
0.92486 1.09586
0.711478 0.788787
0.711786 1.11092
0.71271 0.917279
0.714247 0.884912
0.716393 1.42872
0.719143 1.02404
0.72249 0.882607
0.726426 1.34747
0.730941 0.828025
0.736024 1.05005
0.741664 1.03023
0.747849 1.22406
0.754564 1.19402
0.761796 1.02383
0.76953 1.12461
0.777751 1.02649
0.786445 1.02964
0.795595 1.15322
0.805185 1.41
0.815201 1.18338
0.825627 1.61851
0.836448 1.40524
0.847648 1.12475
0.859213 1.31218
0.871127 1.1293
0.883378 1.45435
0.895951 0.972092
0.908832 1.04296
0.92201 1.39602
0.93547 0.837877
0.725822 0.843963
0.726124 0.85075
0.72703 1.11507
0.728536 1.03379
0.730641 0.992402
0.733337 0.890786
0.73662 0.959666
0.74048 0.8077
0.74491 1.18974
0.749899 0.902567
0.755435 1.0243
0.761508 1.16486
0.768104 0.64532
0.775209 0.817164
0.782811 0.768703
0.790894 0.908474
0.799445 1.07215
0.808447 1.12843
0.817887 1.62932
0.82775 1.30334
0.83802 0.771522
0.848682 1.42181
0.859723 0.957493
0.871127 1.63239
0.882881 1.39136
0.894971 0.791217
0.907383 1.06888
0.920105 1.48122
0.933123 1.18877
0.946426 1.05252
0.74048 0.947712
0.740777 1.16018
0.741664 1.22683
0.743141 1.13207
0.745204 0.854323
0.747849 1.14314
0.751068 0.924002
0.754854 0.899379
0.7592 1.50616
0.764095 1.10932
0.76953 1.46749
0.775492 1.08689
0.78197 0.884752
0.788951 0.869866
0.796421 1.30275
0.804368 1.04842
0.812776 1.36953
0.821633 1.03906
0.830923 1.07612
0.840633 1.14899
0.850747 0.969875
0.861252 1.53619
0.872134 1.35072
0.883378 0.853465
0.894971 1.25814
0.9069 0.918012
0.919151 1.21954
0.931712 1.16049
0.94457 1.32543
0.957714 1.17296
0.755435 0.931056
0.755726 1.21364
0.756596 1.20538
0.758044 1.05856
0.760066 1.3917
0.762659 1.4263
0.765816 1.10439
0.76953 1.24053
0.773793 1.12898
0.778597 1.09637
0.783931 1.16662
0.789784 1.40562
0.796146 1.01955
0.803003 1.25066
0.810344 1.08953
0.818156 1.09118
0.826424 1.01769
0.835136 0.836083
0.844278 1.35761
0.853835 1.34749
0.863795 1.20413
0.874143 0.88412
0.884866 1.11125
0.895951 1.15935
0.907383 0.789832
0.919151 1.25934
0.931241 0.902117
0.943641 1.57936
0.956339 0.965744
0.969323 1.31083
0.770669 1.3947
0.770954 1.32431
0.771807 0.895176
0.773226 1.11839
0.775209 1.13632
0.777751 1.17299
0.780847 1.25322
0.78449 1.89817
0.788673 1.10672
0.793386 1.09721
0.798621 1.14393
0.804368 1.60631
0.810615 0.95968
0.817351 0.83797
0.824564 1.37113
0.832242 1.4663
0.840372 1.43591
0.848941 1.41441
0.857935 1.42077
0.867343 1.06839
0.877149 0.894784
0.887342 1.28909
0.897907 1.13969
0.908832 1.48163
0.920105 1.37903
0.931712 0.922331
0.943641 1.12258
0.95588 0.861357
0.968417 1.37992
0.981241 1.14036
0.786166 1.15188
0.786445 0.903333
0.787281 1.17466
0.788673 1.0921
0.790617 0.811904
0.79311 1.2214
0.796146 1.17001
0.799719 1.05689
0.803822 1.08935
0.808447 0.951213
0.813586 1.15986
0.819227 1.18636
0.825362 0.976597
0.831979 1.19674
0.839066 0.965512
0.846612 1.24528
0.854606 1.60239
0.863033 1.35644
0.871882 1.35668
0.881141 1.38484
0.890795 1.00852
0.900833 1.19353
0.911242 1.20531
0.92201 1.2631
0.933123 1.00125
0.94457 0.829292
0.956339 1.14987
0.968417 1.00982
0.980794 1.33878
0.993459 1.25642
0.80191 1.15166
0.802183 1.49468
0.803003 1.01378
0.804368 1.29258
0.806274 1.41107
0.808719 0.74426
0.811696 1.62528
0.815201 1.40069
0.819227 0.858837
0.823766 1.4825
0.828809 1.38642
0.834348 1.27237
0.840372 1.77851
0.846871 1.3306
0.853835 1.05683
0.861252 1.14937
0.869111 0.847717
0.877399 1.47142
0.886105 0.880608
0.895216 1.0439
0.904721 1.0023
0.914606 1.08846
0.92486 0.973905
0.93547 1.02056
0.946426 0.61071
0.957714 1.31042
0.969323 0.839572
0.981241 0.732362
0.993459 1.31039
1.00596 1.26742
0.544543 0.590732
0.544945 0.533851
0.546151 0.524202
0.548156 0.579103
0.550949 0.624963
0.554521 0.54313
0.558854 0.447074
0.563933 0.876278
0.569737 0.941294
0.576244 0.646245
0.583431 0.812152
0.591273 0.763077
0.599743 0.684374
0.608817 0.739693
0.618467 1.01779
0.628667 0.841894
0.639391 0.913834
0.650612 0.734875
0.662306 0.822814
0.674447 1.31912
0.687013 1.20113
0.699979 0.896232
0.713325 0.861166
0.72703 1.34162
0.741073 1.047
0.755435 0.858947
0.7701 0.925934
0.785049 1.32615
0.800267 1.23716
0.815739 1.63589
0.544945 0.643441
0.545348 0.577226
0.546553 0.387316
0.548556 0.520271
0.551347 0.391842
0.554916 0.796302
0.559247 0.762641
0.564322 0.53687
0.570122 0.700773
0.576625 0.662455
0.583807 0.891259
0.591643 0.558165
0.600109 0.788093
0.609177 0.792583
0.618822 0.762381
0.629016 0.708422
0.639734 0.821054
0.650949 1.03734
0.662637 0.825325
0.674772 1.24756
0.687332 0.989502
0.700293 0.811009
0.713633 1.19269
0.727331 1.16073
0.741369 1.21512
0.755726 0.894604
0.770384 1.28333
0.785328 1.00767
0.800541 0.841657
0.816008 1.03233
0.546151 0.572752
0.546553 1.00179
0.547755 0.590887
0.549754 0.646141
0.552539 0.706547
0.5561 0.678663
0.560422 0.488559
0.565487 0.747202
0.571275 0.779162
0.577765 0.731912
0.584933 0.523056
0.592755 0.727088
0.601204 0.675494
0.610257 0.788564
0.619884 0.783648
0.630061 0.39876
0.640762 1.00001
0.651959 0.601183
0.663629 0.854682
0.675747 0.991282
0.688288 0.763721
0.701232 0.989393
0.714554 0.957777
0.728235 0.963885
0.742256 1.08776
0.756596 0.888151
0.771238 1.0613
0.786166 0.954008
0.801363 1.55949
0.816814 1.00749
0.548156 0.552661
0.548556 0.55379
0.549754 0.526436
0.551745 0.555532
0.554521 0.713533
0.558069 0.801347
0.562375 0.653392
0.567423 0.496418
0.573191 0.501302
0.57966 0.784094
0.586805 0.607573
0.594602 0.597893
0.603026 0.681864
0.612051 0.609059
0.621651 0.739918
0.6318 1.16995
0.642471 0.89863
0.653639 0.940866
0.66528 0.738034
0.677368 0.621553
0.68988 1.10953
0.702794 0.889788
0.716087 1.23359
0.72974 1.05398
0.743731 1.33635
0.758044 0.713312
0.772659 1.21106
0.787559 1.09202
0.80273 1.29524
0.818156 1.43971
0.550949 0.607475
0.551347 0.425719
0.552539 0.551786
0.554521 0.617068
0.557282 0.490865
0.560813 0.664704
0.565099 0.612349
0.570122 0.527407
0.575863 0.663985
0.582302 0.627467
0.589415 0.594945
0.597178 0.71285
0.605566 0.876015
0.614554 0.684932
0.624116 0.85349
0.634225 0.965768
0.644856 0.665212
0.655984 0.693466
0.667583 1.00519
0.67963 0.956542
0.692102 1.17245
0.704975 1.0193
0.718228 1.06181
0.731841 1.07292
0.745793 0.946332
0.760066 1.11313
0.774643 0.960761
0.789506 1.14467
0.80464 1.23586
0.82003 1.0964
0.554521 0.53912
0.554916 0.615643
0.5561 0.444497
0.558069 0.633386
0.560813 0.68592
0.564322 0.593559
0.568581 0.518735
0.573574 0.610317
0.579281 0.747483
0.585682 0.537823
0.592755 0.74698
0.600474 0.566844
0.608817 0.679071
0.617758 0.951183
0.62727 0.556503
0.63733 0.909235
0.64791 1.0753
0.658986 0.947259
0.670534 1.04023
0.682529 0.881667
0.694948 0.856708
0.707769 0.898497
0.720971 0.952385
0.734533 0.684597
0.748435 0.968867
0.762659 0.974393
0.777187 1.40433
0.792003 1.08223
0.80709 1.41215
0.822434 1.30964
0.558854 0.619293
0.559247 0.588611
0.560422 0.787644
0.562375 0.41832
0.565099 0.51373
0.568581 0.675091
0.572808 0.70642
0.577765 0.654144
0.583431 0.593318
0.589787 0.754075
0.596811 0.59831
0.604479 0.565968
0.612767 0.623055
0.621651 0.827798
0.631105 0.757909
0.641104 0.678457
0.651623 0.766574
0.662637 0.972063
0.674122 0.631221
0.686054 1.09453
0.698411 0.910221
0.71117 1.20687
0.72431 1.1794
0.73781 0.742274
0.751652 1.10322
0.765816 1.24164
0.780285 1.22206
0.795043 1.19002
0.810073 1.13956
0.825362 0.855902
0.563933 0.614619
0.564322 0.778949
0.565487 0.703014
0.567423 0.465561
0.570122 0.746862
0.573574 0.634398
0.577765 0.685843
0.582679 0.706838
0.588298 0.633106
0.594602 0.598389
0.601569 0.697538
0.609177 0.940451
0.617403 0.690863
0.626221 1.03789
0.635607 0.792134
0.645536 0.906693
0.655984 0.910325
0.666926 1.16355
0.678338 1.06778
0.690198 0.850271
0.702481 0.957247
0.715168 1.17731
0.728235 1.24585
0.741664 1.12778
0.755435 0.952738
0.76953 1.19312
0.783931 1.43839
0.798621 1.42268
0.813586 1.06775
0.828809 1.20574
0.569737 0.609265
0.570122 0.527743
0.571275 0.508014
0.573191 0.69346
0.575863 0.727633
0.579281 0.743641
0.583431 0.766751
0.588298 0.829947
0.593864 0.703999
0.600109 0.741013
0.607013 1.04211
0.614554 0.79799
0.622708 0.579072
0.631452 0.989933
0.640762 0.655329
0.650612 1.09176
0.66098 0.955319
0.671841 0.675724
0.683171 1.11185
0.694948 0.9845
0.707149 1.05635
0.719753 0.936577
0.732739 1.0926
0.746087 1.02317
0.759778 1.28032
0.773793 0.870069
0.788116 1.01071
0.80273 1.26699
0.817619 1.31574
0.832769 1.29349
0.576244 0.534732
0.576625 0.464747
0.577765 0.742978
0.57966 0.619097
0.582302 0.60009
0.585682 0.530803
0.589787 0.714042
0.594602 0.616667
0.600109 0.707556
0.60629 0.741009
0.613125 0.66628
0.620592 0.699439
0.628667 0.648457
0.63733 0.632727
0.646554 0.62782
0.656318 0.851848
0.666597 1.13869
0.677368 1.12716
0.688607 0.673775
0.700293 1.10295
0.712402 0.923154
0.724915 1.06651
0.73781 1.38218
0.751068 0.856644
0.764669 1.40741
0.778597 1.33936
0.792833 1.18104
0.807361 1.24465
0.822167 1.33104
0.837234 1.03384
0.583431 0.685976
0.583807 0.679193
0.584933 0.903796
0.586805 0.726564
0.589415 0.645519
0.592755 0.80925
0.596811 0.887156
0.601569 0.461124
0.607013 0.661423
0.613125 0.698564
0.619884 0.832822
0.62727 0.91018
0.635261 0.644691
0.643835 0.74705
0.652968 1.05561
0.662637 0.741345
0.672819 0.958892
0.683492 0.866953
0.694632 1.00776
0.706218 1.0585
0.718228 0.763088
0.730641 1.14683
0.743437 1.22399
0.756596 1.28765
0.7701 0.809032
0.783931 1.66848
0.798072 1.202
0.812507 1.19446
0.82722 0.835408
0.842197 1.39011
0.591273 0.685823
0.591643 0.696549
0.592755 0.878195
0.594602 0.574153
0.597178 0.693173
0.600474 0.928796
0.604479 0.758232
0.609177 0.825352
0.614554 0.867059
0.620592 0.819043
0.62727 0.68483
0.634571 0.948372
0.642471 0.922784
0.650949 0.967108
0.659984 0.904016
0.669552 0.713141
0.67963 0.863374
0.690198 1.26145
0.701232 0.944289
0.71271 1.35729
0.724612 0.805317
0.736918 1.29536
0.749606 0.999615
0.762659 0.658787
0.776057 1.22194
0.789784 0.937232
0.803822 1.41408
0.818156 0.818562
0.832769 1.22893
0.847648 1.02085
0.599743 0.751033
0.600109 0.511559
0.601204 0.862066
0.603026 0.871323
0.605566 0.73899
0.608817 0.659849
0.612767 0.856446
0.617403 0.727904
0.622708 0.937765
0.628667 0.688916
0.635261 0.682277
0.642471 0.903283
0.650275 1.12908
0.658653 0.756537
0.667583 0.669269
0.677044 0.707124
0.687013 0.863296
0.697468 0.873006
0.708389 0.988122
0.719753 1.04929
0.731541 1.17007
0.743731 1.11743
0.756306 0.865159
0.769245 1.18382
0.782531 1.16471
0.796146 0.972476
0.810073 1.28014
0.824298 1.26489
0.838805 1.35308
0.853578 1.14288
0.608817 0.570857
0.609177 0.778304
0.610257 0.676885
0.612051 1.02559
0.614554 0.59096
0.617758 0.749949
0.621651 0.692162
0.626221 0.834689
0.631452 0.823173
0.63733 0.898395
0.643835 0.810931
0.650949 0.781063
0.658653 1.00437
0.666926 0.757224
0.675747 0.905836
0.685095 0.889185
0.694948 1.17029
0.705286 1.13611
0.716087 1.12823
0.727331 0.966429
0.738998 1.22546
0.751068 1.02392
0.763521 0.969281
0.77634 1.13007
0.789506 1.09157
0.803003 1.0132
0.816814 1.18485
0.830923 0.972771
0.845316 1.67704
0.859978 0.941426
0.618467 0.744122
0.618822 0.722685
0.619884 0.753257
0.621651 0.699574
0.624116 0.861317
0.62727 0.70818
0.631105 0.923126
0.635607 0.871128
0.640762 1.2335
0.646554 0.897439
0.652968 0.7386
0.659984 0.802395
0.667583 0.777283
0.675747 0.761013
0.684454 1.00188
0.693684 0.969987
0.703417 0.969505
0.713633 1.35767
0.72431 1.11365
0.735428 0.860594
0.746968 0.919205
0.758911 1.0158
0.771238 1.2494
0.783931 1.45507
0.796972 1.04136
0.810344 0.65689
0.824032 1.0808
0.83802 1.10954
0.852293 1.1769
0.866837 1.35053
0.628667 1.00862
0.629016 0.700259
0.630061 0.489916
0.6318 0.984849
0.634225 1.18967
0.63733 0.527038
0.641104 0.787718
0.645536 0.580894
0.650612 0.854524
0.656318 0.976628
0.662637 1.13293
0.669552 1.06245
0.677044 1.05166
0.685095 0.934795
0.693684 0.990046
0.702794 1.10129
0.712402 1.01147
0.72249 1.0784
0.733038 0.949838
0.744026 1.27404
0.755435 0.763726
0.767246 1.1113
0.779441 1.45223
0.792003 1.24801
0.804913 1.22515
0.818156 1.136
0.831715 1.31388
0.845576 1.24179
0.859723 1.63879
0.874143 1.46609
0.639391 0.922386
0.639734 1.03993
0.640762 0.762771
0.642471 0.927652
0.644856 0.807565
0.64791 0.675831
0.651623 0.895918
0.655984 0.670138
0.66098 0.752275
0.666597 0.84813
0.672819 0.822264
0.67963 0.697212
0.687013 0.875777
0.694948 0.810388
0.703417 1.23782
0.712402 1.30713
0.721883 1.05051
0.731841 1.23898
0.742256 0.827916
0.753109 0.896185
0.764382 0.993558
0.776057 1.19749
0.788116 1.08968
0.800541 1.12065
0.813316 0.901031
0.826424 1.29495
0.83985 1.04621
0.853578 1.24897
0.867595 1.07027
0.881887 1.11339
0.650612 0.881295
0.650949 0.810243
0.651959 0.962656
0.653639 0.913196
0.655984 1.2027
0.658986 0.854436
0.662637 0.758625
0.666926 0.638432
0.671841 0.960697
0.677368 1.02468
0.683492 0.983548
0.690198 0.711065
0.697468 1.08047
0.705286 0.92476
0.713633 1.00097
0.72249 1.05236
0.731841 1.01841
0.741664 0.876716
0.751943 0.891649
0.762659 1.08074
0.773793 1.05459
0.785328 0.874006
0.797247 1.2917
0.809532 1.32943
0.822167 1.42558
0.835136 1.04029
0.848424 1.12476
0.862016 0.880924
0.875898 1.22197
0.890056 1.03795
0.662306 0.91546
0.662637 1.20937
0.663629 0.795107
0.66528 0.872206
0.667583 0.63844
0.670534 0.93749
0.674122 0.819354
0.678338 0.827698
0.683171 0.867404
0.688607 1.02345
0.694632 0.913304
0.701232 1.20078
0.708389 1.27957
0.716087 1.2569
0.72431 0.968857
0.733038 1.0446
0.742256 1.33612
0.751943 1.00246
0.762084 1.1347
0.772659 1.78956
0.783651 1.13811
0.795043 1.12822
0.806818 1.14936
0.818959 1.39333
0.831451 1.30159
0.844278 1.33431
0.857424 0.855147
0.870876 0.939691
0.884619 1.40043
0.89864 1.26018
0.674447 1.00617
0.674772 0.744582
0.675747 1.04141
0.677368 0.98331
0.67963 1.09649
0.682529 0.860339
0.686054 1.18465
0.690198 1.1996
0.694948 1.30594
0.700293 1.22881
0.706218 1.16348
0.71271 1.23501
0.719753 1.17225
0.727331 1.53291
0.735428 1.24895
0.744026 1.0437
0.753109 1.25029
0.762659 1.49738
0.772659 1.13036
0.783091 1.04771
0.793939 0.918787
0.805185 1.4196
0.816814 1.40459
0.828809 1.32167
0.841155 1.1204
0.853835 1.08837
0.866837 0.890235
0.880144 1.0583
0.893745 1.22486
0.907625 1.06967
0.687013 0.98247
0.687332 0.964128
0.688288 0.990625
0.68988 0.565807
0.692102 1.02611
0.694948 0.870015
0.698411 0.734315
0.702481 0.906324
0.707149 0.871362
0.712402 1.02791
0.718228 0.969752
0.724612 1.18995
0.731541 1.23931
0.738998 1.01307
0.746968 1.30251
0.755435 0.929284
0.764382 1.33587
0.773793 1.19419
0.783651 1.24155
0.793939 1.08971
0.80464 1.14473
0.815739 1.10819
0.82722 1.31892
0.839066 1.42621
0.851263 1.28907
0.863795 1.02188
0.876649 1.06567
0.88981 1.22334
0.903265 1.20343
0.917001 1.95321
0.699979 1.34937
0.700293 1.06579
0.701232 1.07495
0.702794 1.16178
0.704975 0.764261
0.707769 0.919899
0.71117 0.884313
0.715168 0.984201
0.719753 1.03303
0.724915 1.2551
0.730641 1.40164
0.736918 1.26809
0.743731 1.12753
0.751068 1.15983
0.758911 1.2671
0.767246 1.02729
0.776057 1.29835
0.785328 0.771504
0.795043 1.1739
0.805185 1.06401
0.815739 0.992391
0.826689 1.43627
0.83802 1.26612
0.849715 1.01152
0.861762 1.19205
0.874143 1.35016
0.886847 1.36998
0.899859 1.36879
0.913166 0.846073
0.926755 1.11659
0.713325 1.31034
0.713633 0.919549
0.714554 1.08059
0.716087 1.31564
0.718228 0.878755
0.720971 0.853814
0.72431 0.926729
0.728235 1.03068
0.732739 1.01153
0.73781 1.0221
0.743437 1.22582
0.749606 1.09803
0.756306 0.92567
0.763521 1.61017
0.771238 1.08552
0.779441 1.44076
0.788116 1.66344
0.797247 0.999609
0.806818 0.979477
0.816814 1.22799
0.82722 1.4055
0.83802 1.43378
0.849199 1.08731
0.860743 1.24134
0.872637 0.888354
0.884866 0.851366
0.897418 0.924437
0.910279 1.07044
0.923436 1.48268
0.936876 1.44077
0.72703 1.23111
0.727331 1.20027
0.728235 0.952618
0.72974 0.985805
0.731841 0.807093
0.734533 1.08182
0.73781 1.05568
0.741664 1.13664
0.746087 0.834623
0.751068 1.33094
0.756596 1.15197
0.762659 1.04904
0.769245 1.03162
0.77634 0.888049
0.783931 1.62833
0.792003 1.54827
0.800541 0.821321
0.809532 1.17651
0.818959 0.907045
0.828809 1.11812
0.839066 0.918808
0.849715 1.07237
0.860743 1.34458
0.872134 1.46611
0.883874 1.12951
0.895951 1.20091
0.90835 1.02921
0.921058 1.11108
0.934063 1.13546
0.947352 1.18362
0.741073 1.08358
0.741369 1.05426
0.742256 0.862737
0.743731 0.670922
0.745793 1.13194
0.748435 1.21248
0.751652 1.18477
0.755435 1.83959
0.759778 0.963804
0.764669 1.22331
0.7701 1.2612
0.776057 1.21323
0.782531 0.966803
0.789506 1.26934
0.796972 1.15522
0.804913 1.13653
0.813316 1.04839
0.822167 1.22186
0.831451 0.896913
0.841155 1.3347
0.851263 1.37021
0.861762 1.19154
0.872637 1.17071
0.883874 0.924514
0.895461 1.11636
0.907383 1.49792
0.919628 0.82884
0.932182 0.74021
0.945034 1.23154
0.958171 1.45436
0.755435 1.09691
0.755726 1.36673
0.756596 1.29498
0.758044 1.23985
0.760066 0.938056
0.762659 1.12325
0.765816 0.888265
0.76953 1.10608
0.773793 1.29338
0.778597 1.09282
0.783931 1.27476
0.789784 1.30374
0.796146 1.35187
0.803003 1.05253
0.810344 1.36518
0.818156 1.69055
0.826424 1.51426
0.835136 0.692674
0.844278 1.2382
0.853835 1.28792
0.863795 1.14441
0.874143 1.21087
0.884866 0.949685
0.895951 1.27155
0.907383 1.49009
0.919151 1.25775
0.931241 1.29681
0.943641 1.10039
0.956339 1.10409
0.969323 0.88813
0.7701 1.26342
0.770384 1.34954
0.771238 1.03038
0.772659 1.15603
0.774643 1.14809
0.777187 1.21268
0.780285 1.17443
0.783931 1.30618
0.788116 0.930123
0.792833 1.43618
0.798072 0.963892
0.803822 0.999499
0.810073 0.912849
0.816814 1.10381
0.824032 1.23045
0.831715 0.863165
0.83985 1.44076
0.848424 1.05178
0.857424 1.32195
0.866837 1.31485
0.876649 1.35104
0.886847 1.35094
0.897418 1.21975
0.90835 1.31833
0.919628 0.988509
0.931241 1.38893
0.943176 0.925711
0.955421 0.738725
0.967964 1.09393
0.980794 0.89295
0.785049 0.845688
0.785328 0.817345
0.786166 1.32405
0.787559 1.1011
0.789506 1.22715
0.792003 1.15241
0.795043 0.966967
0.798621 1.14551
0.80273 1.112
0.807361 1.16661
0.812507 0.850176
0.818156 0.95157
0.824298 1.23835
0.830923 1.30175
0.83802 1.70068
0.845576 1.04765
0.853578 1.40391
0.862016 1.20055
0.870876 1.0952
0.880144 1.36574
0.88981 1.18376
0.899859 1.12348
0.910279 1.02757
0.921058 1.43238
0.932182 1.41845
0.943641 1.15404
0.955421 0.881385
0.967511 1.12274
0.979899 1.30217
0.992575 0.984481
0.800267 1.01715
0.800541 1.05673
0.801363 1.40043
0.80273 1.73313
0.80464 1.22171
0.80709 1.31697
0.810073 1.34811
0.813586 1.26703
0.817619 0.995857
0.822167 1.23203
0.82722 1.41926
0.832769 0.914395
0.838805 1.21379
0.845316 1.1548
0.852293 0.813247
0.859723 1.16476
0.867595 1.02175
0.875898 0.934583
0.884619 1.57874
0.893745 0.841937
0.903265 1.1855
0.913166 1.45849
0.923436 1.06015
0.934063 0.922494
0.945034 0.921058
0.956339 1.11641
0.967964 1.26853
0.979899 1.40807
0.992133 1.85644
1.00465 0.973532
0.815739 1.18508
0.816008 1.07518
0.816814 1.22089
0.818156 1.42256
0.82003 1.25903
0.822434 1.42274
0.825362 1.37747
0.828809 1.33453
0.832769 1.39441
0.837234 1.39315
0.842197 1.09909
0.847648 1.0653
0.853578 1.18264
0.859978 1.41077
0.866837 1.51021
0.874143 1.31091
0.881887 0.988284
0.890056 1.00274
0.89864 1.42275
0.907625 1.07501
0.917001 1.09776
0.926755 1.61197
0.936876 0.894499
0.947352 1.17965
0.958171 0.876479
0.969323 1.13986
0.980794 1.00208
0.992575 1.32133
1.00465 0.944768
1.01702 0.763759
0.565487 0.716181
0.565874 0.648196
0.567036 0.553318
0.568967 0.690271
0.571659 0.645815
0.575101 0.783173
0.579281 0.611027
0.584182 0.648494
0.589787 0.844323
0.596075 0.909702
0.603026 0.722798
0.610616 0.63798
0.618822 0.741115
0.62762 0.756088
0.636985 1.00042
0.646894 1.13801
0.65732 0.847624
0.66824 0.965456
0.67963 0.713095
0.691468 0.814631
0.703729 1.08303
0.716393 1.03388
0.729439 0.814953
0.742846 0.994677
0.756596 1.18178
0.770669 1.15539
0.785049 1.57708
0.799719 1.1674
0.814663 1.66974
0.829867 1.24598
0.565874 0.508769
0.566262 0.643953
0.567423 0.692619
0.569352 0.579968
0.572042 0.596498
0.575482 0.893116
0.57966 0.594342
0.584558 0.563426
0.590159 0.707154
0.596443 0.686782
0.603389 0.833346
0.610975 0.496852
0.619176 0.923016
0.627969 0.861508
0.63733 0.525151
0.647232 0.962382
0.657653 1.23399
0.668568 1.02262
0.679953 0.98769
0.691785 0.726213
0.704041 1.06154
0.716699 0.90664
0.72974 1.20712
0.743141 1.29536
0.756886 1.06871
0.770954 1.1518
0.785328 1.27394
0.799993 1.09406
0.814932 1.13979
0.830131 1.02479
0.567036 0.498221
0.567423 0.811319
0.568581 0.498858
0.570506 0.513093
0.573191 0.657364
0.576625 0.477919
0.580794 0.634661
0.585682 0.765134
0.591273 0.72861
0.597545 0.762287
0.604479 0.577773
0.612051 0.72359
0.620238 0.829836
0.629016 0.874535
0.638361 0.747902
0.648248 0.725826
0.658653 1.17082
0.669552 0.691224
0.68092 0.739178
0.692735 0.955732
0.704975 1.19967
0.717617 0.83955
0.730641 1.10305
0.744026 0.820344
0.757754 1.09686
0.771807 1.37952
0.786166 1.13032
0.800815 1.30831
0.815739 1.38799
0.830923 1.02714
0.568967 0.627039
0.569352 1.02463
0.570506 0.977056
0.572425 0.686414
0.575101 0.620537
0.578523 0.714718
0.582679 0.761305
0.587552 0.549087
0.593124 0.734244
0.599378 0.736785
0.60629 0.631211
0.61384 0.610508
0.622004 0.849861
0.630757 0.809832
0.640077 1.00871
0.649938 0.869962
0.660316 1.33188
0.671187 0.933929
0.682529 1.02638
0.694316 1.08697
0.706529 0.744893
0.719143 0.833721
0.73214 0.914816
0.745499 1.25855
0.7592 0.947366
0.773226 1.24183
0.787559 1.02601
0.802183 1.39229
0.817083 1.15525
0.832242 1.06502
0.571659 0.784402
0.572042 0.673933
0.573191 0.73626
0.575101 0.552953
0.577765 0.65288
0.581171 0.770258
0.585308 0.600732
0.590159 0.772116
0.595707 0.813801
0.601934 0.60572
0.608817 0.760647
0.616336 1.08685
0.624467 0.596931
0.633187 1.12431
0.642471 0.895947
0.652296 0.935669
0.662637 1.02913
0.673471 0.891944
0.684774 0.727679
0.696524 1.16266
0.708698 1.26554
0.721275 1.30286
0.734234 0.983084
0.747555 1.24778
0.76122 1.24281
0.775209 0.748804
0.789506 1.07038
0.804095 1.02714
0.818959 1.44248
0.834085 1.39012
0.575101 0.933601
0.575482 0.758983
0.576625 0.744573
0.578523 0.561461
0.581171 0.515723
0.584558 0.820138
0.58867 1.04768
0.593494 0.720551
0.599012 0.727304
0.605204 0.551347
0.612051 0.730011
0.61953 0.931344
0.62762 0.776384
0.636296 0.632732
0.645536 0.847935
0.655315 0.747771
0.665609 1.30175
0.676396 0.857111
0.687651 0.754206
0.699352 1.27022
0.711478 1.17483
0.724007 1.27295
0.736918 1.15752
0.750191 1.16121
0.763808 1.18256
0.777751 1.15998
0.792003 1.82914
0.806546 1.20138
0.821366 1.82506
0.836448 1.08313
0.579281 0.54872
0.57966 0.690342
0.580794 0.547103
0.582679 0.637253
0.585308 0.58311
0.58867 0.702805
0.592755 0.618003
0.597545 0.725069
0.603026 0.683307
0.609177 1.15374
0.61598 0.965955
0.623412 0.785042
0.631452 1.36918
0.640077 1.02025
0.649262 1.05028
0.658986 0.723683
0.669224 0.805914
0.679953 0.733034
0.69115 0.761834
0.702794 1.2255
0.714861 0.92335
0.727331 0.966593
0.740184 1.34718
0.7534 1.11585
0.766961 1.13849
0.780847 1.20185
0.795043 1.18359
0.809532 0.847551
0.824298 1.10063
0.839327 0.891683
0.584182 0.825011
0.584558 0.715443
0.585682 0.610236
0.587552 0.755941
0.590159 0.779806
0.593494 0.56542
0.597545 0.518696
0.602298 0.744818
0.607736 0.802896
0.61384 0.772292
0.620592 0.529863
0.627969 0.776899
0.635952 1.01319
0.644516 0.966693
0.653639 0.713703
0.663299 0.876358
0.673471 0.930456
0.684133 0.588538
0.695263 1.0478
0.706839 0.941266
0.718838 1.13421
0.731241 0.725675
0.744026 1.04085
0.757175 1.20411
0.770669 1.19462
0.78449 1.42983
0.798621 1.20648
0.813046 1.19174
0.82775 1.31465
0.842718 0.966422
0.589787 0.778978
0.590159 0.832485
0.591273 0.725236
0.593124 0.689384
0.595707 0.801162
0.599012 0.645457
0.603026 0.651552
0.607736 0.817418
0.613125 0.850883
0.619176 0.717877
0.62587 0.84107
0.633187 0.735315
0.641104 1.00442
0.6496 0.785637
0.658653 1.0014
0.66824 0.760333
0.678338 1.01626
0.688925 1.07117
0.699979 0.828889
0.711478 1.12904
0.723401 1.48655
0.735726 0.811052
0.748435 1.05073
0.761508 0.93716
0.774926 0.812399
0.788673 1.08988
0.80273 1.66614
0.817083 1.22439
0.831715 1.1549
0.846612 1.09808
0.596075 0.57023
0.596443 0.927558
0.597545 0.881147
0.599378 0.836464
0.601934 0.622956
0.605204 0.544328
0.609177 0.693273
0.61384 0.878752
0.619176 0.786523
0.625169 0.91646
0.6318 0.819458
0.639048 0.97256
0.646894 0.731435
0.655315 0.950978
0.66429 0.677493
0.673797 1.10675
0.683813 1.17341
0.694316 1.03602
0.705286 0.936942
0.716699 1.2072
0.728536 1.38347
0.740777 1.28211
0.7534 1.16077
0.766388 1.11009
0.779723 1.28008
0.793386 1.06015
0.807361 0.99126
0.821633 1.05875
0.836186 1.06124
0.851005 1.24957
0.603026 0.638368
0.603389 0.560144
0.604479 0.635663
0.60629 0.862885
0.608817 0.686692
0.612051 0.929625
0.61598 0.653862
0.620592 0.808502
0.62587 0.812956
0.6318 0.992094
0.638361 0.921222
0.645536 0.932914
0.653304 0.778151
0.661643 0.954196
0.670534 1.20931
0.679953 0.936992
0.68988 0.904755
0.700293 0.926177
0.71117 1.12294
0.72249 1.46464
0.734234 1.21498
0.746381 1.15632
0.758911 0.801098
0.771807 1.11995
0.785049 1.11323
0.798621 1.00906
0.812507 1.50527
0.826689 1.01046
0.841155 1.08689
0.855888 1.41316
0.610616 0.686255
0.610975 0.783703
0.612051 0.583291
0.61384 0.889021
0.616336 0.856488
0.61953 0.720538
0.623412 0.913718
0.627969 0.832112
0.633187 1.05579
0.639048 0.84543
0.645536 0.680762
0.652632 1.17231
0.660316 1.07716
0.668568 0.908755
0.677368 0.783819
0.686693 1.31498
0.696524 1.01996
0.706839 0.692913
0.717617 0.876948
0.728837 1.27692
0.74048 1.04304
0.752526 1.49049
0.764956 1.19605
0.777751 1.00611
0.790894 0.821208
0.804368 0.912409
0.818156 1.21412
0.832242 1.31378
0.846612 1.1006
0.861252 1.43188
0.618822 0.871943
0.619176 0.644204
0.620238 0.968525
0.622004 0.968941
0.624467 0.836214
0.62762 0.628946
0.631452 0.742736
0.635952 0.786826
0.641104 0.995139
0.646894 0.994879
0.653304 0.915708
0.660316 0.732847
0.667912 1.1591
0.676071 1.03664
0.684774 1.00746
0.694001 0.748943
0.703729 0.910784
0.71394 1.28674
0.724612 1.13286
0.735726 0.920656
0.747262 0.890374
0.7592 1.19369
0.771522 0.959808
0.78421 1.31672
0.797247 1.61266
0.810615 1.39605
0.824298 1.18799
0.838281 1.5065
0.85255 1.09769
0.86709 1.33962
0.62762 0.600983
0.627969 0.811001
0.629016 0.711737
0.630757 0.774657
0.633187 0.716957
0.636296 0.827812
0.640077 0.553458
0.644516 0.605137
0.6496 0.848714
0.655315 0.787399
0.661643 0.93129
0.668568 0.935514
0.676071 0.711866
0.684133 0.809769
0.692735 1.01793
0.701857 0.800919
0.711478 1.13022
0.721579 1.10391
0.73214 1.18072
0.743141 1.24094
0.754564 1.2583
0.766388 1.18524
0.778597 0.8647
0.791171 1.20569
0.804095 1.11539
0.817351 1.17972
0.830923 1.35755
0.844797 1.13634
0.858957 1.04148
0.87339 0.992778
0.636985 0.952705
0.63733 0.76335
0.638361 1.03059
0.640077 0.798612
0.642471 0.835023
0.645536 0.75424
0.649262 0.792447
0.653639 1.10054
0.658653 0.703569
0.66429 0.851101
0.670534 0.834993
0.677368 1.14243
0.684774 0.896974
0.692735 1.02653
0.701232 0.984455
0.710244 1.28445
0.719753 1.14075
0.72974 0.785542
0.740184 1.40247
0.751068 1.00406
0.762371 1.53796
0.774077 0.739017
0.786166 1.33281
0.798621 1.16982
0.811426 1.41881
0.824564 1.0529
0.83802 1.34593
0.851778 1.05332
0.865824 1.50916
0.880144 1.33454
0.646894 0.989273
0.647232 1.11131
0.648248 0.89173
0.649938 0.754756
0.652296 0.763616
0.655315 0.723534
0.658986 1.14307
0.663299 0.919171
0.66824 1.41384
0.673797 0.921603
0.679953 0.939128
0.686693 1.2461
0.694001 0.834448
0.701857 1.10279
0.710244 1.29594
0.719143 1.61933
0.728536 1.02039
0.738404 0.912108
0.748728 0.870308
0.759489 1.32591
0.770669 1.47398
0.78225 1.27585
0.794215 0.85454
0.806546 1.36682
0.819227 0.953331
0.832242 0.915797
0.845576 1.17579
0.859213 0.888075
0.873139 0.951775
0.887342 1.18185
0.65732 0.699994
0.657653 0.650664
0.658653 0.82298
0.660316 0.655409
0.662637 0.788813
0.665609 0.815342
0.669224 0.945085
0.673471 0.797342
0.678338 0.883309
0.683813 1.27442
0.68988 0.936158
0.696524 0.806712
0.703729 0.852147
0.711478 0.688363
0.719753 0.908749
0.728536 0.671441
0.73781 0.949868
0.747555 1.69002
0.757754 0.924738
0.768389 1.35772
0.779441 1.10722
0.790894 1.20132
0.80273 1.49231
0.814932 1.33483
0.827485 1.00135
0.840372 0.982152
0.853578 1.01802
0.86709 0.973332
0.880892 1.37615
0.894971 1.12764
0.66824 0.746105
0.668568 0.883719
0.669552 1.3892
0.671187 0.760886
0.673471 0.792101
0.676396 0.686394
0.679953 1.15726
0.684133 1.04934
0.688925 1.26625
0.694316 0.801089
0.700293 1.04354
0.706839 0.956201
0.71394 0.745334
0.721579 0.944905
0.72974 1.16448
0.738404 1.08541
0.747555 1.57052
0.757175 1.16252
0.767246 0.87078
0.777751 0.851567
0.788673 1.15928
0.799993 1.57227
0.811696 0.844534
0.823766 0.740956
0.836186 1.11012
0.848941 1.18784
0.862016 1.17068
0.875397 1.19063
0.88907 1.24221
0.903022 1.42175
0.67963 0.952031
0.679953 0.671128
0.68092 1.32597
0.682529 0.808166
0.684774 1.12694
0.687651 1.00049
0.69115 1.00073
0.695263 1.0886
0.699979 1.05075
0.705286 1.08118
0.71117 0.853944
0.717617 1.12517
0.724612 0.920477
0.73214 0.999677
0.740184 1.44005
0.748728 1.19279
0.757754 0.978781
0.767246 1.26079
0.777187 0.988452
0.787559 0.885364
0.798346 1.04636
0.809532 1.24702
0.821099 1.4614
0.833032 0.845099
0.845316 1.20185
0.857935 1.09557
0.870876 1.67059
0.884123 1.22774
0.897663 1.1587
0.911483 1.18345
0.691468 0.750587
0.691785 0.751844
0.692735 1.04688
0.694316 0.949091
0.696524 1.00742
0.699352 0.914842
0.702794 0.681428
0.706839 0.968603
0.711478 0.855751
0.716699 0.856001
0.72249 0.98531
0.728837 0.845894
0.735726 1.214
0.743141 1.15563
0.751068 1.00678
0.759489 1.22303
0.768389 1.26545
0.777751 1.2596
0.787559 0.988
0.797797 1.0009
0.808447 1.09944
0.819495 1.19397
0.830923 1.1604
0.842718 1.56691
0.854862 1.11854
0.867343 1.09117
0.880144 1.0612
0.893254 1.31854
0.906658 1.28786
0.920343 1.11734
0.703729 1.20732
0.704041 0.945418
0.704975 0.797898
0.706529 1.35352
0.708698 0.952289
0.711478 0.801289
0.714861 0.903638
0.718838 0.865099
0.723401 1.1578
0.728536 1.18061
0.734234 0.965289
0.74048 1.41662
0.747262 1.22311
0.754564 1.09231
0.762371 0.73971
0.770669 1.15961
0.779441 1.0754
0.788673 0.857838
0.798346 1.26361
0.808447 0.905036
0.818959 1.14978
0.829867 1.09457
0.841155 1.04679
0.852807 0.974135
0.86481 1.13392
0.877149 0.8595
0.88981 1.13188
0.902779 0.964079
0.916044 1.3022
0.929591 1.48584
0.716393 1.1551
0.716699 0.880573
0.717617 1.25073
0.719143 1.19263
0.721275 1.36821
0.724007 0.918273
0.727331 0.756592
0.731241 1.05151
0.735726 1.10829
0.740777 1.27944
0.746381 1.35149
0.752526 0.863079
0.7592 1.14795
0.766388 1.00015
0.774077 1.36301
0.78225 0.707729
0.790894 1.01453
0.799993 1.34079
0.809532 1.17118
0.819495 1.25545
0.829867 1.53488
0.840633 1.19832
0.851778 1.5197
0.863287 1.14468
0.875146 0.924672
0.887342 1.32187
0.899859 1.68846
0.912685 0.65919
0.925808 1.18327
0.939214 1.18976
0.729439 0.897312
0.72974 0.904146
0.730641 1.32492
0.73214 0.910021
0.734234 1.03797
0.736918 1.2623
0.740184 1.19365
0.744026 0.821162
0.748435 1.10505
0.7534 0.760382
0.758911 1.3315
0.764956 1.62117
0.771522 1.34514
0.778597 1.36396
0.786166 0.748137
0.794215 1.5227
0.80273 0.963038
0.811696 1.42407
0.821099 1.05474
0.830923 1.09291
0.841155 1.64829
0.851778 1.12325
0.862779 1.30816
0.874143 1.38863
0.885857 1.18957
0.897907 0.960906
0.910279 1.16772
0.922961 1.21039
0.935939 1.25997
0.949202 0.993139
0.742846 0.817598
0.743141 1.35489
0.744026 1.09975
0.745499 1.3496
0.747555 1.25246
0.750191 0.865993
0.7534 1.10041
0.757175 1.3255
0.761508 1.0514
0.766388 0.980341
0.771807 1.35526
0.777751 1.31824
0.78421 1.15203
0.791171 1.30309
0.798621 1.01922
0.806546 1.12454
0.814932 0.744667
0.823766 1.41552
0.833032 0.873144
0.842718 1.2297
0.852807 0.990422
0.863287 1.15102
0.874143 0.951153
0.885362 1.56807
0.896929 1.91353
0.908832 1.39448
0.921058 1.71652
0.933593 1.56008
0.946426 1.1675
0.959544 0.987107
0.756596 1.17589
0.756886 1.28224
0.757754 1.09898
0.7592 1.1149
0.76122 1.08822
0.763808 1.00789
0.766961 1.14588
0.770669 1.33199
0.774926 1.36113
0.779723 0.877513
0.785049 1.13915
0.790894 0.966928
0.797247 1.02158
0.804095 1.12509
0.811426 1.16959
0.819227 1.2516
0.827485 0.846461
0.836186 1.03514
0.845316 0.834834
0.854862 1.33219
0.86481 0.834504
0.875146 0.895899
0.885857 1.45012
0.896929 0.935384
0.90835 1.03225
0.920105 0.814316
0.932182 1.43629
0.94457 0.804945
0.957255 1.4531
0.970227 1.17526
0.770669 1.22182
0.770954 1.5146
0.771807 1.10014
0.773226 0.962657
0.775209 1.24419
0.777751 1.38887
0.780847 1.14219
0.78449 1.12714
0.788673 1.29423
0.793386 1.47155
0.798621 1.37348
0.804368 1.1409
0.810615 1.34059
0.817351 1.22703
0.824564 1.2122
0.832242 1.18012
0.840372 1.1146
0.848941 1.35808
0.857935 1.4097
0.867343 1.09901
0.877149 0.848294
0.887342 1.15599
0.897907 1.27716
0.908832 0.791895
0.920105 1.20097
0.931712 1.29912
0.943641 1.58564
0.95588 1.34653
0.968417 1.23499
0.981241 0.981818
0.785049 1.18509
0.785328 1.18824
0.786166 1.25922
0.787559 1.01489
0.789506 0.98471
0.792003 0.841197
0.795043 1.33947
0.798621 1.19291
0.80273 0.905452
0.807361 1.33558
0.812507 1.25159
0.818156 1.28467
0.824298 1.56779
0.830923 1.00575
0.83802 1.22414
0.845576 0.898729
0.853578 1.47299
0.862016 1.06899
0.870876 1.28
0.880144 1.22627
0.88981 1.30793
0.899859 1.33995
0.910279 1.07475
0.921058 1.319
0.932182 0.908003
0.943641 1.27143
0.955421 1.4003
0.967511 1.08372
0.979899 1.07126
0.992575 1.06549
0.799719 1.39172
0.799993 1.45039
0.800815 0.953653
0.802183 0.909293
0.804095 0.999237
0.806546 1.3664
0.809532 1.37213
0.813046 1.09739
0.817083 1.30098
0.821633 1.42142
0.826689 0.913314
0.832242 0.892513
0.838281 1.42969
0.844797 1.35886
0.851778 1.09005
0.859213 1.09102
0.86709 1.45137
0.875397 1.43285
0.884123 1.30559
0.893254 1.58888
0.902779 1.19919
0.912685 1.12821
0.922961 0.986555
0.933593 0.936859
0.94457 0.844925
0.95588 0.968635
0.967511 1.17394
0.979452 1.28854
0.991691 1.12523
1.00422 1.16098
0.814663 1.44043
0.814932 0.882539
0.815739 1.18533
0.817083 1.48991
0.818959 1.11002
0.821366 0.977562
0.824298 1.25808
0.82775 1.36046
0.831715 1.02925
0.836186 0.965168
0.841155 0.943158
0.846612 1.44572
0.85255 0.934273
0.858957 1.09989
0.865824 1.52215
0.873139 1.28505
0.880892 0.967247
0.88907 1.05146
0.897663 1.35489
0.906658 1.22907
0.916044 1.23773
0.925808 1.27498
0.935939 1.09187
0.946426 1.11701
0.957255 0.982939
0.968417 1.09097
0.979899 0.956362
0.991691 0.858596
1.00378 1.096
1.01616 1.08925
0.829867 1.20463
0.830131 1.10675
0.830923 0.990727
0.832242 1.23481
0.834085 1.32074
0.836448 0.806049
0.839327 1.12385
0.842718 1.01535
0.846612 1.04503
0.851005 1.16974
0.855888 1.01686
0.861252 0.829951
0.86709 1.15632
0.87339 0.802528
0.880144 1.61876
0.887342 1.27871
0.894971 1.2752
0.903022 1.41851
0.911483 1.13192
0.920343 1.3284
0.929591 1.1883
0.939214 1.19559
0.949202 1.1168
0.959544 0.860859
0.970227 1.06071
0.981241 1.48787
0.992575 1.21183
1.00422 1.03131
1.01616 1.07068
1.02839 0.938082
0.586431 0.770125
0.586805 0.662452
0.587925 0.460737
0.589787 0.783567
0.592384 0.677365
0.595707 0.67939
0.599743 0.668858
0.604479 0.732285
0.609897 0.690612
0.61598 0.745899
0.622708 0.734182
0.630061 0.80074
0.638018 0.891283
0.646554 0.685299
0.655649 0.776664
0.66528 1.08518
0.675422 0.783345
0.686054 0.892398
0.697154 1.09131
0.708698 1.05973
0.720667 0.938721
0.733038 1.09385
0.745793 1.10188
0.758911 1.00734
0.772375 0.862519
0.786166 1.04508
0.800267 1.23139
0.814663 1.16902
0.829338 1.34601
0.844278 1.17557
0.586805 0.914608
0.587178 0.765476
0.588298 0.59452
0.590159 0.681766
0.592755 0.639928
0.596075 0.672254
0.600109 0.813036
0.604842 0.841543
0.610257 0.838998
0.616336 0.649142
0.623061 1.00314
0.630409 1.08028
0.638361 0.694328
0.646894 0.875533
0.655984 0.761738
0.665609 1.01721
0.675747 0.817605
0.686374 0.828467
0.697468 1.08434
0.709008 0.999113
0.720971 1.22113
0.733337 1.09334
0.746087 0.974995
0.7592 1.37057
0.772659 1.2266
0.786445 1.17013
0.800541 0.716442
0.814932 1.52131
0.829603 1.24005
0.844537 1.50165
0.587925 0.639711
0.588298 0.701818
0.589415 0.672806
0.591273 0.885773
0.593864 0.856135
0.597178 0.72413
0.601204 0.592363
0.605928 0.607998
0.611334 0.903079
0.617403 0.818469
0.624116 0.638723
0.631452 0.868735
0.639391 0.840244
0.64791 0.881952
0.656986 0.936948
0.666597 0.80134
0.67672 0.951927
0.687332 1.03686
0.698411 1.24639
0.709935 1.4466
0.721883 0.978245
0.734234 0.985347
0.746968 1.3142
0.760066 0.883761
0.77351 0.92628
0.787281 1.08537
0.801363 0.994222
0.815739 1.32872
0.830395 1.23991
0.845316 1.04185
0.589787 0.649194
0.590159 0.708027
0.591273 0.629876
0.593124 0.666381
0.595707 0.623278
0.599012 0.623703
0.603026 0.687265
0.607736 0.743965
0.613125 0.625704
0.619176 0.652799
0.62587 0.547653
0.633187 0.762908
0.641104 0.673701
0.6496 0.779149
0.658653 1.06137
0.66824 0.930445
0.678338 0.788304
0.688925 0.996951
0.699979 0.959075
0.711478 1.1415
0.723401 0.984696
0.735726 0.829482
0.748435 0.846308
0.761508 0.71285
0.774926 1.39061
0.788673 0.878102
0.80273 1.28562
0.817083 1.35495
0.831715 1.05124
0.846612 1.20417
0.592384 0.649108
0.592755 0.587745
0.593864 0.653872
0.595707 0.860986
0.598279 0.755219
0.601569 0.694272
0.605566 0.79
0.610257 0.674195
0.615624 0.653294
0.621651 0.942902
0.628319 0.700024
0.635607 0.687634
0.643494 0.922937
0.651959 0.999668
0.66098 0.778405
0.670534 0.969664
0.680598 0.714607
0.69115 0.952598
0.702169 1.09353
0.713633 1.19171
0.72552 1.19033
0.73781 1.5248
0.750483 0.938795
0.763521 0.956303
0.776905 1.33239
0.790617 1.37373
0.80464 1.00756
0.818959 1.3194
0.833559 0.950497
0.848424 1.07957
0.595707 0.64066
0.596075 1.03386
0.597178 0.709915
0.599012 0.732973
0.601569 0.799409
0.604842 0.663279
0.608817 0.46735
0.613483 0.542582
0.618822 1.0999
0.624818 0.7177
0.631452 0.819108
0.638705 0.800367
0.646554 0.821723
0.65498 1.07335
0.66396 0.958667
0.673471 0.850609
0.683492 1.01305
0.694001 1.15093
0.704975 1.18087
0.716393 0.884511
0.728235 1.07697
0.74048 1.02108
0.753109 0.999471
0.766102 1.36489
0.779441 1.22048
0.79311 1.1105
0.80709 1.07775
0.821366 0.956959
0.835923 1.53535
0.850747 1.01997
0.599743 0.56294
0.600109 0.68973
0.601204 0.936475
0.603026 0.654117
0.605566 0.680418
0.608817 1.04484
0.612767 0.577446
0.617403 0.687363
0.622708 0.824601
0.628667 0.748802
0.635261 0.748262
0.642471 1.13138
0.650275 1.09691
0.658653 0.936849
0.667583 1.14072
0.677044 0.87165
0.687013 1.13182
0.697468 0.756247
0.708389 1.07838
0.719753 0.79868
0.731541 1.2836
0.743731 0.835143
0.756306 0.852446
0.769245 0.88998
0.782531 1.22564
0.796146 1.18168
0.810073 1.33589
0.824298 1.17927
0.838805 0.87511
0.853578 1.33976
0.604479 0.592828
0.604842 0.625614
0.605928 0.822933
0.607736 0.614257
0.610257 0.900079
0.613483 0.87398
0.617403 0.674776
0.622004 0.776903
0.62727 0.70301
0.633187 0.913687
0.639734 0.849447
0.646894 0.816031
0.654645 1.01624
0.662968 0.927459
0.671841 0.873954
0.681242 0.617825
0.69115 0.974298
0.701544 1.17659
0.712402 0.961036
0.723704 0.789911
0.735428 1.06711
0.747555 0.840284
0.760066 1.00066
0.772942 1.25227
0.786166 1.50957
0.799719 1.23959
0.813586 1.1548
0.82775 1.15196
0.842197 0.78524
0.856912 1.34465
0.609897 0.829908
0.610257 0.916351
0.611334 0.794053
0.613125 0.644487
0.615624 0.815872
0.618822 0.732006
0.622708 0.79139
0.62727 0.529177
0.632493 1.03539
0.638361 0.607264
0.644856 0.956438
0.651959 0.766174
0.659651 0.904007
0.667912 0.816366
0.67672 0.830274
0.686054 1.08493
0.695894 1.22805
0.706218 1.3077
0.717005 1.09239
0.728235 0.739137
0.739888 1.15505
0.751943 0.750116
0.764382 1.34115
0.777187 1.08282
0.790339 1.0603
0.803822 1.02937
0.817619 1.51459
0.831715 1.1757
0.846094 0.760021
0.860743 1.03185
0.61598 0.813076
0.616336 0.641028
0.617403 0.747825
0.619176 0.76156
0.621651 0.815823
0.624818 0.786174
0.628667 0.839559
0.633187 0.640369
0.638361 0.995048
0.644175 0.961202
0.650612 1.10151
0.657653 1.14383
0.66528 0.967761
0.673471 0.964301
0.682207 1.0225
0.691468 1.1365
0.701232 1.10014
0.711478 0.877188
0.722187 0.907564
0.733337 1.13894
0.74491 1.1346
0.756886 1.08431
0.769245 1.20564
0.78197 1.15997
0.795043 1.03864
0.808447 1.22991
0.822167 1.09663
0.836186 1.28775
0.850489 1.14292
0.865064 1.27532
0.622708 0.598403
0.623061 0.966767
0.624116 0.810327
0.62587 0.830777
0.628319 0.706884
0.631452 0.716894
0.635261 0.956608
0.639734 0.796668
0.644856 1.12534
0.650612 0.792634
0.656986 0.880471
0.66396 0.922228
0.671514 0.651171
0.67963 1.1018
0.688288 1.1574
0.697468 0.55176
0.707149 0.94287
0.717311 1.00878
0.727934 0.905774
0.738998 1.01115
0.750483 1.48829
0.762371 1.05398
0.774643 1.13116
0.787281 1.31966
0.800267 0.863764
0.813586 1.39263
0.82722 1.25028
0.841155 1.19848
0.855375 0.860161
0.869868 1.00339
0.630061 0.780454
0.630409 0.892668
0.631452 0.764759
0.633187 0.723196
0.635607 0.809881
0.638705 0.781331
0.642471 0.934526
0.646894 0.79803
0.651959 0.740255
0.657653 0.687712
0.66396 0.900661
0.670861 1.09156
0.678338 1.0148
0.686374 0.780378
0.694948 1.13341
0.704041 0.791887
0.713633 1.15035
0.723704 0.963108
0.734234 1.078
0.745204 0.986022
0.756596 1.17331
0.768389 1.33366
0.780566 1.43188
0.79311 1.16794
0.806002 1.21846
0.819227 1.2547
0.832769 1.3591
0.846612 1.04733
0.860743 1.2687
0.875146 0.879659
0.638018 0.969674
0.638361 0.604006
0.639391 0.666671
0.641104 0.655026
0.643494 0.700242
0.646554 0.995835
0.650275 1.25155
0.654645 0.786031
0.659651 1.24535
0.66528 1.06228
0.671514 0.916787
0.678338 0.956098
0.685735 0.821679
0.693684 0.66089
0.702169 1.08247
0.71117 0.578737
0.720667 0.918652
0.730641 0.932836
0.741073 0.921986
0.751943 1.27119
0.763234 1.0176
0.774926 1.0479
0.787002 0.948228
0.799445 1.09119
0.812237 1.30516
0.825362 0.885198
0.838805 1.65472
0.85255 0.979745
0.866584 1.43512
0.880892 1.44082
0.646554 0.738181
0.646894 0.838935
0.64791 0.827584
0.6496 1.35265
0.651959 0.811584
0.65498 0.863733
0.658653 0.965691
0.662968 1.132
0.667912 0.935843
0.673471 0.835739
0.67963 1.07522
0.686374 0.909915
0.693684 0.985691
0.701544 0.822762
0.709935 0.600214
0.718838 0.971364
0.728235 1.18081
0.738107 1.04913
0.748435 0.953377
0.7592 0.941075
0.770384 1.1642
0.78197 1.15791
0.793939 1.13989
0.806274 1.28258
0.818959 1.17365
0.831979 1.14533
0.845316 0.938131
0.858957 1.34693
0.872888 1.43007
0.887094 1.06573
0.655649 0.718619
0.655984 0.914074
0.656986 0.982309
0.658653 0.912215
0.66098 0.920176
0.66396 0.939648
0.667583 0.822545
0.671841 0.715363
0.67672 0.938727
0.682207 0.728146
0.688288 1.21099
0.694948 0.669595
0.702169 0.670371
0.709935 0.763224
0.718228 1.21421
0.72703 1.20033
0.736322 1.18067
0.746087 1.32866
0.756306 1.14348
0.766961 1.44111
0.778033 1.1053
0.789506 1.00396
0.801363 1.12691
0.813586 1.0285
0.826159 1.39938
0.839066 1.12053
0.852293 1.03252
0.865824 1.06213
0.879646 1.33967
0.893745 1.11864
0.66528 0.843917
0.665609 0.982806
0.666597 0.859074
0.66824 0.568091
0.670534 0.943001
0.673471 0.986012
0.677044 1.04459
0.681242 1.12212
0.686054 0.969127
0.691468 1.27035
0.697468 1.01145
0.704041 1.17326
0.71117 0.645572
0.718838 0.838631
0.72703 0.784531
0.735726 1.04175
0.74491 0.748447
0.754564 0.90094
0.764669 1.11155
0.775209 0.791125
0.786166 0.862213
0.797522 1.11191
0.809261 1.39541
0.821366 1.02559
0.833822 1.26142
0.846612 0.966629
0.859723 0.983536
0.873139 1.06714
0.886847 1.44498
0.900833 1.10461
0.675422 1.00336
0.675747 0.767744
0.67672 0.935415
0.678338 0.788593
0.680598 0.754556
0.683492 1.0019
0.687013 0.952435
0.69115 0.687572
0.695894 0.928347
0.701232 0.776703
0.707149 0.860062
0.713633 0.86663
0.720667 0.963403
0.728235 1.23757
0.736322 1.1019
0.74491 1.12389
0.753982 0.938041
0.763521 0.90409
0.77351 0.892033
0.783931 1.44399
0.794767 1.51909
0.806002 1.1463
0.817619 0.834475
0.829603 1.14443
0.841936 1.47163
0.854606 1.02335
0.867595 1.03072
0.880892 1.07547
0.894481 1.47657
0.90835 1.10289
0.686054 0.826431
0.686374 0.785626
0.687332 0.789779
0.688925 0.838357
0.69115 0.710168
0.694001 0.800058
0.697468 1.02673
0.701544 1.12695
0.706218 0.594279
0.711478 0.998512
0.717311 1.4072
0.723704 1.21136
0.730641 0.827857
0.738107 0.982131
0.746087 1.24569
0.754564 1.11194
0.763521 1.32446
0.772942 0.962749
0.782811 1.2913
0.79311 1.51295
0.803822 0.939452
0.814932 1.63821
0.826424 0.792722
0.838281 1.35879
0.850489 1.6831
0.863033 1.1035
0.875898 0.983417
0.88907 1.10921
0.902536 1.11205
0.916283 0.970888
0.697154 1.3577
0.697468 1.19778
0.698411 0.932534
0.699979 1.31448
0.702169 0.932119
0.704975 1.09973
0.708389 1.24717
0.712402 1.22242
0.717005 0.884531
0.722187 0.735279
0.727934 0.794671
0.734234 1.06958
0.741073 1.03303
0.748435 1.33568
0.756306 0.852726
0.764669 1.33716
0.77351 1.06778
0.782811 1.47884
0.792556 1.49387
0.80273 0.842783
0.813316 0.651504
0.824298 1.14345
0.835661 0.893229
0.847389 0.978976
0.859468 1.51543
0.871882 1.17738
0.884619 1.2134
0.897663 1.33871
0.911002 1.61554
0.924623 1.36025
0.708698 0.855695
0.709008 1.10179
0.709935 0.838109
0.711478 0.66883
0.713633 1.23803
0.716393 0.845183
0.719753 1.13407
0.723704 0.847372
0.728235 0.999578
0.733337 1.49894
0.738998 1.00998
0.745204 1.28588
0.751943 0.951514
0.7592 1.10896
0.766961 1.00062
0.775209 0.932275
0.783931 1.35275
0.79311 1.04172
0.80273 1.07892
0.812776 1.18924
0.823233 1.14569
0.834085 1.01905
0.845316 1.09346
0.856912 1.32862
0.868858 1.22619
0.881141 0.832718
0.893745 1.30974
0.906658 1.09623
0.919866 1.05931
0.933358 1.3401
0.720667 0.779311
0.720971 1.17074
0.721883 1.14705
0.723401 0.893509
0.72552 1.03245
0.728235 1.1309
0.731541 0.937056
0.735428 0.853417
0.739888 1.02293
0.74491 0.93313
0.750483 1.02469
0.756596 0.850135
0.763234 0.821157
0.770384 1.16261
0.778033 1.00483
0.786166 0.76003
0.794767 1.67896
0.803822 0.905702
0.813316 1.39989
0.823233 0.995174
0.833559 1.01925
0.844278 1.29032
0.855375 0.955163
0.866837 1.09357
0.878648 1.52132
0.890795 0.972736
0.903265 1.22822
0.916044 1.09545
0.929119 1.53702
0.942478 1.34316
0.733038 1.37177
0.733337 0.800572
0.734234 0.760273
0.735726 1.11011
0.73781 0.916736
0.74048 1.00687
0.743731 1.1909
0.747555 0.975567
0.751943 0.806002
0.756886 1.01378
0.762371 0.856259
0.768389 0.998486
0.774926 1.16618
0.78197 1.13926
0.789506 0.831789
0.797522 1.14822
0.806002 1.32378
0.814932 1.47456
0.824298 0.941819
0.834085 1.60203
0.844278 1.29605
0.854862 1.17077
0.865824 1.16674
0.877149 0.948564
0.888823 1.27774
0.900833 1.91014
0.913166 0.99852
0.925808 1.17155
0.938747 1.30296
0.951971 1.20576
0.745793 1.18251
0.746087 0.967982
0.746968 0.756779
0.748435 1.09799
0.750483 1.07316
0.753109 0.952671
0.756306 1.27978
0.760066 1.47772
0.764382 1.20392
0.769245 1.09163
0.774643 1.17314
0.780566 0.995566
0.787002 0.804512
0.793939 1.23677
0.801363 1.18594
0.809261 1.30513
0.817619 0.978468
0.826424 0.974038
0.835661 1.12017
0.845316 1.06497
0.855375 1.34311
0.865824 1.20942
0.876649 0.940524
0.887836 1.11577
0.899371 1.51047
0.911242 0.920682
0.923436 1.59654
0.935939 1.24158
0.94874 1.10117
0.961827 0.979982
0.758911 0.984802
0.7592 1.15071
0.760066 0.750006
0.761508 1.1123
0.763521 1.19476
0.766102 1.32702
0.769245 1.42165
0.772942 1.17375
0.777187 0.927598
0.78197 0.959063
0.787281 1.00574
0.79311 1.26541
0.799445 0.927826
0.806274 1.19747
0.813586 1.36528
0.821366 1.15813
0.829603 1.44469
0.838281 1.24241
0.847389 0.792686
0.856912 1.27977
0.866837 1.17281
0.877149 1.15098
0.887836 1.31164
0.898884 1.30776
0.910279 1.13632
0.92201 1.00268
0.934063 1.00665
0.946426 1.11765
0.959087 1.12416
0.972034 0.984797
0.772375 1.04846
0.772659 1.36675
0.77351 0.962942
0.774926 1.21442
0.776905 1.52045
0.779441 1.06573
0.782531 1.25028
0.786166 1.08962
0.790339 1.0924
0.795043 1.12054
0.800267 0.908364
0.806002 0.719323
0.812237 0.925133
0.818959 1.10087
0.826159 1.21703
0.833822 1.232
0.841936 1.47637
0.850489 1.23005
0.859468 0.882058
0.868858 0.927609
0.878648 1.12486
0.888823 1.05017
0.899371 1.00522
0.910279 0.921339
0.921534 1.93634
0.933123 1.45578
0.945034 1.43936
0.957255 1.14069
0.969775 1.29709
0.982582 0.808743
0.786166 1.53119
0.786445 1.28425
0.787281 1.20802
0.788673 1.18072
0.790617 1.29025
0.79311 0.940154
0.796146 1.54272
0.799719 1.3346
0.803822 0.979153
0.808447 0.923433
0.813586 1.26967
0.819227 1.01119
0.825362 1.55539
0.831979 1.15264
0.839066 1.00466
0.846612 1.04023
0.854606 1.24439
0.863033 0.889468
0.871882 1.49403
0.881141 1.30074
0.890795 1.49164
0.900833 1.30985
0.911242 1.05114
0.92201 1.39775
0.933123 1.27158
0.94457 1.0029
0.956339 1.37622
0.968417 1.207
0.980794 1.28228
0.993459 1.0786
0.800267 1.13192
0.800541 1.60702
0.801363 1.16348
0.80273 1.02051
0.80464 1.13354
0.80709 1.44151
0.810073 1.4339
0.813586 1.54002
0.817619 1.27409
0.822167 0.824467
0.82722 1.26514
0.832769 1.19166
0.838805 1.15894
0.845316 1.41389
0.852293 1.75767
0.859723 1.68657
0.867595 1.23222
0.875898 1.23388
0.884619 1.1628
0.893745 1.19312
0.903265 1.41157
0.913166 0.9694
0.923436 1.02221
0.934063 1.34586
0.945034 0.888189
0.956339 1.19487
0.967964 0.848942
0.979899 1.03018
0.992133 0.847889
1.00465 1.42336
0.814663 1.26298
0.814932 0.950402
0.815739 0.922524
0.817083 1.38414
0.818959 1.15307
0.821366 1.10869
0.824298 1.3989
0.82775 1.16608
0.831715 1.05658
0.836186 1.35465
0.841155 0.992778
0.846612 1.34868
0.85255 1.31686
0.858957 1.59795
0.865824 1.46814
0.873139 1.62215
0.880892 1.1527
0.88907 1.04484
0.897663 1.38561
0.906658 0.636186
0.916044 1.0244
0.925808 1.04418
0.935939 1.15034
0.946426 1.43853
0.957255 0.817863
0.968417 1.27503
0.979899 1.09614
0.991691 1.11308
1.00378 1.07494
1.01616 0.992639
0.829338 0.966496
0.829603 1.24284
0.830395 1.24508
0.831715 1.24942
0.833559 1.17624
0.835923 1.05606
0.838805 1.27996
0.842197 1.33257
0.846094 1.12726
0.850489 1.60117
0.855375 0.945621
0.860743 1.61859
0.866584 1.04329
0.872888 1.1285
0.879646 1.33424
0.886847 1.16152
0.894481 1.19088
0.902536 1.29669
0.911002 0.912527
0.919866 1.07742
0.929119 1.61041
0.938747 0.980387
0.94874 1.10861
0.959087 1.5109
0.969775 1.05338
0.980794 0.99762
0.992133 0.797257
1.00378 1.29733
1.01573 0.899029
1.02796 0.897469
0.844278 1.05591
0.844537 1.00186
0.845316 0.74202
0.846612 1.47982
0.848424 1.12464
0.850747 1.13225
0.853578 1.43987
0.856912 1.01109
0.860743 1.19926
0.865064 1.45704
0.869868 1.17042
0.875146 1.12382
0.880892 1.27695
0.887094 1.08564
0.893745 0.907475
0.900833 0.773307
0.90835 1.29262
0.916283 1.219
0.924623 1.54584
0.933358 1.20692
0.942478 1.42083
0.951971 1.44108
0.961827 1.46269
0.972034 1.07006
0.982582 1.27555
0.993459 1.0694
1.00465 1.2115
1.01616 1.31863
1.02796 1.21388
1.04005 0.845197
0.607375 0.900157
0.607736 0.500734
0.608817 0.778237
0.610616 0.639464
0.613125 0.693356
0.616336 0.749843
0.620238 0.905698
0.624818 0.692691
0.630061 0.742324
0.635952 0.92334
0.642471 0.854959
0.6496 0.50465
0.65732 0.906014
0.665609 0.847534
0.674447 0.77684
0.683813 1.10669
0.693684 0.824981
0.704041 0.770222
0.714861 0.882471
0.726124 0.983655
0.73781 0.765323
0.749899 1.30591
0.762371 1.01305
0.775209 1.426
0.788394 1.29619
0.80191 1.13315
0.815739 0.841097
0.829867 1.11178
0.844278 0.998701
0.858957 1.21285
0.607736 0.76165
0.608096 0.976306
0.609177 0.552138
0.610975 0.792686
0.613483 0.847343
0.616692 0.774975
0.620592 0.861305
0.625169 0.685124
0.630409 1.11984
0.636296 0.724382
0.642812 0.84364
0.649938 0.563241
0.657653 0.717267
0.665939 0.99362
0.674772 0.67251
0.684133 0.918707
0.694001 0.969327
0.704352 1.27788
0.715168 0.945082
0.726426 0.941348
0.738107 1.05696
0.750191 0.841984
0.762659 1.40942
0.775492 1.21469
0.788673 1.27762
0.802183 1.11272
0.816008 1.01871
0.830131 0.890978
0.844537 1.12037
0.859213 1.34472
0.608817 0.86359
0.609177 0.899994
0.610257 0.788499
0.612051 0.678921
0.614554 0.969341
0.617758 0.873246
0.621651 0.789025
0.626221 0.798606
0.631452 0.631983
0.63733 0.651589
0.643835 0.70603
0.650949 0.82346
0.658653 1.01428
0.666926 1.26532
0.675747 0.754871
0.685095 1.20575
0.694948 0.920887
0.705286 1.26344
0.716087 1.11308
0.727331 1.00282
0.738998 1.03944
0.751068 1.21961
0.763521 1.24092
0.77634 0.943721
0.789506 1.31432
0.803003 1.28493
0.816814 1.10104
0.830923 0.781735
0.845316 1.03654
0.859978 1.51504
0.610616 0.549181
0.610975 0.60368
0.612051 0.811539
0.61384 0.793562
0.616336 0.814724
0.61953 0.556555
0.623412 0.887726
0.627969 0.822834
0.633187 0.918351
0.639048 0.705426
0.645536 1.01469
0.652632 1.12244
0.660316 1.30367
0.668568 0.839388
0.677368 1.12381
0.686693 1.27008
0.696524 1.31495
0.706839 0.781811
0.717617 1.24403
0.728837 0.718793
0.74048 0.861723
0.752526 1.08448
0.764956 0.656343
0.777751 1.47041
0.790894 0.955691
0.804368 1.11048
0.818156 1.02293
0.832242 1.05102
0.846612 1.17759
0.861252 0.871252
0.613125 0.499864
0.613483 0.716191
0.614554 0.633195
0.616336 0.720385
0.618822 0.813918
0.622004 0.760675
0.62587 0.808336
0.630409 0.802989
0.635607 0.818082
0.641446 0.874702
0.64791 1.1602
0.65498 0.928837
0.662637 0.754343
0.670861 1.12706
0.67963 0.849071
0.688925 0.968199
0.698725 0.848767
0.709008 0.945801
0.719753 1.09372
0.730941 0.823675
0.742551 1.20083
0.754564 1.14785
0.766961 1.17662
0.779723 1.18132
0.792833 0.508099
0.806274 1.17506
0.82003 1.01571
0.834085 1.35477
0.848424 1.17231
0.863033 1.26447
0.616336 0.862556
0.616692 0.66789
0.617758 0.835197
0.61953 0.800939
0.622004 0.720604
0.625169 0.824263
0.629016 0.608108
0.633533 0.814019
0.638705 1.31513
0.644516 0.753165
0.650949 0.93305
0.657987 0.835273
0.665609 0.992269
0.673797 0.905372
0.682529 0.762176
0.691785 1.02244
0.701544 1.20036
0.711786 0.757035
0.72249 1.15023
0.733636 1.11302
0.745204 1.12849
0.757175 1.01242
0.76953 1.28098
0.78225 1.42402
0.795319 1.34624
0.808719 1.01562
0.822434 1.0598
0.836448 1.27101
0.850747 1.34469
0.865317 0.926498
0.620238 0.835657
0.620592 0.8318
0.621651 0.782393
0.623412 0.727861
0.62587 1.06181
0.629016 0.602521
0.63284 0.936189
0.63733 0.706959
0.642471 0.799998
0.648248 0.884663
0.654645 0.791475
0.661643 0.719699
0.669224 0.822636
0.677368 0.734804
0.686054 0.893705
0.695263 0.903628
0.704975 1.3066
0.715168 0.981204
0.725822 0.867226
0.736918 1.32861
0.748435 0.851825
0.760355 1.05024
0.772659 1.05442
0.785328 1.32455
0.798346 1.45744
0.811696 1.44974
0.825362 1.72119
0.839327 1.18075
0.853578 0.979217
0.868101 1.31187
0.624818 0.748674
0.625169 0.766121
0.626221 0.737777
0.627969 0.713525
0.630409 0.826948
0.633533 1.01387
0.63733 0.593618
0.641788 0.867025
0.646894 0.89844
0.652632 0.598048
0.658986 0.725431
0.665939 1.21118
0.673471 1.08479
0.681564 0.79767
0.690198 0.951709
0.699352 0.904326
0.709008 1.12501
0.719143 1.03042
0.72974 1.14238
0.740777 1.1282
0.752235 0.814683
0.764095 1.17288
0.77634 1.00764
0.788951 1.28572
0.80191 1.21527
0.815201 1.13744
0.828809 1.14878
0.842718 1.87337
0.856912 1.63292
0.871379 1.17791
0.630061 1.05357
0.630409 1.0461
0.631452 0.671582
0.633187 0.730876
0.635607 1.00839
0.638705 0.604101
0.642471 0.899704
0.646894 0.85555
0.651959 1.22373
0.657653 0.972828
0.66396 0.652485
0.670861 0.847003
0.678338 1.15082
0.686374 0.682729
0.694948 0.856583
0.704041 1.15621
0.713633 1.25554
0.723704 1.14765
0.734234 1.11962
0.745204 1.52146
0.756596 1.06259
0.768389 1.35413
0.780566 1.06035
0.79311 1.04531
0.806002 1.30611
0.819227 1.50604
0.832769 0.846161
0.846612 1.53564
0.860743 1.03259
0.875146 1.02914
0.635952 1.11984
0.636296 0.723632
0.63733 0.921517
0.639048 0.797256
0.641446 0.663833
0.644516 0.511822
0.648248 0.940401
0.652632 1.06724
0.657653 1.04152
0.663299 0.994484
0.669552 0.72957
0.676396 0.952414
0.683813 0.669512
0.691785 1.33744
0.700293 0.787568
0.709317 0.903071
0.718838 1.02689
0.728837 1.1704
0.739295 1.12161
0.750191 0.7699
0.761508 1.23395
0.773226 1.06521
0.785328 0.87512
0.797797 1.17793
0.810615 1.05933
0.823766 1.15079
0.837234 1.08227
0.851005 0.923493
0.865064 0.873452
0.879397 1.16876
0.642471 0.610916
0.642812 0.765035
0.643835 0.635275
0.645536 0.6183
0.64791 1.15461
0.650949 0.635526
0.654645 0.73872
0.658986 0.939133
0.66396 0.717258
0.669552 0.64493
0.675747 0.858467
0.682529 1.01721
0.68988 1.00646
0.697783 1.04114
0.706218 1.14519
0.715168 1.06597
0.724612 0.800779
0.734533 1.02387
0.74491 0.928372
0.755726 1.02081
0.766961 1.19901
0.778597 1.33616
0.790617 0.887219
0.803003 1.92451
0.815739 1.325
0.828809 1.00325
0.842197 1.09453
0.855888 1.12298
0.869868 0.874606
0.884123 1.22486
0.6496 0.962659
0.649938 0.982688
0.650949 0.874597
0.652632 0.930541
0.65498 0.896814
0.657987 0.716847
0.661643 0.658877
0.665939 1.10021
0.670861 0.731263
0.676396 0.9895
0.682529 0.945218
0.689244 0.908992
0.696524 0.973747
0.704352 1.12907
0.71271 1.26533
0.721579 1.07831
0.730941 1.02614
0.740777 0.818908
0.751068 1.42586
0.761796 0.903401
0.772942 0.947702
0.78449 0.791398
0.796421 1.24374
0.808719 1.67307
0.821366 1.65437
0.834348 1.15674
0.847648 1.07378
0.861252 1.30844
0.875146 0.981742
0.889317 1.07551
0.65732 0.798842
0.657653 1.03436
0.658653 1.00602
0.660316 0.938773
0.662637 0.863875
0.665609 0.910427
0.669224 0.720046
0.673471 0.921735
0.678338 0.981294
0.683813 0.769367
0.68988 0.930865
0.696524 0.7765
0.703729 0.884201
0.711478 0.694063
0.719753 1.19412
0.728536 0.81241
0.73781 1.16029
0.747555 0.952124
0.757754 1.59325
0.768389 1.01845
0.779441 1.10626
0.790894 1.76804
0.80273 1.55407
0.814932 1.24615
0.827485 1.29643
0.840372 1.00874
0.853578 1.2676
0.86709 1.32366
0.880892 1.27171
0.894971 1.22423
0.665609 0.975047
0.665939 0.9693
0.666926 1.21013
0.668568 0.75051
0.670861 0.96504
0.673797 0.959377
0.677368 1.09649
0.681564 1.35715
0.686374 0.642106
0.691785 0.829938
0.697783 1.07225
0.704352 1.31431
0.711478 1.19555
0.719143 0.94705
0.727331 1.21799
0.736024 1.10032
0.745204 0.830437
0.754854 1.11137
0.764956 1.13427
0.775492 1.0058
0.786445 1.24505
0.797797 1.48443
0.809532 0.997138
0.821633 0.876477
0.834085 1.1248
0.846871 1.22686
0.859978 0.910645
0.87339 1.24322
0.887094 1.04296
0.901077 1.22045
0.674447 0.903413
0.674772 1.20878
0.675747 1.17932
0.677368 1.23657
0.67963 0.8916
0.682529 1.2548
0.686054 1.35201
0.690198 1.02834
0.694948 1.02832
0.700293 1.19029
0.706218 0.924749
0.71271 0.889613
0.719753 0.884344
0.727331 1.07358
0.735428 1.19762
0.744026 1.08104
0.753109 1.3021
0.762659 0.745763
0.772659 1.17355
0.783091 0.845695
0.793939 1.31176
0.805185 1.01691
0.816814 1.39498
0.828809 1.21217
0.841155 1.56397
0.853835 1.40718
0.866837 1.49391
0.880144 1.39033
0.893745 1.51323
0.907625 0.955195
0.683813 1.11973
0.684133 0.861615
0.685095 0.804876
0.686693 0.66098
0.688925 1.00944
0.691785 1.21379
0.695263 0.846186
0.699352 0.84885
0.704041 1.27761
0.709317 0.838959
0.715168 0.735845
0.721579 0.930615
0.728536 1.15325
0.736024 0.944181
0.744026 1.04896
0.752526 1.12929
0.761508 1.00931
0.770954 1.42118
0.780847 1.30057
0.791171 1.31542
0.80191 1.45131
0.813046 1.1755
0.824564 1.16882
0.836448 1.03557
0.848682 1.40554
0.861252 1.13971
0.874143 1.29858
0.887342 0.867453
0.900833 1.35648
0.914606 1.4913
0.693684 0.847395
0.694001 1.12857
0.694948 0.941169
0.696524 1.01717
0.698725 0.909048
0.701544 0.932712
0.704975 0.889931
0.709008 0.998181
0.713633 0.891897
0.718838 1.23263
0.724612 0.62778
0.730941 1.00883
0.73781 1.00276
0.745204 1.22687
0.753109 0.880375
0.761508 1.32697
0.770384 1.07861
0.779723 1.1599
0.789506 0.834047
0.799719 1.38591
0.810344 0.980863
0.821366 1.05857
0.832769 1.056
0.844537 1.21296
0.856656 1.22315
0.869111 1.19705
0.881887 1.02567
0.894971 0.910048
0.90835 1.23057
0.92201 1.07932
0.704041 0.914057
0.704352 0.920947
0.705286 1.15916
0.706839 0.822188
0.709008 1.22688
0.711786 1.04096
0.715168 0.892626
0.719143 1.09192
0.723704 0.978799
0.728837 1.13477
0.734533 1.23896
0.740777 1.04143
0.747555 1.49432
0.754854 1.1966
0.762659 1.25022
0.770954 1.38061
0.779723 0.799513
0.788951 1.51982
0.798621 1.02215
0.808719 1.34542
0.819227 1.09592
0.830131 1.40062
0.841415 1.41159
0.853064 1.01345
0.865064 1.28351
0.877399 1.15552
0.890056 1.18906
0.903022 1.45283
0.916283 0.93165
0.929827 1.00189
0.714861 0.848419
0.715168 1.30493
0.716087 0.8473
0.717617 0.924243
0.719753 1.51019
0.72249 1.1264
0.725822 1.15033
0.72974 0.728295
0.734234 0.810559
0.739295 0.588054
0.74491 1.22743
0.751068 1.2808
0.757754 1.47516
0.764956 0.99282
0.772659 0.821066
0.780847 1.67159
0.789506 1.1016
0.798621 1.1521
0.808176 1.17311
0.818156 0.971144
0.828544 1.01316
0.839327 1.20945
0.850489 1.07094
0.862016 1.43687
0.873892 1.086
0.886105 1.32993
0.89864 1.27487
0.911483 1.05152
0.924623 1.16969
0.938046 1.29434
0.726124 1.07724
0.726426 1.05605
0.727331 1.26458
0.728837 0.981685
0.730941 0.911987
0.733636 1.0094
0.736918 1.1505
0.740777 0.9258
0.745204 1.04578
0.750191 0.817403
0.755726 0.92298
0.761796 1.56666
0.768389 1.05969
0.775492 1.35161
0.783091 0.830765
0.791171 1.15057
0.799719 1.06818
0.808719 1.16395
0.818156 1.3557
0.828015 1.18412
0.838281 0.906787
0.848941 0.788836
0.859978 1.26905
0.871379 1.14602
0.88313 1.47205
0.895216 1.38389
0.907625 1.11546
0.920343 1.27093
0.933358 1.64735
0.946657 1.32438
0.73781 0.910507
0.738107 1.19754
0.738998 1.03695
0.74048 0.909612
0.742551 1.0279
0.745204 1.20556
0.748435 0.780569
0.752235 1.28322
0.756596 0.774232
0.761508 0.878397
0.766961 1.22114
0.772942 1.07526
0.779441 0.873738
0.786445 1.16578
0.793939 1.28967
0.80191 0.883216
0.810344 1.32275
0.819227 1.34222
0.828544 1.27471
0.838281 1.31351
0.848424 1.19341
0.858957 1.3128
0.869868 0.999072
0.881141 0.991258
0.892763 1.55027
0.904721 0.950874
0.917001 0.952923
0.929591 0.967052
0.942478 1.03955
0.95565 1.43952
0.749899 0.829641
0.750191 1.08994
0.751068 0.735696
0.752526 1.2763
0.754564 1.07983
0.757175 1.01871
0.760355 0.824796
0.764095 1.17931
0.768389 1.09053
0.773226 1.17095
0.778597 1.19367
0.78449 1.27263
0.790894 1.02396
0.797797 1.44824
0.805185 1.36361
0.813046 1.03282
0.821366 1.25631
0.830131 1.03012
0.839327 1.4344
0.848941 1.14464
0.858957 1.55571
0.869363 1.12445
0.880144 1.1011
0.891288 1.38678
0.902779 0.942912
0.914606 1.36218
0.926755 1.62971
0.939214 1.34337
0.951971 0.945658
0.965014 1.18091
0.762371 1.15419
0.762659 0.955453
0.763521 1.22359
0.764956 1.1905
0.766961 1.36699
0.76953 0.791013
0.772659 0.900474
0.77634 1.15606
0.780566 1.18876
0.785328 0.894149
0.790617 1.23383
0.796421 1.395
0.80273 1.09889
0.809532 0.820418
0.816814 1.05528
0.824564 1.56433
0.832769 1.34252
0.841415 1.36248
0.850489 1.25359
0.859978 0.870115
0.869868 0.718147
0.880144 1.18479
0.890795 1.23448
0.901807 1.26632
0.913166 1.16769
0.92486 1.60804
0.936876 1.70522
0.949202 0.848631
0.961827 0.931179
0.974738 0.985663
0.775209 1.23066
0.775492 1.58487
0.77634 1.60697
0.777751 0.897099
0.779723 1.19166
0.78225 1.25463
0.785328 1.7007
0.788951 0.921384
0.79311 1.09447
0.797797 1.50102
0.803003 1.19813
0.808719 1.3424
0.814932 0.563076
0.821633 1.56483
0.828809 1.31786
0.836448 1.15273
0.844537 0.91754
0.853064 0.956563
0.862016 0.971371
0.871379 0.771178
0.881141 1.0781
0.891288 1.40926
0.901807 1.24264
0.912685 0.993827
0.923911 1.48711
0.93547 1.3219
0.947352 1.01071
0.959544 1.31663
0.972034 0.894904
0.984811 1.45414
0.788394 1.30858
0.788673 1.42064
0.789506 1.23306
0.790894 1.14616
0.792833 1.65111
0.795319 1.2433
0.798346 1.02266
0.80191 1.14145
0.806002 1.20146
0.810615 1.09664
0.815739 1.49828
0.821366 1.21134
0.827485 1.09931
0.834085 1.28371
0.841155 0.803641
0.848682 1.18428
0.856656 1.32504
0.865064 1.05171
0.873892 1.89129
0.88313 1.31714
0.892763 1.08903
0.902779 1.07605
0.913166 1.12225
0.923911 1.46447
0.935001 1.06154
0.946426 1.06352
0.958171 1.33289
0.970227 1.27127
0.982582 1.12951
0.995223 0.997512
0.80191 1.52452
0.802183 0.99101
0.803003 1.23586
0.804368 0.971554
0.806274 1.14339
0.808719 1.31857
0.811696 1.07415
0.815201 1.08589
0.819227 1.02516
0.823766 1.0322
0.828809 1.06763
0.834348 1.65617
0.840372 1.3951
0.846871 1.11425
0.853835 1.18787
0.861252 1.54209
0.869111 0.948765
0.877399 1.53373
0.886105 1.16061
0.895216 1.19207
0.904721 1.51868
0.914606 1.26873
0.92486 0.818331
0.93547 1.50844
0.946426 1.42074
0.957714 0.749304
0.969323 1.44201
0.981241 1.19737
0.993459 1.11199
1.00596 1.09884
0.815739 1.26992
0.816008 1.06923
0.816814 1.08263
0.818156 1.12275
0.82003 1.60183
0.822434 1.51981
0.825362 1.40938
0.828809 1.28138
0.832769 1.389
0.837234 1.12988
0.842197 1.13155
0.847648 1.2989
0.853578 1.18901
0.859978 1.67284
0.866837 1.20389
0.874143 0.956093
0.881887 1.59801
0.890056 1.03404
0.89864 1.23175
0.907625 1.19845
0.917001 1.27808
0.926755 1.42825
0.936876 1.11214
0.947352 1.1126
0.958171 1.00606
0.969323 0.900246
0.980794 1.44432
0.992575 1.09459
1.00465 1.12892
1.01702 1.0182
0.829867 1.07045
0.830131 1.10484
0.830923 1.24822
0.832242 1.25628
0.834085 1.29258
0.836448 1.21802
0.839327 0.910781
0.842718 1.48023
0.846612 1.37894
0.851005 1.58994
0.855888 1.23181
0.861252 1.16334
0.86709 1.57104
0.87339 1.06258
0.880144 1.00355
0.887342 0.933706
0.894971 1.26048
0.903022 1.04164
0.911483 0.83805
0.920343 1.17883
0.929591 1.3182
0.939214 1.50927
0.949202 1.43365
0.959544 0.93692
0.970227 1.57192
0.981241 1.12084
0.992575 0.938471
1.00422 1.48541
1.01616 0.816249
1.02839 1.56123
0.844278 1.18318
0.844537 1.5766
0.845316 0.89931
0.846612 0.981619
0.848424 1.00448
0.850747 0.841993
0.853578 1.42615
0.856912 1.35494
0.860743 1.08782
0.865064 1.35728
0.869868 0.875629
0.875146 0.953753
0.880892 0.913142
0.887094 1.04514
0.893745 1.217
0.900833 1.03862
0.90835 1.34217
0.916283 1.26242
0.924623 1.69182
0.933358 1.05592
0.942478 0.90937
0.951971 1.27872
0.961827 1.09643
0.972034 0.975558
0.982582 1.04363
0.993459 1.027
1.00465 0.655524
1.01616 1.16792
1.02796 1.26894
1.04005 0.963805
0.858957 1.4729
0.859213 1.33467
0.859978 1.12278
0.861252 1.20476
0.863033 1.20893
0.865317 1.363
0.868101 1.4073
0.871379 0.837992
0.875146 1.26549
0.879397 1.11679
0.884123 1.075
0.889317 1.47261
0.894971 1.07644
0.901077 1.25789
0.907625 1.18152
0.914606 1.46268
0.92201 1.11559
0.929827 0.891738
0.938046 1.07198
0.946657 1.18532
0.95565 1.09704
0.965014 1.17891
0.974738 1.04576
0.984811 1.37942
0.995223 1.40558
1.00596 1.19216
1.01702 1.50508
1.02839 0.981892
1.04005 1.22628
1.052 0.914543
0 8100
