# q  S_avg  S_stderr  n_modes
5.000000000000000104e-04 6.480000000000000000e+03 0.000000000000000000e+00 1.000000000000000000e+00
2.050000000000000086e-02 7.501014999999999766e-02 1.731454999999999453e-02 2.000000000000000000e+00
2.949999999999999845e-02 6.574889999999999901e-01 2.637740749220817693e-01 3.000000000000000000e+00
3.650000000000000466e-02 3.014740000000000197e-01 0.000000000000000000e+00 1.000000000000000000e+00
4.150000000000000216e-02 8.123503333333332854e-01 1.626621726383993827e-01 3.000000000000000000e+00
4.649999999999999967e-02 1.113249500000000003e+00 3.271235409530319771e-01 6.000000000000000000e+00
5.150000000000000411e-02 2.540482000000000351e+00 8.486348137944850212e-01 3.000000000000000000e+00
5.949999999999999734e-02 6.869456666666667211e+00 4.126893393059454240e+00 3.000000000000000000e+00
6.250000000000000000e-02 1.564424349999999997e+01 3.479267714816665968e+00 6.000000000000000000e+00
6.650000000000000355e-02 1.039156666666666595e+01 2.740448832540230306e+00 6.000000000000000000e+00
6.950000000000000622e-02 3.279716333333333722e+01 1.562094221858414222e+01 3.000000000000000000e+00
7.250000000000000888e-02 9.495070000000000121e+00 0.000000000000000000e+00 1.000000000000000000e+00
7.549999999999999767e-02 2.319913999999999987e+01 1.724312949754906654e+01 6.000000000000000000e+00
7.850000000000000033e-02 2.624583333333333357e+01 6.785574486102444070e+00 6.000000000000000000e+00
8.350000000000000477e-02 4.603180000000000405e+01 1.385456503840280540e+01 3.000000000000000000e+00
8.650000000000000744e-02 5.476819222222221839e+01 2.324091592532264983e+01 9.000000000000000000e+00
8.849999999999999534e-02 2.657240333333333027e+01 8.163603158720896147e+00 6.000000000000000000e+00
9.149999999999999800e-02 3.643727333333333007e+01 2.958797053711430891e+01 3.000000000000000000e+00
9.349999999999999978e-02 4.985496666666667664e+01 1.962562015350796329e+01 6.000000000000000000e+00
9.550000000000000155e-02 3.358135000000000048e+01 7.452700373097436604e+00 6.000000000000000000e+00
9.850000000000000422e-02 4.028229999999999933e+01 2.034270145637824356e+01 3.000000000000000000e+00
1.025000000000000078e-01 2.775639999999999930e+01 5.560107489068895070e+00 3.000000000000000000e+00
1.045000000000000095e-01 1.624517444444444436e+01 6.686191885504307209e+00 9.000000000000000000e+00
1.064999999999999974e-01 1.456750583333333360e+01 2.409193883952037929e+00 1.200000000000000000e+01
1.084999999999999992e-01 1.473708999999999847e+01 6.164903714640102450e+00 4.000000000000000000e+00
1.125000000000000028e-01 2.860509999999999664e+01 6.441755630025729928e+00 1.200000000000000000e+01
1.145000000000000046e-01 1.558165999999999940e+01 4.915557876394093029e+00 6.000000000000000000e+00
1.185000000000000081e-01 2.941721333333333632e+01 1.201081258625650960e+01 3.000000000000000000e+00
1.204999999999999960e-01 1.656479833333333218e+01 5.323768872194720281e+00 6.000000000000000000e+00
1.224999999999999978e-01 1.953709666666667033e+01 5.528434519148103909e+00 9.000000000000000000e+00
1.234999999999999987e-01 6.704843333333332822e+00 1.751174924840780189e+00 6.000000000000000000e+00
1.255000000000000004e-01 1.517119333333333309e+01 4.594374713496688578e+00 6.000000000000000000e+00
1.275000000000000022e-01 1.274348999999999954e+01 7.253652338975632219e+00 6.000000000000000000e+00
1.295000000000000040e-01 7.504977777777777526e+00 2.593951180185986249e+00 9.000000000000000000e+00
1.325000000000000067e-01 1.362354833333333382e+01 5.419237597287043684e+00 6.000000000000000000e+00
1.345000000000000084e-01 1.228433466666666618e+01 1.485144213479064668e+00 1.500000000000000000e+01
1.355000000000000093e-01 1.364444833333333484e+01 2.840143623718604626e+00 6.000000000000000000e+00
1.375000000000000111e-01 7.517423333333333346e+00 2.201703229504628379e+00 3.000000000000000000e+00
1.385000000000000120e-01 1.085581333333333198e+01 4.516599976107888104e+00 3.000000000000000000e+00
1.405000000000000138e-01 1.001086083333333221e+01 1.681613443545909137e+00 1.200000000000000000e+01
1.425000000000000155e-01 7.129960000000000520e+00 2.956518710235627179e+00 6.000000000000000000e+00
1.454999999999999905e-01 5.025769999999999627e+00 0.000000000000000000e+00 1.000000000000000000e+00
1.464999999999999913e-01 4.098010888888889092e+00 5.875655352045715540e-01 9.000000000000000000e+00
1.484999999999999931e-01 6.636014666666667061e+00 1.214715231871187351e+00 1.500000000000000000e+01
1.494999999999999940e-01 6.567306666666666182e+00 1.017948768919361813e+00 6.000000000000000000e+00
1.514999999999999958e-01 9.841791666666667382e+00 2.494876803072537452e+00 6.000000000000000000e+00
1.524999999999999967e-01 6.267862499999999670e+00 1.335003791244261828e+00 1.200000000000000000e+01
1.534999999999999976e-01 4.235705000000000275e+00 5.305862976784181395e-01 1.200000000000000000e+01
1.565000000000000002e-01 6.736909999999999066e+00 1.708892136246950688e+00 6.000000000000000000e+00
1.585000000000000020e-01 4.380164999999999864e+00 1.327431527418646340e+00 6.000000000000000000e+00
1.595000000000000029e-01 5.671165000000001122e+00 1.162258289026870006e+00 6.000000000000000000e+00
1.605000000000000038e-01 2.893162222222222191e+00 5.216912442340716494e-01 9.000000000000000000e+00
1.635000000000000064e-01 4.444272500000000292e+00 6.831259570135247428e-01 1.200000000000000000e+01
1.645000000000000073e-01 5.794535416666666272e+00 1.249407609362887639e+00 1.200000000000000000e+01
1.675000000000000100e-01 4.615923333333333822e+00 1.426754351834182311e+00 3.000000000000000000e+00
1.685000000000000109e-01 3.599934999999999885e+00 5.677898495302422521e-01 1.800000000000000000e+01
1.705000000000000127e-01 3.900915833333333804e+00 5.664587489279850896e-01 1.200000000000000000e+01
1.715000000000000135e-01 2.968439999999999745e+00 9.137706152166052975e-01 3.000000000000000000e+00
1.725000000000000144e-01 5.408426666666666272e+00 1.313365329207334176e+00 9.000000000000000000e+00
1.735000000000000153e-01 6.044018333333333715e+00 1.420395909219868136e+00 1.200000000000000000e+01
1.754999999999999893e-01 3.877928333333333644e+00 5.626583243284605240e-01 6.000000000000000000e+00
1.774999999999999911e-01 6.142890000000000406e+00 1.674519418342667931e+00 6.000000000000000000e+00
1.784999999999999920e-01 6.153315444444444005e+00 1.513236662959997370e+00 9.000000000000000000e+00
1.804999999999999938e-01 3.918301111111111013e+00 8.489930162121780421e-01 1.800000000000000000e+01
1.814999999999999947e-01 3.691349999999999909e+00 6.180463381726093441e-01 7.000000000000000000e+00
1.824999999999999956e-01 5.455060000000000464e+00 1.100811988957848264e+00 3.000000000000000000e+00
1.834999999999999964e-01 4.433863416666666168e+00 1.161021359481373638e+00 1.200000000000000000e+01
1.844999999999999973e-01 4.172436333333333636e+00 8.924902948627010391e-01 6.000000000000000000e+00
1.875000000000000000e-01 3.060073333333332979e+00 6.954766660675572032e-01 6.000000000000000000e+00
1.885000000000000009e-01 4.557353866666667308e+00 8.719602085935861391e-01 1.500000000000000000e+01
1.895000000000000018e-01 4.004579999999999806e+00 6.605460233334742304e-01 9.000000000000000000e+00
1.905000000000000027e-01 2.590099111111110908e+00 5.069671846959801220e-01 9.000000000000000000e+00
1.915000000000000036e-01 3.403928333333333001e+00 6.415772388596543419e-01 6.000000000000000000e+00
1.935000000000000053e-01 5.120099166666666868e+00 9.428583118774802596e-01 1.200000000000000000e+01
1.945000000000000062e-01 3.633387999999999618e+00 7.292527740438610184e-01 1.500000000000000000e+01
1.965000000000000080e-01 4.470369999999999955e+00 1.164977321338631633e+00 3.000000000000000000e+00
1.975000000000000089e-01 3.625289952380951863e+00 4.590874910285696608e-01 2.100000000000000000e+01
1.985000000000000098e-01 2.767464444444444727e+00 3.685322245558629306e-01 1.800000000000000000e+01
1.995000000000000107e-01 2.251799999999999802e+00 6.218994589856681188e-01 6.000000000000000000e+00
2.015000000000000124e-01 3.088725000000000165e+00 7.122713048305400196e-01 6.000000000000000000e+00
2.035000000000000142e-01 2.140934416666666618e+00 4.055793548189869924e-01 1.200000000000000000e+01
2.055000000000000160e-01 2.318167000000000311e+00 6.943881110390163203e-01 3.000000000000000000e+00
2.065000000000000169e-01 2.548072222222222294e+00 3.089852830223192570e-01 9.000000000000000000e+00
2.075000000000000178e-01 2.420549999999999979e+00 3.808334685087808036e-01 1.500000000000000000e+01
2.085000000000000187e-01 2.151844666666666850e+00 5.018722635797546738e-01 9.000000000000000000e+00
2.094999999999999918e-01 1.762567777777777955e+00 4.191874196710748124e-01 9.000000000000000000e+00
2.104999999999999927e-01 2.885507333333332980e+00 4.312258210174781392e-01 2.400000000000000000e+01
2.114999999999999936e-01 2.375004166666666361e+00 4.292928716203284201e-01 6.000000000000000000e+00
2.134999999999999953e-01 1.810223083333333483e+00 2.756060441136801153e-01 1.200000000000000000e+01
2.144999999999999962e-01 1.275363250000000059e+00 1.184573857704856320e-01 1.200000000000000000e+01
2.154999999999999971e-01 1.927613916666666816e+00 2.981913287164360549e-01 1.200000000000000000e+01
2.164999999999999980e-01 1.525570555555555652e+00 2.630200312634166093e-01 9.000000000000000000e+00
2.174999999999999989e-01 1.477680249999999917e+00 1.733483760621824521e-01 4.000000000000000000e+00
2.184999999999999998e-01 1.623989916666666256e+00 3.130646377520545642e-01 1.200000000000000000e+01
2.195000000000000007e-01 1.676466722222222039e+00 2.932268755694263929e-01 1.800000000000000000e+01
2.225000000000000033e-01 1.397261866666666963e+00 2.252293635111902448e-01 1.500000000000000000e+01
2.235000000000000042e-01 1.844987500000000447e+00 3.175965692657689576e-01 1.200000000000000000e+01
2.245000000000000051e-01 1.094077999999999884e+00 2.063048965552361225e-01 6.000000000000000000e+00
2.255000000000000060e-01 1.177329583333333485e+00 1.447840743608814484e-01 1.200000000000000000e+01
2.265000000000000069e-01 1.572582333333333304e+00 1.598814008329115244e-01 1.800000000000000000e+01
2.275000000000000078e-01 1.370628888888888897e+00 2.264419347395612014e-01 9.000000000000000000e+00
2.295000000000000095e-01 1.616542000000000145e+00 2.263206632398671314e-01 6.000000000000000000e+00
2.305000000000000104e-01 1.238121250000000062e+00 1.464893088184008318e-01 1.200000000000000000e+01
2.315000000000000113e-01 1.044344833333333167e+00 1.098970343913552028e-01 1.800000000000000000e+01
2.325000000000000122e-01 1.336270166666666759e+00 2.282206808978854695e-01 6.000000000000000000e+00
2.345000000000000140e-01 1.080209416666666700e+00 8.477384518980007888e-02 2.400000000000000000e+01
2.355000000000000149e-01 1.015598388888888870e+00 7.769116898037289887e-02 1.800000000000000000e+01
2.365000000000000158e-01 8.444016666666666060e-01 1.649101624161200819e-01 3.000000000000000000e+00
2.375000000000000167e-01 1.365278444444444572e+00 1.732769282981229120e-01 1.800000000000000000e+01
2.385000000000000175e-01 1.065006083333333242e+00 1.444937206832384857e-01 1.200000000000000000e+01
2.394999999999999907e-01 9.601919999999998234e-01 1.416782649907545599e-01 1.500000000000000000e+01
2.404999999999999916e-01 9.075743333333332608e-01 1.810594599105805336e-01 6.000000000000000000e+00
2.414999999999999925e-01 1.076216333333333441e+00 2.227201781768125555e-01 6.000000000000000000e+00
2.424999999999999933e-01 8.832410000000000538e-01 5.337261995790939378e-02 2.100000000000000000e+01
2.444999999999999951e-01 9.447211111111111226e-01 1.030012126366648961e-01 9.000000000000000000e+00
2.454999999999999960e-01 8.492867999999998974e-01 1.234656332459399541e-01 1.500000000000000000e+01
2.464999999999999969e-01 8.277051428571428060e-01 9.945120622051624448e-02 2.100000000000000000e+01
2.474999999999999978e-01 1.095256499999999855e+00 2.450105368849470611e-01 6.000000000000000000e+00
2.484999999999999987e-01 7.091771666666666363e-01 5.700666522989955576e-02 1.200000000000000000e+01
2.494999999999999996e-01 8.962376666666668212e-01 8.619655440935239388e-02 6.000000000000000000e+00
2.515000000000000013e-01 9.146400000000000086e-01 1.335526027259172355e-01 6.000000000000000000e+00
2.525000000000000022e-01 7.452608333333332613e-01 5.864876378151266667e-02 1.800000000000000000e+01
2.535000000000000031e-01 6.183631176470588686e-01 3.101819220933755769e-02 3.400000000000000000e+01
2.545000000000000040e-01 8.604693333333334193e-01 2.014633981461093903e-01 6.000000000000000000e+00
2.555000000000000049e-01 6.526358749999999764e-01 4.360721188431560674e-02 2.400000000000000000e+01
2.565000000000000058e-01 6.104854666666665874e-01 5.151101156672523856e-02 1.500000000000000000e+01
2.585000000000000075e-01 5.287601111111110974e-01 3.436931572979840671e-02 9.000000000000000000e+00
2.595000000000000084e-01 6.456040000000000667e-01 5.593609903608760120e-02 3.300000000000000000e+01
2.605000000000000093e-01 5.696869166666665985e-01 4.902601059602433586e-02 1.200000000000000000e+01
2.625000000000000111e-01 5.524289166666667139e-01 5.577966428936461524e-02 1.200000000000000000e+01
2.635000000000000120e-01 5.317686666666666673e-01 4.089192534825022290e-02 1.200000000000000000e+01
2.645000000000000129e-01 4.223618333333333807e-01 3.392637315955112504e-02 6.000000000000000000e+00
2.655000000000000138e-01 4.976296250000000199e-01 3.018312678232685023e-02 2.400000000000000000e+01
2.665000000000000147e-01 5.738748666666667608e-01 5.453735382241342577e-02 1.500000000000000000e+01
2.675000000000000155e-01 5.210806666666667475e-01 5.549302090153120093e-02 3.000000000000000000e+00
2.685000000000000164e-01 5.257178666666667555e-01 3.839001983475674035e-02 1.500000000000000000e+01
2.695000000000000173e-01 4.908039259259259213e-01 2.754561612144045338e-02 2.700000000000000000e+01
2.715000000000000191e-01 3.759055000000000035e-01 4.043204326583063613e-02 6.000000000000000000e+00
2.725000000000000200e-01 5.326984000000000163e-01 6.114411281459408709e-02 1.500000000000000000e+01
2.735000000000000209e-01 4.652765128205127998e-01 2.322505850597076510e-02 3.900000000000000000e+01
2.745000000000000218e-01 3.627106666666666257e-01 1.511054870317789928e-02 3.000000000000000000e+00
2.755000000000000226e-01 4.282750833333333063e-01 2.622931733020121906e-02 2.400000000000000000e+01
2.765000000000000235e-01 3.713035000000000085e-01 1.817312126892980592e-02 1.800000000000000000e+01
2.775000000000000244e-01 3.768856666666666189e-01 6.014792797022280868e-02 3.000000000000000000e+00
2.785000000000000253e-01 4.831240000000001089e-01 6.124249993536624165e-02 6.000000000000000000e+00
2.795000000000000262e-01 4.467503333333334159e-01 2.164929937119194903e-02 1.500000000000000000e+01
2.805000000000000271e-01 4.063851481481481898e-01 1.824813390745938513e-02 2.700000000000000000e+01
2.815000000000000280e-01 3.799031111111110803e-01 1.820633032297665557e-02 1.800000000000000000e+01
2.825000000000000289e-01 3.415033888888888147e-01 1.381155230662197732e-02 1.800000000000000000e+01
2.845000000000000306e-01 3.701268333333333493e-01 1.235394981536173248e-02 3.600000000000000000e+01
2.855000000000000315e-01 3.576742777777777160e-01 1.588724437760563601e-02 1.800000000000000000e+01
2.865000000000000324e-01 3.369646666666666346e-01 2.480807593596175142e-02 6.000000000000000000e+00
2.875000000000000333e-01 3.696421666666666606e-01 1.660295765249030983e-02 2.400000000000000000e+01
2.884999999999999787e-01 3.465199999999999947e-01 2.475118830682680737e-02 6.000000000000000000e+00
2.904999999999999805e-01 3.062732000000000232e-01 2.330815639680191079e-02 1.000000000000000000e+01
2.914999999999999813e-01 3.350684545454545304e-01 1.336437261548312216e-02 3.300000000000000000e+01
2.924999999999999822e-01 3.240147499999999625e-01 1.648578700253048104e-02 1.200000000000000000e+01
2.934999999999999831e-01 3.100907037037037295e-01 9.567408219690818824e-03 2.700000000000000000e+01
2.944999999999999840e-01 3.014482000000000550e-01 1.454430543650937768e-02 1.500000000000000000e+01
2.964999999999999858e-01 2.972778181818181431e-01 1.123230929621602328e-02 3.300000000000000000e+01
2.974999999999999867e-01 2.886555833333333543e-01 1.562524889084598856e-02 1.200000000000000000e+01
2.984999999999999876e-01 3.269896666666666785e-01 1.236959274661748182e-02 1.200000000000000000e+01
2.994999999999999885e-01 3.043922083333333028e-01 9.685605858953633823e-03 2.400000000000000000e+01
3.004999999999999893e-01 3.173355666666666797e-01 1.254393879750670057e-02 3.000000000000000000e+01
3.024999999999999911e-01 2.955810555555555275e-01 8.938332722618310897e-03 3.600000000000000000e+01
3.034999999999999920e-01 2.951578333333333415e-01 1.479131207163533052e-02 1.200000000000000000e+01
3.044999999999999929e-01 2.994295238095238121e-01 1.043316093740554763e-02 2.100000000000000000e+01
3.054999999999999938e-01 2.897142500000000065e-01 1.340401255115761421e-02 1.200000000000000000e+01
3.064999999999999947e-01 2.730738888888888938e-01 2.388067023268706027e-02 9.000000000000000000e+00
3.074999999999999956e-01 2.652320000000000233e-01 1.429449953653501998e-02 1.200000000000000000e+01
3.084999999999999964e-01 2.996639999999999859e-01 1.158969700364783674e-02 1.200000000000000000e+01
3.094999999999999973e-01 2.855349999999999833e-01 6.954511365368129007e-03 3.000000000000000000e+01
3.114999999999999991e-01 2.726470666666666598e-01 7.733609968040654377e-03 3.000000000000000000e+01
3.125000000000000000e-01 2.632282777777777416e-01 6.829468646880893466e-03 1.800000000000000000e+01
3.135000000000000009e-01 2.694326666666666537e-01 2.942257543754078081e-02 6.000000000000000000e+00
3.145000000000000018e-01 2.705658461538462123e-01 8.287390469598886200e-03 3.900000000000000000e+01
3.155000000000000027e-01 2.491276000000000046e-01 9.214170167426130945e-03 1.500000000000000000e+01
3.165000000000000036e-01 2.635443333333333249e-01 7.424745809992095921e-03 2.400000000000000000e+01
3.175000000000000044e-01 2.687036666666667295e-01 7.220585470790867079e-03 3.000000000000000000e+01
3.195000000000000062e-01 2.617699629629629543e-01 7.601325417954018539e-03 2.700000000000000000e+01
3.205000000000000071e-01 2.502091666666667047e-01 8.360555623493269584e-03 3.000000000000000000e+01
3.215000000000000080e-01 2.573760666666666252e-01 9.208404539160157387e-03 1.500000000000000000e+01
3.225000000000000089e-01 2.715121666666666655e-01 1.049457906010016484e-02 1.800000000000000000e+01
3.235000000000000098e-01 2.693786666666666552e-01 1.252413094628109999e-02 1.200000000000000000e+01
3.255000000000000115e-01 2.570753076923076863e-01 6.525742245171046833e-03 3.900000000000000000e+01
3.265000000000000124e-01 2.511373846153845957e-01 1.227002075079142163e-02 1.300000000000000000e+01
3.275000000000000133e-01 2.558057499999999984e-01 7.978918405475153228e-03 3.600000000000000000e+01
3.285000000000000142e-01 2.537572777777777344e-01 7.369548853178376976e-03 1.800000000000000000e+01
3.295000000000000151e-01 2.540486666666666449e-01 8.304808169507783139e-03 1.200000000000000000e+01
3.305000000000000160e-01 2.446818333333333206e-01 7.561644967166675051e-03 1.800000000000000000e+01
3.315000000000000169e-01 2.648731555555555728e-01 5.239562478934875825e-03 4.500000000000000000e+01
3.335000000000000187e-01 2.540083000000000202e-01 7.532320028964226317e-03 3.000000000000000000e+01
3.355000000000000204e-01 2.504171000000000036e-01 6.813861004717456510e-03 3.000000000000000000e+01
3.365000000000000213e-01 2.569819999999999882e-01 8.962843546519929858e-03 1.200000000000000000e+01
3.375000000000000222e-01 2.535774666666666954e-01 8.140306154079563275e-03 3.000000000000000000e+01
3.385000000000000231e-01 2.449872999999999912e-01 6.303573063419037198e-03 3.000000000000000000e+01
3.395000000000000240e-01 2.432123333333333359e-01 6.829199373523470173e-03 9.000000000000000000e+00
3.405000000000000249e-01 2.512975000000000070e-01 6.987898151221087935e-03 3.000000000000000000e+01
3.415000000000000258e-01 2.542106000000000088e-01 6.536901524721635409e-03 3.000000000000000000e+01
3.425000000000000266e-01 2.665166666666666795e-01 1.113663957644115722e-02 9.000000000000000000e+00
3.435000000000000275e-01 2.527743611111110678e-01 5.569736944310200825e-03 3.600000000000000000e+01
3.445000000000000284e-01 2.529237500000000027e-01 7.906271847022574781e-03 2.400000000000000000e+01
3.455000000000000293e-01 2.467235555555555293e-01 9.730322406887413969e-03 9.000000000000000000e+00
3.465000000000000302e-01 2.365047575757575904e-01 6.278653652913115425e-03 3.300000000000000000e+01
3.475000000000000311e-01 2.519298888888888976e-01 6.006391673494376401e-03 2.700000000000000000e+01
3.485000000000000320e-01 2.509825833333332867e-01 9.591186718733565528e-03 1.200000000000000000e+01
3.495000000000000329e-01 2.486943333333333228e-01 7.852180489196655677e-03 2.100000000000000000e+01
3.505000000000000338e-01 2.831941666666666357e-01 1.101030564037367571e-02 6.000000000000000000e+00
3.515000000000000346e-01 2.370423333333333271e-01 5.560281530914625882e-03 4.500000000000000000e+01
3.524999999999999800e-01 2.445534444444444622e-01 5.843521662469736144e-03 9.000000000000000000e+00
3.534999999999999809e-01 2.551254166666667156e-01 8.341874974939636825e-03 2.400000000000000000e+01
3.544999999999999818e-01 2.645906666666666407e-01 5.825483777492652948e-03 1.800000000000000000e+01
3.554999999999999827e-01 2.683203333333333274e-01 1.763756624871407400e-02 6.000000000000000000e+00
3.564999999999999836e-01 2.578031296296295904e-01 3.834009454186473789e-03 5.400000000000000000e+01
3.574999999999999845e-01 2.498685238095238181e-01 9.016064167341230132e-03 2.100000000000000000e+01
3.584999999999999853e-01 2.572103333333333186e-01 6.375262467318743194e-03 3.000000000000000000e+01
3.594999999999999862e-01 2.482232380952380524e-01 9.712114489721136029e-03 2.100000000000000000e+01
3.604999999999999871e-01 2.459714523809523601e-01 4.518265291859456349e-03 4.200000000000000000e+01
3.614999999999999880e-01 2.309280833333332839e-01 1.008186005073974378e-02 1.200000000000000000e+01
3.624999999999999889e-01 2.403374193548387106e-01 7.381530406020033429e-03 3.100000000000000000e+01
3.634999999999999898e-01 2.473051666666666315e-01 8.160739569409857994e-03 3.000000000000000000e+01
3.654999999999999916e-01 2.590922424242423916e-01 6.515250814672272558e-03 3.300000000000000000e+01
3.664999999999999925e-01 2.546048571428571328e-01 5.082577056010111061e-03 4.200000000000000000e+01
3.674999999999999933e-01 2.532116666666666127e-01 1.351074777798039021e-02 1.200000000000000000e+01
3.684999999999999942e-01 2.509050333333333049e-01 6.712474445934077383e-03 3.000000000000000000e+01
3.694999999999999951e-01 2.392990000000000117e-01 1.440951360733595116e-02 6.000000000000000000e+00
3.704999999999999960e-01 2.476726666666666798e-01 8.626923048372443087e-03 1.500000000000000000e+01
3.714999999999999969e-01 2.512313500000000199e-01 4.604156028516993328e-03 6.000000000000000000e+01
3.724999999999999978e-01 2.544862222222221693e-01 9.353879611231314534e-03 1.800000000000000000e+01
3.734999999999999987e-01 2.565935555555555747e-01 1.057172266316194938e-02 1.800000000000000000e+01
3.744999999999999996e-01 2.436646666666666683e-01 9.852087950164558836e-03 6.000000000000000000e+00
3.755000000000000004e-01 2.524606190476190726e-01 5.629040642620599180e-03 4.200000000000000000e+01
3.765000000000000013e-01 2.503204444444444565e-01 8.778515063756304679e-03 2.700000000000000000e+01
3.775000000000000022e-01 2.572373333333333734e-01 5.920017365486594622e-03 3.000000000000000000e+01
3.785000000000000031e-01 2.607491515151516004e-01 6.838972922916210055e-03 3.300000000000000000e+01
3.795000000000000040e-01 2.588158666666666718e-01 4.954435748239585831e-03 4.500000000000000000e+01
3.805000000000000049e-01 2.485279166666667094e-01 1.194079585024580663e-02 1.200000000000000000e+01
3.815000000000000058e-01 2.653065000000000007e-01 9.509793568081082935e-03 1.800000000000000000e+01
3.825000000000000067e-01 2.678013611111111913e-01 7.394030738732553648e-03 3.600000000000000000e+01
3.835000000000000075e-01 2.563660000000000383e-01 7.775356150470962707e-03 6.000000000000000000e+00
3.845000000000000084e-01 2.702899999999999747e-01 9.466077518723170145e-03 1.500000000000000000e+01
3.855000000000000093e-01 2.696679333333333872e-01 5.695833184092570153e-03 4.500000000000000000e+01
3.865000000000000102e-01 2.695134074074074237e-01 5.497266995675761242e-03 5.400000000000000000e+01
3.875000000000000111e-01 2.743442222222222115e-01 7.398350937056464259e-03 2.700000000000000000e+01
3.885000000000000120e-01 2.891427333333333460e-01 9.340169229866218670e-03 1.500000000000000000e+01
3.895000000000000129e-01 2.661340666666667243e-01 7.714226240790427770e-03 3.000000000000000000e+01
3.905000000000000138e-01 2.593712000000000240e-01 1.207596567575052425e-02 1.500000000000000000e+01
3.915000000000000147e-01 2.669775740740740755e-01 4.127982672252778276e-03 5.400000000000000000e+01
3.925000000000000155e-01 2.633989999999999942e-01 5.353668181723638536e-03 3.000000000000000000e+00
3.935000000000000164e-01 2.780324074074073670e-01 8.818615230082170464e-03 2.700000000000000000e+01
3.945000000000000173e-01 2.771520000000000095e-01 5.919241684593974824e-03 3.600000000000000000e+01
3.955000000000000182e-01 2.716603939393939515e-01 7.563314598243711315e-03 3.300000000000000000e+01
3.965000000000000191e-01 2.564295555555555772e-01 1.103754422554510672e-02 9.000000000000000000e+00
3.975000000000000200e-01 2.761975555555555850e-01 5.677840588631545386e-03 3.600000000000000000e+01
3.985000000000000209e-01 2.662212999999999941e-01 6.470278688085564535e-03 3.000000000000000000e+01
3.995000000000000218e-01 2.794413684210526605e-01 1.097809484031125361e-02 1.900000000000000000e+01
4.005000000000000226e-01 2.808630185185184702e-01 6.964853462268035499e-03 5.400000000000000000e+01
4.025000000000000244e-01 2.756919523809524541e-01 5.297594623592707073e-03 6.300000000000000000e+01
4.035000000000000253e-01 2.814636666666666676e-01 6.556445964181056331e-03 3.000000000000000000e+01
4.045000000000000262e-01 2.586577777777777642e-01 1.086212204906848895e-02 1.800000000000000000e+01
4.055000000000000271e-01 2.743924761904761866e-01 5.713304349320563573e-03 4.200000000000000000e+01
4.065000000000000280e-01 2.863088095238094932e-01 5.914934563650099848e-03 4.200000000000000000e+01
4.075000000000000289e-01 2.768686666666665963e-01 7.905306990074658507e-03 3.300000000000000000e+01
4.085000000000000298e-01 2.758472333333333304e-01 7.024972509732008326e-03 3.000000000000000000e+01
4.095000000000000306e-01 2.717080833333333501e-01 1.371097969747312600e-02 1.200000000000000000e+01
4.105000000000000315e-01 2.863925333333333101e-01 9.934001933650796895e-03 1.500000000000000000e+01
4.115000000000000324e-01 2.824669696969697164e-01 7.417073020680065021e-03 3.300000000000000000e+01
4.125000000000000333e-01 2.814229583333333617e-01 7.684019689740249556e-03 2.400000000000000000e+01
4.135000000000000342e-01 2.846726500000000271e-01 5.614769288961275404e-03 6.000000000000000000e+01
4.145000000000000351e-01 2.903276000000000190e-01 9.892560296842605946e-03 1.500000000000000000e+01
4.155000000000000360e-01 2.859839722222222158e-01 6.881073629948425592e-03 3.600000000000000000e+01
4.164999999999999813e-01 2.791926060606060855e-01 7.229472458898791171e-03 3.300000000000000000e+01
4.174999999999999822e-01 2.873741428571429113e-01 5.802312669266423972e-03 4.200000000000000000e+01
4.184999999999999831e-01 2.804908888888889007e-01 7.218153352340279938e-03 9.000000000000000000e+00
4.194999999999999840e-01 2.971975964912280110e-01 5.847191334460653464e-03 5.700000000000000000e+01
4.204999999999999849e-01 2.760078333333333966e-01 6.446708360314602586e-03 3.000000000000000000e+01
4.214999999999999858e-01 2.878879000000000299e-01 1.011938003545444394e-02 3.000000000000000000e+01
4.224999999999999867e-01 2.861315416666667111e-01 6.827806963519395846e-03 2.400000000000000000e+01
4.234999999999999876e-01 2.909678787878788309e-01 6.298893289150203634e-03 3.300000000000000000e+01
4.244999999999999885e-01 2.939022083333333035e-01 5.782968874123095397e-03 4.800000000000000000e+01
4.254999999999999893e-01 2.926556333333333315e-01 7.390585238438721755e-03 3.000000000000000000e+01
4.264999999999999902e-01 2.885510000000000574e-01 5.336330166938203085e-03 3.000000000000000000e+01
4.274999999999999911e-01 3.065930000000000044e-01 6.700193600736945553e-03 3.000000000000000000e+01
4.284999999999999920e-01 2.818897948717948854e-01 6.280604077892363094e-03 3.900000000000000000e+01
4.294999999999999929e-01 2.901938000000000017e-01 7.779608638532892716e-03 3.000000000000000000e+01
4.304999999999999938e-01 3.089049333333333536e-01 8.834128274814272153e-03 1.500000000000000000e+01
4.314999999999999947e-01 2.901408571428570893e-01 4.885615523498512171e-03 6.300000000000000000e+01
4.324999999999999956e-01 3.038278571428571495e-01 5.046280104688265211e-03 4.200000000000000000e+01
4.334999999999999964e-01 3.026965757575757476e-01 6.866530276902447182e-03 3.300000000000000000e+01
4.344999999999999973e-01 3.110555555555555851e-01 1.096700931112081119e-02 1.800000000000000000e+01
4.354999999999999982e-01 2.995117199999999813e-01 8.464013429715243689e-03 2.500000000000000000e+01
4.364999999999999991e-01 2.970016041666667106e-01 7.345151798320573994e-03 4.800000000000000000e+01
4.375000000000000000e-01 3.033680952380952145e-01 6.032015946561291100e-03 4.200000000000000000e+01
4.385000000000000009e-01 3.094554166666666495e-01 8.407103324568739044e-03 1.200000000000000000e+01
4.395000000000000018e-01 3.108837037037036621e-01 6.235085971870033689e-03 5.400000000000000000e+01
4.405000000000000027e-01 3.109048181818181988e-01 6.652644519380218613e-03 3.300000000000000000e+01
4.415000000000000036e-01 3.073572222222222261e-01 1.333817148754213970e-02 1.800000000000000000e+01
4.425000000000000044e-01 3.039091458333333384e-01 6.092113022279865148e-03 4.800000000000000000e+01
4.435000000000000053e-01 3.143742121212121376e-01 8.963824606033002004e-03 3.300000000000000000e+01
4.445000000000000062e-01 3.166340555555556269e-01 5.756668317316463411e-03 5.400000000000000000e+01
4.455000000000000071e-01 3.124931515151514461e-01 6.974315614181395007e-03 3.300000000000000000e+01
4.465000000000000080e-01 3.110945238095237930e-01 1.061990737665174586e-02 2.100000000000000000e+01
4.475000000000000089e-01 3.156520370370370365e-01 9.371259678630974171e-03 2.700000000000000000e+01
4.485000000000000098e-01 3.250573030303031130e-01 4.695077708270562616e-03 6.600000000000000000e+01
4.495000000000000107e-01 3.134259629629629340e-01 5.458509445649796857e-03 5.400000000000000000e+01
4.505000000000000115e-01 3.140846666666666787e-01 2.175890255989744101e-02 1.200000000000000000e+01
4.515000000000000124e-01 3.009449166666666731e-01 7.206259891318807405e-03 3.600000000000000000e+01
4.525000000000000133e-01 3.271783055555556596e-01 8.019965608802824553e-03 3.600000000000000000e+01
4.535000000000000142e-01 3.138487142857143142e-01 6.949844877260623680e-03 4.200000000000000000e+01
4.545000000000000151e-01 3.319640333333333526e-01 8.071761974960699193e-03 3.000000000000000000e+01
4.555000000000000160e-01 3.248081929824561676e-01 6.516578114448057235e-03 5.700000000000000000e+01
4.565000000000000169e-01 3.262908000000000475e-01 1.421450894188918193e-02 1.500000000000000000e+01
4.575000000000000178e-01 3.345893571428571467e-01 7.066090151561189511e-03 4.200000000000000000e+01
4.585000000000000187e-01 3.253936666666666921e-01 1.988958777127145666e-02 6.000000000000000000e+00
4.595000000000000195e-01 3.346492063492063074e-01 6.019642421891358182e-03 6.300000000000000000e+01
4.605000000000000204e-01 3.528435416666667046e-01 1.132354590898200508e-02 2.400000000000000000e+01
4.615000000000000213e-01 3.300188666666666881e-01 5.151654127125144048e-03 7.500000000000000000e+01
4.625000000000000222e-01 3.258396111111111493e-01 1.036596515567898835e-02 1.800000000000000000e+01
4.635000000000000231e-01 3.406360555555555392e-01 7.627429741545045661e-03 5.400000000000000000e+01
4.645000000000000240e-01 3.441169090909090844e-01 8.350104003884544282e-03 3.300000000000000000e+01
4.655000000000000249e-01 3.430632121212121022e-01 6.463677261154883447e-03 6.600000000000000000e+01
4.665000000000000258e-01 3.288858333333333217e-01 8.892163442944115218e-03 3.600000000000000000e+01
4.675000000000000266e-01 3.383020952380952906e-01 1.071750556286408911e-02 2.100000000000000000e+01
4.685000000000000275e-01 3.486065625000000501e-01 6.588236766024774781e-03 4.800000000000000000e+01
4.695000000000000284e-01 3.475334285714286042e-01 1.090234358085921153e-02 2.100000000000000000e+01
4.705000000000000293e-01 3.443063611111110700e-01 8.099889803792137757e-03 3.600000000000000000e+01
4.715000000000000302e-01 3.450676363636363542e-01 6.031964637394424469e-03 5.500000000000000000e+01
4.725000000000000311e-01 3.588574305555555233e-01 6.062721744999297578e-03 7.200000000000000000e+01
4.735000000000000320e-01 3.343513333333333892e-01 3.385279805438704687e-02 3.000000000000000000e+00
4.745000000000000329e-01 3.458897843137255235e-01 7.190773660212294686e-03 5.100000000000000000e+01
4.755000000000000338e-01 3.501458611111111230e-01 9.721652683502697914e-03 3.600000000000000000e+01
4.765000000000000346e-01 3.432263809523809495e-01 7.281202407127325416e-03 4.200000000000000000e+01
4.775000000000000355e-01 3.387794166666667217e-01 8.207726519140669946e-03 1.200000000000000000e+01
4.785000000000000364e-01 3.511415595238094878e-01 5.806943832955719330e-03 8.400000000000000000e+01
4.795000000000000373e-01 3.614712444444444506e-01 8.655362898936029559e-03 4.500000000000000000e+01
4.804999999999999827e-01 3.537428333333333397e-01 1.396963898112874893e-02 1.800000000000000000e+01
4.814999999999999836e-01 3.521829629629629199e-01 8.669112304257101803e-03 2.700000000000000000e+01
4.824999999999999845e-01 3.576633066666666805e-01 5.629724111236627561e-03 7.500000000000000000e+01
4.834999999999999853e-01 3.723089333333333140e-01 7.643779795498530615e-03 6.000000000000000000e+01
4.844999999999999862e-01 3.644887619047618710e-01 1.086479139433443701e-02 2.100000000000000000e+01
4.854999999999999871e-01 3.865723333333333511e-01 9.665940044447676044e-03 3.600000000000000000e+01
4.864999999999999880e-01 3.720220740740740051e-01 8.709765533546905830e-03 2.700000000000000000e+01
4.874999999999999889e-01 3.675635925925925251e-01 7.088418798523082702e-03 5.400000000000000000e+01
4.884999999999999898e-01 3.865290317460318148e-01 6.121973841734195537e-03 6.300000000000000000e+01
4.894999999999999907e-01 3.640654666666666706e-01 8.189878882171973754e-03 4.500000000000000000e+01
4.904999999999999916e-01 3.834653809523809187e-01 6.440289382152969942e-03 6.300000000000000000e+01
4.914999999999999925e-01 3.716699047619047569e-01 1.544720010504365901e-02 2.100000000000000000e+01
4.924999999999999933e-01 3.789495833333333397e-01 7.744404737268582861e-03 6.000000000000000000e+01
4.934999999999999942e-01 3.712496666666667000e-01 1.073126808850201168e-02 2.100000000000000000e+01
4.944999999999999951e-01 3.810341969696969255e-01 7.284275571112517299e-03 6.600000000000000000e+01
4.954999999999999960e-01 3.995409999999999795e-01 3.638242756881404638e-02 6.000000000000000000e+00
4.964999999999999969e-01 3.925356212121212107e-01 6.387266043677139980e-03 6.600000000000000000e+01
4.974999999999999978e-01 4.063110555555555781e-01 8.859376216077916380e-03 3.600000000000000000e+01
4.984999999999999987e-01 3.967822222222222028e-01 8.113339431777850247e-03 4.500000000000000000e+01
4.994999999999999996e-01 3.884259649122807634e-01 7.811539856868277877e-03 5.700000000000000000e+01
5.004999999999999449e-01 3.937364871794872268e-01 1.051018074115297150e-02 3.900000000000000000e+01
5.015000000000000568e-01 4.176754375000000241e-01 9.645357855669429645e-03 4.800000000000000000e+01
5.024999999999999467e-01 4.192183333333332484e-01 1.783020640311765853e-02 6.000000000000000000e+00
5.035000000000000586e-01 3.961317681159420290e-01 7.061836109956181468e-03 6.900000000000000000e+01
5.044999999999999485e-01 3.975329333333333937e-01 7.494225782269364929e-03 6.000000000000000000e+01
5.055000000000000604e-01 3.899267500000000441e-01 9.501916295523639422e-03 2.400000000000000000e+01
5.064999999999999503e-01 4.135269494949494473e-01 7.193709568668564883e-03 9.900000000000000000e+01
5.075000000000000622e-01 4.113845714285714328e-01 1.338779428108954721e-02 2.800000000000000000e+01
5.084999999999999520e-01 4.117966666666666442e-01 6.981888334260970795e-03 5.400000000000000000e+01
5.095000000000000639e-01 3.648730000000000029e-01 2.343568571502301079e-02 6.000000000000000000e+00
5.104999999999999538e-01 4.140945757575757447e-01 7.255990657546761320e-03 9.900000000000000000e+01
5.115000000000000657e-01 4.123773571428571705e-01 9.829191410829954401e-03 4.200000000000000000e+01
5.124999999999999556e-01 4.118946666666667422e-01 1.608163771121422572e-02 1.200000000000000000e+01
5.135000000000000675e-01 4.091490714285714314e-01 6.351486157958671254e-03 8.400000000000000000e+01
5.144999999999999574e-01 4.437637999999999860e-01 2.313219803901459329e-02 1.500000000000000000e+01
5.155000000000000693e-01 4.339267833333332880e-01 9.723306821743790337e-03 6.000000000000000000e+01
5.164999999999999591e-01 4.315153939393939209e-01 1.147737539411276819e-02 3.300000000000000000e+01
5.175000000000000711e-01 4.292992407407407729e-01 8.107151429518429445e-03 5.400000000000000000e+01
5.184999999999999609e-01 4.289085111111111126e-01 6.726274960908817761e-03 9.000000000000000000e+01
5.195000000000000728e-01 4.258384166666666082e-01 2.142232438420480986e-02 1.200000000000000000e+01
5.204999999999999627e-01 4.198641282051282508e-01 8.847056658333424944e-03 3.900000000000000000e+01
5.215000000000000746e-01 4.217041733333333209e-01 8.034681190250386740e-03 7.500000000000000000e+01
5.224999999999999645e-01 4.427718333333333089e-01 1.303968927870960068e-02 1.800000000000000000e+01
5.235000000000000764e-01 4.537438518518518982e-01 1.135444944598275503e-02 2.700000000000000000e+01
5.244999999999999662e-01 4.279968518518518783e-01 6.939780383931092207e-03 8.100000000000000000e+01
5.255000000000000782e-01 4.404121222222222576e-01 7.139284743001562267e-03 9.000000000000000000e+01
5.264999999999999680e-01 4.460050238095237818e-01 1.183633731602132429e-02 4.200000000000000000e+01
5.275000000000000799e-01 4.491291111111111456e-01 8.142204832026231007e-03 5.400000000000000000e+01
5.284999999999999698e-01 4.445795833333332503e-01 1.153846022350504992e-02 2.400000000000000000e+01
5.295000000000000817e-01 4.301458611111110830e-01 9.829663229722894122e-03 3.600000000000000000e+01
5.304999999999999716e-01 4.497084057971013626e-01 6.632188331083447783e-03 6.900000000000000000e+01
5.315000000000000835e-01 4.441234385964912268e-01 8.697537976470198079e-03 5.700000000000000000e+01
5.324999999999999734e-01 4.572471666666666490e-01 1.690747718655890089e-02 2.400000000000000000e+01
5.335000000000000853e-01 4.551604747474747303e-01 7.063839905340104676e-03 9.900000000000000000e+01
5.344999999999999751e-01 4.352595185185185733e-01 1.317997610189939814e-02 2.700000000000000000e+01
5.355000000000000870e-01 4.714121515151515895e-01 8.653312461846663153e-03 6.600000000000000000e+01
5.364999999999999769e-01 4.577493958333334056e-01 9.126141902501399075e-03 4.800000000000000000e+01
5.375000000000000888e-01 4.604544444444444440e-01 9.493900817199630443e-03 4.500000000000000000e+01
5.384999999999999787e-01 4.799983066666666520e-01 7.607227392894048285e-03 7.500000000000000000e+01
5.395000000000000906e-01 4.538543333333332486e-01 1.486649576786247713e-02 1.500000000000000000e+01
5.404999999999999805e-01 4.745533749999999995e-01 6.848480625952450135e-03 9.600000000000000000e+01
5.415000000000000924e-01 4.750197777777778185e-01 1.685128145988406753e-02 1.800000000000000000e+01
5.424999999999999822e-01 4.794857499999999884e-01 1.732658975894618703e-02 2.400000000000000000e+01
5.435000000000000941e-01 4.845031333333332801e-01 1.072195206079793080e-02 6.000000000000000000e+01
5.444999999999999840e-01 4.860099450549451028e-01 7.670771831245135064e-03 9.100000000000000000e+01
5.455000000000000959e-01 4.876190666666666562e-01 1.550485005720463050e-02 3.000000000000000000e+01
5.464999999999999858e-01 4.760514999999999053e-01 8.732953012630596118e-03 7.200000000000000000e+01
5.475000000000000977e-01 4.766581000000000290e-01 1.350719884633256457e-02 3.000000000000000000e+01
5.484999999999999876e-01 4.931988194444444362e-01 9.324739774703294862e-03 7.200000000000000000e+01
5.495000000000000995e-01 4.913325652173913261e-01 8.796275535888638253e-03 6.900000000000000000e+01
5.504999999999999893e-01 5.027143492063491648e-01 8.603353011472900103e-03 6.300000000000000000e+01
5.515000000000001013e-01 4.825233529411765421e-01 1.005593553272359636e-02 5.100000000000000000e+01
5.524999999999999911e-01 4.792700833333332633e-01 1.221723297065769459e-02 3.600000000000000000e+01
5.535000000000001030e-01 5.041707083333333284e-01 9.284650981547662787e-03 7.200000000000000000e+01
5.544999999999999929e-01 5.081152307692308190e-01 8.533869411303320746e-03 7.800000000000000000e+01
5.555000000000001048e-01 4.912693333333333356e-01 3.585141827661000868e-02 3.000000000000000000e+00
5.564999999999999947e-01 5.077441827956989950e-01 6.807549881162304993e-03 9.300000000000000000e+01
5.575000000000001066e-01 5.346317916666666337e-01 1.344613956841898827e-02 2.400000000000000000e+01
5.584999999999999964e-01 5.278286349206349204e-01 1.098579491279542443e-02 6.300000000000000000e+01
5.595000000000001084e-01 5.222524722222222637e-01 8.714867548623543569e-03 7.200000000000000000e+01
5.604999999999999982e-01 5.277428627450980736e-01 1.231437540466726911e-02 5.100000000000000000e+01
5.615000000000001101e-01 5.342530333333334047e-01 1.834903658622137265e-02 3.000000000000000000e+01
5.625000000000000000e-01 5.335272037037037673e-01 9.676796431627627398e-03 5.400000000000000000e+01
5.635000000000001119e-01 5.134640119047618745e-01 7.027408771274173613e-03 8.400000000000000000e+01
5.645000000000000018e-01 4.823620606060606275e-01 1.146880479344019113e-02 3.300000000000000000e+01
5.655000000000001137e-01 5.168667500000001525e-01 8.293379370320395905e-03 8.400000000000000000e+01
5.665000000000000036e-01 5.269717499999999610e-01 1.406263308318684950e-02 3.600000000000000000e+01
5.675000000000001155e-01 5.344882261904760901e-01 9.262454237718962397e-03 8.400000000000000000e+01
5.685000000000000053e-01 5.279175362318840881e-01 8.775339110756475228e-03 6.900000000000000000e+01
5.695000000000001172e-01 5.371390888888888382e-01 1.100215510586711326e-02 4.500000000000000000e+01
5.705000000000000071e-01 5.205779791666667045e-01 1.017475314935240710e-02 4.800000000000000000e+01
5.715000000000001190e-01 5.347606041666667087e-01 1.230337983827227075e-02 4.800000000000000000e+01
5.725000000000000089e-01 5.391358933333333381e-01 1.023047270531819708e-02 7.500000000000000000e+01
5.735000000000001208e-01 5.510893928571428679e-01 9.792485113871662178e-03 8.400000000000000000e+01
5.745000000000000107e-01 5.561377222222221306e-01 1.884124128905669340e-02 1.800000000000000000e+01
5.755000000000001226e-01 5.480629583333332944e-01 8.389609552670115530e-03 9.600000000000000000e+01
5.765000000000000124e-01 5.393511568627451513e-01 1.022904046569958654e-02 5.100000000000000000e+01
5.774999999999999023e-01 5.600954927536231365e-01 8.780084516898472441e-03 6.900000000000000000e+01
5.785000000000000142e-01 5.435868000000000366e-01 1.393910841080862710e-02 3.000000000000000000e+01
5.794999999999999041e-01 5.682062083333333513e-01 9.768296447442030572e-03 7.200000000000000000e+01
5.805000000000000160e-01 5.682129411764704763e-01 1.597707965541271882e-02 3.400000000000000000e+01
5.814999999999999059e-01 5.588183199999999795e-01 9.761907573740690597e-03 7.500000000000000000e+01
5.825000000000000178e-01 5.838568160919541672e-01 9.721225593609141014e-03 8.700000000000000000e+01
5.834999999999999076e-01 5.781599298245613250e-01 1.189065371244092846e-02 5.700000000000000000e+01
5.845000000000000195e-01 5.869003636363635534e-01 1.042110634402110443e-02 6.600000000000000000e+01
5.854999999999999094e-01 5.824217121212119652e-01 9.932936944597254431e-03 6.600000000000000000e+01
5.865000000000000213e-01 5.675921538461539129e-01 1.281458329765328488e-02 3.900000000000000000e+01
5.874999999999999112e-01 5.809291754385964568e-01 1.095911266465919229e-02 5.700000000000000000e+01
5.885000000000000231e-01 5.869364583333332996e-01 1.040764321069237268e-02 7.200000000000000000e+01
5.894999999999999130e-01 5.740049393939393729e-01 1.657987792767112722e-02 3.300000000000000000e+01
5.905000000000000249e-01 6.010230641025641196e-01 9.978735089351912016e-03 7.800000000000000000e+01
5.914999999999999147e-01 5.806482777777777216e-01 8.857314094155646633e-03 7.200000000000000000e+01
5.925000000000000266e-01 5.711924027777778301e-01 7.968023026630792482e-03 7.200000000000000000e+01
5.934999999999999165e-01 5.842598405797101435e-01 9.877832621427679732e-03 6.900000000000000000e+01
5.945000000000000284e-01 6.000403484848483293e-01 9.916467574514965105e-03 6.600000000000000000e+01
5.954999999999999183e-01 5.997289682539683753e-01 1.208103625589993652e-02 6.300000000000000000e+01
5.965000000000000302e-01 5.934872988505748292e-01 1.050497165655271507e-02 8.700000000000000000e+01
5.974999999999999201e-01 5.906119722222222812e-01 1.505740864135775119e-02 3.600000000000000000e+01
5.985000000000000320e-01 6.055657916666666862e-01 1.734015001512460852e-02 2.400000000000000000e+01
5.994999999999999218e-01 6.094997311827957676e-01 8.593745916673972696e-03 9.300000000000000000e+01
6.005000000000000338e-01 5.975168333333333859e-01 9.539953589229573441e-03 7.800000000000000000e+01
6.014999999999999236e-01 6.157506555555555261e-01 9.021997744840404981e-03 9.000000000000000000e+01
6.025000000000000355e-01 6.005829047619047900e-01 1.667134196499586718e-02 2.100000000000000000e+01
6.034999999999999254e-01 6.015890909090909622e-01 1.062839976856498787e-02 6.600000000000000000e+01
6.045000000000000373e-01 6.321187200000000228e-01 1.073451125926732329e-02 7.500000000000000000e+01
6.054999999999999272e-01 6.205009166666667353e-01 1.063642948234615714e-02 7.200000000000000000e+01
6.065000000000000391e-01 6.197388571428570359e-01 1.595424359465377404e-02 2.100000000000000000e+01
6.074999999999999289e-01 6.258338148148148150e-01 9.805704381591874574e-03 8.100000000000000000e+01
6.085000000000000409e-01 6.141039012345679282e-01 9.583523697458811233e-03 8.100000000000000000e+01
6.094999999999999307e-01 6.505983749999999510e-01 1.027803339654831047e-02 7.200000000000000000e+01
6.105000000000000426e-01 6.339880270270268348e-01 9.146287374951773963e-03 1.110000000000000000e+02
6.114999999999999325e-01 6.360206666666666786e-01 1.695793739764289709e-02 3.000000000000000000e+01
6.125000000000000444e-01 6.372508000000000061e-01 1.166481166113408387e-02 7.500000000000000000e+01
6.134999999999999343e-01 6.346417083333332210e-01 8.826006847388980989e-03 9.600000000000000000e+01
6.145000000000000462e-01 6.448874374999999937e-01 1.313031128228107740e-02 4.800000000000000000e+01
6.154999999999999361e-01 6.367792142857142679e-01 1.129111194482989439e-02 4.200000000000000000e+01
6.165000000000000480e-01 6.427486477272726928e-01 1.067947813152467056e-02 8.800000000000000000e+01
6.174999999999999378e-01 6.468383214285714500e-01 9.765019764388531420e-03 8.400000000000000000e+01
6.185000000000000497e-01 6.703915686274508623e-01 1.292671415001810618e-02 5.100000000000000000e+01
6.194999999999999396e-01 6.275594358974360132e-01 1.079738010325201336e-02 7.800000000000000000e+01
6.205000000000000515e-01 6.449542708333333429e-01 1.142341276987483140e-02 4.800000000000000000e+01
6.214999999999999414e-01 6.428976031746030939e-01 1.310454814488807435e-02 6.300000000000000000e+01
6.225000000000000533e-01 6.552776913580246054e-01 9.609397537843962500e-03 8.100000000000000000e+01
6.234999999999999432e-01 6.465300793650793354e-01 1.223856402675241838e-02 6.300000000000000000e+01
6.245000000000000551e-01 6.645033452380951777e-01 1.051425603121717949e-02 8.400000000000000000e+01
6.254999999999999449e-01 6.865248550724638577e-01 1.232043079028382303e-02 6.900000000000000000e+01
6.265000000000000568e-01 6.509073333333333933e-01 1.373525611283694242e-02 4.800000000000000000e+01
6.274999999999999467e-01 6.802259425287356942e-01 8.685687787180066885e-03 8.700000000000000000e+01
6.285000000000000586e-01 6.978178333333332484e-01 1.484252779414899602e-02 6.600000000000000000e+01
6.294999999999999485e-01 6.863434035087719876e-01 1.204876865927797906e-02 5.700000000000000000e+01
6.305000000000000604e-01 6.825272150537634586e-01 1.090918556610528424e-02 9.300000000000000000e+01
6.314999999999999503e-01 6.924078952380952057e-01 1.008857864221380726e-02 1.050000000000000000e+02
6.325000000000000622e-01 7.101137916666666605e-01 2.169809495427771698e-02 2.400000000000000000e+01
6.334999999999999520e-01 7.017476868686867153e-01 1.162824754739197330e-02 9.900000000000000000e+01
6.345000000000000639e-01 6.897502407407407610e-01 1.578879951069028439e-02 5.400000000000000000e+01
6.354999999999999538e-01 7.028279444444444080e-01 1.069421354558819197e-02 9.000000000000000000e+01
6.365000000000000657e-01 6.778761333333332972e-01 1.222481158835935292e-02 6.000000000000000000e+01
6.374999999999999556e-01 6.961691000000000962e-01 1.404339318835616524e-02 6.000000000000000000e+01
6.385000000000000675e-01 6.991215151515149939e-01 1.027384970079741125e-02 9.900000000000000000e+01
6.394999999999999574e-01 7.232750303030303085e-01 1.465478939335609215e-02 6.600000000000000000e+01
6.405000000000000693e-01 6.977742028985508549e-01 1.221056231597401030e-02 6.900000000000000000e+01
6.414999999999999591e-01 7.161531975308641496e-01 1.172711573330594351e-02 8.100000000000000000e+01
6.425000000000000711e-01 7.112707812499999838e-01 1.034558175404601439e-02 9.600000000000000000e+01
6.434999999999999609e-01 7.018903157894735845e-01 1.270372723817516335e-02 5.700000000000000000e+01
6.445000000000000728e-01 7.351746491228071667e-01 1.453800971124805975e-02 5.700000000000000000e+01
6.454999999999999627e-01 7.141093103448276080e-01 1.045034879220425872e-02 8.700000000000000000e+01
6.465000000000000746e-01 7.180526936936937332e-01 1.000299631342136709e-02 1.110000000000000000e+02
6.474999999999999645e-01 7.154923055555555411e-01 1.590396992012838365e-02 3.600000000000000000e+01
6.485000000000000764e-01 7.410753333333333082e-01 1.858892659609933176e-02 2.400000000000000000e+01
6.494999999999999662e-01 7.332385000000000153e-01 1.018602717984552243e-02 1.020000000000000000e+02
6.505000000000000782e-01 7.171612480620155328e-01 9.170743189890412719e-03 1.290000000000000000e+02
6.514999999999999680e-01 7.305369999999998809e-01 1.495734224923421160e-02 5.400000000000000000e+01
6.525000000000000799e-01 7.058914390243903325e-01 1.144083437906077451e-02 8.200000000000000000e+01
6.534999999999999698e-01 7.229264305555554992e-01 1.237350426432523576e-02 7.200000000000000000e+01
6.545000000000000817e-01 7.488586790123455961e-01 1.158571400115734375e-02 8.100000000000000000e+01
6.554999999999999716e-01 7.439382291666666314e-01 1.130117128033909790e-02 9.600000000000000000e+01
6.565000000000000835e-01 6.971637878787878551e-01 1.728759577455216134e-02 3.300000000000000000e+01
6.574999999999999734e-01 7.448751521739129799e-01 8.769216258528453670e-03 1.380000000000000000e+02
6.585000000000000853e-01 7.538192777777779074e-01 1.124759145797641496e-02 1.080000000000000000e+02
6.594999999999999751e-01 7.407337999999999978e-01 1.955183299231916597e-02 3.000000000000000000e+01
6.605000000000000870e-01 7.527829242424242118e-01 1.447554085162271013e-02 6.600000000000000000e+01
6.614999999999999769e-01 7.394736666666666958e-01 1.346865773622471160e-02 6.300000000000000000e+01
6.625000000000000888e-01 7.392751296296296015e-01 9.327467108609006213e-03 1.080000000000000000e+02
6.634999999999999787e-01 7.624097017543860488e-01 1.418623464219051673e-02 5.700000000000000000e+01
6.645000000000000906e-01 7.611355666666665964e-01 2.092704448313884372e-02 3.000000000000000000e+01
6.654999999999999805e-01 7.507489401709401822e-01 1.087538072533815632e-02 1.170000000000000000e+02
6.665000000000000924e-01 7.336364408602150666e-01 1.033757817005676732e-02 9.300000000000000000e+01
6.674999999999999822e-01 7.502475555555555564e-01 1.421440845512119376e-02 6.300000000000000000e+01
6.685000000000000941e-01 7.480467246376811818e-01 1.255484749970249732e-02 6.900000000000000000e+01
6.694999999999999840e-01 7.653966547619047711e-01 1.131215751352810349e-02 8.400000000000000000e+01
6.705000000000000959e-01 7.649484916666667855e-01 1.101012130491208288e-02 1.200000000000000000e+02
6.714999999999999858e-01 7.517026206896549878e-01 9.374929497476912690e-03 8.700000000000000000e+01
6.725000000000000977e-01 7.907019333333331623e-01 1.772466109060645209e-02 3.000000000000000000e+01
6.734999999999999876e-01 7.715428376068377281e-01 1.260289482781477496e-02 1.170000000000000000e+02
6.745000000000000995e-01 7.790831060606060454e-01 1.336587687069841143e-02 6.600000000000000000e+01
6.754999999999999893e-01 7.383575833333332339e-01 1.348665180789444980e-02 7.200000000000000000e+01
6.765000000000001013e-01 7.772050800000001036e-01 1.483801645073713586e-02 7.500000000000000000e+01
6.774999999999999911e-01 7.882330919540230241e-01 1.231981148141556709e-02 8.700000000000000000e+01
6.785000000000001030e-01 7.901484814814815349e-01 9.897043653118640233e-03 1.350000000000000000e+02
6.794999999999999929e-01 7.827322051282054050e-01 1.240255091442622054e-02 7.800000000000000000e+01
6.805000000000001048e-01 7.708873333333333688e-01 1.627760968538812317e-02 3.600000000000000000e+01
6.814999999999999947e-01 7.915079733333332257e-01 1.161180606338583707e-02 7.500000000000000000e+01
6.825000000000001066e-01 7.998522413793102137e-01 1.398169416021079713e-02 8.700000000000000000e+01
6.834999999999999964e-01 7.925064222222223398e-01 1.231512098252496301e-02 9.000000000000000000e+01
6.845000000000001084e-01 7.950179333333333709e-01 1.206684916262559630e-02 9.000000000000000000e+01
6.854999999999999982e-01 8.087373684210527047e-01 1.371868265171225301e-02 5.700000000000000000e+01
6.865000000000001101e-01 7.951971531531533133e-01 1.058395229203618233e-02 1.110000000000000000e+02
6.875000000000000000e-01 7.966235858585860585e-01 1.045333040405718381e-02 9.900000000000000000e+01
6.885000000000001119e-01 8.056330833333331665e-01 1.401180938746780791e-02 8.400000000000000000e+01
6.895000000000000018e-01 8.169830149253732854e-01 1.187387357347414844e-02 6.700000000000000000e+01
6.905000000000001137e-01 8.455596078431372176e-01 1.577117889236449508e-02 5.100000000000000000e+01
6.915000000000000036e-01 8.379084523809524621e-01 9.991052591744159148e-03 1.260000000000000000e+02
6.925000000000001155e-01 8.238614202898552064e-01 1.349430018112326296e-02 6.900000000000000000e+01
6.935000000000000053e-01 8.141371794871795631e-01 1.241522512684717708e-02 7.800000000000000000e+01
6.945000000000001172e-01 8.166562682926830075e-01 1.092624598794362384e-02 1.230000000000000000e+02
6.955000000000000071e-01 8.362781190476191728e-01 1.840378818940079098e-02 4.200000000000000000e+01
6.965000000000001190e-01 8.261076818181817272e-01 1.050266236697266695e-02 1.320000000000000000e+02
6.975000000000000089e-01 8.370160614035088154e-01 9.899836679083019383e-03 1.140000000000000000e+02
6.985000000000001208e-01 7.944023333333332104e-01 1.496558089680410063e-02 4.500000000000000000e+01
6.995000000000000107e-01 8.426109777777777143e-01 1.312105127636494645e-02 9.000000000000000000e+01
7.005000000000001226e-01 8.240742000000000900e-01 1.495393168858209082e-02 6.000000000000000000e+01
7.015000000000000124e-01 8.248277809523810733e-01 1.030994692353523826e-02 1.050000000000000000e+02
7.025000000000001243e-01 8.232290317460317919e-01 1.034391630854035807e-02 1.260000000000000000e+02
7.035000000000000142e-01 8.907018205128204302e-01 1.892805656756467794e-02 3.900000000000000000e+01
7.044999999999999041e-01 8.301286054421768146e-01 9.271184302053666823e-03 1.470000000000000000e+02
7.055000000000000160e-01 8.304735185185182500e-01 1.322887938664924976e-02 5.400000000000000000e+01
7.064999999999999059e-01 8.422610808080807088e-01 1.093543780279092673e-02 9.900000000000000000e+01
7.075000000000000178e-01 8.371267241379309887e-01 1.455356076476216169e-02 8.700000000000000000e+01
7.084999999999999076e-01 8.288488499999999704e-01 1.594699530572113791e-02 6.000000000000000000e+01
7.095000000000000195e-01 8.706864222222222560e-01 1.358007902827618532e-02 9.000000000000000000e+01
7.104999999999999094e-01 8.351479722222222568e-01 2.303481002204196826e-02 3.600000000000000000e+01
7.115000000000000213e-01 8.706355507246377190e-01 1.084714755987807241e-02 1.380000000000000000e+02
7.124999999999999112e-01 8.568547843137256370e-01 1.418484635547549375e-02 1.020000000000000000e+02
7.135000000000000231e-01 8.640505714285714456e-01 1.189669014006905501e-02 1.260000000000000000e+02
7.144999999999999130e-01 8.579331449275361399e-01 1.477479573450276272e-02 6.900000000000000000e+01
7.155000000000000249e-01 8.976917619047617425e-01 1.376748401983502595e-02 6.300000000000000000e+01
7.164999999999999147e-01 8.715760465116278999e-01 1.192661734042047526e-02 1.290000000000000000e+02
7.175000000000000266e-01 8.824477117117115466e-01 1.133839633379326098e-02 1.110000000000000000e+02
7.184999999999999165e-01 9.105984761904761804e-01 1.942364584493078486e-02 6.300000000000000000e+01
7.195000000000000284e-01 8.735184444444442642e-01 1.113486527339740788e-02 1.170000000000000000e+02
7.204999999999999183e-01 8.840049027777777679e-01 1.385849575371072076e-02 7.200000000000000000e+01
7.215000000000000302e-01 8.672798333333334719e-01 1.460535990956582028e-02 9.000000000000000000e+01
7.224999999999999201e-01 8.728624270833332810e-01 1.267816096432933248e-02 9.600000000000000000e+01
7.235000000000000320e-01 8.890313693693694397e-01 1.326213925041075208e-02 1.110000000000000000e+02
7.244999999999999218e-01 8.862597500000001238e-01 1.275668844039670562e-02 9.600000000000000000e+01
7.255000000000000338e-01 8.997715882352941286e-01 1.960300089718147384e-02 3.400000000000000000e+01
7.264999999999999236e-01 8.630638840579711868e-01 1.405578471347533782e-02 6.900000000000000000e+01
7.275000000000000355e-01 8.905881496598637703e-01 1.092387008574793525e-02 1.470000000000000000e+02
7.284999999999999254e-01 8.780780289855072418e-01 9.876222213750318266e-03 1.380000000000000000e+02
7.295000000000000373e-01 8.718261410256408217e-01 1.332508714911000841e-02 7.800000000000000000e+01
7.304999999999999272e-01 8.852677888888890179e-01 1.185624252258828289e-02 9.000000000000000000e+01
7.315000000000000391e-01 9.055613645833333614e-01 1.468728200081681305e-02 9.600000000000000000e+01
7.324999999999999289e-01 9.056593137254902448e-01 1.819789605357869516e-02 5.100000000000000000e+01
7.335000000000000409e-01 8.990078174603174377e-01 9.986310470133210118e-03 1.260000000000000000e+02
7.344999999999999307e-01 9.104511354166665571e-01 1.265417769418168865e-02 9.600000000000000000e+01
7.355000000000000426e-01 9.198694999999998956e-01 1.334225267833909212e-02 9.000000000000000000e+01
7.364999999999999325e-01 9.065036879432623040e-01 1.067067465607108613e-02 1.410000000000000000e+02
7.375000000000000444e-01 9.074121060606060718e-01 1.668710139582262747e-02 6.600000000000000000e+01
7.384999999999999343e-01 9.007414907407407245e-01 1.371966912742398834e-02 1.080000000000000000e+02
7.395000000000000462e-01 9.159762666666666497e-01 2.145439654339469787e-02 3.000000000000000000e+01
7.404999999999999361e-01 9.341439811320753073e-01 1.005934278821154874e-02 1.590000000000000000e+02
7.415000000000000480e-01 8.957989696969697047e-01 1.267669709837481590e-02 9.900000000000000000e+01
7.424999999999999378e-01 9.207902916666667048e-01 1.292102385327369152e-02 9.600000000000000000e+01
7.435000000000000497e-01 9.008842222222223084e-01 1.243239912039495465e-02 9.900000000000000000e+01
7.444999999999999396e-01 9.264264561403507958e-01 1.363942463466537476e-02 1.140000000000000000e+02
7.455000000000000515e-01 9.165971785714284170e-01 1.506385586645898021e-02 8.400000000000000000e+01
7.464999999999999414e-01 9.337199687500000733e-01 1.223078248391082021e-02 9.600000000000000000e+01
7.475000000000000533e-01 9.157864206349205505e-01 1.057666604084672723e-02 1.260000000000000000e+02
7.484999999999999432e-01 8.974597023809522955e-01 1.356683976071362124e-02 8.400000000000000000e+01
7.495000000000000551e-01 8.973732539682539588e-01 1.441569982128558698e-02 6.300000000000000000e+01
7.504999999999999449e-01 9.151077471264367214e-01 1.378266288693165073e-02 8.700000000000000000e+01
7.515000000000000568e-01 9.333311923076923478e-01 1.163323158314176486e-02 1.560000000000000000e+02
7.524999999999999467e-01 9.072249682539683668e-01 1.524278568860963981e-02 6.300000000000000000e+01
7.535000000000000586e-01 9.507142580645160379e-01 1.481133310868738319e-02 9.300000000000000000e+01
7.544999999999999485e-01 9.357050537634409304e-01 1.400508297826170284e-02 9.300000000000000000e+01
7.555000000000000604e-01 9.254158787878788983e-01 1.169816060099552850e-02 1.320000000000000000e+02
7.564999999999999503e-01 9.358528682170542679e-01 1.244457091262270165e-02 1.290000000000000000e+02
7.575000000000000622e-01 9.539407826086957476e-01 1.682379219939432111e-02 6.900000000000000000e+01
7.584999999999999520e-01 9.354269523809524145e-01 1.210856077699491370e-02 1.050000000000000000e+02
7.595000000000000639e-01 9.283557364341085139e-01 1.130003828603288497e-02 1.290000000000000000e+02
7.604999999999999538e-01 9.546142807017544696e-01 1.639621959990754732e-02 5.700000000000000000e+01
7.615000000000000657e-01 9.240086015037592970e-01 1.214051801273569216e-02 1.330000000000000000e+02
7.624999999999999556e-01 9.316374468085106830e-01 1.131532671891393241e-02 1.410000000000000000e+02
7.635000000000000675e-01 9.361162323232321558e-01 1.185299292934845726e-02 9.900000000000000000e+01
7.644999999999999574e-01 9.590019545454545602e-01 1.272820605211952456e-02 1.320000000000000000e+02
7.655000000000000693e-01 9.851831296296297280e-01 1.745914560603795823e-02 5.400000000000000000e+01
7.664999999999999591e-01 9.645275416666666546e-01 1.194469966180689360e-02 1.200000000000000000e+02
7.675000000000000711e-01 9.753857500000001624e-01 1.886519645228045342e-02 3.600000000000000000e+01
7.684999999999999609e-01 9.597675462962962367e-01 1.454537490763886144e-02 1.080000000000000000e+02
7.695000000000000728e-01 9.485112083333334665e-01 1.235580709050986513e-02 1.440000000000000000e+02
7.704999999999999627e-01 9.668049430894308793e-01 1.334643975495039721e-02 1.230000000000000000e+02
7.715000000000000746e-01 9.939882307692307073e-01 1.695135873157255571e-02 7.800000000000000000e+01
7.724999999999999645e-01 9.618882340425531918e-01 1.023196018568300024e-02 1.410000000000000000e+02
7.735000000000000764e-01 9.506674523809525157e-01 1.623098702281438460e-02 8.400000000000000000e+01
7.744999999999999662e-01 9.693884367816090197e-01 1.557821407890472125e-02 8.700000000000000000e+01
7.755000000000000782e-01 9.646693796296296197e-01 1.282082098618893620e-02 1.080000000000000000e+02
7.764999999999999680e-01 9.547938850574709813e-01 1.306376614636342755e-02 8.700000000000000000e+01
7.775000000000000799e-01 9.950418581560284137e-01 1.194676811801888283e-02 1.410000000000000000e+02
7.784999999999999698e-01 9.510596756756756198e-01 1.376952480337485969e-02 1.110000000000000000e+02
7.795000000000000817e-01 9.663113333333334110e-01 1.086483452185869544e-02 1.560000000000000000e+02
7.804999999999999716e-01 9.855791111111109615e-01 1.400922111975417411e-02 9.900000000000000000e+01
7.815000000000000835e-01 9.633925980392156196e-01 1.250488482916237674e-02 1.020000000000000000e+02
7.824999999999999734e-01 9.762990416666665894e-01 1.410042105492944134e-02 9.600000000000000000e+01
7.835000000000000853e-01 9.872332549019606773e-01 1.369334023672841294e-02 1.020000000000000000e+02
7.844999999999999751e-01 9.844963939393940322e-01 1.807260071331923471e-02 6.600000000000000000e+01
7.855000000000000870e-01 9.942990360360358659e-01 1.251272634025708472e-02 1.110000000000000000e+02
7.864999999999999769e-01 9.786366239316239835e-01 1.290352315277912450e-02 1.170000000000000000e+02
7.875000000000000888e-01 9.601099658119656155e-01 1.241604560005346407e-02 1.170000000000000000e+02
7.884999999999999787e-01 9.841039513888889534e-01 1.201696955132158968e-02 1.440000000000000000e+02
7.895000000000000906e-01 9.968389393939394161e-01 1.167952298278719485e-02 1.320000000000000000e+02
7.904999999999999805e-01 1.010179774774774719e+00 1.378916921451339359e-02 1.110000000000000000e+02
7.915000000000000924e-01 9.834154086021502650e-01 1.565725499540620777e-02 9.300000000000000000e+01
7.924999999999999822e-01 9.774091666666667733e-01 1.412792424758692322e-02 1.140000000000000000e+02
7.935000000000000941e-01 1.002437552083333294e+00 1.525595505104446019e-02 9.600000000000000000e+01
7.944999999999999840e-01 9.873128809523811222e-01 2.413696882041390865e-02 4.200000000000000000e+01
7.955000000000000959e-01 1.024376783333333485e+00 1.461599605535735501e-02 1.200000000000000000e+02
7.964999999999999858e-01 1.006548416666666723e+00 1.120100292457624526e-02 1.440000000000000000e+02
7.975000000000000977e-01 1.002700858156028607e+00 1.298232420007387929e-02 1.410000000000000000e+02
7.984999999999999876e-01 1.018767299212598676e+00 1.329232713560080277e-02 1.270000000000000000e+02
7.995000000000000995e-01 1.018041923076923316e+00 1.430266519336118036e-02 1.170000000000000000e+02
8.004999999999999893e-01 9.752315490196076242e-01 1.462785609993140501e-02 1.020000000000000000e+02
8.015000000000001013e-01 1.027857905797101568e+00 1.177403048853616248e-02 1.380000000000000000e+02
8.024999999999999911e-01 1.001793066666666565e+00 1.362866979875751970e-02 1.050000000000000000e+02
8.035000000000001030e-01 1.007263447916666665e+00 1.257476295136753311e-02 9.600000000000000000e+01
8.044999999999999929e-01 1.025115340909090955e+00 1.182299527362213297e-02 1.320000000000000000e+02
8.055000000000001048e-01 1.019089869565217299e+00 1.730698185732471375e-02 6.900000000000000000e+01
8.064999999999999947e-01 1.013841419753086504e+00 1.014008216423823577e-02 1.620000000000000000e+02
8.075000000000001066e-01 1.021711107142857289e+00 1.660585726803740989e-02 8.400000000000000000e+01
8.084999999999999964e-01 1.012722020408163282e+00 1.171616221240031480e-02 1.470000000000000000e+02
8.095000000000001084e-01 1.040040189189189501e+00 1.387351985541615540e-02 1.110000000000000000e+02
8.104999999999999982e-01 1.027561518518518513e+00 1.253609583590758157e-02 1.350000000000000000e+02
8.115000000000001101e-01 1.010353638888888961e+00 1.966539543553291053e-02 7.200000000000000000e+01
8.125000000000000000e-01 1.039605749999999995e+00 1.290398365621709016e-02 1.080000000000000000e+02
8.135000000000001119e-01 1.008109825396825476e+00 1.272896292338456491e-02 1.260000000000000000e+02
8.145000000000000018e-01 1.031965181818181865e+00 1.214433627964585892e-02 1.320000000000000000e+02
8.155000000000001137e-01 1.041713959349593654e+00 1.392655609427522097e-02 1.230000000000000000e+02
8.165000000000000036e-01 1.027472088888888635e+00 1.531387472518916902e-02 9.000000000000000000e+01
8.175000000000001155e-01 1.018430166666666636e+00 1.244955012253135332e-02 1.380000000000000000e+02
8.185000000000000053e-01 1.047765358024691285e+00 1.223981577678539753e-02 1.620000000000000000e+02
8.195000000000001172e-01 1.030992172043010857e+00 1.414334003626437249e-02 9.300000000000000000e+01
8.205000000000000071e-01 1.067624710144927658e+00 1.687378955761183186e-02 6.900000000000000000e+01
8.215000000000001190e-01 1.025137530864197677e+00 1.095835286347106655e-02 1.620000000000000000e+02
8.225000000000000089e-01 1.044172196581196532e+00 1.302510000713543933e-02 1.170000000000000000e+02
8.235000000000001208e-01 1.030966873015872975e+00 1.228617875453207921e-02 1.260000000000000000e+02
8.245000000000000107e-01 1.038549565891472737e+00 1.308771714311360822e-02 1.290000000000000000e+02
8.255000000000001226e-01 1.034026008333333468e+00 1.422320456439411622e-02 1.200000000000000000e+02
8.265000000000000124e-01 1.055111408333333278e+00 1.326353221593202202e-02 1.200000000000000000e+02
8.275000000000001243e-01 1.036306087719298219e+00 1.429243918687446435e-02 1.140000000000000000e+02
8.285000000000000142e-01 1.033276384057971065e+00 1.317582555787805663e-02 1.380000000000000000e+02
8.295000000000001261e-01 1.058221430107527006e+00 1.603541833113678733e-02 9.300000000000000000e+01
8.305000000000000160e-01 1.072417919354838656e+00 1.129124255803248995e-02 1.860000000000000000e+02
8.315000000000001279e-01 1.061780095238095356e+00 1.617360123637071392e-02 8.400000000000000000e+01
8.325000000000000178e-01 1.058054153153153099e+00 1.419902211077958554e-02 1.110000000000000000e+02
8.334999999999999076e-01 1.006986533333333433e+00 1.744838455762454457e-02 7.500000000000000000e+01
8.345000000000000195e-01 1.079845197860962669e+00 1.082541727990141839e-02 1.870000000000000000e+02
8.354999999999999094e-01 1.062729882352941191e+00 1.494672830013775953e-02 1.020000000000000000e+02
8.365000000000000213e-01 1.067699793650793927e+00 1.444622272212740463e-02 1.260000000000000000e+02
8.374999999999999112e-01 1.049825333333333388e+00 1.900006215629810452e-02 5.700000000000000000e+01
8.385000000000000231e-01 1.062918318407960250e+00 1.130360132064159827e-02 2.010000000000000000e+02
8.394999999999999130e-01 1.052288788888888771e+00 1.761849558578967856e-02 9.000000000000000000e+01
8.405000000000000249e-01 1.064601833333333358e+00 1.301728710506380726e-02 1.440000000000000000e+02
8.414999999999999147e-01 1.062837696969697099e+00 1.222057197918695673e-02 1.320000000000000000e+02
8.425000000000000266e-01 1.070756021739130315e+00 1.367805312874733649e-02 1.380000000000000000e+02
8.434999999999999165e-01 1.066249973333333267e+00 1.722094021759579610e-02 7.500000000000000000e+01
8.445000000000000284e-01 1.085753968553459181e+00 1.218067624494334825e-02 1.590000000000000000e+02
8.454999999999999183e-01 1.080590216666666992e+00 1.390763155245727800e-02 1.200000000000000000e+02
8.465000000000000302e-01 1.083544846666666617e+00 1.306803341094239096e-02 1.500000000000000000e+02
8.474999999999999201e-01 1.095407702127659588e+00 1.301048481262511054e-02 1.410000000000000000e+02
8.485000000000000320e-01 1.085330533333333403e+00 1.235180097840319138e-02 1.500000000000000000e+02
8.494999999999999218e-01 1.070212685185184975e+00 1.655332653782680061e-02 1.080000000000000000e+02
8.505000000000000338e-01 1.077620413043478109e+00 1.369128760641847437e-02 1.380000000000000000e+02
8.514999999999999236e-01 1.059504558558558740e+00 1.383059484174281942e-02 1.110000000000000000e+02
8.525000000000000355e-01 1.095558154471544698e+00 1.262231105876489984e-02 1.230000000000000000e+02
8.534999999999999254e-01 1.099031357142857157e+00 1.355139041005657199e-02 1.260000000000000000e+02
8.545000000000000373e-01 1.071262007407407291e+00 1.282287393438134859e-02 1.350000000000000000e+02
8.554999999999999272e-01 1.087840099290780183e+00 1.394551430230363785e-02 1.410000000000000000e+02
8.565000000000000391e-01 1.083178424242424276e+00 1.315454440908484651e-02 1.320000000000000000e+02
8.574999999999999289e-01 1.070739686274509994e+00 1.557569359033591193e-02 1.020000000000000000e+02
8.585000000000000409e-01 1.086338292929292626e+00 1.698302418468169983e-02 9.900000000000000000e+01
8.594999999999999307e-01 1.087046772727272792e+00 1.027320969644729409e-02 1.980000000000000000e+02
8.605000000000000426e-01 1.094345829059829134e+00 1.454855815154452482e-02 1.170000000000000000e+02
8.614999999999999325e-01 1.131742744444444559e+00 1.862997534470214878e-02 9.000000000000000000e+01
8.625000000000000444e-01 1.099034792592592291e+00 1.423315730461986207e-02 1.350000000000000000e+02
8.634999999999999343e-01 1.098337655913978361e+00 1.211870542365900763e-02 1.860000000000000000e+02
8.645000000000000462e-01 1.103228733333333489e+00 1.889123411145055345e-02 9.000000000000000000e+01
8.654999999999999361e-01 1.106473437500000045e+00 1.209043438494621786e-02 1.920000000000000000e+02
8.665000000000000480e-01 1.109005913978494684e+00 1.789483510042888872e-02 9.300000000000000000e+01
8.674999999999999378e-01 1.097882014814814733e+00 1.349800712808557970e-02 1.350000000000000000e+02
8.685000000000000497e-01 1.093227095238095137e+00 1.198846105405940166e-02 1.680000000000000000e+02
8.694999999999999396e-01 1.089962171171170890e+00 1.513841481563919615e-02 1.110000000000000000e+02
8.705000000000000515e-01 1.106033723684210823e+00 1.824925074222201113e-02 7.600000000000000000e+01
8.714999999999999414e-01 1.093282911949685410e+00 1.283866408046801903e-02 1.590000000000000000e+02
8.725000000000000533e-01 1.108331809523809719e+00 1.377043551451413890e-02 1.260000000000000000e+02
8.734999999999999432e-01 1.109632297101449172e+00 1.443401568325540681e-02 1.380000000000000000e+02
8.745000000000000551e-01 1.105575770833333138e+00 1.360199627357799000e-02 1.440000000000000000e+02
8.754999999999999449e-01 1.126328924242424145e+00 1.171162114384459441e-02 1.980000000000000000e+02
8.765000000000000568e-01 1.138543271604938178e+00 1.951162340809826923e-02 8.100000000000000000e+01
8.774999999999999467e-01 1.128343686666666734e+00 1.380620944163282737e-02 1.500000000000000000e+02
8.785000000000000586e-01 1.106386743589743427e+00 1.378597194166720705e-02 7.800000000000000000e+01
8.794999999999999485e-01 1.120595999999999925e+00 1.328638084634171414e-02 1.470000000000000000e+02
8.805000000000000604e-01 1.092807728205128281e+00 1.074930791676448859e-02 1.950000000000000000e+02
8.814999999999999503e-01 1.133135748299319623e+00 1.190172402739729692e-02 1.470000000000000000e+02
8.825000000000000622e-01 1.103229492753623031e+00 1.640329952856941706e-02 6.900000000000000000e+01
8.834999999999999520e-01 1.122951509259259240e+00 1.108334573342934816e-02 2.160000000000000000e+02
8.845000000000000639e-01 1.149530557823129184e+00 1.409936291089646139e-02 1.470000000000000000e+02
8.854999999999999538e-01 1.132500430107526990e+00 1.984188702359082623e-02 9.300000000000000000e+01
8.865000000000000657e-01 1.115283886363636290e+00 1.463763503615297772e-02 1.320000000000000000e+02
8.874999999999999556e-01 1.131168680851063701e+00 1.435405848931664737e-02 1.410000000000000000e+02
8.885000000000000675e-01 1.113540135135135056e+00 1.580425353973792871e-02 1.110000000000000000e+02
8.894999999999999574e-01 1.116284117283950605e+00 1.263516359052130160e-02 1.620000000000000000e+02
8.905000000000000693e-01 1.135702789115646150e+00 1.361312051548643764e-02 1.470000000000000000e+02
8.914999999999999591e-01 1.120926562091503431e+00 1.212157998156821945e-02 1.530000000000000000e+02
8.925000000000000711e-01 1.144130273333333614e+00 1.380586951423909935e-02 1.500000000000000000e+02
8.934999999999999609e-01 1.135958064102563947e+00 1.330962225869084664e-02 1.560000000000000000e+02
8.945000000000000728e-01 1.130171646258503637e+00 1.201232901732794157e-02 1.470000000000000000e+02
8.954999999999999627e-01 1.121040666666666796e+00 1.187633961389521382e-02 1.470000000000000000e+02
8.965000000000000746e-01 1.157752219696970064e+00 1.383742087944000825e-02 1.320000000000000000e+02
8.974999999999999645e-01 1.131140659090908995e+00 1.241459803155941372e-02 1.320000000000000000e+02
8.985000000000000764e-01 1.146567700000000078e+00 1.915235025438859900e-02 9.000000000000000000e+01
8.994999999999999662e-01 1.142975586206896432e+00 1.305537098399501932e-02 1.740000000000000000e+02
9.005000000000000782e-01 1.136695840909090816e+00 1.322430021615995065e-02 1.320000000000000000e+02
9.014999999999999680e-01 1.138204322916666733e+00 1.171656311095141054e-02 1.920000000000000000e+02
9.025000000000000799e-01 1.140160506666666684e+00 1.637996967741171470e-02 7.500000000000000000e+01
9.034999999999999698e-01 1.116161296874999875e+00 1.076966838089847556e-02 1.920000000000000000e+02
9.045000000000000817e-01 1.151761301282051120e+00 1.401094304929680762e-02 1.560000000000000000e+02
9.054999999999999716e-01 1.136403028571428608e+00 1.575903385897167372e-02 1.050000000000000000e+02
9.065000000000000835e-01 1.135155533742331357e+00 1.259416457542222173e-02 1.630000000000000000e+02
9.074999999999999734e-01 1.160463236842105506e+00 1.838054654240119795e-02 1.140000000000000000e+02
9.085000000000000853e-01 1.136027531250000111e+00 1.251622627085788135e-02 1.920000000000000000e+02
9.094999999999999751e-01 1.135611545454545679e+00 1.333426441509671587e-02 1.320000000000000000e+02
9.105000000000000870e-01 1.149743257575757571e+00 1.208564459909911189e-02 1.980000000000000000e+02
9.114999999999999769e-01 1.151249032520325288e+00 1.541206982544966742e-02 1.230000000000000000e+02
9.125000000000000888e-01 1.137721522727272783e+00 1.324689709453421259e-02 1.320000000000000000e+02
9.134999999999999787e-01 1.139464625000000009e+00 1.647515095095433355e-02 1.200000000000000000e+02
9.145000000000000906e-01 1.143700840579710221e+00 1.589986296042493127e-02 1.380000000000000000e+02
9.154999999999999805e-01 1.164865630434782640e+00 1.406377819358262116e-02 1.380000000000000000e+02
9.165000000000000924e-01 1.168723047619047550e+00 1.251793802204896784e-02 1.470000000000000000e+02
9.174999999999999822e-01 1.166180715277777669e+00 1.430192763286139944e-02 1.440000000000000000e+02
9.185000000000000941e-01 1.162156512820512910e+00 1.279777667143082789e-02 1.950000000000000000e+02
9.194999999999999840e-01 1.160903166666666930e+00 1.557089871324972459e-02 1.200000000000000000e+02
9.205000000000000959e-01 1.148471709219858194e+00 1.577249881769719059e-02 1.410000000000000000e+02
9.214999999999999858e-01 1.167180119047619202e+00 1.317260711249156752e-02 1.680000000000000000e+02
9.225000000000000977e-01 1.152135395480226254e+00 1.310002276464693541e-02 1.770000000000000000e+02
9.234999999999999876e-01 1.151802912280701863e+00 1.293598544804089659e-02 1.710000000000000000e+02
9.245000000000000995e-01 1.173025890804597626e+00 1.338215081128919792e-02 1.740000000000000000e+02
9.254999999999999893e-01 1.187137853658536635e+00 1.771983737332098047e-02 1.230000000000000000e+02
9.265000000000001013e-01 1.150608384057971056e+00 1.384650657832139226e-02 1.380000000000000000e+02
9.274999999999999911e-01 1.161419715277777875e+00 1.381042255593686874e-02 1.440000000000000000e+02
9.285000000000001030e-01 1.154607007092198767e+00 1.331154214830912799e-02 1.410000000000000000e+02
9.294999999999999929e-01 1.160555535714285824e+00 1.366568975170762319e-02 1.680000000000000000e+02
9.305000000000001048e-01 1.184060985507246366e+00 1.597053657783751093e-02 1.380000000000000000e+02
9.314999999999999947e-01 1.171614426229508288e+00 1.398087053909118777e-02 1.830000000000000000e+02
9.325000000000001066e-01 1.159375318181818271e+00 2.598318130804593354e-02 6.600000000000000000e+01
9.334999999999999964e-01 1.161611046153846027e+00 1.147539178659696436e-02 1.950000000000000000e+02
9.345000000000001084e-01 1.165937341269841054e+00 1.464883760763555434e-02 1.260000000000000000e+02
9.354999999999999982e-01 1.182626274774774888e+00 1.089356973606904824e-02 2.220000000000000000e+02
9.365000000000001101e-01 1.154641404761904688e+00 1.327238239969012051e-02 1.680000000000000000e+02
9.375000000000000000e-01 1.179873434108527075e+00 1.452988605289981527e-02 1.290000000000000000e+02
9.385000000000001119e-01 1.166463793859649156e+00 1.083258598718801237e-02 2.280000000000000000e+02
9.395000000000000018e-01 1.180763222222222186e+00 1.931764337994151121e-02 9.900000000000000000e+01
9.405000000000001137e-01 1.167943321428571268e+00 2.080148374029623312e-02 8.400000000000000000e+01
9.415000000000000036e-01 1.173377823529411890e+00 1.154864634732608725e-02 2.040000000000000000e+02
9.425000000000001155e-01 1.181574479797979915e+00 1.284243378280411352e-02 1.980000000000000000e+02
9.435000000000000053e-01 1.141752598425196830e+00 1.342879065341908915e-02 1.270000000000000000e+02
9.445000000000001172e-01 1.160379844961240359e+00 1.409616427147960052e-02 1.290000000000000000e+02
9.455000000000000071e-01 1.167891770370370397e+00 1.480667952484480618e-02 1.350000000000000000e+02
9.465000000000001190e-01 1.168519050847457663e+00 1.330432514599718188e-02 1.770000000000000000e+02
9.475000000000000089e-01 1.179890139534883753e+00 1.507947155217071247e-02 1.290000000000000000e+02
9.485000000000001208e-01 1.176779309859155020e+00 1.168332902308804981e-02 2.130000000000000000e+02
9.495000000000000107e-01 1.179843328431372518e+00 1.108005329876713893e-02 2.040000000000000000e+02
9.505000000000001226e-01 1.162699446428571370e+00 1.272900619958084942e-02 1.680000000000000000e+02
9.515000000000000124e-01 1.169637654088050205e+00 1.337111787785441770e-02 1.590000000000000000e+02
9.525000000000001243e-01 1.164134317708333421e+00 1.202486576194110660e-02 1.920000000000000000e+02
9.535000000000000142e-01 1.167973144444444333e+00 1.825242323353313753e-02 9.000000000000000000e+01
9.545000000000001261e-01 1.156817448979591934e+00 1.436733255317174975e-02 1.470000000000000000e+02
9.555000000000000160e-01 1.175179444444444554e+00 1.421330003936624280e-02 1.620000000000000000e+02
9.565000000000001279e-01 1.187408881481481382e+00 1.567254777107059821e-02 1.350000000000000000e+02
9.575000000000000178e-01 1.196379323809523720e+00 1.196941805084974705e-02 2.100000000000000000e+02
9.585000000000001297e-01 1.149536102564102880e+00 1.348323758285801914e-02 1.170000000000000000e+02
9.595000000000000195e-01 1.185269836065574012e+00 1.297076194517469104e-02 1.830000000000000000e+02
9.604999999999999094e-01 1.173497933333333298e+00 1.410243576330092764e-02 1.650000000000000000e+02
9.615000000000000213e-01 1.167175847953216383e+00 1.186800707666887944e-02 1.710000000000000000e+02
9.624999999999999112e-01 1.162820503144654127e+00 1.419627591296605644e-02 1.590000000000000000e+02
9.635000000000000231e-01 1.184910851063829762e+00 1.432637815833636211e-02 1.410000000000000000e+02
9.644999999999999130e-01 1.181066739130434806e+00 1.551483765895609462e-02 1.380000000000000000e+02
9.655000000000000249e-01 1.180063328502415576e+00 1.324702232252874742e-02 2.070000000000000000e+02
9.664999999999999147e-01 1.165817883333333249e+00 1.326745666737319182e-02 1.800000000000000000e+02
9.675000000000000266e-01 1.187212942528735660e+00 1.329061330173783237e-02 1.740000000000000000e+02
9.684999999999999165e-01 1.175337401709401375e+00 1.628887804026564468e-02 1.170000000000000000e+02
9.695000000000000284e-01 1.184352114427860814e+00 1.097478381835655624e-02 2.010000000000000000e+02
9.704999999999999183e-01 1.192282939393939367e+00 1.286874492011890435e-02 1.980000000000000000e+02
9.715000000000000302e-01 1.177186597222221964e+00 1.423611106134548866e-02 1.440000000000000000e+02
9.724999999999999201e-01 1.180999878306878248e+00 1.267348311846639396e-02 1.890000000000000000e+02
9.735000000000000320e-01 1.180723709219857920e+00 1.286462218435325405e-02 1.410000000000000000e+02
9.744999999999999218e-01 1.180503450980392222e+00 1.377516212197080030e-02 1.530000000000000000e+02
9.755000000000000338e-01 1.182752938461538506e+00 1.281703561700985559e-02 1.950000000000000000e+02
9.764999999999999236e-01 1.171734319148935999e+00 1.317244902968492566e-02 1.410000000000000000e+02
9.775000000000000355e-01 1.211732327956989153e+00 1.178528628297688917e-02 1.860000000000000000e+02
9.784999999999999254e-01 1.177668016260162487e+00 1.570888675496237563e-02 1.230000000000000000e+02
9.795000000000000373e-01 1.172558435684647460e+00 1.047674903842454180e-02 2.410000000000000000e+02
9.804999999999999272e-01 1.232582321839079897e+00 1.969420600732323112e-02 8.700000000000000000e+01
9.815000000000000391e-01 1.191997763052208725e+00 1.073432665265149771e-02 2.490000000000000000e+02
9.824999999999999289e-01 1.175121789115646243e+00 1.394788369902754364e-02 1.470000000000000000e+02
9.835000000000000409e-01 1.207326720930232522e+00 1.334223476049601308e-02 1.290000000000000000e+02
9.844999999999999307e-01 1.184826923076923055e+00 1.298624170950819084e-02 1.950000000000000000e+02
9.855000000000000426e-01 1.182616747311828087e+00 1.285728912799995703e-02 1.860000000000000000e+02
9.864999999999999325e-01 1.167190952380952274e+00 1.377686520790513854e-02 1.680000000000000000e+02
9.875000000000000444e-01 1.174292532407407386e+00 1.118151098541530879e-02 2.160000000000000000e+02
9.884999999999999343e-01 1.197212249999999978e+00 1.240825213274916912e-02 1.800000000000000000e+02
9.895000000000000462e-01 1.189436756944444618e+00 1.434015955863389598e-02 1.440000000000000000e+02
9.904999999999999361e-01 1.191271134920634855e+00 1.664118962668102025e-02 1.260000000000000000e+02
9.915000000000000480e-01 1.193649482993197175e+00 1.337884877082173678e-02 1.470000000000000000e+02
9.924999999999999378e-01 1.193324117948717733e+00 1.138909483563350748e-02 1.950000000000000000e+02
9.935000000000000497e-01 1.165274902222222408e+00 1.116176583034002821e-02 2.250000000000000000e+02
9.944999999999999396e-01 1.197640924999999745e+00 1.748895713847681971e-02 1.200000000000000000e+02
9.955000000000000515e-01 1.178852546099290688e+00 9.820549963154200090e-03 2.820000000000000000e+02
9.964999999999999414e-01 1.195387256830600986e+00 1.201282117410426911e-02 1.830000000000000000e+02
9.975000000000000533e-01 1.216519227642276491e+00 1.730182193637752261e-02 1.230000000000000000e+02
9.984999999999999432e-01 1.189654415384615360e+00 1.280021451215613941e-02 1.950000000000000000e+02
9.995000000000000551e-01 1.162341623931623991e+00 1.589862431166133919e-02 1.170000000000000000e+02
1.000500000000000167e+00 1.181276886666666526e+00 1.229162413349648396e-02 1.500000000000000000e+02
1.001500000000000057e+00 1.169783321428571332e+00 1.247217453931986561e-02 1.680000000000000000e+02
1.002499999999999947e+00 1.155946499999999988e+00 1.256543820545942894e-02 1.860000000000000000e+02
1.003500000000000059e+00 1.183992213930348258e+00 1.164344586056274659e-02 2.010000000000000000e+02
1.004500000000000171e+00 1.184569514124294010e+00 1.295128860048102952e-02 1.770000000000000000e+02
1.005500000000000060e+00 1.201635760233918049e+00 1.246566082740446432e-02 1.710000000000000000e+02
1.006499999999999950e+00 1.196811872727272519e+00 1.474482749745563773e-02 1.650000000000000000e+02
1.007500000000000062e+00 1.172994549783549889e+00 1.217226636656658888e-02 2.310000000000000000e+02
1.008500000000000174e+00 1.221049824074073697e+00 1.825199191396432996e-02 1.080000000000000000e+02
1.009500000000000064e+00 1.189941471544715412e+00 1.054701877093364853e-02 2.460000000000000000e+02
1.010499999999999954e+00 1.189801463768116019e+00 1.123853230269777903e-02 2.070000000000000000e+02
1.011500000000000066e+00 1.203857766666666773e+00 1.266285442553790816e-02 1.800000000000000000e+02
1.012500000000000178e+00 1.176099071428571508e+00 1.124438826770033512e-02 1.680000000000000000e+02
1.013500000000000068e+00 1.212949993464052190e+00 1.506929122863824924e-02 1.530000000000000000e+02
1.014499999999999957e+00 1.178929118279570032e+00 1.244244342439594121e-02 1.860000000000000000e+02
1.015500000000000069e+00 1.189020701657458545e+00 1.357575758622099962e-02 1.810000000000000000e+02
1.016500000000000181e+00 1.171110633333333428e+00 1.201635367002963292e-02 2.100000000000000000e+02
1.017500000000000071e+00 1.178021672514619977e+00 1.257455617710248781e-02 1.710000000000000000e+02
1.018499999999999961e+00 1.195637192307692498e+00 1.384431033193208975e-02 1.560000000000000000e+02
1.019500000000000073e+00 1.153369730158730011e+00 1.243137242955064115e-02 1.890000000000000000e+02
1.020500000000000185e+00 1.190813833333333349e+00 1.285628470293539993e-02 1.560000000000000000e+02
1.021500000000000075e+00 1.183989798353909384e+00 1.049982384874268738e-02 2.430000000000000000e+02
1.022499999999999964e+00 1.184167545454545500e+00 1.545175315824191126e-02 1.320000000000000000e+02
1.023500000000000076e+00 1.164444502164502016e+00 1.037743101436252972e-02 2.310000000000000000e+02
1.024499999999999966e+00 1.185627840182648551e+00 1.158032757651643839e-02 2.190000000000000000e+02
1.025500000000000078e+00 1.160079269230769095e+00 1.902885038232782905e-02 7.800000000000000000e+01
1.026499999999999968e+00 1.186661618279569730e+00 1.237480855960100025e-02 1.860000000000000000e+02
1.027499999999999858e+00 1.177634453488372035e+00 9.938740395615201784e-03 2.580000000000000000e+02
1.028499999999999970e+00 1.165732353333333249e+00 1.472919209955235627e-02 1.500000000000000000e+02
1.029500000000000082e+00 1.164853915422885633e+00 1.200995272449546271e-02 2.010000000000000000e+02
1.030499999999999972e+00 1.164884050505050395e+00 1.106910475189834889e-02 1.980000000000000000e+02
1.031499999999999861e+00 1.193949271794871869e+00 1.190715904397472193e-02 1.950000000000000000e+02
1.032499999999999973e+00 1.156913654970760152e+00 1.270790928229717336e-02 1.710000000000000000e+02
1.033500000000000085e+00 1.177506273631840905e+00 1.236745970327528775e-02 2.010000000000000000e+02
1.034499999999999975e+00 1.157150865800866013e+00 1.153017087859857688e-02 2.310000000000000000e+02
1.035499999999999865e+00 1.167682724637681302e+00 1.327363962279354617e-02 1.380000000000000000e+02
1.036499999999999977e+00 1.168754156862745308e+00 1.256289395032657470e-02 2.040000000000000000e+02
1.037500000000000089e+00 1.164656989743589666e+00 1.078728394751984031e-02 1.950000000000000000e+02
1.038499999999999979e+00 1.183108614814814885e+00 1.530117266924536749e-02 1.350000000000000000e+02
1.039499999999999869e+00 1.177660545977011752e+00 1.313542291522004982e-02 1.740000000000000000e+02
1.040499999999999980e+00 1.168619628352490558e+00 1.003943700134441591e-02 2.610000000000000000e+02
1.041500000000000092e+00 1.174112287037037072e+00 1.222682050122471213e-02 2.160000000000000000e+02
1.042499999999999982e+00 1.163191999999999782e+00 1.547530588350544238e-02 1.230000000000000000e+02
1.043499999999999872e+00 1.174733745833333343e+00 1.003532714948207789e-02 2.400000000000000000e+02
1.044499999999999984e+00 1.159229093137255084e+00 1.193476535868794562e-02 2.040000000000000000e+02
1.045500000000000096e+00 1.172148308641975278e+00 1.279118856265042299e-02 1.620000000000000000e+02
1.046499999999999986e+00 1.166659402515723309e+00 1.360788435265745770e-02 1.590000000000000000e+02
1.047499999999999876e+00 1.151848088888888899e+00 1.234889531555024948e-02 1.800000000000000000e+02
1.048499999999999988e+00 1.167710251141552691e+00 1.056343600680432863e-02 2.190000000000000000e+02
1.049500000000000099e+00 1.179924666666666955e+00 1.306092562354951511e-02 1.860000000000000000e+02
1.050499999999999989e+00 1.164573547945205290e+00 1.103007406649318678e-02 2.190000000000000000e+02
1.051499999999999879e+00 1.166253744680850968e+00 1.538968334093939426e-02 1.410000000000000000e+02
1.052499999999999991e+00 1.167295374468085400e+00 1.152463655611557676e-02 2.350000000000000000e+02
1.053500000000000103e+00 1.168154126126125902e+00 1.108596009856835200e-02 2.220000000000000000e+02
1.054499999999999993e+00 1.175599987179487105e+00 1.111709824567715284e-02 2.340000000000000000e+02
1.055499999999999883e+00 1.159158686567163921e+00 1.132532042612083463e-02 2.010000000000000000e+02
1.056499999999999995e+00 1.156085065217391294e+00 1.565930052757554675e-02 1.380000000000000000e+02
1.057500000000000107e+00 1.164848867579908687e+00 1.205705598528260605e-02 2.190000000000000000e+02
1.058499999999999996e+00 1.150175672839506280e+00 1.250464158221855152e-02 1.620000000000000000e+02
1.059499999999999886e+00 1.172022064102564043e+00 1.173859304422852565e-02 2.340000000000000000e+02
1.060499999999999998e+00 1.171118954954955216e+00 1.206978454764666420e-02 2.220000000000000000e+02
1.061500000000000110e+00 1.188913032258064550e+00 1.434471914757610642e-02 1.860000000000000000e+02
1.062500000000000000e+00 1.163714672727272692e+00 1.312647033102598733e-02 1.650000000000000000e+02
1.063499999999999890e+00 1.144635738095238109e+00 1.308398899252565493e-02 1.680000000000000000e+02
1.064500000000000002e+00 1.157819575342465823e+00 1.110079053105605257e-02 2.190000000000000000e+02
1.065500000000000114e+00 1.146851406249999927e+00 1.177133743962351792e-02 1.920000000000000000e+02
1.066500000000000004e+00 1.169542691823899139e+00 1.324405822933934392e-02 1.590000000000000000e+02
1.067499999999999893e+00 1.156606833333333473e+00 1.163622373188733135e-02 2.040000000000000000e+02
1.068500000000000005e+00 1.157025604444444467e+00 1.103042382069891261e-02 2.250000000000000000e+02
1.069500000000000117e+00 1.150891795597484224e+00 8.708137389869452169e-03 3.180000000000000000e+02
1.070500000000000007e+00 1.147697503267973707e+00 1.283822514432216531e-02 1.530000000000000000e+02
1.071499999999999897e+00 1.144607323383084463e+00 1.160304035403491446e-02 2.010000000000000000e+02
1.072500000000000009e+00 1.161781755102040847e+00 1.478812792522470575e-02 1.470000000000000000e+02
1.073500000000000121e+00 1.158363396624472630e+00 1.071112596919722090e-02 2.370000000000000000e+02
1.074500000000000011e+00 1.154211062801932419e+00 1.138269077544042628e-02 2.070000000000000000e+02
1.075499999999999901e+00 1.144365043715847019e+00 1.095326859587287052e-02 1.830000000000000000e+02
1.076500000000000012e+00 1.142554683060109433e+00 1.212700146091372395e-02 1.830000000000000000e+02
1.077500000000000124e+00 1.144706521568627622e+00 1.122189418198668055e-02 2.550000000000000000e+02
1.078500000000000014e+00 1.141527358333333186e+00 1.085005980618489879e-02 2.400000000000000000e+02
1.079499999999999904e+00 1.144198354609929247e+00 1.293718461361126337e-02 1.410000000000000000e+02
1.080500000000000016e+00 1.136382888888888942e+00 1.363285631420687628e-02 1.440000000000000000e+02
1.081500000000000128e+00 1.138317325203252128e+00 1.116710971298726617e-02 2.460000000000000000e+02
1.082500000000000018e+00 1.143898012500000005e+00 1.076919428751511865e-02 2.400000000000000000e+02
1.083499999999999908e+00 1.159667715555555700e+00 1.121983621492391413e-02 2.250000000000000000e+02
1.084500000000000020e+00 1.153801455026454814e+00 1.276571479620492409e-02 1.890000000000000000e+02
1.085500000000000131e+00 1.113983399999999735e+00 1.545897792070223022e-02 9.000000000000000000e+01
1.086500000000000021e+00 1.127985925170068127e+00 9.058513529080347917e-03 2.940000000000000000e+02
1.087499999999999911e+00 1.138294298507462665e+00 1.131493550610939910e-02 2.010000000000000000e+02
1.088500000000000023e+00 1.142645156950672591e+00 1.175509251541837462e-02 2.230000000000000000e+02
1.089500000000000135e+00 1.108568792682927073e+00 9.389085186822132556e-03 2.460000000000000000e+02
1.090500000000000025e+00 1.156045503030302957e+00 1.260282921878783276e-02 1.650000000000000000e+02
1.091499999999999915e+00 1.152495304878048632e+00 1.105827138922140310e-02 2.460000000000000000e+02
1.092500000000000027e+00 1.142848561403508656e+00 1.345247977556076821e-02 1.710000000000000000e+02
1.093500000000000139e+00 1.131172387254901990e+00 1.031510770448586245e-02 2.040000000000000000e+02
1.094500000000000028e+00 1.136485194756554407e+00 9.574400144813212041e-03 2.670000000000000000e+02
1.095499999999999918e+00 1.147910590277777754e+00 1.395084160538302871e-02 1.440000000000000000e+02
1.096500000000000030e+00 1.129684519047619240e+00 1.193126804947245920e-02 2.100000000000000000e+02
1.097500000000000142e+00 1.121564791666666894e+00 1.128139971499506067e-02 2.400000000000000000e+02
1.098500000000000032e+00 1.142860081081081169e+00 1.086459528226412646e-02 2.220000000000000000e+02
1.099499999999999922e+00 1.127177016835016810e+00 9.622096940502583920e-03 2.970000000000000000e+02
1.100500000000000034e+00 1.126216235294117629e+00 1.380194340572491948e-02 1.530000000000000000e+02
1.101500000000000146e+00 1.143758103030303230e+00 1.248157024583037775e-02 1.650000000000000000e+02
1.102500000000000036e+00 1.128391492248062011e+00 1.078591563536641582e-02 2.580000000000000000e+02
1.103499999999999925e+00 1.134498731481481393e+00 1.080327533515811587e-02 2.160000000000000000e+02
1.104500000000000037e+00 1.127523698717948664e+00 1.390261823147385251e-02 1.560000000000000000e+02
1.105500000000000149e+00 1.121546939814814792e+00 1.073913701641057532e-02 2.160000000000000000e+02
1.106500000000000039e+00 1.132564223404255221e+00 9.846235736908867317e-03 2.820000000000000000e+02
1.107499999999999929e+00 1.133710338383838501e+00 1.197754440965796002e-02 1.980000000000000000e+02
1.108500000000000041e+00 1.108820320512820201e+00 1.225453720710401560e-02 1.560000000000000000e+02
1.109500000000000153e+00 1.112848465686274713e+00 1.026459609515100943e-02 2.040000000000000000e+02
1.110500000000000043e+00 1.131761682352941056e+00 9.635204782888760408e-03 2.550000000000000000e+02
1.111499999999999932e+00 1.105975327044025125e+00 1.241148150923810679e-02 1.590000000000000000e+02
1.112500000000000044e+00 1.124011527131782984e+00 9.729147142979004126e-03 2.580000000000000000e+02
1.113500000000000156e+00 1.131530359735973601e+00 9.447667837054035331e-03 3.030000000000000000e+02
1.114500000000000046e+00 1.116052260273972641e+00 1.016516202026756036e-02 2.190000000000000000e+02
1.115499999999999936e+00 1.112785818627451073e+00 1.134477552945976214e-02 2.040000000000000000e+02
1.116500000000000048e+00 1.147927830687830886e+00 1.239061889096286680e-02 1.890000000000000000e+02
1.117500000000000160e+00 1.124734227106227280e+00 9.848216992545417298e-03 2.730000000000000000e+02
1.118500000000000050e+00 1.108486351851851959e+00 1.091328391781447998e-02 2.160000000000000000e+02
1.119499999999999940e+00 1.112457928961748888e+00 1.169586525953600006e-02 1.830000000000000000e+02
1.120500000000000052e+00 1.108371303482587056e+00 1.086459808673018688e-02 2.010000000000000000e+02
1.121500000000000163e+00 1.121569727272727190e+00 1.087590306098836813e-02 2.310000000000000000e+02
1.122500000000000053e+00 1.121079442105263224e+00 9.581388217575101743e-03 2.850000000000000000e+02
1.123499999999999943e+00 1.083234197916666641e+00 1.750331230345391481e-02 9.600000000000000000e+01
1.124500000000000055e+00 1.115316861660079040e+00 1.020504440090392630e-02 2.530000000000000000e+02
1.125500000000000167e+00 1.102736500000000008e+00 9.503360450597405501e-03 2.760000000000000000e+02
1.126500000000000057e+00 1.094998890547263626e+00 1.092220937023064171e-02 2.010000000000000000e+02
1.127499999999999947e+00 1.106871789954337881e+00 9.646782756364779415e-03 2.190000000000000000e+02
1.128500000000000059e+00 1.081795247126436710e+00 1.064958346015333797e-02 1.740000000000000000e+02
1.129500000000000171e+00 1.103511254901960781e+00 9.104626608018952238e-03 3.060000000000000000e+02
1.130500000000000060e+00 1.097069742857142982e+00 1.120743291346314695e-02 2.100000000000000000e+02
1.131499999999999950e+00 1.108160289855072422e+00 1.140342081993901170e-02 2.070000000000000000e+02
1.132500000000000062e+00 1.099764588435374391e+00 9.599861612979571079e-03 2.940000000000000000e+02
1.133500000000000174e+00 1.097722096153846083e+00 1.272592019883415047e-02 1.560000000000000000e+02
1.134500000000000064e+00 1.083898923694779359e+00 9.566363273738524506e-03 2.490000000000000000e+02
1.135499999999999954e+00 1.094968494505494272e+00 1.020408834585031198e-02 2.730000000000000000e+02
1.136500000000000066e+00 1.079927534482758800e+00 1.267884003170798544e-02 1.740000000000000000e+02
1.137500000000000178e+00 1.083504643678161017e+00 1.292779067635199501e-02 1.740000000000000000e+02
1.138500000000000068e+00 1.102918122448979465e+00 8.626543718964423124e-03 2.940000000000000000e+02
1.139499999999999957e+00 1.075362380281690067e+00 1.049782338299013081e-02 2.130000000000000000e+02
1.140500000000000069e+00 1.087287083333333237e+00 1.060055903887391869e-02 2.400000000000000000e+02
1.141500000000000181e+00 1.106785092592592612e+00 1.084545395520785695e-02 2.160000000000000000e+02
1.142500000000000071e+00 1.083404240000000129e+00 1.129304186552097973e-02 2.250000000000000000e+02
1.143499999999999961e+00 1.092118290043289974e+00 1.006059532241505849e-02 2.310000000000000000e+02
1.144500000000000073e+00 1.096737999999999991e+00 1.085291281712842844e-02 2.250000000000000000e+02
1.145500000000000185e+00 1.066253555555555677e+00 8.539386590837303934e-03 3.060000000000000000e+02
1.146500000000000075e+00 1.076513091503267905e+00 1.265243192379584582e-02 1.530000000000000000e+02
1.147499999999999964e+00 1.071934545893719726e+00 1.078325024199415158e-02 2.070000000000000000e+02
1.148500000000000076e+00 1.097059609848484829e+00 9.248867129626432010e-03 2.640000000000000000e+02
1.149500000000000188e+00 1.098142441767068211e+00 1.012627811247466744e-02 2.490000000000000000e+02
1.150500000000000078e+00 1.087851701492537293e+00 1.039510822573428556e-02 2.010000000000000000e+02
1.151499999999999968e+00 1.096330791666666915e+00 1.202980964769654292e-02 1.680000000000000000e+02
1.152500000000000080e+00 1.092395012578616376e+00 8.423133492527941357e-03 3.180000000000000000e+02
1.153499999999999970e+00 1.083439162037036940e+00 1.080908294519638581e-02 2.160000000000000000e+02
1.154500000000000082e+00 1.084000365461847304e+00 1.066654679044075522e-02 2.490000000000000000e+02
1.155499999999999972e+00 1.080033925925925731e+00 9.152972424747361085e-03 2.700000000000000000e+02
1.156499999999999861e+00 1.087158799196787040e+00 1.033054768931815706e-02 2.490000000000000000e+02
1.157499999999999973e+00 1.092556850000000024e+00 1.194773231545810839e-02 1.800000000000000000e+02
1.158500000000000085e+00 1.081826893772893872e+00 9.106872644288844729e-03 2.730000000000000000e+02
1.159499999999999975e+00 1.082013939393939417e+00 1.037217869526764827e-02 2.310000000000000000e+02
1.160499999999999865e+00 1.084929904458598715e+00 1.330165771774006328e-02 1.570000000000000000e+02
1.161499999999999977e+00 1.081319132183907961e+00 8.733265189139766821e-03 3.480000000000000000e+02
1.162500000000000089e+00 1.072967793650793533e+00 1.124075091904924890e-02 1.890000000000000000e+02
1.163499999999999979e+00 1.071711492537313459e+00 1.062521779125950340e-02 2.010000000000000000e+02
1.164499999999999869e+00 1.077547027522935963e+00 8.720880963431472052e-03 3.270000000000000000e+02
1.165499999999999980e+00 1.078972991341991428e+00 1.021867765409157150e-02 2.310000000000000000e+02
1.166500000000000092e+00 1.070658757575757791e+00 1.160752985105679286e-02 1.650000000000000000e+02
1.167499999999999982e+00 1.078984707165109080e+00 8.370489855963144168e-03 3.210000000000000000e+02
1.168499999999999872e+00 1.070460901960784472e+00 1.090676367303672518e-02 2.040000000000000000e+02
1.169499999999999984e+00 1.099292480392156657e+00 1.654919408988840546e-02 1.020000000000000000e+02
1.170500000000000096e+00 1.058052027322404331e+00 7.719061769567162751e-03 3.660000000000000000e+02
1.171499999999999986e+00 1.077794375000000082e+00 1.069583974598357218e-02 2.160000000000000000e+02
1.172499999999999876e+00 1.064240926553672528e+00 1.300943701973418867e-02 1.770000000000000000e+02
1.173499999999999988e+00 1.065844595238095271e+00 8.076407536364913278e-03 3.360000000000000000e+02
1.174500000000000099e+00 1.060219551282051365e+00 9.725551693257918767e-03 2.340000000000000000e+02
1.175499999999999989e+00 1.059685309236947592e+00 9.326961952931270283e-03 2.490000000000000000e+02
1.176499999999999879e+00 1.056684401294498254e+00 8.918759566846731074e-03 3.090000000000000000e+02
1.177499999999999991e+00 1.063162353233830792e+00 1.119513386881526053e-02 2.010000000000000000e+02
1.178500000000000103e+00 1.062550846846846753e+00 1.372706399478132964e-02 1.110000000000000000e+02
1.179499999999999993e+00 1.058545827868852429e+00 8.279690238557943505e-03 3.660000000000000000e+02
1.180499999999999883e+00 1.061831548245613988e+00 1.082752763866727877e-02 2.280000000000000000e+02
1.181499999999999995e+00 1.049502468253968201e+00 9.672432764753291848e-03 2.520000000000000000e+02
1.182500000000000107e+00 1.037050666666666565e+00 8.425403435716807832e-03 2.790000000000000000e+02
1.183499999999999996e+00 1.049156738738738825e+00 1.041969136062913248e-02 2.220000000000000000e+02
1.184499999999999886e+00 1.059677043478260750e+00 1.087693493468384030e-02 2.070000000000000000e+02
1.185499999999999998e+00 1.058953544061302487e+00 9.756422466657730524e-03 2.610000000000000000e+02
1.186500000000000110e+00 1.063776217228464382e+00 9.130398189144281473e-03 2.670000000000000000e+02
1.187500000000000000e+00 1.048948729559748161e+00 1.066302077674607419e-02 1.590000000000000000e+02
1.188499999999999890e+00 1.031393942307692324e+00 8.660519237488520372e-03 3.120000000000000000e+02
1.189500000000000002e+00 1.055639820512820570e+00 9.452588461324832117e-03 2.340000000000000000e+02
1.190500000000000114e+00 1.051805132575757584e+00 9.567236015633426641e-03 2.640000000000000000e+02
1.191500000000000004e+00 1.044243473684210555e+00 1.008557097454671966e-02 2.280000000000000000e+02
1.192499999999999893e+00 1.045661675555555448e+00 1.002086921907970746e-02 2.250000000000000000e+02
1.193500000000000005e+00 1.053718810996563615e+00 8.675899684431130632e-03 2.910000000000000000e+02
1.194500000000000117e+00 1.034804429078014065e+00 8.793776913711796872e-03 2.820000000000000000e+02
1.195500000000000007e+00 1.052033177419354981e+00 1.033268066004222087e-02 1.860000000000000000e+02
1.196499999999999897e+00 1.041795066666666658e+00 8.996005956469755455e-03 2.700000000000000000e+02
1.197500000000000009e+00 1.029836142857142978e+00 1.057142432152176695e-02 1.960000000000000000e+02
1.198500000000000121e+00 1.028928690000000090e+00 8.252374789492108662e-03 3.000000000000000000e+02
1.199500000000000011e+00 1.040883213178294575e+00 9.365884684763696802e-03 2.580000000000000000e+02
1.200499999999999901e+00 1.036823326164874715e+00 8.989599576459327349e-03 2.790000000000000000e+02
1.201500000000000012e+00 1.040965092592592622e+00 8.905023935071119251e-03 2.700000000000000000e+02
1.202500000000000124e+00 1.032094439560439669e+00 8.810949118911105132e-03 2.730000000000000000e+02
1.203500000000000014e+00 1.032445709523809541e+00 9.778863538824072651e-03 2.100000000000000000e+02
1.204499999999999904e+00 1.035860033950617209e+00 8.584018904460817556e-03 3.240000000000000000e+02
1.205500000000000016e+00 1.024405427083333153e+00 1.025031152862283280e-02 1.920000000000000000e+02
1.206500000000000128e+00 1.027434524271844785e+00 8.359210574047620801e-03 3.090000000000000000e+02
1.207500000000000018e+00 1.021432111111111096e+00 1.068147260272198258e-02 1.890000000000000000e+02
1.208499999999999908e+00 1.032995802588996703e+00 7.947104663115329981e-03 3.090000000000000000e+02
1.209500000000000020e+00 1.046780941176470581e+00 1.160192546215561490e-02 1.530000000000000000e+02
1.210500000000000131e+00 1.034706029761904622e+00 8.419907480578426792e-03 3.360000000000000000e+02
1.211500000000000021e+00 1.026343927536231826e+00 1.024449353128932018e-02 2.070000000000000000e+02
1.212499999999999911e+00 1.041554447712418119e+00 7.764929226198915777e-03 3.060000000000000000e+02
1.213500000000000023e+00 1.012815886666666776e+00 1.264195213505825595e-02 1.500000000000000000e+02
1.214500000000000135e+00 1.044996621794871849e+00 8.220614990059859836e-03 3.120000000000000000e+02
1.215500000000000025e+00 1.021670481481481429e+00 9.494095295353853492e-03 2.700000000000000000e+02
1.216499999999999915e+00 1.022718220833333413e+00 9.454028227052720112e-03 2.400000000000000000e+02
1.217500000000000027e+00 1.022732098870056339e+00 7.514398686438219024e-03 3.540000000000000000e+02
1.218500000000000139e+00 1.018633445833333262e+00 8.695839288090045222e-03 2.400000000000000000e+02
1.219500000000000028e+00 1.017838750000000125e+00 9.690365656800571659e-03 2.160000000000000000e+02
1.220499999999999918e+00 1.026432293333333412e+00 8.530499608319450783e-03 3.000000000000000000e+02
1.221500000000000030e+00 1.018530951456310785e+00 8.378210570319481396e-03 3.090000000000000000e+02
1.222500000000000142e+00 1.042449939393939484e+00 1.112750051205247878e-02 1.980000000000000000e+02
1.223500000000000032e+00 1.008205372549019652e+00 1.039239185604116412e-02 2.550000000000000000e+02
1.224499999999999922e+00 1.022251887387387592e+00 1.021273942224459191e-02 2.220000000000000000e+02
1.225500000000000034e+00 1.011301569182389892e+00 7.827998502339256204e-03 3.180000000000000000e+02
1.226500000000000146e+00 1.028056494252873598e+00 9.042481189637394112e-03 2.610000000000000000e+02
1.227500000000000036e+00 9.948251259259258683e-01 8.561287228592447812e-03 2.700000000000000000e+02
1.228499999999999925e+00 1.017551818181818168e+00 8.903701978645263762e-03 2.310000000000000000e+02
1.229500000000000037e+00 1.023108027322404245e+00 1.139679468563127053e-02 1.830000000000000000e+02
1.230500000000000149e+00 1.008319124031007874e+00 7.497488628899529745e-03 3.870000000000000000e+02
1.231500000000000039e+00 1.013608852459016552e+00 9.998745631982304885e-03 1.830000000000000000e+02
1.232499999999999929e+00 1.012079638629283407e+00 8.175604971512198324e-03 3.210000000000000000e+02
1.233500000000000041e+00 1.016072271428571261e+00 8.487999742806812131e-03 2.800000000000000000e+02
1.234500000000000153e+00 1.016942607843137170e+00 8.415619354613785436e-03 3.060000000000000000e+02
1.235500000000000043e+00 1.000496849999999993e+00 1.043104108285259138e-02 1.800000000000000000e+02
1.236499999999999932e+00 9.945428773946360934e-01 9.708031640988891084e-03 2.610000000000000000e+02
1.237500000000000044e+00 1.003365277777777731e+00 7.897148894110537012e-03 2.880000000000000000e+02
1.238500000000000156e+00 1.009419527210884571e+00 8.082831492195139203e-03 2.940000000000000000e+02
1.239500000000000046e+00 9.992951798245612860e-01 8.585131996067345977e-03 2.280000000000000000e+02
1.240499999999999936e+00 1.004244092731829685e+00 6.876554653680058866e-03 3.990000000000000000e+02
1.241500000000000048e+00 1.020314333333333323e+00 1.015048124403542841e-02 1.980000000000000000e+02
1.242500000000000160e+00 9.834304166666666402e-01 8.534976528785410965e-03 2.520000000000000000e+02
1.243500000000000050e+00 9.910307183098591155e-01 1.040254916420368589e-02 2.130000000000000000e+02
1.244499999999999940e+00 9.978213630952381674e-01 7.797221340849522231e-03 3.360000000000000000e+02
1.245500000000000052e+00 9.931395379537955037e-01 8.001419303635511765e-03 3.030000000000000000e+02
1.246500000000000163e+00 1.008373646153846170e+00 1.047775562383138591e-02 1.950000000000000000e+02
1.247500000000000053e+00 9.914820797720798051e-01 7.455745113720242158e-03 3.510000000000000000e+02
1.248499999999999943e+00 9.760523946360153413e-01 8.318989793836453761e-03 2.610000000000000000e+02
1.249500000000000055e+00 9.805254733333333972e-01 8.709049619653019825e-03 3.000000000000000000e+02
1.250500000000000167e+00 9.793861290322581903e-01 7.763863783306665378e-03 2.790000000000000000e+02
1.251500000000000057e+00 1.005458849122806919e+00 8.518729345955189033e-03 2.850000000000000000e+02
1.252499999999999947e+00 9.801898048780487427e-01 8.994302846034781321e-03 2.460000000000000000e+02
1.253500000000000059e+00 9.971063793103448480e-01 1.123480507340640124e-02 1.740000000000000000e+02
1.254500000000000171e+00 9.866171202185791689e-01 7.162268513317959599e-03 3.660000000000000000e+02
1.255500000000000060e+00 1.007830474358974326e+00 9.918650529637817320e-03 2.340000000000000000e+02
1.256499999999999950e+00 9.963074859437750508e-01 8.709425762954777286e-03 2.490000000000000000e+02
1.257500000000000062e+00 9.880214147286821014e-01 8.724147465042360328e-03 2.580000000000000000e+02
1.258500000000000174e+00 1.004881495238095113e+00 8.001737240621442995e-03 3.150000000000000000e+02
1.259500000000000064e+00 9.765364333333333979e-01 7.845598697126844601e-03 3.300000000000000000e+02
1.260499999999999954e+00 9.924223707865167388e-01 8.411453449383559169e-03 2.670000000000000000e+02
1.261500000000000066e+00 9.799997112860893145e-01 7.013963517096575423e-03 3.810000000000000000e+02
1.262500000000000178e+00 9.915654590163934801e-01 1.078123251749688732e-02 1.830000000000000000e+02
1.263500000000000068e+00 9.814792189542482781e-01 8.709139260389372680e-03 3.060000000000000000e+02
1.264499999999999957e+00 9.854595151515149754e-01 1.123975306906497412e-02 1.650000000000000000e+02
1.265500000000000069e+00 9.770575399449035192e-01 7.565783486140740914e-03 3.630000000000000000e+02
1.266500000000000181e+00 9.862298527777776380e-01 7.871800301294893526e-03 3.600000000000000000e+02
1.267500000000000071e+00 9.698068625000000331e-01 9.008651224762135451e-03 2.400000000000000000e+02
1.268499999999999961e+00 9.835989031007753569e-01 9.059200378097528872e-03 2.580000000000000000e+02
1.269500000000000073e+00 9.754700800000000172e-01 8.882690371618645955e-03 2.500000000000000000e+02
1.270500000000000185e+00 9.756362962962963348e-01 8.221774409985831145e-03 2.970000000000000000e+02
1.271500000000000075e+00 9.767578796296296773e-01 9.321788853847779929e-03 2.160000000000000000e+02
1.272499999999999964e+00 9.771635950413222194e-01 8.002654107902067160e-03 3.630000000000000000e+02
1.273500000000000076e+00 9.910692786069651428e-01 9.985378799801852834e-03 2.010000000000000000e+02
1.274500000000000188e+00 9.744410454545454625e-01 7.110477737631498880e-03 3.960000000000000000e+02
1.275500000000000078e+00 9.641739791666665838e-01 1.082501543962680751e-02 1.920000000000000000e+02
1.276499999999999968e+00 9.736303305785124484e-01 7.153481049305091856e-03 3.630000000000000000e+02
1.277500000000000080e+00 9.788170691056909956e-01 9.395258429229769864e-03 2.460000000000000000e+02
1.278500000000000192e+00 9.646433836477985579e-01 8.177078044239203397e-03 3.180000000000000000e+02
1.279500000000000082e+00 9.613777378640776528e-01 7.912531123521053186e-03 3.090000000000000000e+02
1.280499999999999972e+00 9.770438809523809276e-01 1.000379499690838038e-02 2.100000000000000000e+02
1.281499999999999861e+00 9.801933904761904737e-01 8.270371193483391087e-03 3.150000000000000000e+02
1.282499999999999973e+00 9.628449722222222062e-01 8.848285805399275922e-03 2.520000000000000000e+02
1.283500000000000085e+00 9.579786639784946267e-01 7.286976883224689262e-03 3.720000000000000000e+02
1.284499999999999975e+00 9.754078243727598574e-01 8.200281746790940088e-03 2.790000000000000000e+02
1.285499999999999865e+00 9.539011834862386463e-01 7.642961961679030011e-03 3.270000000000000000e+02
1.286499999999999977e+00 9.812739651162790677e-01 8.409945953301477956e-03 2.580000000000000000e+02
1.287500000000000089e+00 9.478512310606060920e-01 8.762941700338526541e-03 2.640000000000000000e+02
1.288499999999999979e+00 9.694906394557823992e-01 8.152458153678527816e-03 2.940000000000000000e+02
1.289499999999999869e+00 9.743750450450449074e-01 8.769423188514894815e-03 2.220000000000000000e+02
1.290499999999999980e+00 9.688608195718655391e-01 8.457792571451917471e-03 3.270000000000000000e+02
1.291500000000000092e+00 9.692262635658915881e-01 8.132743017369879410e-03 2.580000000000000000e+02
1.292499999999999982e+00 9.616850197740114403e-01 7.585630369129542361e-03 3.540000000000000000e+02
1.293499999999999872e+00 9.428809263565891552e-01 8.288647492010943821e-03 2.580000000000000000e+02
1.294499999999999984e+00 9.414220804597700498e-01 7.407503306643355850e-03 3.480000000000000000e+02
1.295500000000000096e+00 9.662686488095237891e-01 7.283382355053798565e-03 3.360000000000000000e+02
1.296499999999999986e+00 9.629926567656766911e-01 7.430937544090279213e-03 3.030000000000000000e+02
1.297499999999999876e+00 9.733296833333333620e-01 1.322741237680265421e-02 1.200000000000000000e+02
1.298499999999999988e+00 9.663641963824288750e-01 7.259254547407292812e-03 3.870000000000000000e+02
1.299500000000000099e+00 9.584533299999999922e-01 7.806942036177517454e-03 3.000000000000000000e+02
1.300499999999999989e+00 9.693022831541219242e-01 8.237682015809268468e-03 2.790000000000000000e+02
1.301499999999999879e+00 9.571516813186813355e-01 8.701009362991412102e-03 2.730000000000000000e+02
1.302499999999999991e+00 9.560060589743590853e-01 7.302097626867323256e-03 3.900000000000000000e+02
1.303500000000000103e+00 9.452320476190477772e-01 8.161287380172035921e-03 2.520000000000000000e+02
1.304499999999999993e+00 9.676329877675842184e-01 7.643887690700837921e-03 3.270000000000000000e+02
1.305499999999999883e+00 9.422020673076924036e-01 1.033067731469291227e-02 2.080000000000000000e+02
1.306499999999999995e+00 9.607117170263790307e-01 6.732680255392428127e-03 4.170000000000000000e+02
1.307500000000000107e+00 9.545131954022988419e-01 8.450896820029904499e-03 2.610000000000000000e+02
1.308499999999999996e+00 9.589164731182795443e-01 7.059733782276908509e-03 3.720000000000000000e+02
1.309499999999999886e+00 9.478703421052632194e-01 9.609489228938216179e-03 2.280000000000000000e+02
1.310499999999999998e+00 9.591158273809524681e-01 7.571900862560290886e-03 3.360000000000000000e+02
1.311500000000000110e+00 9.596774675324675208e-01 8.586740885900005088e-03 2.310000000000000000e+02
1.312500000000000000e+00 9.501404606481481663e-01 6.755854885946245558e-03 4.320000000000000000e+02
1.313499999999999890e+00 9.464085026455026917e-01 9.607494980110145230e-03 1.890000000000000000e+02
1.314500000000000002e+00 9.485511517857142527e-01 7.405321591398048020e-03 3.360000000000000000e+02
1.315500000000000114e+00 9.491479754385964140e-01 8.116034385808669135e-03 2.850000000000000000e+02
1.316500000000000004e+00 9.397353231292517872e-01 7.622290928646861113e-03 2.940000000000000000e+02
1.317499999999999893e+00 9.434900281690139501e-01 9.559773622209772129e-03 2.130000000000000000e+02
1.318500000000000005e+00 9.375706153846153912e-01 6.733455583645279845e-03 3.900000000000000000e+02
1.319500000000000117e+00 9.468027829457364986e-01 8.609783504427998696e-03 2.580000000000000000e+02
1.320500000000000007e+00 9.494616336088155251e-01 7.576928575999782728e-03 3.630000000000000000e+02
1.321499999999999897e+00 9.385278617886179120e-01 8.810863406708925594e-03 2.460000000000000000e+02
1.322500000000000009e+00 9.505208375527426368e-01 6.529021429831507496e-03 4.740000000000000000e+02
1.323500000000000121e+00 9.435667037037035465e-01 8.251459824188197775e-03 2.430000000000000000e+02
1.324500000000000011e+00 9.348032652329749670e-01 8.334810289496915811e-03 2.790000000000000000e+02
1.325499999999999901e+00 9.428645299145299585e-01 9.665960412420343886e-03 2.340000000000000000e+02
1.326500000000000012e+00 9.425878066666666388e-01 6.241721060742754998e-03 4.500000000000000000e+02
1.327500000000000124e+00 9.439314063926941278e-01 9.295921174155797814e-03 2.190000000000000000e+02
1.328500000000000014e+00 9.313814686716791469e-01 6.495881855666580350e-03 3.990000000000000000e+02
1.329499999999999904e+00 9.395960816326529574e-01 1.003156916362478446e-02 1.470000000000000000e+02
1.330500000000000016e+00 9.291230423728813470e-01 7.149693703713202661e-03 3.540000000000000000e+02
1.331500000000000128e+00 9.350507813620071440e-01 8.302598099200310736e-03 2.790000000000000000e+02
1.332500000000000018e+00 9.372315656565656239e-01 6.782483298335202637e-03 3.960000000000000000e+02
1.333499999999999908e+00 9.458758444444445024e-01 8.372913107516579898e-03 2.250000000000000000e+02
1.334500000000000020e+00 9.341375392953930046e-01 7.145927715159657023e-03 3.690000000000000000e+02
1.335500000000000131e+00 9.237496583333333344e-01 6.856469438137983811e-03 3.600000000000000000e+02
1.336500000000000021e+00 9.391422908496732669e-01 8.003092968482776459e-03 3.060000000000000000e+02
1.337499999999999911e+00 9.406670711111111416e-01 9.593354087783299844e-03 2.250000000000000000e+02
1.338500000000000023e+00 9.357630796460176814e-01 7.016815615332811645e-03 3.390000000000000000e+02
1.339500000000000135e+00 9.453466082474226706e-01 8.426353853794688736e-03 2.910000000000000000e+02
1.340500000000000025e+00 9.347134272727272153e-01 7.618379701299767166e-03 3.300000000000000000e+02
1.341499999999999915e+00 9.385898653198653241e-01 7.456994848978014401e-03 2.970000000000000000e+02
1.342500000000000027e+00 9.413004338461538056e-01 7.683333628530704569e-03 3.250000000000000000e+02
1.343500000000000139e+00 9.253751900311526501e-01 7.796542241261581081e-03 3.210000000000000000e+02
1.344500000000000028e+00 9.223736302083332950e-01 7.106713416641141472e-03 3.840000000000000000e+02
1.345499999999999918e+00 9.321111648351647627e-01 7.957641397709753692e-03 2.730000000000000000e+02
1.346500000000000030e+00 9.222040521739129915e-01 7.343089676446502671e-03 3.450000000000000000e+02
1.347500000000000142e+00 9.362339676375404096e-01 7.766744050748072316e-03 3.090000000000000000e+02
1.348500000000000032e+00 9.337616829268292618e-01 9.480621129560950350e-03 2.460000000000000000e+02
1.349499999999999922e+00 9.366801372549019566e-01 6.864121194759196555e-03 4.080000000000000000e+02
1.350500000000000034e+00 9.179010789473683873e-01 8.234849167291009853e-03 2.280000000000000000e+02
1.351500000000000146e+00 9.251843848039216223e-01 6.759296028381069771e-03 4.080000000000000000e+02
1.352500000000000036e+00 9.278293215339232791e-01 7.969129760237362789e-03 3.390000000000000000e+02
1.353499999999999925e+00 9.362566020408162881e-01 7.772716352581954778e-03 2.940000000000000000e+02
1.354500000000000037e+00 9.170436418732782480e-01 6.764430429333806449e-03 3.630000000000000000e+02
1.355500000000000149e+00 9.229631317829456449e-01 8.317621888886793033e-03 2.580000000000000000e+02
1.356500000000000039e+00 9.466720495049505413e-01 7.338732283724927821e-03 3.030000000000000000e+02
1.357499999999999929e+00 9.340871572327044126e-01 7.212781806782996019e-03 3.180000000000000000e+02
1.358500000000000041e+00 9.063202941176470295e-01 7.294409783750625993e-03 3.060000000000000000e+02
1.359500000000000153e+00 9.214278703703704387e-01 7.391065127931393391e-03 3.240000000000000000e+02
1.360500000000000043e+00 9.281126257861634921e-01 7.810612316101730492e-03 3.180000000000000000e+02
1.361499999999999932e+00 9.248162500000000064e-01 7.637948745130869639e-03 2.880000000000000000e+02
1.362500000000000044e+00 9.146397320261437924e-01 6.558206663745445343e-03 4.590000000000000000e+02
1.363500000000000156e+00 9.260356633663365811e-01 7.667844008597736287e-03 3.030000000000000000e+02
1.364500000000000046e+00 9.122544392156861637e-01 8.514446477956232051e-03 2.550000000000000000e+02
1.365499999999999936e+00 9.313459571865442266e-01 7.067230086713455726e-03 3.270000000000000000e+02
1.366500000000000048e+00 9.177967841530055848e-01 7.400173091578862022e-03 3.660000000000000000e+02
1.367500000000000160e+00 9.157696543209876694e-01 6.342894614339541007e-03 4.050000000000000000e+02
1.368500000000000050e+00 9.152183564814814209e-01 8.993084742274488549e-03 2.160000000000000000e+02
1.369499999999999940e+00 9.200190486618005092e-01 6.647723442591680666e-03 4.110000000000000000e+02
1.370500000000000052e+00 9.125777298245614233e-01 7.930860457659418689e-03 2.850000000000000000e+02
1.371500000000000163e+00 9.131783980099502651e-01 6.935653186550428707e-03 4.020000000000000000e+02
1.372500000000000053e+00 9.099687368421053302e-01 7.492921989894377882e-03 2.850000000000000000e+02
1.373499999999999943e+00 9.197005465465466489e-01 7.716476963725503804e-03 3.330000000000000000e+02
1.374500000000000055e+00 9.144725230352305223e-01 7.138046294599007836e-03 3.690000000000000000e+02
1.375500000000000167e+00 8.927698251366120719e-01 1.013151386886074201e-02 1.830000000000000000e+02
1.376500000000000057e+00 9.159994950495050636e-01 7.587451980916543569e-03 3.030000000000000000e+02
1.377499999999999947e+00 9.134772946428570961e-01 7.328211990213298783e-03 3.360000000000000000e+02
1.378500000000000059e+00 9.193215788336933647e-01 6.077936954753749947e-03 4.630000000000000000e+02
1.379500000000000171e+00 9.161023975535167452e-01 6.912478746317259407e-03 3.270000000000000000e+02
1.380500000000000060e+00 9.167433563218392312e-01 7.248846556031511394e-03 3.480000000000000000e+02
1.381499999999999950e+00 9.124280429042905816e-01 7.434644610950950222e-03 3.030000000000000000e+02
1.382500000000000062e+00 8.970231056910569212e-01 8.441276747527195687e-03 2.460000000000000000e+02
1.383500000000000174e+00 9.092129586206896263e-01 6.443185259866156082e-03 4.350000000000000000e+02
1.384500000000000064e+00 9.012062619047619405e-01 8.273565047332087988e-03 2.520000000000000000e+02
1.385499999999999954e+00 9.122849471264368182e-01 6.248174519636860887e-03 4.350000000000000000e+02
1.386500000000000066e+00 9.098383707165109691e-01 7.544828744288075567e-03 3.210000000000000000e+02
1.387500000000000178e+00 9.202981682847894973e-01 7.764736854749104342e-03 3.090000000000000000e+02
1.388500000000000068e+00 9.183472177419356175e-01 6.866470944208294402e-03 3.720000000000000000e+02
1.389499999999999957e+00 9.019650877192983973e-01 7.233265584861149969e-03 2.850000000000000000e+02
1.390500000000000069e+00 9.157964259259259165e-01 6.694210332212306193e-03 4.320000000000000000e+02
1.391500000000000181e+00 9.175143636363636279e-01 9.516532991592590446e-03 1.980000000000000000e+02
1.392500000000000071e+00 8.963583703703702499e-01 6.915314888592830923e-03 3.780000000000000000e+02
1.393499999999999961e+00 9.093790964912280561e-01 6.283289537969516218e-03 4.560000000000000000e+02
1.394500000000000073e+00 8.971375181159420009e-01 8.639829038731611580e-03 2.760000000000000000e+02
1.395500000000000185e+00 9.104013564356436827e-01 7.374494682321704880e-03 3.030000000000000000e+02
1.396500000000000075e+00 9.051234462809916170e-01 6.588183256443836712e-03 3.630000000000000000e+02
1.397499999999999964e+00 8.957668611111111456e-01 6.929976504551031181e-03 3.600000000000000000e+02
1.398500000000000076e+00 9.010771101928375382e-01 6.994070649965778916e-03 3.630000000000000000e+02
1.399500000000000188e+00 9.045409057971014466e-01 7.791036084376540792e-03 2.760000000000000000e+02
1.400500000000000078e+00 9.078852146464645445e-01 6.321272238710966100e-03 3.960000000000000000e+02
1.401499999999999968e+00 9.108934625850340083e-01 7.434545613725473956e-03 2.940000000000000000e+02
1.402500000000000080e+00 9.098047048611110910e-01 7.802274527022807875e-03 2.880000000000000000e+02
1.403500000000000192e+00 9.112017261904761245e-01 6.950730639228377278e-03 3.360000000000000000e+02
1.404500000000000082e+00 9.043670024691358167e-01 6.409542670546055157e-03 4.050000000000000000e+02
1.405499999999999972e+00 9.249380579710144712e-01 6.458984807482246078e-03 4.140000000000000000e+02
1.406500000000000083e+00 9.060820765765766893e-01 9.967555094285398404e-03 2.220000000000000000e+02
1.407499999999999973e+00 9.167718480392156311e-01 7.023274091406943136e-03 4.080000000000000000e+02
1.408500000000000085e+00 9.234419018087856035e-01 6.957911653240593346e-03 3.870000000000000000e+02
1.409499999999999975e+00 9.029055925925925097e-01 7.054636479123089707e-03 3.510000000000000000e+02
1.410499999999999865e+00 9.068669900990099508e-01 7.018397614621415398e-03 3.030000000000000000e+02
1.411499999999999977e+00 9.163849152542372645e-01 8.075539097069060757e-03 3.540000000000000000e+02
1.412500000000000089e+00 9.097744583333334800e-01 6.770335192534939969e-03 3.600000000000000000e+02
1.413499999999999979e+00 9.021536462585034721e-01 6.251142713704567998e-03 4.410000000000000000e+02
1.414499999999999869e+00 9.212633107142855771e-01 8.130137409943123672e-03 2.800000000000000000e+02
1.415499999999999980e+00 9.098101237113400686e-01 7.599075679088111539e-03 2.910000000000000000e+02
1.416500000000000092e+00 9.072774589743589635e-01 7.088243229627498587e-03 3.900000000000000000e+02
1.417499999999999982e+00 9.064041121794872424e-01 7.725699406442762193e-03 3.120000000000000000e+02
1.418499999999999872e+00 9.114039598393574027e-01 5.582519029117620837e-03 4.980000000000000000e+02
1.419499999999999984e+00 9.114053623188406172e-01 9.370001239296746678e-03 2.070000000000000000e+02
1.420500000000000096e+00 9.019307169312168471e-01 6.827013863084195958e-03 3.780000000000000000e+02
1.421499999999999986e+00 8.883930277777778439e-01 7.902022123539610698e-03 2.520000000000000000e+02
1.422499999999999876e+00 9.041740646766169842e-01 6.416157234667910561e-03 4.020000000000000000e+02
1.423499999999999988e+00 9.114493844086021257e-01 6.753017399299886606e-03 3.720000000000000000e+02
1.424500000000000099e+00 9.114806961451247247e-01 6.450642843385890127e-03 4.410000000000000000e+02
1.425499999999999989e+00 9.124664771241830508e-01 7.962280550639258547e-03 3.060000000000000000e+02
1.426499999999999879e+00 9.167129619883042091e-01 6.859635179435469299e-03 3.420000000000000000e+02
1.427499999999999991e+00 8.856020761904761507e-01 7.322187476786874705e-03 3.150000000000000000e+02
1.428500000000000103e+00 9.106854613686533595e-01 6.674768414696695580e-03 4.530000000000000000e+02
1.429499999999999993e+00 9.011028102981030186e-01 6.608954518940723076e-03 3.690000000000000000e+02
1.430499999999999883e+00 9.086138779761905315e-01 7.093763722671601706e-03 3.360000000000000000e+02
1.431499999999999995e+00 8.970143416666667147e-01 6.499438893703436519e-03 3.600000000000000000e+02
1.432500000000000107e+00 9.057979546925566394e-01 7.609010284127961862e-03 3.090000000000000000e+02
1.433499999999999996e+00 8.925053333333331507e-01 7.580911125845532852e-03 3.210000000000000000e+02
1.434499999999999886e+00 9.077454277456646903e-01 5.515548278210182648e-03 5.190000000000000000e+02
1.435499999999999998e+00 9.158945296803652214e-01 8.483912002984123069e-03 2.190000000000000000e+02
1.436500000000000110e+00 8.971728924731182664e-01 6.934557392842717605e-03 3.720000000000000000e+02
1.437500000000000000e+00 8.949979676616914848e-01 6.458725355515480132e-03 4.020000000000000000e+02
1.438499999999999890e+00 8.953060901960783191e-01 7.797267403470968528e-03 2.550000000000000000e+02
1.439500000000000002e+00 8.913584750000000945e-01 5.989339874472723174e-03 4.800000000000000000e+02
1.440500000000000114e+00 9.005442920110192651e-01 6.536896588644455601e-03 3.630000000000000000e+02
1.441500000000000004e+00 9.152549743589745157e-01 7.373383070943258059e-03 3.120000000000000000e+02
1.442499999999999893e+00 9.036678627450980272e-01 6.568009754226933165e-03 4.080000000000000000e+02
1.443500000000000005e+00 9.093210471014493423e-01 7.600521291286120931e-03 2.760000000000000000e+02
1.444500000000000117e+00 9.124904841849148518e-01 6.602391942721330675e-03 4.110000000000000000e+02
1.445500000000000007e+00 8.919978820512819429e-01 6.280781667857476824e-03 3.900000000000000000e+02
1.446499999999999897e+00 9.014708345153665814e-01 6.072093662256397920e-03 4.230000000000000000e+02
1.447500000000000009e+00 8.855342673267326825e-01 6.663865386859610905e-03 3.030000000000000000e+02
1.448500000000000121e+00 8.970473231552162918e-01 6.874279939703603626e-03 3.930000000000000000e+02
1.449500000000000011e+00 8.992285282485876774e-01 6.677268163812631954e-03 3.540000000000000000e+02
1.450499999999999901e+00 9.035135492424242187e-01 7.878037601860132105e-03 2.640000000000000000e+02
1.451500000000000012e+00 9.007244462809917973e-01 5.852133778344823303e-03 4.840000000000000000e+02
1.452500000000000124e+00 9.049949209621993562e-01 8.105505876358738010e-03 2.910000000000000000e+02
1.453500000000000014e+00 9.088856447688564710e-01 6.393639675876653695e-03 4.110000000000000000e+02
1.454499999999999904e+00 9.057854231536925926e-01 5.564944233083966678e-03 5.010000000000000000e+02
1.455500000000000016e+00 8.979990155038759525e-01 7.982131510845230649e-03 2.580000000000000000e+02
1.456500000000000128e+00 9.013132951653943792e-01 6.258345059863013211e-03 3.930000000000000000e+02
1.457500000000000018e+00 8.946388871794872522e-01 6.751018300223660291e-03 3.900000000000000000e+02
1.458499999999999908e+00 9.105008660714285496e-01 7.529779093572455673e-03 3.360000000000000000e+02
1.459500000000000020e+00 8.977266621004565961e-01 6.415932568434157442e-03 4.380000000000000000e+02
1.460500000000000131e+00 8.970578037383177827e-01 7.004172610549976377e-03 3.210000000000000000e+02
1.461500000000000021e+00 9.098359294117647211e-01 8.242530955619272598e-03 2.550000000000000000e+02
1.462499999999999911e+00 9.089059256756757410e-01 5.834793901717857945e-03 4.440000000000000000e+02
1.463500000000000023e+00 9.003574727668846034e-01 5.834623430995399679e-03 4.590000000000000000e+02
1.464500000000000135e+00 9.126272337164751391e-01 8.097719841520375703e-03 2.610000000000000000e+02
1.465500000000000025e+00 8.946113608815426943e-01 6.680388966520785059e-03 3.630000000000000000e+02
1.466499999999999915e+00 9.091036318082789114e-01 6.078953622135527778e-03 4.590000000000000000e+02
1.467500000000000027e+00 9.012291491228069384e-01 8.477141509092411126e-03 2.280000000000000000e+02
1.468500000000000139e+00 9.091141805555557065e-01 6.482629451520299617e-03 4.320000000000000000e+02
1.469500000000000028e+00 9.152159047619048415e-01 6.781431353496937542e-03 3.990000000000000000e+02
1.470499999999999918e+00 9.103253333333333197e-01 8.152901429441992975e-03 2.910000000000000000e+02
1.471500000000000030e+00 9.041536412213738716e-01 6.372110466899742233e-03 3.930000000000000000e+02
1.472500000000000142e+00 9.011822530413624577e-01 6.077765855999569568e-03 4.110000000000000000e+02
1.473500000000000032e+00 9.050950125313284023e-01 6.340088593874295894e-03 3.990000000000000000e+02
1.474499999999999922e+00 9.073299710144928643e-01 7.715230933631159367e-03 2.760000000000000000e+02
1.475500000000000034e+00 9.198702063492064651e-01 6.426192144139356542e-03 4.410000000000000000e+02
1.476500000000000146e+00 9.173882404371584975e-01 7.000021400768694640e-03 3.660000000000000000e+02
1.477500000000000036e+00 9.187401422764228665e-01 7.937204547908621038e-03 2.460000000000000000e+02
1.478499999999999925e+00 9.091899523809523487e-01 6.510226242392351016e-03 4.200000000000000000e+02
1.479500000000000037e+00 8.973046742424242161e-01 8.514573232433989697e-03 2.640000000000000000e+02
1.480500000000000149e+00 8.980009370629370435e-01 6.417536274032730262e-03 4.290000000000000000e+02
1.481500000000000039e+00 9.091844130434781901e-01 6.524698894260314887e-03 4.140000000000000000e+02
1.482499999999999929e+00 9.112709807162533426e-01 6.398725988905107180e-03 3.630000000000000000e+02
1.483500000000000041e+00 9.056935929487178738e-01 7.595434477335044621e-03 3.120000000000000000e+02
1.484500000000000153e+00 9.045269155251142168e-01 6.555457668363473718e-03 4.380000000000000000e+02
1.485500000000000043e+00 9.057863286052009189e-01 6.115347338471978887e-03 4.230000000000000000e+02
1.486499999999999932e+00 9.235010903954803396e-01 1.170895521798406835e-02 1.770000000000000000e+02
1.487500000000000044e+00 9.174625812182740647e-01 6.588107395906353872e-03 3.940000000000000000e+02
1.488500000000000156e+00 9.128718896396396110e-01 5.760447161481618145e-03 4.440000000000000000e+02
1.489500000000000046e+00 9.176023363363363661e-01 7.153097710953188436e-03 3.330000000000000000e+02
1.490499999999999936e+00 9.161386666666667677e-01 6.550472522422975431e-03 3.750000000000000000e+02
1.491500000000000048e+00 9.112549304347825618e-01 7.112024297940462876e-03 3.450000000000000000e+02
1.492500000000000160e+00 9.113629106280194403e-01 6.460422372256478633e-03 4.140000000000000000e+02
1.493500000000000050e+00 9.226711166666666797e-01 8.246828972945213429e-03 2.400000000000000000e+02
1.494499999999999940e+00 9.122888442622950622e-01 6.551049220137408063e-03 3.660000000000000000e+02
1.495500000000000052e+00 9.039846826484018161e-01 6.148811727593760969e-03 4.380000000000000000e+02
1.496500000000000163e+00 9.094619450549450423e-01 8.371266333183503827e-03 2.730000000000000000e+02
1.497500000000000053e+00 9.104787499999998923e-01 7.029183458946671945e-03 3.840000000000000000e+02
1.498499999999999943e+00 9.245748932038833079e-01 7.770920249791290688e-03 3.090000000000000000e+02
1.499500000000000055e+00 9.077112113289760309e-01 6.065316962375539786e-03 4.590000000000000000e+02
1.500500000000000167e+00 9.095444031746031666e-01 7.906824003749181318e-03 3.150000000000000000e+02
1.501500000000000057e+00 9.193222411924120152e-01 7.364060648375717229e-03 3.690000000000000000e+02
1.502499999999999947e+00 9.141744285714287210e-01 7.225354206553890116e-03 3.360000000000000000e+02
1.503500000000000059e+00 9.036580760233917653e-01 7.292893239494308878e-03 3.420000000000000000e+02
1.504500000000000171e+00 9.210066726726725550e-01 7.370469125035319057e-03 3.330000000000000000e+02
1.505500000000000060e+00 9.182738194444445279e-01 6.214355084475329041e-03 4.320000000000000000e+02
1.506499999999999950e+00 9.247150968660968751e-01 6.977368568424593270e-03 3.510000000000000000e+02
1.507500000000000062e+00 9.179299483568074125e-01 9.015040193077240166e-03 2.130000000000000000e+02
1.508500000000000174e+00 9.139385454545454479e-01 5.729373941599321361e-03 4.620000000000000000e+02
1.509500000000000064e+00 9.120395615942028522e-01 7.889457778947579075e-03 2.760000000000000000e+02
1.510499999999999954e+00 9.075636029411763284e-01 6.096636840951656297e-03 4.080000000000000000e+02
1.511500000000000066e+00 9.062721889763780680e-01 6.849229837093886476e-03 3.810000000000000000e+02
1.512500000000000178e+00 9.128836072607260377e-01 7.958837405170227086e-03 3.030000000000000000e+02
1.513500000000000068e+00 9.107646071428572299e-01 6.917543669982693412e-03 4.200000000000000000e+02
1.514499999999999957e+00 9.181116063829788398e-01 7.838424253725686380e-03 2.820000000000000000e+02
1.515500000000000069e+00 9.249426344086021379e-01 6.702996851372757144e-03 3.720000000000000000e+02
1.516500000000000181e+00 9.189535646766167076e-01 6.586535481374406614e-03 4.020000000000000000e+02
1.517500000000000071e+00 9.227062377260981663e-01 6.786060294096453796e-03 3.870000000000000000e+02
1.518499999999999961e+00 9.214373266666666673e-01 7.957572074515861793e-03 3.000000000000000000e+02
1.519500000000000073e+00 9.099972864197530820e-01 6.401875551489246211e-03 4.050000000000000000e+02
1.520500000000000185e+00 9.122128103448275960e-01 6.595504014282792260e-03 3.480000000000000000e+02
1.521500000000000075e+00 9.163972352941176513e-01 1.012351492888580000e-02 1.530000000000000000e+02
1.522499999999999964e+00 9.202459323308270767e-01 6.643095224418964218e-03 3.990000000000000000e+02
1.523500000000000076e+00 9.192537595505617665e-01 6.177250849816707905e-03 4.450000000000000000e+02
1.524500000000000188e+00 9.310126695906433270e-01 7.481170198058269098e-03 3.420000000000000000e+02
1.525500000000000078e+00 9.154287074074074493e-01 7.971198093937105142e-03 2.700000000000000000e+02
1.526499999999999968e+00 9.148950080000001206e-01 6.781524752110433540e-03 3.750000000000000000e+02
1.527500000000000080e+00 9.283595149051490081e-01 6.905658052253119648e-03 3.690000000000000000e+02
1.528500000000000192e+00 9.183855091575091611e-01 7.708728870131895117e-03 2.730000000000000000e+02
1.529500000000000082e+00 9.191192367816092279e-01 6.296451114036031270e-03 4.350000000000000000e+02
1.530499999999999972e+00 9.164424408602149796e-01 7.080913412690403863e-03 3.720000000000000000e+02
1.531500000000000083e+00 9.181968179271708941e-01 7.080742066718462464e-03 3.570000000000000000e+02
1.532500000000000195e+00 9.267261384615383957e-01 6.502650705396323394e-03 3.900000000000000000e+02
1.533500000000000085e+00 9.336342716049381707e-01 8.711470050409064747e-03 2.430000000000000000e+02
1.534499999999999975e+00 9.155175654320988343e-01 6.518556461728859143e-03 4.050000000000000000e+02
1.535500000000000087e+00 9.300834337349397352e-01 8.540665075807737927e-03 2.490000000000000000e+02
1.536499999999999977e+00 9.404781021505376204e-01 7.232044403824647305e-03 3.720000000000000000e+02
1.537500000000000089e+00 9.114803625730992787e-01 7.430096579723727973e-03 3.420000000000000000e+02
1.538499999999999979e+00 9.327465058479533777e-01 7.689873089916762251e-03 3.420000000000000000e+02
1.539499999999999869e+00 9.275586246246246835e-01 7.304327010766525907e-03 3.330000000000000000e+02
1.540499999999999980e+00 9.298050471976400111e-01 7.245879028778939510e-03 3.390000000000000000e+02
1.541500000000000092e+00 9.366486028368794514e-01 6.557466898731402309e-03 4.230000000000000000e+02
1.542499999999999982e+00 9.374793750000000037e-01 7.599593869094869829e-03 3.360000000000000000e+02
1.543499999999999872e+00 9.266716329966330212e-01 7.566397483317008690e-03 2.970000000000000000e+02
1.544499999999999984e+00 9.316692244224422659e-01 8.006823824957950628e-03 3.030000000000000000e+02
1.545500000000000096e+00 9.189030819209038636e-01 7.107840193939694851e-03 3.540000000000000000e+02
1.546499999999999986e+00 9.319282041343668332e-01 6.412143197244287232e-03 3.870000000000000000e+02
1.547499999999999876e+00 9.307934472934473735e-01 7.302513604461950171e-03 3.510000000000000000e+02
1.548499999999999988e+00 9.250615825825825311e-01 7.459263303069635191e-03 3.330000000000000000e+02
1.549500000000000099e+00 9.366533452380952918e-01 6.539441832333155527e-03 4.200000000000000000e+02
1.550499999999999989e+00 9.300154496124031223e-01 7.912567012297276603e-03 2.580000000000000000e+02
1.551499999999999879e+00 9.371072671394800047e-01 6.677839229815379918e-03 4.230000000000000000e+02
1.552499999999999991e+00 9.414344531835205920e-01 8.869832037096946412e-03 2.670000000000000000e+02
1.553500000000000103e+00 9.297925578947369152e-01 7.947107011343447144e-03 2.850000000000000000e+02
1.554499999999999993e+00 9.321118827160493892e-01 7.309556224610160372e-03 3.240000000000000000e+02
1.555499999999999883e+00 9.343658207547169692e-01 7.957115306603704946e-03 3.180000000000000000e+02
1.556499999999999995e+00 9.389908155555556357e-01 6.541662239383288537e-03 4.500000000000000000e+02
1.557500000000000107e+00 9.296660269360269568e-01 8.128562249845344700e-03 2.970000000000000000e+02
1.558499999999999996e+00 9.281676391184572328e-01 7.208367296937539040e-03 3.630000000000000000e+02
1.559499999999999886e+00 9.352524699140399855e-01 7.332176983521367791e-03 3.490000000000000000e+02
1.560499999999999998e+00 9.429057822580646508e-01 6.860245159978677933e-03 3.720000000000000000e+02
1.561500000000000110e+00 9.292293548387096092e-01 6.775051110280821617e-03 3.720000000000000000e+02
1.562500000000000000e+00 9.438717598039216838e-01 9.376920137426419596e-03 2.040000000000000000e+02
1.563499999999999890e+00 9.214243450292396442e-01 7.257605887619127810e-03 3.420000000000000000e+02
1.564500000000000002e+00 9.373747454545454660e-01 7.613668428584951034e-03 3.300000000000000000e+02
1.565500000000000114e+00 9.431740333333332726e-01 6.485243839650136656e-03 4.200000000000000000e+02
1.566500000000000004e+00 9.418361148148148843e-01 8.811450545052678524e-03 2.700000000000000000e+02
1.567499999999999893e+00 9.409555374149660700e-01 7.930970254639169853e-03 2.940000000000000000e+02
1.568500000000000005e+00 9.357448072562357666e-01 6.507253846034568960e-03 4.410000000000000000e+02
1.569500000000000117e+00 9.467816699029129035e-01 7.874609369059320726e-03 3.090000000000000000e+02
1.570500000000000007e+00 9.307875673076921874e-01 7.830173468664101619e-03 3.120000000000000000e+02
1.571499999999999897e+00 9.519406790123456918e-01 9.166036921992909772e-03 2.430000000000000000e+02
1.572500000000000009e+00 9.341012190476190025e-01 7.376424197462806871e-03 3.150000000000000000e+02
1.573500000000000121e+00 9.491486540404040495e-01 6.561705637709362889e-03 3.960000000000000000e+02
1.574500000000000011e+00 9.477171822541966550e-01 6.789880634265876673e-03 4.170000000000000000e+02
1.575499999999999901e+00 9.396765788113694562e-01 6.826335613492553848e-03 3.870000000000000000e+02
1.576500000000000012e+00 9.506036800000000619e-01 8.261152897321532088e-03 3.000000000000000000e+02
1.577500000000000124e+00 9.394540528052806039e-01 7.733309636114239251e-03 3.030000000000000000e+02
1.578500000000000014e+00 9.425366872852234401e-01 7.829600740586450600e-03 2.910000000000000000e+02
1.579499999999999904e+00 9.628768266666666298e-01 6.406893408668856878e-03 3.750000000000000000e+02
1.580500000000000016e+00 9.610201618122978795e-01 7.977722482461081094e-03 3.090000000000000000e+02
1.581500000000000128e+00 9.333930354609929481e-01 7.939814853833030220e-03 2.820000000000000000e+02
1.582500000000000018e+00 9.455527983539095960e-01 8.889582975678133811e-03 2.430000000000000000e+02
1.583499999999999908e+00 9.539222849462365428e-01 7.005790888149569101e-03 3.720000000000000000e+02
1.584500000000000020e+00 9.497971896551724580e-01 7.011929170207812333e-03 3.480000000000000000e+02
1.585500000000000131e+00 9.601101666666667089e-01 6.137995320179908017e-03 4.020000000000000000e+02
1.586500000000000021e+00 9.625624229691875922e-01 7.317936570646743979e-03 3.570000000000000000e+02
1.587499999999999911e+00 9.558034141414142315e-01 7.853447847155909170e-03 2.970000000000000000e+02
1.588500000000000023e+00 9.460128376811592910e-01 7.401195996296075323e-03 3.450000000000000000e+02
1.589500000000000135e+00 9.463981910569104761e-01 8.341865726248370860e-03 2.460000000000000000e+02
1.590500000000000025e+00 9.538996880733944250e-01 7.282590884342423319e-03 3.270000000000000000e+02
1.591499999999999915e+00 9.560754924924925735e-01 7.980012798778668079e-03 3.330000000000000000e+02
1.592500000000000027e+00 9.643359086021506821e-01 7.357857352213025004e-03 3.720000000000000000e+02
1.593500000000000139e+00 9.505570849673202760e-01 8.098081378202550903e-03 3.060000000000000000e+02
1.594500000000000028e+00 9.477470974842767681e-01 7.871586803548887012e-03 3.180000000000000000e+02
1.595499999999999918e+00 9.456729858757062512e-01 7.143501780244720413e-03 3.540000000000000000e+02
1.596500000000000030e+00 9.514370536193029748e-01 7.177279437198104059e-03 3.730000000000000000e+02
1.597500000000000142e+00 9.636233376623376534e-01 8.656639944996970260e-03 2.310000000000000000e+02
1.598500000000000032e+00 9.587906811594202328e-01 8.286284212997784004e-03 2.760000000000000000e+02
1.599499999999999922e+00 9.512444644808744076e-01 7.259142613858590373e-03 3.660000000000000000e+02
1.600500000000000034e+00 9.595244434782608245e-01 7.794821772055824174e-03 3.450000000000000000e+02
1.601500000000000146e+00 9.597788872549020134e-01 6.700037616118825062e-03 4.080000000000000000e+02
1.602500000000000036e+00 9.529177135416665445e-01 9.869018602852242320e-03 1.920000000000000000e+02
1.603499999999999925e+00 9.635770115740740493e-01 6.174591952569560664e-03 4.320000000000000000e+02
1.604500000000000037e+00 9.636969746835443162e-01 8.174244937918241985e-03 2.370000000000000000e+02
1.605500000000000149e+00 9.548825352564103142e-01 7.634327135587721386e-03 3.120000000000000000e+02
1.606500000000000039e+00 9.556339456790122755e-01 6.839595496995990766e-03 4.050000000000000000e+02
1.607499999999999929e+00 9.644557454545454878e-01 8.438251685187843007e-03 3.300000000000000000e+02
1.608500000000000041e+00 9.449450277777777796e-01 8.595478002242210036e-03 2.520000000000000000e+02
1.609500000000000153e+00 9.555366426666666024e-01 7.394759162488138277e-03 3.750000000000000000e+02
1.610500000000000043e+00 9.323326781609194702e-01 7.907896519617053574e-03 2.610000000000000000e+02
1.611499999999999932e+00 9.648847653061225493e-01 7.904823143179563749e-03 2.940000000000000000e+02
1.612500000000000044e+00 9.610353434343434920e-01 7.239375271847818712e-03 3.960000000000000000e+02
1.613500000000000156e+00 9.712289117647058267e-01 9.245377196184055915e-03 2.040000000000000000e+02
1.614500000000000046e+00 9.634356844444444956e-01 6.270360887776763557e-03 4.500000000000000000e+02
1.615499999999999936e+00 9.540556923076922713e-01 9.355295205703545794e-03 2.340000000000000000e+02
1.616500000000000048e+00 9.882175451713397507e-01 7.805431317946887396e-03 3.210000000000000000e+02
1.617500000000000160e+00 9.593339599999999301e-01 8.326023522699900828e-03 3.000000000000000000e+02
1.618500000000000050e+00 9.643912757575757722e-01 7.472060249587957927e-03 3.300000000000000000e+02
1.619499999999999940e+00 9.713939543010753352e-01 7.729145175580019039e-03 3.720000000000000000e+02
1.620500000000000052e+00 9.729061188405796479e-01 7.566203022060167573e-03 3.450000000000000000e+02
1.621500000000000163e+00 9.758330808080806218e-01 8.344660788585932937e-03 2.970000000000000000e+02
1.622500000000000053e+00 9.758662559523808566e-01 7.699957966602007098e-03 3.360000000000000000e+02
1.623499999999999943e+00 9.859310185185184983e-01 9.034331525783187433e-03 2.700000000000000000e+02
1.624500000000000055e+00 9.745336972789114816e-01 9.027784280211319928e-03 2.940000000000000000e+02
1.625500000000000167e+00 9.747554444444446187e-01 7.078652754240265244e-03 3.510000000000000000e+02
1.626500000000000057e+00 9.845369471544717088e-01 9.429962183532290126e-03 2.460000000000000000e+02
1.627499999999999947e+00 9.777246740740739295e-01 7.250578745441737562e-03 4.050000000000000000e+02
1.628500000000000059e+00 9.883768358974360790e-01 1.055324013251607643e-02 1.950000000000000000e+02
1.629500000000000171e+00 9.727924426666666458e-01 7.231756944015447185e-03 3.750000000000000000e+02
1.630500000000000060e+00 9.942548488372091597e-01 8.512021682317728183e-03 2.580000000000000000e+02
1.631499999999999950e+00 9.743168095238096127e-01 7.801939648948931841e-03 3.150000000000000000e+02
1.632500000000000062e+00 9.849674326647563927e-01 7.744832241431110452e-03 3.490000000000000000e+02
1.633500000000000174e+00 9.768575264797507707e-01 8.491456092778456449e-03 3.210000000000000000e+02
1.634500000000000064e+00 9.767258589743590402e-01 7.408678167003710478e-03 3.900000000000000000e+02
1.635499999999999954e+00 9.794754666666666276e-01 8.259194982535366519e-03 2.700000000000000000e+02
1.636500000000000066e+00 9.756816055045871572e-01 8.124054480800460554e-03 3.270000000000000000e+02
1.637500000000000178e+00 9.728135555555554870e-01 8.613214185179305163e-03 2.970000000000000000e+02
1.638500000000000068e+00 9.695976217228464700e-01 8.218321671339958237e-03 2.670000000000000000e+02
1.639499999999999957e+00 9.816179428571428778e-01 8.111644435470993786e-03 3.150000000000000000e+02
1.640500000000000069e+00 9.830373888888890299e-01 8.484201405691348813e-03 2.880000000000000000e+02
1.641500000000000181e+00 9.963044224422442641e-01 8.269097940957752246e-03 3.030000000000000000e+02
1.642500000000000071e+00 9.779386020408161739e-01 7.842773362149070213e-03 2.940000000000000000e+02
1.643499999999999961e+00 9.696471981132075424e-01 7.803583865701956522e-03 3.180000000000000000e+02
1.644500000000000073e+00 9.795752573839662247e-01 9.145364183943115524e-03 2.370000000000000000e+02
1.645500000000000185e+00 9.753757983870967596e-01 7.199755197364605952e-03 3.720000000000000000e+02
1.646500000000000075e+00 9.889577166666666530e-01 8.179164956626227070e-03 3.000000000000000000e+02
1.647499999999999964e+00 9.839730526315788595e-01 7.774983145472116192e-03 3.420000000000000000e+02
1.648500000000000076e+00 9.839707403508770600e-01 8.747263904743804094e-03 2.850000000000000000e+02
1.649500000000000188e+00 9.824601896551723446e-01 7.857826856075325259e-03 3.480000000000000000e+02
1.650500000000000078e+00 9.784315321100918172e-01 7.695514006748689802e-03 3.270000000000000000e+02
1.651499999999999968e+00 9.863619543859649674e-01 8.281321122051916658e-03 2.850000000000000000e+02
1.652500000000000080e+00 9.968766144927536654e-01 7.390871566932337260e-03 3.450000000000000000e+02
1.653500000000000192e+00 9.905684234234233276e-01 8.986071316475611331e-03 2.220000000000000000e+02
1.654500000000000082e+00 9.890401815181517620e-01 8.375054624228524605e-03 3.030000000000000000e+02
1.655499999999999972e+00 9.838111974110032021e-01 8.070520711507971762e-03 3.090000000000000000e+02
1.656500000000000083e+00 9.869650512820513644e-01 7.953401523541583917e-03 2.730000000000000000e+02
1.657500000000000195e+00 1.004826840136054278e+00 8.762787080689986990e-03 2.940000000000000000e+02
1.658500000000000085e+00 1.009376014035087588e+00 8.538171850387528405e-03 2.850000000000000000e+02
1.659499999999999975e+00 9.892192890624998958e-01 7.277105882892914886e-03 3.840000000000000000e+02
1.660500000000000087e+00 9.961589999999999057e-01 8.710736436469359092e-03 2.250000000000000000e+02
1.661500000000000199e+00 9.968750584795320613e-01 7.783954927270400267e-03 3.420000000000000000e+02
1.662500000000000089e+00 1.014464358024691260e+00 8.768023283348882341e-03 2.430000000000000000e+02
1.663499999999999979e+00 9.917265468749999480e-01 7.485678540980361152e-03 3.840000000000000000e+02
1.664500000000000091e+00 1.000800539855072557e+00 9.074921776198296292e-03 2.760000000000000000e+02
1.665499999999999980e+00 9.950923511904763430e-01 8.005527718212784513e-03 3.360000000000000000e+02
1.666500000000000092e+00 9.997820444444445176e-01 9.001402145904424321e-03 2.250000000000000000e+02
1.667499999999999982e+00 9.903934570446734087e-01 7.817292270315424549e-03 2.910000000000000000e+02
1.668499999999999872e+00 1.010938569832402267e+00 7.403736657444796691e-03 3.580000000000000000e+02
1.669499999999999984e+00 9.945963367003368694e-01 7.487783801064404506e-03 2.970000000000000000e+02
1.670500000000000096e+00 9.823762579365079572e-01 9.166703096881985077e-03 2.520000000000000000e+02
1.671499999999999986e+00 9.964324248366013270e-01 8.160072634469339031e-03 3.060000000000000000e+02
1.672499999999999876e+00 9.917181235955054852e-01 8.562987643189563444e-03 2.670000000000000000e+02
1.673499999999999988e+00 1.001695573476702572e+00 8.314998929702398928e-03 2.790000000000000000e+02
1.674500000000000099e+00 1.021660532710280345e+00 7.865997083307487217e-03 3.210000000000000000e+02
1.675499999999999989e+00 1.007567507246376781e+00 8.919712244115607716e-03 2.760000000000000000e+02
1.676499999999999879e+00 9.996593437499999846e-01 7.451098763317414234e-03 3.840000000000000000e+02
1.677499999999999991e+00 1.008557741784037676e+00 9.567979310840626569e-03 2.130000000000000000e+02
1.678500000000000103e+00 1.006636833333333314e+00 7.154142035580074097e-03 3.960000000000000000e+02
1.679499999999999993e+00 9.974888414634145439e-01 8.180010512370531131e-03 2.460000000000000000e+02
1.680499999999999883e+00 1.008913763052208923e+00 9.589560932468522980e-03 2.490000000000000000e+02
1.681499999999999995e+00 9.906763395638630287e-01 7.592721156670228198e-03 3.210000000000000000e+02
1.682500000000000107e+00 1.022171329629629755e+00 9.053813755156531889e-03 2.700000000000000000e+02
1.683499999999999996e+00 1.008733976190476112e+00 9.922731876807157000e-03 2.520000000000000000e+02
1.684499999999999886e+00 1.011769390804597712e+00 9.567272662375081796e-03 2.610000000000000000e+02
1.685499999999999998e+00 1.002782046831955709e+00 7.694334978576059317e-03 3.630000000000000000e+02
1.686500000000000110e+00 9.946588237547893119e-01 9.507166786193427255e-03 2.610000000000000000e+02
1.687500000000000000e+00 1.016674093750000063e+00 8.757604030533929981e-03 2.880000000000000000e+02
1.688499999999999890e+00 1.017923587628866144e+00 7.943378774482933585e-03 2.910000000000000000e+02
1.689500000000000002e+00 1.009700296296296429e+00 7.443881252756924180e-03 3.510000000000000000e+02
1.690500000000000114e+00 1.009438487179487032e+00 8.901872708808320975e-03 2.340000000000000000e+02
1.691500000000000004e+00 1.013917575091574985e+00 8.626582848378083757e-03 2.730000000000000000e+02
1.692499999999999893e+00 1.007351658914728665e+00 7.150478871492746066e-03 3.870000000000000000e+02
1.693500000000000005e+00 1.030535823293172726e+00 9.560444734097676284e-03 2.490000000000000000e+02
1.694500000000000117e+00 1.017061855072463716e+00 9.119944215714069491e-03 2.760000000000000000e+02
1.695500000000000007e+00 1.008971611111111111e+00 9.468630571745366778e-03 2.520000000000000000e+02
1.696499999999999897e+00 1.017226283828382760e+00 8.343436721940357403e-03 3.030000000000000000e+02
1.697500000000000009e+00 1.029207073099415171e+00 8.340321054691067146e-03 3.420000000000000000e+02
1.698500000000000121e+00 1.003295569767441942e+00 1.002182692590302543e-02 2.580000000000000000e+02
1.699500000000000011e+00 1.016352792156862694e+00 8.789425506825444476e-03 2.550000000000000000e+02
1.700499999999999901e+00 1.021287734082396925e+00 8.808501553961700994e-03 2.670000000000000000e+02
1.701500000000000012e+00 1.030583898989898994e+00 9.743582734490977351e-03 1.980000000000000000e+02
1.702500000000000124e+00 1.022357709876543286e+00 7.828115011431388895e-03 3.240000000000000000e+02
1.703500000000000014e+00 1.001305759420289876e+00 8.096735643750168493e-03 3.450000000000000000e+02
1.704499999999999904e+00 1.022679090909090815e+00 8.242413483575333072e-03 2.860000000000000000e+02
1.705500000000000016e+00 1.035519812056737488e+00 8.725504712589713177e-03 2.820000000000000000e+02
1.706500000000000128e+00 1.018676240143369105e+00 9.223557081649855563e-03 2.790000000000000000e+02
1.707500000000000018e+00 1.023388669724770494e+00 7.815343879141520636e-03 3.270000000000000000e+02
1.708499999999999908e+00 1.018068254629629577e+00 9.945304417220430376e-03 2.160000000000000000e+02
1.709500000000000020e+00 1.032250276276276191e+00 8.123070538600334067e-03 3.330000000000000000e+02
1.710500000000000131e+00 1.031286075757575693e+00 1.080094186939538001e-02 1.980000000000000000e+02
1.711500000000000021e+00 1.026115273015873131e+00 8.196200161753177532e-03 3.150000000000000000e+02
1.712499999999999911e+00 1.014181453900709240e+00 9.480166341720256198e-03 2.820000000000000000e+02
1.713500000000000023e+00 1.032318128205128138e+00 8.790873752258190899e-03 2.730000000000000000e+02
1.714500000000000135e+00 1.031556563106796220e+00 8.869753272528970930e-03 3.090000000000000000e+02
1.715500000000000025e+00 1.023865147058823588e+00 9.843157807398795339e-03 2.040000000000000000e+02
1.716499999999999915e+00 1.018686890410958723e+00 9.492483514269647177e-03 2.190000000000000000e+02
1.717500000000000027e+00 1.004291377551020492e+00 8.182829051232043752e-03 2.940000000000000000e+02
1.718500000000000139e+00 1.025071043771043744e+00 9.104653211844686636e-03 2.970000000000000000e+02
1.719500000000000028e+00 1.027670333333333241e+00 8.303758724964888094e-03 3.150000000000000000e+02
1.720499999999999918e+00 1.030132094339622606e+00 7.793257224181930447e-03 3.180000000000000000e+02
1.721500000000000030e+00 1.048736764227642171e+00 9.486421322393492200e-03 2.460000000000000000e+02
1.722500000000000142e+00 1.032633915857605222e+00 8.732862514392777595e-03 3.090000000000000000e+02
1.723500000000000032e+00 1.042373718614718614e+00 9.809006831985588384e-03 2.310000000000000000e+02
1.724499999999999922e+00 1.029622088435374172e+00 9.341107774036589567e-03 2.940000000000000000e+02
1.725500000000000034e+00 1.021143871212121468e+00 9.317903652631085235e-03 2.640000000000000000e+02
1.726500000000000146e+00 1.041907822695035346e+00 8.952687118025758409e-03 2.820000000000000000e+02
1.727500000000000036e+00 1.039191541666666829e+00 8.871615094581977029e-03 2.880000000000000000e+02
1.728499999999999925e+00 1.032356937500000127e+00 9.666626445556738417e-03 2.400000000000000000e+02
1.729500000000000037e+00 1.035483496453900809e+00 8.656776148369987878e-03 2.820000000000000000e+02
1.730500000000000149e+00 1.028829285185185238e+00 9.033233376909127060e-03 2.700000000000000000e+02
1.731500000000000039e+00 1.035765829629629486e+00 1.002233342402172531e-02 2.700000000000000000e+02
1.732499999999999929e+00 1.019754694444444443e+00 9.629129246608711043e-03 2.520000000000000000e+02
1.733500000000000041e+00 1.041185794117647001e+00 9.264879886637036530e-03 3.060000000000000000e+02
1.734500000000000153e+00 1.020208679166666688e+00 9.855566606515599529e-03 2.400000000000000000e+02
1.735500000000000043e+00 1.036635445578231174e+00 8.670316028358266217e-03 2.940000000000000000e+02
1.736499999999999932e+00 1.026819630824372886e+00 9.116651331514890114e-03 2.790000000000000000e+02
1.737500000000000044e+00 1.029397697278911616e+00 8.699453640483167591e-03 2.940000000000000000e+02
1.738500000000000156e+00 1.030180597484276594e+00 8.483809172164529303e-03 3.180000000000000000e+02
1.739500000000000046e+00 1.041813884259259249e+00 1.008041818415506517e-02 2.160000000000000000e+02
1.740499999999999936e+00 1.037081187499999890e+00 9.501215081390800704e-03 2.400000000000000000e+02
1.741500000000000048e+00 1.052181491150442572e+00 9.615065394879889968e-03 2.260000000000000000e+02
1.742500000000000160e+00 1.051387427230046967e+00 1.000409087309936905e-02 2.130000000000000000e+02
1.743500000000000050e+00 1.045368991452991336e+00 7.585387454331108184e-03 3.510000000000000000e+02
1.744499999999999940e+00 1.044494825000000127e+00 9.990921808447298519e-03 2.400000000000000000e+02
1.745500000000000052e+00 1.031652731343283502e+00 9.702113055408993422e-03 2.010000000000000000e+02
1.746500000000000163e+00 1.041680224242424124e+00 7.805769569886451126e-03 3.300000000000000000e+02
1.747500000000000053e+00 1.034899943089431007e+00 9.431320451123851797e-03 2.460000000000000000e+02
1.748499999999999943e+00 1.049771741496598576e+00 9.246003675531432042e-03 2.940000000000000000e+02
1.749500000000000055e+00 1.036700971193415644e+00 9.370474755850542042e-03 2.430000000000000000e+02
1.750500000000000167e+00 1.042912086805555472e+00 8.795097562887729467e-03 2.880000000000000000e+02
1.751500000000000057e+00 1.040552874999999933e+00 9.972907299111719373e-03 2.160000000000000000e+02
1.752499999999999947e+00 1.045006886178861727e+00 9.633934452509779894e-03 2.460000000000000000e+02
1.753500000000000059e+00 1.049276593333333452e+00 9.216050243345843412e-03 3.000000000000000000e+02
1.754500000000000171e+00 1.035823793209876609e+00 8.128894932746400306e-03 3.240000000000000000e+02
1.755500000000000060e+00 1.036771149425287364e+00 9.066800941237974573e-03 2.610000000000000000e+02
1.756499999999999950e+00 1.053352370370370439e+00 9.844487241163848296e-03 2.160000000000000000e+02
1.757500000000000062e+00 1.056636830985915543e+00 9.402340239685716070e-03 2.130000000000000000e+02
1.758500000000000174e+00 1.031702462962962974e+00 8.560131294667821730e-03 2.700000000000000000e+02
1.759500000000000064e+00 1.046073159722222146e+00 9.623882152689887046e-03 2.880000000000000000e+02
1.760499999999999954e+00 1.046852455026455075e+00 1.121058261682500098e-02 1.890000000000000000e+02
1.761500000000000066e+00 1.044437410256410237e+00 9.388571180413241707e-03 2.730000000000000000e+02
1.762500000000000178e+00 1.054847453815261016e+00 9.444828699102554223e-03 2.490000000000000000e+02
1.763500000000000068e+00 1.046621841666666608e+00 9.584310326896720161e-03 2.400000000000000000e+02
1.764499999999999957e+00 1.057041631884058086e+00 8.094931721637711047e-03 3.450000000000000000e+02
1.765500000000000069e+00 1.037381526570048340e+00 1.019872800366656077e-02 2.070000000000000000e+02
1.766500000000000181e+00 1.053044877192982565e+00 9.092936809948130514e-03 2.850000000000000000e+02
1.767500000000000071e+00 1.046558851405622548e+00 9.147644088587938982e-03 2.490000000000000000e+02
1.768499999999999961e+00 1.064586948148148249e+00 9.265175696145898365e-03 2.700000000000000000e+02
1.769500000000000073e+00 1.051617817829457513e+00 9.694526368038554678e-03 2.580000000000000000e+02
1.770500000000000185e+00 1.049269232974910260e+00 8.892655946530903313e-03 2.790000000000000000e+02
1.771500000000000075e+00 1.047702624472573785e+00 9.802007305135309115e-03 2.370000000000000000e+02
1.772499999999999964e+00 1.055464337837837885e+00 9.901502054118717713e-03 2.220000000000000000e+02
1.773500000000000076e+00 1.049203631372549239e+00 9.218542135655746761e-03 2.550000000000000000e+02
1.774500000000000188e+00 1.053393718875502039e+00 9.632869085889696897e-03 2.490000000000000000e+02
1.775500000000000078e+00 1.050426333333333462e+00 9.984700931410879846e-03 2.520000000000000000e+02
1.776499999999999968e+00 1.062718744047618902e+00 1.157863522926530150e-02 1.680000000000000000e+02
1.777500000000000080e+00 1.041858645283018747e+00 8.606274489103806630e-03 2.650000000000000000e+02
1.778500000000000192e+00 1.047628528089887601e+00 9.517590317358682120e-03 2.670000000000000000e+02
1.779500000000000082e+00 1.053399740740740720e+00 9.811843363175669006e-03 2.160000000000000000e+02
1.780499999999999972e+00 1.064238654654654725e+00 8.434684456020703422e-03 3.330000000000000000e+02
1.781500000000000083e+00 1.063579038961038892e+00 1.039477079352172338e-02 2.310000000000000000e+02
1.782500000000000195e+00 1.061329409282700365e+00 9.602764570357621987e-03 2.370000000000000000e+02
1.783500000000000085e+00 1.071743107279693685e+00 9.021066260773735399e-03 2.610000000000000000e+02
1.784499999999999975e+00 1.073989797468354324e+00 9.482567189538765665e-03 2.370000000000000000e+02
1.785500000000000087e+00 1.038987602941176425e+00 1.163409125628130959e-02 2.040000000000000000e+02
1.786500000000000199e+00 1.044002260162601559e+00 1.024638826674621056e-02 2.460000000000000000e+02
1.787500000000000089e+00 1.062068850980391943e+00 9.701756750897200937e-03 2.550000000000000000e+02
1.788499999999999979e+00 1.043228606481481524e+00 1.025621682514017002e-02 2.160000000000000000e+02
1.789500000000000091e+00 1.067798258426966518e+00 9.948143268787063356e-03 2.670000000000000000e+02
1.790500000000000203e+00 1.069611915422885584e+00 1.062468883321417146e-02 2.010000000000000000e+02
1.791500000000000092e+00 1.075145497777777903e+00 1.013830936834239811e-02 2.250000000000000000e+02
1.792499999999999982e+00 1.046743089430894225e+00 8.894885637048278657e-03 2.460000000000000000e+02
1.793499999999999872e+00 1.051457856725146023e+00 8.478433014810788509e-03 3.420000000000000000e+02
1.794499999999999984e+00 1.068318509433962449e+00 1.259650254832482032e-02 1.590000000000000000e+02
1.795500000000000096e+00 1.057356336769759375e+00 8.745559611314139906e-03 2.910000000000000000e+02
1.796499999999999986e+00 1.056260575757575815e+00 9.294060448050480219e-03 2.310000000000000000e+02
1.797499999999999876e+00 1.064202232456140207e+00 1.140983004899125131e-02 2.280000000000000000e+02
1.798499999999999988e+00 1.061584113333333246e+00 8.928591190491002791e-03 3.000000000000000000e+02
1.799500000000000099e+00 1.054572041152263218e+00 9.939230148257616540e-03 2.430000000000000000e+02
1.800499999999999989e+00 1.067405519607843134e+00 1.166144173755376094e-02 2.040000000000000000e+02
1.801499999999999879e+00 1.084915979797979713e+00 1.072188405220494793e-02 1.980000000000000000e+02
1.802499999999999991e+00 1.063784181069958867e+00 9.524853385067963418e-03 2.430000000000000000e+02
1.803500000000000103e+00 1.063441509803921603e+00 9.649434291676682943e-03 2.550000000000000000e+02
1.804499999999999993e+00 1.057686837499999921e+00 9.639244395900322879e-03 2.400000000000000000e+02
1.805499999999999883e+00 1.054144974683544289e+00 1.003369284286543400e-02 2.370000000000000000e+02
1.806499999999999995e+00 1.085294375757575702e+00 1.231470989745250995e-02 1.650000000000000000e+02
1.807500000000000107e+00 1.067493160919540385e+00 9.441002950138697308e-03 2.610000000000000000e+02
1.808499999999999996e+00 1.055572019157087871e+00 9.459432606395491369e-03 2.610000000000000000e+02
1.809499999999999886e+00 1.056920837301587257e+00 9.597853979308679229e-03 2.520000000000000000e+02
1.810499999999999998e+00 1.071318711934156287e+00 9.850582801173084560e-03 2.430000000000000000e+02
1.811500000000000110e+00 1.095141245614035030e+00 1.066450578716727875e-02 2.280000000000000000e+02
1.812500000000000000e+00 1.076524721461187273e+00 1.022818076288836003e-02 2.190000000000000000e+02
1.813499999999999890e+00 1.070337065502183549e+00 1.050130540492104358e-02 2.290000000000000000e+02
1.814500000000000002e+00 1.048594787878788015e+00 1.005015224086718527e-02 2.310000000000000000e+02
1.815500000000000114e+00 1.056626359550561833e+00 9.431979439319776795e-03 2.670000000000000000e+02
1.816500000000000004e+00 1.055735759493670933e+00 1.004638016100501893e-02 2.370000000000000000e+02
1.817499999999999893e+00 1.075217462962962944e+00 1.154754763815516762e-02 2.160000000000000000e+02
1.818500000000000005e+00 1.081387133333333361e+00 1.134311968792654779e-02 1.950000000000000000e+02
1.819500000000000117e+00 1.066518375000000018e+00 1.131824224426585673e-02 2.160000000000000000e+02
1.820500000000000007e+00 1.073428317460317638e+00 1.167455831488528259e-02 1.890000000000000000e+02
1.821499999999999897e+00 1.055900226495726457e+00 9.424229154689545140e-03 2.340000000000000000e+02
1.822500000000000009e+00 1.069926407407407520e+00 1.058700123464835496e-02 2.430000000000000000e+02
1.823500000000000121e+00 1.095061200980392169e+00 1.067310588897936278e-02 2.040000000000000000e+02
1.824500000000000011e+00 1.072659922480620143e+00 1.001530474442972191e-02 2.580000000000000000e+02
1.825499999999999901e+00 1.064712528089887478e+00 9.733687451915136804e-03 2.670000000000000000e+02
1.826500000000000012e+00 1.069765096618357392e+00 1.041490194546290313e-02 2.070000000000000000e+02
1.827500000000000124e+00 1.062834246376811675e+00 1.049951297520893001e-02 2.070000000000000000e+02
1.828500000000000014e+00 1.060595584269663050e+00 9.577851340767027516e-03 2.670000000000000000e+02
1.829499999999999904e+00 1.071857645299145290e+00 9.752949087186111102e-03 2.340000000000000000e+02
1.830500000000000016e+00 1.045688119791666759e+00 1.110866485716287266e-02 1.920000000000000000e+02
1.831500000000000128e+00 1.063315945833333442e+00 1.006765558747782681e-02 2.400000000000000000e+02
1.832500000000000018e+00 1.065130222222222312e+00 1.007820665569124016e-02 2.250000000000000000e+02
1.833499999999999908e+00 1.080379919753086337e+00 1.158417957016945332e-02 1.620000000000000000e+02
1.834500000000000020e+00 1.048734486486486484e+00 1.026625770901331593e-02 2.220000000000000000e+02
1.835500000000000131e+00 1.113392500000000007e+00 1.379015692089138878e-02 1.380000000000000000e+02
1.836500000000000021e+00 1.060061147798742054e+00 8.997201984529641650e-03 3.180000000000000000e+02
1.837499999999999911e+00 1.068522128205128263e+00 1.099977302485010550e-02 2.340000000000000000e+02
1.838500000000000023e+00 1.067983240437158310e+00 1.217362628373720897e-02 1.830000000000000000e+02
1.839500000000000135e+00 1.067338545098039271e+00 9.837829054294276732e-03 2.550000000000000000e+02
1.840500000000000025e+00 1.068269765151515394e+00 8.996079546000568250e-03 2.640000000000000000e+02
1.841499999999999915e+00 1.052664856321839260e+00 1.013358369317884922e-02 1.740000000000000000e+02
1.842500000000000027e+00 1.069607009389671237e+00 1.094802545372721217e-02 2.130000000000000000e+02
1.843500000000000139e+00 1.061785421568627541e+00 1.090173924365510881e-02 2.040000000000000000e+02
1.844500000000000028e+00 1.061550323671497376e+00 1.074833555083513220e-02 2.070000000000000000e+02
1.845499999999999918e+00 1.064876133333333419e+00 1.051253283179344293e-02 2.400000000000000000e+02
1.846500000000000030e+00 1.094541458874458861e+00 1.005562010613673951e-02 2.310000000000000000e+02
1.847500000000000142e+00 1.068161088050314289e+00 1.212378844927690554e-02 1.590000000000000000e+02
1.848500000000000032e+00 1.079815749999999852e+00 1.193130393009296866e-02 1.680000000000000000e+02
1.849499999999999922e+00 1.038795250000000170e+00 9.052789532748822809e-03 2.520000000000000000e+02
1.850500000000000034e+00 1.071807818181818250e+00 1.088486750973293067e-02 1.870000000000000000e+02
1.851500000000000146e+00 1.081905686046511494e+00 9.980939278939017154e-03 2.580000000000000000e+02
1.852500000000000036e+00 1.074033576576576499e+00 1.119687942969068567e-02 2.220000000000000000e+02
1.853499999999999925e+00 1.081385666666666800e+00 1.077292972758293367e-02 2.100000000000000000e+02
1.854500000000000037e+00 1.072386595238095319e+00 1.047247017869992747e-02 2.100000000000000000e+02
1.855500000000000149e+00 1.061678951310861319e+00 9.081410509617672544e-03 2.670000000000000000e+02
1.856500000000000039e+00 1.056133431372549003e+00 1.254942485006054972e-02 1.530000000000000000e+02
1.857499999999999929e+00 1.074458680555555379e+00 1.046822317625551758e-02 2.160000000000000000e+02
1.858500000000000041e+00 1.071910707207207158e+00 1.071513363180417663e-02 2.220000000000000000e+02
1.859500000000000153e+00 1.070318557291666695e+00 1.090042908618567806e-02 1.920000000000000000e+02
1.860500000000000043e+00 1.043537272300469443e+00 1.117545820150771946e-02 2.130000000000000000e+02
1.861499999999999932e+00 1.064530348958333539e+00 1.038191535984492493e-02 1.920000000000000000e+02
1.862500000000000044e+00 1.068154650000000094e+00 1.090295467680716182e-02 1.800000000000000000e+02
1.863500000000000156e+00 1.071482250000000080e+00 1.275581248882459370e-02 1.680000000000000000e+02
1.864500000000000046e+00 1.071189555555555506e+00 1.024026478629356043e-02 2.250000000000000000e+02
1.865499999999999936e+00 1.071580869369369582e+00 9.806696551450758484e-03 2.220000000000000000e+02
1.866500000000000048e+00 1.067469679824561535e+00 9.634374351188385033e-03 2.280000000000000000e+02
1.867500000000000160e+00 1.067490655555555668e+00 1.183953750260123214e-02 1.800000000000000000e+02
1.868500000000000050e+00 1.064350735042735030e+00 1.001233874180903864e-02 2.340000000000000000e+02
1.869499999999999940e+00 1.064742139784946140e+00 1.183101005091895079e-02 1.860000000000000000e+02
1.870500000000000052e+00 1.066718273224043889e+00 1.037807712124902935e-02 1.830000000000000000e+02
1.871500000000000163e+00 1.060854862222222250e+00 9.766402455327099358e-03 2.250000000000000000e+02
1.872500000000000053e+00 1.076829853174603002e+00 9.402765903713448253e-03 2.520000000000000000e+02
1.873499999999999943e+00 1.064251265536723334e+00 1.141447395765226094e-02 1.770000000000000000e+02
1.874500000000000055e+00 1.072394639344262268e+00 1.071400014491656616e-02 1.830000000000000000e+02
1.875500000000000167e+00 1.072959182222222196e+00 9.861369462631568508e-03 2.250000000000000000e+02
1.876500000000000057e+00 1.073496673076923091e+00 1.234587456695251592e-02 1.560000000000000000e+02
1.877499999999999947e+00 1.058933202380952343e+00 1.108134721499788242e-02 1.680000000000000000e+02
1.878500000000000059e+00 1.075065226190476286e+00 1.144430283274960013e-02 1.680000000000000000e+02
1.879500000000000171e+00 1.066963369047619015e+00 1.011924530630903957e-02 2.520000000000000000e+02
1.880500000000000060e+00 1.066725674074074259e+00 1.394257512831129434e-02 1.350000000000000000e+02
1.881499999999999950e+00 1.078267544802867350e+00 8.916782415071286202e-03 2.790000000000000000e+02
1.882500000000000062e+00 1.058688728813559354e+00 1.122363393426516372e-02 1.770000000000000000e+02
1.883500000000000174e+00 1.056676843434343427e+00 1.040187903517408689e-02 1.980000000000000000e+02
1.884500000000000064e+00 1.062681672222222318e+00 1.207077281982796464e-02 1.800000000000000000e+02
1.885499999999999954e+00 1.052040813852813894e+00 1.002141663165228777e-02 2.310000000000000000e+02
1.886500000000000066e+00 1.079661766839378201e+00 1.234770156259454299e-02 1.930000000000000000e+02
1.887500000000000178e+00 1.072113684210526330e+00 9.689686949273541156e-03 2.280000000000000000e+02
1.888500000000000068e+00 1.044105993589743653e+00 1.192390248313944870e-02 1.560000000000000000e+02
1.889499999999999957e+00 1.085819639344262288e+00 1.129700135166621620e-02 1.830000000000000000e+02
1.890500000000000069e+00 1.095925338797814064e+00 1.179821649511448786e-02 1.830000000000000000e+02
1.891500000000000181e+00 1.065908939393939381e+00 1.127580331646535136e-02 1.650000000000000000e+02
1.892500000000000071e+00 1.071697587962963105e+00 9.993610534578881155e-03 2.160000000000000000e+02
1.893499999999999961e+00 1.072398815602836786e+00 1.409349310094136845e-02 1.410000000000000000e+02
1.894500000000000073e+00 1.066928700483091852e+00 1.021900505287372599e-02 2.070000000000000000e+02
1.895500000000000185e+00 1.047972333333333284e+00 1.040206417960011682e-02 2.070000000000000000e+02
1.896500000000000075e+00 1.086166735849056542e+00 1.140575143140979200e-02 1.590000000000000000e+02
1.897499999999999964e+00 1.088233742690058348e+00 1.134670134303497092e-02 1.710000000000000000e+02
1.898500000000000076e+00 1.057866300925925929e+00 1.020964335738314653e-02 2.160000000000000000e+02
1.899500000000000188e+00 1.068288961904761747e+00 1.005203096917627742e-02 2.100000000000000000e+02
1.900500000000000078e+00 1.077652981220657225e+00 1.012101369914364390e-02 2.130000000000000000e+02
1.901499999999999968e+00 1.084313471794871697e+00 1.155584469715331165e-02 1.950000000000000000e+02
1.902500000000000080e+00 1.073582448717948612e+00 1.260160620923499002e-02 1.560000000000000000e+02
1.903500000000000192e+00 1.088578268656716475e+00 1.086144638900048316e-02 2.010000000000000000e+02
1.904500000000000082e+00 1.047456738562091427e+00 1.288799008003683674e-02 1.530000000000000000e+02
1.905499999999999972e+00 1.051019931216931269e+00 9.890000338002760683e-03 1.890000000000000000e+02
1.906500000000000083e+00 1.090471833333333196e+00 1.298817942101912135e-02 1.320000000000000000e+02
1.907500000000000195e+00 1.072114666666666549e+00 9.927450744045699174e-03 2.370000000000000000e+02
1.908500000000000085e+00 1.053460544871794635e+00 1.214378794626017402e-02 1.560000000000000000e+02
1.909499999999999975e+00 1.080852249999999959e+00 1.299821545713884287e-02 1.200000000000000000e+02
1.910500000000000087e+00 1.074625867579908522e+00 1.082907755502119859e-02 2.190000000000000000e+02
1.911500000000000199e+00 1.054326460093896634e+00 9.161387562527921816e-03 2.130000000000000000e+02
1.912500000000000089e+00 1.061357423611110962e+00 1.321689853330954185e-02 1.440000000000000000e+02
1.913499999999999979e+00 1.084228194029850822e+00 1.065470969727564700e-02 2.010000000000000000e+02
1.914500000000000091e+00 1.058979983333333319e+00 1.187608308160445665e-02 1.800000000000000000e+02
1.915500000000000203e+00 1.059500612612612525e+00 9.832719821675566310e-03 2.220000000000000000e+02
1.916500000000000092e+00 1.061186151515151499e+00 1.416136144816717603e-02 1.320000000000000000e+02
1.917499999999999982e+00 1.073034826086956439e+00 1.011460635450871226e-02 2.070000000000000000e+02
1.918500000000000094e+00 1.058550203389830413e+00 1.146136156544370552e-02 1.770000000000000000e+02
1.919499999999999984e+00 1.056949796296296373e+00 1.601178832335198657e-02 1.080000000000000000e+02
1.920500000000000096e+00 1.071690015873016044e+00 1.141544829881221274e-02 1.890000000000000000e+02
1.921499999999999986e+00 1.085835461111110956e+00 1.127300466592807797e-02 1.800000000000000000e+02
1.922499999999999876e+00 1.072210620320855679e+00 1.133168272372973157e-02 1.870000000000000000e+02
1.923499999999999988e+00 1.058984700680272173e+00 1.165779197188770468e-02 1.470000000000000000e+02
1.924500000000000099e+00 1.039238260416666781e+00 1.620758629538717258e-02 9.600000000000000000e+01
1.925499999999999989e+00 1.076983105022831122e+00 1.073940349131089628e-02 2.190000000000000000e+02
1.926499999999999879e+00 1.069886366120218479e+00 1.217170248536069213e-02 1.830000000000000000e+02
1.927499999999999991e+00 1.061711152777777833e+00 1.103239230666593421e-02 2.160000000000000000e+02
1.928500000000000103e+00 1.087476645833333144e+00 1.364388728606020541e-02 1.440000000000000000e+02
1.929499999999999993e+00 1.066918222222222212e+00 9.812730269748609277e-03 2.340000000000000000e+02
1.930499999999999883e+00 1.037311398550724739e+00 1.288820878048204353e-02 1.380000000000000000e+02
1.931499999999999995e+00 1.064150821428571314e+00 1.013693299708290883e-02 1.680000000000000000e+02
1.932500000000000107e+00 1.061002898809523920e+00 1.158332177362571616e-02 1.680000000000000000e+02
1.933499999999999996e+00 1.074981651515151571e+00 1.381980112611583961e-02 1.320000000000000000e+02
1.934499999999999886e+00 1.068376886904761847e+00 1.115813652890663629e-02 1.680000000000000000e+02
1.935499999999999998e+00 1.068821065040650664e+00 1.416753180172505497e-02 1.230000000000000000e+02
1.936500000000000110e+00 1.065981361502347236e+00 1.132691816840743736e-02 2.130000000000000000e+02
1.937500000000000000e+00 1.075921836601307247e+00 1.294677826977054698e-02 1.530000000000000000e+02
1.938499999999999890e+00 1.072758201149425439e+00 1.169329534168089997e-02 1.740000000000000000e+02
1.939500000000000002e+00 1.030569686868686663e+00 1.396802322738534101e-02 9.900000000000000000e+01
1.940500000000000114e+00 1.047923775862068974e+00 1.046577919652876519e-02 1.740000000000000000e+02
1.941500000000000004e+00 1.082388912037037132e+00 1.009756270880950851e-02 2.160000000000000000e+02
1.942499999999999893e+00 1.061714455555555769e+00 1.101860258274587993e-02 1.800000000000000000e+02
1.943500000000000005e+00 1.039398006172839395e+00 1.163727374049878562e-02 1.620000000000000000e+02
1.944500000000000117e+00 1.063049591194968668e+00 1.104892545838673072e-02 1.590000000000000000e+02
1.945500000000000007e+00 1.053875144927536311e+00 1.272476704109500208e-02 1.380000000000000000e+02
1.946499999999999897e+00 1.054739451851851584e+00 1.254695737778209128e-02 1.350000000000000000e+02
1.947500000000000009e+00 1.057130790960451927e+00 1.169413597833126109e-02 1.770000000000000000e+02
1.948500000000000121e+00 1.064377017857142782e+00 1.139564653103601437e-02 1.680000000000000000e+02
1.949500000000000011e+00 1.038879900709219983e+00 1.246033606520638611e-02 1.410000000000000000e+02
1.950499999999999901e+00 1.072847226666666431e+00 1.247598071114970793e-02 1.500000000000000000e+02
1.951500000000000012e+00 1.063020880597014939e+00 1.070500665565836569e-02 2.010000000000000000e+02
1.952500000000000124e+00 1.058227568181818290e+00 1.267951205123041790e-02 1.320000000000000000e+02
1.953500000000000014e+00 1.026949787878788101e+00 1.451807526107310245e-02 9.900000000000000000e+01
1.954499999999999904e+00 1.062042683760684003e+00 1.420552298609681005e-02 1.170000000000000000e+02
1.955500000000000016e+00 1.064708960199004961e+00 1.123026689107689720e-02 2.010000000000000000e+02
1.956500000000000128e+00 1.049421995098039240e+00 1.013545694699617694e-02 2.040000000000000000e+02
1.957500000000000018e+00 1.037315069182390248e+00 1.330538294241908823e-02 1.590000000000000000e+02
1.958499999999999908e+00 1.036552147058823481e+00 1.208880243263068047e-02 1.360000000000000000e+02
1.959500000000000020e+00 1.062312241830065229e+00 1.251624652339861782e-02 1.530000000000000000e+02
1.960500000000000131e+00 1.036054680272108897e+00 1.244978752528529999e-02 1.470000000000000000e+02
1.961500000000000021e+00 1.034472766666666432e+00 1.199833002654530217e-02 1.500000000000000000e+02
1.962499999999999911e+00 1.043093248366013137e+00 1.213329347496217882e-02 1.530000000000000000e+02
1.963500000000000023e+00 1.063840070921985737e+00 1.414553918650200345e-02 1.410000000000000000e+02
1.964500000000000135e+00 1.056172231292517028e+00 1.166483573069845327e-02 1.470000000000000000e+02
1.965500000000000025e+00 1.039335096153846338e+00 1.366644881749180460e-02 1.560000000000000000e+02
1.966499999999999915e+00 1.034701236111111200e+00 1.444922260657444807e-02 1.440000000000000000e+02
1.967500000000000027e+00 1.059225815789473835e+00 1.256508512674870542e-02 1.140000000000000000e+02
1.968500000000000139e+00 1.047535054054054005e+00 1.387109349918745106e-02 1.110000000000000000e+02
1.969500000000000028e+00 1.047688340425531939e+00 1.329045620388094942e-02 1.410000000000000000e+02
1.970499999999999918e+00 1.048158076502732294e+00 1.110310262046354003e-02 1.830000000000000000e+02
1.971500000000000030e+00 1.057122666666666655e+00 1.338151993700835603e-02 1.740000000000000000e+02
1.972500000000000142e+00 1.055020101694915224e+00 1.141124600801268936e-02 1.770000000000000000e+02
1.973500000000000032e+00 1.068795289855072550e+00 1.261372759852033044e-02 1.380000000000000000e+02
1.974499999999999922e+00 1.034131322580644996e+00 1.488365341807007178e-02 9.300000000000000000e+01
1.975500000000000034e+00 1.054996910256410292e+00 1.164892511459420660e-02 1.560000000000000000e+02
1.976500000000000146e+00 1.061237385416666568e+00 1.056051202625840797e-02 1.920000000000000000e+02
1.977500000000000036e+00 1.050901523809523841e+00 1.613618474337604261e-02 1.050000000000000000e+02
1.978499999999999925e+00 1.034327289473684353e+00 1.347231104301461341e-02 1.140000000000000000e+02
1.979500000000000037e+00 1.057516496296296404e+00 1.229881103794749908e-02 1.350000000000000000e+02
1.980500000000000149e+00 1.035946801282051410e+00 1.119788406609047333e-02 1.560000000000000000e+02
1.981500000000000039e+00 1.040896958333333400e+00 1.460214001277255688e-02 9.600000000000000000e+01
1.982499999999999929e+00 1.044709111111111088e+00 1.461962295314062250e-02 9.000000000000000000e+01
1.983500000000000041e+00 1.035582408602150561e+00 1.094081953380219782e-02 1.860000000000000000e+02
1.984500000000000153e+00 1.055298814814814579e+00 1.322022087051687167e-02 1.350000000000000000e+02
1.985500000000000043e+00 1.051231389937106853e+00 1.139181595975075935e-02 1.590000000000000000e+02
1.986499999999999932e+00 1.009396147286821810e+00 1.319247635513155076e-02 1.290000000000000000e+02
1.987500000000000044e+00 1.049270477987421346e+00 1.234286813087580141e-02 1.590000000000000000e+02
1.988500000000000156e+00 1.055221348148148053e+00 1.242109827337725160e-02 1.350000000000000000e+02
1.989500000000000046e+00 1.032092475000000009e+00 1.394530834317654101e-02 1.200000000000000000e+02
1.990499999999999936e+00 1.038828992592592648e+00 1.255114823553398623e-02 1.350000000000000000e+02
1.991500000000000048e+00 1.037406512820512772e+00 1.219151663091294288e-02 1.560000000000000000e+02
1.992500000000000160e+00 1.038927238095238126e+00 1.329823201049138912e-02 1.050000000000000000e+02
1.993500000000000050e+00 1.025533982456140247e+00 1.397202362899100173e-02 1.140000000000000000e+02
1.994499999999999940e+00 1.035329344827586207e+00 1.652853571645674854e-02 8.700000000000000000e+01
1.995500000000000052e+00 1.051875492957746738e+00 1.278778354709769575e-02 1.420000000000000000e+02
1.996500000000000163e+00 1.035751553030302974e+00 1.111035152306837949e-02 1.320000000000000000e+02
1.997500000000000053e+00 1.036073355555555464e+00 1.231391587977345020e-02 1.350000000000000000e+02
1.998499999999999943e+00 1.038574947368421153e+00 1.369865827729761960e-02 1.140000000000000000e+02
1.999500000000000055e+00 1.023508745454545510e+00 1.270434593132476787e-02 1.650000000000000000e+02
2.000499999999999723e+00 1.023788051282051415e+00 1.417299890800801862e-02 1.170000000000000000e+02
2.001500000000000057e+00 1.027140680000000028e+00 1.294657869202336768e-02 1.500000000000000000e+02
2.002500000000000391e+00 1.018306587719298051e+00 1.464447633990765586e-02 1.140000000000000000e+02
2.003499999999999837e+00 1.036869503703703899e+00 1.395210171352042304e-02 1.350000000000000000e+02
2.004500000000000171e+00 1.026224511904762160e+00 1.547996224517417252e-02 8.400000000000000000e+01
2.005500000000000060e+00 1.034296948717948528e+00 1.300101798669900388e-02 1.560000000000000000e+02
2.006499999999999950e+00 1.032553875968992285e+00 1.298232414819787753e-02 1.290000000000000000e+02
2.007500000000000284e+00 1.016669763888888856e+00 1.617986581557622275e-02 7.200000000000000000e+01
2.008499999999999730e+00 1.001236689393939505e+00 1.425139177757260393e-02 1.320000000000000000e+02
2.009500000000000064e+00 1.043985442028985577e+00 1.261670110241215094e-02 1.380000000000000000e+02
2.010500000000000398e+00 1.039256787037037055e+00 1.388421786564693686e-02 1.080000000000000000e+02
2.011499999999999844e+00 1.035441885714285748e+00 1.330151319020290122e-02 1.050000000000000000e+02
2.012500000000000178e+00 1.025875492424242585e+00 1.243604644500567215e-02 1.320000000000000000e+02
2.013500000000000068e+00 9.990651351351350629e-01 1.306400924934891447e-02 1.110000000000000000e+02
2.014499999999999957e+00 1.020812240740740506e+00 1.646873759004011464e-02 1.080000000000000000e+02
2.015500000000000291e+00 1.020938833333333351e+00 1.215611692766567671e-02 1.380000000000000000e+02
2.016499999999999737e+00 1.051253628571428456e+00 1.621612729313147427e-02 1.050000000000000000e+02
2.017500000000000071e+00 1.002208961904761830e+00 1.503853244753104029e-02 1.050000000000000000e+02
2.018500000000000405e+00 1.021196981481481636e+00 1.485009443891696992e-02 1.080000000000000000e+02
2.019499999999999851e+00 1.046757803921568808e+00 1.269502625841835257e-02 1.530000000000000000e+02
2.020500000000000185e+00 9.981595877192983579e-01 1.285568014395352572e-02 1.140000000000000000e+02
2.021500000000000075e+00 1.024046838383838587e+00 1.461946283024798642e-02 9.900000000000000000e+01
2.022499999999999964e+00 1.024940044444444531e+00 1.471871381161216075e-02 9.000000000000000000e+01
2.023500000000000298e+00 1.050210266666666614e+00 1.394102301144180787e-02 1.350000000000000000e+02
2.024499999999999744e+00 9.941512962962962829e-01 1.466952714226263908e-02 1.080000000000000000e+02
2.025500000000000078e+00 1.016247313725490375e+00 1.502946613311185314e-02 1.020000000000000000e+02
2.026500000000000412e+00 1.032984344086021578e+00 1.592741090694927211e-02 9.300000000000000000e+01
2.027499999999999858e+00 1.027664846846847002e+00 1.403358904742030636e-02 1.110000000000000000e+02
2.028500000000000192e+00 1.038057070175438579e+00 1.350706897118960671e-02 1.140000000000000000e+02
2.029500000000000082e+00 1.024855515151514851e+00 1.294604308656421496e-02 1.320000000000000000e+02
2.030499999999999972e+00 1.008415730769230523e+00 1.758206771477018732e-02 7.800000000000000000e+01
2.031500000000000306e+00 1.041627253731343128e+00 1.675739876328599318e-02 6.700000000000000000e+01
2.032499999999999751e+00 1.034099356725146190e+00 1.151253369121857210e-02 1.710000000000000000e+02
2.033500000000000085e+00 1.028896299999999764e+00 1.636402887594605796e-02 9.000000000000000000e+01
2.034500000000000419e+00 1.010973333333333279e+00 1.426215484183345102e-02 1.080000000000000000e+02
2.035499999999999865e+00 1.018434862318840617e+00 1.202853488877706455e-02 1.380000000000000000e+02
2.036500000000000199e+00 1.038233924242424111e+00 1.585050132930673414e-02 6.600000000000000000e+01
2.037500000000000089e+00 1.020456761904761978e+00 1.641694024072840041e-02 8.400000000000000000e+01
2.038499999999999979e+00 1.028974880952380877e+00 1.333480147472630543e-02 1.260000000000000000e+02
2.039500000000000313e+00 9.933346250000000266e-01 1.451988077290873071e-02 9.600000000000000000e+01
2.040499999999999758e+00 1.039315617283950610e+00 1.534580049133730563e-02 8.100000000000000000e+01
2.041500000000000092e+00 1.000758655172413913e+00 1.575173083335326685e-02 8.700000000000000000e+01
2.042500000000000426e+00 1.030175422764227688e+00 1.348459325201167847e-02 1.230000000000000000e+02
2.043499999999999872e+00 1.021991589743589612e+00 1.654950757587089066e-02 7.800000000000000000e+01
2.044500000000000206e+00 1.015077849462365567e+00 1.509432749800726677e-02 9.300000000000000000e+01
2.045500000000000096e+00 1.007430466666666691e+00 1.360105844509983293e-02 1.200000000000000000e+02
2.046499999999999986e+00 1.033738840579710105e+00 1.736472672671616688e-02 6.900000000000000000e+01
2.047500000000000320e+00 1.020338936170212429e+00 1.110928722507712081e-02 1.410000000000000000e+02
2.048499999999999766e+00 1.011732723577235760e+00 1.410645976847818388e-02 1.230000000000000000e+02
2.049500000000000099e+00 1.005080421052631623e+00 1.783567015887706220e-02 5.700000000000000000e+01
2.050499999999999989e+00 1.014188133333333353e+00 1.681206785615024096e-02 9.000000000000000000e+01
2.051499999999999879e+00 1.025056615384615455e+00 1.535863393400461845e-02 7.800000000000000000e+01
2.052500000000000213e+00 1.017517291666666601e+00 1.663774994286669126e-02 7.200000000000000000e+01
2.053499999999999659e+00 9.998919250000000147e-01 1.418571481053658608e-02 1.200000000000000000e+02
2.054499999999999993e+00 1.002559602564102592e+00 1.828345661564839339e-02 7.800000000000000000e+01
2.055500000000000327e+00 1.041696977777777589e+00 1.430148018365372427e-02 9.000000000000000000e+01
2.056499999999999773e+00 1.021172964912280712e+00 1.325984175883430927e-02 1.140000000000000000e+02
2.057500000000000107e+00 1.000251166666666691e+00 1.892511357148252138e-02 6.600000000000000000e+01
2.058499999999999996e+00 1.032408180555555610e+00 1.590515302087655222e-02 7.200000000000000000e+01
2.059499999999999886e+00 1.019240472868216951e+00 1.284184575256754578e-02 1.290000000000000000e+02
2.060500000000000220e+00 9.911878333333332680e-01 1.785060813680824920e-02 6.600000000000000000e+01
2.061499999999999666e+00 1.019998565656565548e+00 1.428146915203834695e-02 9.900000000000000000e+01
2.062500000000000000e+00 1.015757194444444345e+00 1.499602021141312365e-02 1.080000000000000000e+02
2.063500000000000334e+00 1.032541142857142713e+00 1.617693595810895321e-02 6.300000000000000000e+01
2.064499999999999780e+00 1.019730277777777694e+00 1.547547320440708675e-02 7.200000000000000000e+01
2.065500000000000114e+00 1.014252600000000060e+00 1.522589763287099732e-02 6.000000000000000000e+01
2.066500000000000004e+00 9.906335972222222175e-01 1.333984349764753309e-02 7.200000000000000000e+01
2.067499999999999893e+00 1.006942596774193621e+00 1.503526662722197600e-02 1.240000000000000000e+02
2.068500000000000227e+00 1.036848045454545231e+00 1.720296164511713952e-02 6.600000000000000000e+01
2.069499999999999673e+00 1.035028686868686876e+00 1.512323404725188052e-02 9.900000000000000000e+01
2.070500000000000007e+00 1.002649613333333356e+00 1.717170989303080583e-02 7.500000000000000000e+01
2.071500000000000341e+00 9.850167857142858585e-01 1.584626089283294390e-02 8.400000000000000000e+01
2.072499999999999787e+00 1.008597906666666821e+00 1.798510824703927063e-02 7.500000000000000000e+01
2.073500000000000121e+00 1.008551374999999917e+00 1.587753507078344672e-02 9.600000000000000000e+01
2.074500000000000011e+00 9.874430158730159723e-01 1.753774725277590721e-02 6.300000000000000000e+01
2.075499999999999901e+00 1.001124268817204399e+00 1.535060091009059560e-02 9.300000000000000000e+01
2.076500000000000234e+00 9.857303580246914443e-01 1.424429604259786798e-02 8.100000000000000000e+01
2.077499999999999680e+00 1.004697393939394168e+00 2.027470098210319704e-02 6.600000000000000000e+01
2.078500000000000014e+00 9.813593968253967459e-01 1.839569305970062060e-02 6.300000000000000000e+01
2.079500000000000348e+00 1.022191078431372357e+00 1.967122465647136789e-02 5.100000000000000000e+01
2.080499999999999794e+00 9.911107536231883453e-01 2.061800123486486405e-02 6.900000000000000000e+01
2.081500000000000128e+00 9.995507481481480383e-01 1.128984908826463282e-02 1.350000000000000000e+02
2.082500000000000018e+00 9.866302028985507455e-01 1.727717698401290067e-02 6.900000000000000000e+01
2.083499999999999908e+00 1.028667138888889054e+00 1.722319547091607714e-02 7.200000000000000000e+01
2.084500000000000242e+00 9.751878133333333754e-01 1.790115539362071781e-02 7.500000000000000000e+01
2.085499999999999687e+00 1.020906833333333319e+00 2.306577184114928444e-02 4.800000000000000000e+01
2.086500000000000021e+00 9.832869292929292682e-01 1.344040243843623930e-02 9.900000000000000000e+01
2.087500000000000355e+00 1.015152140350877197e+00 2.103416988898828069e-02 5.700000000000000000e+01
2.088499999999999801e+00 1.003547217948718151e+00 1.568985322767265170e-02 7.800000000000000000e+01
2.089500000000000135e+00 1.001199560000000099e+00 1.652995112608373826e-02 7.500000000000000000e+01
2.090500000000000025e+00 9.632437619047620192e-01 1.680179495325304084e-02 6.300000000000000000e+01
2.091499999999999915e+00 9.994207564102566277e-01 1.649125945536920532e-02 7.800000000000000000e+01
2.092500000000000249e+00 1.007695921568627639e+00 2.109570112789627139e-02 5.100000000000000000e+01
2.093499999999999694e+00 1.007123420289855131e+00 1.591117925622429624e-02 6.900000000000000000e+01
2.094500000000000028e+00 1.024954293333333322e+00 1.738171633439251559e-02 7.500000000000000000e+01
2.095500000000000362e+00 9.888624414414414199e-01 1.410158348192050611e-02 1.110000000000000000e+02
2.096499999999999808e+00 9.536341282051282731e-01 1.835168379659704932e-02 3.900000000000000000e+01
2.097500000000000142e+00 9.829343690476191053e-01 1.746678483103985408e-02 8.400000000000000000e+01
2.098500000000000032e+00 9.824880606060606425e-01 1.721141475981688082e-02 6.600000000000000000e+01
2.099499999999999922e+00 9.974705370370371416e-01 1.906699450513684932e-02 5.400000000000000000e+01
2.100500000000000256e+00 9.933889500000000483e-01 1.685683180720835492e-02 6.000000000000000000e+01
2.101499999999999702e+00 9.979733809523808619e-01 1.691260079614981607e-02 6.300000000000000000e+01
2.102500000000000036e+00 9.987147999999997916e-01 1.546566449007735072e-02 7.500000000000000000e+01
2.103500000000000369e+00 1.006344538461538596e+00 1.608610375470777287e-02 7.800000000000000000e+01
2.104499999999999815e+00 9.865704423076924190e-01 2.112268688738946909e-02 5.200000000000000000e+01
2.105500000000000149e+00 9.854183466666668334e-01 1.458539133923859692e-02 7.500000000000000000e+01
2.106500000000000039e+00 9.835991458333334103e-01 1.892610560553424637e-02 4.800000000000000000e+01
2.107499999999999929e+00 9.706067066666668186e-01 1.678308432922030399e-02 7.500000000000000000e+01
2.108500000000000263e+00 9.643318333333332770e-01 1.835753696668332782e-02 6.000000000000000000e+01
2.109499999999999709e+00 9.867274946236558320e-01 1.644065647171090438e-02 9.300000000000000000e+01
2.110500000000000043e+00 1.011714235294117525e+00 2.214303873661972732e-02 5.100000000000000000e+01
2.111500000000000377e+00 9.696608541666668080e-01 2.316717384448508180e-02 4.800000000000000000e+01
2.112499999999999822e+00 9.840949600000000741e-01 1.423736487359730275e-02 7.500000000000000000e+01
2.113500000000000156e+00 9.631280833333333291e-01 2.135727990198913601e-02 4.800000000000000000e+01
2.114500000000000046e+00 9.850273888888888552e-01 2.089687889205853882e-02 5.400000000000000000e+01
2.115499999999999936e+00 1.001189907407407542e+00 1.794272139249620743e-02 5.400000000000000000e+01
2.116500000000000270e+00 9.920467166666667724e-01 1.659422436194677927e-02 6.000000000000000000e+01
2.117499999999999716e+00 9.839157070707070796e-01 1.292413083619190460e-02 9.900000000000000000e+01
2.118500000000000050e+00 9.995605128205130585e-01 2.678327121007397296e-02 3.900000000000000000e+01
2.119500000000000384e+00 9.615724126984129816e-01 1.636525218471898344e-02 6.300000000000000000e+01
2.120499999999999829e+00 9.895554999999999213e-01 1.825955059008153511e-02 5.400000000000000000e+01
2.121500000000000163e+00 9.501859583333334136e-01 2.254254653553366267e-02 4.800000000000000000e+01
2.122500000000000053e+00 1.001416755555555538e+00 1.361196397030629140e-02 9.000000000000000000e+01
2.123499999999999943e+00 9.930235882352942411e-01 2.184808522122393820e-02 5.100000000000000000e+01
2.124500000000000277e+00 9.639032982456141596e-01 1.645149573406086072e-02 5.700000000000000000e+01
2.125499999999999723e+00 9.691623137254901099e-01 1.726242983340774140e-02 5.100000000000000000e+01
2.126500000000000057e+00 9.800704102564102849e-01 2.821294447455007307e-02 3.900000000000000000e+01
2.127500000000000391e+00 1.005352649122807085e+00 1.984624749813425001e-02 5.700000000000000000e+01
2.128499999999999837e+00 9.413865238095239230e-01 2.268441528866596557e-02 4.200000000000000000e+01
2.129500000000000171e+00 9.723636944444444818e-01 1.756685440640339338e-02 7.200000000000000000e+01
2.130500000000000060e+00 9.836280869565218188e-01 1.670410007764503574e-02 6.900000000000000000e+01
2.131499999999999950e+00 9.726059999999999706e-01 1.665223208886264933e-02 6.900000000000000000e+01
2.132500000000000284e+00 9.285848703703704077e-01 1.912319298232660614e-02 5.400000000000000000e+01
2.133499999999999730e+00 9.716790784313724672e-01 1.781812537266351873e-02 5.100000000000000000e+01
2.134500000000000064e+00 9.771260444444445081e-01 2.176893112372888309e-02 4.500000000000000000e+01
2.135500000000000398e+00 1.009735017543859747e+00 1.760467907994424375e-02 5.700000000000000000e+01
2.136499999999999844e+00 9.314628000000000352e-01 1.455211930622862283e-02 6.000000000000000000e+01
2.137500000000000178e+00 9.811727083333332544e-01 2.314735792742561235e-02 4.800000000000000000e+01
2.138500000000000068e+00 9.601568541666667400e-01 1.960802775490302560e-02 4.800000000000000000e+01
2.139499999999999957e+00 9.721822051282049681e-01 1.958134440834691237e-02 3.900000000000000000e+01
2.140500000000000291e+00 9.785907636363635476e-01 1.950755942118386280e-02 5.500000000000000000e+01
2.141499999999999737e+00 9.813714561403510395e-01 1.875180001702476604e-02 5.700000000000000000e+01
2.142500000000000071e+00 9.630283571428573941e-01 2.293527567673798659e-02 4.200000000000000000e+01
2.143500000000000405e+00 9.758316956521736474e-01 1.830726899214308798e-02 6.900000000000000000e+01
2.144499999999999851e+00 9.759972698412701098e-01 2.159091228696967749e-02 6.300000000000000000e+01
2.145500000000000185e+00 9.846395294117646912e-01 2.085445181946705626e-02 5.100000000000000000e+01
2.146500000000000075e+00 9.819729649122806991e-01 1.636001735285425029e-02 5.700000000000000000e+01
2.147499999999999964e+00 9.416664166666666169e-01 2.366188264076544631e-02 3.600000000000000000e+01
2.148500000000000298e+00 9.534296111111112415e-01 2.501487803485864803e-02 3.600000000000000000e+01
2.149499999999999744e+00 9.673273333333332058e-01 2.512558337207917644e-02 3.600000000000000000e+01
2.150500000000000078e+00 9.738891153846152005e-01 1.551685385043988230e-02 7.800000000000000000e+01
2.151500000000000412e+00 9.186937083333334142e-01 3.111023047174931583e-02 2.400000000000000000e+01
2.152499999999999858e+00 9.821790476190476182e-01 2.085293743376864101e-02 4.200000000000000000e+01
2.153500000000000192e+00 9.570748840579712535e-01 1.556545347905912043e-02 6.900000000000000000e+01
2.154500000000000082e+00 9.671062500000000561e-01 2.090170589782740923e-02 4.800000000000000000e+01
2.155499999999999972e+00 9.726648627450980023e-01 1.830011008808673026e-02 5.100000000000000000e+01
2.156500000000000306e+00 9.756521333333334489e-01 1.717562702569715855e-02 4.500000000000000000e+01
2.157499999999999751e+00 9.613157368421052507e-01 1.563744418250970908e-02 5.700000000000000000e+01
2.158500000000000085e+00 1.009873228070175433e+00 1.801522588504607045e-02 5.700000000000000000e+01
2.159500000000000419e+00 9.611518974358974621e-01 2.548260112554995294e-02 3.900000000000000000e+01
2.160499999999999865e+00 9.763710000000000999e-01 2.857072124928849641e-02 3.300000000000000000e+01
2.161500000000000199e+00 9.928452727272727429e-01 2.497555552781288712e-02 3.300000000000000000e+01
2.162500000000000089e+00 9.732257857142856405e-01 2.257990883845129026e-02 4.200000000000000000e+01
2.163499999999999979e+00 9.694997435897436677e-01 2.254337957657995620e-02 3.900000000000000000e+01
2.164500000000000313e+00 9.470647777777778664e-01 2.116786437346056607e-02 4.500000000000000000e+01
2.165499999999999758e+00 9.661517719298244877e-01 1.662649759987375186e-02 5.700000000000000000e+01
2.166500000000000092e+00 9.767851960784312837e-01 1.857142063456368106e-02 5.100000000000000000e+01
2.167500000000000426e+00 9.565198095238095499e-01 1.868263086923347208e-02 6.300000000000000000e+01
2.168499999999999872e+00 9.401585897435896788e-01 2.315011790151121768e-02 3.900000000000000000e+01
2.169500000000000206e+00 9.672143611111112538e-01 2.679541673034072091e-02 3.600000000000000000e+01
2.170500000000000096e+00 9.457013611111112494e-01 2.061271749092195502e-02 3.600000000000000000e+01
2.171499999999999986e+00 9.833991960784312925e-01 1.835192468363307239e-02 5.100000000000000000e+01
2.172500000000000320e+00 9.506677435897435968e-01 2.701091467147369654e-02 3.900000000000000000e+01
2.173499999999999766e+00 9.544533589743591229e-01 2.319358796180137974e-02 3.900000000000000000e+01
2.174500000000000099e+00 9.612364999999998272e-01 2.569501447895154375e-02 1.800000000000000000e+01
2.175500000000000433e+00 9.848906842105262793e-01 2.000474419856384037e-02 5.700000000000000000e+01
2.176499999999999879e+00 9.872998648648647624e-01 2.030921082291216664e-02 3.700000000000000000e+01
2.177500000000000213e+00 9.787361960784315418e-01 1.954181069933497508e-02 5.100000000000000000e+01
2.178499999999999659e+00 9.342194074074073873e-01 2.628580131480534599e-02 2.700000000000000000e+01
2.179499999999999993e+00 9.582010909090908912e-01 1.631178416921611612e-02 6.600000000000000000e+01
2.180500000000000327e+00 9.572547380952380891e-01 1.808032738049562133e-02 4.200000000000000000e+01
2.181499999999999773e+00 9.632600952380953041e-01 2.212717198897644691e-02 4.200000000000000000e+01
2.182500000000000107e+00 1.007871944444444390e+00 2.134289098200506385e-02 3.600000000000000000e+01
2.183499999999999996e+00 9.191516111111110998e-01 3.663699813308293751e-02 1.800000000000000000e+01
2.184499999999999886e+00 9.493602037037037755e-01 1.890280630782732729e-02 5.400000000000000000e+01
2.185500000000000220e+00 9.377901481481482060e-01 2.570895879518439800e-02 2.700000000000000000e+01
2.186499999999999666e+00 9.513905000000000278e-01 2.117931565514133765e-02 3.000000000000000000e+01
2.187500000000000000e+00 9.462701666666667455e-01 2.182469303813771785e-02 2.400000000000000000e+01
2.188500000000000334e+00 9.523188888888888259e-01 1.826844777445028184e-02 5.400000000000000000e+01
2.189499999999999780e+00 9.451563148148148796e-01 1.868658953102638950e-02 5.400000000000000000e+01
2.190500000000000114e+00 9.295362727272726833e-01 2.296331401970460109e-02 3.300000000000000000e+01
2.191500000000000004e+00 9.936633095238095459e-01 2.209961208228684859e-02 4.200000000000000000e+01
2.192499999999999893e+00 9.644152051282052218e-01 2.429838834761968713e-02 3.900000000000000000e+01
2.193500000000000227e+00 9.410837254901960325e-01 2.155137353646622775e-02 5.100000000000000000e+01
2.194499999999999673e+00 9.576822500000000682e-01 2.659029529232027553e-02 2.400000000000000000e+01
2.195500000000000007e+00 9.535962424242424573e-01 2.431187908033280790e-02 3.300000000000000000e+01
2.196500000000000341e+00 9.429090833333333421e-01 2.450751291891351685e-02 2.400000000000000000e+01
2.197499999999999787e+00 9.496027333333335596e-01 2.096078309471853529e-02 4.500000000000000000e+01
2.198500000000000121e+00 9.415069999999999828e-01 1.939251870323374649e-02 2.700000000000000000e+01
2.199500000000000011e+00 9.345985925925925919e-01 2.859155111014316866e-02 2.700000000000000000e+01
2.200499999999999901e+00 9.494076333333333340e-01 2.187634533985732474e-02 3.000000000000000000e+01
2.201500000000000234e+00 9.289347254901960671e-01 2.175708921697375522e-02 5.100000000000000000e+01
2.202499999999999680e+00 9.423052820512821670e-01 2.133826462101283405e-02 3.900000000000000000e+01
2.203500000000000014e+00 9.336931388888888295e-01 2.076482644598766011e-02 3.600000000000000000e+01
2.204500000000000348e+00 9.906057499999998406e-01 2.132876870628007404e-02 3.600000000000000000e+01
2.205499999999999794e+00 9.286706153846151501e-01 2.056073040376540234e-02 3.900000000000000000e+01
2.206500000000000128e+00 9.370887575757576027e-01 2.294496009021859337e-02 3.300000000000000000e+01
2.207500000000000018e+00 9.256243000000000665e-01 2.452267750720104472e-02 3.000000000000000000e+01
2.208499999999999908e+00 9.667217333333333329e-01 2.402209418311350084e-02 3.000000000000000000e+01
2.209500000000000242e+00 9.564596666666667080e-01 3.023615324991739406e-02 3.000000000000000000e+01
2.210499999999999687e+00 9.196554166666666141e-01 2.556547386683708303e-02 2.400000000000000000e+01
2.211500000000000021e+00 9.855583846153848082e-01 2.235405047292413072e-02 3.900000000000000000e+01
2.212500000000000355e+00 9.380323199999999195e-01 2.209678326708210822e-02 2.500000000000000000e+01
2.213499999999999801e+00 9.540766999999999998e-01 2.922404900672511546e-02 3.000000000000000000e+01
2.214500000000000135e+00 9.463418888888888159e-01 2.434838280988678438e-02 2.700000000000000000e+01
2.215500000000000025e+00 9.577599999999999447e-01 1.753910149658331058e-02 5.100000000000000000e+01
2.216499999999999915e+00 9.595465128205128424e-01 2.133252006920890315e-02 3.900000000000000000e+01
2.217500000000000249e+00 9.255445714285714942e-01 2.746403707002438230e-02 2.100000000000000000e+01
2.218499999999999694e+00 9.330704722222223912e-01 2.433900311986966769e-02 3.600000000000000000e+01
2.219500000000000028e+00 9.015157333333334577e-01 2.557922156661280103e-02 3.000000000000000000e+01
2.220500000000000362e+00 9.165485833333333332e-01 2.533936183502299641e-02 2.400000000000000000e+01
2.221499999999999808e+00 9.643497916666667891e-01 3.133521724023432403e-02 2.400000000000000000e+01
2.222500000000000142e+00 9.261885000000000812e-01 2.748432488218166547e-02 3.000000000000000000e+01
2.223500000000000032e+00 9.636282380952378990e-01 4.039794420812033854e-02 2.100000000000000000e+01
2.224499999999999922e+00 9.916495454545454225e-01 2.614934675393190688e-02 3.300000000000000000e+01
2.225500000000000256e+00 9.496550555555555162e-01 2.166588729477177469e-02 3.600000000000000000e+01
2.226499999999999702e+00 9.487757777777779955e-01 2.465053787670030278e-02 2.700000000000000000e+01
2.227500000000000036e+00 9.649633703703704990e-01 2.457667060643667009e-02 2.700000000000000000e+01
2.228500000000000369e+00 9.626231333333334916e-01 1.717729045602672810e-02 4.500000000000000000e+01
2.229499999999999815e+00 9.553452592592591719e-01 2.543866770937305150e-02 2.700000000000000000e+01
2.230500000000000149e+00 9.212137500000000534e-01 3.626219685809925486e-02 2.400000000000000000e+01
2.231500000000000039e+00 9.208920740740739186e-01 2.052390297056308488e-02 2.700000000000000000e+01
2.232499999999999929e+00 9.404942916666666486e-01 2.778151955342595195e-02 2.400000000000000000e+01
2.233500000000000263e+00 9.205689999999999706e-01 2.860544714678021558e-02 2.700000000000000000e+01
2.234499999999999709e+00 9.861301818181817946e-01 1.748712086991574197e-02 3.300000000000000000e+01
2.235500000000000043e+00 9.756567500000000726e-01 4.000814317795001879e-02 1.200000000000000000e+01
2.236500000000000377e+00 9.616605000000001402e-01 3.219769290306843251e-02 1.200000000000000000e+01
2.237499999999999822e+00 9.568162444444444636e-01 1.716366893867744131e-02 4.500000000000000000e+01
2.238500000000000156e+00 9.339694333333333764e-01 2.543092438688939264e-02 3.000000000000000000e+01
2.239500000000000046e+00 9.970136250000000144e-01 2.990591247701120114e-02 2.400000000000000000e+01
2.240499999999999936e+00 9.575328571428569635e-01 3.248092614958344310e-02 2.100000000000000000e+01
2.241500000000000270e+00 9.449516274509804914e-01 1.557731399452071119e-02 5.100000000000000000e+01
2.242499999999999716e+00 9.272707222222221768e-01 2.681498469174161889e-02 1.800000000000000000e+01
2.243500000000000050e+00 9.530842222222221105e-01 3.390826685786645089e-02 1.800000000000000000e+01
2.244500000000000384e+00 9.531238518518519998e-01 2.255842466500436461e-02 2.700000000000000000e+01
2.245499999999999829e+00 9.429039583333332919e-01 2.935332623341866537e-02 2.400000000000000000e+01
2.246500000000000163e+00 9.425202083333332759e-01 2.553801123602283604e-02 2.400000000000000000e+01
2.247500000000000053e+00 9.454127500000001350e-01 2.876617007563008269e-02 1.200000000000000000e+01
2.248499999999999943e+00 9.756136190476192294e-01 3.573762649242100825e-02 2.100000000000000000e+01
2.249500000000000277e+00 9.445283199999999768e-01 2.826567778058282701e-02 2.500000000000000000e+01
2.250499999999999723e+00 9.730502962962961355e-01 2.570548862399492721e-02 2.700000000000000000e+01
2.251500000000000057e+00 9.262096153846153257e-01 2.133867112324063647e-02 3.900000000000000000e+01
2.252500000000000391e+00 9.376405555555555882e-01 2.979461605904710694e-02 1.800000000000000000e+01
2.253499999999999837e+00 9.175078888888890116e-01 2.264194585292191031e-02 2.700000000000000000e+01
2.254500000000000171e+00 9.875492083333333726e-01 3.119943167646980348e-02 2.400000000000000000e+01
2.255500000000000060e+00 9.520937777777778166e-01 2.878302924831772219e-02 1.800000000000000000e+01
2.256499999999999950e+00 9.802445333333332789e-01 2.668108463268310804e-02 3.000000000000000000e+01
2.257500000000000284e+00 9.483166250000000241e-01 2.861857421312380065e-02 2.400000000000000000e+01
2.258499999999999730e+00 9.783630666666667253e-01 3.157223773529473088e-02 1.500000000000000000e+01
2.259500000000000064e+00 1.010099666666666618e+00 4.085741483908806454e-02 9.000000000000000000e+00
2.260500000000000398e+00 9.354450952380953810e-01 2.464201679283970631e-02 2.100000000000000000e+01
2.261499999999999844e+00 1.008822666666666645e+00 2.695343101615235368e-02 1.800000000000000000e+01
2.262500000000000178e+00 9.622267916666666920e-01 2.968075066960940145e-02 2.400000000000000000e+01
2.263500000000000068e+00 9.274349393939393948e-01 2.365089636554658370e-02 3.300000000000000000e+01
2.264499999999999957e+00 9.170287407407406999e-01 2.653298913971620376e-02 2.700000000000000000e+01
2.265500000000000291e+00 9.252490476190475821e-01 1.856048198528468043e-02 2.100000000000000000e+01
2.266499999999999737e+00 9.245484444444443950e-01 2.587754420218605494e-02 1.800000000000000000e+01
2.267500000000000071e+00 9.450749999999999984e-01 1.849647559405616024e-02 3.300000000000000000e+01
2.268500000000000405e+00 9.984938000000000979e-01 3.408314744299523191e-02 1.500000000000000000e+01
2.269499999999999851e+00 9.120578571428569203e-01 3.218677619608088097e-02 2.100000000000000000e+01
2.270500000000000185e+00 9.104975999999999070e-01 3.155325279885690809e-02 1.500000000000000000e+01
2.271500000000000075e+00 9.686561666666665404e-01 5.375465266527301028e-02 1.200000000000000000e+01
2.272499999999999964e+00 8.912898333333333367e-01 3.255990884550781506e-02 6.000000000000000000e+00
2.273500000000000298e+00 8.864758571428571488e-01 2.207904963871813384e-02 2.100000000000000000e+01
2.274499999999999744e+00 9.543340666666666472e-01 3.021413515174086253e-02 3.000000000000000000e+01
2.275500000000000078e+00 9.857450000000000934e-01 2.867282486487904639e-02 1.800000000000000000e+01
2.276500000000000412e+00 9.421020370370372099e-01 2.011612083692053063e-02 2.700000000000000000e+01
2.277499999999999858e+00 9.487403333333332967e-01 2.031884387483602616e-02 3.000000000000000000e+01
2.278500000000000192e+00 9.413545833333332169e-01 4.074583458752829151e-02 1.200000000000000000e+01
2.279500000000000082e+00 9.475470666666666597e-01 2.577659834775442027e-02 3.000000000000000000e+01
2.280499999999999972e+00 9.385572777777778652e-01 2.883726500019618069e-02 1.800000000000000000e+01
2.281500000000000306e+00 9.943061666666666021e-01 3.513547444984422424e-02 1.200000000000000000e+01
2.282499999999999751e+00 9.958461666666665879e-01 4.156269484945591952e-02 1.200000000000000000e+01
2.283500000000000085e+00 9.235598333333333576e-01 3.892972066893250760e-02 6.000000000000000000e+00
2.284500000000000419e+00 9.183431333333333946e-01 3.994325944969184111e-02 1.500000000000000000e+01
2.285499999999999865e+00 9.504434615384614871e-01 4.692915576786793608e-02 1.300000000000000000e+01
2.286500000000000199e+00 9.340386296296294688e-01 3.434702389709065606e-02 2.700000000000000000e+01
2.287500000000000089e+00 9.554612333333332153e-01 2.157716268686325420e-02 3.000000000000000000e+01
2.288499999999999979e+00 1.073168499999999970e+00 7.468389333528795138e-02 6.000000000000000000e+00
2.289500000000000313e+00 9.238129999999999953e-01 1.979630762006535580e-02 3.300000000000000000e+01
2.290499999999999758e+00 9.773825000000000429e-01 2.112959227780051782e-02 2.400000000000000000e+01
2.291500000000000092e+00 9.398179999999999312e-01 2.873463479897218550e-02 1.200000000000000000e+01
2.292500000000000426e+00 9.538931666666666809e-01 2.237732762216395471e-02 2.400000000000000000e+01
2.293499999999999872e+00 8.378059999999999397e-01 3.577477420939695341e-02 6.000000000000000000e+00
2.294500000000000206e+00 9.146582222222221503e-01 4.486141217336198778e-02 9.000000000000000000e+00
2.295500000000000096e+00 9.300654999999999895e-01 5.065786739276865319e-02 6.000000000000000000e+00
2.296499999999999986e+00 1.006946333333333277e+00 6.126029211578337685e-02 3.000000000000000000e+00
2.297500000000000320e+00 9.094502083333333431e-01 2.766418360548338062e-02 2.400000000000000000e+01
2.298499999999999766e+00 9.317075333333332265e-01 3.666134769349720102e-02 1.500000000000000000e+01
2.299500000000000099e+00 9.414032333333332003e-01 2.594190945225807385e-02 3.000000000000000000e+01
2.300500000000000433e+00 9.484830952380953750e-01 3.052512407150049720e-02 2.100000000000000000e+01
2.301499999999999879e+00 9.385943999999999399e-01 2.809097349375181199e-02 1.500000000000000000e+01
2.302500000000000213e+00 9.194354583333333997e-01 2.898731540785162708e-02 2.400000000000000000e+01
2.303500000000000103e+00 9.656614999999999505e-01 3.046369587902092793e-02 1.800000000000000000e+01
2.304499999999999993e+00 8.657525000000000359e-01 2.575049748224940427e-02 6.000000000000000000e+00
2.305500000000000327e+00 9.007779999999999676e-01 4.326644596594236142e-02 1.500000000000000000e+01
2.306499999999999773e+00 9.237753333333333927e-01 5.839715306226648389e-02 3.000000000000000000e+00
2.307500000000000107e+00 8.858006666666664586e-01 1.940604622523505254e-02 1.200000000000000000e+01
2.309499999999999886e+00 9.499785555555555483e-01 6.741148673509893274e-02 9.000000000000000000e+00
2.310500000000000220e+00 9.315456296296296124e-01 2.556435868582500326e-02 2.700000000000000000e+01
2.311499999999999666e+00 8.819416190476190298e-01 2.484245811580651497e-02 2.100000000000000000e+01
2.312500000000000000e+00 9.251375185185184424e-01 3.106293598139961420e-02 2.700000000000000000e+01
2.313500000000000334e+00 8.918823333333334435e-01 3.601432421844273646e-02 1.500000000000000000e+01
2.314499999999999780e+00 9.666052222222221157e-01 3.691067853559291262e-02 1.800000000000000000e+01
2.315500000000000114e+00 9.440023333333334987e-01 3.500340192781555698e-02 1.200000000000000000e+01
2.316500000000000004e+00 9.145627500000000909e-01 3.791486933551488359e-02 1.200000000000000000e+01
2.317499999999999893e+00 8.577048333333331387e-01 6.223748260516147324e-02 6.000000000000000000e+00
2.318500000000000227e+00 9.777716666666665946e-01 8.055339042923301274e-02 6.000000000000000000e+00
2.320500000000000007e+00 8.968922222222224239e-01 5.357400307590576977e-02 9.000000000000000000e+00
2.321500000000000341e+00 8.618281428571429315e-01 3.242423114587854316e-02 7.000000000000000000e+00
2.322499999999999787e+00 9.585701666666665011e-01 2.690324149555230540e-02 3.000000000000000000e+01
2.323500000000000121e+00 9.742230833333332951e-01 6.417568100481042814e-02 1.200000000000000000e+01
2.324500000000000011e+00 9.955515555555555229e-01 2.316677359479093340e-02 1.800000000000000000e+01
2.325499999999999901e+00 9.480999629629629499e-01 2.480536882783911448e-02 2.700000000000000000e+01
2.326500000000000234e+00 9.590250000000000163e-01 2.996064515247261195e-02 1.500000000000000000e+01
2.327499999999999680e+00 8.437398333333332445e-01 2.912287822705334622e-02 6.000000000000000000e+00
2.328500000000000014e+00 9.124563333333334247e-01 3.787701585365164936e-02 6.000000000000000000e+00
2.329500000000000348e+00 9.478081666666667848e-01 4.341101989235504610e-02 6.000000000000000000e+00
2.330499999999999794e+00 1.025716333333333230e+00 3.340361686462844232e-02 9.000000000000000000e+00
2.333499999999999908e+00 9.321872222222222781e-01 3.054645349289875425e-02 9.000000000000000000e+00
2.334500000000000242e+00 9.668978749999999067e-01 2.909728228371567457e-02 2.400000000000000000e+01
2.335499999999999687e+00 9.678305555555556383e-01 5.380921138367927153e-02 1.800000000000000000e+01
2.336500000000000021e+00 9.839529999999999665e-01 2.097943971288715459e-02 2.100000000000000000e+01
2.337500000000000355e+00 9.284972857142858027e-01 2.768751738747323235e-02 2.100000000000000000e+01
2.338499999999999801e+00 9.226971666666665683e-01 3.335617322117617051e-02 6.000000000000000000e+00
2.339500000000000135e+00 9.386635833333332180e-01 3.417710712163793407e-02 1.200000000000000000e+01
2.341499999999999915e+00 9.504417777777778298e-01 4.444627052745126622e-02 9.000000000000000000e+00
2.343499999999999694e+00 9.575751666666666440e-01 5.121301594804240215e-02 6.000000000000000000e+00
2.345500000000000362e+00 9.695453333333333701e-01 6.396265006583488899e-02 3.000000000000000000e+00
2.346499999999999808e+00 9.260892380952382430e-01 2.420210371571474006e-02 2.100000000000000000e+01
2.347500000000000142e+00 9.426313809523808596e-01 2.628545260971371436e-02 2.100000000000000000e+01
2.348500000000000032e+00 9.257088095238095171e-01 3.304023358765426771e-02 2.100000000000000000e+01
2.349499999999999922e+00 9.309679166666665617e-01 3.699790147989526212e-02 1.200000000000000000e+01
2.350500000000000256e+00 9.670225833333333521e-01 3.273991735714065071e-02 1.200000000000000000e+01
2.352500000000000036e+00 1.014414555555555486e+00 6.097754054502161486e-02 9.000000000000000000e+00
2.354499999999999815e+00 9.281945000000000334e-01 7.721075212419144240e-02 6.000000000000000000e+00
2.356500000000000039e+00 1.067560666666666824e+00 6.825959654469432314e-02 3.000000000000000000e+00
2.357499999999999929e+00 9.870609999999999662e-01 0.000000000000000000e+00 1.000000000000000000e+00
2.358500000000000263e+00 9.938633888888889212e-01 3.102208572558612029e-02 1.800000000000000000e+01
2.359499999999999709e+00 9.356382777777779713e-01 3.109164280666157007e-02 1.800000000000000000e+01
2.360500000000000043e+00 9.673553750000000173e-01 3.077001768784331376e-02 2.400000000000000000e+01
2.361500000000000377e+00 9.459266666666664714e-01 2.872090180759325970e-02 1.200000000000000000e+01
2.362499999999999822e+00 9.645466666666666633e-01 3.534192714200953128e-02 3.000000000000000000e+00
2.363500000000000156e+00 1.035629666666666671e+00 3.338376821317675519e-02 6.000000000000000000e+00
2.364500000000000046e+00 9.776850000000000263e-01 6.989139179231350363e-02 6.000000000000000000e+00
2.366500000000000270e+00 9.570643333333334057e-01 3.754223815177305107e-02 3.000000000000000000e+00
2.370499999999999829e+00 9.702696111111109856e-01 4.186634410681435575e-02 1.800000000000000000e+01
2.371500000000000163e+00 9.456942916666667420e-01 2.740665774685387829e-02 2.400000000000000000e+01
2.372500000000000053e+00 9.146065833333332229e-01 3.470951619501189134e-02 1.200000000000000000e+01
2.373499999999999943e+00 9.765941111111110517e-01 3.205110792002726500e-02 9.000000000000000000e+00
2.374500000000000277e+00 1.079304666666666801e+00 4.472066794869882650e-02 6.000000000000000000e+00
2.375499999999999723e+00 9.265628333333334465e-01 5.002481585467803693e-02 6.000000000000000000e+00
2.377500000000000391e+00 8.290273333333333383e-01 3.180714025882309948e-02 3.000000000000000000e+00
2.382500000000000284e+00 9.404212777777777310e-01 3.625243505157500074e-02 1.800000000000000000e+01
2.383499999999999730e+00 9.685167777777776710e-01 3.151292528570546342e-02 1.800000000000000000e+01
2.384500000000000064e+00 9.533003333333333051e-01 3.328942555106954165e-02 1.200000000000000000e+01
2.385500000000000398e+00 1.040084666666666768e+00 8.304594696662402631e-02 9.000000000000000000e+00
2.386499999999999844e+00 1.044958333333333433e+00 5.946064144550672337e-02 6.000000000000000000e+00
2.388500000000000068e+00 9.033976666666666544e-01 4.714870943915408508e-02 3.000000000000000000e+00
2.394499999999999851e+00 9.699960526315788423e-01 2.990616934587729536e-02 1.900000000000000000e+01
2.395500000000000185e+00 9.871617777777778047e-01 3.105900190913846864e-02 1.800000000000000000e+01
2.396500000000000075e+00 9.546417777777777003e-01 3.992984908866833299e-02 9.000000000000000000e+00
2.397499999999999964e+00 9.432128333333332781e-01 6.256116552218672633e-02 6.000000000000000000e+00
2.399499999999999744e+00 8.393986666666667373e-01 3.240726965941096577e-02 3.000000000000000000e+00
2.406500000000000306e+00 9.172984999999999056e-01 3.806782271605389789e-02 1.200000000000000000e+01
2.407499999999999751e+00 9.560695555555557279e-01 3.713286146338534710e-02 1.800000000000000000e+01
2.408500000000000085e+00 9.266833333333334144e-01 1.925093572158417810e-02 1.200000000000000000e+01
2.410499999999999865e+00 9.738099999999999534e-01 8.197358118320806353e-02 3.000000000000000000e+00
2.418499999999999872e+00 9.063288333333333613e-01 3.406733223846505204e-02 1.200000000000000000e+01
2.419500000000000206e+00 9.021551333333330813e-01 3.432786373749002057e-02 1.500000000000000000e+01
2.420500000000000096e+00 9.280116666666665681e-01 5.614175376708893661e-02 6.000000000000000000e+00
2.421499999999999986e+00 1.034555333333333271e+00 7.977159787445936567e-02 3.000000000000000000e+00
2.430500000000000327e+00 9.578907142857142620e-01 7.751508947685889495e-02 7.000000000000000000e+00
2.431499999999999773e+00 9.917147777777779449e-01 2.967677921923403059e-02 1.800000000000000000e+01
2.432500000000000107e+00 9.575559999999999627e-01 1.269412997307547974e-01 3.000000000000000000e+00
2.442499999999999893e+00 9.208336666666667725e-01 3.647177322776859465e-02 6.000000000000000000e+00
2.443500000000000227e+00 1.049154750000000247e+00 3.766900251012701012e-02 1.200000000000000000e+01
2.444499999999999673e+00 9.470359999999998779e-01 1.145611067916740278e-01 3.000000000000000000e+00
2.454500000000000348e+00 1.119227000000000194e+00 6.655718380210107199e-02 6.000000000000000000e+00
2.455499999999999794e+00 9.539077777777777989e-01 6.051382025867630549e-02 9.000000000000000000e+00
2.466499999999999915e+00 1.079268000000000116e+00 7.054554931288821440e-02 7.000000000000000000e+00
2.467500000000000249e+00 9.818150000000001043e-01 6.514374471121539556e-02 3.000000000000000000e+00
2.478500000000000369e+00 9.683293333333332642e-01 2.796194586298395707e-02 3.000000000000000000e+00
2.479499999999999815e+00 1.010514333333333292e+00 1.628012252987605379e-01 3.000000000000000000e+00
2.491500000000000270e+00 9.370396666666666041e-01 7.935478882910033949e-02 3.000000000000000000e+00
2.503499999999999837e+00 9.547430000000000083e-01 0.000000000000000000e+00 1.000000000000000000e+00
